3.175213688323273893e-03,-1.591440716613579803e-02,7.829459785005395966e-01,-1.723125769624608838e-02,2.542964323659719847e-02,7.275164263300641920e-01,6.854022661350026580e-01,3.791409159021600500e-02,4.261004329601338070e-02,9.328610886777675970e-02,3.596778583216976577e-02,-2.426159727832425117e-01,3.985608273579104716e-02,-4.215559457640301322e-02,-6.505227142113120808e-02,-5.160327858671941853e-02,8.344663469504079445e-02,-1.299345422874550182e-01,1.075089509834050716e-01,-9.297309195881911514e-03,2.099073392602391827e-02,-1.150490302159505422e-02,4.843735072566357491e-04,2.440752085645736813e-01,-3.365834801547031851e-01,1.144417964097025120e+00,1.433959217604158787e-01,-1.957894203462173521e-01,8.729467778739240236e-02,6.875815638756541115e-04,-3.198410484100842055e-01,4.175357594112714121e-01,1.056034104939942431e+00,-1.368177519713290879e-01,-1.582027091174417754e-01,-1.247594208470051008e-01
3.237562912701393882e-03,-1.600521413554194250e-02,7.829456528514905367e-01,-1.726194602944227871e-02,2.552592068881931811e-02,7.281104851993078775e-01,6.847668025942064141e-01,3.658620465924346948e-02,4.239329743493106678e-02,9.159331897861812399e-02,3.728569901548103860e-02,-2.432923941083329766e-01,4.013259200046352670e-02,-4.299874986233415131e-02,-6.550239951677254424e-02,-5.326618761182258521e-02,8.536483619394955036e-02,-1.310343061674002219e-01,1.070029552883629970e-01,-8.994871859360396849e-03,2.126249100890650195e-02,-1.238299911787967000e-02,-1.527636606751467396e-03,2.417912797076171294e-01,-3.369077010285488893e-01,1.150448053795418923e+00,1.451504394560216293e-01,-2.037389124541369168e-01,9.216312106335436405e-02,1.132741866573479250e-03,-3.192079300689013577e-01,4.197048505637530624e-01,1.060321011980988271e+00,-1.373189759247435415e-01,-1.655230615600607469e-01,-1.283883798834065948e-01
3.306775255017092158e-03,-1.616383100598943467e-02,7.829335976600680924e-01,-1.716629468414067328e-02,2.525856404356307747e-02,7.286777251848935988e-01,6.841754863254329022e-01,3.629940117012370876e-02,4.266654363872900840e-02,9.066222405241872173e-02,3.798120034998138383e-02,-2.440438874213720633e-01,3.986230290421600292e-02,-4.278052777497142606e-02,-6.541398327817475600e-02,-5.422896031265118238e-02,8.638730932908250670e-02,-1.314617568287366756e-01,1.069233380992903187e-01,-8.744164044758920978e-03,2.139628111877392783e-02,-1.289370754961101373e-02,-2.003866325788208891e-03,2.420421761848324527e-01,-3.369904069322691709e-01,1.149681867792657908e+00,1.468976289558821535e-01,-2.054665831771941564e-01,9.401758639577970089e-02,2.947724655357267243e-03,-3.196905951059980100e-01,4.198519668188077647e-01,1.057948933896293520e+00,-1.370066315344291019e-01,-1.678800780954274596e-01,-1.301277768962468273e-01
3.366615254010978369e-03,-1.637184191645959380e-02,7.829318915059065853e-01,-1.705911494191665947e-02,2.512693080814563593e-02,7.291664513678476345e-01,6.836621315717149594e-01,3.601854216191543306e-02,4.261534784119844210e-02,8.926207647302757120e-02,3.813506830564023647e-02,-2.442024136056318295e-01,3.940666855014313130e-02,-4.281693497404983478e-02,-6.559312442109750674e-02,-5.536856082858966632e-02,8.737020057771144321e-02,-1.320583035314081555e-01,1.070039157572280353e-01,-7.651724988018270002e-03,2.145442661319088909e-02,-1.218690605275566351e-02,-3.041555619496816298e-03,2.427129008521526354e-01,-3.381119708762127529e-01,1.147804860781036940e+00,1.474198086862635315e-01,-2.063461313127596952e-01,9.405329439217600951e-02,4.780067281354806463e-03,-3.206286974017423241e-01,4.204405439766004116e-01,1.054616171732750241e+00,-1.354099552979375343e-01,-1.694475732027578008e-01,-1.308992248626338339e-01
3.400188211560786419e-03,-1.663198658711041375e-02,7.829120084036236271e-01,-1.679936388335609085e-02,2.486613704538335676e-02,7.292699604754387943e-01,6.835676860046168146e-01,3.623416293046222147e-02,4.269028892396602159e-02,8.935898217922076670e-02,3.858407520956520786e-02,-2.447299670860670628e-01,3.947439710163466037e-02,-4.294324414985215693e-02,-6.568423894737208946e-02,-5.588972465073375334e-02,8.873926930392997403e-02,-1.326305518254310145e-01,1.075808336006083554e-01,-7.137926739438608600e-03,2.129389724743819406e-02,-1.112816916038146184e-02,-3.373573815983944846e-03,2.429626741270048684e-01,-3.382918533965483809e-01,1.145925135577953391e+00,1.473654895210657900e-01,-2.068113843635642768e-01,9.523810121127745942e-02,5.440320178237673110e-03,-3.216797104035845623e-01,4.221008704322123384e-01,1.051492736412581008e+00,-1.345363902137373391e-01,-1.708205358398872109e-01,-1.317412079485693610e-01
3.426800196851476771e-03,-1.693691800321360172e-02,7.829514101854829766e-01,-1.654528302210396540e-02,2.479501016851104120e-02,7.295805995274387001e-01,6.832449120730025305e-01,3.562821749337544142e-02,4.231610780722167009e-02,8.840562708661431346e-02,3.954035357582222354e-02,-2.444963990062303250e-01,3.997995882360594333e-02,-4.318078983404335935e-02,-6.620884827562414920e-02,-5.677228267604243761e-02,8.977452797402089846e-02,-1.327568839717993832e-01,1.072246480775053690e-01,-6.126862667081780719e-03,2.136908959216325329e-02,-9.843408501153387558e-03,-4.940613584041561590e-03,2.432787662616903157e-01,-3.398918439018007165e-01,1.144843825614262567e+00,1.484296158536334009e-01,-2.073451863595730249e-01,9.514259163438520961e-02,5.900264337328701980e-03,-3.227506886447784051e-01,4.238373750851689992e-01,1.049143031447945074e+00,-1.343519443996680773e-01,-1.715288836733194489e-01,-1.313211017784690349e-01
3.441547828772782269e-03,-1.727287621936272888e-02,7.829755542178751249e-01,-1.630547175270677038e-02,2.458856150921542513e-02,7.297928648382749905e-01,6.830314111847067826e-01,3.488142351062845786e-02,4.228328541370924426e-02,8.818471272926692306e-02,4.130783225463720287e-02,-2.449668306806567220e-01,4.067118134168489635e-02,-4.370623558530620234e-02,-6.650095485068614753e-02,-5.770411311929194570e-02,9.156220962093526705e-02,-1.328804751647757743e-01,1.075851592859867617e-01,-4.521996961987063274e-03,2.129250653542931124e-02,-8.731150268474954096e-03,-7.199649993408864523e-03,2.433983149249625555e-01,-3.421891763742423986e-01,1.145401818540464411e+00,1.498050462519237014e-01,-2.077769547925325255e-01,9.580374253358694969e-02,6.097986101613252219e-03,-3.245748238133402408e-01,4.285915209317745500e-01,1.047238277802520434e+00,-1.354215668299748876e-01,-1.721519892820005393e-01,-1.301588399439790322e-01
3.451931144157166335e-03,-1.763942378589179738e-02,7.830002762463801336e-01,-1.599140030960735648e-02,2.452948614095456017e-02,7.300114446764640608e-01,6.828073447665745643e-01,3.420470930811438104e-02,4.176996684856480735e-02,8.674745044329879029e-02,4.250326358863754095e-02,-2.449013430211428033e-01,4.011323020102334352e-02,-4.376215381034763430e-02,-6.725308109134184309e-02,-5.973437298325625505e-02,9.232803837708339345e-02,-1.334219105507589709e-01,1.075001977967249278e-01,-3.314494882556518179e-03,2.261765937690796494e-02,-6.868033240899771436e-03,-9.148933224213312565e-03,2.426498054426624862e-01,-3.441992157576526656e-01,1.145329030151421623e+00,1.503717948020332207e-01,-2.088372467170490077e-01,9.796477633753733483e-02,5.718910257693061994e-03,-3.269356143939660675e-01,4.323734296743777517e-01,1.045177343832154548e+00,-1.357449226870522940e-01,-1.735654715133385373e-01,-1.303758892290104165e-01
3.468560736908914838e-03,-1.802744340534970582e-02,7.830110213414842590e-01,-1.589509984986268651e-02,2.443697997514016063e-02,7.302071862122834212e-01,6.826035782314628930e-01,3.310934930334153564e-02,4.178128176536622523e-02,8.653431879009107486e-02,4.397805490334580347e-02,-2.452198257778356594e-01,4.000215310385345224e-02,-4.458989484417343746e-02,-6.738949943302580126e-02,-5.987423533727696118e-02,9.369593945325008222e-02,-1.336466892272497042e-01,1.077434250208906125e-01,-2.573263517810286949e-03,2.293689749925940935e-02,-4.760021838003374722e-03,-1.133691807873627583e-02,2.424681714323978499e-01,-3.460870455609273977e-01,1.145568453391366370e+00,1.525764573296450044e-01,-2.092325694539372005e-01,1.000802091764949886e-01,4.675102597514968483e-03,-3.285423381465045756e-01,4.361210411605221937e-01,1.044001531123369020e+00,-1.361318968032717291e-01,-1.741189892137086914e-01,-1.299366144519696620e-01
3.505137910495064943e-03,-1.843153719698389231e-02,7.830254076853938594e-01,-1.584617215683732649e-02,2.423535338069997616e-02,7.306473059579468021e-01,6.821407924841340620e-01,3.192142380863698808e-02,4.199592115613301480e-02,8.567162011390883070e-02,4.546483065369444354e-02,-2.456361249266116042e-01,3.993455590124623394e-02,-4.507715069494436233e-02,-6.737722849049052054e-02,-6.073875536896103378e-02,9.481359891153007258e-02,-1.335228563208854247e-01,1.078513059297271648e-01,-1.794756623087156305e-03,2.354106396640871096e-02,-2.436173558851079807e-03,-1.389707838527775435e-02,2.422890561236802354e-01,-3.489037901003394504e-01,1.145003890046786932e+00,1.530260568318342340e-01,-2.089843270963099298e-01,1.038806844455811007e-01,4.103223136985599540e-03,-3.302053027148024733e-01,4.395309262686923346e-01,1.042119404612628975e+00,-1.341685326132306677e-01,-1.749216799119810151e-01,-1.315623484132503185e-01
3.557877597988193339e-03,-1.884028920099799914e-02,7.830231486794875240e-01,-1.590736144977621461e-02,2.421995221427001438e-02,7.306122219437849452e-01,6.821774922355686721e-01,3.102707638149655375e-02,4.209512006722474636e-02,8.466476466652679556e-02,4.585379724394197942e-02,-2.456758380084198279e-01,4.010238778876903248e-02,-4.571260879852156317e-02,-6.720173549397980006e-02,-6.099092394294562680e-02,9.472103403092405061e-02,-1.332461332227062867e-01,1.079696894511502220e-01,-9.022489739552615184e-04,2.386239398691777924e-02,-1.370493649012032022e-04,-1.597898496981013661e-02,2.423943545630881102e-01,-3.517562929091596069e-01,1.144697832794594472e+00,1.532296999828991202e-01,-2.087400812554215668e-01,1.060634296524702036e-01,2.656767828709244439e-03,-3.313821709319271225e-01,4.421740914724077709e-01,1.041325001147147544e+00,-1.320349786441402662e-01,-1.750638316435014219e-01,-1.319764942985122425e-01
3.647876369703988760e-03,-1.924860964745141526e-02,7.830232744199523420e-01,-1.578406461623781121e-02,2.412829784016882681e-02,7.305594352087958487e-01,6.822401338054884246e-01,3.061614126829439661e-02,4.219245634459629912e-02,8.459236047107680789e-02,4.613348322511993255e-02,-2.454521657299757187e-01,3.978478943915072369e-02,-4.634558824190261606e-02,-6.715350659355570628e-02,-6.109446144466136597e-02,9.542152464767367226e-02,-1.332473719609725826e-01,1.079007707504785196e-01,-8.270667200411365230e-04,2.472772183124148648e-02,1.617373778219806379e-03,-1.722311385458458188e-02,2.426758299276862429e-01,-3.550890964241120717e-01,1.144199707419803813e+00,1.533701023211660464e-01,-2.092035466869320293e-01,1.071541983629235306e-01,1.545744995345682549e-03,-3.328584155952316048e-01,4.448129280199514257e-01,1.039263518728180236e+00,-1.310379520672611542e-01,-1.758758948164033109e-01,-1.339460534610478759e-01
3.789092616392757996e-03,-1.963511397997280347e-02,7.830365052388837954e-01,-1.577429895261898279e-02,2.409276738798514506e-02,7.308479362664496159e-01,6.819325509954867748e-01,2.926333753433785906e-02,4.237089243957825602e-02,8.401734389027738781e-02,4.747122692555681006e-02,-2.456856695744935037e-01,4.036869946180430407e-02,-4.702335638775373416e-02,-6.704117977751089530e-02,-6.104705320146039393e-02,9.596158726047890331e-02,-1.328798934304837587e-01,1.074233143483776798e-01,-4.327806785288674379e-04,2.553657589821994867e-02,3.778108258433048039e-03,-1.884887905778104278e-02,2.432119045502908472e-01,-3.585030242143960044e-01,1.142914420383186247e+00,1.529632414096959714e-01,-2.095816154282906241e-01,1.090177549304149063e-01,8.716783396665664374e-04,-3.338020280352982927e-01,4.467783600877870409e-01,1.037560567045864302e+00,-1.287000959820484847e-01,-1.771408454839302482e-01,-1.360080399401250029e-01
3.952021240404116759e-03,-1.999180538909633639e-02,7.830757748946111096e-01,-1.560966076819240642e-02,2.428914709301259814e-02,7.308335161220443910e-01,6.819448273408079686e-01,2.882701680293385527e-02,4.194547230140670963e-02,8.362335841603660280e-02,4.703201330256531754e-02,-2.443597644327225038e-01,3.961337582466636226e-02,-4.801072498074923645e-02,-6.749047189217337317e-02,-6.129739090539862434e-02,9.674787255235473005e-02,-1.329023336316993709e-01,1.067893720562192034e-01,-4.260660837479808907e-04,2.680579391692857610e-02,5.180997961929386525e-03,-1.965293959236999455e-02,2.433448066569436075e-01,-3.611255975015674746e-01,1.142437718674637059e+00,1.528778696172510831e-01,-2.103854876722293377e-01,1.095546458793244388e-01,1.879227202283770271e-04,-3.354299603051301704e-01,4.497206639748390078e-01,1.034782931730456434e+00,-1.280288596706877502e-01,-1.782538054967072183e-01,-1.370467183253401555e-01
4.127822348818840741e-03,-2.030585959272001792e-02,7.830990228648923024e-01,-1.545138077781067765e-02,2.443920668247742678e-02,7.309979059629974074e-01,6.817668527337638062e-01,2.781193253818932398e-02,4.158577255500680442e-02,8.245330418704921449e-02,4.782749113795005391e-02,-2.437799185869999052e-01,3.911329616805057918e-02,-4.895951811655090136e-02,-6.792680269334613885e-02,-6.180049932426814885e-02,9.794926419492502867e-02,-1.332324758412367638e-01,1.061317956363362902e-01,-2.969201527269283228e-04,2.823567983667090581e-02,6.527550287294781733e-03,-2.030430014488874418e-02,2.433643189310483179e-01,-3.629990812999880356e-01,1.141493168212257325e+00,1.527586284435565878e-01,-2.109290689026259158e-01,1.103953141969042928e-01,-4.165629097618375742e-04,-3.363486678003878017e-01,4.507391473805285598e-01,1.033534657650026611e+00,-1.256579197697547390e-01,-1.790610523399705223e-01,-1.372762793639314971e-01
4.290785487635563958e-03,-2.058503303826630937e-02,7.830280188651616013e-01,-1.551765227783208009e-02,2.482179432528852994e-02,7.310771240280586891e-01,6.816665751796244788e-01,2.709700794598067508e-02,4.110591035710529917e-02,8.165251076193050239e-02,4.690789482890482531e-02,-2.435332738776652406e-01,3.856274088794703347e-02,-4.996140275590790769e-02,-6.840247947614479240e-02,-6.278539723976628295e-02,9.803913460186025608e-02,-1.344955549668481465e-01,1.065948117733293565e-01,2.887602338933056498e-04,2.916511792911847048e-02,8.072248140627343721e-03,-2.091145820625570084e-02,2.442596223947565981e-01,-3.660598671589839759e-01,1.139203337032524743e+00,1.547786380573433762e-01,-2.117451533135958075e-01,1.103914568489029330e-01,-9.311666914995214706e-04,-3.369337037772098253e-01,4.509454586778101626e-01,1.032271023078352279e+00,-1.256045778278449543e-01,-1.796175034867679432e-01,-1.370564037565865367e-01
4.419306429838340718e-03,-2.084122756729550607e-02,7.829807729294888663e-01,-1.541660937255119948e-02,2.506647823883230777e-02,7.309897406521244090e-01,6.817536203684548823e-01,2.631111492403827995e-02,4.054461238686196678e-02,7.999449665054111924e-02,4.737243949819130995e-02,-2.437941039182863756e-01,3.899758320430889852e-02,-5.054072700005816932e-02,-6.869618031712668160e-02,-6.217554059793922727e-02,9.803185226149870035e-02,-1.357050382774365738e-01,1.062389336643713433e-01,8.342452678550054887e-04,3.005649296195095008e-02,1.005785607168232024e-02,-2.179331840830103090e-02,2.447162487460134983e-01,-3.686598028683049644e-01,1.137865295476803373e+00,1.565824695489388962e-01,-2.119669620779204844e-01,1.116586567944759800e-01,-2.326851918776247363e-03,-3.375960375574908467e-01,4.517377157472195481e-01,1.031735366095935413e+00,-1.253010695223770177e-01,-1.802487265719724119e-01,-1.372516345463590248e-01
4.505403502005872474e-03,-2.110007932768784289e-02,7.829372701532510970e-01,-1.520384394706694037e-02,2.524502197771344089e-02,7.309951620238736014e-01,6.817459974889973351e-01,2.547296849162029517e-02,3.991186933086288829e-02,7.875176618272131113e-02,4.843843685794485543e-02,-2.441673261740368583e-01,3.930589971120108245e-02,-5.125467940842050318e-02,-6.929330004299465162e-02,-6.225107554298340423e-02,9.896959482286747656e-02,-1.370778207702844365e-01,1.059807168453985732e-01,9.241584248746940317e-04,3.108733203256172292e-02,1.279826513368610696e-02,-2.269352259353681067e-02,2.446675651070323310e-01,-3.700410108722999025e-01,1.135950767578410625e+00,1.564127807824087502e-01,-2.109174498748573878e-01,1.129164279500139284e-01,-3.481889630515301592e-03,-3.387148400822687644e-01,4.525849169794929350e-01,1.029510183160770920e+00,-1.238815482841912341e-01,-1.801997957315211174e-01,-1.364652707094163031e-01
4.551686051394937885e-03,-2.136670622052972562e-02,7.828816566262560839e-01,-1.515792144277689803e-02,2.536915405595327119e-02,7.311243134808158572e-01,6.816039038013388396e-01,2.427196264799325737e-02,3.952273465843991057e-02,7.727974172417421961e-02,4.970270453686227025e-02,-2.449616497209026744e-01,4.041069796010936244e-02,-5.174761090701987531e-02,-6.954288743829237229e-02,-6.180262128792197995e-02,9.910916910084341391e-02,-1.378686258126859410e-01,1.063103012899635214e-01,1.051290217939665310e-03,3.184532103812265369e-02,1.548001181440877144e-02,-2.431186595953127583e-02,2.446448223216596551e-01,-3.725420098608792641e-01,1.135053637852611041e+00,1.575889730108959996e-01,-2.106786418602190902e-01,1.143946407984614277e-01,-4.540932668923303162e-03,-3.396455010997507795e-01,4.529093097057650397e-01,1.028084962748321729e+00,-1.232487080461051182e-01,-1.807768351624772785e-01,-1.365761396508206604e-01
4.570856965275650954e-03,-2.166880382265526372e-02,7.828680743619678140e-01,-1.493036319481291091e-02,2.543037357794252287e-02,7.313612741445393306e-01,6.813523809573371892e-01,2.310021260437238044e-02,3.899027503218423230e-02,7.645402853870943150e-02,5.150590876096858978e-02,-2.454721778765640572e-01,4.061721605511371680e-02,-5.216401592926883657e-02,-7.024569694576907053e-02,-6.253167326004412108e-02,9.989023943356938051e-02,-1.383786928174212116e-01,1.062385993539120416e-01,1.076817579618259517e-03,3.355095231478504719e-02,1.768535258788083223e-02,-2.572399401095521593e-02,2.439627034274340633e-01,-3.752644252706808792e-01,1.134327404181244781e+00,1.576778707609727270e-01,-2.112531560380310480e-01,1.148584317642840358e-01,-5.243601674424364090e-03,-3.408029141279300678e-01,4.526964316894225848e-01,1.026622324248255724e+00,-1.217433173631476406e-01,-1.818094097887449356e-01,-1.374183791033242452e-01
4.580064744623866049e-03,-2.201334363628226765e-02,7.827838913968878654e-01,-1.504449482150455562e-02,2.550833229015492948e-02,7.313957035047693456e-01,6.813099977646769334e-01,2.176414481348841468e-02,3.897100664185601526e-02,7.597396075677297078e-02,5.266925670843772278e-02,-2.468551681471981007e-01,4.153473976565456860e-02,-5.285139417483386559e-02,-7.019122145784999212e-02,-6.221328696940129493e-02,9.968127499786011425e-02,-1.389327820892466148e-01,1.069539978714724726e-01,1.043844865537589886e-03,3.453168033546678145e-02,2.001491681792479799e-02,-2.757424607129196903e-02,2.435891718500352854e-01,-3.780483282763654196e-01,1.133763408854345789e+00,1.584013328172251267e-01,-2.108976084024513087e-01,1.160157253417313378e-01,-6.632400350386855048e-03,-3.425022346663640915e-01,4.549087038491835266e-01,1.024473659316564644e+00,-1.203182388974659706e-01,-1.822760369877459985e-01,-1.390905440881992916e-01
4.595038475458468677e-03,-2.239527766546745707e-02,7.827470223943118199e-01,-1.498436086677751126e-02,2.541209673256013962e-02,7.313649261381454103e-01,6.813479574226477542e-01,2.119671684292920300e-02,3.896760134086334204e-02,7.504881580320296730e-02,5.320484902745507144e-02,-2.475183714678442504e-01,4.156976020971203667e-02,-5.318087076991094564e-02,-7.014122276065443140e-02,-6.232928465686157771e-02,9.971759962816954814e-02,-1.390667484268892362e-01,1.072817774025989074e-01,8.704425996798950682e-04,3.612965810655076326e-02,2.188096988899767420e-02,-2.898667030733008410e-02,2.428085843346328987e-01,-3.802700791676550396e-01,1.134052167491765850e+00,1.605100287819727078e-01,-2.108093637867867742e-01,1.163163216009482498e-01,-8.230781373519270583e-03,-3.441011898343978581e-01,4.566949087608795366e-01,1.023269488733218768e+00,-1.198746802319073240e-01,-1.829278957728938948e-01,-1.410448740392394318e-01
4.630904594892230886e-03,-2.281739011722802579e-02,7.827215284608527446e-01,-1.495535804322479199e-02,2.525162802056853464e-02,7.313684714006888354e-01,6.813507551835030762e-01,2.046934806935463841e-02,3.922970775903659307e-02,7.495009445705988482e-02,5.406435931649248433e-02,-2.483060403867005106e-01,4.170118768443025620e-02,-5.375527546997994205e-02,-6.990130696057528237e-02,-6.220055707926980954e-02,1.002019540836294464e-01,-1.389845236394249561e-01,1.075227962550293903e-01,-4.199364788080254401e-05,3.773688348245959195e-02,2.338214390684077021e-02,-2.986372160633637973e-02,2.427149909565210206e-01,-3.835778305001875665e-01,1.133573509261289525e+00,1.637683703181126993e-01,-2.111500447819185666e-01,1.158214545431475173e-01,-1.011012383432861178e-02,-3.455262110931384134e-01,4.581245043290897434e-01,1.022030957475707824e+00,-1.206469609061272263e-01,-1.836973089372374024e-01,-1.423090337684056184e-01
4.681021703395016331e-03,-2.326742108214166493e-02,7.827477909304136894e-01,-1.501318209232624032e-02,2.535420784110569911e-02,7.312048483313502434e-01,6.815212676688380267e-01,1.976161944658371555e-02,3.914604004702642442e-02,7.457814029656430199e-02,5.371085776480873097e-02,-2.478405785858673882e-01,4.192204903467648680e-02,-5.507549699749918204e-02,-6.987574594508741410e-02,-6.198087361611479690e-02,1.007805608975071432e-01,-1.385942423933039791e-01,1.066797315109175859e-01,-6.290108029898544562e-04,3.911085664482910618e-02,2.427692627130051059e-02,-3.076933425038513858e-02,2.426236381888496330e-01,-3.867172687244684326e-01,1.133940805348424119e+00,1.655139114163524938e-01,-2.109308457106608969e-01,1.153150777554704520e-01,-1.145001643606460839e-02,-3.469018755080238714e-01,4.594324377072370180e-01,1.019904902799559476e+00,-1.196942456579114106e-01,-1.844747175586465004e-01,-1.435939900631671151e-01
4.733637633482281996e-03,-2.375009968522482848e-02,7.827414527678535627e-01,-1.501862148525660162e-02,2.521328816307483872e-02,7.311935108765533764e-01,6.815385394537190056e-01,1.913500099494123280e-02,3.940858200405635003e-02,7.434513407894077774e-02,5.398409222234663851e-02,-2.482324530036790766e-01,4.231927316332802919e-02,-5.599078707022794865e-02,-6.955397941317703614e-02,-6.146471414579256221e-02,1.014904140560071721e-01,-1.380885349063724898e-01,1.065442329592250770e-01,-1.702346825073311302e-03,4.022433686774332801e-02,2.526158752761821155e-02,-3.149637913326289868e-02,2.427133563917508174e-01,-3.898656884668878497e-01,1.133597155081004226e+00,1.671292338514761000e-01,-2.108409481304265864e-01,1.160895469593617307e-01,-1.284654253903783072e-02,-3.473022475779018459e-01,4.588860103536053781e-01,1.018757742994177207e+00,-1.175399711173870654e-01,-1.851955007284843691e-01,-1.461514178152160948e-01
4.775623935583103719e-03,-2.425425100084999466e-02,7.827327713283555033e-01,-1.542606873776880896e-02,2.548207716144890167e-02,7.315583016055878796e-01,6.811278525348848367e-01,1.822059510839660335e-02,3.935520850995299913e-02,7.337203745621929951e-02,5.154173240150046464e-02,-2.470229552147643060e-01,4.153092082613359104e-02,-5.716999516781869073e-02,-6.955552661726670249e-02,-6.235228560139183251e-02,1.005611228385148020e-01,-1.372281540800597832e-01,1.068241579712060768e-01,-2.700525038579307344e-03,4.144191655821131970e-02,2.619563642520058439e-02,-3.241756709235162764e-02,2.430754467649651751e-01,-3.937974474481478748e-01,1.131947630143091299e+00,1.679162679036647066e-01,-2.113863360512618916e-01,1.163302951377220007e-01,-1.329978158967082963e-02,-3.487004559484429000e-01,4.597270009867981955e-01,1.015590627090930731e+00,-1.154313458951931187e-01,-1.860173679123662827e-01,-1.469805086123902038e-01
4.767652741830335703e-03,-2.478895442360940296e-02,7.827224734389248706e-01,-1.545023120019003125e-02,2.546319963171216408e-02,7.316399060037728219e-01,6.810403539902517567e-01,1.741956410333602573e-02,3.926181550499188710e-02,7.249116385839503296e-02,5.141427604111238614e-02,-2.469052765612680389e-01,4.116919428034174905e-02,-5.815697297556246537e-02,-6.964265486982335052e-02,-6.293993744581476146e-02,1.011313065812361051e-01,-1.372675139848071324e-01,1.061286538685869141e-01,-4.069294756945463984e-03,4.252996996684209330e-02,2.704817614484846672e-02,-3.285553362186228316e-02,2.435214412218368041e-01,-3.980166859413413194e-01,1.130727442058489629e+00,1.689960061765974353e-01,-2.111189579560860119e-01,1.174668411000724666e-01,-1.426509392094617995e-02,-3.501721906559078779e-01,4.602010649039429691e-01,1.012709492382938503e+00,-1.137193202386563157e-01,-1.862623429092396810e-01,-1.481623291270361409e-01
4.710620889651619299e-03,-2.534181161327916931e-02,7.827116855974888265e-01,-1.574649577699923503e-02,2.557508964544496360e-02,7.318211526095761421e-01,6.808346078553618730e-01,1.648033879156661843e-02,3.923495634761280798e-02,7.164664707832869850e-02,4.999552353939448746e-02,-2.461740737826525194e-01,4.075472511552175742e-02,-5.927095210375584594e-02,-6.954740912950738152e-02,-6.315342159681248957e-02,1.006017173284506627e-01,-1.366506837243618988e-01,1.056280887569949201e-01,-5.652208851351861983e-03,4.368904437436852556e-02,2.819103081333227540e-02,-3.301090408036804619e-02,2.432089897825424341e-01,-3.997325280857455532e-01,1.128922429764999125e+00,1.676764794700746630e-01,-2.112389030955833247e-01,1.189603302954952563e-01,-1.469835362197960404e-02,-3.517318083966899933e-01,4.596154938462613249e-01,1.008866451378386264e+00,-1.109159007202333014e-01,-1.867715336902834589e-01,-1.500238320875297293e-01
4.609538072838315938e-03,-2.592065433865997984e-02,7.826830901689028064e-01,-1.576182910301974355e-02,2.520220120797113383e-02,7.320119438062555606e-01,6.806430253242797823e-01,1.638839486482509752e-02,3.964981630428485865e-02,7.185043533911596170e-02,4.939912417487367369e-02,-2.466113349605909277e-01,4.093479117613652019e-02,-6.002206346083525934e-02,-6.905960767694366287e-02,-6.210484510250827150e-02,1.015720767162548166e-01,-1.361632192796909946e-01,1.050717352961245271e-01,-7.249840490936419572e-03,4.470190407810576555e-02,2.960860732894407543e-02,-3.365483103029762169e-02,2.427903078534266457e-01,-4.014351107044819011e-01,1.128065839515725699e+00,1.672664458335573479e-01,-2.111540389220215863e-01,1.224919357732781183e-01,-1.493404243813981763e-02,-3.526356062113198409e-01,4.575629121539109279e-01,1.005435525923461082e+00,-1.060486167296265797e-01,-1.879378972048650898e-01,-1.550058095861276686e-01
4.488953574326587544e-03,-2.651060575657410850e-02,7.826010977964762416e-01,-1.613606058187723111e-02,2.500965421685261494e-02,7.324344574977864619e-01,6.801866730646634052e-01,1.586067921582794138e-02,4.023382360500998844e-02,7.245939589608238474e-02,4.766419621811344987e-02,-2.469059708104839879e-01,4.066757259365991195e-02,-6.131833845758988266e-02,-6.856108541075092710e-02,-6.219286215841011989e-02,1.022126581941904533e-01,-1.357751596688604179e-01,1.057751760540002750e-01,-8.557506038692692593e-03,4.494479311079232348e-02,3.151676392966819285e-02,-3.510264085105096327e-02,2.425701677253939148e-01,-4.032815091392678575e-01,1.126708660615989066e+00,1.660261224704621397e-01,-2.119289570911669363e-01,1.242597496127820084e-01,-1.491915193136761353e-02,-3.533639216034729635e-01,4.559156645982347933e-01,1.001952569248049096e+00,-1.009955177990774500e-01,-1.892971790057713100e-01,-1.580918388352974269e-01
4.355415236183018957e-03,-2.711171626768158274e-02,7.825653438060045097e-01,-1.631989686127683498e-02,2.483179254175045883e-02,7.323505565755838997e-01,6.802791378022950974e-01,1.556750001688605306e-02,4.061233381300707879e-02,7.318807910937383254e-02,4.654870583030874115e-02,-2.470544564263459086e-01,4.053785689007164544e-02,-6.201516330473948180e-02,-6.810149145232645418e-02,-6.171254739800444145e-02,1.016361609161781643e-01,-1.348661203841948208e-01,1.061289631663849958e-01,-9.555274900094123253e-03,4.521399524780378432e-02,3.307554890550586796e-02,-3.588918485393970126e-02,2.420896998329196970e-01,-4.037138716042821818e-01,1.125862207919857028e+00,1.648129126267696698e-01,-2.120978105915935219e-01,1.260091919174939068e-01,-1.591291621336846096e-02,-3.539418809072526484e-01,4.544822046100946977e-01,9.994917884091962801e-01,-9.707340664344187020e-02,-1.901936833121506132e-01,-1.614364592514725416e-01
4.244994796736980408e-03,-2.771857164681633401e-02,7.825210128738406823e-01,-1.653877583016916120e-02,2.466785995964398265e-02,7.324365941187511719e-01,6.801871809838635485e-01,1.503800404609715799e-02,4.100998886561449397e-02,7.365160167225533183e-02,4.552574908286825817e-02,-2.471364434963267409e-01,3.998623900304692363e-02,-6.296930896235702901e-02,-6.769429133151372291e-02,-6.149661411611434536e-02,1.015873318310708262e-01,-1.341581849472351651e-01,1.063643981739410133e-01,-1.028661280411959263e-02,4.550667369786667860e-02,3.529864926183863549e-02,-3.716417792498873107e-02,2.416579273987479182e-01,-4.040196319379427692e-01,1.124300912709389033e+00,1.626483316068778329e-01,-2.128813084270882172e-01,1.277496584892572618e-01,-1.678491548363984787e-02,-3.538971417778621342e-01,4.516291480207322295e-01,9.975622681912938994e-01,-9.177767231364213074e-02,-1.916730362260040399e-01,-1.660690354005458225e-01
4.162876695608822529e-03,-2.831929066113973714e-02,7.825065201383900604e-01,-1.661955050735709760e-02,2.464347707802095819e-02,7.322786383744915861e-01,6.803561459697704539e-01,1.455273753771180352e-02,4.100246685405359998e-02,7.357786033265784065e-02,4.465203996235853068e-02,-2.465609905395975132e-01,3.910658164696760586e-02,-6.371186745286142039e-02,-6.755317962573839652e-02,-6.106328575732693914e-02,1.009230506582219355e-01,-1.335016053908104905e-01,1.062196571802326156e-01,-1.029274546038162590e-02,4.540432712402258514e-02,3.722868088073670589e-02,-3.799396980252392475e-02,2.415543005664932130e-01,-4.040771343984245201e-01,1.122125612703021913e+00,1.608165893042201589e-01,-2.135773179475864425e-01,1.289250514861511598e-01,-1.799630402468715279e-02,-3.536766922078400932e-01,4.493947504930637660e-01,9.963981121712501832e-01,-8.705719428957753303e-02,-1.923952551872786243e-01,-1.691995041971109948e-01
4.106219954784559936e-03,-2.891061661252947515e-02,7.825151773037325453e-01,-1.661484574997100158e-02,2.456833995301963003e-02,7.320890870183268673e-01,6.805629377517783407e-01,1.439447817986005615e-02,4.104912993248579361e-02,7.426908694590995952e-02,4.358247804492496047e-02,-2.455485868932178739e-01,3.860631947669745240e-02,-6.432794006828132516e-02,-6.747012288439496741e-02,-6.092490524938873331e-02,1.003656112483716223e-01,-1.324570020402523196e-01,1.065043416248234592e-01,-1.054173760556460782e-02,4.485436459181530583e-02,3.875458425465937162e-02,-3.846629971465385239e-02,2.419964113855853360e-01,-4.039556305764058219e-01,1.119983060089500881e+00,1.591281440817671478e-01,-2.137167499549663396e-01,1.295508009532667371e-01,-1.893470463202504700e-02,-3.533832681491423933e-01,4.473264749016475084e-01,9.947641457317346614e-01,-8.218743551302232220e-02,-1.930414880256590693e-01,-1.720858015242246464e-01
4.054533673593092684e-03,-2.947664310512749034e-02,7.825312110459803350e-01,-1.655223576443484723e-02,2.454724563753169983e-02,7.319146074897600052e-01,6.807528652645687961e-01,1.365774196729352061e-02,4.090839842546941524e-02,7.414709234652269720e-02,4.376446341574231902e-02,-2.449337021249834434e-01,3.766521048985487646e-02,-6.518660631940535743e-02,-6.760493845367818166e-02,-6.092067435601945802e-02,1.004362639448224681e-01,-1.317021805318202288e-01,1.062587246871674468e-01,-1.060565538680654368e-02,4.461053865012048342e-02,4.057935636320625372e-02,-3.960522154239864978e-02,2.421356157218145511e-01,-4.045666164780228335e-01,1.119106899976481717e+00,1.584536448406470566e-01,-2.139429148557894789e-01,1.293797163288610275e-01,-2.050901433271264118e-02,-3.531185907558386239e-01,4.457958702459333122e-01,9.942475102593468783e-01,-7.871343288046568631e-02,-1.934262247744677476e-01,-1.750428312347148407e-01
3.982051610186334960e-03,-3.000239302379836479e-02,7.825621009980892051e-01,-1.635053393844814948e-02,2.437640485976754617e-02,7.317080532660430459e-01,6.809858851045726968e-01,1.299145317104729788e-02,4.082113637451781352e-02,7.402883722820456647e-02,4.489542390534068811e-02,-2.446883512918711923e-01,3.748077383763907811e-02,-6.574602590901684751e-02,-6.776853584366654415e-02,-6.117115330686735686e-02,1.009261746175918462e-01,-1.309494167134003795e-01,1.058975220480665030e-01,-1.064897206897675967e-02,4.450189323285345250e-02,4.215676122207908522e-02,-3.990678367938325921e-02,2.421310203252970972e-01,-4.048084658920245715e-01,1.117200530483636545e+00,1.570634557714134238e-01,-2.140682889653042487e-01,1.304721145296917906e-01,-2.151751114544454835e-02,-3.529800192783916768e-01,4.441363091442337430e-01,9.931320254583393403e-01,-7.566153701652865438e-02,-1.940671121984222647e-01,-1.778565940335509188e-01
3.863832261653165484e-03,-3.047547348643583551e-02,7.825164459504601044e-01,-1.661288046490055556e-02,2.428418949068591320e-02,7.313616372305623559e-01,6.813548605028592053e-01,1.198391370565113530e-02,4.135881289021010876e-02,7.508468973725879181e-02,4.542233145937439598e-02,-2.455378066728697850e-01,3.790761374707247305e-02,-6.714902003259379248e-02,-6.717574153794053649e-02,-6.022908667754688083e-02,1.012895394610972277e-01,-1.302860473072882663e-01,1.064836142398787600e-01,-1.072277444449811976e-02,4.342691799894803778e-02,4.398351827472420789e-02,-4.053475510328016090e-02,2.421699909381035964e-01,-4.045657849685143637e-01,1.115616154296197093e+00,1.556501459714857150e-01,-2.131411497677974110e-01,1.310857573421155831e-01,-2.251799411319936606e-02,-3.534053146141332702e-01,4.447651917493698481e-01,9.905114468278868323e-01,-7.196027345388825158e-02,-1.940176136573535659e-01,-1.779522587959234681e-01
3.686663905291917998e-03,-3.088748926752116555e-02,7.824578981262613198e-01,-1.692617514876467930e-02,2.428294265720537873e-02,7.309087919081278528e-01,6.818329569639044463e-01,1.104019382662616705e-02,4.174368245724115190e-02,7.628386707985679305e-02,4.570151744809096417e-02,-2.465462625351336201e-01,3.904178402935334913e-02,-6.898848989637106077e-02,-6.671470907576967924e-02,-5.922918424102618928e-02,1.021473837977147220e-01,-1.299779331947557015e-01,1.069367357807158719e-01,-1.087198349948307122e-02,4.236065716239983958e-02,4.575259214984889189e-02,-4.080927598487090607e-02,2.424359169010739390e-01,-4.052082342204501031e-01,1.113734876227411519e+00,1.540239890286527191e-01,-2.127277523118640268e-01,1.310554109315331117e-01,-2.373954259514793330e-02,-3.539447160426557604e-01,4.453884453624976647e-01,9.882393597539719243e-01,-6.919686236769144461e-02,-1.942358063984429006e-01,-1.780515244629471139e-01
3.451988714555111280e-03,-3.123537462815231813e-02,7.824323073375654136e-01,-1.738866983950755618e-02,2.447458507215386284e-02,7.305299569130925263e-01,6.822203536243361954e-01,1.018132705961360615e-02,4.182867673408448977e-02,7.658503450708427363e-02,4.467103331416867606e-02,-2.464240048126537241e-01,3.909154596703275780e-02,-7.074197397563776468e-02,-6.648667162436532052e-02,-5.895429075455782542e-02,1.021765616673204896e-01,-1.295090354346124517e-01,1.070491636685539233e-01,-1.111199848777667636e-02,4.174260836822052401e-02,4.720620929901200857e-02,-4.049544419906478399e-02,2.422484975758168457e-01,-4.056224138292503500e-01,1.111525635980160409e+00,1.521385309213788561e-01,-2.129459343832535712e-01,1.308888239426644340e-01,-2.448699932381331185e-02,-3.544540992696088577e-01,4.452739876779052142e-01,9.860783789374146791e-01,-6.662542444270622144e-02,-1.947268465544103877e-01,-1.787513775747478773e-01
3.158818435377698172e-03,-3.156292371546825376e-02,7.823933965184884931e-01,-1.772355369159200195e-02,2.454717424532953940e-02,7.300985567268243326e-01,6.826707913383428528e-01,9.706824820773816281e-03,4.186840580989178301e-02,7.700312441612650050e-02,4.378631030230562687e-02,-2.465498837711682656e-01,3.918408036315472465e-02,-7.209257857065870523e-02,-6.633255048851621760e-02,-5.864123737556831140e-02,1.021744206122449788e-01,-1.291604408945160043e-01,1.075690740007975571e-01,-1.191783082486181158e-02,4.118220141433313192e-02,4.877885714355205404e-02,-4.052947796639552042e-02,2.420017195762880213e-01,-4.066964045481297196e-01,1.110321516458375291e+00,1.514811986348312267e-01,-2.131092477335440882e-01,1.307845768400291153e-01,-2.536772711153861132e-02,-3.560060135963112882e-01,4.461729160484418921e-01,9.823147133120287977e-01,-6.613568165964740786e-02,-1.954434122819696529e-01,-1.798763483640184180e-01
2.819816321086010807e-03,-3.187983872918506711e-02,7.823687643418698601e-01,-1.834036119454460212e-02,2.460041446066699861e-02,7.297515519194482936e-01,6.830235158695300290e-01,9.163177104331635126e-03,4.227171954937325449e-02,7.771684437224357644e-02,4.212117803765214052e-02,-2.466007380095050494e-01,3.984772984438535864e-02,-7.367503411455693374e-02,-6.566761764544101765e-02,-5.747872890311415961e-02,1.017185351718165043e-01,-1.278241087953061739e-01,1.080661671512345712e-01,-1.298762996865003225e-02,4.004545776135912810e-02,5.003423483927453563e-02,-4.050704119488186816e-02,2.419439749731794320e-01,-4.074256696631428643e-01,1.109168263854072967e+00,1.499522477265005371e-01,-2.129526028882829380e-01,1.317955064233927165e-01,-2.592440419897494575e-02,-3.569521680618999993e-01,4.465899592610099722e-01,9.789172996254561498e-01,-6.269370705496812857e-02,-1.958765034426449003e-01,-1.817152691480150017e-01
2.447767940839599803e-03,-3.222949045316578914e-02,7.823327750217744514e-01,-1.899243806651892269e-02,2.457506328985666760e-02,7.295555632688246472e-01,6.832159495094483059e-01,8.141911612255404301e-03,4.280240362969024021e-02,7.824313056913434483e-02,4.132482956182238765e-02,-2.473964450481468402e-01,4.069313313507824659e-02,-7.522150781987102519e-02,-6.497090775873044788e-02,-5.671338451111233858e-02,1.014521626473886828e-01,-1.266053402659401694e-01,1.084576079295888340e-01,-1.392240922323771668e-02,3.901706531064273037e-02,5.235535284003812323e-02,-4.104712502547792213e-02,2.419446112333963061e-01,-4.086606433776192038e-01,1.107394417513848595e+00,1.478557614990747282e-01,-2.125328338717046850e-01,1.335996687042015907e-01,-2.668071096930368230e-02,-3.579288408808805610e-01,4.467808687889587294e-01,9.753966720251546763e-01,-5.930854834349514465e-02,-1.961535094361928910e-01,-1.840258886036879871e-01
2.044225772156650460e-03,-3.263725277274518582e-02,7.822901287702805906e-01,-1.958792117272335070e-02,2.458254325704730542e-02,7.292172926604288952e-01,6.835599110510660603e-01,7.193758336889330418e-03,4.313104883166486020e-02,7.835665598008467736e-02,4.041461353528351397e-02,-2.481067492568009569e-01,4.132953858272667841e-02,-7.709323312741964140e-02,-6.438689182436052594e-02,-5.557640912810378475e-02,1.015924381085094030e-01,-1.256989298106608866e-01,1.085055478534765333e-01,-1.525413320901793102e-02,3.836455005494542048e-02,5.472782323290501655e-02,-4.183635921052507312e-02,2.413959745466679740e-01,-4.104181465951442509e-01,1.106657464711642724e+00,1.465370269958946869e-01,-2.123274003688953027e-01,1.349623124840577670e-01,-2.816896522145777293e-02,-3.592212925069843132e-01,4.475332413580043189e-01,9.719650026361460471e-01,-5.693580190889677844e-02,-1.968689893036797423e-01,-1.861013619302263056e-01
1.627652291304637362e-03,-3.311774871800287484e-02,7.823060340503410481e-01,-2.009506593824177817e-02,2.462309588865597976e-02,7.289870362396889680e-01,6.837892895243903313e-01,6.015220208927439527e-03,4.325911196572788248e-02,7.842610215816570030e-02,3.964204560018442375e-02,-2.476899192968111674e-01,4.099837374712565763e-02,-7.910664478724552251e-02,-6.422605725941847588e-02,-5.554212791494722579e-02,1.021354955166361295e-01,-1.242721705791306197e-01,1.082109774012868647e-01,-1.670989941826826058e-02,3.832110621050505150e-02,5.728511587114272496e-02,-4.250213627495622037e-02,2.403091862267892620e-01,-4.112135299855865234e-01,1.105515735553391332e+00,1.428905125812177657e-01,-2.126115228118039269e-01,1.361614972390647327e-01,-2.862363989383163304e-02,-3.607873872612781807e-01,4.469251532455636999e-01,9.667096333117672913e-01,-5.250165191527659397e-02,-1.981148583333869895e-01,-1.889530373021011123e-01
1.213699516007814543e-03,-3.368896015350623246e-02,7.822863420911640997e-01,-2.067009725096129874e-02,2.457169539772524613e-02,7.288529277568391862e-01,6.839169456631418731e-01,4.350056477919323622e-03,4.363647020293946743e-02,7.873699890499412379e-02,3.972519977921508405e-02,-2.483932435238476455e-01,4.156890588496403582e-02,-8.128183579740044795e-02,-6.372845741669692921e-02,-5.458311840749625193e-02,1.028844792552722209e-01,-1.229968843814924495e-01,1.085117818868962664e-01,-1.770321481797733354e-02,3.779195053768664991e-02,5.923732098218334463e-02,-4.401944998923862373e-02,2.395561920534245437e-01,-4.126158453134360360e-01,1.105338490386184036e+00,1.429120707243137223e-01,-2.120955490125887022e-01,1.374714421304675804e-01,-3.028215746424279403e-02,-3.613336791578132257e-01,4.466129196873303009e-01,9.652983637011618434e-01,-5.045450260939104287e-02,-1.980681232470014874e-01,-1.914458162743111758e-01
8.074905401219477190e-04,-3.436199551619809750e-02,7.822613231113429988e-01,-2.107386231085651984e-02,2.437049782178050614e-02,7.285496906519391969e-01,6.842348422977195810e-01,2.910049452299177768e-03,4.413310489032357120e-02,7.990355384496085345e-02,4.037207701950838723e-02,-2.493480573059780880e-01,4.250122794343965532e-02,-8.347067694264685700e-02,-6.317506195214891984e-02,-5.356217606510641632e-02,1.042201190205235967e-01,-1.220494280322497460e-01,1.085032377440754425e-01,-1.902589268541889783e-02,3.681771999376115545e-02,6.169776784023671412e-02,-4.589278463828112137e-02,2.384540069263345885e-01,-4.130912400829352404e-01,1.105859789316523178e+00,1.399772976816604231e-01,-2.108735225022507764e-01,1.381761074016284174e-01,-3.253012271544766104e-02,-3.612965377931400823e-01,4.454988881321675365e-01,9.641669967403672104e-01,-4.608909320768830864e-02,-1.977682839584786190e-01,-1.931464517535185221e-01
4.422701830896306747e-04,-3.513248210718843134e-02,7.822755112191840388e-01,-2.146138698574647993e-02,2.435142456174327341e-02,7.284320136590221040e-01,6.843487549978619633e-01,1.514615940261960711e-03,4.413335689082850677e-02,7.992482835769951222e-02,3.977738617724477926e-02,-2.489372424159792263e-01,4.310785516456148297e-02,-8.577931856902769325e-02,-6.305866210419108775e-02,-5.318896986305095276e-02,1.052164347702186364e-01,-1.207699019593296286e-01,1.085855454545444493e-01,-1.980605296596358450e-02,3.570962887495159749e-02,6.541048861508436119e-02,-4.901160053302937997e-02,2.375011044512729264e-01,-4.135649044036214250e-01,1.106247611919378260e+00,1.370969836331090430e-01,-2.101398235960870164e-01,1.408933087926215189e-01,-3.469745414585563570e-02,-3.612577815978055273e-01,4.443362582451814702e-01,9.627134179519288848e-01,-4.093606122903768046e-02,-1.970570479019219945e-01,-1.965508868222052563e-01
1.344180845331088381e-04,-3.598692006272228433e-02,7.822611639213308266e-01,-2.207373233939416771e-02,2.428905522723003724e-02,7.285768079711406608e-01,6.841773359468734661e-01,-7.190212073011157529e-04,4.464365640974780891e-02,7.970847453657858850e-02,3.960775885649219646e-02,-2.490022863310389079e-01,4.295970016231694111e-02,-8.849254810227183410e-02,-6.257265772328887699e-02,-5.308724141978835714e-02,1.063420099554708564e-01,-1.190699327992948975e-01,1.080872702509413918e-01,-2.110318297040505303e-02,3.598514372480261098e-02,6.997616317906719952e-02,-5.208629630147612599e-02,2.362757007802520071e-01,-4.145711672042209917e-01,1.105480298632250058e+00,1.319294214753159444e-01,-2.096670514169251265e-01,1.432403336269774674e-01,-3.693481682284856238e-02,-3.611787583084575814e-01,4.416187853160058463e-01,9.607581382188498109e-01,-3.178558108899567913e-02,-1.985453705452132900e-01,-2.029893267407315294e-01
-8.487036242056940458e-05,-3.693610015600587437e-02,7.822822026779017168e-01,-2.257642227639120036e-02,2.425903837065794544e-02,7.286242331788197468e-01,6.841114902112858109e-01,-2.985571121618962528e-03,4.504528712634271043e-02,7.953538051932595998e-02,3.958546808002319506e-02,-2.484621905003143727e-01,4.346954939863618972e-02,-9.105379969032420528e-02,-6.214051149942206864e-02,-5.294093279104200578e-02,1.070360593411074090e-01,-1.170317741839929371e-01,1.083887365350057891e-01,-2.120376658492912139e-02,3.524487679405335916e-02,7.466044191239264161e-02,-5.683795625346688835e-02,2.355830255771920179e-01,-4.158582038403357828e-01,1.106474282364392048e+00,1.296058159778062380e-01,-2.083705604903706710e-01,1.456312120890659312e-01,-4.102609291072981113e-02,-3.605897934379900804e-01,4.413046434810484753e-01,9.626656575835647045e-01,-2.700058670901464217e-02,-1.973415674737558079e-01,-2.070069169614300875e-01
-1.922922265658222503e-04,-3.797085453307176561e-02,7.822936435475256189e-01,-2.320348927284636778e-02,2.445657439417300155e-02,7.288471545137640284e-01,6.838459617572197891e-01,-6.023614286194736364e-03,4.531597035307658589e-02,7.870740412209900616e-02,3.945465755043715828e-02,-2.477171240341815572e-01,4.350134212394218824e-02,-9.416328891240655086e-02,-6.183820720215267575e-02,-5.294875233677970305e-02,1.075709541344224696e-01,-1.149455811099172053e-01,1.084784379210314287e-01,-2.084310873540593662e-02,3.528013779705266306e-02,8.119404770376306701e-02,-6.290916590525555407e-02,2.349457989811886693e-01,-4.181979128683665503e-01,1.106931568333864080e+00,1.268172664610240363e-01,-2.077875668859696379e-01,1.480121437042908050e-01,-4.609465255568018921e-02,-3.607461561679123907e-01,4.420614894821597862e-01,9.639877133666796549e-01,-2.318841426723277505e-02,-1.967676448445395687e-01,-2.107857766971958924e-01
-1.768098952639620249e-04,-3.908003744511119593e-02,7.822972275156586663e-01,-2.400281821102101185e-02,2.495523196089039289e-02,7.288966812755562907e-01,6.837475624389365292e-01,-9.935909982482485706e-03,4.558706826397018741e-02,7.811744774334819508e-02,3.950173750619709323e-02,-2.467805954930978873e-01,4.372444615171455773e-02,-9.795420118703054846e-02,-6.147171381563160120e-02,-5.265739226439340726e-02,1.074784256293210560e-01,-1.125837126049287207e-01,1.089943647399200521e-01,-2.024109718731350455e-02,3.547259800773809590e-02,8.737647788143027006e-02,-6.854415695291704580e-02,2.345512124042960223e-01,-4.200684179911217120e-01,1.106610286548795452e+00,1.244958971059004771e-01,-2.071642973628525231e-01,1.508202816924653911e-01,-5.148918838212122873e-02,-3.607808308489333649e-01,4.432432579208652745e-01,9.652461200071029701e-01,-1.990461407469566388e-02,-1.960124040207532337e-01,-2.145110043268242950e-01
-2.641278203991157892e-05,-4.026362356717484714e-02,7.823066618239212788e-01,-2.487652390924131873e-02,2.576979938330052275e-02,7.291953651719329521e-01,6.833675405005048553e-01,-1.478942840979321702e-02,4.551624600270383347e-02,7.692546711693455663e-02,3.965795022540029996e-02,-2.450959904375462350e-01,4.297976558809456921e-02,-1.022919322962121125e-01,-6.157464190970717705e-02,-5.342897368608209852e-02,1.073819423873509787e-01,-1.104892549584337580e-01,1.091503677332011507e-01,-1.942508175570852730e-02,3.631101496851479177e-02,9.428098217824135152e-02,-7.490630774997175667e-02,2.340823242622191991e-01,-4.222257795576438988e-01,1.105874586472257004e+00,1.230265530241245187e-01,-2.073838849669286111e-01,1.537086192876837842e-01,-5.619113258597380200e-02,-3.610249559141557318e-01,4.430416660123522865e-01,9.646893702080370225e-01,-1.781406328039283199e-02,-1.963933963662686522e-01,-2.195576782516969749e-01
2.474398799639040579e-04,-4.153284260818683460e-02,7.822987600807702613e-01,-2.578668532084969420e-02,2.667535955222803332e-02,7.295237084571920549e-01,6.829484833073349304e-01,-1.993579745279328713e-02,4.552364957839796777e-02,7.598110924094898799e-02,3.968859428130381423e-02,-2.434573745040655712e-01,4.246919576084100950e-02,-1.069093072939942962e-01,-6.151208078219152359e-02,-5.332212806717984144e-02,1.070737562566566603e-01,-1.083580411957949519e-01,1.091444743431333742e-01,-1.896587238663362263e-02,3.765483978486348221e-02,1.003168102668952066e-01,-8.012861456067577048e-02,2.341131337303849758e-01,-4.244365886553583267e-01,1.103126121321092112e+00,1.215480959901199531e-01,-2.077908825000592263e-01,1.562401081232874800e-01,-6.061277967558695301e-02,-3.622075598606404045e-01,4.446409598046768274e-01,9.614988978230364358e-01,-1.701245050775830950e-02,-1.968824631473032050e-01,-2.236123929183780334e-01
6.226968743983457783e-04,-4.289215644920815057e-02,7.823067264368275264e-01,-2.676816588654537185e-02,2.768794578885139940e-02,7.298870442691136606e-01,6.824820477940505281e-01,-2.603267278154464126e-02,4.562421671414158136e-02,7.474502576083326411e-02,4.065453901654457469e-02,-2.415201044159899779e-01,4.152723389963171308e-02,-1.119530460607176814e-01,-6.149788324247654897e-02,-5.400292502935830075e-02,1.068053663490405591e-01,-1.058377169469182089e-01,1.090048644723949772e-01,-1.849000707989769884e-02,3.892236899628151447e-02,1.070976898288716617e-01,-8.608702896330321097e-02,2.342832255128362018e-01,-4.259421442111559486e-01,1.100199650567841747e+00,1.183685774939554208e-01,-2.078254078258945647e-01,1.596675937010161861e-01,-6.549344426076637860e-02,-3.631289330568637230e-01,4.453665610630654914e-01,9.572018494269515232e-01,-1.487588146530674331e-02,-1.972678201036935641e-01,-2.301781548380137932e-01
1.075001130875204245e-03,-4.433871443126474743e-02,7.823011255285877708e-01,-2.810302722366792363e-02,2.882275642131593846e-02,7.304002679707360945e-01,6.818320299908329218e-01,-3.302588478345162837e-02,4.610913122985793589e-02,7.347653258043450319e-02,4.137086153077660505e-02,-2.396236040209559492e-01,4.102370417608702802e-02,-1.178904811948448955e-01,-6.110542589251770351e-02,-5.465918896946272282e-02,1.065733711113274057e-01,-1.027402595415017189e-01,1.091899060716511882e-01,-1.850929873173415632e-02,4.042047786968330780e-02,1.156372838577792855e-01,-9.319089463276994389e-02,2.349706206598252967e-01,-4.291769367389923762e-01,1.096067640628584972e+00,1.161455699805114816e-01,-2.072605777878824551e-01,1.659593634693062314e-01,-7.156504466669530440e-02,-3.642667156336910628e-01,4.466409335841571848e-01,9.510790324413684882e-01,-1.058511679937857580e-02,-1.984569835644316160e-01,-2.389086256529697194e-01
1.568365866999290670e-03,-4.587144729920161063e-02,7.822911382306102501e-01,-2.944291887924634435e-02,3.030877155779304263e-02,7.306223498546876582e-01,6.814730183854251777e-01,-4.031200565355649856e-02,4.612942433532143949e-02,7.220488533900661088e-02,4.154401702592197543e-02,-2.367599533613638230e-01,3.938882713509963412e-02,-1.247730835420612500e-01,-6.116713374013704740e-02,-5.570710106517177962e-02,1.067287793207837288e-01,-1.003963059918723255e-01,1.088448351468146724e-01,-1.858684637244481866e-02,4.190419981148694323e-02,1.247331484029916560e-01,-1.006462636334050365e-01,2.351760866518413928e-01,-4.309732504895030236e-01,1.091691805241489455e+00,1.100686589272682203e-01,-2.070364337898775720e-01,1.721708191675684341e-01,-7.881461247296178696e-02,-3.659746329567161172e-01,4.485693802324325352e-01,9.424340255747434281e-01,-6.293718177217196008e-03,-1.995344722869060172e-01,-2.479369396737322317e-01
2.093675725880823468e-03,-4.747777956571051089e-02,7.822487274006577618e-01,-3.130199070950163281e-02,3.180226222255880253e-02,7.311351290048110352e-01,6.807717860122204367e-01,-4.905220510057466815e-02,4.703678152669549944e-02,7.226284575032776436e-02,4.233183802025190789e-02,-2.346310592962219665e-01,3.834856832838445112e-02,-1.330299507427142591e-01,-6.050508288576174343e-02,-5.608557998160221270e-02,1.077080635759614380e-01,-9.697825268594982562e-02,1.089302695718480096e-01,-1.905162250812408517e-02,4.322786996102218754e-02,1.350199366840046933e-01,-1.090392537634084225e-01,2.354781428941370991e-01,-4.320785924102132913e-01,1.085748469542685113e+00,1.038018707031824334e-01,-2.074608854173750905e-01,1.823506800961920138e-01,-8.695365628184220652e-02,-3.666457206437497285e-01,4.493093915492314405e-01,9.325438485400048272e-01,4.308257658983986535e-03,-2.023820802832724808e-01,-2.613733569821436453e-01
2.630742295492627912e-03,-4.915339505082245292e-02,7.822354706445021622e-01,-3.344555274034069492e-02,3.375649478354862676e-02,7.316531392194975947e-01,6.800188070429199483e-01,-5.877606868081497460e-02,4.750094057839786971e-02,7.155704518050812202e-02,4.236747576811246419e-02,-2.312085326053716083e-01,3.584004185592127439e-02,-1.414692426285049098e-01,-6.015290069776163540e-02,-5.694240339847024546e-02,1.065720717961984865e-01,-9.303846975782026352e-02,1.085965457421494834e-01,-1.969618279903200334e-02,4.480744754157797022e-02,1.459976556471357101e-01,-1.194869203886137765e-01,2.350693318819015443e-01,-4.346528958418052757e-01,1.080945088949072819e+00,9.737684450981795581e-02,-2.078740337528753035e-01,1.935522309487659742e-01,-9.707659739013865807e-02,-3.677047643568203683e-01,4.510843601416391624e-01,9.214766357688164433e-01,1.674473082624498843e-02,-2.055330854090189896e-01,-2.756233101673825625e-01
3.175879404202813956e-03,-5.090924693238933763e-02,7.821898033367384873e-01,-3.553634257324933543e-02,3.563631631178504344e-02,7.321902684533914130e-01,6.792382734345833173e-01,-6.863650512411670346e-02,4.800664874932163151e-02,7.164844843635495564e-02,4.291364681214464294e-02,-2.284714034172881103e-01,3.520760896279179902e-02,-1.503678039191043148e-01,-5.975224630028807410e-02,-5.708709731625849493e-02,1.063860437967478201e-01,-8.918738101467260648e-02,1.080719493255324626e-01,-2.032248023041609286e-02,4.509364372709970953e-02,1.583036151438522721e-01,-1.314396835446918765e-01,2.349718321441135460e-01,-4.375520792210655374e-01,1.075056938285308794e+00,8.801875893322291811e-02,-2.071465889506599878e-01,2.031349817481580000e-01,-1.092649686307397561e-01,-3.675201159207381330e-01,4.527591726334315170e-01,9.120981437745266929e-01,3.328554208227813699e-02,-2.073033163400287149e-01,-2.897046543860589685e-01
3.732478786577720069e-03,-5.273828449802261953e-02,7.821941622596750854e-01,-3.727369101897279324e-02,3.734734033500126948e-02,7.324498672594890181e-01,6.787731875076393750e-01,-7.769207946107124785e-02,4.842591665343522200e-02,7.249773924559720084e-02,4.370979388943667387e-02,-2.250153293875352678e-01,3.424757602294586922e-02,-1.581670344273792272e-01,-5.943928253060012934e-02,-5.741088103121652630e-02,1.053076657351741524e-01,-8.487124734494568001e-02,1.075726648170182709e-01,-2.050384240889572413e-02,4.535195089516488864e-02,1.673813979353205028e-01,-1.429250808638754255e-01,2.335153413396522937e-01,-4.377746595239379590e-01,1.071684052461521430e+00,7.685556267662252417e-02,-2.074266997145241265e-01,2.111209525399943832e-01,-1.209091021853721526e-01,-3.671199260039662571e-01,4.542097219866246260e-01,9.037925592546187659e-01,4.547606274916526914e-02,-2.095758710000898140e-01,-3.001029644069491131e-01
4.313311242965041543e-03,-5.461348923875369854e-02,7.820884856663913309e-01,-3.971946525421998775e-02,3.982545304073459996e-02,7.326348001577073221e-01,6.782938500147964733e-01,-9.034166674746552106e-02,4.883483084277517872e-02,7.354424117304696196e-02,4.682510059771514965e-02,-2.224227351402180419e-01,3.266808569253680516e-02,-1.690584133740084538e-01,-5.945337728236443908e-02,-5.846558199014439960e-02,1.053295785604030366e-01,-8.089207564973113773e-02,1.073474469861033231e-01,-2.124618500671995175e-02,4.550618062543291403e-02,1.815038105104337940e-01,-1.552594328835172344e-01,2.323325596981515584e-01,-4.377608330909313894e-01,1.064243079124612246e+00,6.824279635282286260e-02,-2.065261861804494892e-01,2.255249742626098397e-01,-1.307000809460618362e-01,-3.673361890400360652e-01,4.539946813688678917e-01,8.910163794770555867e-01,6.110641465446123299e-02,-2.116434245105582312e-01,-3.173800268290539739e-01
4.930094397135070805e-03,-5.656194147095904012e-02,7.820145999435416106e-01,-4.222854580635634208e-02,4.265117022782148604e-02,7.328238431037430445e-01,6.777660677371937226e-01,-1.029315261602190279e-01,4.858472515147897741e-02,7.351957590370120088e-02,4.818482246576295813e-02,-2.179878086450372510e-01,3.008879397952769069e-02,-1.799286438668986632e-01,-5.998474983682811068e-02,-6.038303357670099514e-02,1.039836793298563322e-01,-7.648197829030806139e-02,1.074663716827541221e-01,-2.161129985670607809e-02,4.567515739696093729e-02,1.953965079079350298e-01,-1.687214912487577656e-01,2.302879229072690159e-01,-4.365100430722116398e-01,1.057587475213105366e+00,5.817379013290965850e-02,-2.067526426176037324e-01,2.399550987282070835e-01,-1.398544795208840064e-01,-3.687601737463340190e-01,4.557204809786941646e-01,8.782465097210867544e-01,7.432913924959756724e-02,-2.144821954846293788e-01,-3.325881636273623210e-01
5.581656417848179612e-03,-5.858356848496371755e-02,7.819227454815063094e-01,-4.498018594943958143e-02,4.577992194151953714e-02,7.328802872907851373e-01,6.773237528092147519e-01,-1.169657878872371187e-01,4.828839771459887686e-02,7.330094685809002142e-02,5.054331314279195131e-02,-2.133338524434397199e-01,2.788015616519415665e-02,-1.911454320789280348e-01,-6.038607924949673106e-02,-6.143032996102565368e-02,1.011014011244499300e-01,-7.139534065096284077e-02,1.080136726099494432e-01,-2.265911136686035721e-02,4.594952274359671851e-02,2.093559445315380518e-01,-1.820057193484470037e-01,2.282025003215691350e-01,-4.363553935370942938e-01,1.049890296163085601e+00,5.050368591969066345e-02,-2.065247726166903608e-01,2.547446760314860392e-01,-1.472119241850939064e-01,-3.709430986350154558e-01,4.562075515854688290e-01,8.617589385613243502e-01,8.666401381603257292e-02,-2.173653281658717851e-01,-3.505711954985850087e-01
6.277528017200766086e-03,-6.069150949931834821e-02,7.817789810435445963e-01,-4.787755809988632899e-02,4.930149427357480296e-02,7.332733990932936985e-01,6.764519378898634638e-01,-1.322212719618277577e-01,4.733221586235425438e-02,7.219807586093855700e-02,5.297484777193053884e-02,-2.082830391180902907e-01,2.439909698862281415e-02,-2.038655690791197350e-01,-6.169767529090737501e-02,-6.426198768815380435e-02,9.994880498500374744e-02,-6.772831306995520662e-02,1.083608475679868205e-01,-2.285277144215572612e-02,4.556406181097983482e-02,2.241712639052508560e-01,-1.959421585128977294e-01,2.263484291676332028e-01,-4.359430812869681815e-01,1.040705605763251773e+00,4.146795608764566876e-02,-2.072132837737334365e-01,2.702620035545787447e-01,-1.537713043499450705e-01,-3.756444171996807246e-01,4.600466463449884857e-01,8.416464307097752950e-01,9.370898331805635473e-02,-2.198933488868992370e-01,-3.676447925015354778e-01
7.005567263351755204e-03,-6.285742673356017884e-02,7.816114126625640646e-01,-5.043614047564996816e-02,5.206435456790058092e-02,7.342282942181099781e-01,6.750217112707657119e-01,-1.467000985735604224e-01,4.706421646506994683e-02,7.245844077246449411e-02,5.642131957911025730e-02,-2.039361570662747702e-01,2.164717642771920442e-02,-2.157664980181805137e-01,-6.270052920875608671e-02,-6.681694744391834806e-02,1.005805425712903711e-01,-6.304528571860114339e-02,1.079402864230664949e-01,-2.346805794642796428e-02,4.632074423919906730e-02,2.396005272774543449e-01,-2.092597280829046336e-01,2.238074553165651515e-01,-4.344649681116004580e-01,1.028267812710896179e+00,3.207408161064709273e-02,-2.073356765262071022e-01,2.927428446396360129e-01,-1.602052237524867473e-01,-3.779891199237049859e-01,4.605430565505028162e-01,8.245748697699780694e-01,1.072910170502339167e-01,-2.231216980425031193e-01,-3.929821861220226809e-01
7.739815099391787051e-03,-6.508939301774392672e-02,7.813874954626448543e-01,-5.274072433424144973e-02,5.496059561947700539e-02,7.344167475546778956e-01,6.744106981929189892e-01,-1.616468846466903586e-01,4.661026584698913650e-02,7.303180911647294549e-02,6.211787479203088186e-02,-2.007928933483738021e-01,2.043997600019627908e-02,-2.285227475872867453e-01,-6.363689588678049514e-02,-6.744391419306611235e-02,1.025162225729083221e-01,-6.009379245966584016e-02,1.078610976902531632e-01,-2.332671823421279822e-02,4.602500433746578579e-02,2.546704595164051566e-01,-2.219462326934418805e-01,2.223007326019501573e-01,-4.329085238023900883e-01,1.013251454954361197e+00,2.566484625718931656e-02,-2.055197729629825998e-01,3.168598591266000297e-01,-1.685403605329433008e-01,-3.817396046961902267e-01,4.641080166852432076e-01,8.070888583221522694e-01,1.098747693312541740e-01,-2.238049706465501110e-01,-4.185610242058979691e-01
8.484060346953739909e-03,-6.736043459441165560e-02,7.811157342446422014e-01,-5.433278178183305329e-02,5.740694955245401881e-02,7.344336410268452742e-01,6.740620282251337247e-01,-1.744103991158207634e-01,4.597941472090934928e-02,7.391704559101376637e-02,6.729284140591051955e-02,-1.979462684578527643e-01,1.911564052018332668e-02,-2.397019990152029212e-01,-6.480471226299194809e-02,-6.800075511414813145e-02,1.047633709898004861e-01,-5.828219848946107617e-02,1.073979042607684509e-01,-2.273646406643418591e-02,4.588757906730272368e-02,2.722583060833101420e-01,-2.336210893645469799e-01,2.207554816338935244e-01,-4.276636620940985622e-01,9.963167522724731828e-01,1.837788891746945999e-02,-2.041276543726203985e-01,3.388979771922120965e-01,-1.777492449070340597e-01,-3.879918437320098445e-01,4.717512217513575301e-01,7.878343660553632777e-01,1.083706799730039666e-01,-2.212187526412730809e-01,-4.334307550855010516e-01
9.246245867980739525e-03,-6.963230803544068204e-02,7.808039755469269316e-01,-5.656455075364639346e-02,6.043201178685008584e-02,7.347880495855918515e-01,6.732272615808381211e-01,-1.877372732918787535e-01,4.480772294649726373e-02,7.285257630959862674e-02,6.930172175186391503e-02,-1.937895325249002765e-01,1.559065916475012130e-02,-2.511242752924174315e-01,-6.640557198955333862e-02,-7.141599153215516527e-02,1.046238881153252198e-01,-5.700967197373320305e-02,1.083769163601383395e-01,-2.170181749110944996e-02,4.823144359088235578e-02,2.875000597702465632e-01,-2.450858013279820780e-01,2.205549902388305172e-01,-4.289665822237825887e-01,9.817070002237228143e-01,1.729828205878909675e-02,-2.045950141395417587e-01,3.536147940287551750e-01,-1.867369908700860504e-01,-3.963760972958431106e-01,4.795058917693418299e-01,7.710633855980325579e-01,1.009400149423952814e-01,-2.200612437217472905e-01,-4.414246693896838325e-01
1.004767388695881544e-02,-7.193459766724719096e-02,7.804774746509093308e-01,-5.818875289957198965e-02,6.291842010502053661e-02,7.356782554746562619e-01,6.718875247161887332e-01,-2.004502357509035659e-01,4.333072360790675426e-02,7.051096348081858922e-02,7.285610898428912519e-02,-1.896299881993294689e-01,1.149715167373330932e-02,-2.612180962202810264e-01,-6.857986217154193875e-02,-7.558248087076165078e-02,1.057005741422206296e-01,-5.611521836591432805e-02,1.066952800593198442e-01,-2.164502450678953971e-02,5.070093176894757692e-02,3.055507681428104028e-01,-2.543256287161536067e-01,2.228660360879163305e-01,-4.310198001642540078e-01,9.612844717111276305e-01,1.379376980330094572e-02,-2.020485631204496924e-01,3.718698291801549871e-01,-1.910164666031052838e-01,-4.060002431470609574e-01,4.832143181659389053e-01,7.462893174700188093e-01,9.837475096854143841e-02,-2.185962493088654535e-01,-4.556797198154787232e-01
1.089805353392059480e-02,-7.432663737322467434e-02,7.801484557687711208e-01,-5.944844140327830428e-02,6.470813570575756346e-02,7.359316102729688280e-01,6.713295800046664707e-01,-2.111769215050464110e-01,4.293112075577586173e-02,6.940589313246418868e-02,7.678190978130404465e-02,-1.880942174757456453e-01,1.151113503627513093e-02,-2.711831211171994438e-01,-6.943342715545260113e-02,-7.770900580315724671e-02,1.091123758661854126e-01,-5.558623275086017890e-02,1.097348745065013786e-01,-1.992651725480462654e-02,4.965560725890994648e-02,3.192585270997604918e-01,-2.644431730130979430e-01,2.264966706841847199e-01,-4.322367732299099985e-01,9.471783816992703775e-01,1.782899027219748272e-02,-2.009599482449823116e-01,3.854511872874840095e-01,-1.964304512309292261e-01,-4.129854933778588366e-01,4.867309164595082227e-01,7.285582972405573177e-01,8.969786332860349432e-02,-2.164936983718153407e-01,-4.664010274476333429e-01
1.181917804817016193e-02,-7.678121689043436449e-02,7.798722921970081545e-01,-6.068907241774402356e-02,6.665283869323876398e-02,7.360590081562626841e-01,6.708884945318609461e-01,-2.210979157737298362e-01,4.208826717580860244e-02,6.648512832500662328e-02,7.844491397900310581e-02,-1.848291131234227891e-01,1.170408429161246683e-02,-2.803426021079081787e-01,-7.014401786443155706e-02,-7.915961131030792297e-02,1.101043145622042224e-01,-5.408596562611688030e-02,1.108987362838974866e-01,-1.964574810931619953e-02,4.993566289878489939e-02,3.324563145101149253e-01,-2.719823789736747210e-01,2.294561061021700155e-01,-4.324656751977237201e-01,9.324084388944406943e-01,1.877014238828191364e-02,-1.987426472683956891e-01,3.970867943838840008e-01,-1.978068532811283475e-01,-4.214589393844643261e-01,4.886446589197716017e-01,7.024174751394539618e-01,8.774421616748113995e-02,-2.161833975858290235e-01,-4.733570432654889970e-01
1.283701411763509340e-02,-7.933007618927633009e-02,7.795688318390194826e-01,-6.160468743381036089e-02,6.911133574336723873e-02,7.365206476834027516e-01,6.700491185681630713e-01,-2.319618823928902007e-01,3.983218926430932838e-02,6.314425125726189081e-02,8.048303960216728059e-02,-1.791151045524294882e-01,7.694917623873292339e-03,-2.910296418491715720e-01,-7.311630448448568076e-02,-8.490829753042110351e-02,1.140275224531587528e-01,-5.432702239984851106e-02,1.091960201020090032e-01,-1.778975711426011852e-02,5.363182040221120550e-02,3.465972712869228034e-01,-2.802618275157839345e-01,2.314926164928813590e-01,-4.345481778572719000e-01,9.168777160992349629e-01,1.931808363718812496e-02,-1.983087090053902435e-01,4.113040362181962784e-01,-1.987316142432152266e-01,-4.307527690234892459e-01,4.883312048420793139e-01,6.769131826814795971e-01,7.977703734245836231e-02,-2.168684203329721560e-01,-4.879469846168651426e-01
1.396294153805761537e-02,-8.197332325848745438e-02,7.792461900329488156e-01,-6.174054192771681604e-02,7.048520822089496263e-02,7.375190885325282331e-01,6.687940901014892692e-01,-2.426912910825917424e-01,3.813666283418046948e-02,6.005061362197290642e-02,8.742842394978382614e-02,-1.757631028949906971e-01,1.000935973029952637e-02,-2.988105979953384339e-01,-7.550773663709864358e-02,-8.833744837417437101e-02,1.177409063546965839e-01,-5.444221478880162390e-02,1.071470355406426295e-01,-1.686998996915148319e-02,5.413952015959934416e-02,3.631723646435711106e-01,-2.857133907037242571e-01,2.365874021287487083e-01,-4.357340328898954285e-01,8.925115162723341600e-01,2.466852896013575075e-02,-1.962877299064589298e-01,4.298773362861483816e-01,-1.965961795597182538e-01,-4.408362638230888253e-01,4.858770307477333072e-01,6.452723541427461962e-01,6.439444022668928957e-02,-2.185942779802930724e-01,-5.066458975144523258e-01
1.515272139167716733e-02,-8.463746613960869414e-02,7.789042277007307558e-01,-6.219540243262862422e-02,7.220491763082857728e-02,7.380726951240413891e-01,6.679572430167246555e-01,-2.531793689769935574e-01,3.662323982295802305e-02,5.676388702931320362e-02,9.203971436278673979e-02,-1.713177698347119193e-01,9.818148973278421898e-03,-3.074701190689521080e-01,-7.773618691880658516e-02,-9.337250814145420241e-02,1.208778878657987416e-01,-5.400780462624259898e-02,1.071650945793778259e-01,-1.564021189906994111e-02,5.524256933633455574e-02,3.774696580555500502e-01,-2.930974365108660051e-01,2.413142093692910162e-01,-4.374936291921121545e-01,8.758873909313796835e-01,3.366817059474380008e-02,-1.927831868514052194e-01,4.446222050981538110e-01,-1.962686192126925078e-01,-4.520315430716720928e-01,4.860795269938504304e-01,6.168280269946656569e-01,4.363430814193643842e-02,-2.174518169244301913e-01,-5.194545202761570168e-01
1.638358189369786694e-02,-8.726202234811417102e-02,7.786306149655356501e-01,-6.184874002637181373e-02,7.397139612886786952e-02,7.376994017677575011e-01,6.682084693741844328e-01,-2.604127609037165669e-01,3.427931576474149700e-02,5.249374844129660322e-02,9.373285155110896993e-02,-1.653829831468229261e-01,1.102136599047977110e-02,-3.138918831465991599e-01,-7.983081288828892952e-02,-9.545212527278452985e-02,1.208079943611846951e-01,-5.298555026747840679e-02,1.063274473724812319e-01,-1.463697103041012790e-02,5.630803607440014458e-02,3.906149606998766122e-01,-2.995783712043582625e-01,2.463715453177844350e-01,-4.386020673877615850e-01,8.632871419656643619e-01,4.334711905638876511e-02,-1.893660655520111036e-01,4.526358714725619570e-01,-1.980072242506703550e-01,-4.624384215071823401e-01,4.862284403729977833e-01,5.897870981877928465e-01,2.452850488035933363e-02,-2.153928666298545458e-01,-5.262247390028612637e-01
1.765651500785735822e-02,-8.980413567912223782e-02,7.783569655068247606e-01,-6.163711886699065057e-02,7.600396091162270329e-02,7.375631288419507436e-01,6.681503531963404185e-01,-2.684469093713199861e-01,3.177895519364207916e-02,4.994189892190707691e-02,9.595022282123986945e-02,-1.592275002714727272e-01,1.123224453307830953e-02,-3.201527185602517367e-01,-8.239621596837096162e-02,-9.853942267624810070e-02,1.199112477461924398e-01,-5.226663955235586606e-02,1.076185703663177923e-01,-1.279533145397434603e-02,5.630607352566827095e-02,4.035848381934591944e-01,-3.085748065476014990e-01,2.529082100120052523e-01,-4.412290264761073999e-01,8.527178882877407551e-01,5.824109938736032194e-02,-1.860701371942514448e-01,4.590468220652942355e-01,-2.021460924463827635e-01,-4.759060213901377123e-01,4.912366365738421448e-01,5.629080569057804961e-01,-5.967018779163058874e-03,-2.121771589806137337e-01,-5.313790032604219782e-01
1.893179017683745829e-02,-9.218581159481273324e-02,7.779690146206108547e-01,-6.207747421290748385e-02,7.854351491520297768e-02,7.373847851650443541e-01,6.680127110072189289e-01,-2.789815651032706567e-01,2.962244958197143493e-02,4.816338714812276600e-02,9.985578098408132153e-02,-1.537277668159182653e-01,1.123815240143196878e-02,-3.279441099715451613e-01,-8.481808187054791504e-02,-1.017781900197896605e-01,1.185892017929535136e-01,-5.128103481954184723e-02,1.089012492197289211e-01,-1.166125020303798721e-02,5.604971771139893866e-02,4.174028322127308899e-01,-3.172414552271772270e-01,2.605197960119180478e-01,-4.445222339129662470e-01,8.397332324609102505e-01,7.109694653664991315e-02,-1.842413706981037014e-01,4.580007755338199038e-01,-2.043040933655196068e-01,-4.900782332493766047e-01,4.946862811412329752e-01,5.275585499804422707e-01,-3.167825899575996140e-02,-2.115912994849474815e-01,-5.348380888467347827e-01
2.018393982650581314e-02,-9.441623086886238858e-02,7.777378365935344595e-01,-6.213334424780847520e-02,8.104343860018113632e-02,7.369408547110246621e-01,6.681987617844169502e-01,-2.877996790509642633e-01,2.713137621930903839e-02,4.707498964871833363e-02,1.024870786205971662e-01,-1.463793659609962661e-01,1.245326114843028215e-02,-3.344946204573253645e-01,-8.722101725288615437e-02,-1.036293484363703526e-01,1.162493422586371450e-01,-4.944546511380280840e-02,1.094603296578544882e-01,-1.146576986963522386e-02,5.518824321954833578e-02,4.271035828508389365e-01,-3.243869588182712316e-01,2.664224386935205025e-01,-4.471294942244412596e-01,8.307764724074981899e-01,8.233761704013502214e-02,-1.804981142474847700e-01,4.542752160187367161e-01,-2.097568006591981060e-01,-5.051230894776391755e-01,5.014529318932251511e-01,4.873068793809020582e-01,-5.336607989525753853e-02,-2.096958459334968827e-01,-5.297798858196574034e-01
2.142875203202289358e-02,-9.653334504640746772e-02,7.775248572828156179e-01,-6.205903045145842040e-02,8.319519606630956798e-02,7.370175937136208555e-01,6.678564985440352819e-01,-2.961482354459609723e-01,2.442160067475151325e-02,4.395008024973892646e-02,1.054622148025232964e-01,-1.390054484944862612e-01,1.250105221101997094e-02,-3.388196731847820664e-01,-8.977634981849010043e-02,-1.072239250617479794e-01,1.121399200660884998e-01,-4.754809714363611439e-02,1.112971034996538267e-01,-1.104976038915227339e-02,5.370332066888988676e-02,4.370855847235707303e-01,-3.303271526474939046e-01,2.719494535982519001e-01,-4.481671186271866114e-01,8.176652786470673950e-01,9.605761155072427282e-02,-1.804388006171165626e-01,4.493288827533853391e-01,-2.484879294736656030e-01,-5.115743754944805932e-01,5.111103705686478316e-01,4.229317416443743038e-01,-7.833587516164494668e-02,-2.122768596268896080e-01,-5.279096592075221972e-01
2.264403709012568350e-02,-9.858900172757348312e-02,7.774146154740717574e-01,-6.173535424497035573e-02,8.451101700755482560e-02,7.370132740148133133e-01,6.677260426002299409e-01,-3.026623703441204682e-01,2.312588332256979712e-02,4.322766144394794841e-02,1.086402343689909511e-01,-1.317854694315543085e-01,1.252981566503694535e-02,-3.418910235000678921e-01,-9.122225830434796401e-02,-1.104665602388776868e-01,1.087507272279600312e-01,-4.333298546655607597e-02,1.140092916758586039e-01,-1.276284937076907489e-02,5.176998875265631517e-02,4.452109432980313475e-01,-3.333034673807474535e-01,2.777285088970373739e-01,-4.495674237100161230e-01,8.028498059243622809e-01,1.127894762489085184e-01,-1.783026005748111764e-01,4.492306145450852273e-01,-3.344777557477743857e-01,-5.083276299558028288e-01,5.216575404884136180e-01,3.327639813725964957e-01,-1.048189394265646585e-01,-2.126975060014613117e-01,-5.288788811425779723e-01
2.380869809932559256e-02,-1.006493429854728172e-01,7.772606122362337722e-01,-6.107680948933915527e-02,8.577731423325601900e-02,7.375786733602933687e-01,6.670004320160546341e-01,-3.106969690390709582e-01,2.061951821189033501e-02,4.096019936033043485e-02,1.156557798699903439e-01,-1.264899122141517895e-01,1.659872399566951137e-02,-3.445977864451328365e-01,-9.323861610775424635e-02,-1.098609749347606163e-01,1.063317152537550936e-01,-4.213024727339691189e-02,1.140737878361682278e-01,-1.450292132945091295e-02,4.884839479691120701e-02,4.562012553753001520e-01,-3.458112343585391102e-01,2.851545813768585624e-01,-4.586360123844388514e-01,7.904811870615379155e-01,1.335345694469307343e-01,-1.729501126961154878e-01,4.434036150733123294e-01,-3.713104920525217567e-01,-5.376993837790329245e-01,5.299799436033590938e-01,2.531379193640995173e-01,-1.436362976471095287e-01,-2.075514237053902866e-01,-5.213323789999453339e-01
2.488127618008449671e-02,-1.026421420387023525e-01,7.769804907989678044e-01,-6.139428641519945745e-02,8.709389063552959442e-02,7.378677942979655624e-01,6.664806928541826547e-01,-3.192343921278740781e-01,1.961915182771667432e-02,3.833274609820760265e-02,1.206514368668282905e-01,-1.224301632319300115e-01,1.665774748789833337e-02,-3.501115052279017981e-01,-9.461635648246562169e-02,-1.146022337692826631e-01,1.068505636312203355e-01,-4.057825514255771621e-02,1.183150029204079884e-01,-1.587932722036644248e-02,4.666736916763711274e-02,4.630196966241130752e-01,-3.583537752039963609e-01,2.912711639466251112e-01,-4.724151016797503155e-01,7.765645515618432304e-01,1.627148056434986612e-01,-1.708661217813860211e-01,4.374251525791656992e-01,-4.179046492681716130e-01,-5.660803298803648298e-01,5.249050872207928764e-01,1.649134073640166342e-01,-1.825608698273690211e-01,-2.039694414026295144e-01,-5.276326380834385210e-01
2.585862555747207511e-02,-1.045942500917890067e-01,7.764373639568111773e-01,-6.125631505745302713e-02,8.808871646011731671e-02,7.382421798406370028e-01,6.659478401512666235e-01,-3.285136518073612510e-01,1.854849708608805048e-02,3.618251952477024441e-02,1.294166099484896637e-01,-1.209663820761378711e-01,1.752811518899460158e-02,-3.548514376224138345e-01,-9.700246246901170211e-02,-1.230143949396075159e-01,1.083448084326983640e-01,-4.062106836676749461e-02,1.207158786651956334e-01,-1.609754280340625412e-02,4.698456460588111561e-02,4.720815080787314488e-01,-3.767960469606694840e-01,2.933882488740264805e-01,-4.926711441298292637e-01,7.644699764206260850e-01,2.011305609508261538e-01,-1.693058731998160205e-01,4.247404825088862967e-01,-4.902104636857805842e-01,-5.972099814673964557e-01,5.113386289630823534e-01,6.296064538749499007e-02,-2.262422806999493941e-01,-1.983639189532743208e-01,-5.368096837158996548e-01
2.671866609897028191e-02,-1.064214690366004495e-01,7.760480049185425333e-01,-6.189504545377366024e-02,8.955531298462880707e-02,7.386249807595703931e-01,6.652683571780836358e-01,-3.385638034450413336e-01,1.722872764445348634e-02,3.267029458609856107e-02,1.360407126374444109e-01,-1.178846407087360271e-01,2.030632920637658045e-02,-3.612641933150371742e-01,-9.871627116027802129e-02,-1.280859552440134497e-01,1.095327424666110994e-01,-3.894030589962644423e-02,1.249956490658310909e-01,-1.646393704738547889e-02,4.689864450979637500e-02,4.774581483536270987e-01,-4.046048261210955510e-01,2.832445513603090714e-01,-5.191808802352454455e-01,7.667238888574871014e-01,2.417683644994225722e-01,-1.630148227124471050e-01,4.068759391043054174e-01,-5.816795821236725450e-01,-6.216358377076939279e-01,4.774279788391922463e-01,-4.308028958078198578e-02,-2.711367700816288417e-01,-1.887243581477033305e-01,-5.580852097724605665e-01
2.746612625039629094e-02,-1.080610470283722008e-01,7.755871091797760242e-01,-6.230620037385219134e-02,9.051355328220243857e-02,7.388676566603276097e-01,6.648306701773627481e-01,-3.453103429148001169e-01,1.620805011694974318e-02,2.818410327773724841e-02,1.390776799283079956e-01,-1.158458234957746857e-01,2.317538492665378869e-02,-3.648442426343489475e-01,-9.908467781298616051e-02,-1.286798923811468542e-01,1.074280803786422378e-01,-3.778630480246414347e-02,1.302683321693301477e-01,-1.770469053971495538e-02,4.310347183859383757e-02,4.854530582301224695e-01,-4.310913522164276368e-01,2.691666144565987295e-01,-5.396621123792380015e-01,7.742843636682692487e-01,2.746424971821144201e-01,-1.571533017580159508e-01,3.924140631825195902e-01,-6.940559592365467267e-01,-6.450483763241890989e-01,4.277148704943104507e-01,-1.573001689902837896e-01,-3.232027267173809837e-01,-1.777599461294646632e-01,-5.916659088190591165e-01
2.813939567172300815e-02,-1.094421513852152916e-01,7.749916692497359483e-01,-6.378631021435249293e-02,9.221357455839163109e-02,7.398270483303681644e-01,6.633881984593765768e-01,-3.537494078256016028e-01,1.450339267789583012e-02,2.140049786683356423e-02,1.393933771145799971e-01,-1.131487077311922884e-01,1.962068441507115041e-02,-3.704353021141455482e-01,-1.000537406098332693e-01,-1.303591936293962417e-01,1.048412775692698362e-01,-3.656218714375578799e-02,1.338624871454013598e-01,-1.616050791359356642e-02,4.206103413409635616e-02,4.936486994583091925e-01,-4.502209010082327545e-01,2.599336303221436162e-01,-5.593195370421959467e-01,7.870713210984849884e-01,2.935930901410350180e-01,-1.558886727433944352e-01,3.716967045995072105e-01,-8.327699642411744430e-01,-6.661186690981621972e-01,3.747631326419266773e-01,-2.628110192489940267e-01,-3.702438531978398117e-01,-1.648105001644280254e-01,-6.425567435373463754e-01
2.878958198391899301e-02,-1.107700594271836397e-01,7.743169491032270146e-01,-6.831726515872998950e-02,9.625855917318874855e-02,7.403396595744995423e-01,6.617886592623420938e-01,-3.709958414994051767e-01,1.346713084343190842e-02,1.287801617027145920e-02,1.400648783322679392e-01,-1.116289435034692745e-01,1.183379420529866513e-02,-3.856182346433004171e-01,-1.004792692952523325e-01,-1.340639901119266286e-01,1.048092348025230214e-01,-3.774050918722583747e-02,1.382371908365373492e-01,-6.954630693728761776e-03,4.803826030495518540e-02,5.037444030080272528e-01,-4.796598644660758914e-01,2.525479915307343726e-01,-5.744916349959398039e-01,8.089487908678815176e-01,2.839712296166416183e-01,-1.619492286010435211e-01,3.479289095513992125e-01,-9.937508344907887148e-01,-6.918375979239316242e-01,3.183643691375029894e-01,-3.721455901194579141e-01,-4.066347479187571445e-01,-1.592959385845709452e-01,-7.081789286474727829e-01
2.948512663706137280e-02,-1.117566522514748667e-01,7.740622294636356759e-01,-7.370279492428750967e-02,1.008363229128278749e-01,7.412543931701878197e-01,6.595012195649572195e-01,-3.889187791852407039e-01,1.315972276793699741e-02,1.048343344363396670e-02,1.387875074079776283e-01,-1.057624468993782207e-01,1.638987757783187497e-04,-3.994566342513786728e-01,-1.005058256215626555e-01,-1.386490948111063770e-01,9.964633590981603062e-02,-3.447999248582112042e-02,1.416062231886532907e-01,1.798315375904047889e-03,5.542020043164096188e-02,5.105076118118501149e-01,-4.942275005477797523e-01,2.479930222275479323e-01,-5.913856023471250056e-01,8.214676005835256367e-01,2.815999707301663491e-01,-1.623907518976908659e-01,3.346904164291854000e-01,-1.127780161238177703e+00,-7.191836997920373342e-01,2.774322075347684935e-01,-4.726189038623280769e-01,-4.330999965739930069e-01,-1.649220297417071379e-01,-7.723145510440848627e-01
3.025273699160094254e-02,-1.124917353627216537e-01,7.735166265777091432e-01,-7.461581769325663360e-02,1.016240232238049546e-01,7.425279814743627194e-01,6.578428645059425373e-01,-3.952843250107885287e-01,1.274371390793968897e-02,8.365054707774670709e-03,1.419590008029956996e-01,-1.068534853210199448e-01,-3.575047548247143898e-03,-4.031553037643882953e-01,-1.007611588897354693e-01,-1.367086372261646088e-01,9.981482554752806047e-02,-3.484842433912173354e-02,1.447898276162235820e-01,8.735900549670379961e-03,5.640527863143437320e-02,5.199988134514764715e-01,-4.950403103096615021e-01,2.427445319673932622e-01,-5.985784538698224466e-01,8.254768889091215200e-01,2.642646840877295178e-01,-1.616257640992622702e-01,3.326854164697786720e-01,-1.227264707288042489e+00,-7.201645300131477301e-01,2.491958856133667521e-01,-5.254078390464708148e-01,-4.530889994876494686e-01,-1.595567359698210619e-01,-8.254657124179409777e-01
3.124793905117085463e-02,-1.133958375454452300e-01,7.726437229241861493e-01,-8.229088095920300550e-02,1.079834822664633986e-01,7.426809558385670806e-01,6.557383443899552633e-01,-4.242100621586799014e-01,1.423879613682431378e-02,9.016809666491605590e-03,1.499288259643637433e-01,-1.058359808419375575e-01,-1.097642681008688045e-02,-4.276420455083683736e-01,-9.962353079591251825e-02,-1.362769658045659416e-01,1.002114160858748187e-01,-3.222539234119464746e-02,1.464866547630487570e-01,1.324586954298227238e-02,5.741712973936810571e-02,5.199999999925840610e-01,-5.043909628179944482e-01,2.409469572888170430e-01,-5.986863673719611256e-01,8.292129475754109746e-01,2.386483762161759614e-01,-1.621299514786386231e-01,3.329548611886569698e-01,-1.320661882605685955e+00,-7.267087556692843897e-01,2.332846419674651783e-01,-5.567297640628829924e-01,-4.690703755740963099e-01,-1.485697978510849004e-01,-8.732760736543396796e-01
3.235284093280563211e-02,-1.140831136395324685e-01,7.722065838800233895e-01,-8.437458175125632509e-02,1.102543925151933391e-01,7.437354209690726359e-01,6.538979450046947806e-01,-4.353102731130323866e-01,1.328293974081410159e-02,5.835296760328547751e-03,1.539476421399827433e-01,-1.041248718373326970e-01,-1.556875945926409870e-02,-4.352077367208325165e-01,-1.008660937291142035e-01,-1.410372989479481143e-01,1.003316014436215209e-01,-3.157574494752059258e-02,1.448731632829421134e-01,1.705399813844446846e-02,6.394971485044743942e-02,5.199999999999991296e-01,-4.993570162969563353e-01,2.341971638601337835e-01,-5.970910695925578660e-01,8.248921450101849295e-01,2.388065801946640532e-01,-1.633061206192352177e-01,3.410167447767059046e-01,-1.378807756635019643e+00,-7.292344450043213300e-01,2.229976294292662087e-01,-5.750819542889658020e-01,-4.896705265663872098e-01,-1.418805577119007788e-01,-9.046795056038027250e-01
3.360855873342440125e-02,-1.149712807763194206e-01,7.718532284280945621e-01,-8.823205596438873921e-02,1.145325052540833305e-01,7.444153806853364141e-01,6.518766375163527194e-01,-4.519010194131571900e-01,1.136097376548803745e-02,3.957359283554304306e-04,1.560979360404878835e-01,-9.825724004620703389e-02,-1.752419766078069235e-02,-4.495221901155330158e-01,-1.022750207153874935e-01,-1.439672186085337313e-01,1.009530410532940847e-01,-3.095825587009075341e-02,1.420452442829237549e-01,1.897197804884731553e-02,6.959050498969399090e-02,5.200000000000000178e-01,-4.973660489267525686e-01,2.311146661946532066e-01,-5.964843351732113108e-01,8.130397105945299518e-01,2.316352505576283749e-01,-1.646758720457157377e-01,3.383338412535826789e-01,-1.400153048008148993e+00,-7.327281293296077358e-01,2.213120808340744983e-01,-5.691930384039133317e-01,-5.049323563474741317e-01,-1.295526007624166476e-01,-9.146449582414316604e-01
3.489644324775802164e-02,-1.160115031303498578e-01,7.716994350742159003e-01,-9.195962716866760978e-02,1.188572734876161829e-01,7.454475012203314321e-01,6.494031093507746100e-01,-4.659856989966044694e-01,8.178157427439002730e-03,-8.163696289089420605e-03,1.525479602902562459e-01,-8.934506450192716831e-02,-2.113258896568033160e-02,-4.630909400905391382e-01,-1.046342762401126364e-01,-1.495166393897265911e-01,1.010293375558529716e-01,-2.989598888457890846e-02,1.411241377825299681e-01,2.288403989592954768e-02,7.941001769665127774e-02,5.200000000000000178e-01,-4.986733368002986833e-01,2.268195124658704542e-01,-6.003061434333268886e-01,7.974407914896290972e-01,2.262455065890572603e-01,-1.651017164439987917e-01,3.340756071198731081e-01,-1.380746062354038406e+00,-7.371923983337743680e-01,2.264811141538096151e-01,-5.331382475424012446e-01,-5.225128487078218864e-01,-1.109507528438028745e-01,-9.147278398634091090e-01
3.613333707242620541e-02,-1.172761840166943181e-01,7.713876863811810480e-01,-9.417520608283030947e-02,1.214561536296192429e-01,7.466002288263320352e-01,6.472770130486823481e-01,-4.741178257507428495e-01,6.622556441545614236e-03,-1.158431671683044645e-02,1.467191844545354118e-01,-8.156751875315826350e-02,-2.596251792234449338e-02,-4.743049838948316110e-01,-1.078130389623984664e-01,-1.620966207676108606e-01,1.069330026288488888e-01,-3.251305904983547990e-02,1.373369354520308228e-01,2.781296199099259764e-02,8.786558817948485200e-02,5.200000000000000178e-01,-4.978005296983125105e-01,2.226589984950440582e-01,-6.002046420560481765e-01,7.780977423143720095e-01,2.198146635775346525e-01,-1.702194555053297975e-01,3.364599002036599562e-01,-1.324862482479998604e+00,-7.408500975561027602e-01,2.491871479480474438e-01,-4.611212973622140221e-01,-5.254562516332590416e-01,-9.048799152980266380e-02,-8.970968870655884331e-01
3.723548858712717041e-02,-1.189339778366374500e-01,7.712418597786401264e-01,-9.550710311109111839e-02,1.222389914049523824e-01,7.477782851366435724e-01,6.455723495579164251e-01,-4.795361302917413582e-01,6.632854185322077656e-03,-1.488460062724463254e-02,1.434221657971697650e-01,-7.614876275443691056e-02,-2.777914149315066292e-02,-4.849677330781359541e-01,-1.093758511549004636e-01,-1.704482446423225273e-01,1.192692022565007004e-01,-3.696093635073577355e-02,1.308063266159444349e-01,3.231330902103912717e-02,9.342486915373628131e-02,5.200000000000000178e-01,-4.968547293666193410e-01,2.289537574463189062e-01,-6.088978698868823258e-01,7.489990080898930591e-01,2.186739709760073813e-01,-1.796207305614849759e-01,3.378170244475879325e-01,-1.252736590072354161e+00,-7.532155728406166872e-01,2.928165186962086164e-01,-3.058059938746973128e-01,-5.164001713240449210e-01,-5.413618294333094605e-02,-8.676454340925303654e-01
3.812467492536757152e-02,-1.207160680374829848e-01,7.709559067685255451e-01,-9.351610791451372973e-02,1.204353323439828483e-01,7.477561802308884120e-01,6.462281046273268270e-01,-4.690088314480694298e-01,9.588661276725661542e-03,-4.886666585830761085e-03,1.299919342083803719e-01,-7.472624042144676570e-02,-2.618107100134976772e-02,-4.857005158000616274e-01,-1.091867559886798567e-01,-1.734038746720270585e-01,1.275335238134360782e-01,-3.886736541863187316e-02,1.288675735664661925e-01,3.321599312849744801e-02,9.251931907245740383e-02,5.200000000000000178e-01,-4.758540979793834391e-01,2.450052943490489132e-01,-6.055913384511686370e-01,6.969134397028613481e-01,2.215958827668788600e-01,-1.887655629535833768e-01,3.656987922135563895e-01,-1.193437700841082361e+00,-7.592581992782249101e-01,4.077615347644554800e-01,-2.191581536677453604e-02,-4.979424958588375416e-01,-5.740929370131623650e-05,-8.296776495571469567e-01
3.875698733430382736e-02,-1.225171665148667294e-01,7.708109067269528492e-01,-9.332772556904353478e-02,1.187914967178739928e-01,7.486832645271700448e-01,6.454857747189917117e-01,-4.654768639115040019e-01,1.312689544011981860e-02,4.565371794201971908e-03,1.222288112571713881e-01,-7.157544141309457597e-02,-2.588594608640613914e-02,-4.874229523333918346e-01,-1.083117349871325630e-01,-1.786008180611909357e-01,1.326254417601566704e-01,-3.607514141024014548e-02,1.282072982935352767e-01,3.366017074967462414e-02,9.564335265944003128e-02,5.200000000000000178e-01,-4.670290655278785952e-01,2.476985933678190754e-01,-6.012326314733561494e-01,6.698985376402911696e-01,2.048410347322226766e-01,-1.965376909745205902e-01,3.782689199675838831e-01,-1.129439289959163428e+00,-7.191751729025659401e-01,4.692905913108998406e-01,1.731802601874776193e-01,-4.542806434240114766e-01,4.115802102929635303e-03,-8.113631174491867659e-01
3.911730263041453964e-02,-1.242967609788407923e-01,7.699118572299801233e-01,-9.370783586247884156e-02,1.181313085664290052e-01,7.488537844222049600e-01,6.453540462342329809e-01,-4.699781528237469974e-01,1.573783380571579238e-02,7.637092874668473773e-03,1.259316281829624962e-01,-7.639751665259872371e-02,-3.251524353004283524e-02,-4.980661522379896677e-01,-1.100969203712270778e-01,-1.886966332973925575e-01,1.500359581462998304e-01,-3.894879603406083135e-02,1.244121835795306136e-01,3.888819816174426958e-02,1.015698431930036894e-01,5.200000000000000178e-01,-4.574214336287558691e-01,2.528797685805441176e-01,-5.959774264999525561e-01,6.359395956563428376e-01,2.002025461750944757e-01,-2.003634295389851439e-01,3.940691637903082634e-01,-1.086284794863245917e+00,-6.818510421194138305e-01,5.120959946061738322e-01,3.756878828686051608e-01,-4.008966746779159540e-01,-8.359915193190388481e-04,-7.918577855724822090e-01
3.922864579890630171e-02,-1.258852148989624553e-01,7.696599558546387554e-01,-9.556338348082916989e-02,1.174124955235250484e-01,7.508573084245639961e-01,6.428804305763664573e-01,-4.732069429293453977e-01,1.675098919647840384e-02,4.515770644891128026e-03,1.206759327405300813e-01,-7.443184553405715609e-02,-3.745505759402101287e-02,-5.030954037645973820e-01,-1.102740868187751799e-01,-1.951303600806600924e-01,1.543671185295821813e-01,-3.527888589895920857e-02,1.239735082041076297e-01,4.201655958380474953e-02,1.099667131146336435e-01,5.200000000000000178e-01,-4.540198102728428831e-01,2.503263222064255333e-01,-5.972871108303093868e-01,6.174560279920859873e-01,1.879842076059103362e-01,-2.028390833240021063e-01,4.014424505389132536e-01,-1.059408251507040211e+00,-6.528436848243185375e-01,5.276765100291114230e-01,4.812018937499785154e-01,-3.668915367868452182e-01,-6.365349774846229894e-03,-7.790558324430197912e-01
3.917339848948837855e-02,-1.274147936119595093e-01,7.692824315663898682e-01,-9.764675735606109797e-02,1.165238646222579583e-01,7.526527861352070303e-01,6.406255406040659572e-01,-4.785734803555921069e-01,1.872715312310311436e-02,4.430989703214977329e-03,1.197547615306378821e-01,-7.415365896298034554e-02,-3.794719147384209568e-02,-5.080427882485356594e-01,-1.094216643415166917e-01,-1.990666412667078944e-01,1.577485297338281633e-01,-3.223017393141121983e-02,1.233937801684532598e-01,4.108180483279007256e-02,1.140615586538077653e-01,5.200000000000000178e-01,-4.505979273688398012e-01,2.500386608117664000e-01,-5.949390345001623892e-01,5.995298461410585311e-01,1.848500288359930244e-01,-2.058853292388343748e-01,4.059939856185355578e-01,-1.048132544858856319e+00,-6.326162380213006253e-01,5.314030446715485301e-01,5.147038782721373718e-01,-3.609243925000369391e-01,-8.831013244498413239e-03,-7.826725394329081542e-01
3.898864601837074423e-02,-1.286344044580236268e-01,7.690211097628207870e-01,-9.941308655094598101e-02,1.167764883823362992e-01,7.535660172779996557e-01,6.392327804386123136e-01,-4.842910417762202879e-01,1.899336492661087700e-02,3.977065581731702854e-03,1.192973797201085373e-01,-7.235780061024754684e-02,-4.037482421592836213e-02,-5.122430132092380406e-01,-1.090761025967384446e-01,-1.998414270186268382e-01,1.570491699245575579e-01,-3.025254349750894356e-02,1.210421774715239318e-01,3.798782401631705524e-02,1.176893591926163052e-01,5.200000000000000178e-01,-4.451234353703442670e-01,2.493845745403517888e-01,-5.915991439305348099e-01,5.843134518860277904e-01,1.789130425252373757e-01,-2.087845680535638793e-01,4.015225149949032679e-01,-1.048300007945087930e+00,-6.211008894722956919e-01,5.209678126572031553e-01,5.019888815663108295e-01,-3.559632154866637088e-01,-9.165700788987582448e-03,-7.911286855028936138e-01
3.877423104886271871e-02,-1.295794272147191284e-01,7.689007158359714156e-01,-1.010781778016644483e-01,1.158350452136376330e-01,7.548777191760975835e-01,6.375931879844262129e-01,-4.877211448223980339e-01,2.043307355818171911e-02,1.852235994923491502e-03,1.189903048746890901e-01,-7.329059502015997096e-02,-3.995853980570286679e-02,-5.152096506234115081e-01,-1.070505224620624946e-01,-1.975121701665135121e-01,1.591578093146746031e-01,-2.847991618332526217e-02,1.217650284538265154e-01,3.312473328248013993e-02,1.173869530631093949e-01,5.200000000000000178e-01,-4.406644871984951584e-01,2.517929170612628886e-01,-5.883929537957356404e-01,5.706822383178378200e-01,1.802088936726874147e-01,-2.096961583269755791e-01,4.013586978641204839e-01,-1.054514797200194032e+00,-6.129401408257023620e-01,5.037801400192654100e-01,4.684384413856861884e-01,-3.648558022856934202e-01,-2.267194257690543537e-03,-8.061022314598815797e-01
3.853789596451562272e-02,-1.302474488602774760e-01,7.685365387902490797e-01,-1.025170260815843892e-01,1.161507854802810019e-01,7.557954964725561720e-01,6.362172757065822637e-01,-4.919552918445596612e-01,2.005758373371645253e-02,2.472260423729364526e-04,1.184916225968615372e-01,-7.429625817614209093e-02,-4.735364289972586460e-02,-5.192998399317738656e-01,-1.076205055415677819e-01,-1.991086288930956349e-01,1.615416314427644828e-01,-3.173646052365163006e-02,1.173189583719584650e-01,3.049088230165885802e-02,1.210308585463386460e-01,5.200000000000000178e-01,-4.382506946520650093e-01,2.518878649203938891e-01,-5.868432288537596131e-01,5.605727339161490352e-01,1.810546816287433580e-01,-2.105426151887659358e-01,4.008470476374141334e-01,-1.062577346819131074e+00,-6.113420559682527511e-01,4.891427665058422636e-01,4.301741938933241194e-01,-3.786217293409259721e-01,5.761746090007655724e-03,-8.228208037221503846e-01
3.834893626693988700e-02,-1.306993926448945520e-01,7.681672627166984402e-01,-1.041779241028731734e-01,1.161223142852899209e-01,7.565410804465141359e-01,6.350654783968873174e-01,-4.971676338593166156e-01,2.092813728526203218e-02,-6.001075516991576098e-04,1.208291629084284613e-01,-7.694867619766884714e-02,-4.697732543120902715e-02,-5.247042236037279261e-01,-1.071389865612878967e-01,-1.988659449327974671e-01,1.665336530946751603e-01,-3.258183886718454131e-02,1.156644605312770746e-01,2.676275327940799004e-02,1.225416333897367538e-01,5.200000000000000178e-01,-4.343936293219022859e-01,2.510648418056285469e-01,-5.814979307654709606e-01,5.511071656200893232e-01,1.821984453274268778e-01,-2.101914958350459828e-01,4.034253411383765808e-01,-1.067906186306479155e+00,-6.099733143688175208e-01,4.724879339420561819e-01,3.892968320248641478e-01,-3.902754457430662183e-01,1.268564956250317795e-02,-8.370959333095656651e-01
3.816822411149322497e-02,-1.310017167770262114e-01,7.679188997709075482e-01,-1.053742792297194392e-01,1.166743180967287630e-01,7.561934975420367966e-01,6.351808868728842095e-01,-5.015957280889981051e-01,2.164891269968169385e-02,-6.831760918685706591e-04,1.232605686487448921e-01,-7.838249505180525101e-02,-4.787083124012656010e-02,-5.292327784859893747e-01,-1.064763468365058779e-01,-1.983447555566002496e-01,1.690780539153464712e-01,-3.363797009215368367e-02,1.150272017503521371e-01,2.304591158788087818e-02,1.195713613430879896e-01,5.200000000000000178e-01,-4.289072152967463580e-01,2.523601629992197615e-01,-5.745585157192248937e-01,5.415786625739252846e-01,1.812671474371788660e-01,-2.117686146320864604e-01,4.065971498394390649e-01,-1.074115130904144566e+00,-6.088267728526010059e-01,4.588511491471416459e-01,3.552733569599758612e-01,-4.044022608333672775e-01,2.001972775958600279e-02,-8.478631568847380118e-01
3.797926036744686540e-02,-1.312346031064209884e-01,7.676909092170031146e-01,-1.060751058342426362e-01,1.164976814843413505e-01,7.561985715778749562e-01,6.350906096570870796e-01,-5.042907547341292096e-01,2.276265137122979176e-02,7.953100164337714717e-05,1.259661813161189747e-01,-8.052461481525388654e-02,-5.018991020394430319e-02,-5.321744802940189256e-01,-1.060814736716912676e-01,-1.996194899163450664e-01,1.730062763468000198e-01,-3.504370583391212129e-02,1.132586790960192630e-01,1.947822632492831468e-02,1.170419188501323760e-01,5.200000000000000178e-01,-4.249786707804869001e-01,2.536321543461162453e-01,-5.689315427334880049e-01,5.346728787458553400e-01,1.809278352666928991e-01,-2.117640385347581977e-01,4.079864829768121703e-01,-1.075504250910263249e+00,-6.081570528841280243e-01,4.468743493652920784e-01,3.322759209086097454e-01,-4.135610165476270028e-01,2.674797126841737399e-02,-8.536443999540488381e-01
3.776675789861697746e-02,-1.313917356909331258e-01,7.674638632903714175e-01,-1.072129982718936919e-01,1.166415891139149369e-01,7.562560295293844215e-01,6.348046396262272406e-01,-5.070665189392796757e-01,2.364289949405136426e-02,-1.457994228581255269e-04,1.263412223841652582e-01,-8.183999409140307879e-02,-5.175341404776211129e-02,-5.355067947089150460e-01,-1.054293439859163434e-01,-1.995336708600925490e-01,1.752615463831129483e-01,-3.562887384483694186e-02,1.124551708841817904e-01,1.674781775490773172e-02,1.145642236102398931e-01,5.200000000000000178e-01,-4.205936849501512032e-01,2.552256603743983665e-01,-5.636279887365946983e-01,5.252654324948244913e-01,1.803943273212672560e-01,-2.136070540732975809e-01,4.126683861805079401e-01,-1.075228736507982008e+00,-6.069846548240936945e-01,4.382911212196655137e-01,3.185643211168938116e-01,-4.196812277141152570e-01,3.151680134230196856e-02,-8.587677195331044899e-01
3.752740226049269129e-02,-1.315357887423740657e-01,7.673520564761230345e-01,-1.081968446119805916e-01,1.166767258802664659e-01,7.564280154289235725e-01,6.344262304855733392e-01,-5.090898311283750255e-01,2.432172272055382889e-02,6.824470245465549811e-05,1.262462014592694581e-01,-8.270292671137853546e-02,-5.293612560513760723e-02,-5.377880493768812942e-01,-1.048776681589036752e-01,-1.997010720383063376e-01,1.766033258918674742e-01,-3.591276680654140185e-02,1.121949167582556028e-01,1.468663398619694110e-02,1.129698059510603481e-01,5.200000000000000178e-01,-4.177544952622278540e-01,2.563550335758748022e-01,-5.602522299384063986e-01,5.174315581922223073e-01,1.777900953052327371e-01,-2.147331873398709567e-01,4.142058215783346320e-01,-1.074189009902615899e+00,-6.058218929093247551e-01,4.324387875620963606e-01,3.118704215519439993e-01,-4.207911035461499583e-01,3.279248750747440488e-02,-8.626280760819099447e-01
3.727699277590178217e-02,-1.316765631050917928e-01,7.671783729226815396e-01,-1.086807767930486612e-01,1.161144016565977405e-01,7.563946112542611067e-01,6.344865061993886224e-01,-5.096772020958604266e-01,2.576610612131976716e-02,1.076907135231723600e-03,1.271268241690681200e-01,-8.564273422017079640e-02,-5.116470248020914963e-02,-5.392037834508957017e-01,-1.037357804434531072e-01,-1.989477411484757985e-01,1.791540393642498674e-01,-3.612505443240322800e-02,1.129056568455118481e-01,1.249470193691471810e-02,1.102710163985003849e-01,5.200000000000000178e-01,-4.151191554447890009e-01,2.584406745306092046e-01,-5.574109130363780196e-01,5.102801476273739478e-01,1.758266962202200134e-01,-2.154307141394918856e-01,4.154953214957068375e-01,-1.072396237017345655e+00,-6.056504001587594832e-01,4.301445612910443916e-01,3.085050022875894804e-01,-4.212976579280669487e-01,3.328353411803712525e-02,-8.626117850125397668e-01
3.704548724249374925e-02,-1.317866823734105408e-01,7.670000044949610851e-01,-1.095630601439716023e-01,1.161520856938544205e-01,7.563041264166180389e-01,6.344357313440454060e-01,-5.113350249636352540e-01,2.661105673113875469e-02,9.423609399431716327e-04,1.270448955727324081e-01,-8.765673843530358278e-02,-5.117968082040906530e-02,-5.418658246951651991e-01,-1.029510617584843690e-01,-1.981177656836515255e-01,1.810968209926326622e-01,-3.621719714279966751e-02,1.132039173266750076e-01,1.134767553359401077e-02,1.093848581126281028e-01,5.200000000000000178e-01,-4.131902439195657140e-01,2.618587659717773186e-01,-5.569330972443059524e-01,5.012950087899561424e-01,1.774877968391073146e-01,-2.152980010217563911e-01,4.154429029746929403e-01,-1.070894525741751258e+00,-6.086069904567054101e-01,4.317478601152276441e-01,3.067274454594667854e-01,-4.237136946149144823e-01,3.396118935860464871e-02,-8.598455364384666177e-01
3.688193104033443692e-02,-1.318799974252196916e-01,7.668385345368567974e-01,-1.100817107148479440e-01,1.159482755057307662e-01,7.563117928585633143e-01,6.343740902309984442e-01,-5.124716421651572817e-01,2.743064792771629512e-02,9.279148804248876781e-04,1.278720265173111381e-01,-8.989126903341840280e-02,-5.159780677078415478e-02,-5.436806331590016139e-01,-1.022736678639141472e-01,-1.972178909410591263e-01,1.833968320534500041e-01,-3.688962795021222263e-02,1.131339825656240833e-01,1.083406304998961109e-02,1.092189150897511646e-01,5.200000000000000178e-01,-4.123921447356259096e-01,2.641233643209385251e-01,-5.572634919502267303e-01,4.946733285865127505e-01,1.786263082521955536e-01,-2.145541337395486803e-01,4.152026051997110279e-01,-1.069813102853957698e+00,-6.111926670880619694e-01,4.350041523890846307e-01,3.091624034304717439e-01,-4.256816999705448912e-01,3.463956664066514257e-02,-8.548073485162859253e-01
3.681673684128166507e-02,-1.319253895529671483e-01,7.666973718145687622e-01,-1.105591205153970830e-01,1.160686374638202484e-01,7.562415389655809950e-01,6.343528095713973913e-01,-5.136565967220871887e-01,2.779371220817525995e-02,4.701429575185052390e-04,1.280632055309668949e-01,-9.097464792751411289e-02,-5.201479802595389973e-02,-5.459597782075785721e-01,-1.020433946281496113e-01,-1.966699075970651245e-01,1.858241398947851619e-01,-3.749336161939293560e-02,1.128321796794449217e-01,1.080297357720890264e-02,1.100373756059524200e-01,5.200000000000000178e-01,-4.118840806287110690e-01,2.654482417410944928e-01,-5.582305985951049321e-01,4.896189279506478753e-01,1.786307247603938775e-01,-2.137608858101106291e-01,4.128845208128834599e-01,-1.069874115038271567e+00,-6.146704037364737472e-01,4.403856819186823257e-01,3.116379718971520885e-01,-4.284325733996357521e-01,3.512247559482425951e-02,-8.463890750720003409e-01
3.686589207672524848e-02,-1.319222019588859596e-01,7.665947121880261061e-01,-1.106953202181779755e-01,1.158045066108553678e-01,7.563454913687955861e-01,6.342533878636428257e-01,-5.135790574860944480e-01,2.845549892873410966e-02,5.586574665103830051e-04,1.280932700142085601e-01,-9.248796089561199529e-02,-5.293510373442644745e-02,-5.468307973114506781e-01,-1.018117339295658008e-01,-1.973366483215648337e-01,1.882215684480685602e-01,-3.864351979245512353e-02,1.123253548111878275e-01,1.097970475009651947e-02,1.099757486539104795e-01,5.200000000000000178e-01,-4.114872392673761814e-01,2.662429759272019747e-01,-5.578979518535853721e-01,4.856804931759086674e-01,1.769992961545310550e-01,-2.141333631789889558e-01,4.121723153665045047e-01,-1.070512948238647510e+00,-6.169879903559984946e-01,4.450723358819332343e-01,3.160435297181631298e-01,-4.310330029088811354e-01,3.662723812182268335e-02,-8.426407024775464105e-01
3.701159002508177392e-02,-1.318432577426118524e-01,7.664623306377430501e-01,-1.105955475689051198e-01,1.157138376632431409e-01,7.561801918724057048e-01,6.344843970114556475e-01,-5.133682406047834768e-01,2.917618158424432201e-02,1.635944993936305075e-03,1.286611026172883865e-01,-9.407983788773741085e-02,-5.447791536408227303e-02,-5.474226476264930641e-01,-1.016930764230352946e-01,-1.983018271647973285e-01,1.901931058486793225e-01,-4.038258201762979366e-02,1.111049974613407126e-01,1.107381074329568185e-02,1.104678701768812554e-01,5.200000000000000178e-01,-4.105383183259394553e-01,2.659925581156434848e-01,-5.567235951347874190e-01,4.837871727839890834e-01,1.759346799465392186e-01,-2.147497978759090598e-01,4.130782240667802974e-01,-1.071454290488990990e+00,-6.180327226278615749e-01,4.490576580474096025e-01,3.194432290030886357e-01,-4.341960658753142299e-01,3.799120066042570298e-02,-8.391974019339810686e-01
3.724344600599979044e-02,-1.316817082758297841e-01,7.664101420997334602e-01,-1.106877026479994724e-01,1.158737267549355271e-01,7.562294304366375952e-01,6.343804540430837413e-01,-5.136634990036783588e-01,2.943090981620247876e-02,1.935796813462231647e-03,1.287816205976400341e-01,-9.434931444321813243e-02,-5.692283059926466632e-02,-5.477839543624208885e-01,-1.016765412585792228e-01,-1.990439290469140088e-01,1.907626800518031351e-01,-4.184363043807320937e-02,1.101059857556680732e-01,1.132026831953447665e-02,1.113454420429210445e-01,5.200000000000000178e-01,-4.106379150318467675e-01,2.660721089243830439e-01,-5.566804893265504539e-01,4.827434321365885461e-01,1.765117113534563076e-01,-2.155814720400816842e-01,4.142230234656310017e-01,-1.072400578604473242e+00,-6.199966483474584900e-01,4.516259508010149748e-01,3.209853432987153643e-01,-4.390060843437611493e-01,3.958336755216770864e-02,-8.374010716516995245e-01
3.751762249282799416e-02,-1.314425403650296975e-01,7.664577176747882081e-01,-1.107575748725839609e-01,1.161223874360735736e-01,7.561207525495744486e-01,6.344523294214907683e-01,-5.138163081333949611e-01,2.977562165941559369e-02,2.551716745785255480e-03,1.290146647455352458e-01,-9.432202152735624789e-02,-5.803098407067332903e-02,-5.476200718939918666e-01,-1.012508055104646004e-01,-1.988968684972683421e-01,1.901775483782729426e-01,-4.293913962454488920e-02,1.104975696074491226e-01,1.088414848130726462e-02,1.114340180679343761e-01,5.200000000000000178e-01,-4.090349572772115083e-01,2.645570677128762926e-01,-5.543174499524990972e-01,4.817019336475169555e-01,1.735697206255496228e-01,-2.169421689525532493e-01,4.161310711560987086e-01,-1.071386990163366137e+00,-6.192233575139359791e-01,4.516089083939522353e-01,3.198890762687606748e-01,-4.412123491613963444e-01,4.049250374101027311e-02,-8.371398226858374203e-01
3.780977795010505987e-02,-1.311648115300109441e-01,7.664280887291554656e-01,-1.105202618117299002e-01,1.159516014878291396e-01,7.562518997611622495e-01,6.343686325387689617e-01,-5.130678065909412000e-01,3.019661828216561872e-02,2.891816313946249384e-03,1.293748290790583677e-01,-9.494721408459047551e-02,-5.849929739314005395e-02,-5.470224988425786972e-01,-1.010877549226405631e-01,-1.993370249463240207e-01,1.912828315145539138e-01,-4.466116503245557562e-02,1.099154516470972620e-01,1.057661077322259030e-02,1.114158417733144557e-01,5.200000000000000178e-01,-4.098029411638244301e-01,2.654353386510925339e-01,-5.547850126056248499e-01,4.818333203736721582e-01,1.738468758988625795e-01,-2.171638132203546623e-01,4.143917179894038294e-01,-1.069893422397009575e+00,-6.180972296237842167e-01,4.498956096014206096e-01,3.188487890663312396e-01,-4.429034113742317258e-01,4.142440292530088358e-02,-8.356032121043134309e-01
3.806647386758513912e-02,-1.308372094391542784e-01,7.664167019380533352e-01,-1.108077953347210848e-01,1.161904783010922482e-01,7.565003535291979775e-01,6.339784068526473915e-01,-5.135764570849435939e-01,3.040382587745383419e-02,3.282716132068042025e-03,1.292361824944544824e-01,-9.489847720888144877e-02,-6.099868071315656115e-02,-5.473458597658725777e-01,-1.011427840759605429e-01,-2.002871703124983749e-01,1.916764052637408844e-01,-4.619629416193293814e-02,1.091326638698808110e-01,1.037110473850967260e-02,1.128210322177080754e-01,5.200000000000000178e-01,-4.102117785086770718e-01,2.648385032713415077e-01,-5.546394379578917233e-01,4.812394584056831626e-01,1.724137203420082753e-01,-2.176122500814780258e-01,4.124648226960606068e-01,-1.069113256484130359e+00,-6.176400928892941122e-01,4.466710422116937917e-01,3.148717017020153941e-01,-4.446864643445817555e-01,4.240346298281347237e-02,-8.359295683040971481e-01
3.826665416468942593e-02,-1.305129963384926428e-01,7.664663868076845299e-01,-1.104482702433734753e-01,1.160107095035377012e-01,7.566143280426419482e-01,6.339380517695040185e-01,-5.123930883660642310e-01,3.053635197931600306e-02,3.331598318484223220e-03,1.294470344206951617e-01,-9.524938132005594804e-02,-6.208461947687336779e-02,-5.463316913377400663e-01,-1.012519743041340459e-01,-2.010545725371508941e-01,1.927096021378189861e-01,-4.816132022886744635e-02,1.079826969735644682e-01,1.047096791213879795e-02,1.133226270273767766e-01,5.200000000000000178e-01,-4.114628155568296197e-01,2.644370463972556817e-01,-5.546952400541671491e-01,4.824908743291710933e-01,1.728500149811674769e-01,-2.175706157377084171e-01,4.127326004619310540e-01,-1.068623250192801910e+00,-6.159164673037873516e-01,4.431264687652296530e-01,3.142439702207141528e-01,-4.463975667807568160e-01,4.421122920997517386e-02,-8.375839299408709415e-01
3.838720396340129792e-02,-1.301843064938301153e-01,7.665237048531607922e-01,-1.106375809623137696e-01,1.160864508719069987e-01,7.568584046428471490e-01,6.335997292646647905e-01,-5.123942204152550639e-01,3.056513951474452290e-02,2.903782479768683700e-03,1.292170387013975019e-01,-9.509167604172408250e-02,-6.349390514164739152e-02,-5.459948909443853582e-01,-1.012498966405804279e-01,-2.018131400812946397e-01,1.926333802358576597e-01,-4.909881753705073321e-02,1.072404684552023812e-01,9.989194383934651283e-03,1.142151211229011643e-01,5.200000000000000178e-01,-4.127165680530030523e-01,2.634901751694689320e-01,-5.553210581914628241e-01,4.833832707057904576e-01,1.724206557966668218e-01,-2.180342813040368199e-01,4.130119337177801109e-01,-1.068678322187060159e+00,-6.159200145724677000e-01,4.407578520746308626e-01,3.107971272015860320e-01,-4.489242959363022867e-01,4.534961866579388656e-02,-8.382156980675244951e-01
3.842500358471422767e-02,-1.298796277159785517e-01,7.665093069129343961e-01,-1.103948210792007195e-01,1.158487780540909812e-01,7.568977650002248758e-01,6.336385542562336104e-01,-5.113770306673588451e-01,3.069869526018810524e-02,2.475401936883850351e-03,1.295465289054937574e-01,-9.635898313695059891e-02,-6.167218467000393917e-02,-5.453328590020976030e-01,-1.010722317170860002e-01,-2.011834691482712323e-01,1.937317898711562458e-01,-5.059711023713878847e-02,1.065566390620397430e-01,9.963488781871775168e-03,1.138013415849384868e-01,5.200000000000000178e-01,-4.132492538480800892e-01,2.628862636171039879e-01,-5.552121932632689827e-01,4.830061249377695654e-01,1.702311410752345711e-01,-2.183254547686240277e-01,4.115515929269413786e-01,-1.068474262903069016e+00,-6.155705893523969463e-01,4.382857782704942529e-01,3.075581947230117130e-01,-4.501623624078945896e-01,4.591000279936719580e-02,-8.376921810152749837e-01
3.837719443486422438e-02,-1.295948100236819500e-01,7.665421079024665740e-01,-1.101208573194384643e-01,1.157557925980648023e-01,7.567358250868339020e-01,6.338965880120942531e-01,-5.104193663504704714e-01,3.063975424728934693e-02,2.262955083786377664e-03,1.300813325309635726e-01,-9.758435093795722604e-02,-5.988405269684534543e-02,-5.447176401271155433e-01,-1.008678467979165633e-01,-1.998463177647281375e-01,1.943697747819719268e-01,-5.181567079619685962e-02,1.063782177263145334e-01,9.667298392599631141e-03,1.141361492581005749e-01,5.200000000000000178e-01,-4.136295987644598715e-01,2.622266384949699658e-01,-5.555682284095301293e-01,4.829847024957124035e-01,1.690044429185420249e-01,-2.182000253696922687e-01,4.090726325181974765e-01,-1.069217416476048621e+00,-6.153400472155505785e-01,4.369781755340543250e-01,3.040875325965342046e-01,-4.498104828613419537e-01,4.532407416782313625e-02,-8.350167135518566930e-01
3.826720424606698534e-02,-1.293385730702861502e-01,7.666171950393874113e-01,-1.098668700993998548e-01,1.157500205179527869e-01,7.565203395184633139e-01,6.341988485479335136e-01,-5.096300282196577491e-01,3.042879785768863588e-02,2.141374682938197022e-03,1.305689626471593368e-01,-9.806210703850867794e-02,-5.852828414329249579e-02,-5.440485822061027488e-01,-1.009314349589887361e-01,-1.994008603546157388e-01,1.945666983358917135e-01,-5.243562505130042184e-02,1.064453666931331616e-01,9.480517264420861012e-03,1.139420810258175848e-01,5.200000000000000178e-01,-4.147542817810775384e-01,2.625259418393123267e-01,-5.569545531050208442e-01,4.829641949002544954e-01,1.668048566716445746e-01,-2.175298159815997334e-01,4.049902755178741987e-01,-1.070995347728005198e+00,-6.166885154876126096e-01,4.376289479234756752e-01,3.003576619573954942e-01,-4.482751106790833773e-01,4.474034530140841293e-02,-8.316844729784296231e-01
3.812309067947063090e-02,-1.291015695229097704e-01,7.666451163899548060e-01,-1.096688746592563712e-01,1.157440658821172752e-01,7.564574508327709390e-01,6.343092102623414386e-01,-5.094086111492902580e-01,2.994533621364937545e-02,1.294637752711179368e-03,1.317194789416822609e-01,-9.889481655574995644e-02,-5.672573280167440835e-02,-5.438471983973471868e-01,-1.011784670338489178e-01,-1.984040945406818357e-01,1.955181496274512876e-01,-5.345599135708013760e-02,1.055063262259079981e-01,9.793107893981876921e-03,1.144496680150869639e-01,5.200000000000000178e-01,-4.155446532115961156e-01,2.621928455199710184e-01,-5.574629098816772377e-01,4.817831963652049465e-01,1.661377146193259990e-01,-2.169622835903277924e-01,4.012979127163021631e-01,-1.072690518129331361e+00,-6.198272572973883010e-01,4.376688032611257273e-01,2.949771163800961049e-01,-4.484753129238281399e-01,4.353480373562503697e-02,-8.272573069435221749e-01
3.796099849636729029e-02,-1.288544796012814631e-01,7.665593928499351284e-01,-1.097179470667660889e-01,1.157190183112070808e-01,7.562738197741349921e-01,6.345242236643021672e-01,-5.098339874648943892e-01,3.008992473229789993e-02,1.057464579964490642e-03,1.334157963625166032e-01,-1.008990980741839710e-01,-5.489697908883237054e-02,-5.445715608681002129e-01,-1.011406828401684999e-01,-1.977998583467292515e-01,1.974900804450872571e-01,-5.486995142787672031e-02,1.055374053665139172e-01,9.462161509586721961e-03,1.146063433568931395e-01,5.200000000000000178e-01,-4.145929074937402259e-01,2.624796994433181152e-01,-5.575742280435059817e-01,4.778048444644396042e-01,1.641172618560283181e-01,-2.168106821044248345e-01,4.000452110580280940e-01,-1.075093649308610511e+00,-6.222446531513806667e-01,4.375734509472754552e-01,2.889743013333033739e-01,-4.493074707814914137e-01,4.371338231813965552e-02,-8.243220087580405142e-01
3.782626039317119049e-02,-1.286058086108290699e-01,7.665620256091608686e-01,-1.095313457564221493e-01,1.156428260153649912e-01,7.560932042779729967e-01,6.347855445208531178e-01,-5.097642562483729600e-01,3.003644948940983883e-02,8.817190173449444834e-04,1.351395094809105524e-01,-1.020600723165798751e-01,-5.299255653360671753e-02,-5.445984640837370216e-01,-1.012708163784447751e-01,-1.974754806148911745e-01,1.989543513182411016e-01,-5.556490249881753524e-02,1.047822179062613268e-01,9.444349131149798807e-03,1.151286887829723327e-01,5.200000000000000178e-01,-4.144984516329423552e-01,2.618997992703840372e-01,-5.572695703606034279e-01,4.763628829020748467e-01,1.636908921948279916e-01,-2.156966086953221728e-01,3.987046017388488628e-01,-1.077391980879020661e+00,-6.246264341094204253e-01,4.378093352654603421e-01,2.842039589261949883e-01,-4.497217284456130892e-01,4.376231162874257008e-02,-8.195562427070010036e-01
3.774247836747508106e-02,-1.283340897514601842e-01,7.666151519697460559e-01,-1.096151865854852747e-01,1.157837103169828963e-01,7.560437836244947585e-01,6.348042537174919397e-01,-5.096095446987650712e-01,2.978840947965805466e-02,2.663800902986852848e-04,1.350313044609837698e-01,-1.020955088031270941e-01,-5.267759701865947636e-02,-5.446728998980254755e-01,-1.013224582138935459e-01,-1.969761637103698282e-01,1.992530676043795246e-01,-5.613827161426503815e-02,1.043923057257914733e-01,9.561603553051741672e-03,1.157391406207471385e-01,5.200000000000000178e-01,-4.148863420932171198e-01,2.615208796117977630e-01,-5.569870373733956104e-01,4.746753484437443715e-01,1.632106280617008354e-01,-2.153186098361416223e-01,3.966435339716651298e-01,-1.079750890660670093e+00,-6.280038743248819166e-01,4.375910066899404427e-01,2.790003057936428776e-01,-4.521359025105531337e-01,4.414489186929439202e-02,-8.145580165410230000e-01
3.772558441390192613e-02,-1.280298476460750567e-01,7.666768792990937831e-01,-1.097084182230712857e-01,1.159833939939504122e-01,7.560979635421226641e-01,6.346871550741300938e-01,-5.095584953307593645e-01,2.951889561410981494e-02,1.099219723980672525e-04,1.348220112157252348e-01,-1.016510747084796162e-01,-5.297750264934302650e-02,-5.443848099450145916e-01,-1.015533229978363705e-01,-1.971876594387433623e-01,1.988296458632113628e-01,-5.678925561780211878e-02,1.038867821941299313e-01,9.199300534635183879e-03,1.156713203097110426e-01,5.200000000000000178e-01,-4.150600051564933834e-01,2.609823254940334958e-01,-5.566461779464948467e-01,4.730968842104839589e-01,1.593801828860053615e-01,-2.152698033022192592e-01,3.955055557954657575e-01,-1.081825038798393646e+00,-6.303613331198075764e-01,4.372028889119987105e-01,2.747926241080029253e-01,-4.527798774098404366e-01,4.440852135874463757e-02,-8.116779466878301097e-01
3.779099803959801163e-02,-1.276940670052570115e-01,7.667946785109481800e-01,-1.094460014731434838e-01,1.161017334428144920e-01,7.559478743979324289e-01,6.348895742145732601e-01,-5.086791717292283854e-01,2.929459496610548053e-02,1.215215385828409544e-04,1.347872887438505141e-01,-1.011049324488256795e-01,-5.144514340098964300e-02,-5.435408351526543891e-01,-1.015236538962362434e-01,-1.962872269299644756e-01,1.983892142394735325e-01,-5.712665226193446022e-02,1.035446397103434168e-01,8.840631736784235889e-03,1.152117344241988112e-01,5.200000000000000178e-01,-4.148861153783470201e-01,2.605985331293413920e-01,-5.553817855966836081e-01,4.725682019566593839e-01,1.583869165132082979e-01,-2.149314239318514674e-01,3.944537941842229389e-01,-1.083044815123005433e+00,-6.317963861084173738e-01,4.372044416665376021e-01,2.714158062913862302e-01,-4.544648950457424452e-01,4.499199058659200667e-02,-8.079334603941686899e-01
3.793452921308727854e-02,-1.273399771721265561e-01,7.669212871406502208e-01,-1.089865707377983550e-01,1.160750861493446973e-01,7.558583402334334567e-01,6.350800510752925288e-01,-5.070546572050773637e-01,2.919003402560232940e-02,4.150350531557690792e-04,1.343889559715052417e-01,-1.005606842479977725e-01,-5.161737225977088700e-02,-5.416065951076700635e-01,-1.015427032181629718e-01,-1.964280962424727883e-01,1.970418104258959135e-01,-5.757974043164956757e-02,1.032998160044718144e-01,8.474508636707832679e-03,1.150259748348434197e-01,5.200000000000000178e-01,-4.158096498796400309e-01,2.607796110498122877e-01,-5.549810912673610597e-01,4.735908616638881963e-01,1.586024067193277931e-01,-2.149060695208909189e-01,3.924098313728725529e-01,-1.083963043427086603e+00,-6.338838058705558165e-01,4.379744981346026522e-01,2.686924408473303494e-01,-4.576353304574639624e-01,4.561970317663592567e-02,-8.031597319178388483e-01
3.814227575238943874e-02,-1.269696747320878394e-01,7.670334252482250426e-01,-1.082748470174234451e-01,1.158451594993419459e-01,7.558094751399410116e-01,6.353018918692217021e-01,-5.049716679872041647e-01,2.924166885887061196e-02,1.011543460191201282e-03,1.345700343865602888e-01,-1.004681515149158377e-01,-5.209751769196162285e-02,-5.391323439384105853e-01,-1.016066468553124963e-01,-1.969026182065974628e-01,1.962546368200475955e-01,-5.888766809403947478e-02,1.028683506692432692e-01,7.856955955892339777e-03,1.147012005392843842e-01,5.200000000000000178e-01,-4.158895832872341325e-01,2.602493597924755431e-01,-5.535694062937781545e-01,4.746396003403956509e-01,1.556345569751048652e-01,-2.155987636545013963e-01,3.911889961031568830e-01,-1.083847959012046003e+00,-6.345181354751899816e-01,4.375135441472480791e-01,2.667480255537406642e-01,-4.599608442459944269e-01,4.634974002979921903e-02,-7.992147075353044361e-01
3.840330089247365880e-02,-1.265892009758393943e-01,7.672951468814795950e-01,-1.073313463177586607e-01,1.158034541687680968e-01,7.556345409960792958e-01,6.356775775138239215e-01,-5.022527986612372874e-01,2.879295097716733781e-02,1.477814062471390077e-03,1.340341967766404407e-01,-9.884776835712755227e-02,-5.246857708359389805e-02,-5.359690408580802812e-01,-1.019163893381485886e-01,-1.974109941697722304e-01,1.942306254846964397e-01,-5.929575112045866458e-02,1.027938398958365557e-01,7.627377226921170511e-03,1.152681121328808511e-01,5.200000000000000178e-01,-4.169848427750749154e-01,2.590069663812523126e-01,-5.530167570199790994e-01,4.787361219010266566e-01,1.532492786299069487e-01,-2.151069233413160087e-01,3.906085094159408300e-01,-1.082435955883849887e+00,-6.342099655884269049e-01,4.362653434126723129e-01,2.638279014702039627e-01,-4.589697442355542001e-01,4.484875982577302828e-02,-7.939658939248862568e-01
3.869445060171865236e-02,-1.262183546173921700e-01,7.674813149976517090e-01,-1.063587941821318023e-01,1.155663624707705534e-01,7.554518891058652486e-01,6.361011444823667649e-01,-4.994914015847737310e-01,2.871575686077001976e-02,1.911427618851952587e-03,1.339611708780924226e-01,-9.799184847060903036e-02,-5.183125949233466367e-02,-5.331811158957160401e-01,-1.018566372352081029e-01,-1.969496700684382207e-01,1.933279409861380083e-01,-5.971576120673313670e-02,1.024836708837679883e-01,6.954881720744394286e-03,1.152426296945408962e-01,5.200000000000000178e-01,-4.175920680378119587e-01,2.586525777522455938e-01,-5.521013923191686601e-01,4.816231675045178906e-01,1.513120179618691885e-01,-2.151597262153731038e-01,3.888254052713946418e-01,-1.081019050755254174e+00,-6.342205899106674316e-01,4.353181915783385647e-01,2.606311451728527961e-01,-4.591042016808042914e-01,4.428792835534156591e-02,-7.881948906072985261e-01
3.899097135239550094e-02,-1.258797351734569081e-01,7.676880073251338699e-01,-1.049787755643036002e-01,1.151558184812598862e-01,7.551693431563843983e-01,6.367400233279555399e-01,-4.963390252471853170e-01,2.862097531119654065e-02,3.021423517873173675e-03,1.352485199854705222e-01,-9.764629971368515848e-02,-5.135760031328553271e-02,-5.298065188844658380e-01,-1.019602831320960690e-01,-1.964669339676592408e-01,1.930608060448528729e-01,-6.071098388568885174e-02,1.023963113838653322e-01,6.397916093675597680e-03,1.150368472509620960e-01,5.200000000000000178e-01,-4.187530880133690792e-01,2.584037885457320383e-01,-5.515871819714143198e-01,4.858456112961170859e-01,1.504710454727255786e-01,-2.148912879036264378e-01,3.867460731363048243e-01,-1.079145751563436173e+00,-6.341140384605269409e-01,4.347794840751275092e-01,2.578547798771185784e-01,-4.588851574651231502e-01,4.385589124551939749e-02,-7.820145074466602342e-01
3.927761928080651666e-02,-1.255806352191182751e-01,7.678858515692136288e-01,-1.033883338174446387e-01,1.144352298670696516e-01,7.549060973315001588e-01,6.374419305375567113e-01,-4.928055078892985552e-01,2.878919384876119786e-02,4.617026238524946091e-03,1.374998219651009657e-01,-9.842424673496799614e-02,-5.008165672794008538e-02,-5.262801889833192970e-01,-1.017779666268223832e-01,-1.947972527470865078e-01,1.938754751627201345e-01,-6.188210971998675536e-02,1.018916296543514316e-01,5.669993213605366809e-03,1.156426007602692901e-01,5.200000000000000178e-01,-4.206611351571162838e-01,2.584474208512646531e-01,-5.518719190141523345e-01,4.910680474808495899e-01,1.523509071805962123e-01,-2.143176676911140999e-01,3.842538333163479369e-01,-1.076281059091173109e+00,-6.339707355497720132e-01,4.333946877792543839e-01,2.543659173636678150e-01,-4.593380772429295766e-01,4.228639659343265411e-02,-7.742822350387847941e-01
3.952964928543248324e-02,-1.253255931231103126e-01,7.680705255051256675e-01,-1.017193931004214957e-01,1.136552872494207556e-01,7.547078989122781856e-01,6.380843424398910946e-01,-4.890600309097342668e-01,2.883590995084924641e-02,6.038917700599968214e-03,1.396424905979888886e-01,-9.927391136253135850e-02,-5.180593540789111412e-02,-5.225318347354296344e-01,-1.021699811803726821e-01,-1.956044277270406195e-01,1.951473915954214655e-01,-6.383983122051258008e-02,1.014240749099230426e-01,5.236372510075170024e-03,1.170983686451899097e-01,5.200000000000000178e-01,-4.234106266642199135e-01,2.585963347726580874e-01,-5.532211135759901310e-01,4.967422047709177391e-01,1.563765594636460921e-01,-2.133618059252410659e-01,3.819574812558498289e-01,-1.073405297361510691e+00,-6.348831462942393644e-01,4.321071269764919509e-01,2.504739943427550242e-01,-4.600828708538274858e-01,4.062893784096394817e-02,-7.675449716081383933e-01
3.975815836709415546e-02,-1.250938158257234589e-01,7.682357280602301053e-01,-9.976412758813919812e-02,1.124444200549095940e-01,7.545573015452591292e-01,6.387852925121473291e-01,-4.847847067538308963e-01,2.914386400970144647e-02,7.518263363237773916e-03,1.427038500995213011e-01,-1.006138010387761517e-01,-4.868726516623550493e-02,-5.176663413118673951e-01,-1.020588693184682205e-01,-1.948072074741219739e-01,1.959515008985283635e-01,-6.521669577678608498e-02,1.011107583774117219e-01,3.895481882397753941e-03,1.160423120445329415e-01,5.200000000000000178e-01,-4.246402345445986493e-01,2.596274661881644574e-01,-5.535510178623244126e-01,5.004679044595008452e-01,1.566367239726124405e-01,-2.135052968858910105e-01,3.788047423807464065e-01,-1.069534235302895597e+00,-6.361009461283235744e-01,4.326822777719593893e-01,2.460267506884107891e-01,-4.599909010390388908e-01,3.923341921565164092e-02,-7.586841782637823162e-01
3.991616934696633201e-02,-1.248559587869785825e-01,7.683277269547837962e-01,-9.810582079676780087e-02,1.117704485962089933e-01,7.539926585516245616e-01,6.398262932989300378e-01,-4.815444177961829553e-01,2.928863498492308842e-02,9.046159644587044996e-03,1.457507985809929907e-01,-1.023899364162028924e-01,-4.695128276027476372e-02,-5.144413241475574994e-01,-1.021734569776261148e-01,-1.942047655452249777e-01,1.971146123200209765e-01,-6.689708713727351985e-02,1.014257760602804981e-01,2.765429878101709205e-03,1.159752700949687743e-01,5.200000000000000178e-01,-4.245068935741606042e-01,2.600267515540578001e-01,-5.529504641380387220e-01,5.025188697244641345e-01,1.572088728855347839e-01,-2.144469656879567088e-01,3.772773687049060243e-01,-1.066751538164008473e+00,-6.362674792211826524e-01,4.319756084670808294e-01,2.392016513756458351e-01,-4.606384274639010457e-01,3.719346166684789345e-02,-7.497263801054478982e-01
4.000899826152966993e-02,-1.246356643221491062e-01,7.686189004030339333e-01,-9.593248311427393649e-02,1.108053674293285190e-01,7.535113637881558635e-01,6.408898141447521013e-01,-4.763910360660302823e-01,2.914450521355702040e-02,1.131578450828183563e-02,1.475834356995094632e-01,-1.021600486675511982e-01,-4.727994717977917344e-02,-5.088517368397301732e-01,-1.025443483300584879e-01,-1.942179165839070798e-01,1.964128371906042059e-01,-6.809898612330238243e-02,1.009528692719253024e-01,1.797985916177555037e-03,1.152149164349522137e-01,5.200000000000000178e-01,-4.262761483260183448e-01,2.610853097579197146e-01,-5.538744528685322077e-01,5.071824568500786778e-01,1.597003715493438558e-01,-2.144044083923941912e-01,3.754533703741549933e-01,-1.063537321294497850e+00,-6.384808698284683004e-01,4.333702951048075125e-01,2.341090603605928966e-01,-4.635835504410105723e-01,3.633060672986850037e-02,-7.387622960268328542e-01
4.002705024091689212e-02,-1.243923330839127039e-01,7.687796482256833430e-01,-9.422855893303697106e-02,1.099993544567449272e-01,7.531598577589437848e-01,6.416941244557490265e-01,-4.729882506673639408e-01,2.893184741774171287e-02,1.260297382840490366e-02,1.506781657742969904e-01,-1.032392843250056202e-01,-4.572448688675777306e-02,-5.047018842045457587e-01,-1.028775804187175985e-01,-1.936385306760663172e-01,1.966492570081250502e-01,-6.961406777904033394e-02,1.012837527302903745e-01,1.122864776436654013e-03,1.142826318313683170e-01,5.200000000000000178e-01,-4.263712992774548738e-01,2.596000181293701137e-01,-5.525486063392751612e-01,5.091568159171280250e-01,1.582187030736324773e-01,-2.143748899470841462e-01,3.748834876711530373e-01,-1.059577478521806615e+00,-6.387521174947279334e-01,4.318370315624961431e-01,2.264629505092956296e-01,-4.625450103264385771e-01,3.461004248493181057e-02,-7.293104744248920523e-01
3.995681288117502311e-02,-1.241376149462252582e-01,7.689480745946437601e-01,-9.324798823256731650e-02,1.096855703900023460e-01,7.528181627000832821e-01,6.422917578855186216e-01,-4.710542766156775585e-01,2.861690449319305440e-02,1.361264492397282894e-02,1.527319013670909442e-01,-1.036109404832155217e-01,-4.558383235324914989e-02,-5.024398280469024591e-01,-1.032630849106624255e-01,-1.933916380017483838e-01,1.969353232867408487e-01,-7.034426005420026107e-02,1.013198848176776884e-01,3.734906745035126985e-04,1.144233494518734351e-01,5.200000000000000178e-01,-4.269424457478370738e-01,2.597122985411390861e-01,-5.520135761613589320e-01,5.084735192611646859e-01,1.594591789141978355e-01,-2.141976959167169736e-01,3.723414998129551678e-01,-1.056717955601554682e+00,-6.419997058042726801e-01,4.314964515928446653e-01,2.158863581243503360e-01,-4.644731917343007388e-01,3.317082792069725450e-02,-7.193037324131114074e-01
3.980640446252455000e-02,-1.238867640908197371e-01,7.689978442674338943e-01,-9.259452969536578759e-02,1.096640219354397955e-01,7.520733145091171856e-01,6.432618323565510998e-01,-4.702000712614674560e-01,2.880367657516487434e-02,1.605556617302827255e-02,1.553452198805136408e-01,-1.049967758107381299e-01,-4.284251151011778114e-02,-5.014511149982875393e-01,-1.032171042931084443e-01,-1.921361756610519556e-01,1.971449007893495420e-01,-7.111747878422980396e-02,1.016534203791977647e-01,-5.649970547844255023e-04,1.130056070554105174e-01,5.200000000000000178e-01,-4.259839598180960030e-01,2.593681761001834229e-01,-5.487328630631413962e-01,5.052975590117970706e-01,1.574807943848349490e-01,-2.143101423595824284e-01,3.699184615439560786e-01,-1.055022022561678430e+00,-6.450074979541449149e-01,4.321600858101629639e-01,2.043137233881177073e-01,-4.660130034477397154e-01,3.305626639881859008e-02,-7.098193978134658133e-01
3.959283578675574372e-02,-1.236635210956246733e-01,7.691295100277995012e-01,-9.258377816397032889e-02,1.101928077777437620e-01,7.516474311507009842e-01,6.436706676395109739e-01,-4.704580402466277955e-01,2.814825827568451580e-02,1.680871810044705025e-02,1.556862038024804662e-01,-1.042087025561758973e-01,-4.367333585702229404e-02,-5.013604988660875783e-01,-1.036884338505295461e-01,-1.916543584789009991e-01,1.957855666923654925e-01,-7.114454130569368429e-02,1.021320059665258434e-01,-9.978419493096527676e-04,1.130415690801818834e-01,5.200000000000000178e-01,-4.270578659701183555e-01,2.591570997151934064e-01,-5.468524675649832911e-01,5.012811944608995818e-01,1.576535858702441117e-01,-2.141675983874825606e-01,3.683428944707756170e-01,-1.054060128603456548e+00,-6.483463886905767026e-01,4.306784979097760258e-01,1.926284774447457604e-01,-4.700271274641905639e-01,3.373266068001069817e-02,-7.023428889258950258e-01
3.935986196493260897e-02,-1.234907511134221425e-01,7.692223109084870281e-01,-9.251151807222057766e-02,1.103495828039092325e-01,7.514067142945846101e-01,6.439351972923925693e-01,-4.706083824405207228e-01,2.771658032305578112e-02,1.706747975659129654e-02,1.566904626737545270e-01,-1.042253614321011906e-01,-4.140050467754729374e-02,-5.009728688833836596e-01,-1.035877091423684643e-01,-1.891622176631934382e-01,1.947620290634236584e-01,-7.075970544364648673e-02,1.022370477427023278e-01,-1.631363544130645313e-03,1.135214768522022077e-01,5.200000000000000178e-01,-4.281532370313232971e-01,2.572685200324488219e-01,-5.446099785535665205e-01,4.969771299398351161e-01,1.528405957866169895e-01,-2.125419288034769427e-01,3.660975667093960828e-01,-1.052241660122346767e+00,-6.506781454122791963e-01,4.295471382968952256e-01,1.828835320365137795e-01,-4.710181256748532941e-01,3.554919149683155588e-02,-6.944422969920782673e-01
3.913099517176262671e-02,-1.233870191856871051e-01,7.691916070583552090e-01,-9.291401306254359893e-02,1.105748131355846903e-01,7.510060748126885510e-01,6.443058842437203726e-01,-4.716981959988360562e-01,2.817480625861236085e-02,1.812901236687496087e-02,1.576044315141164331e-01,-1.050286938285683175e-01,-3.926088395388806912e-02,-5.016980186115002072e-01,-1.029948357088456418e-01,-1.879408204595990894e-01,1.938851620036539103e-01,-7.006915901478819042e-02,1.025673950283828434e-01,-3.137520488631743987e-03,1.113480193041104099e-01,5.200000000000000178e-01,-4.290327756523182323e-01,2.566222150496885734e-01,-5.403188930983766625e-01,4.906970531472058528e-01,1.494677619659548484e-01,-2.124821158974742885e-01,3.632551390564257576e-01,-1.052498035937887932e+00,-6.527939067127096484e-01,4.296754739678059209e-01,1.740295100278122509e-01,-4.731354708554852961e-01,3.693559869814896923e-02,-6.858801610681880545e-01
3.894078590676312845e-02,-1.233558621139430045e-01,7.691464065751967283e-01,-9.313504221906078462e-02,1.107338870322904789e-01,7.506709767779661258e-01,6.446370721551684113e-01,-4.728014103892804743e-01,2.848292383563991170e-02,1.900442886084809796e-02,1.590507437377317035e-01,-1.058285507877713971e-01,-3.883407487949741554e-02,-5.024512126769746789e-01,-1.027378334641393803e-01,-1.872757601059799326e-01,1.938000849799793590e-01,-6.984051647789463191e-02,1.020498760371850444e-01,-4.158507341104052644e-03,1.109444556673416238e-01,5.200000000000000178e-01,-4.301764682771326287e-01,2.545314512298836318e-01,-5.344158147622894983e-01,4.858800743912956577e-01,1.459185834356827582e-01,-2.124378209484511781e-01,3.616129099181653594e-01,-1.051941149662330099e+00,-6.530840875249042110e-01,4.272580247005252629e-01,1.673522940811192905e-01,-4.733356490894383151e-01,3.731764867580826539e-02,-6.793810374624481563e-01
3.880509524080891920e-02,-1.233683703040947821e-01,7.690995040377209824e-01,-9.362999413379860525e-02,1.111075322994414388e-01,7.503303260161792165e-01,6.448976215844557380e-01,-4.744264248798408801e-01,2.888016058482114484e-02,2.000462666483543081e-02,1.597501791729438181e-01,-1.060694776910424408e-01,-3.877355141189615245e-02,-5.037770669206349528e-01,-1.022958025120793008e-01,-1.865079990864066117e-01,1.931938608644319655e-01,-6.959424434043634533e-02,1.009228218924498460e-01,-5.532574906516395108e-03,1.107894561751849860e-01,5.200000000000000178e-01,-4.316815624528672068e-01,2.535803634006455476e-01,-5.300910931321347608e-01,4.800054559477231475e-01,1.420596213653294582e-01,-2.130335363693785788e-01,3.592768960252894495e-01,-1.051207225035884596e+00,-6.524278662889868574e-01,4.244854110908621858e-01,1.600827959071263462e-01,-4.719310342627522914e-01,3.731751678473357176e-02,-6.737032705131865695e-01
3.873353212513525046e-02,-1.234238243897765319e-01,7.690178274161294514e-01,-9.386900259554462056e-02,1.115069686997815640e-01,7.501060602119614673e-01,6.450548075290911676e-01,-4.763943491833704247e-01,2.883906522952722415e-02,2.084524229651470162e-02,1.615153688962959189e-01,-1.057359165197496731e-01,-3.845359124348877305e-02,-5.052843699772453512e-01,-1.025009338330219871e-01,-1.860421907783627038e-01,1.936672374498414617e-01,-6.986676605584697664e-02,9.922787169913532823e-02,-6.594142247578503591e-03,1.104720168179777473e-01,5.200000000000000178e-01,-4.335668372776473323e-01,2.524074212139073570e-01,-5.256510242702153723e-01,4.747748912944154132e-01,1.370074560383643669e-01,-2.131692124368153030e-01,3.580758466784206284e-01,-1.049957193283146628e+00,-6.523669151333951755e-01,4.219496638969152391e-01,1.534974017517022893e-01,-4.695921136072582769e-01,3.697131980931969708e-02,-6.675888472912971938e-01
3.870369219427093055e-02,-1.235226114943193260e-01,7.689632105331649647e-01,-9.446045063493524463e-02,1.116908866285807461e-01,7.500553712843661680e-01,6.449955884480437218e-01,-4.781985917131488240e-01,2.947795316211884037e-02,2.167511796198747995e-02,1.622403883601202801e-01,-1.058763536711456454e-01,-3.896511327415186354e-02,-5.068213460356489897e-01,-1.019305129838514179e-01,-1.857445606249495673e-01,1.939314581381082481e-01,-6.964911163290847529e-02,9.853435921231724903e-02,-8.505194097607686465e-03,1.105061372300922551e-01,5.200000000000000178e-01,-4.359513656140106552e-01,2.521734615428383730e-01,-5.212221215133586716e-01,4.695935080312222953e-01,1.326180445393332352e-01,-2.129793398314278330e-01,3.570638239750525966e-01,-1.047561803789312629e+00,-6.515332094621671954e-01,4.179312042893867929e-01,1.478581813494085906e-01,-4.677635418940360168e-01,3.666493044994965922e-02,-6.630862759949543994e-01
3.870782437127600478e-02,-1.236553765440999431e-01,7.690419872332903140e-01,-9.490156593729535961e-02,1.118194574202315550e-01,7.502785702029944881e-01,6.446488725027328393e-01,-4.793143991385422353e-01,2.953574171050668551e-02,2.154792807807537000e-02,1.619260283667795230e-01,-1.046825374305160455e-01,-4.036280122314159918e-02,-5.073635164230635430e-01,-1.016902655324482818e-01,-1.857564541622884202e-01,1.931428006263559982e-01,-6.884852274874446454e-02,9.775857315050846819e-02,-9.875442626984001077e-03,1.116269402236635677e-01,5.200000000000000178e-01,-4.397248779743857527e-01,2.527778469778577120e-01,-5.192335960938442296e-01,4.653463189552302648e-01,1.306392740673687491e-01,-2.115053539973653918e-01,3.548491804914504222e-01,-1.044279774522265836e+00,-6.524957335729467678e-01,4.152198842534499668e-01,1.429671778069132870e-01,-4.653388291197183557e-01,3.597913660759536475e-02,-6.565536950239435621e-01
3.872017835183705348e-02,-1.238193791108819358e-01,7.689973247967986092e-01,-9.528812969744207551e-02,1.118158577488130023e-01,7.505539614958958161e-01,6.442717882830804044e-01,-4.811048155770089596e-01,2.982342418524957378e-02,2.194947765849116980e-02,1.633875780223504048e-01,-1.048616648519750394e-01,-4.060073174620065090e-02,-5.083875196357554582e-01,-1.016331748596408097e-01,-1.862166809815088142e-01,1.937257384398824445e-01,-6.846429437779590066e-02,9.718922333557737658e-02,-1.073007815742104722e-02,1.133109013664224118e-01,5.200000000000000178e-01,-4.437537639678217349e-01,2.514247713992884270e-01,-5.159322893451212533e-01,4.609741836768924128e-01,1.255772922489246934e-01,-2.104001997891504772e-01,3.523484310098349281e-01,-1.039491008125826399e+00,-6.514561672100334100e-01,4.098389059583084082e-01,1.388148502669161732e-01,-4.609360739558393538e-01,3.551089461494292415e-02,-6.513077097298943796e-01
3.872964901345860717e-02,-1.240067406879408474e-01,7.688743923871529384e-01,-9.561449085752544985e-02,1.118033391124429315e-01,7.506762829288977645e-01,6.440830697584111197e-01,-4.829834093166827658e-01,3.044684831824607391e-02,2.341208597474416994e-02,1.653655377627472334e-01,-1.056618970135343311e-01,-4.186316281194751854e-02,-5.095273523644487934e-01,-1.016630434983229192e-01,-1.876068322635809915e-01,1.946703464291347219e-01,-6.881663909683492786e-02,9.666519372184549652e-02,-1.123055561192244124e-02,1.148181186841505108e-01,5.200000000000000178e-01,-4.466919431253832951e-01,2.517258624622084606e-01,-5.125233248481927406e-01,4.523158462871591512e-01,1.222717595998519674e-01,-2.106711596919529916e-01,3.511072558031635982e-01,-1.034245563102831778e+00,-6.500912348826365372e-01,4.046439813513747485e-01,1.338656181609887974e-01,-4.584014749330817540e-01,3.491930231122519074e-02,-6.471147277885518356e-01
3.873911549506484087e-02,-1.241987680795902521e-01,7.688281737164235352e-01,-9.587673926400197555e-02,1.118094360811850985e-01,7.509929984314525075e-01,6.436736884309058881e-01,-4.850810845484858636e-01,3.056821706565114594e-02,2.415039752190021108e-02,1.677922297648562489e-01,-1.058459620113368083e-01,-4.310038487386315398e-02,-5.102752925101218251e-01,-1.018325482745513211e-01,-1.879986948254403489e-01,1.949605118501241685e-01,-6.851165332706220246e-02,9.601763936607811412e-02,-1.167655604417563650e-02,1.172122222851620099e-01,5.200000000000000178e-01,-4.502576349568171987e-01,2.517300152863501395e-01,-5.078895390628650475e-01,4.408735253998045112e-01,1.175753471257963007e-01,-2.114154404567442913e-01,3.506582578846941245e-01,-1.028134509447183875e+00,-6.499845923507063805e-01,4.001039917964477888e-01,1.285120860118882380e-01,-4.566568339514073260e-01,3.495174787980945275e-02,-6.440188284269364738e-01
3.874378084073206580e-02,-1.243716870550281434e-01,7.687395005871523468e-01,-9.603210558075885028e-02,1.116439704045072701e-01,7.513412401691871301e-01,6.432727255146696299e-01,-4.871242341798032172e-01,3.069628200177505067e-02,2.409668768147892395e-02,1.709745041056826287e-01,-1.068002114777835965e-01,-4.304719030438678568e-02,-5.110231819763901839e-01,-1.019682228848171335e-01,-1.881644448696786487e-01,1.962408932766175618e-01,-6.884005169885412667e-02,9.561316817797722856e-02,-1.239297468160630369e-02,1.190133653361525601e-01,5.200000000000000178e-01,-4.546799812849678379e-01,2.540582349207646806e-01,-5.029324269963079130e-01,4.228645529114526957e-01,1.143478283186934036e-01,-2.120590322295467511e-01,3.507975851740315898e-01,-1.021069705730793808e+00,-6.487781403026281479e-01,3.955271683018866113e-01,1.234006930475895630e-01,-4.539352526870069626e-01,3.551043316434131236e-02,-6.385849901982556531e-01
3.873019190315232785e-02,-1.245015992252954812e-01,7.686973256612359418e-01,-9.591138034791038547e-02,1.114976103939333274e-01,7.515086378027485692e-01,6.431205620286591929e-01,-4.878245321221217901e-01,3.070751767773652330e-02,2.462624149341397298e-02,1.727860252398120688e-01,-1.072156341426677151e-01,-4.536152844048822741e-02,-5.112931299066292290e-01,-1.025169234959337206e-01,-1.896002476865372710e-01,1.975649494153909613e-01,-6.918452004772718267e-02,9.490277643078026681e-02,-1.247312152687786793e-02,1.220488179243100213e-01,5.200000000000000178e-01,-4.628737527804701601e-01,2.559398799110602640e-01,-4.943822769521400984e-01,4.001503353389733730e-01,1.121059772206447619e-01,-2.119504266144626170e-01,3.536194830854955673e-01,-1.013134316972314819e+00,-6.477597821586816851e-01,3.907770726214369050e-01,1.178915226911345093e-01,-4.514961962638462389e-01,3.631692208767874769e-02,-6.320387608301113458e-01
3.869766532005619597e-02,-1.245418791537035164e-01,7.686897178253423446e-01,-9.618171164117950145e-02,1.115710520160689972e-01,7.516624684025345893e-01,6.428876358220069198e-01,-4.887573141090013618e-01,3.074047651947536819e-02,2.466079268584087797e-02,1.733144824898847913e-01,-1.075062706659171696e-01,-4.653708269681976206e-02,-5.119606419692062094e-01,-1.027314674932552768e-01,-1.905311779429049168e-01,1.980135457510979191e-01,-6.925757397317228170e-02,9.515482067220173978e-02,-1.273882841576529090e-02,1.243394873491822095e-01,5.200000000000000178e-01,-4.752104925224377441e-01,2.589113897770679573e-01,-4.825784192863564193e-01,3.686942851873370453e-01,1.091728213329614394e-01,-2.111790772586958909e-01,3.593592021938235570e-01,-1.004484031616175610e+00,-6.464045531567270686e-01,3.851039163774147012e-01,1.113867907312588862e-01,-4.482639179699555165e-01,3.740195098018388870e-02,-6.270548092888840186e-01
3.863771119578478241e-02,-1.245058299946083941e-01,7.686886773632358727e-01,-9.654925147452084189e-02,1.115256064527823388e-01,7.517616217247029553e-01,6.427244707080116415e-01,-4.897190802718426328e-01,3.117814363474284700e-02,2.478710566392756248e-02,1.742141144745437409e-01,-1.081419170175019484e-01,-4.714055898887468954e-02,-5.125792409899396773e-01,-1.024457488758260260e-01,-1.908929009537701504e-01,1.984492316226451891e-01,-6.887789426041286689e-02,9.497863776915092815e-02,-1.334837700768324274e-02,1.258117368021297588e-01,5.200000000000000178e-01,-4.906472682457967971e-01,2.623423452728838035e-01,-4.681073855841779152e-01,3.321348301854673002e-01,1.065429593310993767e-01,-2.105683571750635308e-01,3.642914418425057255e-01,-9.949907837253261222e-01,-6.442330859908946827e-01,3.795920931664587550e-01,1.046545566750543971e-01,-4.442236781446931015e-01,3.814910373528405951e-02,-6.207180416028243997e-01
3.852478031173718620e-02,-1.243924899620310331e-01,7.687108645326647949e-01,-9.683947238311500783e-02,1.117764346306225481e-01,7.516752996092790351e-01,6.427381964743708043e-01,-4.902410350954695684e-01,3.111599427839016607e-02,2.481908367447613686e-02,1.740826561603874278e-01,-1.083481030136942413e-01,-4.921052552348435805e-02,-5.130367890994784741e-01,-1.027290314848124247e-01,-1.923089210155293494e-01,1.982187024684860799e-01,-6.907816848622981565e-02,9.528424905209385842e-02,-1.332976311308041624e-02,1.274395026524112740e-01,5.200000000000000178e-01,-5.047152186882222225e-01,2.650332265027687262e-01,-4.523773435737447057e-01,2.957454232020320650e-01,1.056432591113311281e-01,-2.099893789922434306e-01,3.722515974515546167e-01,-9.857144463008362667e-01,-6.437369717494643151e-01,3.741970923429654983e-01,9.698007918021464557e-02,-4.405837850881230700e-01,3.768582542016982867e-02,-6.129242050467796910e-01
3.835326811119092738e-02,-1.242242879056447979e-01,7.686305493945964074e-01,-9.695134785464455673e-02,1.116773325861142169e-01,7.515039745870715215e-01,6.429388662349262429e-01,-4.908909523396750574e-01,3.158084976780929642e-02,2.527737092432300395e-02,1.760616473247413327e-01,-1.102709298016551070e-01,-4.874999191103747409e-02,-5.138013746706726614e-01,-1.026679121213971146e-01,-1.926269612432228162e-01,2.000843830424601788e-01,-6.990917332299523279e-02,9.441671330819120800e-02,-1.324127667989155425e-02,1.274287244093715854e-01,5.200000000000000178e-01,-5.161545354360588256e-01,2.674422407564734372e-01,-4.374794162556311927e-01,2.627515515272980662e-01,1.056228154706396194e-01,-2.087121372776580275e-01,3.803107571210908033e-01,-9.756748269546233754e-01,-6.434585325880411988e-01,3.691092302180571938e-01,8.935179487541375365e-02,-4.376724068248512567e-01,3.763916677733820243e-02,-6.072713448988269480e-01
3.809966254348962772e-02,-1.240300271337751309e-01,7.686930537148869425e-01,-9.720827532972478591e-02,1.118070831429174294e-01,7.510595308285076266e-01,6.433966960733908946e-01,-4.907285280735806943e-01,3.204261230401478366e-02,2.622201883400504183e-02,1.758674663658642001e-01,-1.113508006950872237e-01,-4.957934355200467602e-02,-5.142575640499897904e-01,-1.023233994032257677e-01,-1.928609007806804665e-01,2.002362552922339334e-01,-7.014595261046961683e-02,9.364103888792467412e-02,-1.376335438436397662e-02,1.276191368984113672e-01,5.200000000000000178e-01,-5.238653941512337875e-01,2.708553292886639041e-01,-4.249815200332611731e-01,2.353934758962287210e-01,1.056147760533266006e-01,-2.075337982926109270e-01,3.865450965554944607e-01,-9.673925321350577144e-01,-6.431534170370469816e-01,3.652619172318173901e-01,8.248639464040509461e-02,-4.353349354948031769e-01,3.757103611050029157e-02,-6.018062286004234318e-01
3.777808884302816250e-02,-1.238278360066378814e-01,7.685844035101002669e-01,-9.816024467503657591e-02,1.122686821306233401e-01,7.508346746853837850e-01,6.434342240416529579e-01,-4.930906788054363887e-01,3.239663371678623560e-02,2.629463466528927929e-02,1.768707466939616335e-01,-1.132946608220243567e-01,-4.884597494797460193e-02,-5.166047934655693119e-01,-1.018797836844453214e-01,-1.918269866339971652e-01,2.008053525294486996e-01,-7.050267268117163533e-02,9.375743513122616890e-02,-1.483747551263177658e-02,1.277334346989944525e-01,5.200000000000000178e-01,-5.308436008492674052e-01,2.738681337469388022e-01,-4.136322538857730713e-01,2.086115278351307889e-01,1.073285437720220697e-01,-2.072436395076855120e-01,3.920514302775526261e-01,-9.595122960998417883e-01,-6.438151774060543175e-01,3.616714298813107353e-01,7.293658756417636946e-02,-4.355860521504228977e-01,3.774232564892080616e-02,-5.967896079046980384e-01
3.738752255194756347e-02,-1.236714828200336513e-01,7.685593505995332864e-01,-9.883131632895868213e-02,1.125847525248775544e-01,7.505253198073992271e-01,6.436371561210543213e-01,-4.949211720031142514e-01,3.269690031418438086e-02,2.707261936555943951e-02,1.783123064013915904e-01,-1.148431595988718135e-01,-4.760701889395181630e-02,-5.185663293959934528e-01,-1.015266226128894306e-01,-1.903850639362537067e-01,2.017798455781927847e-01,-7.058745181517335487e-02,9.358213088153785608e-02,-1.634334265432226679e-02,1.270821732669211723e-01,5.200000000000000178e-01,-5.374236014148086049e-01,2.765899183373407566e-01,-4.035916988489593460e-01,1.838139379434592102e-01,1.071440489727895490e-01,-2.059080085323389819e-01,3.957005564120137930e-01,-9.507998451252409611e-01,-6.415136195041253320e-01,3.575210780240157260e-01,6.484220753191909103e-02,-4.323227904760968965e-01,3.762157480500406825e-02,-5.906749967410734881e-01
3.694847966252115534e-02,-1.235725498926044941e-01,7.684230178175166515e-01,-9.955016159411471388e-02,1.132396059912670616e-01,7.500629611027425092e-01,6.439503950952386591e-01,-4.979170187687764759e-01,3.250210642514866216e-02,2.728145718705334011e-02,1.807347479660952883e-01,-1.164255548254949368e-01,-4.694732343558064014e-02,-5.213854208467084694e-01,-1.016509230104958306e-01,-1.889365016317984258e-01,2.027722976287547330e-01,-7.079060316261358288e-02,9.333663692253291178e-02,-1.704274101428795291e-02,1.275505715390015948e-01,5.200000000000000178e-01,-5.437273037431827882e-01,2.791540574721819157e-01,-3.936947887928630707e-01,1.608571356177118938e-01,1.093633252823649482e-01,-2.057360862915054711e-01,3.993924211885839792e-01,-9.432087944036959826e-01,-6.388655079758496225e-01,3.526082779124866673e-01,5.524020611467068964e-02,-4.295146251625436840e-01,3.663715707364639806e-02,-5.863040834054588091e-01
3.647825857520689552e-02,-1.235583320486516173e-01,7.682860892047206347e-01,-1.001661207047853247e-01,1.138740013818632241e-01,7.494406000258552192e-01,6.444674135323864572e-01,-5.010196055087050571e-01,3.255261915155914509e-02,2.870163572588514331e-02,1.838689615091231855e-01,-1.181398034000971931e-01,-4.651378627282586747e-02,-5.240985577608654467e-01,-1.018979043957386615e-01,-1.883561681127880749e-01,2.036636858874648071e-01,-7.077859929459104360e-02,9.388709170025148765e-02,-1.790348493990108480e-02,1.281682872264812145e-01,5.200000000000000178e-01,-5.502427627302468593e-01,2.813480981191756602e-01,-3.831678782438812103e-01,1.369258771339146308e-01,1.130953629673714794e-01,-2.044186556627147211e-01,4.040972814226454490e-01,-9.350537111472103646e-01,-6.345196830049606440e-01,3.469762851678494520e-01,4.583480663560828006e-02,-4.253165341050849091e-01,3.634590885323335518e-02,-5.797697722550781974e-01
3.601018803362691922e-02,-1.236301763522089647e-01,7.681843101427812126e-01,-1.009982367466668585e-01,1.145361924529665759e-01,7.487758297322767431e-01,6.449926926727013177e-01,-5.043103517740532560e-01,3.279357625482073879e-02,2.984178337184930502e-02,1.863995569954913778e-01,-1.197932602237926913e-01,-4.564402164099060771e-02,-5.271008164637808191e-01,-1.015648418611398152e-01,-1.866782860193002824e-01,2.040073059873510064e-01,-7.022078191063194086e-02,9.483688379417953840e-02,-1.890127294194681590e-02,1.279403748626650461e-01,5.200000000000000178e-01,-5.578512635207347747e-01,2.846840086583072305e-01,-3.709302989359907210e-01,1.097496228087777997e-01,1.169761922559666850e-01,-2.030573179431937603e-01,4.084920997450916524e-01,-9.272400107608009812e-01,-6.315811681720794324e-01,3.418653009332668358e-01,3.608230112203570511e-02,-4.213657551748913876e-01,3.653762777298980718e-02,-5.739581846981895996e-01
3.558444983965227543e-02,-1.238105138546518325e-01,7.680224140799642996e-01,-1.016562021632519269e-01,1.148722147350791367e-01,7.483036010274403127e-01,6.453774953722566377e-01,-5.074087161318127093e-01,3.311091922073353122e-02,3.038994812172703119e-02,1.895362304660485331e-01,-1.219890232429705623e-01,-4.434888095227647320e-02,-5.298028478700519406e-01,-1.012433444771157209e-01,-1.853549282664724851e-01,2.051958536585057058e-01,-6.995643550742536299e-02,9.575365650210326818e-02,-1.971335486656917990e-02,1.276317056672644501e-01,5.200000000000000178e-01,-5.654290561959208761e-01,2.879484560641911717e-01,-3.606044920925887687e-01,8.718667694343371077e-02,1.197835919432765073e-01,-2.022403909426548629e-01,4.121190525634493840e-01,-9.198541383544450722e-01,-6.287925240880709588e-01,3.375701494136066905e-01,2.812737348138456134e-02,-4.171033505199276403e-01,3.595963106696745820e-02,-5.672482782770822407e-01
3.522585087535599901e-02,-1.240875704885499586e-01,7.678995669006306590e-01,-1.016886998363420169e-01,1.145363234483457032e-01,7.478534712887663360e-01,6.459535776028122456e-01,-5.086460446395157931e-01,3.389690871903330849e-02,3.120907188613237376e-02,1.929444779718479108e-01,-1.247766809830234136e-01,-4.287106968427929765e-02,-5.309901457996961671e-01,-1.006901477037785431e-01,-1.844337612106954905e-01,2.072767122812639862e-01,-6.989924520854377821e-02,9.599557006640045687e-02,-2.040699806256227045e-02,1.267254262469420800e-01,5.200000000000000178e-01,-5.749014653710653455e-01,2.921308257126694063e-01,-3.498707301469927700e-01,6.580545375293024579e-02,1.261647039440131624e-01,-2.002330002959772370e-01,4.184647320908231882e-01,-9.118356952361016399e-01,-6.249942019803943483e-01,3.330663684381123257e-01,2.238047362199499860e-02,-4.125696390958864535e-01,3.571629936935330485e-02,-5.621519022050237568e-01
3.496353826999163555e-02,-1.244094894639184296e-01,7.677681496372757985e-01,-1.016444895572422707e-01,1.145647949575318292e-01,7.473704600731394532e-01,6.465142696871041261e-01,-5.101674368808836180e-01,3.415837053862741390e-02,3.233363050473844758e-02,1.957964590709528330e-01,-1.261128292004833062e-01,-4.178224369048940540e-02,-5.323911328432608947e-01,-1.008509525625431308e-01,-1.845804493242272915e-01,2.087731207896696972e-01,-6.985827904558984669e-02,9.608376608510249550e-02,-2.069460383922502519e-02,1.258728239392690462e-01,5.200000000000000178e-01,-5.839268718118693080e-01,2.970201719658341899e-01,-3.429457846499401330e-01,4.638511010597545087e-02,1.298047876164091230e-01,-1.988621892966135618e-01,4.213007155397137105e-01,-9.056119401803421898e-01,-6.220818096000402253e-01,3.304485340716259434e-01,1.644379953501262301e-02,-4.087337703209038553e-01,3.592716062516782688e-02,-5.571004861352275572e-01
3.481937568290312257e-02,-1.247371525953600846e-01,7.675833160119941434e-01,-1.016992917858424994e-01,1.145522711990056147e-01,7.469784188495410815e-01,6.469607971016841930e-01,-5.120253252268829325e-01,3.459737116006567081e-02,3.287503501412245011e-02,1.988624694423940242e-01,-1.280251686919827714e-01,-3.944405215451300684e-02,-5.341458240918622868e-01,-1.006274975521989495e-01,-1.836946312224010114e-01,2.104602007693112675e-01,-6.944419793332334834e-02,9.642587970007324150e-02,-2.084666498148908878e-02,1.250661330000621962e-01,5.200000000000000178e-01,-5.938282125205611717e-01,2.996370154579013900e-01,-3.338713167378428714e-01,2.774034191283422657e-02,1.327814461382960387e-01,-1.974721701366706217e-01,4.255335646533599525e-01,-8.996682138192572120e-01,-6.186091077350273082e-01,3.271255782386885969e-01,1.023259938300317626e-02,-4.038257742136646677e-01,3.439047862181740522e-02,-5.517493684315780689e-01
3.479723422771110325e-02,-1.250543433915949632e-01,7.674694827036009359e-01,-1.017252490950917715e-01,1.147834124992877514e-01,7.466111697411760284e-01,6.473395578282482576e-01,-5.136979954996929720e-01,3.458871972029160802e-02,3.276036724862766564e-02,2.008936547295552821e-01,-1.286218274387039839e-01,-3.963688773876637012e-02,-5.358644424690501840e-01,-1.007075148173436907e-01,-1.833292478569724937e-01,2.116626460570818213e-01,-6.924864430771107693e-02,9.616002909717102920e-02,-2.022358448573471218e-02,1.252872804527617179e-01,5.200000000000000178e-01,-6.043105346380813758e-01,3.020717385593263415e-01,-3.256299256944745757e-01,1.314112526542672056e-02,1.388703748085927392e-01,-1.949410996457698886e-01,4.301011579922294770e-01,-8.948668433848795400e-01,-6.164246387145054795e-01,3.241850964935882873e-01,5.359901106905077921e-03,-4.001441444916158385e-01,3.312245899752883083e-02,-5.475144948489223395e-01
3.489584034629727993e-02,-1.253143398791365382e-01,7.674078882736707907e-01,-1.020126917702113417e-01,1.152490168554856920e-01,7.463543802278534978e-01,6.475076941213410153e-01,-5.156239986183061008e-01,3.439702314471374672e-02,3.191828433012717375e-02,2.018548769031873191e-01,-1.286097090743015259e-01,-3.964126708769973723e-02,-5.379612465973753199e-01,-1.005759667628862292e-01,-1.822298163358968548e-01,2.122963495568816195e-01,-6.890076077988158132e-02,9.626561067204357502e-02,-1.956885965276691092e-02,1.255117398753091695e-01,5.200000000000000178e-01,-6.166502027043094802e-01,3.020972127792690420e-01,-3.173956769641970710e-01,2.782156436660077059e-04,1.446788743368272456e-01,-1.919657804347133512e-01,4.363272167789674638e-01,-8.902952672817149304e-01,-6.130118255334074950e-01,3.198503181238391280e-01,9.230883764642875550e-04,-3.950033801197116445e-01,3.068920690023319367e-02,-5.441829070978229099e-01
3.509514265403022859e-02,-1.255228956665706830e-01,7.673245466294009720e-01,-1.020564182351316601e-01,1.154544180863331521e-01,7.460063421040507015e-01,6.478651884318958887e-01,-5.169292041312962827e-01,3.488752414663583851e-02,3.239239135337504405e-02,2.034826203832486302e-01,-1.291420329553040203e-01,-3.931875345084878681e-02,-5.394814978863822219e-01,-1.002939511671991218e-01,-1.821836192351878603e-01,2.135458539433628955e-01,-6.890941026866237440e-02,9.641462787238884447e-02,-2.021764825612612157e-02,1.250647370073068587e-01,5.200000000000000178e-01,-6.269908197058056132e-01,3.031731490241119653e-01,-3.109374356116962890e-01,-1.167899199457270339e-02,1.465275342173770756e-01,-1.906616842940262180e-01,4.392908743420454454e-01,-8.869895944756388539e-01,-6.101690053227940558e-01,3.186703182336420026e-01,-2.762567811291978537e-03,-3.888016510691985061e-01,2.875913390148550353e-02,-5.378982991971789085e-01
3.538943883407726781e-02,-1.256493152728415108e-01,7.672689492143193180e-01,-1.018754061380897497e-01,1.156002897979497013e-01,7.457393580709796854e-01,6.481749643782243053e-01,-5.176417882569275264e-01,3.522794424497935339e-02,3.281978141572881869e-02,2.049627006659309469e-01,-1.293858678794757022e-01,-3.894601952195416578e-02,-5.404203257607556043e-01,-1.003813228271812630e-01,-1.832753183547710940e-01,2.149642860205568662e-01,-6.924470105877188197e-02,9.604416478192155660e-02,-2.068252397554608268e-02,1.242378329754157823e-01,5.200000000000000178e-01,-6.380605312370265514e-01,3.055537212897880828e-01,-3.052766782847661786e-01,-2.181893344648506289e-02,1.524302548248324118e-01,-1.876778254712320460e-01,4.414268631634697959e-01,-8.836857857644621062e-01,-6.076811592824480357e-01,3.176761041582703560e-01,-5.457749017053886535e-03,-3.838429127322141587e-01,2.693845532656629141e-02,-5.292317113804170248e-01
3.574887703420467910e-02,-1.256766830536172330e-01,7.671686450382749767e-01,-1.016177079774677194e-01,1.157502562010979397e-01,7.455626082691351186e-01,6.483919468698778887e-01,-5.187045587149777814e-01,3.555910102513670096e-02,3.350787424283370453e-02,2.076025870857668709e-01,-1.300164714747074624e-01,-3.930253352085176510e-02,-5.414280043141967980e-01,-1.005979947325734564e-01,-1.840668707245497471e-01,2.170346920125608148e-01,-7.020028715477133474e-02,9.538774935931679244e-02,-2.077450856708623617e-02,1.242690457877004412e-01,5.200000000000000178e-01,-6.482166351142996108e-01,3.061513587122395852e-01,-3.002781779011094443e-01,-2.987811275041880182e-02,1.566959642293399568e-01,-1.850205878966701134e-01,4.432734127939850777e-01,-8.805593527299414580e-01,-6.052000647901001340e-01,3.162619826932275280e-01,-8.387994610773004400e-03,-3.790845709077906855e-01,2.566623826465020200e-02,-5.231029316104677251e-01
3.614741489093230287e-02,-1.255867587303508282e-01,7.670963823597648501e-01,-1.013913404560534415e-01,1.157563983145465103e-01,7.455303345737599452e-01,6.484633933847820941e-01,-5.194277949400489813e-01,3.598807537527652645e-02,3.368763857630403119e-02,2.100303637133618395e-01,-1.308525882171605870e-01,-3.844749754940897379e-02,-5.421753568493736797e-01,-1.005581376943845695e-01,-1.843580268083687967e-01,2.194020818995068289e-01,-7.134868131026306237e-02,9.502860785679798084e-02,-2.097877975867828981e-02,1.232829842811016263e-01,5.200000000000000178e-01,-6.589089190011697683e-01,3.057957690892458280e-01,-2.963388178302446829e-01,-3.588259414557580518e-02,1.600982894799967970e-01,-1.823862080077171821e-01,4.461145372341048243e-01,-8.767518490011654286e-01,-6.026686399287318752e-01,3.147339568124074005e-01,-1.088228809978018623e-02,-3.741735309267392728e-01,2.412045251723715297e-02,-5.185346035020503841e-01
3.654026837469143835e-02,-1.253637931770983927e-01,7.670715468315092433e-01,-1.016144909015589126e-01,1.164136874101727170e-01,7.454929743477469728e-01,6.483537412713320514e-01,-5.211666799293835917e-01,3.574706899507618107e-02,3.324556057895309419e-02,2.112973967878409298e-01,-1.302957188134223898e-01,-3.944178522194798781e-02,-5.437540659366268958e-01,-1.010209615544698653e-01,-1.855518294416329816e-01,2.205870693529506377e-01,-7.253790152048569806e-02,9.416818622073780398e-02,-2.125907779707136153e-02,1.235854129586482913e-01,5.200000000000000178e-01,-6.669978112482241039e-01,3.047660722729522154e-01,-2.930427927206313288e-01,-4.424973459099049156e-02,1.588242706017224948e-01,-1.817252892521390439e-01,4.466919667404234406e-01,-8.732849655494413499e-01,-5.984228017267317901e-01,3.118897193792422029e-01,-1.660821134546297193e-02,-3.679473533908284022e-01,2.206276747731818200e-02,-5.143618560777808435e-01
3.691113510562369499e-02,-1.250201961814086382e-01,7.670013700275694069e-01,-1.020611980347216063e-01,1.168539543588977686e-01,7.456510690212213577e-01,6.480224907161141745e-01,-5.228189075990917756e-01,3.590552582446750879e-02,3.239934670923692167e-02,2.123326182396414186e-01,-1.307853252614636919e-01,-3.963637090410911806e-02,-5.457098182652024843e-01,-1.011311706522318582e-01,-1.864153770230199125e-01,2.230055600917081049e-01,-7.401813739615932530e-02,9.360624956763960447e-02,-2.162498883633242469e-02,1.240415563236206553e-01,5.200000000000000178e-01,-6.756193843158674328e-01,3.031413749511907008e-01,-2.877952273410231965e-01,-5.209139968820732103e-02,1.623346545306578459e-01,-1.796107260294332042e-01,4.485914115586376871e-01,-8.688672099876043609e-01,-5.947346533720480055e-01,3.072041465635506063e-01,-2.296796917312608419e-02,-3.625453422631061962e-01,1.935462493330319597e-02,-5.097760963124627898e-01
3.723138643063095971e-02,-1.245917233530341034e-01,7.669367987417259336e-01,-1.019549967521640038e-01,1.168345620909544830e-01,7.457988059937742387e-01,6.478726763157574009e-01,-5.234786542944117604e-01,3.615530247692032295e-02,3.174940410600882168e-02,2.150624083237250850e-01,-1.320154060367164928e-01,-3.943990079397535070e-02,-5.464975838008754305e-01,-1.011269035723500603e-01,-1.860702770462640265e-01,2.263924371101322108e-01,-7.611330138268611323e-02,9.245104203519825814e-02,-2.188778216130981766e-02,1.244904361581395252e-01,5.200000000000000178e-01,-6.838141291433997848e-01,3.013430751834292320e-01,-2.852496606189028894e-01,-5.762980452361950862e-02,1.643062984148166428e-01,-1.774585969740823665e-01,4.493814413624206971e-01,-8.641469697171932918e-01,-5.917617334234773763e-01,3.037848351251272172e-01,-2.780611249759988579e-02,-3.574887032426500855e-01,1.765847982574656957e-02,-5.067110727054811026e-01
3.748451223458342668e-02,-1.240775613430149943e-01,7.669356193130455468e-01,-1.022801988162000270e-01,1.170478993873030477e-01,7.459436646868854437e-01,6.476160894331134399e-01,-5.244690338837110222e-01,3.638636186281706680e-02,3.088375920047135847e-02,2.166376656261136402e-01,-1.331847970795650427e-01,-3.886559176495336249e-02,-5.476719218770317310e-01,-1.008431426653906005e-01,-1.854842045615251456e-01,2.288181136431745588e-01,-7.782180885354700317e-02,9.199105882760572062e-02,-2.212461396751566958e-02,1.243512330412951256e-01,5.200000000000000178e-01,-6.923972811909663294e-01,2.989371580075300128e-01,-2.835336918540338202e-01,-6.231068314279657877e-02,1.664496023352921850e-01,-1.754494658797491891e-01,4.506575751178578115e-01,-8.598288855957385568e-01,-5.885834293893840163e-01,2.999136764421327928e-01,-3.270289770573141241e-02,-3.523454816291383684e-01,1.526884656694851676e-02,-5.041071417348815809e-01
3.766758950389271360e-02,-1.235249437877507794e-01,7.669208393164801407e-01,-1.029493739630295140e-01,1.174756031436615250e-01,7.459934897673480281e-01,6.473751789274806434e-01,-5.261303853527642405e-01,3.673205712392529909e-02,3.021066816986134329e-02,2.179227103949933630e-01,-1.343127251846686077e-01,-3.750081542495927595e-02,-5.501017113384325530e-01,-1.004123440476165918e-01,-1.844735258099117203e-01,2.320103080472116497e-01,-7.934556301400769174e-02,9.081431955087787555e-02,-2.320026395187836654e-02,1.238035603200222101e-01,5.200000000000000178e-01,-7.009197956063668578e-01,2.981610855223546519e-01,-2.819506107160489883e-01,-6.791538090423446250e-02,1.673688932129440143e-01,-1.737132065834579020e-01,4.525329116338788760e-01,-8.560533236090458464e-01,-5.848678720067432835e-01,2.960543060539972404e-01,-3.858619705154667928e-02,-3.471286163626158272e-01,1.270161426208235578e-02,-5.011986333451446951e-01
3.778338202349408592e-02,-1.229794158645931695e-01,7.668319635325286932e-01,-1.035836432654375361e-01,1.180586608366664403e-01,7.459209821610235380e-01,6.472514734021440619e-01,-5.281390549208382357e-01,3.686238084269797405e-02,2.962976888598518183e-02,2.195629619043663605e-01,-1.355900881147614478e-01,-3.627100372427016772e-02,-5.528412944647256300e-01,-1.001803596604371183e-01,-1.828271944102939361e-01,2.350692602531993525e-01,-8.094948209425320562e-02,8.987500094473953316e-02,-2.434451867928846824e-02,1.233332672737675051e-01,5.200000000000000178e-01,-7.089594813775257354e-01,2.966494072077133226e-01,-2.797187845337449352e-01,-7.287036424639527221e-02,1.686092830257748254e-01,-1.726970514921224165e-01,4.539411230557866550e-01,-8.529645187849059784e-01,-5.820636867930436553e-01,2.930968591822983860e-01,-4.496523848878256763e-02,-3.438590546566926420e-01,1.055935571483496843e-02,-4.992025367131920910e-01
3.783963870994717232e-02,-1.224785191293598086e-01,7.667740811311546389e-01,-1.041128935634955399e-01,1.185443402450484240e-01,7.457945263297983685e-01,6.472235079833049687e-01,-5.300702339943493824e-01,3.721394151684880025e-02,3.028981835561558519e-02,2.218042202819798803e-01,-1.369308911716856092e-01,-3.497408066445946428e-02,-5.550091983482889901e-01,-9.995686914085763486e-02,-1.815329242937545606e-01,2.375087131481103397e-01,-8.233899891552753925e-02,8.949935732476502204e-02,-2.570908934516313860e-02,1.222618047216630921e-01,5.200000000000000178e-01,-7.166624166212643976e-01,2.949387664583547619e-01,-2.766918469416403403e-01,-7.612708305687994337e-02,1.701362437962120611e-01,-1.718726771825216382e-01,4.556899838220266341e-01,-8.495951684937648185e-01,-5.791329329478442922e-01,2.899598237976819259e-01,-5.004011573392346673e-02,-3.396618918998585146e-01,8.228680002212504854e-03,-4.969978510488781143e-01
3.784421219971986772e-02,-1.220626983843842717e-01,7.665997111409291742e-01,-1.043015387475190181e-01,1.189600739779158589e-01,7.454688588924404113e-01,6.474919846883608887e-01,-5.320344130512416614e-01,3.744894242772821985e-02,3.106952881057096355e-02,2.255059317680743192e-01,-1.390684292575887770e-01,-3.410051045906064421e-02,-5.574679752272395650e-01,-1.002045058108086278e-01,-1.808432537254913985e-01,2.414989048397379601e-01,-8.469771951882862360e-02,8.861850248622178683e-02,-2.721761927829576336e-02,1.210803735949808890e-01,5.200000000000000178e-01,-7.237287390162099321e-01,2.962483339633266710e-01,-2.746002779745102540e-01,-7.883796919423373406e-02,1.737465978381677878e-01,-1.710521735471122184e-01,4.567440028051798495e-01,-8.468742076496198479e-01,-5.763729645261285173e-01,2.873929940012432960e-01,-5.394050982356597690e-02,-3.370108723240019533e-01,7.481799179228045514e-03,-4.924480086980395077e-01
3.780115178988333047e-02,-1.217107124424061243e-01,7.664710438578938856e-01,-1.048363258858499431e-01,1.198040165578673905e-01,7.448925872047761354e-01,6.479130928749119445e-01,-5.350488991753310497e-01,3.747438194456109012e-02,3.139534887856913759e-02,2.289502481316110227e-01,-1.406354828355894926e-01,-3.331542549073907011e-02,-5.609192300338349257e-01,-1.002836675672457850e-01,-1.796980043003844063e-01,2.446496618307151816e-01,-8.630944663547404638e-02,8.888691716636615281e-02,-2.837136308325129835e-02,1.193676243098790307e-01,5.200000000000000178e-01,-7.303257780678340527e-01,2.964105250373340050e-01,-2.730279761755895485e-01,-8.018515595773256788e-02,1.779377463492037570e-01,-1.698190216525617691e-01,4.588784473238196604e-01,-8.451284679045834025e-01,-5.727514444890769996e-01,2.848424548642791154e-01,-5.805825506807756747e-02,-3.338832289412419496e-01,5.790206915611058325e-03,-4.904892988373017459e-01
3.772435110827208893e-02,-1.214492651002373053e-01,7.662509310828200526e-01,-1.050444977430638333e-01,1.205438033541133547e-01,7.443262156485714875e-01,6.483928821826392408e-01,-5.382882536592834555e-01,3.734491882315425088e-02,3.245622469627992834e-02,2.341231462057558610e-01,-1.429938686401757697e-01,-3.172569164075053627e-02,-5.643769414800320350e-01,-1.007708065143664566e-01,-1.781109714236843999e-01,2.487242714237359320e-01,-8.848236713471047121e-02,8.824614960937876562e-02,-2.910202002706355207e-02,1.180263189308203980e-01,5.200000000000000178e-01,-7.359041137649190434e-01,2.955832696381249791e-01,-2.721650480809985062e-01,-8.081163893227058526e-02,1.789628385608869054e-01,-1.696269288742182912e-01,4.604491095644723253e-01,-8.437861398493472498e-01,-5.723821646881074310e-01,2.844590426985142417e-01,-6.314993655528940153e-02,-3.318543157573212721e-01,4.053352478777584068e-03,-4.881528539330479144e-01
3.762163190045143824e-02,-1.212305595749602755e-01,7.660265296308200744e-01,-1.055807411802713175e-01,1.214662872584305747e-01,7.436018266283304090e-01,6.489645380038024935e-01,-5.422319810796742967e-01,3.752712181636322364e-02,3.380885729451935107e-02,2.389975516570426450e-01,-1.451606444904564308e-01,-2.951692823423796019e-02,-5.686404139832567095e-01,-1.007468824763654430e-01,-1.756318694651234080e-01,2.523704758913845048e-01,-8.997499409672654602e-02,8.835501278707968975e-02,-3.009425687304354002e-02,1.155859675809201570e-01,5.200000000000000178e-01,-7.410354583767972958e-01,2.942486501370696339e-01,-2.705929866810339868e-01,-8.216562640097477277e-02,1.795129560735083118e-01,-1.702651384712207949e-01,4.616106654525347075e-01,-8.426398466050732949e-01,-5.698436040000245395e-01,2.834622601692891597e-01,-6.843503207546110245e-02,-3.301084630053520153e-01,1.640998067260004273e-03,-4.860623382417571525e-01
3.750681718975806822e-02,-1.210495839293103532e-01,7.657325169755649918e-01,-1.057471162032539713e-01,1.223522097066054998e-01,7.428521821253348811e-01,6.496292170971343927e-01,-5.462718989589839813e-01,3.741073425842612876e-02,3.552260068373725571e-02,2.453503474555999431e-01,-1.473557404244525415e-01,-2.802572271758115019e-02,-5.724726457824946824e-01,-1.014525664238760949e-01,-1.742981723427149132e-01,2.563759295638757818e-01,-9.230425575642745017e-02,8.780583002477748700e-02,-3.106018686107733101e-02,1.137917821578935118e-01,5.200000000000000178e-01,-7.441000835949248549e-01,2.929110984738385048e-01,-2.692073799080160756e-01,-8.286409101774427910e-02,1.801000422137999379e-01,-1.709172647933638600e-01,4.639645817025589425e-01,-8.414380264907405094e-01,-5.652846828693959269e-01,2.817625455090088660e-01,-7.272738653559475408e-02,-3.259942198550598857e-01,-2.964873200935526929e-04,-4.842688821065910809e-01
3.740387635701972885e-02,-1.208686660165662896e-01,7.654325378428463722e-01,-1.060647319767599600e-01,1.231803674356321682e-01,7.421211579321963514e-01,6.502561469594100307e-01,-5.507554807667169872e-01,3.725816509283585293e-02,3.564007406526739641e-02,2.521966688419748914e-01,-1.500439461432526156e-01,-2.494610256638013154e-02,-5.769340145203155634e-01,-1.015301889532932017e-01,-1.711600197843799187e-01,2.612127335940940820e-01,-9.443714659815646839e-02,8.760797294014661951e-02,-3.227086249860056794e-02,1.114790189875323745e-01,5.200000000000000178e-01,-7.463996075964471899e-01,2.931823360006117207e-01,-2.685697699212911127e-01,-8.459331612283524371e-02,1.816466344221997486e-01,-1.709450410006614351e-01,4.653017473486859568e-01,-8.402585270494783432e-01,-5.628170997859097691e-01,2.815366872372721541e-01,-7.840845504479894423e-02,-3.243978746830964432e-01,-2.393941293991563423e-03,-4.827561777265633181e-01
3.732008550773808359e-02,-1.206713032357543958e-01,7.651631412783338471e-01,-1.065196149191196540e-01,1.239513782943690856e-01,7.415808791552276347e-01,6.506515404790564894e-01,-5.549691691507375735e-01,3.710891065265767286e-02,3.547916293285995060e-02,2.580660567453547660e-01,-1.528150723042612791e-01,-2.170941301644943242e-02,-5.812471708850399654e-01,-1.016655033875049768e-01,-1.688769953040718808e-01,2.659692983797835586e-01,-9.670293636620128086e-02,8.782018258457162385e-02,-3.405399405372924737e-02,1.082093424747012089e-01,5.200000000000000178e-01,-7.498125656339024170e-01,2.946845915169579166e-01,-2.692525289769286401e-01,-8.674141051657115187e-02,1.822884605772298605e-01,-1.712632987375108107e-01,4.642572676799759379e-01,-8.391940704351120717e-01,-5.591679758970748981e-01,2.803339196577864234e-01,-8.321609688540790306e-02,-3.218396875641715282e-01,-4.420806012839659238e-03,-4.802615938971137033e-01
3.725518467593313260e-02,-1.204481169331855783e-01,7.650000372378202851e-01,-1.066278495052213338e-01,1.248117723380716276e-01,7.409893252427548482e-01,6.511431049101337187e-01,-5.585176323477736293e-01,3.659650792117447038e-02,3.621713708872963122e-02,2.636961372871794440e-01,-1.542483492512036758e-01,-1.979126241374920200e-02,-5.850733572540862681e-01,-1.023703560825187514e-01,-1.670150475747522734e-01,2.706953057985063138e-01,-9.890475159670975014e-02,8.667196938188943822e-02,-3.467243009010802929e-02,1.066516288993991646e-01,5.200000000000000178e-01,-7.521475472172944876e-01,2.942937518674478836e-01,-2.706531770725825181e-01,-8.615315385266832104e-02,1.811232383320463823e-01,-1.699035423631609920e-01,4.651395958069637904e-01,-8.378546467868484005e-01,-5.581034139836846819e-01,2.803108772524381398e-01,-8.752470355981360750e-02,-3.193617094982903470e-01,-5.758476858912892418e-03,-4.793158763173629433e-01
3.720157576784194342e-02,-1.202152204098511784e-01,7.648674595042853630e-01,-1.067205843602061777e-01,1.257935577900361479e-01,7.401790259615438350e-01,6.518601899325980886e-01,-5.614980654462333742e-01,3.619130151399430062e-02,3.739567680272592315e-02,2.681470896602802245e-01,-1.552387792709109537e-01,-1.787718954109001820e-02,-5.885678004618936088e-01,-1.029245790415726503e-01,-1.653340209952801065e-01,2.743347067185263333e-01,-1.010630179476098012e-01,8.575146984870825329e-02,-3.543141872198130732e-02,1.048166731606244295e-01,5.200000000000000178e-01,-7.536699071170754882e-01,2.943064585775772568e-01,-2.719193468323422569e-01,-8.641183903481045037e-02,1.789986598347546032e-01,-1.703844946603834953e-01,4.645658345106576936e-01,-8.358793154836563488e-01,-5.548163503019187814e-01,2.794917415535620453e-01,-9.224952280055602472e-02,-3.166416615317340644e-01,-8.377114118879669738e-03,-4.770143446474692794e-01
3.715561695200364500e-02,-1.200008399119091851e-01,7.647538153388152571e-01,-1.064149089758697209e-01,1.261730781119470568e-01,7.398029353768662553e-01,6.522636263928780487e-01,-5.637283212307285796e-01,3.569989794462785637e-02,3.785930341215457129e-02,2.737467679150465960e-01,-1.563139157271261626e-01,-1.684583098432619608e-02,-5.899313934247574220e-01,-1.033388196445885476e-01,-1.630829567269317659e-01,2.770171351063820397e-01,-1.033030232032796647e-01,8.529524163810618675e-02,-3.612309710638995919e-02,1.026110205501457040e-01,5.200000000000000178e-01,-7.555931740984489497e-01,2.946433627348816198e-01,-2.747538809394710624e-01,-8.442095279877009917e-02,1.779447038582647467e-01,-1.697289077365811971e-01,4.639204127174745840e-01,-8.326115496789885384e-01,-5.536916792280872635e-01,2.792752966700638440e-01,-9.334629098142784021e-02,-3.140114565611959452e-01,-9.722300401897612104e-03,-4.755738412315611563e-01
3.706477431255246480e-02,-1.198179972286518846e-01,7.645381750809632226e-01,-1.061961111364881083e-01,1.267197576316830832e-01,7.388172656186887677e-01,6.533096792708492639e-01,-5.657665550052566328e-01,3.568196960432037934e-02,3.831915437844573419e-02,2.787060033123344716e-01,-1.586171429960420709e-01,-1.399320317137652155e-02,-5.926712015795679855e-01,-1.035526570378339090e-01,-1.617666632974930074e-01,2.811173484236443865e-01,-1.055343444774480138e-01,8.474881631657935066e-02,-3.673116567059711568e-02,9.867496944129028336e-02,5.200000000000000178e-01,-7.570523115451949225e-01,2.968174980488834658e-01,-2.755350086628445827e-01,-8.516731668619428874e-02,1.803560166537727938e-01,-1.701794221025604847e-01,4.619062178383896433e-01,-8.297907150492895845e-01,-5.500775949498409867e-01,2.787998098756414023e-01,-9.482628789208727427e-02,-3.118133812924914205e-01,-1.118195318822244599e-02,-4.715721802232769599e-01
3.691313660138137442e-02,-1.196815096122350458e-01,7.643764535410850769e-01,-1.058582101447653051e-01,1.271255363928158466e-01,7.382894099460046711e-01,6.538821640810887903e-01,-5.677800817745767281e-01,3.510952605848544766e-02,3.889049224024478113e-02,2.839364460438925652e-01,-1.602210017887706617e-01,-1.226259526783635839e-02,-5.947011636449870409e-01,-1.043301433430270375e-01,-1.604389625041638123e-01,2.850213616958940932e-01,-1.080091897405446727e-01,8.366073004443791428e-02,-3.723580901027589291e-02,9.613917032448301980e-02,5.200000000000000178e-01,-7.579399518262317503e-01,2.983263184611837371e-01,-2.785199919639385069e-01,-8.561658927604851033e-02,1.770550117096578446e-01,-1.714001236997291511e-01,4.579786157706808303e-01,-8.268621885012018558e-01,-5.485892432052629220e-01,2.788782900495601069e-01,-9.706306266030650942e-02,-3.080096670013656168e-01,-1.362389509586243476e-02,-4.692152457971248691e-01
3.667526881453789939e-02,-1.195743963990833630e-01,7.641664551815499085e-01,-1.060264663596302281e-01,1.278743206690522993e-01,7.376724169580645141e-01,6.544050365056535146e-01,-5.708522027516275132e-01,3.456063939976061067e-02,3.938656752660729676e-02,2.885103002764961566e-01,-1.621069713038919835e-01,-1.002595925016387668e-02,-5.984609027201721609e-01,-1.049054325565626916e-01,-1.583208462588806265e-01,2.894341318321921319e-01,-1.099927596683115683e-01,8.356600580715801974e-02,-3.775009709496848775e-02,9.450289815349441347e-02,5.200000000000000178e-01,-7.593007277351813133e-01,2.995997378922028997e-01,-2.790946924437237020e-01,-8.702212153519434112e-02,1.779674959305705684e-01,-1.712016652631883351e-01,4.566368775176843919e-01,-8.246688978028501316e-01,-5.467857632679987701e-01,2.780963083867697416e-01,-1.000409270785713040e-01,-3.059939876849686047e-01,-1.517778780326131498e-02,-4.667018577216188180e-01
3.634404446161235147e-02,-1.195243475940211547e-01,7.638134195336228061e-01,-1.057029311170775837e-01,1.277187423210635331e-01,7.371993428135206194e-01,6.550205662179602317e-01,-5.727990393236241928e-01,3.488159307003268345e-02,4.055919063459410834e-02,2.948645014003870024e-01,-1.657618078993575716e-01,-6.350174408552162683e-03,-6.008797891377489764e-01,-1.052948767875210717e-01,-1.569759310194895618e-01,2.953023993185579510e-01,-1.121881723057353286e-01,8.338373817785682540e-02,-3.847237666680714679e-02,9.146325198677252022e-02,5.200000000000000178e-01,-7.606461668206400129e-01,2.998714737199459357e-01,-2.803280070680777558e-01,-8.750506140341826611e-02,1.768113436822827400e-01,-1.714851937438025831e-01,4.540837654721054939e-01,-8.222269113212835601e-01,-5.447908451939631469e-01,2.785787835521075784e-01,-1.006091541284910018e-01,-3.034921652424008021e-01,-1.625778310257195228e-02,-4.654619854925549638e-01
3.592563701620423572e-02,-1.194659899606712872e-01,7.634808728517505916e-01,-1.061712136975210413e-01,1.283707160565351890e-01,7.365222731853647842e-01,6.555788081863157535e-01,-5.768970615197303031e-01,3.467858090698035245e-02,4.078611617068194500e-02,3.006896902336794186e-01,-1.691214975154975153e-01,-2.502606124394886420e-03,-6.058521435455433979e-01,-1.056106629720348494e-01,-1.548066183175822175e-01,3.012097629949413991e-01,-1.139451916779003204e-01,8.376433928904983284e-02,-3.948704663769350698e-02,8.915240247160370612e-02,5.200000000000000178e-01,-7.622810424679750119e-01,3.009059756717614165e-01,-2.800798552471325809e-01,-9.044211460602626096e-02,1.761729427608362264e-01,-1.712084793029257090e-01,4.530843164002458234e-01,-8.219603491068876444e-01,-5.405026754996505867e-01,2.781551094747523600e-01,-1.029107250993975819e-01,-2.998350789299594199e-01,-1.760677319198943741e-02,-4.640491155189555017e-01
3.543268772750735041e-02,-1.194093372413446291e-01,7.632059194054745532e-01,-1.068679473080364345e-01,1.291710728434549149e-01,7.359246196642065252e-01,6.559794432379187912e-01,-5.811639301682263170e-01,3.445316249703796879e-02,4.149333554521567741e-02,3.054687324860769770e-01,-1.715613599225258856e-01,-1.003720367841095954e-03,-6.105080965179443542e-01,-1.059872273398447529e-01,-1.529606600227630675e-01,3.053703566909796163e-01,-1.151569715994489596e-01,8.436348273910500295e-02,-4.047123020336216431e-02,8.762967928261877759e-02,5.200000000000000178e-01,-7.641939967553068591e-01,3.027043245078614997e-01,-2.809486994471544485e-01,-9.356374559535557411e-02,1.775678052512500715e-01,-1.705903751390772383e-01,4.526021035955059557e-01,-8.226244005277405513e-01,-5.381674999974249696e-01,2.793676398876316913e-01,-1.055063073856905564e-01,-2.964842063414113160e-01,-1.972080177493395342e-02,-4.609322634811243158e-01
3.489157139292042853e-02,-1.193629418621838523e-01,7.629330467275015071e-01,-1.073263527510833898e-01,1.300128178393699929e-01,7.351608104634700380e-01,6.565944745132341609e-01,-5.847730971020488333e-01,3.390628160643616856e-02,4.199749986406414726e-02,3.096773844473483250e-01,-1.734556989858376530e-01,-1.054210799652051042e-04,-6.146916947066691783e-01,-1.066842663863743906e-01,-1.515699322826504214e-01,3.091319946510755479e-01,-1.167859488357597120e-01,8.422049112287319228e-02,-4.113135400295646338e-02,8.575905825911375735e-02,5.200000000000000178e-01,-7.653277016145183520e-01,3.036522094105121861e-01,-2.809950414676896102e-01,-9.615607371398884884e-02,1.769925012130377784e-01,-1.713099095268180716e-01,4.524402359476677460e-01,-8.235084860511524552e-01,-5.358735846794240310e-01,2.809346344819311780e-01,-1.074897818057609783e-01,-2.910071742167757991e-01,-2.209827080223052131e-02,-4.580000539426491435e-01
3.433652842603463623e-02,-1.193275770340249259e-01,7.626456181017317038e-01,-1.080914315999362690e-01,1.306331859868603562e-01,7.345528190925078027e-01,6.570261555652464613e-01,-5.886733556456200667e-01,3.426428009479057929e-02,4.376949585465654546e-02,3.140241529278062771e-01,-1.762062585728151054e-01,2.177274822714761211e-03,-6.193479064267743972e-01,-1.066689891854579048e-01,-1.493554450977525871e-01,3.134009903042991319e-01,-1.173002874066718659e-01,8.523742202309798899e-02,-4.288187210116417569e-02,8.349233499960120874e-02,5.200000000000000178e-01,-7.671637670833431066e-01,3.057273937610039405e-01,-2.808117544856814640e-01,-9.918361910302110618e-02,1.781411200612243728e-01,-1.714047404800069230e-01,4.536511592179922059e-01,-8.250990219686795690e-01,-5.334922497913805461e-01,2.824712850043831769e-01,-1.089703088383253277e-01,-2.869203970092644163e-01,-2.416169241171982340e-02,-4.545822574530691829e-01
3.378840394045303647e-02,-1.193244822296460339e-01,7.624590142621029409e-01,-1.087725753675554963e-01,1.313579289367467484e-01,7.338937037193986601e-01,6.575056296294204961e-01,-5.920001875100804334e-01,3.412409283305990748e-02,4.461367742366265099e-02,3.169999119009676569e-01,-1.776103895935973176e-01,3.879712083086596201e-03,-6.232149269478740594e-01,-1.067964925702479112e-01,-1.475611230791076534e-01,3.160270757827878252e-01,-1.175779679266682198e-01,8.554627228244900128e-02,-4.414162174782153281e-02,8.090457883665228001e-02,5.200000000000000178e-01,-7.683796270414213758e-01,3.062868570655068456e-01,-2.794107880795706489e-01,-1.014501162981530646e-01,1.795520022422566198e-01,-1.712215132709101473e-01,4.551553993537728049e-01,-8.260194279350225877e-01,-5.303067692790518484e-01,2.828906788446369225e-01,-1.089828215758935626e-01,-2.830327294129393323e-01,-2.557057761294930995e-02,-4.535258890475783455e-01
3.328046023375013512e-02,-1.193696986411599131e-01,7.622445243705389117e-01,-1.091297501186349744e-01,1.321247647518336010e-01,7.327640138509071699e-01,6.585519297545362472e-01,-5.949994149107052932e-01,3.424506414314847785e-02,4.621216362717589510e-02,3.207970002745624827e-01,-1.793028544420808834e-01,6.240452229789404150e-03,-6.271351715602050403e-01,-1.067273203080897209e-01,-1.454571051553286420e-01,3.189311998199226283e-01,-1.175684679492732532e-01,8.707481025666020946e-02,-4.531160541071507092e-02,7.693753485529575276e-02,5.200000000000000178e-01,-7.690154546321726903e-01,3.081160006974689169e-01,-2.781526952381635498e-01,-1.040090842659742026e-01,1.775367689126975679e-01,-1.719486023589299473e-01,4.560722896442340746e-01,-8.275296063055698204e-01,-5.265595385511622206e-01,2.855029444826636675e-01,-1.079759797907626911e-01,-2.768281614582333572e-01,-2.702522145586657223e-02,-4.519235270825608386e-01
3.283802896780128877e-02,-1.194789681171912477e-01,7.619517183113297953e-01,-1.093937964342256985e-01,1.327299167216378362e-01,7.320336582569536565e-01,6.591983689965527082e-01,-5.985796919768510138e-01,3.416116325158873035e-02,4.766015571159006037e-02,3.259230616315477724e-01,-1.813444710665380322e-01,9.069689888356349122e-03,-6.311402238374256290e-01,-1.072206916949453581e-01,-1.440000810766244033e-01,3.230575698039819255e-01,-1.183211680276016475e-01,8.758898151436539381e-02,-4.639794544808363563e-02,7.422394632735240805e-02,5.200000000000000178e-01,-7.698767838156386212e-01,3.088198986533089996e-01,-2.761920670654417487e-01,-1.062981529752766024e-01,1.763272650248323969e-01,-1.727095294747833798e-01,4.560754236585118915e-01,-8.287442310503294607e-01,-5.240210651434012989e-01,2.863699678733008236e-01,-1.073951231559065050e-01,-2.732932440904294880e-01,-2.780588747745080247e-02,-4.493394387277723223e-01
3.247165887240278936e-02,-1.196419862868247641e-01,7.616613050394387407e-01,-1.094449109174502055e-01,1.334125268991047109e-01,7.313537571867972931e-01,6.598064799541012437e-01,-6.020673706765355959e-01,3.350610692211426767e-02,4.824035098354483714e-02,3.310452252004760787e-01,-1.827756037904038344e-01,1.027029659216113257e-02,-6.348424969459097733e-01,-1.079855826938352359e-01,-1.423263371163262236e-01,3.269546789022177435e-01,-1.200003938858058561e-01,8.669679102790983638e-02,-4.662007418569927980e-02,7.302763429424147246e-02,5.200000000000000178e-01,-7.708759495818759966e-01,3.092635701156855044e-01,-2.752353372788560737e-01,-1.076917267769033210e-01,1.749088435349013815e-01,-1.729426212103388205e-01,4.564531758431220609e-01,-8.302811391148525733e-01,-5.223588898357744981e-01,2.874863419314694912e-01,-1.068561614905072232e-01,-2.706792741611923070e-01,-2.859558840016016359e-02,-4.475570306365935225e-01
3.219575316786385533e-02,-1.198638779282714117e-01,7.613963668590031375e-01,-1.093169499361805741e-01,1.339176190355522433e-01,7.306129058000973009e-01,6.605457271429715504e-01,-6.052457350600908281e-01,3.328037675518843302e-02,4.951517114797718278e-02,3.366333316497164829e-01,-1.840499600942699654e-01,1.313318879539920707e-02,-6.378297513134818519e-01,-1.084479523529084666e-01,-1.405873426511875801e-01,3.300247798375611774e-01,-1.205422233396233195e-01,8.739251991995683477e-02,-4.684763309596984282e-02,7.102211853698209287e-02,5.200000000000000178e-01,-7.718407568001832697e-01,3.097714753665968823e-01,-2.746708239656300288e-01,-1.080811954055688612e-01,1.732596641864823928e-01,-1.730776517618295429e-01,4.575549190138537003e-01,-8.316890572782107416e-01,-5.222666124369303997e-01,2.904455929419280102e-01,-1.054643358631064953e-01,-2.669937554099090504e-01,-2.940281348206188680e-02,-4.465820831806074920e-01
3.198628778417685059e-02,-1.201268227375812958e-01,7.611248196659983201e-01,-1.091892469285140194e-01,1.342173985810053705e-01,7.300793419521435235e-01,6.610957213052102155e-01,-6.078983160332723790e-01,3.303185482022598374e-02,4.977942341572992591e-02,3.413198343599072593e-01,-1.854713298299924817e-01,1.501246482673843606e-02,-6.406589626166204754e-01,-1.088870516357702822e-01,-1.395028143036225465e-01,3.337583623324903437e-01,-1.216743647142008167e-01,8.711745798568061583e-02,-4.711332455678882841e-02,6.921555616544750045e-02,5.200000000000000178e-01,-7.734582055995133931e-01,3.101845708821914793e-01,-2.741289053307043866e-01,-1.087081694703098539e-01,1.725078342300733203e-01,-1.730971915424501240e-01,4.591128412926492319e-01,-8.332649911462802761e-01,-5.213211758026793374e-01,2.919287357549580908e-01,-1.033521880323650666e-01,-2.647184299866500723e-01,-2.969973582753407393e-02,-4.460649083453684938e-01
3.183081247804727537e-02,-1.204131466242502335e-01,7.608683021348633391e-01,-1.089329483240027568e-01,1.347977995752737690e-01,7.293369489876448952e-01,6.618389387460495987e-01,-6.105446517117887328e-01,3.262250836424750861e-02,5.080270349874717317e-02,3.458234287242661908e-01,-1.864097710744246628e-01,1.606278536307988516e-02,-6.435732367551301181e-01,-1.096975333069924452e-01,-1.388115573312806716e-01,3.369355570359005569e-01,-1.229045776892314229e-01,8.676673986128836946e-02,-4.687475138381660966e-02,6.761341166917426981e-02,5.200000000000000178e-01,-7.753403170252388676e-01,3.124383885777201608e-01,-2.735340057641949540e-01,-1.089269161873698960e-01,1.724724383745504519e-01,-1.733874377239830455e-01,4.606208145612896154e-01,-8.360221760081821829e-01,-5.219171229501602394e-01,2.941811604203753427e-01,-1.015242504527594514e-01,-2.629964069599748377e-01,-3.038447426665054005e-02,-4.439540648731797878e-01
3.170139927281379749e-02,-1.206947687398401275e-01,7.606149923033966864e-01,-1.091206673360513579e-01,1.355797947646751322e-01,7.288774108922582151e-01,6.621544526035454403e-01,-6.140540652618945439e-01,3.185093013596033973e-02,5.062318896008399793e-02,3.493744488665442849e-01,-1.866311128783610385e-01,1.743992346858474346e-02,-6.475479032962783155e-01,-1.102723774933510037e-01,-1.369750620270484553e-01,3.403619479250877822e-01,-1.238393223603683480e-01,8.601091561327857404e-02,-4.677006216249245812e-02,6.728551945065343320e-02,5.200000000000000178e-01,-7.771138218875615067e-01,3.114074520058500162e-01,-2.724425073067652803e-01,-1.097585786304684785e-01,1.697729272786209775e-01,-1.738657449624530504e-01,4.624782662072766670e-01,-8.391085587518400946e-01,-5.233702711388201756e-01,2.958447404747682752e-01,-1.011699394539396502e-01,-2.629012916047279713e-01,-3.076984829895886009e-02,-4.439894806851121256e-01
3.156713220008649373e-02,-1.209754766641332330e-01,7.602913773679227383e-01,-1.090803325461314477e-01,1.360830805015313116e-01,7.284123738502662482e-01,6.625694604150256239e-01,-6.176356739255389749e-01,3.158702522401103663e-02,5.152241502445865234e-02,3.549024652365778132e-01,-1.878805481843811298e-01,1.940195724536535396e-02,-6.508748515777147414e-01,-1.108240933655151167e-01,-1.354574224065613619e-01,3.439188180312010568e-01,-1.248917561763470685e-01,8.605380232609652347e-02,-4.687949796405976172e-02,6.644797575290009584e-02,5.200000000000000178e-01,-7.792052730776106717e-01,3.108745052885697469e-01,-2.713331451215343360e-01,-1.099577649508013399e-01,1.681736927598050102e-01,-1.742768861776614608e-01,4.640725977214720244e-01,-8.416171640715536251e-01,-5.251348973007053944e-01,2.974837257134297364e-01,-9.977033396716715463e-02,-2.638193607759936610e-01,-3.048487266748053232e-02,-4.431548453384132058e-01
3.139016942663163529e-02,-1.212124267499387342e-01,7.600652987838749652e-01,-1.093689277225610990e-01,1.371746437126207807e-01,7.279174369248097021e-01,6.628406745153371249e-01,-6.209675955033855388e-01,3.061867233236595029e-02,5.226097892553943636e-02,3.569639357687789949e-01,-1.873307373459951741e-01,1.792883503138437487e-02,-6.538253113618522905e-01,-1.119539188426464799e-01,-1.350863279343716694e-01,3.441167386542187678e-01,-1.257234327493792769e-01,8.647132717062064322e-02,-4.672533285444340628e-02,6.647816888797340729e-02,5.200000000000000178e-01,-7.812685747059859853e-01,3.086076839085737933e-01,-2.698779728515385834e-01,-1.097110237438799207e-01,1.688527916545264906e-01,-1.745346880765028530e-01,4.674396818610872528e-01,-8.435931173665405236e-01,-5.273910479538035379e-01,2.985888197541258227e-01,-9.973397004577547187e-02,-2.644826427941914249e-01,-3.151643152303792300e-02,-4.447919503883830394e-01
3.117250933550464939e-02,-1.214280692855820853e-01,7.597219006217698078e-01,-1.094686322993554117e-01,1.380487923621406543e-01,7.272510416785035181e-01,6.633740060082192747e-01,-6.246905316688785570e-01,3.001082331392335850e-02,5.315524945957818270e-02,3.614519450015437618e-01,-1.882427794368561613e-01,1.954768024501712595e-02,-6.574300554096415006e-01,-1.128765721326163152e-01,-1.341925359085884562e-01,3.467165624113774935e-01,-1.270967109914895032e-01,8.645236846377390982e-02,-4.709954239545701554e-02,6.489208714924427079e-02,5.200000000000000178e-01,-7.834361504841743651e-01,3.092695689999472308e-01,-2.684606580655936048e-01,-1.110521287605010510e-01,1.685394329807756442e-01,-1.760584842424017527e-01,4.687932496382424263e-01,-8.456681201363778211e-01,-5.281925746707346603e-01,2.989875144877405799e-01,-9.993975660130592631e-02,-2.645800829852636427e-01,-3.154997699732014355e-02,-4.432244400384248717e-01
3.091227477804272053e-02,-1.215833319833983378e-01,7.594289043888746704e-01,-1.104756953796975638e-01,1.390752042819300427e-01,7.266438550888056902e-01,6.636579813021076246e-01,-6.297898064719129607e-01,3.026228269775671498e-02,5.423673269395699881e-02,3.653668773138982750e-01,-1.896142506241396408e-01,2.254245690274957192e-02,-6.624681922361361774e-01,-1.124876085460883024e-01,-1.319009741650974399e-01,3.489874325884619322e-01,-1.268675033889165860e-01,8.785170502960493177e-02,-4.843833838514829959e-02,6.261649974858947421e-02,5.200000000000000178e-01,-7.851064147817410355e-01,3.069566412468958672e-01,-2.660782821264685571e-01,-1.145890026192404459e-01,1.644008120129082928e-01,-1.779353822286056652e-01,4.704393763502931480e-01,-8.474272502497915971e-01,-5.277768063746828275e-01,2.993351375928056668e-01,-1.020452474970132972e-01,-2.621266621771484728e-01,-3.234499788070318432e-02,-4.434712757723504040e-01
3.061052120560790735e-02,-1.217824271393548041e-01,7.589270751103420753e-01,-1.122401677336177656e-01,1.405405029878285250e-01,7.257525034332007463e-01,6.640284749372556972e-01,-6.392765362331873646e-01,3.111665222322328173e-02,5.440344566306576368e-02,3.740047597847799277e-01,-1.928916849887691298e-01,2.516743046907670908e-02,-6.723158406975404677e-01,-1.118378260214800135e-01,-1.292256764973933603e-01,3.567043598217521927e-01,-1.284658477870453119e-01,8.766488840861832998e-02,-4.909034438013781809e-02,6.184290566079660156e-02,5.200000000000000178e-01,-7.910943270638093328e-01,3.069284048529178355e-01,-2.625347622344760268e-01,-1.150598417632096720e-01,1.631760092089537539e-01,-1.777024536060349269e-01,4.708820577029312338e-01,-8.524462855675577488e-01,-5.304360280722199006e-01,2.998269699698488111e-01,-1.027001798566854612e-01,-2.596968627801947704e-01,-3.268484523254031743e-02,-4.407964773525765434e-01
3.030901143768373676e-02,-1.217323646005078336e-01,7.588402313492980111e-01,-1.122309868872861799e-01,1.407736861531267702e-01,7.253540558102744562e-01,6.644158852621996347e-01,-6.391230417591163837e-01,3.107001299551789483e-02,5.597415041691258114e-02,3.737705339578616393e-01,-1.928014627913961776e-01,2.619561175846112783e-02,-6.720528300664656562e-01,-1.119604545354518227e-01,-1.287344005635741029e-01,3.550720831463850535e-01,-1.273918660582716023e-01,8.839408954417621311e-02,-5.098282546065374676e-02,5.817279942325803699e-02,5.200000000000000178e-01,-7.893257080690230243e-01,3.069041146023701594e-01,-2.613243856786410801e-01,-1.185659131961598889e-01,1.643147686028557930e-01,-1.783569996828879012e-01,4.712535123958918604e-01,-8.506868547276073000e-01,-5.284138344443233271e-01,2.999143850711745163e-01,-1.036823352177785318e-01,-2.582536379316376363e-01,-3.269665871482688863e-02,-4.386502966857154795e-01
3.002393186682638174e-02,-1.217729721107791430e-01,7.584428587929354926e-01,-1.137533467613719707e-01,1.422318182781727169e-01,7.243867829109672529e-01,6.649015526480382965e-01,-6.469628351527789700e-01,3.170303726561342350e-02,5.628069514374156590e-02,3.806027351348044707e-01,-1.954027225070971152e-01,2.773315510175608511e-02,-6.801196761548499170e-01,-1.114322485538172675e-01,-1.267003646701985176e-01,3.604403860185949604e-01,-1.285775155931770941e-01,8.890246071097783476e-02,-5.155266331654597550e-02,5.610753607847810548e-02,5.200000000000000178e-01,-7.937531789616903977e-01,3.087150399239575460e-01,-2.590351568663530335e-01,-1.190720743398216153e-01,1.648309857582178628e-01,-1.779798479317681870e-01,4.719439550962551411e-01,-8.548177539258092761e-01,-5.300261194334634496e-01,3.011318390450440363e-01,-1.038607975431155295e-01,-2.559351846514091311e-01,-3.305696856136385031e-02,-4.380842405243196014e-01
2.976696898399885591e-02,-1.215553767987198053e-01,7.584272016369743019e-01,-1.134418993817238180e-01,1.425549175700265847e-01,7.239635225213979508e-01,6.653464127803502270e-01,-6.459559392650116028e-01,3.084244563524925556e-02,5.660807955176899720e-02,3.797537707267785168e-01,-1.946990729572654899e-01,2.901553627681580441e-02,-6.788857806941525075e-01,-1.117373949580411502e-01,-1.252653215488683247e-01,3.578429119505081024e-01,-1.278839588439253105e-01,8.909643045476745016e-02,-5.281525607573242520e-02,5.216319523906484679e-02,5.200000000000000178e-01,-7.914483908780501897e-01,3.110422571137878012e-01,-2.599066676235184947e-01,-1.226958666625299621e-01,1.647103701029964395e-01,-1.779575106218366509e-01,4.725598712985900618e-01,-8.547203173035576862e-01,-5.294097050865042009e-01,3.028670271456489482e-01,-1.055443678118622303e-01,-2.569304092495635627e-01,-3.273237872860679937e-02,-4.381987612871926507e-01
2.954279779044668292e-02,-1.213057763017472146e-01,7.584412454117607227e-01,-1.141653925675282649e-01,1.435315003788329713e-01,7.233626181308532299e-01,6.656662033104743248e-01,-6.474215241991182479e-01,3.058930544040824873e-02,5.689600536168344658e-02,3.784245687432983285e-01,-1.941440811928629440e-01,2.913540393775726142e-02,-6.805060087703362903e-01,-1.114928570740845726e-01,-1.239452658023208614e-01,3.554895670399274565e-01,-1.265872730025801585e-01,9.082689472330766900e-02,-5.385614678808135769e-02,4.935140627945406450e-02,5.200000000000000178e-01,-7.909828663663752701e-01,3.113554340952828237e-01,-2.586562702473892417e-01,-1.237777143668312291e-01,1.652743270020617661e-01,-1.780480075328011447e-01,4.754513441815025887e-01,-8.578328132878280110e-01,-5.315858606947762022e-01,3.056479927339224023e-01,-1.078735677956332989e-01,-2.572632825750084673e-01,-3.323831737409811693e-02,-4.372484805079014936e-01
2.933907624331115807e-02,-1.210044564773978398e-01,7.586006279381197759e-01,-1.144052921364353825e-01,1.442813715208217662e-01,7.225472178721583649e-01,6.663481319163819805e-01,-6.476242037665251861e-01,3.032013825600718415e-02,5.727270277808109433e-02,3.773962080915346795e-01,-1.931035332522596515e-01,3.055362845830491766e-02,-6.805938326422622531e-01,-1.110523331985801554e-01,-1.223464056050610343e-01,3.523461531788635304e-01,-1.253093838507222668e-01,9.180985943967961971e-02,-5.464976685657454286e-02,4.647113844584629949e-02,5.200000000000000178e-01,-7.902050840614429639e-01,3.129708835069436312e-01,-2.591332189688134724e-01,-1.208432471513803536e-01,1.626365539956340367e-01,-1.773244920325378893e-01,4.758589476686438946e-01,-8.644259519833246141e-01,-5.372756018573762171e-01,3.095643868346930061e-01,-1.125512199193445251e-01,-2.575576630603339523e-01,-3.330987500570548737e-02,-4.345798214547222371e-01
2.914999538505130133e-02,-1.206709082869020233e-01,7.588122048753280779e-01,-1.140099482640012096e-01,1.449444329985830893e-01,7.213626852839806203e-01,6.675542819272785033e-01,-6.456477664593592847e-01,3.035091269163830985e-02,5.985620587485570437e-02,3.749851345869115726e-01,-1.916533894147620931e-01,3.147788080836259189e-02,-6.793667987131335462e-01,-1.109533271240135538e-01,-1.212116838619859555e-01,3.485395051962411062e-01,-1.241897809536319508e-01,9.247476740245975935e-02,-5.599978234699823365e-02,4.332842004980443779e-02,5.200000000000000178e-01,-7.888957637065795447e-01,3.163127839953440712e-01,-2.580847296559083404e-01,-1.129986679022430829e-01,1.591678340321446283e-01,-1.772254646345252649e-01,4.762374426761726287e-01,-8.738461351887871764e-01,-5.430244181616271648e-01,3.114384849673326738e-01,-1.242360847759391429e-01,-2.571030494451713166e-01,-3.397999657151140607e-02,-4.286647046038866149e-01
2.897212844992483327e-02,-1.203335558865794575e-01,7.591763294936783035e-01,-1.139234322690142465e-01,1.458373496155348226e-01,7.198881961629675086e-01,6.689648003164240242e-01,-6.432793882373667449e-01,3.033260290225851807e-02,6.148943456667821383e-02,3.705165151519120847e-01,-1.898962996187109342e-01,3.263636918256106190e-02,-6.779308567088305759e-01,-1.098129925493890741e-01,-1.185372991670162746e-01,3.422580443748662327e-01,-1.213534978696692301e-01,9.556266509819125177e-02,-5.730146243085471047e-02,3.953455449798420895e-02,5.200000000000000178e-01,-7.867959135136015636e-01,3.182902453567645895e-01,-2.582475787238822651e-01,-1.028102380411051175e-01,1.516356794969355160e-01,-1.786994166683888441e-01,4.774231118644426397e-01,-8.876145038018333766e-01,-5.535561663959203127e-01,3.146114664599031219e-01,-1.465848244085885266e-01,-2.597038286130339269e-01,-3.482157261631416839e-02,-4.229115227629629548e-01
2.880029794702265375e-02,-1.200437956985735272e-01,7.594981497203431298e-01,-1.145472179476136193e-01,1.472270882272854742e-01,7.185275337131062923e-01,6.700158973104584081e-01,-6.429327111089609970e-01,2.986012599371010851e-02,6.157249279453706758e-02,3.657140287674874313e-01,-1.878434576534193379e-01,3.408917016754225982e-02,-6.787296783194259886e-01,-1.082543496369942349e-01,-1.140117051236221729e-01,3.363838355397554825e-01,-1.176803712608686242e-01,9.825845948230080285e-02,-5.881251876545549179e-02,3.739801153737364742e-02,5.200000000000000178e-01,-7.849044534933066197e-01,3.158629674867999282e-01,-2.572636514645984529e-01,-9.275074607555723605e-02,1.404669054187583366e-01,-1.813385761182208789e-01,4.795196005725061439e-01,-9.057971065379295528e-01,-5.635410562600030593e-01,3.174203150716662925e-01,-1.776732546544303459e-01,-2.627652806044213363e-01,-3.740063441189699772e-02,-4.182244718692648688e-01
2.864175353726644557e-02,-1.198918981544592477e-01,7.596913445999295966e-01,-1.148907350446926184e-01,1.481200452615216157e-01,7.179350583305057487e-01,6.703952738590788218e-01,-6.426811767368024730e-01,2.872999138469474120e-02,6.037613011401316010e-02,3.622208736575189270e-01,-1.858556878959274627e-01,3.330241490168896201e-02,-6.782674955177481202e-01,-1.076441887814598986e-01,-1.109187262813915997e-01,3.310796187701592341e-01,-1.162549480490792098e-01,9.914476188767881726e-02,-6.027626225246288799e-02,3.530267283205273249e-02,5.200000000000000178e-01,-7.812602082836844763e-01,3.162059218788950687e-01,-2.614422773785951004e-01,-8.232915927858037997e-02,1.295162128367450260e-01,-1.861251453751089913e-01,4.782592311001958585e-01,-9.341520232924894751e-01,-5.786858803333497780e-01,3.197464863074649943e-01,-2.271924016770356103e-01,-2.754059363664767557e-01,-4.205515566841860203e-02,-4.134636505066702217e-01
2.850475206393784586e-02,-1.200050086704940594e-01,7.595555321405955684e-01,-1.152167064988696699e-01,1.489205033405235357e-01,7.174442371648204197e-01,6.706873793261272088e-01,-6.463856298105281617e-01,2.828507959916240488e-02,5.995114257730888019e-02,3.656769648277555795e-01,-1.848539484984710324e-01,3.045007342046071944e-02,-6.804979949417179208e-01,-1.080232701938809159e-01,-1.101884324271640986e-01,3.306832610514908177e-01,-1.170983195567306401e-01,9.942929945889814047e-02,-6.172040856611038517e-02,3.411195016738154812e-02,5.200000000000000178e-01,-7.775939329937785471e-01,3.154997033870394763e-01,-2.660968558017049457e-01,-6.636762475116222970e-02,1.140361619880933403e-01,-1.898958068746543215e-01,4.719689523272855847e-01,-9.762752019237562751e-01,-5.977861220708773349e-01,3.181117197211524306e-01,-2.893714059146531570e-01,-2.954864693707722756e-01,-4.573095057763778420e-02,-4.111294125118323817e-01
2.840324134239922624e-02,-1.201821268715624197e-01,7.592534109438975332e-01,-1.148665621003978343e-01,1.487574623198914259e-01,7.172971042227500593e-01,6.709409471697491689e-01,-6.473615337368339162e-01,2.838905491439618414e-02,6.045113684226718909e-02,3.687568456337198541e-01,-1.861072819942673207e-01,3.074740567329794713e-02,-6.810918329538389049e-01,-1.083274633545558419e-01,-1.096565999249955042e-01,3.322179592153831629e-01,-1.174156840433227267e-01,1.005267835220512995e-01,-6.404885835857061782e-02,2.989398727211509815e-02,5.200000000000000178e-01,-7.686553990027809036e-01,3.176012207461219039e-01,-2.710576053588739098e-01,-5.956303881685329205e-02,1.019914288098803384e-01,-1.931237341937647733e-01,4.552138958735376106e-01,-1.018469742514271026e+00,-6.171351130617266367e-01,3.172562355590993199e-01,-3.581181285839051820e-01,-3.129026864115922457e-01,-5.260317923341718133e-02,-4.057240867584142041e-01
2.832523989293006875e-02,-1.204135270679522612e-01,7.588196629649495151e-01,-1.151132330104326085e-01,1.494702296744758463e-01,7.165790062559938001e-01,6.715073505332007642e-01,-6.514652183034036481e-01,2.854675019441553843e-02,6.100344244886059253e-02,3.739086109169184602e-01,-1.879185002310403974e-01,3.282336497863697772e-02,-6.866148540906016340e-01,-1.076896919242630868e-01,-1.051247341855892359e-01,3.380269977425272021e-01,-1.182589144269287629e-01,9.947943790752901416e-02,-6.373585065437088748e-02,2.809568531587515461e-02,5.200000000000000178e-01,-7.634396868824253612e-01,3.189509491796795881e-01,-2.720438743235435441e-01,-5.700227079750012915e-02,1.003950101653849070e-01,-1.920713891787363126e-01,4.515441423690599865e-01,-1.044834073647590067e+00,-6.248530453935658979e-01,3.118612057806386950e-01,-3.928877531015567137e-01,-3.226246445071176416e-01,-5.268003160833539811e-02,-4.201839149559715159e-01
2.831489662838461083e-02,-1.206073623562603364e-01,7.584511681322313459e-01,-1.170810329850298231e-01,1.508637997686166077e-01,7.163365497485396638e-01,6.711140686417567114e-01,-6.579310882961084683e-01,2.922961101830088768e-02,6.073822867927897162e-02,3.750859783002500891e-01,-1.883337541226636214e-01,3.194948988361082792e-02,-6.935340756043055777e-01,-1.065243047127224785e-01,-1.027687855471393075e-01,3.401259596833879351e-01,-1.175311503197475349e-01,1.011958280589652509e-01,-6.468601801313493549e-02,2.564035092600158369e-02,5.200000000000000178e-01,-7.598424757464976587e-01,3.192911885714048714e-01,-2.713854032484860901e-01,-6.004763628302353662e-02,1.010269693748252068e-01,-1.962099381639431372e-01,4.458507379519590086e-01,-1.069425800307821195e+00,-6.283852538099344853e-01,3.050912020100523536e-01,-4.298022109409388447e-01,-3.263455992557576790e-01,-6.227659162999762271e-02,-4.294073014868162175e-01
2.833036755607004978e-02,-1.207535999854499192e-01,7.576742424867159986e-01,-1.185986552525946924e-01,1.522840670700508214e-01,7.164760896755099084e-01,6.703774569689620044e-01,-6.670994546166598704e-01,2.891971366164564072e-02,5.978848910113732790e-02,3.826700593517832205e-01,-1.903096272510832465e-01,3.124567069995605809e-02,-7.016125981907594955e-01,-1.069247209361797041e-01,-1.006520384405617113e-01,3.459849232600327729e-01,-1.202758584538609482e-01,9.885206587086169117e-02,-6.464544891616885725e-02,2.681409676684092316e-02,5.200000000000000178e-01,-7.582624043091523713e-01,3.157926496739372757e-01,-2.714573954276128243e-01,-5.956482098994776014e-02,9.980851394924829256e-02,-1.977496775782113803e-01,4.449413104359251636e-01,-1.086777080868054357e+00,-6.228460893401643883e-01,2.993237895011617855e-01,-4.493975292514719722e-01,-3.325435592441569055e-01,-6.804629990112627536e-02,-4.437526588040133779e-01
2.836216859422556122e-02,-1.208119051377243708e-01,7.572281564789594688e-01,-1.206258770061752611e-01,1.544011265234048191e-01,7.161503105048648843e-01,6.698794090644833998e-01,-6.765912253829627909e-01,2.825035473890438742e-02,5.798196029574320676e-02,3.877500765136602245e-01,-1.899998893218554086e-01,3.104987687073660491e-02,-7.102065730467002069e-01,-1.071732276992220234e-01,-9.986371637513921651e-02,3.496679685887229549e-01,-1.218772855818534562e-01,9.639007245037521654e-02,-6.521991731651020918e-02,2.834394847139491344e-02,5.200000000000000178e-01,-7.579599012260247459e-01,3.123696233915777554e-01,-2.730674069929432402e-01,-5.805070970415735637e-02,9.390835570358725681e-02,-1.958972264599195823e-01,4.444052257477524304e-01,-1.094893879936504666e+00,-6.154394200329863507e-01,2.997179027028886722e-01,-4.540435553436346638e-01,-3.313584987540705296e-01,-7.048936195063117138e-02,-4.504936276101640935e-01
2.838983276065316919e-02,-1.208401304695919387e-01,7.568343961362248296e-01,-1.220172598355412225e-01,1.558355349708248350e-01,7.157765937319497951e-01,6.696946634161510259e-01,-6.842623663991923566e-01,2.875619561167367180e-02,5.917314562225998303e-02,3.939027617555816430e-01,-1.904156884516883252e-01,3.426310115123542416e-02,-7.173415796647317766e-01,-1.074771515897761098e-01,-9.997731562924468129e-02,3.543660650766403131e-01,-1.223583307046721691e-01,9.523807953470032894e-02,-6.659117832742104948e-02,3.007667348124213463e-02,5.200000000000000178e-01,-7.578969469069336551e-01,3.067294606203732621e-01,-2.717039097502698120e-01,-5.424374383308792208e-02,8.969917210192214496e-02,-1.950703681190786576e-01,4.490562579024104939e-01,-1.086122626869692187e+00,-6.042838796425605841e-01,3.036526958494733530e-01,-4.442115921839900894e-01,-3.311871867118857393e-01,-7.044172116993276112e-02,-4.551388921180234970e-01
2.835360610932514611e-02,-1.208945533803676697e-01,7.565869228466575169e-01,-1.227766693779034080e-01,1.573879349819815865e-01,7.149487328859511770e-01,6.700770379018753387e-01,-6.898393001537163061e-01,2.814822831394318478e-02,5.926869794750306425e-02,3.982667012570793585e-01,-1.906977136658379868e-01,3.741963055637677338e-02,-7.237278909581723596e-01,-1.088526265287240169e-01,-1.023349713628046997e-01,3.594239445000241839e-01,-1.234424199012843781e-01,9.533701851787233783e-02,-6.410316044423662596e-02,3.091097623692645041e-02,5.200000000000000178e-01,-7.597655084919485713e-01,2.986219608274531256e-01,-2.720436582051968255e-01,-5.146071904730970675e-02,8.894789850685547172e-02,-1.903585309160355232e-01,4.541547897793812294e-01,-1.067339639941405460e+00,-5.984496868522415358e-01,3.147128783063477542e-01,-4.160436364078641258e-01,-3.368806707013291546e-01,-5.804265780574768135e-02,-4.467678592987405217e-01
2.820566545647550452e-02,-1.209979596263512924e-01,7.562085570703493964e-01,-1.255824203772579195e-01,1.596832234672946327e-01,7.138704431341991175e-01,6.701636473688094009e-01,-6.994984330720603882e-01,2.964348880567519579e-02,6.072737398574239165e-02,4.016635894999658341e-01,-1.922157939379583180e-01,4.099492118891442244e-02,-7.332808700664652513e-01,-1.081688858854285701e-01,-1.042043555142988936e-01,3.612806284489499253e-01,-1.214438939091062319e-01,9.812964757247362446e-02,-6.479108517813160495e-02,3.005979807286697850e-02,5.200000000000000178e-01,-7.627399556196998720e-01,2.881499161143529775e-01,-2.694592648644499322e-01,-6.046699523962090206e-02,8.501518185096040847e-02,-1.894405732255768915e-01,4.676895525067773507e-01,-1.037169997618828887e+00,-5.838858657512444594e-01,3.270010418771135408e-01,-3.641690881617438702e-01,-3.326439453317237560e-01,-4.520335074724945307e-02,-4.405152404975842817e-01
2.796794219485528379e-02,-1.213156563519295489e-01,7.556062983312956671e-01,-1.276310111477390874e-01,1.616072424060944202e-01,7.133098638087219667e-01,6.699122796221056442e-01,-7.094713898140051489e-01,2.999787676330223016e-02,6.178905451338512905e-02,4.081881810118386245e-01,-1.940538075047046895e-01,4.321451246298879667e-02,-7.433161228583285984e-01,-1.091552329789448189e-01,-1.066318623806371130e-01,3.679094696784723229e-01,-1.233910650300764911e-01,9.535402196056641522e-02,-6.485467453454465958e-02,3.169229217857436054e-02,5.200000000000000178e-01,-7.696301061489909667e-01,2.858634806388765659e-01,-2.693979630437657868e-01,-7.104856716646130999e-02,9.337422019309825350e-02,-1.890070688418321876e-01,4.778204668175643488e-01,-9.920235324867889837e-01,-5.656538876330775567e-01,3.326218840381899300e-01,-3.057485847565303838e-01,-3.148417020176552672e-01,-3.463823713589264663e-02,-4.379277066048742340e-01
2.766336959388731795e-02,-1.218479359302504644e-01,7.549974067707957426e-01,-1.286433430861196048e-01,1.620434283516342389e-01,7.134053319039482810e-01,6.695115010354141249e-01,-7.167076899343545193e-01,3.043847322169622449e-02,6.161686191516101141e-02,4.155804748231441970e-01,-1.954619524546530318e-01,4.439942226672596165e-02,-7.496263056004581760e-01,-1.097242024063951882e-01,-1.071079609361260676e-01,3.741856079374346056e-01,-1.242958697479515373e-01,9.292090434086480721e-02,-6.453138836433630621e-02,3.246058752357181693e-02,5.200000000000000178e-01,-7.757449525044470828e-01,2.852776131587145825e-01,-2.727675666861902881e-01,-7.822756538236842749e-02,1.022436302560387755e-01,-1.904784250119653244e-01,4.825584736752777104e-01,-9.661775295433608912e-01,-5.529615295364509464e-01,3.363325386208294021e-01,-2.742256621280413920e-01,-3.010658064175799065e-01,-3.739732826957745809e-02,-4.387399395944426850e-01
2.726242394306033559e-02,-1.226211362100541741e-01,7.545499212127374511e-01,-1.303350271905273083e-01,1.627585495038606500e-01,7.136470661891738398e-01,6.687527945139586372e-01,-7.245929301853463178e-01,3.067810003070448044e-02,6.140528027395415755e-02,4.204220456079727497e-01,-1.956736663189759806e-01,4.750185578229310090e-02,-7.563005239341666908e-01,-1.098399093111148417e-01,-1.071196894079777945e-01,3.778402664916438169e-01,-1.230624855555735170e-01,9.345897557897533958e-02,-6.595348994305443024e-02,3.238176497159896139e-02,5.200000000000000178e-01,-7.818028950311830538e-01,2.860871574340752566e-01,-2.753386787611185049e-01,-8.675044235187057140e-02,1.083038798822229115e-01,-1.916482044369121895e-01,4.846471781639801746e-01,-9.446242281256500561e-01,-5.446497926559956682e-01,3.350071084323064663e-01,-2.619702358559218291e-01,-2.957037293179490267e-01,-4.043185564192824932e-02,-4.427168675477775595e-01
2.677453232435516098e-02,-1.235836548734749046e-01,7.539785478365440552e-01,-1.317720543207482053e-01,1.629434375073244567e-01,7.140346220780031672e-01,6.680120660192522264e-01,-7.318296982088463576e-01,3.137086662314859942e-02,6.156226830050268162e-02,4.257007617545830458e-01,-1.966386039985343892e-01,4.941868457289995409e-02,-7.626360261174552901e-01,-1.101796503273882871e-01,-1.081112954862118308e-01,3.827237976200727476e-01,-1.215165378391849793e-01,9.347583387954026823e-02,-6.772484345183543697e-02,3.207630297828202581e-02,5.200000000000000178e-01,-7.863930843831896667e-01,2.846292363532970104e-01,-2.748867189912141407e-01,-9.442830291684022048e-02,1.097950709280646198e-01,-1.953037909681694662e-01,4.884991590638518844e-01,-9.323663743779710966e-01,-5.345886147011873479e-01,3.313578204310380637e-01,-2.670977143491375383e-01,-2.938498865076094591e-01,-4.590390497116218077e-02,-4.480401020818206015e-01
2.621086224156155692e-02,-1.246336230457440880e-01,7.535388019436143336e-01,-1.333719240099241754e-01,1.640018271011385587e-01,7.141856503826946589e-01,6.672736975041252405e-01,-7.390451483852661374e-01,3.052162202607863750e-02,6.080974621205857689e-02,4.273850164014794117e-01,-1.952740309420006037e-01,4.853999637793378341e-02,-7.695347822675546734e-01,-1.112742440615285267e-01,-1.086945192801370280e-01,3.850444640508576266e-01,-1.198895069874998109e-01,9.174358024414756840e-02,-6.760053482644746981e-02,3.340310572726448018e-02,5.200000000000000178e-01,-7.909934100802310519e-01,2.852244146419715132e-01,-2.762250449248826456e-01,-1.024145514731709394e-01,1.138856652409127312e-01,-1.977336113937503692e-01,4.916962556023258268e-01,-9.252588489019418772e-01,-5.294530532941271739e-01,3.290319472539623424e-01,-2.747128427783933624e-01,-2.934638826509742282e-01,-5.061907062738910112e-02,-4.535721369976928319e-01
2.559307818334052853e-02,-1.257562491516124592e-01,7.531158138824469717e-01,-1.344716788016321607e-01,1.646342760358202040e-01,7.142881957946745075e-01,6.667872944971435789e-01,-7.440438412007263080e-01,2.988882241992694977e-02,6.108493860027519595e-02,4.278370439347910503e-01,-1.950743032904788121e-01,4.890363536458092186e-02,-7.750618659252496156e-01,-1.126662993252749573e-01,-1.102847963655613078e-01,3.874810096783036784e-01,-1.183917220880751353e-01,9.184100957455831882e-02,-6.681895671083966370e-02,3.452129836596288387e-02,5.200000000000000178e-01,-7.952904186295453037e-01,2.878848986757393535e-01,-2.784928014181729528e-01,-1.076981406601742880e-01,1.163238053260572252e-01,-1.988524904290517314e-01,4.917510711614599961e-01,-9.220329436668014411e-01,-5.263919537309122987e-01,3.275926128599001563e-01,-2.834474425104919759e-01,-2.957687530422227762e-01,-5.301995424192790241e-02,-4.550849401201380595e-01
2.494057109578099243e-02,-1.268469226743861866e-01,7.528076756170298811e-01,-1.356589521641013707e-01,1.652781207166034438e-01,7.143392696874966141e-01,6.663326491268898311e-01,-7.491483267371389365e-01,2.910137954505048405e-02,6.056061532645962836e-02,4.281115091539430262e-01,-1.938839583232825070e-01,5.067606664792961152e-02,-7.802442637231341571e-01,-1.135708143939342385e-01,-1.107414720941910097e-01,3.886796117053914479e-01,-1.155177307226441519e-01,9.212933585281182780e-02,-6.685646905789270622e-02,3.478835094162942287e-02,5.200000000000000178e-01,-7.987684638447890562e-01,2.883119579206664396e-01,-2.790020194520902996e-01,-1.134594667791291867e-01,1.185330305570508336e-01,-2.004478390961802192e-01,4.947362053392797554e-01,-9.186423458696448829e-01,-5.232591454665929120e-01,3.260893232292390587e-01,-2.906326984780696621e-01,-2.950293662172618903e-01,-5.570970279998592456e-02,-4.561524585464014625e-01
2.427085581527444955e-02,-1.278685620183644123e-01,7.525420343397356548e-01,-1.370024523365211411e-01,1.659915379902095478e-01,7.144554627652583978e-01,6.657556076326384131e-01,-7.540350970569161815e-01,2.831396187035786077e-02,6.027597173990573154e-02,4.273326368319433355e-01,-1.922919624841691599e-01,5.199239703957544978e-02,-7.858296410239266061e-01,-1.143572670531089325e-01,-1.105865050917610448e-01,3.901431260983706517e-01,-1.120484219507525137e-01,9.220900008990699781e-02,-6.694840544057889531e-02,3.609082853415957609e-02,5.200000000000000178e-01,-8.021511554474657357e-01,2.887350685044819953e-01,-2.787124230287216786e-01,-1.193866247140121517e-01,1.212652669043585846e-01,-2.028087411607517321e-01,4.981848614184669621e-01,-9.138509639087432079e-01,-5.210095045984443063e-01,3.225774054387109402e-01,-2.960565508165132753e-01,-2.956168215090603790e-01,-5.812345606947208476e-02,-4.586372299527893825e-01
2.360535987735359886e-02,-1.287913388737962350e-01,7.522462187099904218e-01,-1.386135386262382641e-01,1.666564083954076292e-01,7.147276083704713345e-01,6.649634383056564069e-01,-7.598775530654162669e-01,2.735628352459518881e-02,5.847605654820265536e-02,4.278305977326889442e-01,-1.915718528760541606e-01,5.410387027689485956e-02,-7.919847054885181814e-01,-1.150390461619189286e-01,-1.106117871715480150e-01,3.927050081853483698e-01,-1.090761078438652332e-01,9.294847571459161073e-02,-6.638024840075644473e-02,3.844132605680402465e-02,5.200000000000000178e-01,-8.071237990331728840e-01,2.886147946461702918e-01,-2.774855336613964996e-01,-1.266449488721697325e-01,1.261004446417944291e-01,-2.037537533365982867e-01,5.039215574875343107e-01,-9.086673867878213295e-01,-5.201499772957068890e-01,3.196263365267264511e-01,-2.981140153772119938e-01,-2.972384798404311135e-01,-5.949643812923245678e-02,-4.613518333617341316e-01
2.297203951513372006e-02,-1.296232035460612997e-01,7.519833719412480910e-01,-1.399447190876409453e-01,1.670699210623282915e-01,7.151273549949814790e-01,6.641505726968762735e-01,-7.648309620685714849e-01,2.669830498835862320e-02,5.787042634976734268e-02,4.285661809196190664e-01,-1.907585143715526954e-01,5.565142803650872938e-02,-7.966440919666948339e-01,-1.157813036782138899e-01,-1.106888054767942164e-01,3.942844471099820058e-01,-1.064379954387140864e-01,9.380750900226263178e-02,-6.620025957834667352e-02,4.021921513370702722e-02,5.200000000000000178e-01,-8.128068966584093280e-01,2.905300221781851322e-01,-2.765871104797368862e-01,-1.348073311223546011e-01,1.275591539372800121e-01,-2.048526103972795054e-01,5.093423350387698001e-01,-9.036385690093093892e-01,-5.186970108377823019e-01,3.187564913655560050e-01,-2.983431042256188825e-01,-2.970664067525509711e-01,-6.059631122465158892e-02,-4.677786118961456685e-01
2.238307487810311039e-02,-1.303608472958165676e-01,7.517678839000796476e-01,-1.415935768782859150e-01,1.680197526438790279e-01,7.153011510067535106e-01,6.633738652349178144e-01,-7.702913814285248240e-01,2.586662454719944673e-02,5.730974368595496277e-02,4.279633432499321266e-01,-1.891562927533759764e-01,5.668574766350482907e-02,-8.017159115067635788e-01,-1.164498180859602494e-01,-1.105661057816405418e-01,3.940272897222815152e-01,-1.034721435873155043e-01,9.548540172432626316e-02,-6.662368457502922114e-02,4.263540729842118376e-02,5.200000000000000178e-01,-8.199863015862102200e-01,2.932802562665380308e-01,-2.738985433777139655e-01,-1.451517627004368094e-01,1.307979955740430356e-01,-2.057086232891288113e-01,5.154158318643496939e-01,-8.982368961058676549e-01,-5.171842036692755329e-01,3.175325577395264887e-01,-2.971469985456171026e-01,-2.959074106448373875e-01,-6.193151351710150104e-02,-4.743019999488253258e-01
2.184796675625393786e-02,-1.310398631730116947e-01,7.516157181709191004e-01,-1.432619479016316033e-01,1.692019844915172988e-01,7.154484072953255502e-01,6.625558687583587014e-01,-7.755217211329321625e-01,2.450546509079718979e-02,5.593310895433049879e-02,4.261927401670413951e-01,-1.867286785508540103e-01,5.610916450122851312e-02,-8.063003368810024440e-01,-1.171380314538474771e-01,-1.101185245885369368e-01,3.922468506629921969e-01,-1.010302642418155622e-01,9.622009193095804047e-02,-6.673593590278972809e-02,4.495035856963858906e-02,5.200000000000000178e-01,-8.320356588089469208e-01,2.980146400191844291e-01,-2.718943027851755123e-01,-1.588441445693564713e-01,1.339102360717840667e-01,-2.061711956229481113e-01,5.201981423800314808e-01,-8.938380422264088354e-01,-5.167556500582416446e-01,3.161108190869899026e-01,-2.953798319329066779e-01,-2.934525846868611398e-01,-6.340272828306107999e-02,-4.788697588068483446e-01
2.136468914780067022e-02,-1.317047712429737505e-01,7.514226136448869386e-01,-1.447913421536019818e-01,1.704083426767794007e-01,7.156655735314527700e-01,6.616791147115099747e-01,-7.810044721430673409e-01,2.284376122649892440e-02,5.429128033058081004e-02,4.252847143626949933e-01,-1.841021091353866601e-01,5.479845639805899088e-02,-8.101360823084871043e-01,-1.180549697074499971e-01,-1.097454876937824508e-01,3.894018269124654430e-01,-9.932363139254685169e-02,9.686277278284236014e-02,-6.674593253588766151e-02,4.803091950517506675e-02,5.200000000000000178e-01,-8.457910401605078787e-01,3.028541669808281767e-01,-2.681166945640319210e-01,-1.754844592313103968e-01,1.400180710200801260e-01,-2.069196617274330074e-01,5.239647878114686019e-01,-8.907872630316293616e-01,-5.198506501560207216e-01,3.141322868755983544e-01,-2.918474272942590542e-01,-2.927976178878354818e-01,-6.387992428152020064e-02,-4.818023669133673081e-01
2.092852627474506289e-02,-1.323671222617047727e-01,7.510258377232793547e-01,-1.458073293607391741e-01,1.715554005456445263e-01,7.157690505770901712e-01,6.610473761269175519e-01,-7.869912396265591470e-01,2.141683891467258821e-02,5.406733872368454930e-02,4.274073285391633004e-01,-1.817408894570333999e-01,5.224170802820168186e-02,-8.137397965256271126e-01,-1.197669043706388464e-01,-1.105147256789318633e-01,3.875568114808046749e-01,-9.878928124351843421e-02,9.707402718037684564e-02,-6.555522545099558285e-02,5.160574323893294540e-02,5.200000000000000178e-01,-8.661389482324557409e-01,3.086197655299741660e-01,-2.622510333560336138e-01,-1.935428106061272413e-01,1.479664274671813051e-01,-2.058776358838484977e-01,5.306220889302468713e-01,-8.890190384126247514e-01,-5.235796225223825484e-01,3.110582408840147361e-01,-2.870297039688612384e-01,-2.918064239141459071e-01,-6.511496499529040305e-02,-4.865370743419792365e-01
2.053594818527489096e-02,-1.330323779304415921e-01,7.506362712577551166e-01,-1.464973488051009021e-01,1.723458922802130477e-01,7.155658725547553445e-01,6.609091482512288174e-01,-7.925042888579539868e-01,2.096348994079038491e-02,5.483019358433288692e-02,4.314079028546849992e-01,-1.805464243705182659e-01,5.194003935268421551e-02,-8.162652142750855822e-01,-1.207077211183830295e-01,-1.111591476746159463e-01,3.852866410459119262e-01,-9.793296767011812343e-02,9.834343143187652958e-02,-6.442135490063219394e-02,5.347905401619509197e-02,5.200000000000000178e-01,-8.931504640455408817e-01,3.151810504396044266e-01,-2.524500979614806573e-01,-2.159261562506607224e-01,1.577886684525762473e-01,-2.021851438251100475e-01,5.403120071660814094e-01,-8.859588498960320191e-01,-5.268602496530691015e-01,3.064290439545071520e-01,-2.839506747385008301e-01,-2.876211751772906888e-01,-6.460371597299027768e-02,-4.903419209380980304e-01
2.018861589186164013e-02,-1.336780699675599038e-01,7.503452239369381438e-01,-1.469911989758899418e-01,1.724742965694901486e-01,7.157518284261783492e-01,6.605645498746288702e-01,-7.972210190872742741e-01,2.126064100278170221e-02,5.660718994518550845e-02,4.365128265814695041e-01,-1.795482414150478823e-01,5.281209639583362564e-02,-8.170979846352717235e-01,-1.213384752352607843e-01,-1.120153387660495770e-01,3.829248868347719936e-01,-9.675212242405345497e-02,9.929959012897159043e-02,-6.271450882153907502e-02,5.553639496002158588e-02,5.200000000000000178e-01,-9.242358027792881847e-01,3.221591484497199342e-01,-2.438063560418099740e-01,-2.452871285784753719e-01,1.622403224669485000e-01,-1.991251872144280677e-01,5.488979555441808600e-01,-8.825396386924655445e-01,-5.293550345483726272e-01,3.015213795642744943e-01,-2.837542219744952354e-01,-2.771188420108446904e-01,-6.540974547891406643e-02,-4.974231276802349444e-01
1.988686854896954889e-02,-1.341928424775524487e-01,7.501142735032357844e-01,-1.482193864915667958e-01,1.729456646754154725e-01,7.163521745789536155e-01,6.595152557098625801e-01,-8.027098682059402579e-01,2.083794599578465273e-02,5.651094151704970370e-02,4.391807034920148234e-01,-1.772556793487378712e-01,5.042667118605329707e-02,-8.183786749890719081e-01,-1.221406126532496306e-01,-1.134498886759727626e-01,3.791569514197373758e-01,-9.594331636227404481e-02,9.918394711745376346e-02,-6.242701191737561051e-02,5.684280670999916629e-02,5.200000000000000178e-01,-9.551580347223495027e-01,3.283867071005364680e-01,-2.347736785095631828e-01,-2.725948998602386597e-01,1.737154969396272619e-01,-1.955205510105902655e-01,5.618292217168779912e-01,-8.788797541872300778e-01,-5.308184686881051162e-01,2.945267183040132797e-01,-2.838920282094368197e-01,-2.683451507202020969e-01,-6.745500174224039469e-02,-5.036555433228031564e-01
1.963141216132251871e-02,-1.344829514601837694e-01,7.503373861600793893e-01,-1.484190762416668918e-01,1.736362559906214353e-01,7.162160921456871554e-01,6.594366821497641418e-01,-8.012784381855289073e-01,2.032667716568879734e-02,5.960083370105816181e-02,4.328446425153740784e-01,-1.731775187864726395e-01,4.743946439794430314e-02,-8.158167654380864553e-01,-1.232854328573621261e-01,-1.157455870346333210e-01,3.700972080385915297e-01,-9.129752895914219901e-02,1.017485024108434472e-01,-6.274146819180377588e-02,5.711162343607346925e-02,5.200000000000000178e-01,-9.860065742332078109e-01,3.369869669441837856e-01,-2.244567917407802593e-01,-3.037143302565323277e-01,1.826990368766584771e-01,-1.936066734033233816e-01,5.770677455063626393e-01,-8.752201018017923273e-01,-5.310156549735806086e-01,2.893970349679873544e-01,-2.866560299498216446e-01,-2.611809061744696514e-01,-6.894751975974319769e-02,-5.074154059595207267e-01
1.947974615327461440e-02,-1.348366742232716409e-01,7.500169784427642705e-01,-1.493679270299920758e-01,1.737398136470731380e-01,7.157355052406678686e-01,6.597168984242620660e-01,-8.058761385988471027e-01,2.288819733242634935e-02,6.186133296196658082e-02,4.376569226955080993e-01,-1.747846094521447735e-01,4.690156282261354059e-02,-8.202179314080368933e-01,-1.218611772965639134e-01,-1.149841367853286223e-01,3.736044617979424887e-01,-9.075924367422871786e-02,1.017862410903841303e-01,-6.342829037083154431e-02,5.728048339721227011e-02,5.200000000000000178e-01,-1.018190764760197320e+00,3.437611457143407989e-01,-2.137941938226507466e-01,-3.204476866656631451e-01,1.867812361869550519e-01,-1.889492847549159582e-01,5.984035828162276305e-01,-8.749516954635887522e-01,-5.350975761835097266e-01,2.853754171639874548e-01,-2.896874439829976722e-01,-2.565829503624066921e-01,-7.076445737103788380e-02,-5.101136077429335725e-01
1.940988721168283512e-02,-1.348463986815735538e-01,7.501880547533155141e-01,-1.493446223887760216e-01,1.750361274187824112e-01,7.148035720218625100e-01,6.603895753921126266e-01,-8.046849790425653071e-01,2.237990290374642158e-02,6.476282237168155820e-02,4.321632138748056073e-01,-1.712523199511778726e-01,4.567072318898501848e-02,-8.199025907159580573e-01,-1.223511961522873170e-01,-1.149242034363682358e-01,3.676259245857538827e-01,-8.737280190794330381e-02,1.032390926348578514e-01,-6.478230197761307430e-02,5.562202320770220920e-02,5.200000000000000178e-01,-1.028655008938964555e+00,3.474286776673388699e-01,-2.119915178112958265e-01,-3.288116455051706688e-01,1.885741311365378148e-01,-1.875417207046514989e-01,6.039059740952636979e-01,-8.733236894635079128e-01,-5.356264710271385621e-01,2.821128446780319377e-01,-2.933798356317906530e-01,-2.554210241445055707e-01,-7.018266270333227419e-02,-5.092667066939623455e-01
1.950531643956314454e-02,-1.349268614217556395e-01,7.499863588231605593e-01,-1.508852327178320518e-01,1.763415323227838227e-01,7.138986450984103893e-01,6.606708976883959306e-01,-8.100458700672804602e-01,2.402604887380163298e-02,6.585440422314181586e-02,4.340364629490134352e-01,-1.721991473279400053e-01,4.525986219500909014e-02,-8.272092239664236013e-01,-1.207911304311071049e-01,-1.129966791647726704e-01,3.719998465822805800e-01,-8.738024721596412969e-02,1.042517466904210599e-01,-6.581015091321744392e-02,5.538022287702449448e-02,5.200000000000000178e-01,-1.021850504822695349e+00,3.483335718792555102e-01,-2.162894073967457920e-01,-3.133049005560427647e-01,1.833630323881617896e-01,-1.856939924355687777e-01,6.057198720082745957e-01,-8.739990327977854578e-01,-5.358700759601985331e-01,2.835777685700267559e-01,-2.961850411439820863e-01,-2.514748417164032745e-01,-6.970478162393034527e-02,-5.089297489156884291e-01
1.973127636262637236e-02,-1.348434181088703498e-01,7.503499668429988168e-01,-1.520665626550485594e-01,1.771226628442316708e-01,7.134230258331856200e-01,6.607048577392687916e-01,-8.107680469727067685e-01,2.432614815389431973e-02,6.389104748684162893e-02,4.295828393703000625e-01,-1.707619196653796800e-01,4.762694096882316708e-02,-8.296245229980087066e-01,-1.180969469911155589e-01,-1.087621487720376173e-01,3.704589546323242555e-01,-8.454172751983957124e-02,1.070441515603478555e-01,-6.980783943120556778e-02,5.283321951598448502e-02,5.200000000000000178e-01,-9.875092939449594542e-01,3.419206544609007525e-01,-2.327059739159318685e-01,-2.697430333545928205e-01,1.708926669905124762e-01,-1.834582816905120373e-01,5.944670899548054610e-01,-8.752425432948882644e-01,-5.284348927478685898e-01,2.846359122438222866e-01,-2.952359793293750645e-01,-2.507892444177223235e-01,-6.783067626109716419e-02,-5.070290608452957537e-01
2.008394650651777052e-02,-1.347294457714902638e-01,7.509427762215609148e-01,-1.515688639227683876e-01,1.778530833963863633e-01,7.122159525310084449e-01,6.619241627074105017e-01,-8.060942003362832065e-01,2.339286864817996872e-02,6.140723942825922904e-02,4.207765165457996170e-01,-1.683990454005808157e-01,5.480096548330614520e-02,-8.294366281811746955e-01,-1.154425889671739786e-01,-1.019870795056690982e-01,3.681716347932093014e-01,-8.274130148680619579e-02,1.061098504817737237e-01,-7.399354425801175916e-02,4.414902528419144268e-02,5.200000000000000178e-01,-9.237296602770057596e-01,3.374536982990416489e-01,-2.675770164810616358e-01,-1.855931182296111093e-01,1.346811470566814384e-01,-1.838213096381810241e-01,5.559318191532058862e-01,-8.831467631117110306e-01,-5.266721191121175316e-01,3.009254592121299865e-01,-2.879686338608667406e-01,-2.590023009252447328e-01,-5.909861194785993865e-02,-4.912055112572818460e-01
2.051161573364163743e-02,-1.347098891541249344e-01,7.506830944603253286e-01,-1.484927949744214160e-01,1.773107973973795382e-01,7.109429659885022623e-01,6.641316662217364719e-01,-8.003409374156513767e-01,2.213884649732456369e-02,5.948869605287514239e-02,4.227401981199920833e-01,-1.713366513695886995e-01,5.906293224039370349e-02,-8.290361952667550938e-01,-1.150028186118456780e-01,-9.642656812116923160e-02,3.767963901684305283e-01,-8.774634326471421331e-02,1.018790187553511167e-01,-7.431236163272604556e-02,3.850895791970448262e-02,5.200000000000000178e-01,-8.640610053437641769e-01,3.154227024661115930e-01,-2.810479481680505098e-01,-7.793592709576906141e-02,9.087091308628630903e-02,-1.871889892303087166e-01,5.407046597845973634e-01,-8.883588991638760035e-01,-5.195645598902489670e-01,3.128408299713991148e-01,-2.751239420604419950e-01,-2.669417828729672149e-01,-5.272538941746161140e-02,-4.912512785640454904e-01
2.099239059809242941e-02,-1.347428726882190786e-01,7.505051394570522172e-01,-1.472037121973327201e-01,1.783203480667912288e-01,7.094559913853554223e-01,6.657365221077211626e-01,-7.991806125713823983e-01,2.130836580388324047e-02,5.948937864272707543e-02,4.229892003625483898e-01,-1.720493560899783170e-01,6.478228269588252874e-02,-8.309650147130832609e-01,-1.143709888487999815e-01,-9.171894448938494593e-02,3.791413260627523596e-01,-8.898611276538119508e-02,1.060204799304991230e-01,-7.553688350213598468e-02,3.642135162893139766e-02,5.200000000000000178e-01,-8.392660168196678372e-01,3.011884679837875667e-01,-2.930077602704727058e-01,6.631911201604228853e-04,5.687620808763089314e-02,-1.933090324069507426e-01,5.330006714045936178e-01,-8.961035015573124429e-01,-5.195305425656738807e-01,3.227734668443123511e-01,-2.780948864954999045e-01,-2.728135406513231831e-01,-5.342041640071534120e-02,-4.921193546343167746e-01
2.148089354084736780e-02,-1.348261004947702013e-01,7.504613419877013136e-01,-1.471463936288720797e-01,1.801945118133137513e-01,7.081747503109002695e-01,6.666081305958331260e-01,-8.002465315290091530e-01,2.085390528409832370e-02,6.125701904629250044e-02,4.202597932791322655e-01,-1.697946185132941932e-01,6.534544659366636754e-02,-8.327432674483372654e-01,-1.138738810389851169e-01,-8.835142523187974883e-02,3.745787558624409375e-01,-8.821468155170565650e-02,1.099190416748023341e-01,-7.626904947424043013e-02,3.661240714790714446e-02,5.200000000000000178e-01,-8.287303652778090779e-01,2.915509912727817787e-01,-3.002327494004212172e-01,4.858324617024965819e-02,3.960788926465914905e-02,-1.970902547479337907e-01,5.312612495355100162e-01,-9.089300471797504555e-01,-5.253599830195919695e-01,3.312578377211587433e-01,-2.885379536885415153e-01,-2.783497522530115620e-01,-5.370024939892723004e-02,-4.921634074981153240e-01
2.195127679618590413e-02,-1.349178922844980477e-01,7.505375615089691088e-01,-1.469077041876478140e-01,1.817128479887893666e-01,7.077376445554184325e-01,6.667128270891931052e-01,-7.994218491564603069e-01,1.917267929492139783e-02,6.205872724333585944e-02,4.145361811862308121e-01,-1.656840010903329885e-01,6.394300752906693919e-02,-8.312252623958487074e-01,-1.147871023277697855e-01,-8.748992730682526864e-02,3.662477681940567997e-01,-8.701808587406298368e-02,1.113915458682201570e-01,-7.513537283166901726e-02,3.548815937184494201e-02,5.200000000000000178e-01,-8.197543963369984255e-01,2.854802072981310057e-01,-3.040477451387661456e-01,7.223117943924581286e-02,3.185954473847991963e-02,-1.970824949299140316e-01,5.310102481632288374e-01,-9.316126435685091467e-01,-5.333861847846276261e-01,3.339322857819623791e-01,-3.103948902833563728e-01,-2.862834971372519854e-01,-5.601537412661874299e-02,-4.907072264979728260e-01
2.239829431565309309e-02,-1.351720079142333109e-01,7.506753997244740573e-01,-1.474698497921128892e-01,1.826988890622492923e-01,7.073591552961879803e-01,6.667209196930702353e-01,-8.003973118917777629e-01,1.977581759221168703e-02,6.366725905026750232e-02,4.109802981213640516e-01,-1.624339836800635650e-01,6.102640758391805059e-02,-8.307863888541187070e-01,-1.144832215595526642e-01,-8.906582980641815361e-02,3.592393645535059687e-01,-8.455386558696495469e-02,1.125726518212946115e-01,-7.450899805232577555e-02,3.389945770153387355e-02,5.200000000000000178e-01,-8.143959134133231803e-01,2.830090489572825718e-01,-3.034214663689679403e-01,8.691737975920947601e-02,2.819306296536798484e-02,-1.984357019173899617e-01,5.314264233522556502e-01,-9.658293293543472879e-01,-5.453476147592672962e-01,3.346125481256917999e-01,-3.380743554599477951e-01,-3.025591082301501422e-01,-5.694829394689713414e-02,-4.925287539611368781e-01
2.283742231079483737e-02,-1.356547283847060192e-01,7.502644887341691771e-01,-1.486949843279670724e-01,1.837816080940168073e-01,7.070493047439553314e-01,6.664798592779608288e-01,-8.067794392564980877e-01,2.122720467894081975e-02,6.463904165320150108e-02,4.147792975228766776e-01,-1.627551068852459426e-01,5.723190555863902351e-02,-8.357650028727034996e-01,-1.139578891149474194e-01,-9.030956589696753634e-02,3.601354662800996254e-01,-8.600534892803687881e-02,1.122059763757587286e-01,-7.185553331862487569e-02,3.635421651209942706e-02,5.200000000000000178e-01,-8.126914744512854227e-01,2.838973037395855492e-01,-3.052795053549542392e-01,9.530557047562349116e-02,2.966028847523283218e-02,-1.997187061788890383e-01,5.244515289108120371e-01,-1.015748860423743460e+00,-5.561016155291744756e-01,3.363288452604577539e-01,-3.733776674359941539e-01,-3.194528570944554224e-01,-5.931716335248861383e-02,-4.969465215920414458e-01
2.322746695980127882e-02,-1.361967984063832127e-01,7.502291371391818231e-01,-1.490398993355234458e-01,1.842881350345711988e-01,7.067686964452167819e-01,6.665605759544021014e-01,-8.083100074147943070e-01,2.142272876408815585e-02,6.341539196853437921e-02,4.136060533245717874e-01,-1.612597868810498603e-01,5.312203400652415475e-02,-8.358358889145616200e-01,-1.129449286088799742e-01,-8.990305050725463931e-02,3.558498882651081052e-01,-8.544186484785379343e-02,1.142368550292415380e-01,-6.933084622104200567e-02,3.592378591450218900e-02,5.200000000000000178e-01,-8.074803549198573682e-01,2.855448990837061718e-01,-3.085801399119930122e-01,9.502699705969731847e-02,3.362673988089719818e-02,-1.979000805530301277e-01,5.167408394678304484e-01,-1.073444666419002491e+00,-5.640269993498969736e-01,3.411843813156372196e-01,-4.127461641193332365e-01,-3.324089940740477811e-01,-6.097688083777703244e-02,-5.009608802576180908e-01
2.359273803687852306e-02,-1.368425897582215278e-01,7.496128492588211012e-01,-1.497458098935225690e-01,1.848395276616314753e-01,7.068536635395685774e-01,6.661594702275478452e-01,-8.124509425602715051e-01,2.154849484739122106e-02,6.155653478432603076e-02,4.154015331488373208e-01,-1.630567279219345966e-01,4.772524102456877915e-02,-8.407063425171690252e-01,-1.122960884865408931e-01,-8.819704758348254070e-02,3.595564201408861238e-01,-8.770436316472612903e-02,1.126394192736172445e-01,-6.518597145936015635e-02,3.804694932944567565e-02,5.200000000000000178e-01,-8.060657422257333504e-01,2.868620331724755501e-01,-3.083965713551379828e-01,9.009005003465790640e-02,4.218012968702066628e-02,-1.978909880767932283e-01,5.149608843110866641e-01,-1.129355769573979096e+00,-5.708290691884838619e-01,3.460513044094833401e-01,-4.412795010553116071e-01,-3.431455659806181280e-01,-6.439290212783083112e-02,-5.117951653654412292e-01
2.396410338938480267e-02,-1.375660005801037922e-01,7.488891675882412002e-01,-1.499215424309699451e-01,1.840485365532830431e-01,7.075863159016497761e-01,6.655608708874366508e-01,-8.157005214580319574e-01,2.293500255508725341e-02,6.119284688093419577e-02,4.208147600983998537e-01,-1.668989782725536775e-01,4.598020198716687434e-02,-8.431389945090649318e-01,-1.119105371564152324e-01,-8.906566103138773005e-02,3.647898538407690627e-01,-9.060139629301203201e-02,1.113296075746106201e-01,-6.090498943593206094e-02,3.716293607481097744e-02,5.200000000000000178e-01,-8.054561810011026113e-01,2.891127925923767661e-01,-3.105203326776687089e-01,8.560658083664306195e-02,4.960189226476376806e-02,-2.016673653858735149e-01,5.095769033209909260e-01,-1.184243913381408886e+00,-5.757109838409963931e-01,3.556376092605904038e-01,-4.671639684101894230e-01,-3.536912052280858365e-01,-6.848890206710438189e-02,-5.206767461082667525e-01
2.435289812487572564e-02,-1.381909594428858412e-01,7.482615185185773621e-01,-1.500437164963711045e-01,1.835134734010549773e-01,7.079650303551761059e-01,6.652782906531898854e-01,-8.176875856156894384e-01,2.455470953490839631e-02,6.169424514241091118e-02,4.236985340781280751e-01,-1.706112966742475423e-01,4.366721078061397421e-02,-8.446807322109133320e-01,-1.114440551406461616e-01,-9.024098842365849138e-02,3.673146767878904262e-01,-9.241817171936630992e-02,1.126280214643564925e-01,-5.833650415884247126e-02,3.758170937779491821e-02,5.200000000000000178e-01,-8.035092752876599187e-01,2.920796273034277912e-01,-3.116567866690782007e-01,8.037198274439646961e-02,5.177316302377219653e-02,-2.073250595049976608e-01,5.060271611125511937e-01,-1.230103109754111523e+00,-5.797504297951202590e-01,3.643075586372968577e-01,-4.879490506410263939e-01,-3.597942998015876137e-01,-7.400266446598459391e-02,-5.261512356999387130e-01
2.480423463780672549e-02,-1.386284588606090107e-01,7.477969561150339395e-01,-1.502434499400619738e-01,1.831590159587819788e-01,7.084492846338944494e-01,6.648152312671851139e-01,-8.201529752253583494e-01,2.554941963715701148e-02,6.106072358762763830e-02,4.269185209101816758e-01,-1.722691484938297102e-01,4.197036461756303155e-02,-8.466223523974029108e-01,-1.111844777994049627e-01,-9.117865622766856137e-02,3.706683727511538851e-01,-9.376469162644487931e-02,1.134559297760960872e-01,-5.549885742762665497e-02,3.658922280862063336e-02,5.200000000000000178e-01,-8.016989865024265471e-01,2.932465403202885734e-01,-3.113839220658194962e-01,7.517531054140004498e-02,5.661224896428623810e-02,-2.116750994302896427e-01,5.033312241152083644e-01,-1.267055231329064613e+00,-5.848017813689864175e-01,3.737080731491588259e-01,-4.965078118696098497e-01,-3.662255752037295031e-01,-7.409320150043148534e-02,-5.297705746357569412e-01
2.531119543319806930e-02,-1.387852686024168836e-01,7.477152373688590314e-01,-1.497773294127449362e-01,1.831825702501726494e-01,7.081114314181590208e-01,6.652737017539859243e-01,-8.214559797344435088e-01,2.633567600419426183e-02,6.103413121035844435e-02,4.307604806199388792e-01,-1.716174056400296410e-01,4.152657728130469683e-02,-8.470006234267261069e-01,-1.104801115497274361e-01,-9.080060317920179980e-02,3.718336996962854357e-01,-9.424132327913868623e-02,1.124000958677920520e-01,-5.483838725913005308e-02,3.470383512851436814e-02,5.200000000000000178e-01,-7.976618613334263141e-01,2.941979490944398590e-01,-3.103797685132274609e-01,7.299619875129385871e-02,4.784135260565248321e-02,-2.142061081347829410e-01,4.974640899343860667e-01,-1.288952301834319414e+00,-5.919970274813293187e-01,3.830499005960250614e-01,-4.908353425212076404e-01,-3.651756399356756999e-01,-7.296364141876519882e-02,-5.307011886805452772e-01
2.586818281088957769e-02,-1.385539460255085509e-01,7.479357093040485127e-01,-1.498568046560715961e-01,1.841380586109478690e-01,7.076607147505433737e-01,6.654715818635772440e-01,-8.221914331371789064e-01,2.586287563265723607e-02,5.983707644800431713e-02,4.298310583400465346e-01,-1.687386958087447042e-01,4.074004218571791736e-02,-8.481366711048792251e-01,-1.101072929685503465e-01,-8.991602365454828827e-02,3.711144654599176640e-01,-9.373747444763844139e-02,1.106013839251300118e-01,-5.464101532163932740e-02,3.571705937016751015e-02,5.200000000000000178e-01,-7.944994688934945426e-01,2.942530653448010014e-01,-3.112945611274285374e-01,7.087109746679268185e-02,3.586263052257870898e-02,-2.146765181238335096e-01,4.959130318923360980e-01,-1.300938637373429518e+00,-5.976510762895812512e-01,3.920388151767252860e-01,-4.840268055323529439e-01,-3.542064826004745481e-01,-7.577286311476229275e-02,-5.299665317409723020e-01
2.643617918704723943e-02,-1.379988890435605575e-01,7.481208553362957980e-01,-1.492868627355659894e-01,1.848320484953097642e-01,7.073482306744556247e-01,6.657394588165220783e-01,-8.226601671568146701e-01,2.486796691528957853e-02,5.847384081432324687e-02,4.321137313047420103e-01,-1.659124789718408044e-01,4.217727207170460929e-02,-8.486000511556670567e-01,-1.107223080883826677e-01,-8.971541761817862504e-02,3.727909817632699685e-01,-9.441768102452419154e-02,1.076463329311621864e-01,-5.496106324567277823e-02,3.608496859600798801e-02,5.200000000000000178e-01,-7.921585233331722709e-01,2.939057716396821229e-01,-3.133820467686020406e-01,7.067934196781122669e-02,2.603393081493366942e-02,-2.139200970927526146e-01,4.950033096587504455e-01,-1.303314122028788935e+00,-6.021624659210996766e-01,3.980529574779235191e-01,-4.687612033199315964e-01,-3.442403579049626572e-01,-7.741289773062881574e-02,-5.292684834809416872e-01
2.692491565193873629e-02,-1.371846875891220841e-01,7.484832145028996742e-01,-1.485729984169914530e-01,1.856770156674580063e-01,7.070934511042895609e-01,6.659346524995044536e-01,-8.220004061938754880e-01,2.340046571935838066e-02,5.797308085763017843e-02,4.328192042995966382e-01,-1.618498710567012333e-01,4.464425065900263362e-02,-8.481475026955170859e-01,-1.121656490021225860e-01,-9.030124558145825875e-02,3.735028272860402843e-01,-9.485940185917879353e-02,1.046028444204248758e-01,-5.597183848626427483e-02,3.579033225248644950e-02,5.200000000000000178e-01,-7.914169644530253400e-01,2.920858278963881505e-01,-3.148431658067843975e-01,6.943148903479176570e-02,1.687897497196667526e-02,-2.153449884930004610e-01,4.952108416017951820e-01,-1.291214476996163985e+00,-6.052581752628853895e-01,4.047866365098609642e-01,-4.460368952860198632e-01,-3.335740405085134141e-01,-7.812001227042218721e-02,-5.263874117881398584e-01
2.721983059258791665e-02,-1.362485732080808420e-01,7.491349784548027024e-01,-1.479030908423163704e-01,1.870586291862044170e-01,7.065455723934158661e-01,6.662785446774696085e-01,-8.202066802548267921e-01,2.095909083423612429e-02,5.777939343336995631e-02,4.302983139123380263e-01,-1.563652139365018234e-01,4.906169734241112856e-02,-8.472531868941314270e-01,-1.139211115779440592e-01,-9.009692786272617548e-02,3.716648893494113315e-01,-9.376559564233191701e-02,1.042334127721746967e-01,-5.743581300973689407e-02,3.444927838372945778e-02,5.200000000000000178e-01,-7.966621682144876537e-01,2.883722165905591162e-01,-3.115513058910848732e-01,6.072853290684034760e-02,1.394050351670727758e-02,-2.151960291934739422e-01,5.000217686362460334e-01,-1.256903948715597075e+00,-6.069281169827814848e-01,4.106877475863471849e-01,-3.989931477891999201e-01,-3.306308107220753967e-01,-6.683737187127049284e-02,-5.235122302584472864e-01
2.726713308380294618e-02,-1.353237811257080869e-01,7.501660414181409164e-01,-1.478745034751607346e-01,1.876999076536015054e-01,7.065161151697663122e-01,6.661357631100620624e-01,-8.171036169716180408e-01,1.959409185085139726e-02,5.809838047717248710e-02,4.249476405330379070e-01,-1.495108159143360149e-01,5.204536081599335506e-02,-8.445899711625384221e-01,-1.145674836421545356e-01,-9.011799199156435292e-02,3.675324470069690763e-01,-8.941358611240524112e-02,1.050131876236207740e-01,-5.990137853210404650e-02,3.468161071164142101e-02,5.200000000000000178e-01,-8.144276759268305188e-01,2.832690091218175166e-01,-3.036250606451529332e-01,4.607004389649252407e-02,1.240002851760814949e-02,-2.144351367090707172e-01,5.055201029502305321e-01,-1.212991530260967288e+00,-6.063688746299077392e-01,4.181851757331911390e-01,-3.314034937826237370e-01,-3.307264531300901922e-01,-4.936245915187083277e-02,-5.161140613468884197e-01
2.696615648173220428e-02,-1.345467979762915711e-01,7.505831767584113523e-01,-1.478877114604652265e-01,1.893448451329152737e-01,7.050561260079198922e-01,6.672133194108775811e-01,-8.187485797358597939e-01,2.010069031689551075e-02,6.455355310389813972e-02,4.277840698527690111e-01,-1.475451449662238956e-01,5.608053939552119782e-02,-8.456650595102962464e-01,-1.158369370222775141e-01,-9.174271442456498338e-02,3.652608607245776406e-01,-8.692707702828299243e-02,1.084129611946318544e-01,-6.204028747503244345e-02,3.591941043352830237e-02,5.200000000000000178e-01,-8.440164601158967050e-01,2.859015439368477463e-01,-2.948314528794045986e-01,1.931866826019672939e-02,1.276885143766689872e-02,-2.126032995018062310e-01,5.263261189881720536e-01,-1.132094368959025710e+00,-6.049658677954069530e-01,4.323772494313076753e-01,-2.120122871668466968e-01,-3.074466136397483451e-01,-2.467900779132342626e-02,-5.096011434737736101e-01
2.641155569610884046e-02,-1.339423384552429208e-01,7.504113905833995624e-01,-1.487700914613677705e-01,1.901572396046493085e-01,7.048457704650716860e-01,6.670083387559820887e-01,-8.226314084252936976e-01,2.014759802913865250e-02,6.654938638936190587e-02,4.318807093265338293e-01,-1.481348371629060690e-01,5.760327999583006453e-02,-8.506785369591925994e-01,-1.171182567136835051e-01,-9.236544554177705812e-02,3.710539914222289459e-01,-8.675792556518566179e-02,1.045323731200815259e-01,-6.067580159019232006e-02,4.243094702289310072e-02,5.200000000000000178e-01,-8.748549620889044531e-01,2.895111319736512479e-01,-2.871684795591801787e-01,-9.927810148739963508e-03,3.203070404151398681e-02,-2.080589225827796374e-01,5.477388132211217231e-01,-1.070572544380558266e+00,-5.956562741398385707e-01,4.336154021196497177e-01,-1.057513702793855676e-01,-2.637681920602765184e-01,-2.307492602964299200e-02,-5.069516661833615156e-01
2.557806518909635715e-02,-1.335797756420401827e-01,7.502778279214982193e-01,-1.495980879852740475e-01,1.906133344068323132e-01,7.050503943554432551e-01,6.664764888851612001e-01,-8.236556252131922440e-01,1.939715986337300219e-02,6.789688995786760661e-02,4.304298587693443645e-01,-1.492737574717807048e-01,5.558698193198600979e-02,-8.523347546228434712e-01,-1.191501616608549724e-01,-9.465235222926957070e-02,3.715480340871466503e-01,-8.734950813945602244e-02,1.022335730229675665e-01,-5.995655326717090616e-02,4.782326352382243462e-02,5.200000000000000178e-01,-8.969890350525665523e-01,2.971807231235155666e-01,-2.886690818511734591e-01,-3.735480147355372399e-02,5.179038264926234120e-02,-2.072293906866121416e-01,5.554451473413358764e-01,-1.042732755581153192e+00,-5.898182040538281212e-01,4.308694237367342028e-01,-5.990287869205809107e-02,-2.418214267267420059e-01,-3.441130812980876252e-02,-5.104241383476053606e-01
2.450636309749676389e-02,-1.334217560863822927e-01,7.501356316641871746e-01,-1.512036200575749834e-01,1.908912747906572338e-01,7.054559174192577276e-01,6.656049391857269404e-01,-8.275326468041600547e-01,1.922875167639154226e-02,6.888693604047446684e-02,4.316364320556865253e-01,-1.499029799570030519e-01,5.804863542973327795e-02,-8.553030690295920779e-01,-1.200553169348432814e-01,-9.507312957953495403e-02,3.721743810579916656e-01,-8.521552841107699061e-02,1.028697554338890013e-01,-6.134236196421987558e-02,5.089260312571213668e-02,5.200000000000000178e-01,-9.172834698774234852e-01,3.039261251442192391e-01,-2.908106377602312498e-01,-6.677402785604778790e-02,6.500073409159452809e-02,-2.070317880442728575e-01,5.591186366900631199e-01,-1.024144964636092947e+00,-5.856034759654084043e-01,4.243343990593836379e-01,-4.932770025137394460e-02,-2.293324960931725498e-01,-4.342833276627119932e-02,-5.135161154364684677e-01
2.324115782977073663e-02,-1.333583945143785032e-01,7.502991225866836311e-01,-1.530512282357474052e-01,1.908917268269934298e-01,7.059904434465550382e-01,6.646150494283689092e-01,-8.299549852249067383e-01,1.919634850775676221e-02,6.995611419766745165e-02,4.297404305435930105e-01,-1.494788309873801013e-01,6.034856865136509901e-02,-8.564092662788551635e-01,-1.204054576189293735e-01,-9.538721519267484572e-02,3.692422761963731204e-01,-8.068536200624820687e-02,1.052603712907131950e-01,-6.289145924293647327e-02,5.456849000352094470e-02,5.200000000000000178e-01,-9.362408450554418060e-01,3.129707282447707906e-01,-2.914702912225431430e-01,-9.693319260309023189e-02,7.819137470564860304e-02,-2.058005661124756858e-01,5.623222438408622681e-01,-1.011385096158588626e+00,-5.828431146554802211e-01,4.151518888724771150e-01,-5.645451440807152527e-02,-2.230026993730803153e-01,-4.834463672070178630e-02,-5.168813376765704071e-01
2.188292430051969745e-02,-1.333233377529398633e-01,7.504422689964307391e-01,-1.548822249349202373e-01,1.909623673788859166e-01,7.066381613370119608e-01,6.634812579014618406e-01,-8.327967549000757641e-01,1.825352738131894373e-02,6.973053043052448996e-02,4.284385501801309948e-01,-1.492608189310676015e-01,6.183233064806797213e-02,-8.579082184755689733e-01,-1.213575052276017613e-01,-9.611963981497632925e-02,3.672721165829959111e-01,-7.712389002516137348e-02,1.064850815693563768e-01,-6.257892695560160479e-02,5.720017180318394401e-02,5.200000000000000178e-01,-9.535591291392582214e-01,3.190665610470018732e-01,-2.864454934692348131e-01,-1.199847415048135996e-01,8.734369067254164898e-02,-2.046806666369398453e-01,5.682518226596829924e-01,-1.000957445305270976e+00,-5.802091425691839888e-01,4.037767120935700782e-01,-6.559863575444653538e-02,-2.222477297026472787e-01,-5.118512987919553864e-02,-5.223836511791286608e-01
2.052254284420285471e-02,-1.332678950482689972e-01,7.503435386061830803e-01,-1.564936096458875714e-01,1.911118443785521925e-01,7.069119241021825095e-01,6.627680926541179574e-01,-8.362654591348914757e-01,1.780838754950249056e-02,7.015143677011498324e-02,4.291405898641067473e-01,-1.497672443560932598e-01,6.176626232213293377e-02,-8.598426549623968684e-01,-1.221127453482966918e-01,-9.642552556309728906e-02,3.659498396604104475e-01,-7.466271629299739421e-02,1.060901426037461903e-01,-6.238866668612601946e-02,5.966788886626150923e-02,5.200000000000000178e-01,-9.714349550490000151e-01,3.258181526293028041e-01,-2.831035230347300202e-01,-1.400786028955798845e-01,9.417396825528841220e-02,-2.036983480458126883e-01,5.746511787630438350e-01,-9.956576136797405940e-01,-5.778803753111536601e-01,3.961910727885888939e-01,-7.865474606016134573e-02,-2.222288388189517794e-01,-5.436119680166021095e-02,-5.277555290510504982e-01
1.926295883252916383e-02,-1.330861314052750322e-01,7.506856327710446086e-01,-1.569764355497238750e-01,1.907510306874386774e-01,7.073701513193784152e-01,6.622687611507747096e-01,-8.336200162750115883e-01,1.663738226263922551e-02,7.200243773166448147e-02,4.238970947715463011e-01,-1.488728242012127834e-01,6.199748738994385888e-02,-8.560554469203429662e-01,-1.231210240599162065e-01,-9.644066203057871656e-02,3.590343207322865826e-01,-7.048285603687280687e-02,1.073539416930802542e-01,-6.206162065436480330e-02,6.126345685070774816e-02,5.200000000000000178e-01,-9.874468802989404548e-01,3.303816809313115388e-01,-2.766238086735405277e-01,-1.583338038230714673e-01,1.028542368488557790e-01,-2.023287135844010209e-01,5.814364943147856124e-01,-9.876997823595334847e-01,-5.714677970938650819e-01,3.873390224189039444e-01,-9.024015701494247921e-02,-2.217569015145055278e-01,-5.873170036910831115e-02,-5.327439785285567053e-01
1.820428088506447634e-02,-1.329991113212950771e-01,7.505302593025984237e-01,-1.586118960622060481e-01,1.905404169616886911e-01,7.076120007225095154e-01,6.616810956685281742e-01,-8.382241833981787238e-01,1.767709145655105979e-02,7.270750647131696276e-02,4.283683058467987470e-01,-1.512223351034837904e-01,5.970676862324645479e-02,-8.589355603223602920e-01,-1.229528328250734243e-01,-9.706714651422818085e-02,3.612073115240311827e-01,-7.054837611933999220e-02,1.062098704774490920e-01,-6.022901037493654658e-02,6.454264478068758026e-02,5.200000000000000178e-01,-1.001307909182041822e+00,3.324561802138217836e-01,-2.717188452718463099e-01,-1.708178579798477204e-01,1.083036116797885667e-01,-2.013594359106011256e-01,5.871729283160544988e-01,-9.796042457396615388e-01,-5.699265230700937268e-01,3.822311682607726913e-01,-1.015674869252034818e-01,-2.198088975530685940e-01,-6.301509331260506108e-02,-5.339326772664081400e-01
1.735554925834825041e-02,-1.327309619960780340e-01,7.508550781256558837e-01,-1.581884238271898946e-01,1.895380902796304223e-01,7.082076297544686039e-01,6.614330563691058762e-01,-8.339893325345113517e-01,1.641245437007104319e-02,7.255662814820720841e-02,4.250503439781045389e-01,-1.508982403185762100e-01,5.988126205463856211e-02,-8.534989013953556691e-01,-1.235865575142118672e-01,-9.648954426482883595e-02,3.561556940455450349e-01,-6.803458865697246949e-02,1.068942500573050181e-01,-6.028089141807995571e-02,6.408149532092791145e-02,5.200000000000000178e-01,-1.015819716611547019e+00,3.329867430266968409e-01,-2.681724781951200787e-01,-1.874701644942317613e-01,1.143420318843289957e-01,-2.004299986786487464e-01,5.904783210463787624e-01,-9.714263715645584663e-01,-5.664315749700634672e-01,3.786270635132193974e-01,-1.060493555873332355e-01,-2.179273739959977918e-01,-6.399357997116490726e-02,-5.321279200160092815e-01
1.680637127556594904e-02,-1.325830351604185831e-01,7.508212641055868053e-01,-1.592213943546967048e-01,1.886652519325824895e-01,7.085807968984765282e-01,6.610349647028365139e-01,-8.361078312771911270e-01,1.833726477405011462e-02,7.299670137277154691e-02,4.288348340516584534e-01,-1.538808292861323646e-01,5.983455277575423781e-02,-8.540631963029012841e-01,-1.225513639805313609e-01,-9.734220248217935467e-02,3.579097331685434646e-01,-6.783675615616234500e-02,1.076247180265249848e-01,-6.010126928393220991e-02,6.653500051664255899e-02,5.200000000000000178e-01,-1.034225610795276529e+00,3.326727880761501388e-01,-2.626805440928846602e-01,-2.031669076121311313e-01,1.186748945988855691e-01,-1.977379969520541847e-01,5.967429205707879269e-01,-9.640369283705072512e-01,-5.666847186575869610e-01,3.766822610159150098e-01,-1.150397712423939789e-01,-2.140432678389779797e-01,-6.553945051276165168e-02,-5.306947756524030835e-01
1.654282381155993548e-02,-1.323408415938002458e-01,7.508591334808070172e-01,-1.597557808875882668e-01,1.883400790975504058e-01,7.086890160154205587e-01,6.608827306395737011e-01,-8.366120588023462368e-01,1.908223240218473449e-02,7.296331767644405331e-02,4.298545799348779117e-01,-1.550546017305628466e-01,5.928573692577731452e-02,-8.542412768736256101e-01,-1.220481795805551800e-01,-9.794241143429273377e-02,3.588107992620775399e-01,-6.747129117682570953e-02,1.075952907406962922e-01,-5.958422235687906021e-02,6.639809904729475354e-02,5.200000000000000178e-01,-1.048042170143068663e+00,3.333403581744192046e-01,-2.577187028424073878e-01,-2.144527041165661951e-01,1.218470872777969033e-01,-1.961635785165654622e-01,6.011855905054958038e-01,-9.600268019698970923e-01,-5.671307782703516320e-01,3.756028295057950439e-01,-1.191774532471812087e-01,-2.109802156058215861e-01,-6.506335109697386487e-02,-5.270637367952303309e-01
1.658398874991910341e-02,-1.319796621142059478e-01,7.511374027269099862e-01,-1.587540449313119828e-01,1.878463474303831982e-01,7.087554214798615915e-01,6.611933571187127434e-01,-8.314134815474675255e-01,1.873464306872569055e-02,7.433050636398877420e-02,4.258887928122440658e-01,-1.544254090691969394e-01,5.893638248402054830e-02,-8.491579887147597816e-01,-1.223008128615650503e-01,-9.817912626787882180e-02,3.543689142318061647e-01,-6.594051887106830434e-02,1.099099127523731345e-01,-6.029124337757937879e-02,6.431050657456773012e-02,5.200000000000000178e-01,-1.059000411716129353e+00,3.341152580448050191e-01,-2.554123630166006409e-01,-2.238617222182109900e-01,1.274381979749120430e-01,-1.930579211673557061e-01,6.058809097205378746e-01,-9.550471952580944501e-01,-5.653267863036800511e-01,3.752290095115214941e-01,-1.177169718453992819e-01,-2.095573866205086011e-01,-6.365599757621247246e-02,-5.280077996281570263e-01
1.696857881431828446e-02,-1.317265736005588939e-01,7.509671461907173606e-01,-1.591966316792641500e-01,1.876617882041758112e-01,7.086563043233481407e-01,6.612455883049510597e-01,-8.340523396982855164e-01,2.054019209382096714e-02,7.342289585375558203e-02,4.307861346959253601e-01,-1.561621021255004405e-01,5.834596802973837648e-02,-8.508276225941406867e-01,-1.211248119667201473e-01,-9.914047974804836294e-02,3.575981108466872449e-01,-6.763233670813828535e-02,1.102113399029431007e-01,-6.010735594033233403e-02,6.458943499035929570e-02,5.200000000000000178e-01,-1.073962720717838160e+00,3.330292559442519784e-01,-2.535065157298395655e-01,-2.338552022408136033e-01,1.272387837445311809e-01,-1.909305836715493310e-01,6.133303258479405606e-01,-9.530493519853998619e-01,-5.687659138474060461e-01,3.781426715841299524e-01,-1.171400823929135693e-01,-2.046827885041278827e-01,-6.421118475680620552e-02,-5.285582719146615371e-01
1.762766317086128520e-02,-1.313683851703328354e-01,7.509278800137156873e-01,-1.582018362470083428e-01,1.872707533917993272e-01,7.085234872398451511e-01,6.617373436353963800e-01,-8.324675859271537526e-01,2.129230785640895407e-02,7.316692526121899853e-02,4.334199923730355786e-01,-1.569387151708964145e-01,5.724174128220457791e-02,-8.492314289157339990e-01,-1.206987592104770829e-01,-9.941195298701295535e-02,3.596539285956141807e-01,-7.011978387166961646e-02,1.101526615026616751e-01,-5.988447634176665563e-02,6.346140729365074007e-02,5.200000000000000178e-01,-1.084122817552188645e+00,3.336580117792242728e-01,-2.542951646667880872e-01,-2.433149928644805504e-01,1.273747117495834247e-01,-1.887469849096871100e-01,6.154202860565078925e-01,-9.515803384094041473e-01,-5.708751341125594125e-01,3.817090834764331753e-01,-1.081229804545390527e-01,-1.976518699888627772e-01,-6.218761675710893916e-02,-5.261548046397335199e-01
1.853316765066387664e-02,-1.308672026552443746e-01,7.512742633986916330e-01,-1.572712686402549520e-01,1.878271795284089385e-01,7.085700436816289027e-01,6.617516089045051286e-01,-8.281746289994558197e-01,1.970962592799680585e-02,7.173914374967782503e-02,4.273626639162951824e-01,-1.531333332714668316e-01,5.620265989085609926e-02,-8.460600198031360542e-01,-1.209823372388354468e-01,-9.840095478798999151e-02,3.558826046544028565e-01,-6.989714101260345591e-02,1.102380651221409325e-01,-5.950959458613468145e-02,6.105905883633282183e-02,5.200000000000000178e-01,-1.082932629635621868e+00,3.302776122409071813e-01,-2.545976106000173433e-01,-2.509766710818458479e-01,1.293658060515352204e-01,-1.879701557930150702e-01,6.186482895112722646e-01,-9.489922281128164716e-01,-5.717860911522083533e-01,3.832784073965693761e-01,-1.026577966545766246e-01,-1.924305068993301948e-01,-6.086143507762454413e-02,-5.252693920082126544e-01
1.968093230920964221e-02,-1.305836597067482896e-01,7.512554344337257772e-01,-1.577036932356133681e-01,1.881052043225235060e-01,7.086739729898303697e-01,6.614583715196579172e-01,-8.304125495152711034e-01,2.125760658410423901e-02,7.017107334633766735e-02,4.298014460807390580e-01,-1.526390709991370109e-01,5.475481288739785651e-02,-8.479916298942200559e-01,-1.190680411207133971e-01,-9.723679464705170528e-02,3.587739585909322515e-01,-7.288248096489630123e-02,1.116719518173965864e-01,-6.003343603034810849e-02,5.994997735700437896e-02,5.200000000000000178e-01,-1.078201040618077977e+00,3.295527716873318802e-01,-2.581399305408876854e-01,-2.514084005562587931e-01,1.301101324236146328e-01,-1.860868756264084656e-01,6.163389589563531556e-01,-9.536887660206714301e-01,-5.787434679397716053e-01,3.888978298379319742e-01,-9.924781530194244639e-02,-1.872944319265786861e-01,-5.850305799612480484e-02,-5.202230612703598878e-01
2.093310896458579207e-02,-1.303741729722446840e-01,7.514224038981306419e-01,-1.567149529168885003e-01,1.883303720609260656e-01,7.085824354815070114e-01,6.617273053295794627e-01,-8.282240200270286623e-01,2.092586836372043596e-02,6.791558911437134416e-02,4.286075238363176720e-01,-1.511478356244141397e-01,5.408822688768741976e-02,-8.467961905352304752e-01,-1.178457458094436111e-01,-9.434562635122102636e-02,3.593898966105359416e-01,-7.577888619088680999e-02,1.121822119300566190e-01,-5.960712731879999615e-02,5.841536656672871586e-02,5.200000000000000178e-01,-1.057869736582593978e+00,3.274826663068649557e-01,-2.652246856691934940e-01,-2.378378003350708758e-01,1.273039963090567273e-01,-1.835174110747289922e-01,6.116460262938258063e-01,-9.626172956287484261e-01,-5.825624827613379297e-01,3.930813034888828161e-01,-1.002582035344105893e-01,-1.851017035629071716e-01,-5.577182730150282569e-02,-5.146649056170429226e-01
2.224037281312491593e-02,-1.303939477240933786e-01,7.513680676257492586e-01,-1.548851547551852448e-01,1.886409242525875496e-01,7.085597482421563953e-01,6.620938556614188730e-01,-8.247891190320797428e-01,1.931553616135527410e-02,6.570041065629891874e-02,4.266728922089976783e-01,-1.499504645690644677e-01,5.253871233065518509e-02,-8.453850986437332349e-01,-1.178447742842295698e-01,-9.099023714075221703e-02,3.610172370799298869e-01,-8.128171126809335956e-02,1.092709156432161294e-01,-5.959604505277479869e-02,5.593103012097578458e-02,5.200000000000000178e-01,-1.019266992426575369e+00,3.212444657690971539e-01,-2.765852744184069123e-01,-2.026245306773463428e-01,1.225000716043525145e-01,-1.820293933101838346e-01,6.031574531921144455e-01,-9.814281512114918504e-01,-5.809964803911081832e-01,3.959021959207364993e-01,-1.138490812483723275e-01,-1.873420487176560290e-01,-5.456573647904638946e-02,-5.100168649758268780e-01
2.353226139337773193e-02,-1.306991862039699748e-01,7.520581493927767092e-01,-1.534523805552465148e-01,1.881184220999142787e-01,7.091137410150539777e-01,6.619830273294029510e-01,-8.173618111235876338e-01,1.749179267398731988e-02,6.091234112382720722e-02,4.169988549929579125e-01,-1.466256362197132790e-01,5.361722707884852834e-02,-8.407362774608981848e-01,-1.157418119422611164e-01,-8.528228186753933349e-02,3.581468850642490209e-01,-8.255205588385336468e-02,1.098626783724068467e-01,-6.316813409109477140e-02,5.128880745142928160e-02,5.200000000000000178e-01,-9.722682610415741555e-01,3.198116732530911221e-01,-3.031754359500810070e-01,-1.478850335257634041e-01,9.412045681619002346e-02,-1.814350692051604486e-01,5.750268498856370147e-01,-1.015975944739301751e+00,-5.832164100365586634e-01,4.016753454639589993e-01,-1.408871848307989560e-01,-2.042467915100764086e-01,-4.725532960264641064e-02,-5.051921050355006049e-01
2.476695311762011284e-02,-1.314070766672527091e-01,7.519061361259730125e-01,-1.486164316988672351e-01,1.862221880390570183e-01,7.086000099414935249e-01,6.641690137472217037e-01,-8.059843353985630676e-01,1.628314361988809564e-02,5.910644990717193320e-02,4.156031489427600145e-01,-1.492692823086547715e-01,5.307558775893628233e-02,-8.335806830490327668e-01,-1.159866440037208707e-01,-8.386708133158631007e-02,3.624348203036814042e-01,-8.920952637529135087e-02,1.075264581175447293e-01,-6.161814901348690310e-02,4.740232626331819521e-02,5.200000000000000178e-01,-9.051312884830937655e-01,3.038300261960513726e-01,-3.151135868628697767e-01,-4.936225333170744800e-02,5.552203420385133648e-02,-1.837564419735056853e-01,5.554692586419105460e-01,-1.066145185090908942e+00,-5.786440488221692435e-01,4.020175971703954243e-01,-1.976665691518488255e-01,-2.282261335502261401e-01,-4.658000113779836582e-02,-5.109638328920863559e-01
2.597374880706557893e-02,-1.322674083403097278e-01,7.510712885536258154e-01,-1.462896717796998702e-01,1.842507087842188418e-01,7.087906038800121378e-01,6.650314940621294690e-01,-7.996710162445206382e-01,1.872694471223346896e-02,6.057974974016573644e-02,4.146159704321554784e-01,-1.577460904171226752e-01,5.905538280006301932e-02,-8.319959176749421870e-01,-1.140905468206153822e-01,-8.108069155054924149e-02,3.693739981222396995e-01,-9.329298261376256507e-02,1.161259881882313050e-01,-6.255332320290189763e-02,4.543068989557907944e-02,5.200000000000000178e-01,-8.558642813202453903e-01,2.886213688127923227e-01,-3.285579212788058423e-01,3.527661106393597396e-02,2.397429541304313405e-02,-1.890308465281573258e-01,5.289150589080836573e-01,-1.145787451986502559e+00,-5.831343449499635234e-01,4.001113959320622970e-01,-2.975557309385514770e-01,-2.799757114478080289e-01,-5.763400707121297400e-02,-5.266045167900369472e-01
2.707779690659919275e-02,-1.331124267781300941e-01,7.506310122094154158e-01,-1.461020287588747635e-01,1.849813782294145725e-01,7.086369999672355036e-01,6.650336000371133149e-01,-7.989723966771214991e-01,1.821183753663618149e-02,5.771446880172970834e-02,4.084424543159675958e-01,-1.570435803843439615e-01,5.276148936499292647e-02,-8.342111180967921591e-01,-1.139574760580350787e-01,-8.202467280674941019e-02,3.695608756157346408e-01,-9.517568747194515844e-02,1.171523988968455748e-01,-6.132847624133580533e-02,4.377546411474345089e-02,5.200000000000000178e-01,-8.214034770510078021e-01,2.865970668689739598e-01,-3.397768998407182939e-01,8.699196506908786486e-02,1.223535254443415196e-02,-1.972745660903358067e-01,5.043850806587791835e-01,-1.226777250260081331e+00,-5.844127664227847241e-01,4.012909288713082390e-01,-3.689407396918444326e-01,-2.887453877029879101e-01,-7.252835681028146908e-02,-5.434049457487705181e-01
2.809479543430604825e-02,-1.338309005607348501e-01,7.498584891239142847e-01,-1.477027589924630180e-01,1.852608764431372679e-01,7.097484375017510949e-01,6.634149968981389867e-01,-8.031111421719054899e-01,1.986617796539351041e-02,5.712292475765473609e-02,4.064463086114826762e-01,-1.589536417014611180e-01,4.913277072840415566e-02,-8.400488653636685177e-01,-1.130510084843207863e-01,-8.299162685029050357e-02,3.738666891703396056e-01,-9.588828376421432154e-02,1.153859652671216096e-01,-5.953952408456155559e-02,4.410811084495250972e-02,5.200000000000000178e-01,-8.050461843213596591e-01,2.831226312101554066e-01,-3.481226594777570016e-01,1.160724937587765682e-01,5.486271697902804154e-03,-2.055890260454225626e-01,4.862154177409630518e-01,-1.286251060339044017e+00,-5.853209200219149366e-01,4.091938129443797867e-01,-4.158075894080073831e-01,-2.906080776138456612e-01,-8.782885143955304619e-02,-5.490952057339184567e-01
2.893238592761647465e-02,-1.343034405461027425e-01,7.491348664084429565e-01,-1.489896601078293803e-01,1.861348673214090754e-01,7.102059883343530000e-01,6.623921395081766583e-01,-8.090864953739921317e-01,2.146375268052364005e-02,5.894517277783872800e-02,4.091604817146733408e-01,-1.607999423873223699e-01,4.682169986878415013e-02,-8.452478531831577602e-01,-1.134223705686296380e-01,-8.628075884183129818e-02,3.761925646157177616e-01,-9.764531334566289855e-02,1.140901415520567674e-01,-5.786692116834985661e-02,4.700380769719555984e-02,5.200000000000000178e-01,-8.049449929980952989e-01,2.795883064503219551e-01,-3.462832344273653606e-01,1.219117908082458651e-01,7.910234493480241408e-03,-2.080824195139359400e-01,4.844436819325750876e-01,-1.310168330783670010e+00,-5.879811322025783049e-01,4.126513274145077736e-01,-4.226996391452347290e-01,-3.025684645140360174e-01,-8.579040873572424397e-02,-5.504883851504225323e-01
2.962214012480772485e-02,-1.344174864811434333e-01,7.489175964238989902e-01,-1.496175840244857724e-01,1.878431164115442753e-01,7.099252191095511977e-01,6.620692754083450371e-01,-8.148108213112479348e-01,2.103706156110089071e-02,5.936260475562916972e-02,4.127174582150999749e-01,-1.582365737027041086e-01,4.473400855652884950e-02,-8.503972482909326613e-01,-1.147645000402872234e-01,-8.844615190337953847e-02,3.785113363949751397e-01,-9.880374805809710725e-02,1.110629356929999090e-01,-5.554203398785198531e-02,4.964257131951662488e-02,5.200000000000000178e-01,-8.069176133266059425e-01,2.731795784916688508e-01,-3.403223370750927956e-01,1.121687678121372489e-01,2.275690594697014207e-03,-2.126086510773926019e-01,4.889945073154064459e-01,-1.306985644089047272e+00,-5.891119694333198931e-01,4.154520436837154662e-01,-4.099022825898145372e-01,-2.992751096343905237e-01,-8.621359961435814956e-02,-5.529674512463483849e-01
3.012494965093570620e-02,-1.342197233905723930e-01,7.497745434320722824e-01,-1.489477406605830556e-01,1.897868298651291252e-01,7.091794798202541994e-01,6.624650897698127761e-01,-8.140539284655132768e-01,1.807043708831042664e-02,5.867493748292846450e-02,4.082501178195266367e-01,-1.481681015941786195e-01,4.230827858714924367e-02,-8.491621717420446691e-01,-1.170789842069308584e-01,-9.018404712328534356e-02,3.721705344827027084e-01,-9.625578324631357818e-02,1.106929094006980085e-01,-5.399025782771670751e-02,5.066949722909701304e-02,5.200000000000000178e-01,-8.122739041522838432e-01,2.665857301554850345e-01,-3.321139048135692828e-01,9.474913229494885680e-02,-3.487907663711118343e-03,-2.185655216889182961e-01,4.992276298671552426e-01,-1.279359560491400760e+00,-5.897345333974335357e-01,4.156016658427488242e-01,-3.621658322262064633e-01,-2.908517670867249993e-01,-8.079229224877447491e-02,-5.616207122158378695e-01
3.040758052015347587e-02,-1.339314813555430306e-01,7.511612390260393735e-01,-1.484787546352209497e-01,1.913288896951116091e-01,7.083981631897430242e-01,6.629625613708574061e-01,-8.120136910498251259e-01,1.638712988784960314e-02,6.096752813329845561e-02,4.030343029732318949e-01,-1.367292137081912717e-01,4.191432021116794221e-02,-8.452022579572316952e-01,-1.177185978373416764e-01,-8.954885995702335788e-02,3.615173897863642738e-01,-8.993192404644406723e-02,1.148393118927705236e-01,-5.506081454521178503e-02,5.228140476748100590e-02,5.200000000000000178e-01,-8.309700778326237769e-01,2.624210026771639503e-01,-3.165691818959145976e-01,6.554325889713266684e-02,5.252744302429064593e-04,-2.197789186653763549e-01,5.139143342474630227e-01,-1.226515416174448037e+00,-5.892246212215246359e-01,4.208962111043492160e-01,-2.666638300274567497e-01,-2.830859011507075862e-01,-5.818075236184402921e-02,-5.622873289176895106e-01
3.045390798519635733e-02,-1.337195562046375186e-01,7.514988909761348701e-01,-1.483425094465112282e-01,1.914561108095941266e-01,7.082669493802844496e-01,6.630965132922369554e-01,-8.133623594107526333e-01,1.827266336362942320e-02,6.843983878688778000e-02,4.081055428181525335e-01,-1.361939729133412325e-01,4.673905626120694601e-02,-8.456785423929151779e-01,-1.183143362455546382e-01,-9.115705461990604441e-02,3.626919199444121888e-01,-8.604530233886559243e-02,1.166141697234461122e-01,-5.532979582894918119e-02,5.620577661119572493e-02,5.200000000000000178e-01,-8.723300766687381858e-01,2.678009783726952309e-01,-3.078399940845709115e-01,3.251444823420930608e-02,5.980624844095037279e-03,-2.140758869075363169e-01,5.382698686066621496e-01,-1.153772853042839941e+00,-5.888181838596316942e-01,4.418594052031666330e-01,-1.325567865356737651e-01,-2.569862485090025905e-01,-3.277607356451020526e-02,-5.504465041781990697e-01
3.030117093689135843e-02,-1.336863354938399584e-01,7.516205029743187049e-01,-1.465396626609845598e-01,1.912802019040128476e-01,7.075226993814501819e-01,6.643415096821444488e-01,-8.148012536849597032e-01,1.714906202468085422e-02,6.775295024663960386e-02,4.181421939718667491e-01,-1.335249555874801486e-01,5.162765670617776304e-02,-8.453414582514546805e-01,-1.198534580355898466e-01,-9.146526960898163083e-02,3.669826762932441033e-01,-8.612627294119892807e-02,1.105147969406823083e-01,-5.223456547094357250e-02,5.920513049454548954e-02,5.200000000000000178e-01,-9.045006721454403875e-01,2.785968692054282547e-01,-3.011031549763064641e-01,2.412616491729135948e-03,2.605874440135032624e-02,-2.072865845346077429e-01,5.582117207207816234e-01,-1.112415906809328225e+00,-5.794700869930979881e-01,4.510797823693785125e-01,-2.271660561064622538e-02,-2.089568366807953992e-01,-3.196359883958233700e-02,-5.379300220532392540e-01
2.984994264450021098e-02,-1.338496984203441931e-01,7.513083210991111649e-01,-1.460432640284915484e-01,1.914469520960397630e-01,7.077351018341874189e-01,6.641765241235142447e-01,-8.156819316984272872e-01,1.562794863796288999e-02,6.816679012711858443e-02,4.198850054871764437e-01,-1.334740471580823096e-01,4.961706155895869580e-02,-8.476749947286714715e-01,-1.228492576130059827e-01,-9.343666781338104410e-02,3.719124550438798193e-01,-8.752845978895790191e-02,1.059535750822622330e-01,-4.960147853987218608e-02,6.656239494333328344e-02,5.200000000000000178e-01,-9.271146066833262367e-01,2.860058792840663999e-01,-3.009430905422245672e-01,-1.343937220640345834e-02,3.788043579067488370e-02,-2.045476353647002199e-01,5.715429789123283033e-01,-1.091125471017782012e+00,-5.734509135455864159e-01,4.567712205551782145e-01,4.790695088457022632e-02,-1.787860646547185239e-01,-4.041093082057739538e-02,-5.410074017652909406e-01
2.911285031131296760e-02,-1.342190942635814455e-01,7.511973206052136032e-01,-1.469725195432008968e-01,1.918091803550417696e-01,7.083042582839192969e-01,6.632596735272817678e-01,-8.186026672363766465e-01,1.392160870717896667e-02,6.693648959246065178e-02,4.195080460076441864e-01,-1.325176134051879728e-01,4.730842040999374415e-02,-8.493893960576202051e-01,-1.247894422876680426e-01,-9.536857543034188422e-02,3.708304709418313028e-01,-8.645480252713710900e-02,1.066123366362230901e-01,-4.855320487998674578e-02,7.029821763649114763e-02,5.200000000000000178e-01,-9.438444041618495595e-01,2.916983477347085962e-01,-3.010658185936180287e-01,-2.784925675614102758e-02,4.720690517047448909e-02,-2.047801474205278582e-01,5.793049478788034889e-01,-1.080384679275348647e+00,-5.714046103261015697e-01,4.564754458258112324e-01,8.124322138432171769e-02,-1.654160836910854582e-01,-4.861762723168173983e-02,-5.515046139362098643e-01
2.809803685020559674e-02,-1.346513430727529215e-01,7.512829982266818751e-01,-1.470281664233139829e-01,1.911625249674489824e-01,7.087451034299380170e-01,6.629630349350956742e-01,-8.169085668970781366e-01,1.338563664707776227e-02,6.939919138815543731e-02,4.165968447030324873e-01,-1.323546330328710108e-01,5.082298126877665689e-02,-8.463532245067827420e-01,-1.255113864005242275e-01,-9.472655860872970790e-02,3.652029270403086003e-01,-8.207395708698000947e-02,1.096692195373726447e-01,-5.082662407974734148e-02,7.134822050436981367e-02,5.200000000000000178e-01,-9.622809244987112764e-01,2.999926879888742404e-01,-3.055230552127753407e-01,-4.635943561851696426e-02,5.255243985567199794e-02,-2.049855256778173596e-01,5.800326222576680513e-01,-1.072745348372383001e+00,-5.669077289022036448e-01,4.569199814231443835e-01,8.951878075108551935e-02,-1.612949478653593061e-01,-5.215150713688188749e-02,-5.548041887547473516e-01
2.689297078920935974e-02,-1.352087078406479792e-01,7.510941790104807003e-01,-1.487281869756354735e-01,1.907597643681889499e-01,7.089822330666679662e-01,6.624460973490093885e-01,-8.216602409218333181e-01,1.454672851002798348e-02,7.002292138275699462e-02,4.196601173756847047e-01,-1.347184582650654827e-01,5.229084907829155415e-02,-8.495587812672683592e-01,-1.250920452655753801e-01,-9.498392798293250894e-02,3.658063460630139319e-01,-7.845408638114009792e-02,1.122711371347726583e-01,-5.098734977702476523e-02,7.443482865966011275e-02,5.200000000000000178e-01,-9.828117982213120385e-01,3.063104927074430939e-01,-3.074159168024259703e-01,-6.062124913975955320e-02,6.106882868081334181e-02,-2.014810328328275058e-01,5.805047560493230563e-01,-1.068723782016173462e+00,-5.648761430467694744e-01,4.552992550855557430e-01,9.250519220875985660e-02,-1.594637848432478022e-01,-5.387171564070378921e-02,-5.571148963765414353e-01
2.556070694684996550e-02,-1.354960426037392918e-01,7.513232842006992707e-01,-1.497095397355843738e-01,1.903181068613666871e-01,7.095380491352993868e-01,6.617566234969902705e-01,-8.204357572218400341e-01,1.374631579533388756e-02,7.106210028943749091e-02,4.139269407527477185e-01,-1.335615898089421993e-01,5.307210866852837133e-02,-8.481236774858755822e-01,-1.257769050978359004e-01,-9.497736638260141639e-02,3.607096096260559159e-01,-7.237745757317654016e-02,1.137516356745764956e-01,-5.154774244137115546e-02,7.585413694645398719e-02,5.200000000000000178e-01,-9.963703983525870056e-01,3.111383396081056629e-01,-3.057885116434430617e-01,-7.845131314039244241e-02,7.062667784064012577e-02,-1.996482107116878957e-01,5.832750206270777005e-01,-1.061774710391673038e+00,-5.610759235315566640e-01,4.521348677196308508e-01,8.677279683282806966e-02,-1.615425016490270593e-01,-5.585799413046974027e-02,-5.558466302671166703e-01
2.428966562460681614e-02,-1.357580529273250958e-01,7.511793631102154922e-01,-1.518585667241240111e-01,1.903603561827227064e-01,7.094859412987223335e-01,6.613105243423444968e-01,-8.272076278378550640e-01,1.476455307816668810e-02,7.065339569319788182e-02,4.191611361934440283e-01,-1.352172751684251051e-01,5.433347127629970658e-02,-8.530348112161733054e-01,-1.244171521610142467e-01,-9.250688377706213494e-02,3.627147019327224275e-01,-6.975012340140164524e-02,1.153725347611752883e-01,-5.120637542123759184e-02,7.857666753968031714e-02,5.200000000000000178e-01,-1.011346265919101706e+00,3.161314438751854361e-01,-3.026166084521726973e-01,-9.259790813217640137e-02,7.786730214444172182e-02,-1.953828533976423865e-01,5.857380999409836919e-01,-1.054702486295410413e+00,-5.609509023377502457e-01,4.477536680360648669e-01,8.003004176280262283e-02,-1.635804272588579911e-01,-5.526508479646801558e-02,-5.552275350276238974e-01
2.313499920048019132e-02,-1.357237505110058251e-01,7.510439819118813753e-01,-1.538950955502348672e-01,1.908801971373080830e-01,7.094148204191590423e-01,6.607659664934761867e-01,-8.320642970061754573e-01,1.467831930940094280e-02,6.982611830786894513e-02,4.202780969319127591e-01,-1.361210533094349140e-01,5.335446433266238797e-02,-8.565556095122072167e-01,-1.238773986695659718e-01,-9.096830450830650783e-02,3.616828604920654389e-01,-6.746872177253931957e-02,1.149023990377014415e-01,-5.074075959561734350e-02,7.914376767270983604e-02,5.200000000000000178e-01,-1.021209440915621824e+00,3.215527130112289522e-01,-3.001393181443959834e-01,-1.024192614856093975e-01,8.525944653542548435e-02,-1.934139745019514967e-01,5.881919004544163831e-01,-1.050133428301355920e+00,-5.619118593392272709e-01,4.439877574105866587e-01,7.191468357661327804e-02,-1.644403459266491063e-01,-5.571314574980681944e-02,-5.553680283572286491e-01
2.218816273624412208e-02,-1.354284426763219529e-01,7.512788368686182938e-01,-1.547598851359668626e-01,1.912956949214612568e-01,7.094579203395894318e-01,6.603974517853934412e-01,-8.312878736697303372e-01,1.324754354421159470e-02,6.988652253854796270e-02,4.154037699060704747e-01,-1.347957783267408616e-01,5.295867234162109083e-02,-8.554609931536178991e-01,-1.245009661281697988e-01,-9.025308200786848201e-02,3.563418028944749238e-01,-6.393626207366270853e-02,1.151881682321881650e-01,-5.079982322218934421e-02,7.877034429262717852e-02,5.200000000000000178e-01,-1.024290518166503183e+00,3.260721126817012205e-01,-3.002685786859080608e-01,-1.096219817980726569e-01,9.023798341067564011e-02,-1.918356060077017755e-01,5.878496446732872638e-01,-1.046858566544567992e+00,-5.627367703514509767e-01,4.413239361188008858e-01,6.700426664959041601e-02,-1.674673708934792948e-01,-5.546688230875688325e-02,-5.541407967049075678e-01
2.156314101961144883e-02,-1.351542934658408746e-01,7.511561242350901502e-01,-1.565373134378315323e-01,1.916284119687517440e-01,7.091191302451660405e-01,6.602459241436777759e-01,-8.360417334738173833e-01,1.492112192882173206e-02,7.029379094073112677e-02,4.189632688014932604e-01,-1.372992283956103177e-01,5.276920706998106808e-02,-8.593200122189688095e-01,-1.231497470936874505e-01,-8.972924005917161383e-02,3.580626976253760141e-01,-6.360398214403656381e-02,1.152841685283982204e-01,-5.046452422565332607e-02,7.983369753439790995e-02,5.200000000000000178e-01,-1.030205438548385866e+00,3.286980392019240305e-01,-3.000628941889708634e-01,-1.138103938508750052e-01,8.935696889647812280e-02,-1.902247549433228602e-01,5.876418629212302180e-01,-1.046522229099292378e+00,-5.664232191838167729e-01,4.422785567063506895e-01,6.194819729139079689e-02,-1.664157117979481182e-01,-5.506510413099365703e-02,-5.521558352207964759e-01
2.121535421951651831e-02,-1.346471676004902807e-01,7.514072847945931777e-01,-1.570834504604109727e-01,1.920345736820008031e-01,7.090615341599068033e-01,6.600600373276833688e-01,-8.344703935062338651e-01,1.427427167588440210e-02,7.058923606974122633e-02,4.142769504313202344e-01,-1.360326834123775086e-01,5.310508098074841199e-02,-8.574050578800105349e-01,-1.231720508544836973e-01,-8.947157868427542404e-02,3.526387682635599985e-01,-6.104788454573817358e-02,1.156208762331911999e-01,-5.078889921338823610e-02,7.785024072002678930e-02,5.200000000000000178e-01,-1.031158926264881703e+00,3.291707419867316853e-01,-3.000373052384276984e-01,-1.189225829701815729e-01,9.015617908613111908e-02,-1.898745292906326154e-01,5.887604649244067012e-01,-1.044997178356843914e+00,-5.664342775943274066e-01,4.420397660077075019e-01,5.938573680029333307e-02,-1.653374862962789793e-01,-5.535047697799884425e-02,-5.526261305049022798e-01
2.122153716406441348e-02,-1.342797514363119615e-01,7.513073575643270940e-01,-1.579463642894969044e-01,1.920775673887550050e-01,7.088423965356137613e-01,6.600769735321749820e-01,-8.370691594372930977e-01,1.586761434525249884e-02,7.027604506697154862e-02,4.176294604061389637e-01,-1.382553695341693645e-01,5.257500385036143614e-02,-8.597124392709117879e-01,-1.222989447357150233e-01,-9.089518637193516604e-02,3.555876519610171593e-01,-6.234215071332693814e-02,1.152923095744989163e-01,-5.047929752058653852e-02,7.792042380536116919e-02,5.200000000000000178e-01,-1.032705273867231544e+00,3.292424306186399474e-01,-2.979913607429383604e-01,-1.197165545770189771e-01,8.943924159855080880e-02,-1.900218001151239844e-01,5.902943803522280319e-01,-1.044631779448294218e+00,-5.672555929637588257e-01,4.422350627644585641e-01,5.817637872473677835e-02,-1.614434513266709281e-01,-5.624456250251776146e-02,-5.526911015236461999e-01
2.148838003913556075e-02,-1.337843200490284323e-01,7.515565523374566625e-01,-1.577056337190900492e-01,1.922483496811888681e-01,7.087874523116063363e-01,6.601438120468465787e-01,-8.339578424240613463e-01,1.550170091153280257e-02,7.027335480863902695e-02,4.132112038552898658e-01,-1.366152515745645002e-01,5.214768272426350409e-02,-8.570499193172215202e-01,-1.221501348294611877e-01,-9.106251997584381697e-02,3.519901864489806687e-01,-6.128464038487344001e-02,1.151878530185033861e-01,-5.092197731665073362e-02,7.539768893615893253e-02,5.200000000000000178e-01,-1.029541857654706627e+00,3.298517357547574025e-01,-2.973915414384565303e-01,-1.228261262372685875e-01,9.057475836359667187e-02,-1.903915468076717576e-01,5.902033371265775763e-01,-1.042830226620598655e+00,-5.667322942164595423e-01,4.421903444832547270e-01,5.791342603445885640e-02,-1.596136328435817375e-01,-5.631529481435666729e-02,-5.520111063732418000e-01
2.205517664687586463e-02,-1.334951053855396308e-01,7.515234989920864805e-01,-1.582797409107273290e-01,1.925223508778932391e-01,7.086830892146970262e-01,6.600385951524325723e-01,-8.361555717687583211e-01,1.670752514240091136e-02,6.905915094319725611e-02,4.154568679608072745e-01,-1.369972658740156723e-01,5.077139781793690854e-02,-8.593178838604909053e-01,-1.212322771206323369e-01,-9.218414159670489105e-02,3.551559719565673401e-01,-6.359218625988791174e-02,1.150608925216322215e-01,-5.106708559719311952e-02,7.456089271009268271e-02,5.200000000000000178e-01,-1.027665557770190086e+00,3.302206917577998890e-01,-2.963260667117286751e-01,-1.235998161328609873e-01,8.852803589158284026e-02,-1.916215711013931344e-01,5.906082564640444676e-01,-1.041918214225874051e+00,-5.683165731539121523e-01,4.438403028030161179e-01,5.753859933688949824e-02,-1.544599125629194936e-01,-5.691667148773755375e-02,-5.492489799945274864e-01
2.278237733147903121e-02,-1.331690656411353424e-01,7.518055328069791488e-01,-1.576517396959425943e-01,1.928974911783044588e-01,7.087485354962915762e-01,6.600090910736162719e-01,-8.325980888222591636e-01,1.582443395287060767e-02,6.851348146020350138e-02,4.099898359706167783e-01,-1.337683972684535205e-01,5.001104925017832437e-02,-8.564806242549649618e-01,-1.214304422490549845e-01,-9.242172418163982495e-02,3.514774641079901341e-01,-6.340656931087915171e-02,1.150200965506325418e-01,-5.211515076094666576e-02,7.068987227248325900e-02,5.200000000000000178e-01,-1.018931270443465875e+00,3.286139779142094874e-01,-2.983408525647900378e-01,-1.242256002722621350e-01,8.628241227121989654e-02,-1.931146072185701001e-01,5.906944734885813952e-01,-1.039435657794114842e+00,-5.679315477342329332e-01,4.451660036958862698e-01,5.414541114471035227e-02,-1.523243804670565138e-01,-5.795309412545342903e-02,-5.461899797785546573e-01
2.366384301520782149e-02,-1.331370241246755959e-01,7.517875943902014857e-01,-1.576069012398411961e-01,1.929804108662781792e-01,7.089307093702017504e-01,6.597998749737077340e-01,-8.338233868702943363e-01,1.649679604819585116e-02,6.689926302921896106e-02,4.117954933246419924e-01,-1.329713228222093591e-01,4.883742472815093272e-02,-8.576565009085828084e-01,-1.204388587621664231e-01,-9.155305466606576681e-02,3.542009100359720386e-01,-6.636447445322554706e-02,1.139805953812771666e-01,-5.393024885090732384e-02,6.828771742408207279e-02,5.200000000000000178e-01,-1.002473178579153634e+00,3.230573376097757299e-01,-3.030882846118597707e-01,-1.139388376966912753e-01,7.682871895259478501e-02,-1.952857700269417796e-01,5.903567359087092958e-01,-1.038536259212937241e+00,-5.692444938015032152e-01,4.460195151343809283e-01,4.247928395035621002e-02,-1.468059144908321623e-01,-6.135169231186243105e-02,-5.421069637636789507e-01
2.454856007583495342e-02,-1.332630670152608332e-01,7.520414285425255363e-01,-1.554349512409916589e-01,1.916613172286668609e-01,7.094717498668768885e-01,6.601179830543288940e-01,-8.281405021044730974e-01,1.591714122412033264e-02,6.479378719011467946e-02,4.109710719663166034e-01,-1.317923701731525399e-01,4.931844643247618176e-02,-8.514577635447296844e-01,-1.200418517947497571e-01,-9.027390137631777223e-02,3.529331319523349997e-01,-6.898258802131911060e-02,1.129669193788454540e-01,-5.566799126562609057e-02,6.424207323000899472e-02,5.200000000000000178e-01,-9.810706252918310888e-01,3.166368088116524038e-01,-3.127825445199730048e-01,-8.937226202183959356e-02,6.601684447902485264e-02,-1.938562395565102958e-01,5.853794131184553162e-01,-1.040300197207562283e+00,-5.657718633175269352e-01,4.435668337879625778e-01,2.433319831259200122e-02,-1.420092123883370250e-01,-6.366065317625248243e-02,-5.373692709839652526e-01
2.535749980387064575e-02,-1.336314164589519071e-01,7.520994104436343752e-01,-1.536564305161178812e-01,1.912933643431670161e-01,7.090860424390365013e-01,6.610548649979542946e-01,-8.256295032438455417e-01,1.539026671412011341e-02,6.328486914563855037e-02,4.127436677120578934e-01,-1.314442135030431946e-01,5.197050119305793997e-02,-8.482119796141140977e-01,-1.187434429166171340e-01,-8.689789241862523606e-02,3.518686286399963503e-01,-7.222107134193615774e-02,1.108004971759105201e-01,-5.852931696138061884e-02,5.781578335583382328e-02,5.200000000000000178e-01,-9.359270432445635501e-01,3.057948913304958105e-01,-3.221719272831181091e-01,-3.137209197046622600e-02,3.345715222042582732e-02,-1.946255218114220920e-01,5.748208553952534050e-01,-1.047989921690193560e+00,-5.601473343846263830e-01,4.387065212217621246e-01,-1.265062788425015336e-02,-1.422774378556931341e-01,-6.462726839809181112e-02,-5.392158392192279992e-01
2.603630326184452545e-02,-1.343304980927761128e-01,7.520924360017964272e-01,-1.503371694414274706e-01,1.887297515429228190e-01,7.099673208602291785e-01,6.616088116685231446e-01,-8.181098425953392539e-01,1.398247379249623057e-02,5.916804326872011910e-02,4.145726215854866892e-01,-1.330003510814736500e-01,4.930461560727589232e-02,-8.387841553019236285e-01,-1.190158919482452032e-01,-8.760202534148534004e-02,3.516419050176365912e-01,-7.979369794102274260e-02,1.109552410466660421e-01,-6.239999975214350486e-02,5.097609784119478543e-02,5.200000000000000178e-01,-8.891485197732161838e-01,2.967888198529512467e-01,-3.170468392974339356e-01,5.201671539560515783e-02,3.926345777608148367e-03,-1.917686826300170344e-01,5.592676877687309256e-01,-1.063484037510033398e+00,-5.616240160889351962e-01,4.182802567186402753e-01,-8.591372540353311993e-02,-1.717961997041599909e-01,-6.326582569059281680e-02,-5.350080462468609355e-01
2.658941109713038736e-02,-1.351719361695475075e-01,7.517049385841148013e-01,-1.484169838692359356e-01,1.872530160918793318e-01,7.103050262741283927e-01,6.620992950557823553e-01,-8.129504610876565618e-01,1.489662215909675312e-02,6.121802132772258265e-02,4.134362699696266241e-01,-1.377471866189912408e-01,4.894709437243373318e-02,-8.341556843009058086e-01,-1.193136966510246338e-01,-8.991134446293579108e-02,3.517341952519489334e-01,-8.488527688492608636e-02,1.162597123538196137e-01,-6.704090658514463841e-02,4.497467720395130486e-02,5.200000000000000178e-01,-8.544192824549099452e-01,2.933832617295845657e-01,-3.179599076204177588e-01,1.262464219872276583e-01,-3.129298328906325588e-02,-1.920546158937837256e-01,5.363098912062751467e-01,-1.103348089937167265e+00,-5.707353225689931753e-01,4.051678316686332382e-01,-1.871541013968255063e-01,-2.102408966008828539e-01,-6.435657591117235898e-02,-5.348334115505224418e-01
2.704746221679686993e-02,-1.361074912201382381e-01,7.509421317306245180e-01,-1.473832685049176194e-01,1.843905082659462458e-01,7.111757466782184789e-01,6.621988900344913942e-01,-8.119743524135422108e-01,1.902322729043650143e-02,6.343965160699274741e-02,4.205971215305677746e-01,-1.444678062983671130e-01,5.300362505474735114e-02,-8.318347494289225486e-01,-1.167918603498812741e-01,-8.931226932061024637e-02,3.569257607307070312e-01,-8.666711184309427995e-02,1.224864543162926533e-01,-7.250601474417620040e-02,3.807656989519515867e-02,5.200000000000000178e-01,-8.248559567081928945e-01,2.944402790378384260e-01,-3.225791033489269211e-01,1.813322949221429503e-01,-3.997734345303721737e-02,-1.961295041140362905e-01,5.172559777084160260e-01,-1.156591124120683878e+00,-5.763531020921434100e-01,3.930140360677851219e-01,-2.856011065199505761e-01,-2.486944467827299499e-01,-7.398153425713624443e-02,-5.477276724767000671e-01
2.739342251926082938e-02,-1.368667264662461747e-01,7.502328860668762145e-01,-1.474908354338422267e-01,1.842600609030649594e-01,7.107846888027116172e-01,6.626309754174332101e-01,-8.146676437006498128e-01,2.011232339230116170e-02,6.131278107723472925e-02,4.236035895066383450e-01,-1.472063349386515119e-01,4.943703527295597450e-02,-8.360614232933735179e-01,-1.156830074555520449e-01,-8.959636917591359828e-02,3.628392031468956058e-01,-8.851885062327360942e-02,1.202679299144616409e-01,-7.087202464764461030e-02,3.418032519387871615e-02,5.200000000000000178e-01,-7.999908673311215690e-01,2.971361028626195999e-01,-3.311655810383331566e-01,2.226924582917479689e-01,-3.692690765301428341e-02,-1.949206815616588984e-01,4.902314843130166633e-01,-1.218348716197102943e+00,-5.820131488073135850e-01,3.885634535462993422e-01,-3.538049047254437918e-01,-2.669785324491014133e-01,-7.999550513717176847e-02,-5.506653604987759021e-01
2.766324322781303635e-02,-1.373030742975916152e-01,7.494828126608513719e-01,-1.478803433873432938e-01,1.836859685164170530e-01,7.108420400130437411e-01,6.626420324427981789e-01,-8.152342256633501316e-01,2.246225273739992090e-02,6.203279849603270113e-02,4.235063645779517660e-01,-1.523248862877113752e-01,4.702181545282212854e-02,-8.387902452080177040e-01,-1.144512346664562363e-01,-9.053435272201472428e-02,3.670775519015339050e-01,-8.992932495448251184e-02,1.177278138947167180e-01,-7.018451225868763133e-02,3.162500862341305341e-02,5.200000000000000178e-01,-7.880872097562682255e-01,2.961790020021877190e-01,-3.410149909309886929e-01,2.457656271560703931e-01,-3.715998855979901760e-02,-1.973857583085581735e-01,4.724598810624899836e-01,-1.272609277665325722e+00,-5.839234141984235293e-01,3.891419077310550589e-01,-4.050264502768932684e-01,-2.681839095951081275e-01,-9.032667044629029418e-02,-5.502804804812344575e-01
2.782815767546212293e-02,-1.373184418550232877e-01,7.489514198797074807e-01,-1.489317245406071022e-01,1.840324839762887965e-01,7.105215017373353037e-01,6.626541947620948614e-01,-8.187102581061727058e-01,2.425376383788714965e-02,6.235648705706907380e-02,4.259831458244310864e-01,-1.561650185426976811e-01,4.726713885712497537e-02,-8.438765814443429658e-01,-1.124798582961882426e-01,-8.776179431809710829e-02,3.719375128026626842e-01,-9.066211163816401131e-02,1.174492646097919785e-01,-7.082227784306158180e-02,3.072560581444631553e-02,5.200000000000000178e-01,-7.878856209780848996e-01,2.959020504750455305e-01,-3.463230082501136953e-01,2.492801210615817609e-01,-3.581340322498686307e-02,-1.991982781475587772e-01,4.622190499759719629e-01,-1.299033014362527050e+00,-5.863627744371771033e-01,3.894371188628898972e-01,-4.182300630655479412e-01,-2.744019061424644024e-01,-8.946522258720286669e-02,-5.531114004314841015e-01
2.787117479328491201e-02,-1.369117985146965366e-01,7.490743583049187526e-01,-1.485684536047445492e-01,1.845537431471509504e-01,7.098200656423957478e-01,6.633421476849608034e-01,-8.185889644110171393e-01,2.374948837398921722e-02,6.177734140920893013e-02,4.272150713219835527e-01,-1.556201825166915742e-01,4.867317572692977240e-02,-8.455897886528109808e-01,-1.126122295631136055e-01,-8.673335571990997694e-02,3.752684923486532820e-01,-9.045073389619302795e-02,1.167641154181079943e-01,-7.056370778301364333e-02,3.092752161796374563e-02,5.200000000000000178e-01,-7.972503097393476290e-01,2.955173472435806414e-01,-3.484238714661354042e-01,2.377441879415874149e-01,-3.836533393675752024e-02,-2.009327225780963844e-01,4.570286792933536679e-01,-1.303706441870902566e+00,-5.896441153145131064e-01,3.933673682998917176e-01,-4.072787004241957831e-01,-2.748941022895422526e-01,-8.525531218032819658e-02,-5.529753444294122078e-01
2.776368185809779954e-02,-1.361618270544827924e-01,7.500583634513375841e-01,-1.477853756337190183e-01,1.864421031345377400e-01,7.085928319851839685e-01,6.643004014651722189e-01,-8.161998954299943820e-01,2.050630517690714069e-02,6.150020074009242277e-02,4.225959010720344855e-01,-1.476286945049678778e-01,4.865324022127417297e-02,-8.446025339295465395e-01,-1.149668427878725724e-01,-8.703494367143992105e-02,3.710013056523513431e-01,-8.672072287238569155e-02,1.180356731654731428e-01,-7.051319279712152388e-02,3.219254896146304251e-02,5.200000000000000178e-01,-8.180864438849904108e-01,2.930528917038807690e-01,-3.417418606648168211e-01,1.977629716852096486e-01,-4.149184025486629679e-02,-2.058220261655729910e-01,4.610253197161555683e-01,-1.286551620670161933e+00,-5.934813069144295739e-01,4.019423015630010920e-01,-3.663585646968012810e-01,-2.741381595471836241e-01,-7.269245896183255951e-02,-5.491551521419973936e-01
2.750705679604770887e-02,-1.352518723778830811e-01,7.515776887857622546e-01,-1.481056972505558067e-01,1.889734230397299708e-01,7.073966409722509674e-01,6.647884928063598764e-01,-8.140535612445661817e-01,1.662611806879158230e-02,6.015637479155645784e-02,4.134099875512246558e-01,-1.370668466893239512e-01,4.998010685166560940e-02,-8.420784990998884112e-01,-1.168757913563631817e-01,-8.806824849994890347e-02,3.592340399352623170e-01,-7.945560642450494315e-02,1.234566538142133074e-01,-6.930122723422743602e-02,3.312838813512939545e-02,5.200000000000000178e-01,-8.546096266224459947e-01,2.811235989635105792e-01,-3.277426782703528607e-01,1.229234645886243121e-01,-3.776025390813030763e-02,-2.106460025629866284e-01,4.801870446628984102e-01,-1.246111148030418780e+00,-5.964151244932931473e-01,4.174626236777346233e-01,-2.749763143224048800e-01,-2.772750318042696560e-01,-4.450596911905738140e-02,-5.530864459382270892e-01
2.715881884621691028e-02,-1.343099413020103772e-01,7.524281168321449442e-01,-1.522810068442005116e-01,1.922498919448159538e-01,7.070345005195115551e-01,6.632892951622613165e-01,-8.205243664716191931e-01,1.807728759434286403e-02,6.761688745925620303e-02,4.064798878702552409e-01,-1.327168041313521174e-01,4.845179871830303242e-02,-8.490338594621391621e-01,-1.164808231837872743e-01,-8.831970392457549890e-02,3.524877894841662029e-01,-7.066172094403672110e-02,1.264916916206007269e-01,-6.668053084312956791e-02,3.884186778196031115e-02,5.200000000000000178e-01,-9.324669425081061336e-01,2.800204588596773014e-01,-3.175999382497646795e-01,9.982206424961006033e-03,-1.790825204997026354e-02,-2.154898075804362323e-01,5.184889516418509370e-01,-1.176134155324544350e+00,-5.875974351506385585e-01,4.561585330242663994e-01,-1.355613913597958353e-01,-2.349228687132782489e-01,-2.561182388255890674e-02,-5.434225224081946637e-01
2.683607561837498059e-02,-1.336946254791829825e-01,7.521760102765597811e-01,-1.545575974076207060e-01,1.932808476987195045e-01,7.070614436223380261e-01,6.624338291023075254e-01,-8.295334088525170291e-01,2.040302589457066926e-02,7.026674754413994584e-02,4.135877046393588441e-01,-1.296339140784647515e-01,5.092855352207829867e-02,-8.558260297808176764e-01,-1.186091668648767694e-01,-9.708714074541381633e-02,3.568510757989000748e-01,-6.683417689583685817e-02,1.219321437399386587e-01,-5.564074454007143788e-02,4.911634639774805494e-02,5.200000000000000178e-01,-1.034211443961734700e+00,2.992450647807868847e-01,-3.215129540985205980e-01,-1.121720407929353569e-01,3.777952572831407702e-02,-2.047511386310725268e-01,5.546355709252851485e-01,-1.143373054784609488e+00,-5.963733421872889906e-01,4.958557371294832761e-01,4.769723334940568354e-02,-1.535476643774788263e-01,-3.148652416613644672e-02,-5.162230002347156788e-01
2.655236556537871051e-02,-1.331786036286116692e-01,7.515067284774326062e-01,-1.561806742636423218e-01,1.935886401621385866e-01,7.080509780026754685e-01,6.609045679492498993e-01,-8.379278886241778856e-01,2.220795594318949323e-02,7.426487267311182583e-02,4.232809473987185767e-01,-1.289848440399762319e-01,5.230567774492464461e-02,-8.609186203197802811e-01,-1.213208752073307584e-01,-1.030425321455686605e-01,3.622454191217243102e-01,-6.473997191815360208e-02,1.201755732404530957e-01,-4.975979081182133751e-02,5.613196048242454633e-02,5.200000000000000178e-01,-1.118684908920014376e+00,3.006485150519995209e-01,-3.163237400859507664e-01,-1.866964543830918200e-01,5.863991934708045334e-02,-2.005039763117233975e-01,5.834655725038814245e-01,-1.122984833048642273e+00,-6.040864870409359266e-01,5.220877200647824345e-01,1.458625277538590503e-01,-1.209693349013769570e-01,-3.456411590715917359e-02,-5.005625511629540059e-01
2.636814984216495628e-02,-1.327841703385556626e-01,7.512716138098547436e-01,-1.573288254451132018e-01,1.936709415113964938e-01,7.084962403623765725e-01,6.601305056506093782e-01,-8.417135335999887946e-01,2.373275106040250923e-02,7.648075415729774229e-02,4.271783410058510033e-01,-1.292062254497306495e-01,4.915876726945207775e-02,-8.614549187306029809e-01,-1.225520047038598653e-01,-1.090402814026691092e-01,3.615315564481292876e-01,-6.547792004383704012e-02,1.213741656701100430e-01,-4.653156157500808882e-02,6.087110690976527821e-02,5.200000000000000178e-01,-1.170066157097382487e+00,3.112714896235059814e-01,-3.081006767861152462e-01,-2.190732928962744741e-01,7.962093647555337772e-02,-1.909633404831780068e-01,6.033035775635635645e-01,-1.115467949981584050e+00,-6.114839406088975471e-01,5.354231504499958882e-01,1.882838068192717873e-01,-1.147382985346689921e-01,-3.980867396144233822e-02,-4.974453655665564411e-01
2.633943967675425601e-02,-1.322460773176475923e-01,7.516438479158062957e-01,-1.579529692846494970e-01,1.936839538469121713e-01,7.091190815295123073e-01,6.593083601222815560e-01,-8.392830497114093236e-01,2.358175176718954602e-02,7.774463988663334046e-02,4.212792921958259940e-01,-1.270470226886178944e-01,4.839721577758392124e-02,-8.592202958650707600e-01,-1.230251020037245874e-01,-1.110143921229760078e-01,3.574413123696268402e-01,-6.182420434440533824e-02,1.245451615439620990e-01,-4.820671894058066453e-02,6.118874991978023870e-02,5.200000000000000178e-01,-1.180011644709544560e+00,3.137090587634315808e-01,-3.041494877735803626e-01,-2.308787142473340270e-01,8.445924122944947765e-02,-1.895325705129959348e-01,6.100811770782444965e-01,-1.109054616577848096e+00,-6.088517505694827081e-01,5.311852678979601672e-01,1.845277664351895885e-01,-1.205222506109414615e-01,-4.250188807670980673e-02,-5.006984721421110507e-01
2.656847043240597242e-02,-1.317496932629021456e-01,7.518370498535893454e-01,-1.590199512040675056e-01,1.933039802176977628e-01,7.096760080391850689e-01,6.585637326520643597e-01,-8.403123805687611192e-01,2.437624390699190749e-02,7.499574783174908776e-02,4.219328567831112098e-01,-1.293064357461294056e-01,5.056082117799597098e-02,-8.611491272344770076e-01,-1.204990535863531137e-01,-1.065699684146521053e-01,3.612030358099200811e-01,-6.273975110146121081e-02,1.247095044006906878e-01,-5.218612380222338587e-02,6.289196336310078073e-02,5.200000000000000178e-01,-1.147777408974029578e+00,3.119216562703853168e-01,-3.012825940053185381e-01,-2.080459748057104652e-01,7.907857508683753534e-02,-1.885484404925594493e-01,6.075681669738555168e-01,-1.106190882079245208e+00,-6.016208450421912657e-01,5.126089522984993430e-01,1.482942788314912108e-01,-1.247533108606379976e-01,-4.659656743353841196e-02,-5.072309862320354412e-01
2.692894812543300195e-02,-1.310950603987248164e-01,7.524162086467572896e-01,-1.589758700922895007e-01,1.933161168300752963e-01,7.101223944835838298e-01,6.580894593860644459e-01,-8.336453646203157986e-01,2.325210999604681097e-02,7.371099320166546454e-02,4.108129069655849230e-01,-1.291315850843971214e-01,4.630646349757929631e-02,-8.575170837221943732e-01,-1.191938852212586913e-01,-1.025852088145737112e-01,3.570459943293647354e-01,-6.474852187016080785e-02,1.231236110498860059e-01,-5.718719973744934570e-02,6.235023839359551956e-02,5.200000000000000178e-01,-1.080680680870205634e+00,3.120259790675213862e-01,-3.078447052740644341e-01,-1.556477340622111072e-01,6.115280680322146556e-02,-1.891571532971469127e-01,5.907261223512998427e-01,-1.111188779964680906e+00,-5.994757355949386080e-01,4.954690962776784890e-01,9.296072548628105114e-02,-1.407106699168096109e-01,-4.890509556279359210e-02,-5.088067624093052244e-01
2.743484719606657796e-02,-1.305689521819413113e-01,7.530820836421084907e-01,-1.561108344334736220e-01,1.914358164645160454e-01,7.105244585712626737e-01,6.588905290858747543e-01,-8.207049835510225044e-01,2.168531070889886600e-02,7.103145129274891778e-02,4.025478984162569329e-01,-1.303215184024499318e-01,4.739075580042020203e-02,-8.494772480109862300e-01,-1.171741099198190528e-01,-9.428216687604482060e-02,3.577453488797399661e-01,-6.786088268636743248e-02,1.220654950762294494e-01,-6.337180092876924797e-02,5.915085105277991667e-02,5.200000000000000178e-01,-1.001913208188840665e+00,3.115752224689808392e-01,-3.143658724084953393e-01,-7.518421564373276023e-02,3.945753288134797032e-02,-1.867539915619400304e-01,5.685218472778369447e-01,-1.120183517661939687e+00,-5.905956764636094425e-01,4.677002190511145296e-01,1.060648525634562411e-02,-1.622199613653357297e-01,-5.243163496561414200e-02,-5.203724942802070430e-01
2.796725008380934741e-02,-1.302897807207601955e-01,7.531757464301657157e-01,-1.535528700246755196e-01,1.889831913251092121e-01,7.116909850813255556e-01,6.589406735493995582e-01,-8.115069772473121334e-01,1.979131896867966645e-02,6.467754410118965736e-02,4.009081545028875260e-01,-1.347153288416491068e-01,4.328215126156214482e-02,-8.427448658792859870e-01,-1.169401196124678632e-01,-9.286389879647194423e-02,3.637052340777860993e-01,-7.721286031600838040e-02,1.184020382054494225e-01,-6.892804675231646583e-02,5.321857356601332467e-02,5.200000000000000178e-01,-9.181326940114208357e-01,3.028664729984173465e-01,-2.989146050030576096e-01,3.885953101737151666e-02,-7.024463534436254687e-03,-1.931641395640686099e-01,5.479245812504440760e-01,-1.129637461062812598e+00,-5.829614406525411852e-01,4.291742580080331049e-01,-1.032650265884598739e-01,-2.196968338733036041e-01,-4.232807511110212029e-02,-5.258764192587335184e-01
2.848906329438116725e-02,-1.302479653791089875e-01,7.527277228878250792e-01,-1.510152700367258516e-01,1.865009205727665431e-01,7.126983819480802174e-01,6.591455159597426894e-01,-8.016068263358190338e-01,2.072882616569294081e-02,6.707876375929827661e-02,3.977629460385736504e-01,-1.426365415039956563e-01,4.336904870660534400e-02,-8.343771962470968306e-01,-1.169980087337930963e-01,-9.334491198008734725e-02,3.641840074657201609e-01,-8.395190349480322056e-02,1.246566936019623401e-01,-7.419989502870588671e-02,4.981717620864076213e-02,5.200000000000000178e-01,-8.650795902269835524e-01,3.005175600483827036e-01,-2.994021888329955194e-01,1.112002372358572577e-01,-3.406623247009058636e-02,-1.942032488684026503e-01,5.222364600406315116e-01,-1.160067712851581501e+00,-5.901740497329052149e-01,4.119391617846587250e-01,-2.216625616396163678e-01,-2.807635738462981312e-01,-4.423749361768201938e-02,-5.320513532985285954e-01
2.895369191501462672e-02,-1.304088408126442555e-01,7.519000716920288818e-01,-1.502020608753707465e-01,1.854430304320693612e-01,7.130637401316120005e-01,6.592346516093348097e-01,-8.027766612057934958e-01,2.193636852774710419e-02,6.619902910903818771e-02,4.049146024280852463e-01,-1.474959745872740369e-01,4.520947469534599555e-02,-8.355182110863448308e-01,-1.163227352269297632e-01,-9.190397142735924618e-02,3.716430052091574954e-01,-8.876985349761161437e-02,1.237013967274472048e-01,-7.783687591966137465e-02,4.465817049604156597e-02,5.200000000000000178e-01,-8.317001035810852594e-01,2.972707780172010317e-01,-2.961149182885701725e-01,1.474626824198270458e-01,-3.759417889107388722e-02,-1.992907374266764120e-01,5.114903569854867271e-01,-1.186652851693109634e+00,-5.912001238286987981e-01,3.941252003241467738e-01,-3.102396497301261880e-01,-3.122678299726356355e-01,-4.879137644348624514e-02,-5.347942660448048446e-01
2.927375595598555313e-02,-1.306928703179277562e-01,7.512911547104814680e-01,-1.511976945081355828e-01,1.863639110165556945e-01,7.129094755426025332e-01,6.589141290999983580e-01,-8.073295894306646847e-01,2.246876211015819483e-02,6.597619087234093960e-02,4.066524285396355687e-01,-1.492153265234514303e-01,4.218699320647311540e-02,-8.410065313555203925e-01,-1.161307109878679938e-01,-9.214774842884125572e-02,3.756886579410882998e-01,-9.152204744982340989e-02,1.223163742312326496e-01,-7.860404804854050076e-02,4.312982416477781356e-02,5.200000000000000178e-01,-8.156146103686626736e-01,2.930118598743355895e-01,-2.915607867886307880e-01,1.471790412612780929e-01,-3.720993490233805850e-02,-2.053982177627931005e-01,5.058419823095412493e-01,-1.195472754637472823e+00,-5.855626103933342375e-01,3.797894227688773938e-01,-3.438852827200937212e-01,-3.232020362052074325e-01,-4.642083734691127700e-02,-5.417072027980222026e-01
2.948272489503266092e-02,-1.310808964447416625e-01,7.508863055046718360e-01,-1.517089407223732589e-01,1.861965502718728738e-01,7.131766826202216025e-01,6.585546760433527158e-01,-8.108251296749576786e-01,2.380844565196089252e-02,6.702869627595997581e-02,4.112861031720034255e-01,-1.517124137423369323e-01,4.269938800027733156e-02,-8.442303908562115433e-01,-1.152023052050476226e-01,-9.124725433126848473e-02,3.803529881371381927e-01,-9.358335334174130993e-02,1.207308152997337430e-01,-7.759908756687228237e-02,4.230215058114424748e-02,5.200000000000000178e-01,-8.081710089525796503e-01,2.873251200054063870e-01,-2.824066110748461034e-01,1.422723342049924677e-01,-3.404154016219786139e-02,-2.069195450585679663e-01,5.033682052214759617e-01,-1.189260882599636693e+00,-5.868285963851103126e-01,3.720447144365147674e-01,-3.553479517412925781e-01,-3.389425796909315003e-01,-4.091455629230630192e-02,-5.377277705141003672e-01
2.960070897401143736e-02,-1.314218710062701190e-01,7.503983074915779872e-01,-1.519676745005952012e-01,1.858999864640611122e-01,7.132229008231426581e-01,6.585287500792692539e-01,-8.142396203919269881e-01,2.552309594096634909e-02,6.864444686710763355e-02,4.174638099208312636e-01,-1.551568587441179703e-01,4.273649354585364046e-02,-8.468496371357835395e-01,-1.143803291123048071e-01,-9.084447212470200816e-02,3.846816201462479046e-01,-9.565861043697745925e-02,1.207259662124437194e-01,-7.652071681589911467e-02,4.126483527473369384e-02,5.200000000000000178e-01,-8.045434214205439138e-01,2.827365744661790026e-01,-2.764481173895801391e-01,1.293018036417304950e-01,-3.102489501596549654e-02,-2.095972482935775649e-01,5.039218045915471178e-01,-1.184722829565070024e+00,-5.851164470428332764e-01,3.704631950418993402e-01,-3.592883600237843922e-01,-3.470625856794521402e-01,-3.697293304732190977e-02,-5.350985365142132411e-01
2.965662620219454773e-02,-1.316881799992581370e-01,7.500790779721308033e-01,-1.520366143316635166e-01,1.862252410645687528e-01,7.127669810224053215e-01,6.589144544303260354e-01,-8.169210288673335318e-01,2.645350173748039699e-02,7.037669287160783216e-02,4.215639142018999808e-01,-1.569355306734941113e-01,4.189411503543177817e-02,-8.485449204988404492e-01,-1.142971352001172086e-01,-9.151441961124154312e-02,3.856230199242215995e-01,-9.734240722017747927e-02,1.202583513365032830e-01,-7.574813244109511456e-02,4.043593751423884414e-02,5.200000000000000178e-01,-8.021763685460232551e-01,2.791696832477345569e-01,-2.705156100853023382e-01,1.169960454743082801e-01,-2.945943662807916016e-02,-2.115153556025164694e-01,5.074822024792015052e-01,-1.179725106118142186e+00,-5.814302448265141754e-01,3.704355799262896709e-01,-3.573274838148891575e-01,-3.486826826719401362e-01,-3.380419559599104340e-02,-5.319671602578901481e-01
2.969006975911413562e-02,-1.318909414630962951e-01,7.499246181218541807e-01,-1.522232713535996707e-01,1.865402084574164232e-01,7.123981394329590433e-01,6.591810959209390974e-01,-8.190707065661907427e-01,2.716663609386900380e-02,7.166937231714982925e-02,4.243153424817553976e-01,-1.578030424282884370e-01,4.160033667145766889e-02,-8.496600865597415675e-01,-1.141040719931263603e-01,-9.216131353268258719e-02,3.854907602440382774e-01,-9.809364613767046492e-02,1.209631425765646251e-01,-7.519593254320655618e-02,3.986783989736571165e-02,5.200000000000000178e-01,-7.996919476172147379e-01,2.759089427787131399e-01,-2.661464660198704091e-01,1.067922482393043326e-01,-2.876864934963493589e-02,-2.128687202628029573e-01,5.105615427954555141e-01,-1.173862981839049802e+00,-5.783801772029681931e-01,3.718565116518321445e-01,-3.527870309340266908e-01,-3.479992247574012487e-01,-3.129439569590224818e-02,-5.281826214680573894e-01
2.971308225377162007e-02,-1.320573068097023461e-01,7.497183283710532331e-01,-1.520867914865757231e-01,1.868144652055981625e-01,7.122193798447754576e-01,6.593280810179323881e-01,-8.211007170277740963e-01,2.727479178089824846e-02,7.278069353090410587e-02,4.277531330484859451e-01,-1.580689333319272027e-01,4.118685148043953193e-02,-8.507007820605766435e-01,-1.145052180857489138e-01,-9.214453067971503653e-02,3.864045699384053845e-01,-9.959948690337519506e-02,1.204508940412600954e-01,-7.453202882296465492e-02,4.013248369974992125e-02,5.200000000000000178e-01,-7.979732888123823864e-01,2.739992830536095991e-01,-2.642537199262612324e-01,1.002037785423745136e-01,-2.848066272329789761e-02,-2.143461349538850758e-01,5.134022106595053092e-01,-1.169522197941981423e+00,-5.771907714608419671e-01,3.752291855466645676e-01,-3.500846862589799269e-01,-3.455666918244108543e-01,-3.129838521957213626e-02,-5.248530552320213038e-01
2.972536805970127372e-02,-1.322007783384581969e-01,7.496141373689952925e-01,-1.522992477862757654e-01,1.874934985430261603e-01,7.118003710892829572e-01,6.595387470384062034e-01,-8.226938834655819210e-01,2.731571812695060900e-02,7.387456484112639443e-02,4.280834247992835739e-01,-1.577080742392418800e-01,4.060103357864221912e-02,-8.523343267809978530e-01,-1.147501718700874584e-01,-9.229730738355275410e-02,3.860415643514663042e-01,-9.989617815679317780e-02,1.208543437088378664e-01,-7.383795547148266913e-02,4.089930989212368917e-02,5.200000000000000178e-01,-7.970201737349081883e-01,2.740301083651502934e-01,-2.630954175045228105e-01,9.491746375337134500e-02,-2.724686156110216889e-02,-2.149223262397117751e-01,5.162699876218445061e-01,-1.167741801380085542e+00,-5.766468627870929842e-01,3.780359045368726911e-01,-3.454241783603740346e-01,-3.430439574992799057e-01,-3.099479603380383627e-02,-5.228042446411321764e-01
2.972244530850759459e-02,-1.323552598491098964e-01,7.495222945481954113e-01,-1.520543923227019034e-01,1.877149793008728029e-01,7.115705182337748180e-01,6.597802254553897239e-01,-8.229333996544166974e-01,2.724020043041031069e-02,7.486209448825328905e-02,4.284411137895103305e-01,-1.575214017377657705e-01,4.075770594254996687e-02,-8.527645450943199812e-01,-1.152674902843822818e-01,-9.273327733271691242e-02,3.861350065549685739e-01,-1.000502006364546448e-01,1.214547103691234337e-01,-7.332743763331824038e-02,4.119406269667853088e-02,5.200000000000000178e-01,-7.969638803437588681e-01,2.745048684741278056e-01,-2.625397014437262366e-01,9.358840564982777444e-02,-2.528816850698173413e-02,-2.141429183157712579e-01,5.181579539356991893e-01,-1.166741696472987977e+00,-5.774400129978668472e-01,3.805757123355550942e-01,-3.398758159249172239e-01,-3.428407016152063003e-01,-2.976541368248547537e-02,-5.215854630349512355e-01
2.968220575949483478e-02,-1.325081099397909246e-01,7.495383734780567409e-01,-1.515876799820078391e-01,1.877030114039335562e-01,7.112857652877317971e-01,6.601979361423466752e-01,-8.219416450101727500e-01,2.704572277236538119e-02,7.517596658899891593e-02,4.279137169278321440e-01,-1.572894673644728847e-01,4.130349692485668633e-02,-8.520535386713857795e-01,-1.155191282561432026e-01,-9.293347620103488416e-02,3.854461210668433946e-01,-9.994708951798025875e-02,1.223027864590177372e-01,-7.329139899457391694e-02,4.122721586328619708e-02,5.200000000000000178e-01,-7.973759940425024784e-01,2.764575551617468041e-01,-2.627516900920447984e-01,9.486382694115588765e-02,-2.303111028559073903e-02,-2.131684213468092171e-01,5.186868497835196434e-01,-1.167555816087088694e+00,-5.775032056652162904e-01,3.818533080553601078e-01,-3.353788695953088261e-01,-3.426331137097104462e-01,-2.935941973450468742e-02,-5.225183080347468589e-01
2.958500086555720249e-02,-1.326336693782917409e-01,7.495111713388511454e-01,-1.515762682006535356e-01,1.878283856452254152e-01,7.110747183851940934e-01,6.603922147767115058e-01,-8.218906224844981789e-01,2.700211200678045986e-02,7.547084920063643065e-02,4.272774714427807208e-01,-1.573458279789056447e-01,4.190508771202348937e-02,-8.524361589523458127e-01,-1.155115726603906795e-01,-9.267676562918307492e-02,3.852168054079042059e-01,-9.952255374758434137e-02,1.226406705814817588e-01,-7.399209411399926273e-02,4.127113813920598590e-02,5.200000000000000178e-01,-7.978287465519501298e-01,2.794503988010769713e-01,-2.632263348691126215e-01,9.562961195892635824e-02,-1.996514698913702535e-02,-2.120199807045630158e-01,5.169513674890020560e-01,-1.170376750286962197e+00,-5.788350447192568415e-01,3.827429590624368272e-01,-3.336097935441607043e-01,-3.425473524395651892e-01,-2.949166992954673286e-02,-5.232009476318475460e-01
2.940899787327439993e-02,-1.327155718703209031e-01,7.495059577499227910e-01,-1.512085362911019248e-01,1.876867467037102444e-01,7.108944089217529294e-01,6.607108316262662040e-01,-8.209778375932640371e-01,2.666256587135414080e-02,7.520989303409836291e-02,4.270002188409013910e-01,-1.575413670596682025e-01,4.280247790678175235e-02,-8.521668186353617003e-01,-1.154616625616625009e-01,-9.138102971907169358e-02,3.856065499678790753e-01,-9.932875540493872613e-02,1.221723904189683518e-01,-7.451272889456261872e-02,4.095517629153658939e-02,5.200000000000000178e-01,-7.980234943474285858e-01,2.819556544244279928e-01,-2.648109186878830901e-01,9.925509224983598833e-02,-1.670447901872644872e-02,-2.100885366010660227e-01,5.146211278571648506e-01,-1.174793609306292286e+00,-5.802332120630866452e-01,3.833927764676150485e-01,-3.339395351454187977e-01,-3.428696161841329748e-01,-3.053275876195534616e-02,-5.238300583197142979e-01
2.912984241692432447e-02,-1.327238836660943888e-01,7.495027495353420166e-01,-1.511648512293193303e-01,1.877269183569330591e-01,7.106531524450870885e-01,6.609689015353807928e-01,-8.207783365438398038e-01,2.624648287978103428e-02,7.480028427575717564e-02,4.268964712698398722e-01,-1.582246332458157045e-01,4.456247724493133527e-02,-8.530266732041984490e-01,-1.151943965949168841e-01,-8.938186677425477566e-02,3.868338102169035508e-01,-9.866353770603761286e-02,1.225523998054916797e-01,-7.539663549387962127e-02,4.151241273601632281e-02,5.200000000000000178e-01,-7.969433571854607212e-01,2.836053161857745586e-01,-2.695239476492902742e-01,1.057240954017036605e-01,-1.408830710182512949e-02,-2.068577714045014837e-01,5.096796969548994527e-01,-1.180241363149443945e+00,-5.825066350424772388e-01,3.847323771811669846e-01,-3.364303690915421141e-01,-3.439717931783538574e-01,-3.210214911734636523e-02,-5.225955704563445270e-01
2.873351751801814929e-02,-1.326504303423490516e-01,7.495901419875540261e-01,-1.511146760352055085e-01,1.875469700850436461e-01,7.105964278983795124e-01,6.610924332926213509e-01,-8.204097743036631307e-01,2.568196910760329674e-02,7.411453646132920570e-02,4.272546716906234776e-01,-1.585987679158335772e-01,4.640437165909216954e-02,-8.529968559083326296e-01,-1.148909795539322098e-01,-8.705500841372468268e-02,3.874157665196765743e-01,-9.780781341177768873e-02,1.220787443594475302e-01,-7.638512674939061664e-02,4.164043819940146940e-02,5.200000000000000178e-01,-7.957284820691411520e-01,2.837851831484353160e-01,-2.784818710337664815e-01,1.183787883565991655e-01,-1.431217260373131295e-02,-2.029010936269140530e-01,5.026326828278793180e-01,-1.186575100382947001e+00,-5.847323143030261905e-01,3.879778423826739098e-01,-3.379949006878741335e-01,-3.444537354998035150e-01,-3.382138959615600682e-02,-5.211160276341573194e-01
2.820629516310107013e-02,-1.325116944843574285e-01,7.497042081818999781e-01,-1.511235853633473292e-01,1.875866238460587032e-01,7.103849475776837785e-01,6.613063940081157499e-01,-8.201320706486769918e-01,2.482039314774404232e-02,7.348955245970353878e-02,4.273324687996756244e-01,-1.590136673422052338e-01,4.831047263727649560e-02,-8.529525789913441347e-01,-1.148305509830508803e-01,-8.472989341190528823e-02,3.871095432963359562e-01,-9.672357662830094460e-02,1.222624607621223269e-01,-7.676161876982963428e-02,4.219040286595300560e-02,5.200000000000000178e-01,-7.989360408188402873e-01,2.840769695114629401e-01,-2.867010543419286073e-01,1.307388726151298974e-01,-1.531906955674337649e-02,-1.995536821996099219e-01,4.979302628196873304e-01,-1.193498710159845100e+00,-5.858830317732940385e-01,3.928642052335049595e-01,-3.368617854404291068e-01,-3.428637192084346141e-01,-3.578864797120950847e-02,-5.203981405733908439e-01
2.753381402761560792e-02,-1.323543926334964371e-01,7.498964063514804712e-01,-1.513595102909455481e-01,1.879989631824225405e-01,7.102170919650198089e-01,6.613156362642357289e-01,-8.203597388015640979e-01,2.332094883941011540e-02,7.301049236458417857e-02,4.263900218949282506e-01,-1.580844434836275736e-01,4.928332042663163132e-02,-8.533335029156899898e-01,-1.155649371609357434e-01,-8.313529985471004857e-02,3.859272401900784022e-01,-9.521419157356555973e-02,1.215721263921940853e-01,-7.647906167959213353e-02,4.395717417996500981e-02,5.200000000000000178e-01,-8.083345926672185211e-01,2.856036707760920001e-01,-2.934407510419146381e-01,1.340309363780360641e-01,-1.569443633398755200e-02,-1.975280626185279553e-01,4.949214912195183391e-01,-1.198316006462066596e+00,-5.859902257275647619e-01,3.995696558146920596e-01,-3.280344668936591157e-01,-3.412954753551682430e-01,-3.575294122165604410e-02,-5.213607525769126116e-01
2.671718649311258936e-02,-1.322549331115706328e-01,7.501661228041314189e-01,-1.515307508902432876e-01,1.884892204489573009e-01,7.097955260138372191e-01,6.615894169044153061e-01,-8.207086858377454774e-01,2.197319357516068494e-02,7.339291264364622425e-02,4.257491809378388115e-01,-1.565294483479287846e-01,5.219535723781961595e-02,-8.537865926852904463e-01,-1.163097780033083423e-01,-8.142351802465032373e-02,3.841264416721164032e-01,-9.185919570041933824e-02,1.223948703846128028e-01,-7.614418187710902952e-02,4.571986007373220889e-02,5.200000000000000178e-01,-8.257315495490362700e-01,2.863513050240441560e-01,-2.974464753219041024e-01,1.236325659696628082e-01,-1.518403142796177080e-02,-1.967008860797016812e-01,4.956574619083480848e-01,-1.193618699073054179e+00,-5.857191191679866904e-01,4.102716688638177733e-01,-3.021120602128351540e-01,-3.357966581452126453e-01,-3.200186562756424102e-02,-5.196416211578487321e-01
2.575781103118747473e-02,-1.322635256658615255e-01,7.505220045438519838e-01,-1.518060289139286922e-01,1.892422770155098022e-01,7.094587532554513798e-01,6.616725531594835896e-01,-8.208561126209320546e-01,1.999633010098422412e-02,7.416712029204221290e-02,4.229216187129325455e-01,-1.533478851251174058e-01,5.458358528019347650e-02,-8.539640088320028521e-01,-1.181737938082979278e-01,-8.153933947508505697e-02,3.804075288081127382e-01,-8.737548697824765176e-02,1.238577943970745610e-01,-7.358961255366669452e-02,4.872631432042302119e-02,5.200000000000000178e-01,-8.507959933850575140e-01,2.841177018099642071e-01,-2.987372869287756583e-01,9.456354731684940562e-02,-9.808461391384002553e-03,-1.992747211804582474e-01,4.987999594572290474e-01,-1.183227925524351853e+00,-5.837474221886788106e-01,4.248518194693727823e-01,-2.661132144807204503e-01,-3.271589771857859597e-01,-2.935188147862967736e-02,-5.149202244273531903e-01
2.463630132912347434e-02,-1.323601032667590660e-01,7.512482847494691418e-01,-1.548704628651650095e-01,1.917984091906116129e-01,7.083849753468249855e-01,6.613767736069654513e-01,-8.250794991086332075e-01,1.895335691338565637e-02,7.522428645421723459e-02,4.141524478861584591e-01,-1.490351236895304521e-01,5.547356877659759267e-02,-8.581773129134582234e-01,-1.179433053034188439e-01,-8.169171327427303397e-02,3.703646891013195330e-01,-7.896954151308749337e-02,1.255973212674487138e-01,-6.878356609403805944e-02,5.362295973531192028e-02,5.200000000000000178e-01,-8.944826170423394451e-01,2.838786875022236700e-01,-2.962070811262684789e-01,2.999553660007425390e-02,4.486801201606832254e-03,-2.028763009723093536e-01,5.141614790132286172e-01,-1.150548968235928227e+00,-5.813182131439675882e-01,4.471299190080923469e-01,-1.610853825520888183e-01,-2.947760464170800510e-01,-1.665940912780087754e-02,-5.162179192397483574e-01
2.345125071645591530e-02,-1.326797240781193710e-01,7.510463671612089831e-01,-1.581567446569568380e-01,1.942289941969522482e-01,7.073305099551220332e-01,6.610182233640629068e-01,-8.355025330216814261e-01,1.961962352240637433e-02,7.709509003298063712e-02,4.149673120293869699e-01,-1.448228140631083460e-01,5.257977744078998206e-02,-8.676007233982009348e-01,-1.202064856297787726e-01,-8.964342295881561062e-02,3.689649612701443315e-01,-7.179822219150586160e-02,1.202574345406559331e-01,-5.968066370315908142e-02,5.905063999672506558e-02,5.200000000000000178e-01,-9.597325960978120296e-01,2.993758293885037114e-01,-2.958448690211751275e-01,-6.869431574240129901e-02,4.906756730210283524e-02,-1.994928051670233349e-01,5.337810471396433609e-01,-1.137688720165770606e+00,-5.853339404903679100e-01,4.849870016613067603e-01,-1.272597254014036158e-02,-2.187527945749618563e-01,-2.241401119905168243e-02,-5.036272922418515430e-01
2.223161590821997116e-02,-1.330364182545279994e-01,7.503620893374338685e-01,-1.600573501613610505e-01,1.948448186209025823e-01,7.080639939610601230e-01,6.595926938435744402e-01,-8.448149949065448805e-01,1.990697611323814439e-02,8.096339526202644965e-02,4.222336318350071727e-01,-1.429418476668889160e-01,5.452134807314074766e-02,-8.726281852197660394e-01,-1.238379829980900543e-01,-9.522954604973923876e-02,3.697435459077784703e-01,-6.783452713437573833e-02,1.215765267855479226e-01,-5.328924191128178028e-02,6.575942127020897865e-02,5.200000000000000178e-01,-1.032967115024294280e+00,3.165920723024397976e-01,-3.021445757389132902e-01,-1.591506342728263024e-01,7.826130953472257290e-02,-1.965580274837589736e-01,5.426670474901187369e-01,-1.129863720736867805e+00,-5.954192229386083834e-01,5.178312056593054047e-01,9.615475336513198967e-02,-1.833074452076479399e-01,-2.021772772225734899e-02,-4.878586206360340238e-01
2.104094912584163896e-02,-1.333891989901470621e-01,7.501245752151300961e-01,-1.618099891339026819e-01,1.941908710925801806e-01,7.083364654368506930e-01,6.590651597021505159e-01,-8.509560844843107041e-01,2.277031166441401133e-02,8.508399100392961822e-02,4.293144662643440523e-01,-1.440562581252594065e-01,5.656194994832450251e-02,-8.735446452826148844e-01,-1.235985723675766257e-01,-9.834573775526422867e-02,3.670324302376932746e-01,-6.277314335130475265e-02,1.250755507236885888e-01,-4.923370981725379292e-02,7.166697262277785252e-02,5.200000000000000178e-01,-1.079799308192915808e+00,3.180771440893899737e-01,-3.005497687533099094e-01,-2.220476389370312220e-01,9.548837047730732164e-02,-1.928406241322320192e-01,5.485738236746355856e-01,-1.125705058097616895e+00,-6.018814792173889927e-01,5.319956942412777945e-01,1.354709406199774702e-01,-1.667448274408196984e-01,-2.884452882440617649e-02,-4.842800608924949235e-01
1.994780798616601833e-02,-1.334201143350038088e-01,7.503617175054921873e-01,-1.623637438484379913e-01,1.938460304838843795e-01,7.085860700667014900e-01,6.587621061176698323e-01,-8.496888677633951392e-01,2.255551193384616737e-02,8.772639892517963833e-02,4.259393706952390168e-01,-1.424050266204492654e-01,5.576272818568409062e-02,-8.706971372048947222e-01,-1.240462375720273597e-01,-9.844732327308623743e-02,3.606029691111917179e-01,-5.765511730673217317e-02,1.290717180588794311e-01,-4.880091096966902853e-02,7.314790875888976807e-02,5.200000000000000178e-01,-1.107157878879087010e+00,3.263872834256411615e-01,-2.938462487835066250e-01,-2.547047565996702345e-01,1.119462418602964887e-01,-1.880358688654220345e-01,5.619180910465266798e-01,-1.117054979294125783e+00,-6.026392919500157541e-01,5.323162449121432438e-01,1.417129515362828551e-01,-1.683462295481214233e-01,-3.095046686012783294e-02,-4.865460321879487848e-01
1.908360176889989726e-02,-1.333017663573285161e-01,7.503065317459106653e-01,-1.650142338787566609e-01,1.945621412461204514e-01,7.083799487970343645e-01,6.581137621668791127e-01,-8.555288802246061586e-01,2.358842238941000202e-02,8.701053161021650439e-02,4.267304164529824306e-01,-1.438550294849041400e-01,5.355955714537019574e-02,-8.755729794814990363e-01,-1.227837000404690820e-01,-9.830781363703100517e-02,3.605075715079801291e-01,-5.667123391964069140e-02,1.293356856585327341e-01,-4.957069593540511937e-02,7.613279780661946772e-02,5.200000000000000178e-01,-1.107709980129026661e+00,3.295670661124091017e-01,-2.895834142985586057e-01,-2.593086640181416769e-01,1.162072579450228460e-01,-1.832308367167292118e-01,5.677146082463940813e-01,-1.110025549266535849e+00,-6.020315959903027592e-01,5.237678445600894017e-01,1.209635797333508123e-01,-1.709949266202982487e-01,-3.671392818380982137e-02,-4.868867995186134112e-01
1.846139098956005656e-02,-1.329010717081382797e-01,7.506671301590499557e-01,-1.659073028555989315e-01,1.945262469777446490e-01,7.081239063972768477e-01,6.581753864165656998e-01,-8.544804729726988013e-01,2.432701284531342198e-02,8.822593491282154643e-02,4.236046459981316903e-01,-1.441564803689472096e-01,5.338643596437489536e-02,-8.757370801539257066e-01,-1.209462101526017769e-01,-9.471264418139749286e-02,3.593279974548871936e-01,-5.480865076386448598e-02,1.282451286480976171e-01,-5.358064749005282679e-02,7.623179787315502443e-02,5.200000000000000178e-01,-1.082883556018015225e+00,3.326191366240306979e-01,-2.945966541022114193e-01,-2.432422583333501975e-01,1.086984727681896551e-01,-1.821633436264358252e-01,5.598066488979486222e-01,-1.105604345319065374e+00,-5.974427568185274318e-01,5.126719810151064705e-01,8.215844928167809202e-02,-1.759839904619724116e-01,-4.104012055720555191e-02,-4.852221842830011789e-01
1.811166994904643904e-02,-1.323766839096539860e-01,7.509752062061082478e-01,-1.665344933342543798e-01,1.947143565970851087e-01,7.075887968436151976e-01,6.585367692439746401e-01,-8.535804413750328612e-01,2.414925051081204949e-02,8.594006127481418345e-02,4.211332287251125517e-01,-1.446126954731583314e-01,5.526226046137910908e-02,-8.765304151167832014e-01,-1.184083428319349790e-01,-8.868701409305089489e-02,3.592073252788827165e-01,-5.348132047402884282e-02,1.264040812375823719e-01,-5.917134844356133211e-02,7.211965986300489240e-02,5.200000000000000178e-01,-1.041894132933646633e+00,3.309662701372793614e-01,-2.985076923548649619e-01,-1.966512174187312056e-01,9.694331573719482120e-02,-1.777245469128895250e-01,5.541818142945813541e-01,-1.102001265957882170e+00,-5.872242218369049249e-01,4.995677937924339340e-01,2.491209171013593349e-02,-1.818249808786320254e-01,-4.638261384500157181e-02,-4.823032868133949602e-01
1.794657475632552984e-02,-1.319174421520015184e-01,7.516394632818144128e-01,-1.652215933226133249e-01,1.943232430574489411e-01,7.070096638995261307e-01,6.596041520944602166e-01,-8.438181240766047253e-01,2.279047061328759102e-02,8.557110450372923394e-02,4.104236606757912798e-01,-1.467810726514350017e-01,5.627022541865935035e-02,-8.712210822374323316e-01,-1.172926839404715149e-01,-8.472537610479671799e-02,3.553017693023022283e-01,-5.488924097588439993e-02,1.246392294132432632e-01,-6.474089656623814582e-02,6.725963781804941699e-02,5.200000000000000178e-01,-9.918917625604246613e-01,3.262515195320450645e-01,-3.026250232451427324e-01,-1.202229675790978808e-01,7.383227724970442551e-02,-1.720806586666674409e-01,5.445285251928327908e-01,-1.104211912324562395e+00,-5.709728277515407902e-01,4.781110987507740662e-01,-5.704925070017336647e-02,-2.058370169032634200e-01,-5.244464983845179701e-02,-4.832819591534778803e-01
1.790886693067752014e-02,-1.317543770840556849e-01,7.510355363951565222e-01,-1.629020011018555980e-01,1.934453161291302126e-01,7.069721461127056461e-01,6.604787902162391200e-01,-8.408031746519023519e-01,2.014658069842018701e-02,8.119695516566292903e-02,4.162376875340138560e-01,-1.538408452133359916e-01,5.366669910490207834e-02,-8.690459851087969367e-01,-1.184153820127557127e-01,-8.228979934191314738e-02,3.620125941662272750e-01,-6.544636591757227451e-02,1.255366448686993652e-01,-7.060535906631251746e-02,6.153428788864564319e-02,5.200000000000000178e-01,-9.342659776177844044e-01,3.066562761941648008e-01,-3.020488375706774087e-01,-1.139536111807494360e-02,3.230992739723948654e-02,-1.772474889628821715e-01,5.220360514876443148e-01,-1.106959504924204918e+00,-5.637208436847138682e-01,4.509485570754884209e-01,-1.771392689034533008e-01,-2.701713725215285078e-01,-4.428317212427389238e-02,-4.789143366887699260e-01
1.793797140265903506e-02,-1.317921461365648972e-01,7.507471982667111021e-01,-1.617953197404460863e-01,1.925420613195189257e-01,7.073138381665230456e-01,6.606488957616282187e-01,-8.371656247121338490e-01,2.025200534499039737e-02,8.252629383779042094e-02,4.152337908206614747e-01,-1.567006215229047872e-01,5.554610016192627897e-02,-8.668136939034774002e-01,-1.185745894275322121e-01,-8.029509950932733897e-02,3.629331336147659237e-01,-6.604180219969964238e-02,1.263289403292047197e-01,-7.566257457981080681e-02,5.879412829908381433e-02,5.200000000000000178e-01,-9.247419101961150689e-01,3.003359602166771336e-01,-3.041580609713085415e-01,2.131300252573448822e-02,2.665106219194716963e-02,-1.798202952586189785e-01,5.197476005502371654e-01,-1.108742151504344298e+00,-5.570533862052160501e-01,4.409296582876151560e-01,-2.265883453268678072e-01,-2.960502162004751137e-01,-4.383577204096723162e-02,-4.784830885963474723e-01
1.797385105193885155e-02,-1.322038843795995122e-01,7.508906553642081816e-01,-1.633310689095248125e-01,1.935498014616447993e-01,7.071622646629524001e-01,6.601385973564901644e-01,-8.415376637659959247e-01,2.014257967768841653e-02,8.098574492365859245e-02,4.141848413667780782e-01,-1.536502066723640925e-01,5.692686566343732602e-02,-8.698128125753092910e-01,-1.177015889124616022e-01,-8.013202786629129715e-02,3.601093169876250499e-01,-6.322627898934127244e-02,1.248116632435617296e-01,-7.309710963732986289e-02,5.664503075276589722e-02,5.200000000000000178e-01,-9.407820177990022792e-01,3.016594278534610041e-01,-3.069264338972007011e-01,-2.756134333190177199e-03,3.277001772963095139e-02,-1.847524305353112350e-01,5.229707717583873539e-01,-1.100329944805951365e+00,-5.611240641004070495e-01,4.527374508742197379e-01,-1.968655857788627617e-01,-2.794828502656162006e-01,-3.647064914593102503e-02,-4.798376966471215033e-01
1.800189794832865453e-02,-1.328773709885838483e-01,7.509276488334405419e-01,-1.647507481401702945e-01,1.953434362445427841e-01,7.061988887051874331e-01,6.602887720497649937e-01,-8.460277565314648918e-01,2.063104050283878430e-02,8.225447426738340118e-02,4.106545235799702320e-01,-1.491383873070397104e-01,5.938965958390459571e-02,-8.756396744588257341e-01,-1.175343797408192059e-01,-8.072222632048962898e-02,3.578052161374578599e-01,-5.651912589778521762e-02,1.230387375308921866e-01,-6.680305381714464474e-02,5.871038559936371526e-02,5.200000000000000178e-01,-9.861762214341659449e-01,3.132101851849046770e-01,-3.096527643916274775e-01,-5.795800857644379384e-02,5.289646970169949169e-02,-1.821458333982068356e-01,5.294445708555889363e-01,-1.090759139409580358e+00,-5.720582951523587312e-01,4.695935424961902305e-01,-1.012779801105989641e-01,-2.269365154491145009e-01,-3.467666932725012308e-02,-4.696153407001688596e-01
1.799591482289960437e-02,-1.338180530024532244e-01,7.497570782901221698e-01,-1.664088232720783156e-01,1.963347638277002927e-01,7.064184635100203558e-01,6.593433994983681767e-01,-8.570298530095650236e-01,2.172075021185502705e-02,8.300760820339167512e-02,4.196908144840281740e-01,-1.498482426299481973e-01,5.584933754548434409e-02,-8.868514737066973685e-01,-1.191481419472649184e-01,-8.394289595083416489e-02,3.690338015599556321e-01,-5.825075568693723754e-02,1.217054448099250258e-01,-5.851913910851336970e-02,6.177481532161319122e-02,5.200000000000000178e-01,-1.026559054282790706e+00,3.217833373876994862e-01,-3.080478983574764240e-01,-1.126348040358326891e-01,7.435494925287675083e-02,-1.797215601764340087e-01,5.398197871773845469e-01,-1.090568894409232215e+00,-5.886295509176393548e-01,4.902975075192357868e-01,-9.882866336719475786e-03,-1.913338006176117378e-01,-3.597853175897979677e-02,-4.697125905835369819e-01
1.799596864510919630e-02,-1.347780177668419233e-01,7.492229860815756703e-01,-1.665564832115561666e-01,1.968537690264838547e-01,7.062493314855033955e-01,6.593325513703574003e-01,-8.620832656065091637e-01,2.202677311010246136e-02,8.458669183138099734e-02,4.246194493744284149e-01,-1.494085442089418403e-01,5.580612565609967962e-02,-8.906792162577442662e-01,-1.207568261918745833e-01,-8.700630910704125476e-02,3.713041851547888572e-01,-5.855476523815149326e-02,1.218365539308470663e-01,-5.313151936410108467e-02,6.618925731576122407e-02,5.200000000000000178e-01,-1.046366640803139125e+00,3.256489399545086649e-01,-2.980765926183511216e-01,-1.390515554633691142e-01,8.687248385404340578e-02,-1.760643533239086844e-01,5.503494656332046375e-01,-1.092579456228791379e+00,-6.023812659233960254e-01,5.017662902641956135e-01,4.822712105049965087e-02,-1.787588084262554389e-01,-3.793199609653770399e-02,-4.715096719926210600e-01
1.803918025311532572e-02,-1.355926187602010113e-01,7.489248925327222084e-01,-1.671628099221609542e-01,1.967374948508723576e-01,7.063265204501125716e-01,6.591310944019910245e-01,-8.666046880530934304e-01,2.339080616641957613e-02,8.537926706148371570e-02,4.291655970761233396e-01,-1.488393284270186634e-01,5.814028624747855784e-02,-8.933947215568763811e-01,-1.203646704652738403e-01,-8.813805176792971485e-02,3.727015562553573913e-01,-5.631919356207962246e-02,1.253385905981738158e-01,-5.272085848192682722e-02,6.809770580147672669e-02,5.200000000000000178e-01,-1.057659376584803024e+00,3.296611960564266308e-01,-2.913444657450965924e-01,-1.569277906052068960e-01,9.649708250434026191e-02,-1.731030259093966350e-01,5.577777653993930551e-01,-1.092783904340626444e+00,-6.066782184910519682e-01,5.102362168385220498e-01,7.520385672274769451e-02,-1.745367870687349054e-01,-3.789063739604946190e-02,-4.728810677299131182e-01
1.817303569608569314e-02,-1.361356802818345368e-01,7.487137295212425991e-01,-1.676339050737330194e-01,1.970353359275972827e-01,7.063741648465564626e-01,6.588713755377134662e-01,-8.698576806419426877e-01,2.371108312876805263e-02,8.555126327089918048e-02,4.311936239041662122e-01,-1.479975741125226507e-01,5.938554511316736922e-02,-8.950702988134490168e-01,-1.205654071856856330e-01,-8.947559529431187153e-02,3.720461511028604895e-01,-5.534495390343918686e-02,1.273989911310681733e-01,-5.221798655173552628e-02,6.882550454338799695e-02,5.200000000000000178e-01,-1.062079859262829107e+00,3.338555446920642988e-01,-2.872853164441429019e-01,-1.653978975840182941e-01,1.008260119324777271e-01,-1.714784246330389172e-01,5.621863656132934928e-01,-1.091394093226835116e+00,-6.085424156956483754e-01,5.130891406391538956e-01,8.904982078365449027e-02,-1.709265925302235756e-01,-3.870737804637178897e-02,-4.743300581948259875e-01
1.841533418614648560e-02,-1.363788833163092906e-01,7.484569830747579422e-01,-1.674804750736325898e-01,1.973431009466554698e-01,7.063559578628014757e-01,6.588378038406658144e-01,-8.719612624721976291e-01,2.328963169877042161e-02,8.482510232798290417e-02,4.340003888980457081e-01,-1.480243684418896255e-01,6.023518409966861775e-02,-8.962200911887105992e-01,-1.212123789555099723e-01,-9.022417918265683567e-02,3.731107222808632828e-01,-5.691302114057386619e-02,1.280809594817927111e-01,-5.105286839230888107e-02,6.860255510670963675e-02,5.200000000000000178e-01,-1.064147413379825435e+00,3.366420777493175365e-01,-2.848362681570825172e-01,-1.722564425502504104e-01,1.035644569163083756e-01,-1.725496585762187063e-01,5.660367019393874877e-01,-1.087679526442645317e+00,-6.109066818137735000e-01,5.133533538104018135e-01,9.640191229559644248e-02,-1.684802272514061283e-01,-3.951305219862592810e-02,-4.734291064432276652e-01
1.875771259880827310e-02,-1.363055317588421356e-01,7.482743294747439267e-01,-1.673245059952606917e-01,1.977219167012173040e-01,7.066653389213366498e-01,6.584319646832389461e-01,-8.732756570947767250e-01,2.232371512114078235e-02,8.378828908907604012e-02,4.355987357254502701e-01,-1.472505908107847594e-01,5.797204594381486636e-02,-8.970257998265211974e-01,-1.223152428789793522e-01,-9.089827222518555294e-02,3.747656867153337235e-01,-5.978268782061350178e-02,1.276502659703074027e-01,-4.982572173695076767e-02,7.008953501428831501e-02,5.200000000000000178e-01,-1.065076411759663388e+00,3.380194586041932459e-01,-2.876106529522729494e-01,-1.755963108422867736e-01,1.027268326615225214e-01,-1.734809072725280177e-01,5.658494517794360190e-01,-1.085134143764957315e+00,-6.137580828248145881e-01,5.126834849993374688e-01,1.016012871016795938e-01,-1.661264054727944472e-01,-3.996363119615408549e-02,-4.713935150652822093e-01
1.919351076182049254e-02,-1.359830058024201482e-01,7.481461288384261277e-01,-1.670754525027002280e-01,1.980903984227053161e-01,7.067082276179266209e-01,6.583384146781040558e-01,-8.738756366231403838e-01,2.187942116696034792e-02,8.302444693151300736e-02,4.372327129878825769e-01,-1.472140030052911108e-01,5.678157103975652736e-02,-8.979494168469370763e-01,-1.225127069578522687e-01,-8.990282104226975102e-02,3.772565852414008214e-01,-6.274795685733863815e-02,1.267468090737779440e-01,-4.988875149912706808e-02,7.033092249988896760e-02,5.200000000000000178e-01,-1.058838418588306851e+00,3.385249980820389526e-01,-2.922914965143549870e-01,-1.692216011206104376e-01,1.008443614237554131e-01,-1.742560181226336102e-01,5.647358708759584456e-01,-1.084099923853997005e+00,-6.164546235235695004e-01,5.113926598537172907e-01,9.767222300547040437e-02,-1.632588916165031712e-01,-4.328685728184127751e-02,-4.685018803295986078e-01
1.968064632962459107e-02,-1.355325454526040974e-01,7.481018315334442281e-01,-1.666271996302639835e-01,1.982585791918203555e-01,7.068414114062409048e-01,6.582584076496469372e-01,-8.737441645042546279e-01,2.134486414712945951e-02,8.192347142150829820e-02,4.391919767694508758e-01,-1.475599703978390520e-01,5.588458916198214138e-02,-8.980710247986366523e-01,-1.220633459733493215e-01,-8.681955647089870109e-02,3.798966644943336246e-01,-6.675637180156990258e-02,1.243793272202309147e-01,-5.203827979553445754e-02,6.873793679598261264e-02,5.200000000000000178e-01,-1.039642097650191443e+00,3.360863761858423060e-01,-2.969997081657201332e-01,-1.474134344909282524e-01,9.260519066721485670e-02,-1.752736656526850401e-01,5.597253657814901251e-01,-1.083325723179693334e+00,-6.156367169913445903e-01,5.056462591506025728e-01,7.805457992805583944e-02,-1.602876640542864606e-01,-4.845058535256424603e-02,-4.646914252053060967e-01
2.016512476416233018e-02,-1.350783372716299613e-01,7.481104049632331110e-01,-1.660570780153189374e-01,1.984188312728504544e-01,7.066836890128855853e-01,6.585234831959055901e-01,-8.733468377066035959e-01,2.031638777130966717e-02,7.870397589473314415e-02,4.413723965266267979e-01,-1.487622065701444951e-01,5.726089546290042548e-02,-8.984100528467489077e-01,-1.206763957557169531e-01,-8.169495825419102741e-02,3.829631625381537674e-01,-7.036326254415341264e-02,1.217002435610043259e-01,-5.664461823377801852e-02,6.503883872344999595e-02,5.200000000000000178e-01,-1.011910529180420015e+00,3.306583431681506813e-01,-3.069527840036384569e-01,-1.048121329213195368e-01,7.866285476777111485e-02,-1.737583297712165242e-01,5.513121490470688224e-01,-1.088139163772524842e+00,-6.084708488288614880e-01,4.970887062002206647e-01,3.350698147536808336e-02,-1.605074621523953637e-01,-5.452087256890701672e-02,-4.581136304579293550e-01
2.060797434427215705e-02,-1.348219546903384747e-01,7.483687712830772165e-01,-1.639535332327743122e-01,1.968558658043129406e-01,7.064805261112339085e-01,6.597365180619584324e-01,-8.670141414695807791e-01,2.055030304476800074e-02,7.718539076800107201e-02,4.431452327186055085e-01,-1.534028350626667203e-01,6.171451875563278844e-02,-8.940654585143765765e-01,-1.178549733894145857e-01,-7.530631330028920989e-02,3.865750402344976799e-01,-7.378923834234400736e-02,1.197578070375790033e-01,-6.328062030352121781e-02,6.001050348335385670e-02,5.200000000000000178e-01,-9.690738129794004285e-01,3.194454211959695256e-01,-3.120104564048716278e-01,-2.356280971938579799e-02,4.303217739940581876e-02,-1.705412357343060181e-01,5.349657269974845697e-01,-1.092619932963648344e+00,-5.950208408255609482e-01,4.738105684779020388e-01,-3.719180004114471666e-02,-1.716673562629373040e-01,-5.782525924126152156e-02,-4.575094950243231984e-01
2.098911807941216193e-02,-1.348548910980248428e-01,7.476550209588382900e-01,-1.612415006364648074e-01,1.947117137800477016e-01,7.074221718484133836e-01,6.600321187386343214e-01,-8.634392675596270772e-01,1.894261080776129050e-02,7.304491593107358127e-02,4.517209963346334733e-01,-1.611546252449710115e-01,6.010062659315691669e-02,-8.908405477160659114e-01,-1.183532087805395372e-01,-7.284028790822846822e-02,3.969066471401346274e-01,-8.511560809152161899e-02,1.203851447492746973e-01,-6.847277134078291749e-02,5.660351105786512460e-02,5.200000000000000178e-01,-9.333440814464448732e-01,3.091304061692926597e-01,-3.208119653590019160e-01,7.293202436728674076e-02,1.822462843363975224e-02,-1.648458178412414155e-01,5.093776094023925172e-01,-1.107273448266360649e+00,-5.901116822278517082e-01,4.474523301429408351e-01,-1.349120233948931935e-01,-2.276884381378359024e-01,-5.374515033441033818e-02,-4.577482666650325993e-01
2.136080736902524688e-02,-1.351534234140143731e-01,7.464253755275535029e-01,-1.598850008587468230e-01,1.926625717200375898e-01,7.084695452449467634e-01,6.598399983473549613e-01,-8.657277702687533605e-01,2.014255539013694307e-02,7.222400879122047035e-02,4.657514264144879124e-01,-1.704791222755990265e-01,6.559670440396032920e-02,-8.923629117624047868e-01,-1.184626387291042582e-01,-7.253587141808187644e-02,4.105703535230187384e-01,-9.331210300908823752e-02,1.221006249177904179e-01,-7.489708426383349937e-02,5.318345110535813852e-02,5.200000000000000178e-01,-9.214485826787897071e-01,3.118420608782042636e-01,-3.335596252138333662e-01,1.386585259518077484e-01,6.225909152685847429e-03,-1.620728233107190663e-01,4.897221414056570632e-01,-1.128086134050126477e+00,-5.873437120194454630e-01,4.314176162272465032e-01,-2.250610547284834229e-01,-2.719374301881588019e-01,-5.619004550018730920e-02,-4.608961019486417232e-01
2.170117730630624284e-02,-1.356798749937398740e-01,7.455697672355992012e-01,-1.587256157950325819e-01,1.918694149237938074e-01,7.089092065144153576e-01,6.598788096509764500e-01,-8.685579997728679613e-01,2.033628749394652754e-02,7.228853863561257587e-02,4.759873073952261557e-01,-1.747287601351250608e-01,6.740850555887349660e-02,-8.948043551563280573e-01,-1.197853256900607150e-01,-7.388536337075965466e-02,4.201491619501535046e-01,-9.793030402647291688e-02,1.215306141913891913e-01,-7.560599165273924893e-02,5.262381399581350649e-02,5.200000000000000178e-01,-9.218689253407703621e-01,3.108437686370857378e-01,-3.461612346338407975e-01,1.639711265383118066e-01,4.167758400541996845e-03,-1.643864725583513708e-01,4.749463550943071599e-01,-1.144431900501824417e+00,-5.858299991291916475e-01,4.240739486467235420e-01,-2.644062409908324862e-01,-2.836567188683699059e-01,-5.824249634375811696e-02,-4.601518752542015922e-01
2.202012533359372706e-02,-1.363930095741481274e-01,7.450342029518128850e-01,-1.581392637063853135e-01,1.930876393319960194e-01,7.086711536781473697e-01,6.599199442023868656e-01,-8.733667214104549048e-01,1.731126523593674166e-02,6.888643072186435845e-02,4.814198524350414843e-01,-1.738282899390607983e-01,6.632054944347016978e-02,-9.001260048608316078e-01,-1.214936462604778444e-01,-7.169595980784036759e-02,4.261537340899839710e-01,-1.014341747171949720e-01,1.205011037989572181e-01,-7.018059620575546609e-02,5.712496017204399257e-02,5.200000000000000178e-01,-9.350916166699161369e-01,3.055976098020956599e-01,-3.516749948737802889e-01,1.423451975064203290e-01,8.975366660835721461e-03,-1.696856474351100263e-01,4.741642936344353521e-01,-1.152379031250759134e+00,-5.940382590969451870e-01,4.333884508008384873e-01,-2.374476212624542781e-01,-2.814357886738156345e-01,-4.920418065978883482e-02,-4.668883556726324269e-01
2.237858581815924466e-02,-1.372269492553991888e-01,7.450012715200415858e-01,-1.585038174983082193e-01,1.939529549628416782e-01,7.092808855448672345e-01,6.589229215168735942e-01,-8.798884041093044672e-01,1.489806093505289912e-02,6.536781858191842431e-02,4.865925893250045986e-01,-1.685726778788131652e-01,6.834614781241814263e-02,-9.047488875206531889e-01,-1.231489577802885871e-01,-7.161857195287542333e-02,4.293597263201179293e-01,-9.971299022877666562e-02,1.177600205709547626e-01,-5.875431053803861770e-02,6.655483299975736844e-02,5.200000000000000178e-01,-9.645056372513411969e-01,3.027775178245095677e-01,-3.490222730789031558e-01,9.017611932041719180e-02,1.350648569233223184e-02,-1.780880811655186358e-01,4.839818422608084258e-01,-1.144406018196301611e+00,-6.134747874284758318e-01,4.514635457057442069e-01,-1.319125832012265631e-01,-2.480912413508855885e-01,-3.686615545616367395e-02,-4.699980622179476542e-01
2.281602615552531105e-02,-1.381755058998944685e-01,7.439506829238045071e-01,-1.602159914668140894e-01,1.959993062504077066e-01,7.087397580786566342e-01,6.584854313849851648e-01,-8.940431199358167547e-01,1.528247379162052562e-02,6.409318931121009422e-02,4.984973435635273731e-01,-1.664988471818537596e-01,7.275810556463188639e-02,-9.173307739865306232e-01,-1.238038576769141808e-01,-7.227398469211922249e-02,4.379974102572167238e-01,-9.943538752356889665e-02,1.142462883516312810e-01,-4.562650220828629033e-02,8.083817064055533186e-02,5.200000000000000178e-01,-1.006795891048674285e+00,3.078009988213934456e-01,-3.552306631966001826e-01,2.513516162301428908e-02,3.008778350149189651e-02,-1.790179550170657441e-01,4.946552087202806258e-01,-1.148469597592080893e+00,-6.294625521406135293e-01,4.815646853828545737e-01,4.218874740553128430e-03,-1.873944620990888599e-01,-4.308086730492426131e-02,-4.702068647608597662e-01
2.330042153216258308e-02,-1.390997263346570589e-01,7.430811793009904909e-01,-1.612496632452659062e-01,1.975584196513643087e-01,7.092828995306814654e-01,6.571810902342619665e-01,-9.008214144273766211e-01,1.415387540515378531e-02,6.476455795934213389e-02,4.999112690118926450e-01,-1.660963639133940517e-01,6.819589421396905771e-02,-9.240252989367695458e-01,-1.272846397055291401e-01,-7.762016680374186905e-02,4.413520732062350960e-01,-1.025516348535102790e-01,1.127656938100796008e-01,-3.679625180378073845e-02,9.045953756729308015e-02,5.200000000000000178e-01,-1.033808146003101669e+00,3.140646802568359819e-01,-3.511714826057358851e-01,-2.548897834641255383e-02,4.453581418072966730e-02,-1.818230375621011641e-01,5.042158117820164653e-01,-1.151144717317006183e+00,-6.395825884690170549e-01,5.001011685397227513e-01,8.253516637107229104e-02,-1.578323702577855148e-01,-4.717420935033456164e-02,-4.713385229846652758e-01
2.387904666289687380e-02,-1.399786816755639318e-01,7.423904826048639549e-01,-1.612668267996444360e-01,1.975447504882727745e-01,7.102883177717190799e-01,6.560941912298272616e-01,-9.055953831295922019e-01,1.423860063756884897e-02,6.581230785308306297e-02,5.052787638047805396e-01,-1.656044126640906500e-01,6.877878825210897995e-02,-9.271641283615561502e-01,-1.297324642302772613e-01,-8.170312164856670389e-02,4.459489961025079330e-01,-1.049543118764535432e-01,1.132156056909122133e-01,-3.083612124389676842e-02,1.008697038688715353e-01,5.200000000000000178e-01,-1.052257997461861327e+00,3.180587670438125847e-01,-3.486006161816650462e-01,-5.950095177220677406e-02,4.815846886487096246e-02,-1.803609998548578175e-01,5.055823835991811732e-01,-1.158014070023356767e+00,-6.493106780480012441e-01,5.144371707181135678e-01,1.294070003982459582e-01,-1.511289844356106249e-01,-4.793930860496870699e-02,-4.739913111191379480e-01
2.452052020797675785e-02,-1.406494399661081807e-01,7.420440326122975661e-01,-1.617168368386686650e-01,1.975505037722760093e-01,7.113043069357437576e-01,6.548798714855089687e-01,-9.098092228849105068e-01,1.396165574768173760e-02,6.448114100917867741e-02,5.083507720903353011e-01,-1.632012245058890310e-01,6.856524537249535090e-02,-9.296774002451042573e-01,-1.309799624677890351e-01,-8.445504282442879707e-02,4.486028672530696371e-01,-1.051632284955825725e-01,1.130401298575611918e-01,-2.758234456752736014e-02,1.080500217590751599e-01,5.200000000000000178e-01,-1.063001436621119566e+00,3.178674605840973166e-01,-3.429400373219956277e-01,-7.791954459438607539e-02,5.105169546142397652e-02,-1.794888634277705675e-01,5.079217796436215071e-01,-1.158984448694206248e+00,-6.486754690982499127e-01,5.172918279631646410e-01,1.483400483200037201e-01,-1.473748668415685859e-01,-4.744710160161322993e-02,-4.800592938599349546e-01
2.520596425656230696e-02,-1.410442015629199131e-01,7.416326529650265620e-01,-1.622252471821934439e-01,1.978737507970282083e-01,7.119934981175587430e-01,6.539068791200423059e-01,-9.132664339284927157e-01,1.376572538487293856e-02,6.313527086875786454e-02,5.098086469765581441e-01,-1.622192508664584976e-01,6.871795772401369240e-02,-9.327352603434052591e-01,-1.319257380850678008e-01,-8.642850170294462397e-02,4.513150626898517759e-01,-1.057437331500596656e-01,1.112793246999977809e-01,-2.579551367214072757e-02,1.124384114461209894e-01,5.200000000000000178e-01,-1.071493741875816808e+00,3.184562730004611431e-01,-3.387480113061470677e-01,-8.656974434689762576e-02,5.362065955019634789e-02,-1.782832468336112974e-01,5.118512792776231946e-01,-1.159100857697034526e+00,-6.493549258775078714e-01,5.173722887217276911e-01,1.560676831568745815e-01,-1.438652148573568990e-01,-4.716107387592076428e-02,-4.803451680839815885e-01
2.589628808166546947e-02,-1.411157578922843658e-01,7.413550173713985281e-01,-1.628698579555556691e-01,1.984174894304763237e-01,7.125711782003830708e-01,6.529519318110347248e-01,-9.158266593924072607e-01,1.353015226118000486e-02,6.202905972964987968e-02,5.096658389036599068e-01,-1.616775218064648578e-01,6.770541706938618121e-02,-9.351274698020042297e-01,-1.323748444364077625e-01,-8.724672583763085076e-02,4.528157388685966067e-01,-1.078291280894916604e-01,1.090787335290973603e-01,-2.505678549739841915e-02,1.140247987447858546e-01,5.200000000000000178e-01,-1.073358689788760367e+00,3.203124273036431768e-01,-3.366001514500814862e-01,-8.601758366807218947e-02,5.395128967340580978e-02,-1.785331638210874150e-01,5.179660026597974198e-01,-1.159246938539992389e+00,-6.517077327852309754e-01,5.160767056440395129e-01,1.563584578251180635e-01,-1.385363217190432872e-01,-4.919147391014429271e-02,-4.802572496515505884e-01
2.654042325172396508e-02,-1.408627781564079917e-01,7.411427064107205531e-01,-1.630346070400790492e-01,1.991186160367664215e-01,7.126630314115233178e-01,6.525970405343775038e-01,-9.176047841209902245e-01,1.284794284144722201e-02,6.014730028947663787e-02,5.104726681221241069e-01,-1.609473348756892130e-01,6.721775298662946430e-02,-9.374979155629377114e-01,-1.319896636972046067e-01,-8.499822315543004159e-02,4.555129528095758218e-01,-1.107211548155233871e-01,1.067477985276783364e-01,-2.553239435838489807e-02,1.128330298744835009e-01,5.200000000000000178e-01,-1.068407057081184552e+00,3.219711391538121470e-01,-3.375311032681470591e-01,-7.758210059578457551e-02,5.230891988218543814e-02,-1.799066294099996299e-01,5.236466189303091712e-01,-1.162216967358991049e+00,-6.557547533536716156e-01,5.170591344412514001e-01,1.499386904606623550e-01,-1.338207638672340993e-01,-5.284310113311911639e-02,-4.769870431308659842e-01
2.706433416148178867e-02,-1.403280856796511600e-01,7.410412877668496323e-01,-1.633558637220293430e-01,2.001975284023560231e-01,7.123267178111927223e-01,6.525537974002992847e-01,-9.189656706421375221e-01,1.242394007931724859e-02,5.909180173289493854e-02,5.101432414764385248e-01,-1.604031763739136307e-01,6.640393622057517986e-02,-9.403458484166834497e-01,-1.315912751560461003e-01,-8.313532032341432176e-02,4.580616011140127841e-01,-1.133139462654547402e-01,1.047997354727111807e-01,-2.784624257649485554e-02,1.100530979532553383e-01,5.200000000000000178e-01,-1.054044966065030176e+00,3.235690329612508354e-01,-3.400809320113362122e-01,-5.535926082181517882e-02,4.621107788419052259e-02,-1.804489468192569390e-01,5.267999585643892146e-01,-1.167411599894563778e+00,-6.592871349631650446e-01,5.136995302891355086e-01,1.261589338180653386e-01,-1.321007405122894829e-01,-5.894284900291484747e-02,-4.738935691918183535e-01
2.743532022067926568e-02,-1.396129939108395612e-01,7.409557373555433202e-01,-1.636646914273577613e-01,2.010484337958324264e-01,7.120863421457253040e-01,6.524771546788066257e-01,-9.216967807926491618e-01,1.126055379264588770e-02,5.572819247535334281e-02,5.135247718330033795e-01,-1.594668493209097093e-01,6.684789492197470984e-02,-9.428854534542320254e-01,-1.303033346678330873e-01,-7.858161348314059158e-02,4.612325488823703079e-01,-1.165699355016587557e-01,1.011686955807535454e-01,-3.291399065382849543e-02,1.048555144506767567e-01,5.200000000000000178e-01,-1.030254402520695223e+00,3.193677503088762082e-01,-3.488347314105749164e-01,-1.036781245034407682e-02,3.046782829070429285e-02,-1.790822545891042061e-01,5.193720962514818407e-01,-1.181951030810237668e+00,-6.558525474384085951e-01,5.032841061999937526e-01,8.131673349359383463e-02,-1.350327200219386958e-01,-6.520063733367587044e-02,-4.739889911993225846e-01
2.760013040560054323e-02,-1.388495179945995195e-01,7.416083831774140656e-01,-1.645438625913313302e-01,2.014702492188036320e-01,7.121961070428753926e-01,6.520059517183958153e-01,-9.193770353095297443e-01,9.420129988041182900e-03,5.040127228034887302e-02,5.071424484916713382e-01,-1.592007174868681485e-01,6.394582340981357083e-02,-9.402317168735355724e-01,-1.284188745474322824e-01,-7.620595049136968946e-02,4.559930281910721250e-01,-1.188524704453283176e-01,1.033109501487121940e-01,-3.805635140300794167e-02,9.933309797914341432e-02,5.200000000000000178e-01,-9.910182001647939165e-01,3.168093749596728737e-01,-3.582078384351181088e-01,6.752787625114602121e-02,1.016228598577283496e-02,-1.746597996413800369e-01,5.014068258139636747e-01,-1.205085182982116532e+00,-6.558539498794063727e-01,4.876461360949249646e-01,1.926698036772569924e-03,-1.680621872730333755e-01,-6.409380458783289769e-02,-4.732240300589009019e-01
2.765510432368880472e-02,-1.382109439161741393e-01,7.407307876534214852e-01,-1.654936319546208012e-01,2.023457866172908848e-01,7.125317919599905014e-01,6.511270888751157226e-01,-9.223432036196492767e-01,8.596249912734872309e-03,4.984219385289135468e-02,5.082796258788400134e-01,-1.651129577576604945e-01,6.373468103322972589e-02,-9.437756031513672150e-01,-1.294571583051907504e-01,-7.617439574808988756e-02,4.602253568157432251e-01,-1.281424039115594549e-01,1.048319656938724170e-01,-4.696788734594469633e-02,9.089305471488651200e-02,5.200000000000000178e-01,-9.563497784255668988e-01,3.256227840550205976e-01,-3.774855968823179753e-01,1.681296562888628110e-01,-1.619547006317115234e-02,-1.640351492558602409e-01,4.492971830222651231e-01,-1.240780744904925736e+00,-6.612156304289582565e-01,4.640364797781462158e-01,-1.467639063719296255e-01,-2.346028683484990551e-01,-6.138843643414306633e-02,-4.653444404858538830e-01
2.766773596325437443e-02,-1.376841308343803860e-01,7.398938799206969952e-01,-1.671674308726341096e-01,2.015128128139802854e-01,7.129620061156275446e-01,6.504865979886292893e-01,-9.231332957343949541e-01,1.133023079681248942e-02,4.895969415330599095e-02,5.081921385286376491e-01,-1.754108353047240387e-01,6.627129164069149592e-02,-9.462997793313583372e-01,-1.275848388481618800e-01,-7.829636535953955756e-02,4.654501033349568440e-01,-1.308828192144676772e-01,1.116875978449381607e-01,-5.221311222523893764e-02,8.457791804322870033e-02,5.200000000000000178e-01,-9.280682926095424889e-01,3.314383610721569617e-01,-3.927534477002618818e-01,2.433124646613345210e-01,-2.139284141590307511e-02,-1.511638126580630570e-01,4.195922041167708394e-01,-1.280714374716320547e+00,-6.594667029421628079e-01,4.491252829354143716e-01,-2.695987986410880444e-01,-2.620286943530737434e-01,-7.696263406699449527e-02,-4.656249413323428898e-01
2.770640454820111689e-02,-1.373006397292968750e-01,7.379189848320979461e-01,-1.699968778048406293e-01,2.010344361264496393e-01,7.129675082501522043e-01,6.498950293758952723e-01,-9.333579776401409456e-01,1.604533630188914942e-02,4.750046085538403573e-02,5.212533348545681511e-01,-1.905688811745857858e-01,6.878651694603066247e-02,-9.585712830923979189e-01,-1.240067619642233471e-01,-7.767759437130572486e-02,4.834412925068533595e-01,-1.365336022628557133e-01,1.095224127339601838e-01,-5.448283164240336207e-02,8.341564145765285876e-02,5.200000000000000178e-01,-9.138795010882064807e-01,3.353714816092441819e-01,-4.030715230190646814e-01,2.819042902284699670e-01,-2.168018669003969959e-02,-1.490010034791268145e-01,4.047336588465927920e-01,-1.307050328928814009e+00,-6.530690851640885697e-01,4.350656562079898704e-01,-3.558188744843355789e-01,-2.678847848833652567e-01,-8.856430813820892478e-02,-4.728788365602914490e-01
2.792262145719302813e-02,-1.370147072580730485e-01,7.363472422301448050e-01,-1.724076714659817378e-01,2.016446887641029362e-01,7.124797293408348109e-01,6.496057647460624640e-01,-9.439663210764275281e-01,2.035172553280716057e-02,4.939226590121710558e-02,5.336646830680036313e-01,-2.009006412712960876e-01,6.857482109695131611e-02,-9.684685071013373614e-01,-1.212395124271360564e-01,-7.693577413106982010e-02,4.938198233652009161e-01,-1.420948447275058868e-01,1.087855947249882216e-01,-5.425020941800418051e-02,8.292261172596759877e-02,5.200000000000000178e-01,-9.103802492508633604e-01,3.346216394395366556e-01,-4.112511798190638945e-01,3.055623116832172359e-01,-2.192251680992581692e-02,-1.443649034198543624e-01,3.925269240711013463e-01,-1.324358494190094326e+00,-6.461075084660983237e-01,4.258994246297059805e-01,-3.881957213296976517e-01,-2.676437726958074137e-01,-9.065089977931992116e-02,-4.756536005594623195e-01
2.837997394491224845e-02,-1.368745816056636255e-01,7.352328884994128178e-01,-1.737197518913241034e-01,2.025473686124538708e-01,7.116716314768473106e-01,6.498611391844182350e-01,-9.526388436207200439e-01,2.320547838724516809e-02,5.045075026153379716e-02,5.448627654781524887e-01,-2.066665082129860442e-01,6.916034146574076558e-02,-9.767502565318925134e-01,-1.194953803278304555e-01,-7.664863062765180091e-02,5.028056139327230500e-01,-1.460665730726827816e-01,1.075272505659884137e-01,-5.411975566308770136e-02,8.228923297979942597e-02,5.200000000000000178e-01,-9.142465708827564042e-01,3.305958456287901304e-01,-4.113134862033288597e-01,3.066850826910539340e-01,-2.426641972928195862e-02,-1.441458726838779070e-01,3.910540128661516568e-01,-1.330253601026677224e+00,-6.437777511304056954e-01,4.258097358371121244e-01,-3.952286922145291648e-01,-2.654375599712516243e-01,-9.184609226583020924e-02,-4.750503915787024911e-01
2.910983560400305648e-02,-1.368988725169087151e-01,7.350837297452433861e-01,-1.734295750883904363e-01,2.043886929781365269e-01,7.106684311233701923e-01,6.504597033421801733e-01,-9.576771162534232218e-01,2.221168736978373220e-02,5.010920307867264278e-02,5.507108446892363673e-01,-2.025803699653236367e-01,6.880652832623440629e-02,-9.811978003285561911e-01,-1.201495162682073431e-01,-7.612824101506476815e-02,5.056025589619681515e-01,-1.475420022083819560e-01,1.059214603601496552e-01,-5.374687201902870332e-02,8.119666485981788528e-02,5.200000000000000178e-01,-9.235268963760235872e-01,3.252624938830773749e-01,-4.080180974819287432e-01,2.898913304621182352e-01,-2.894404760609409905e-02,-1.496311440785557112e-01,3.920376019112009613e-01,-1.322786490476737464e+00,-6.439936646960919830e-01,4.315910205844540881e-01,-3.701325853999857252e-01,-2.581290618579323848e-01,-8.932052005487317592e-02,-4.709783264293422866e-01
3.004692632755846804e-02,-1.371239373618062252e-01,7.359836150619453177e-01,-1.727870921734099841e-01,2.072250994215318054e-01,7.097644717231270661e-01,6.507201961116496625e-01,-9.583012789914526763e-01,1.949651069094575015e-02,5.238072107436398533e-02,5.453014158519758903e-01,-1.912055550264862569e-01,7.121718609747137996e-02,-9.817946808839835837e-01,-1.225897924596705685e-01,-7.647274331121660385e-02,4.983319917876497529e-01,-1.445993114583198624e-01,1.065607717601341070e-01,-5.241840415729263208e-02,8.063625191246449886e-02,5.200000000000000178e-01,-9.370493790595473271e-01,3.149216592785221147e-01,-3.872400694137430044e-01,2.383233566298117445e-01,-3.649170204113463128e-02,-1.617284297636916446e-01,4.099966794604449349e-01,-1.295631902736287921e+00,-6.458648210305710791e-01,4.426511637368144014e-01,-2.978273174621524633e-01,-2.567273128045534647e-01,-7.295385898991051110e-02,-4.685896617463077840e-01
3.105813891454714537e-02,-1.376076834880725908e-01,7.369208874944774834e-01,-1.714267642297828409e-01,2.095720783332909454e-01,7.093902166885617255e-01,6.507364512268590806e-01,-9.592897591779216970e-01,1.580090472255094025e-02,5.301696440795918702e-02,5.428830868091105710e-01,-1.768434832911158217e-01,6.525363364992768644e-02,-9.812154822408652999e-01,-1.264783915103068479e-01,-7.845168681685806000e-02,4.916315771543324220e-01,-1.411088996953042130e-01,1.025258438623340707e-01,-4.700118425342678097e-02,8.509459124946165687e-02,5.200000000000000178e-01,-9.605426375246736148e-01,3.020765915805549429e-01,-3.546415806434047302e-01,1.552204274111184112e-01,-4.514860244800952827e-02,-1.751071662220381187e-01,4.416706075948232391e-01,-1.257778860207699578e+00,-6.531236647652729488e-01,4.678502590497277680e-01,-1.316430436356137434e-01,-2.315753205874996890e-01,-4.628102019368155601e-02,-4.737647918052833584e-01
3.207228350576955822e-02,-1.383489803423781639e-01,7.366030936208557423e-01,-1.710198920689612878e-01,2.104038048318207788e-01,7.088433434946999068e-01,6.511709067612493351e-01,-9.658717310274422818e-01,1.753838058975864742e-02,5.506290792020240160e-02,5.522246044328097403e-01,-1.711070460889392020e-01,6.562119345821616767e-02,-9.866082813073729918e-01,-1.278697373319008790e-01,-8.310635176754709030e-02,4.975246959686835391e-01,-1.383059114532008416e-01,9.576862030650271085e-02,-3.521535373388244572e-02,9.178734429819870866e-02,5.200000000000000178e-01,-9.981574136440207745e-01,2.933361574618092438e-01,-3.302840423917054458e-01,7.415760224538206491e-02,-3.354753682354884997e-02,-1.893168096319980120e-01,4.940531726756579034e-01,-1.220948878587980069e+00,-6.526024356343612665e-01,5.091005961006634939e-01,6.205877290026573512e-02,-1.456076440078505063e-01,-4.998123381960736800e-02,-4.664027246605486066e-01
3.296692479199244546e-02,-1.392757982447226650e-01,7.360430606162869926e-01,-1.691346264210715766e-01,2.081491419732350578e-01,7.103270401894080655e-01,6.507710110453325258e-01,-9.662886953057032713e-01,1.959427794616959428e-02,5.712831405279167329e-02,5.621782899647121967e-01,-1.709166582100956899e-01,6.506277147588804266e-02,-9.820111414735296362e-01,-1.297553116460629097e-01,-8.879622309913146050e-02,4.993842207946287970e-01,-1.407733717654707228e-01,8.871791175773210969e-02,-2.865074479264245050e-02,9.521750000336451358e-02,5.200000000000000178e-01,-1.030053089261803390e+00,2.998333020016922257e-01,-3.172179300718482864e-01,2.110391411002941753e-02,-1.511963821335677791e-02,-1.916417723798435335e-01,5.173685939638986708e-01,-1.200709158944244681e+00,-6.579830422789677558e-01,5.409519175182578854e-01,1.854562732019499061e-01,-1.066836091286409438e-01,-5.317709065133159607e-02,-4.518727201239474689e-01
3.362774233863494167e-02,-1.401317452906343519e-01,7.354509368609196684e-01,-1.680638005514704103e-01,2.062968146598974373e-01,7.113293955664475865e-01,6.505433684301507036e-01,-9.663368367640620127e-01,2.247234252671197891e-02,5.981498614171842920e-02,5.682942262523603683e-01,-1.732255972794044807e-01,6.440385068986895223e-02,-9.796365094834116327e-01,-1.308629805922586486e-01,-9.459042237689964383e-02,5.021871830132268455e-01,-1.427457936642982095e-01,8.590377713218874667e-02,-2.637895988873598802e-02,9.628120518201585543e-02,5.200000000000000178e-01,-1.053585671710852489e+00,3.029834401853758741e-01,-3.022323916796978982e-01,-1.776678719576234994e-02,-7.382982622257922879e-03,-1.914061772399907047e-01,5.337058233789491180e-01,-1.190480630940438544e+00,-6.597471463925742574e-01,5.608176153856034851e-01,2.490303369007770551e-01,-8.417604497753659876e-02,-6.098308707538919321e-02,-4.445982966410464976e-01
3.403703817838705376e-02,-1.406481257028563692e-01,7.351065297740430049e-01,-1.688284846069439404e-01,2.051357098654467137e-01,7.123888892743851509e-01,6.495524257223038722e-01,-9.686542480300963653e-01,2.473986765172946772e-02,6.000573003947232142e-02,5.714500931019521612e-01,-1.753213244216723921e-01,6.332222239538491670e-02,-9.808558892957240927e-01,-1.301322459465830139e-01,-9.692828598713314203e-02,5.055150669249444118e-01,-1.417146990508979243e-01,8.590824611405152578e-02,-2.595339768735199087e-02,9.802985096173956470e-02,5.200000000000000178e-01,-1.068300578129123490e+00,3.081739019725775464e-01,-2.910234215795968749e-01,-4.003112333696988434e-02,1.238834581040830322e-03,-1.893011292097003528e-01,5.439054969401398987e-01,-1.183332744309519846e+00,-6.609846202105585933e-01,5.710145228762214531e-01,2.741681932758725515e-01,-8.149078187505283399e-02,-6.425466327267062572e-02,-4.422403998500337163e-01
3.426628341751858375e-02,-1.406638350628505452e-01,7.349507109741887367e-01,-1.696909665690436719e-01,2.042989581014405254e-01,7.127919224959856637e-01,6.491491252462759931e-01,-9.701929880225340641e-01,2.729560534524120424e-02,6.034486499954898331e-02,5.740563063201613581e-01,-1.781317645085828405e-01,6.347675677946942874e-02,-9.811350410295568425e-01,-1.282261576585788099e-01,-9.769742575809177432e-02,5.065484942177049810e-01,-1.408611625825955949e-01,8.676402309240091593e-02,-2.821057809906888161e-02,9.648112896925838122e-02,5.200000000000000178e-01,-1.074844885153836138e+00,3.130943899320753898e-01,-2.858304405552749561e-01,-5.595307227920433280e-02,6.101029039554974748e-03,-1.880951961695836727e-01,5.454878393618868282e-01,-1.178343578318544083e+00,-6.568745410888302549e-01,5.733290283323120295e-01,2.726629577971124707e-01,-7.830714431550700461e-02,-6.682008847066368828e-02,-4.413226692455243794e-01
3.439882681328437081e-02,-1.400659412521133573e-01,7.349431719471591906e-01,-1.703285759015452649e-01,2.039621630528845875e-01,7.129933248839374071e-01,6.488668052420983878e-01,-9.705535248383959646e-01,2.846967253684615229e-02,5.975470109723134138e-02,5.754757164323024421e-01,-1.805260018220718743e-01,6.323747443530391976e-02,-9.812724755797630483e-01,-1.267891789881026576e-01,-9.710120198483306042e-02,5.079691603165243929e-01,-1.411694230498402591e-01,8.583789889408553753e-02,-3.031820342511268654e-02,9.430521795092422499e-02,5.200000000000000178e-01,-1.075721862379520388e+00,3.154388236213843122e-01,-2.833576135718628985e-01,-6.512816386027375781e-02,1.005617770131290133e-02,-1.868653678850568101e-01,5.463301304949632620e-01,-1.173619508328305194e+00,-6.526241223439848138e-01,5.705682845279971271e-01,2.623103006338992071e-01,-7.611293810703967377e-02,-6.830920906248011404e-02,-4.419457967985367941e-01
3.451217115827660831e-02,-1.388420050499989400e-01,7.352475932828030913e-01,-1.708616492382897256e-01,2.038967233385573230e-01,7.129907584273641463e-01,6.487500300027294609e-01,-9.687972573400251974e-01,2.920885798599693120e-02,5.905288668151997822e-02,5.743546053626841230e-01,-1.823376166755839856e-01,6.222316071224491540e-02,-9.798466138485721899e-01,-1.258023508019364134e-01,-9.752081575724763640e-02,5.078004999338419090e-01,-1.416965788777514446e-01,8.522871204649194732e-02,-3.249795221375714749e-02,9.106230675636586835e-02,5.200000000000000178e-01,-1.072751100028021654e+00,3.171602535926318356e-01,-2.817097329234382053e-01,-7.001734783139931806e-02,1.232685318681139147e-02,-1.867007086445957031e-01,5.466623721494551225e-01,-1.167962221500825848e+00,-6.513153723183617849e-01,5.651089568643420380e-01,2.447169052138540302e-01,-7.383366429677792886e-02,-6.996689092453253767e-02,-4.433247773626028954e-01
3.465835900681835113e-02,-1.370291850049625559e-01,7.355249145811638689e-01,-1.714466201299315040e-01,2.044242258669582424e-01,7.129949356052150966e-01,6.484250258326185179e-01,-9.673523911639286821e-01,2.915905283898160422e-02,5.848337241540768616e-02,5.732671394520314490e-01,-1.835177490452036542e-01,6.132873573837649417e-02,-9.795645815782750843e-01,-1.251939503575024148e-01,-9.598011305959384953e-02,5.093695820155562659e-01,-1.439975106653214043e-01,8.302097488373175183e-02,-3.438547265030152122e-02,8.921036798173419269e-02,5.200000000000000178e-01,-1.066763740160063145e+00,3.185209924049156038e-01,-2.822068645284822597e-01,-7.245556472433045681e-02,1.454157679035992037e-02,-1.874324714767639788e-01,5.460952486742552958e-01,-1.161374099594405296e+00,-6.515928810904710877e-01,5.578142476384095882e-01,2.232817175382927621e-01,-7.277533542434322378e-02,-7.353527082271285598e-02,-4.454843247931998262e-01
3.483329276345028397e-02,-1.347506632219645228e-01,7.358032843921415989e-01,-1.720989228336767540e-01,2.047888802658949514e-01,7.131222078613784765e-01,6.479970616706844933e-01,-9.655183582117904395e-01,2.904516514492445217e-02,5.687466475291096113e-02,5.728773127004198606e-01,-1.856808177086819722e-01,6.041608226456617742e-02,-9.792226224827739189e-01,-1.239442454387564840e-01,-9.303398482206495790e-02,5.126776073795998867e-01,-1.473969980209377251e-01,8.179961863423097779e-02,-3.684857165900839310e-02,8.780871437540035962e-02,5.200000000000000178e-01,-1.055424357223355925e+00,3.181504858257030999e-01,-2.862268479092320850e-01,-6.620481792660222464e-02,1.756418949080257655e-02,-1.869302424928885598e-01,5.420960292754904986e-01,-1.155033702435865672e+00,-6.524500133102124622e-01,5.482533964720471831e-01,1.927592045784985997e-01,-7.583233363078442646e-02,-7.693377311988748579e-02,-4.476637372500676948e-01
3.500253440279783856e-02,-1.321492073005931245e-01,7.361807824353013840e-01,-1.729311200667008608e-01,2.052548550669925642e-01,7.129570039982183749e-01,6.478098352400861737e-01,-9.633217511482182749e-01,2.965912065564767913e-02,5.587895514948654913e-02,5.722739227884392488e-01,-1.885679158783297449e-01,6.088586463422109019e-02,-9.792535880236593604e-01,-1.223564517373396110e-01,-9.079757726542919682e-02,5.167123838856240159e-01,-1.501751876597569868e-01,8.044894943509418861e-02,-4.094342297610024245e-02,8.485601193521548347e-02,5.200000000000000178e-01,-1.037718594526042315e+00,3.153466797425074630e-01,-2.905073622876763184e-01,-4.849540245101413571e-02,1.503721151111638010e-02,-1.870328708540962559e-01,5.362945906020970543e-01,-1.148662493706170240e+00,-6.502785012146762300e-01,5.349723254809478634e-01,1.516061469412686158e-01,-8.040113990247634013e-02,-8.074120744467785937e-02,-4.460607566646099809e-01
3.511482062213460570e-02,-1.294437853362803981e-01,7.362397277560385200e-01,-1.732669663469729449e-01,2.062411853802438855e-01,7.121393406614900945e-01,6.483060167143953612e-01,-9.624034092616762237e-01,2.927934198340310240e-02,5.358708113446188775e-02,5.748036121442776647e-01,-1.917205663797476312e-01,6.359618525998766980e-02,-9.813344631823311959e-01,-1.204477986090882746e-01,-8.579957221026253411e-02,5.238108023210411579e-01,-1.549668881871773540e-01,7.500611679572125046e-02,-4.722476084732149526e-02,8.041250519033830979e-02,5.200000000000000178e-01,-1.012937028233920733e+00,3.107318756693711603e-01,-3.032137231201759708e-01,-1.387838571946193277e-02,9.125281258968075127e-03,-1.872424029221904651e-01,5.229070358751379821e-01,-1.147964897116946714e+00,-6.396145401219641702e-01,5.124531262920722918e-01,7.618513046628826169e-02,-9.013002452274924969e-02,-8.881847828882197260e-02,-4.462393160651722535e-01
3.510796398833856274e-02,-1.268580860694352164e-01,7.369107741557187063e-01,-1.745932333589179930e-01,2.076810846710650527e-01,7.115053289865382879e-01,6.481866527157785773e-01,-9.590625206646529177e-01,2.646152903579221741e-02,4.695367592389722983e-02,5.679195481839444115e-01,-1.949564422344107206e-01,6.373148415652800380e-02,-9.809139006672233929e-01,-1.177610616936375504e-01,-8.038336506496579492e-02,5.229620373376995257e-01,-1.596809649197285241e-01,7.643588864603693966e-02,-5.317217300993478529e-02,7.436436436004301154e-02,5.200000000000000178e-01,-9.755744957036015519e-01,3.083327941480296652e-01,-3.147482557164380523e-01,5.715981163975367152e-02,-1.189423949117759602e-02,-1.851136603064316710e-01,5.007795283995464253e-01,-1.148306550025444572e+00,-6.334455865942595354e-01,4.813038772449186875e-01,-1.012368429473448593e-02,-1.212475052477889198e-01,-8.616681696084123321e-02,-4.480442961657207235e-01
3.499277197758185465e-02,-1.246263056962363391e-01,7.374299687157450656e-01,-1.758778051782590168e-01,2.074317063263555194e-01,7.120758911456214202e-01,6.472920593560399505e-01,-9.521334838903173781e-01,2.657823878107604468e-02,4.557382876767253344e-02,5.577721267173089137e-01,-2.025774251796577385e-01,6.536596472806134595e-02,-9.761604409580221242e-01,-1.166251652140418288e-01,-8.142791626828924101e-02,5.196064061622723829e-01,-1.649058972797722844e-01,8.077288831720745577e-02,-6.170202394705816273e-02,6.982059800770311353e-02,5.200000000000000178e-01,-9.437287747503467772e-01,3.045738815388786547e-01,-3.246749958304266936e-01,1.382028478584623465e-01,-4.201105033773636782e-02,-1.790064774040344697e-01,4.690615374473182664e-01,-1.155221296310748436e+00,-6.302799934351691613e-01,4.475761533442036977e-01,-1.167525099270977917e-01,-1.796302085979277763e-01,-8.207155947413527497e-02,-4.475168411521640577e-01
3.482952603155736043e-02,-1.229613636884100553e-01,7.363296060850593738e-01,-1.749736216679079470e-01,2.065447780960038837e-01,7.119208013339426433e-01,6.479909405151620394e-01,-9.523537939505175576e-01,2.729645766950353214e-02,4.482493206627610055e-02,5.697953973708651532e-01,-2.140042643828119762e-01,7.175837576857690969e-02,-9.769713079480861762e-01,-1.168043267301013266e-01,-8.140347733650082906e-02,5.321792132264719921e-01,-1.754233503302128627e-01,8.157832829670882968e-02,-6.535664903776872148e-02,6.427227629087314820e-02,5.200000000000000178e-01,-9.243091709421155100e-01,3.059616364237626174e-01,-3.351203152281976849e-01,1.960698423335163754e-01,-4.568680758177010720e-02,-1.726870770761654572e-01,4.448028511780293126e-01,-1.167939131727998348e+00,-6.328745299646550970e-01,4.300392818119345151e-01,-2.104023255705140538e-01,-2.306718508750867369e-01,-7.894140643461608486e-02,-4.478747121040456691e-01
3.460004127417105196e-02,-1.218180346597376312e-01,7.350312539480144958e-01,-1.747475834472686507e-01,2.054073251061084848e-01,7.118917534513523604e-01,6.484452515363586800e-01,-9.556384602074454726e-01,2.935441823076265916e-02,4.478747700271840104e-02,5.849954204333225327e-01,-2.264673851184083320e-01,7.708301895894285882e-02,-9.791659766138416376e-01,-1.159897858687971989e-01,-8.138577091571964905e-02,5.448562054203203164e-01,-1.857477879721097791e-01,8.139541029102312364e-02,-6.735032838701535129e-02,6.106328004842197232e-02,5.200000000000000178e-01,-9.120235399361322770e-01,3.076903625378910045e-01,-3.430278256331965037e-01,2.237842939608941095e-01,-4.491492953700620266e-02,-1.726022990297939874e-01,4.286788107114354873e-01,-1.170571756305797351e+00,-6.288365476674495635e-01,4.160129884781954002e-01,-2.744640095358503729e-01,-2.512259648856654537e-01,-8.138274615327893702e-02,-4.440505308431927367e-01
3.437148578050051168e-02,-1.211416187680064427e-01,7.337940589267778480e-01,-1.745850548135364777e-01,2.043955200296409536e-01,7.118734760211367085e-01,6.488287017119006572e-01,-9.599795348325578237e-01,3.143979421143600766e-02,4.491947045838205060e-02,5.997204712488495293e-01,-2.350892211233557294e-01,7.763573063816429920e-02,-9.821705054236622434e-01,-1.152426381177251435e-01,-8.115757692083003239e-02,5.568489029983308969e-01,-1.939845033770478122e-01,7.972870742957131884e-02,-6.669403479032917637e-02,5.799050800892423946e-02,5.200000000000000178e-01,-9.045545337645392037e-01,3.054678221000898253e-01,-3.417088315834026502e-01,2.292083806778483501e-01,-4.384004414433177038e-02,-1.747577967950314504e-01,4.250824973341064128e-01,-1.172787450933575837e+00,-6.253707152263572322e-01,4.067173996100427180e-01,-3.112009052015524690e-01,-2.610693118287624181e-01,-8.337247191351682130e-02,-4.432558895534358667e-01
3.420105219262754154e-02,-1.208221953564938833e-01,7.325845945556633820e-01,-1.740883711952595503e-01,2.031801801494745041e-01,7.119592941198211733e-01,6.492495798423080222e-01,-9.644050373292047951e-01,3.368612220146958297e-02,4.584934417173286425e-02,6.153493241179649464e-01,-2.427914309521592151e-01,7.923625105567208560e-02,-9.845068875889488869e-01,-1.144262321970720558e-01,-8.031510313962300640e-02,5.680107641551527253e-01,-2.018090988843500022e-01,7.777059727823369684e-02,-6.561561264289730855e-02,5.609263656758768646e-02,5.200000000000000178e-01,-8.985692778394047675e-01,3.033764905003147327e-01,-3.374719272156610494e-01,2.241138536213224675e-01,-4.176503984804677549e-02,-1.777691941840023881e-01,4.288250148579803023e-01,-1.172646419589240985e+00,-6.225400316598742601e-01,4.010438302847535441e-01,-3.368998872278622381e-01,-2.690705144860410791e-01,-8.496770472364394144e-02,-4.443681337444874702e-01
3.412921019912019960e-02,-1.206614526115997454e-01,7.318050751250931851e-01,-1.733767877888126030e-01,2.023887305333338105e-01,7.118456240309432026e-01,6.498115871213242523e-01,-9.659859040819123166e-01,3.477159117482164080e-02,4.604087468658230042e-02,6.243938481344375457e-01,-2.483129456310596006e-01,7.978781788874995951e-02,-9.856273679548378519e-01,-1.141430631659234030e-01,-8.006262219407132841e-02,5.755701407756538268e-01,-2.075913583614424351e-01,7.589310438121504854e-02,-6.495251888459085965e-02,5.403694811849362595e-02,5.200000000000000178e-01,-8.929327818868824096e-01,3.018427588681911189e-01,-3.331279499980324132e-01,2.175366190308085923e-01,-4.295620881301449173e-02,-1.801292177494018543e-01,4.309768910373608097e-01,-1.171393490651983837e+00,-6.196468425324013207e-01,3.967369411166314919e-01,-3.512203401855894525e-01,-2.708284552804836043e-01,-8.432465933072373632e-02,-4.429029934600973162e-01
3.420849864093561399e-02,-1.205191359640349069e-01,7.308892613749499167e-01,-1.725528507022154323e-01,2.017897979539198805e-01,7.114972604867901840e-01,6.505982166253200250e-01,-9.693957887071599222e-01,3.618902151947248763e-02,4.651619374242768612e-02,6.369181826903934640e-01,-2.527585876373540930e-01,8.134411507756707238e-02,-9.880990815551407014e-01,-1.134381736711847499e-01,-7.880102743262379361e-02,5.848803305425909205e-01,-2.129683117985326779e-01,7.382152842906138102e-02,-6.496162548837723649e-02,5.164085801493706329e-02,5.200000000000000178e-01,-8.867721635004991443e-01,3.006131581247961648e-01,-3.272077947737743742e-01,2.081229323438361090e-01,-4.402427218165127359e-02,-1.839560120919670194e-01,4.364039139992557659e-01,-1.171303254049788078e+00,-6.162692157376886692e-01,3.945964956831337633e-01,-3.587140808997421604e-01,-2.704691824724533289e-01,-8.417472089041740102e-02,-4.448670468773651132e-01
3.444066291278677361e-02,-1.202684344425464236e-01,7.305054044167100802e-01,-1.716370554348718713e-01,2.015967815619094106e-01,7.110553502921145297e-01,6.513829501042255332e-01,-9.702739044013978242e-01,3.699852605679095074e-02,4.721857644126495335e-02,6.438794031675639795e-01,-2.543367572724575809e-01,8.120922225824515894e-02,-9.887360325103357050e-01,-1.130934364601931946e-01,-7.800435388498992706e-02,5.899138955245257776e-01,-2.161092791809164915e-01,7.333778781997628282e-02,-6.536205604624842347e-02,4.984826324888329274e-02,5.200000000000000178e-01,-8.814161111416638494e-01,3.001962802298374644e-01,-3.216125393748858197e-01,1.986293558108067070e-01,-4.662433872709645377e-02,-1.867852169975013910e-01,4.411032875831575883e-01,-1.171319825285681127e+00,-6.145046520144599178e-01,3.939282285116852966e-01,-3.610915988639424312e-01,-2.688592025326794754e-01,-8.369543778791788124e-02,-4.462330447115579468e-01
3.483904062507200278e-02,-1.198917416923952900e-01,7.300204946663921834e-01,-1.703798573093394941e-01,2.008589986777742364e-01,7.108655013387950028e-01,6.521476871689069199e-01,-9.714115094415490814e-01,3.804578532501564497e-02,4.719078641945565616e-02,6.544294994306898428e-01,-2.562564219639544283e-01,8.148313172107535252e-02,-9.883971686083515840e-01,-1.123646149862635724e-01,-7.711677736934251237e-02,5.965570562686869360e-01,-2.206070288502745558e-01,7.280349917695870532e-02,-6.641284523185102262e-02,4.796605523706406332e-02,5.200000000000000178e-01,-8.781110539788091751e-01,3.009246326728083898e-01,-3.160030659085670823e-01,1.885972242211042538e-01,-4.709631752074722871e-02,-1.897270014396162108e-01,4.443943126077702921e-01,-1.171303682949046188e+00,-6.144610252290558794e-01,3.926090503702247547e-01,-3.605030707494943920e-01,-2.690534411845079688e-01,-8.371879232494532086e-02,-4.480520521052966942e-01
3.538534969872322161e-02,-1.193774552800794253e-01,7.297413783754713723e-01,-1.689444631179948808e-01,2.001426861868712548e-01,7.108846228240953691e-01,6.527202513940557616e-01,-9.715634412439800860e-01,3.832897446314159628e-02,4.631426366437546571e-02,6.636064791555348341e-01,-2.565092422753261214e-01,8.052721636704920916e-02,-9.870881917892695423e-01,-1.117520324792178749e-01,-7.573782292255670789e-02,6.023501230429955111e-01,-2.248200012586297480e-01,7.195323677119337680e-02,-6.735543908697348703e-02,4.721469461375216170e-02,5.200000000000000178e-01,-8.802911678294550457e-01,3.018975466244487871e-01,-3.118293234270763659e-01,1.774777617693937271e-01,-4.545519471500823055e-02,-1.908683835972529719e-01,4.456935019443962198e-01,-1.169952038049347554e+00,-6.155727517026733375e-01,3.912828459064833786e-01,-3.536174772078232165e-01,-2.703427976387750564e-01,-8.306014117753184045e-02,-4.487806038148891563e-01
3.606402514640009993e-02,-1.188246809075352989e-01,7.294780782165212196e-01,-1.668006199362828124e-01,1.993608630236051449e-01,7.108852995924961338e-01,6.535096711653487489e-01,-9.704731882897918993e-01,3.831157300031576979e-02,4.611520395413389040e-02,6.731744144089781834e-01,-2.561442211087748277e-01,7.948038174943883316e-02,-9.847904633063947477e-01,-1.118240348106584042e-01,-7.461303089450119219e-02,6.087073850613647918e-01,-2.299950409782335059e-01,7.031686596755094831e-02,-6.727214107510609553e-02,4.652833738742041814e-02,5.200000000000000178e-01,-8.885689167552015544e-01,3.025410899220520866e-01,-3.089556276421109304e-01,1.674977859328565799e-01,-4.336659622311769130e-02,-1.898930900331869398e-01,4.463754908142548161e-01,-1.168011908763449069e+00,-6.170589007596938291e-01,3.910162632962964624e-01,-3.408883988646704832e-01,-2.722739352084493913e-01,-8.141860247704120479e-02,-4.492508310867729948e-01
3.683558883633911152e-02,-1.183417665679782627e-01,7.291681696521140621e-01,-1.645350730193431976e-01,1.984910723566026824e-01,7.111382183632758425e-01,6.540733432302152650e-01,-9.691929797850402650e-01,3.749357282543254455e-02,4.466959203937428957e-02,6.824483725465274597e-01,-2.556845838144484184e-01,7.734492617019830818e-02,-9.826083716380893396e-01,-1.122965294973585632e-01,-7.371330990646196568e-02,6.160646941309452229e-01,-2.357122370287426105e-01,6.779295201671060866e-02,-6.669670638660374351e-02,4.568300934098404320e-02,5.200000000000000178e-01,-9.003018060489101915e-01,3.023370214983648330e-01,-3.076937793946986077e-01,1.584540150015089077e-01,-4.144731823383756425e-02,-1.880968151069764283e-01,4.437520392396862579e-01,-1.165522199956135374e+00,-6.181638005450380557e-01,3.929271145862593961e-01,-3.189471033859165305e-01,-2.711881104985855995e-01,-7.855501710953893824e-02,-4.474794883008926805e-01
3.764879141645718907e-02,-1.180673012522395066e-01,7.291164117981036030e-01,-1.623874738242740701e-01,1.978192567081653586e-01,7.113532068633663386e-01,6.545796094483881111e-01,-9.669387412264113246e-01,3.659910203073951651e-02,4.374853988643240266e-02,6.884877916074373383e-01,-2.545777838080096611e-01,7.394462014467237387e-02,-9.797549423055869067e-01,-1.123490420041617921e-01,-7.210632999818342159e-02,6.205899345888609142e-01,-2.405404442827364098e-01,6.550788866203649530e-02,-6.659078695794226621e-02,4.595883078848649744e-02,5.200000000000000178e-01,-9.135453528187685857e-01,3.000449343672911273e-01,-3.062477402875993238e-01,1.449054867841514382e-01,-4.051968518635828270e-02,-1.886715090802142947e-01,4.441298596766024009e-01,-1.160330843647832344e+00,-6.219005540905535590e-01,3.987453615419658259e-01,-2.811180396224082778e-01,-2.652340753746327273e-01,-7.368589318111168351e-02,-4.462727870252946594e-01
3.845428492530082731e-02,-1.181288014079475562e-01,7.287886587868172006e-01,-1.606532104236325642e-01,1.970888187916279566e-01,7.115006563898778058e-01,6.550674464852255241e-01,-9.663327299136137416e-01,3.706388202738337967e-02,4.420446395146840346e-02,6.958689321320771226e-01,-2.552545990150746347e-01,7.230134665425962115e-02,-9.787919089051311250e-01,-1.115255769440150480e-01,-6.992731692540223032e-02,6.265098456523388037e-01,-2.449629263205918839e-01,6.409029686932823933e-02,-6.527649650014395732e-02,4.779172844980730805e-02,5.200000000000000178e-01,-9.283446143861436850e-01,2.958296537181369090e-01,-3.015442263221636554e-01,1.244478097121237969e-01,-3.934031986780269635e-02,-1.913873080401457261e-01,4.506940102463776743e-01,-1.147691485089542107e+00,-6.222499381224360082e-01,4.086871456211293996e-01,-2.216781017826969513e-01,-2.512551067976259156e-01,-6.702650361645823285e-02,-4.451679584796808808e-01
3.923544258533579604e-02,-1.186023195761521098e-01,7.285836312451028363e-01,-1.582132626734207015e-01,1.958675997549361447e-01,7.117685571042308146e-01,6.557362030559489297e-01,-9.655108899709514692e-01,3.718517355546827746e-02,4.427289407018807077e-02,7.049635717079416608e-01,-2.528503827180895169e-01,6.944499843201019929e-02,-9.759590448147547059e-01,-1.113803331246422390e-01,-6.852493199264128587e-02,6.310629100361033750e-01,-2.481483410383096277e-01,6.206744692999717483e-02,-6.129962755128900292e-02,4.841361713967010788e-02,5.200000000000000178e-01,-9.489364413186676117e-01,2.947171189981679373e-01,-2.978896869448786622e-01,1.015901312690705993e-01,-3.667864479728923793e-02,-1.913801044948841845e-01,4.581332884701324049e-01,-1.138350318448106080e+00,-6.228971178644306939e-01,4.218656266671318433e-01,-1.454503626716446008e-01,-2.256509843017919514e-01,-6.247146499062240788e-02,-4.428532030369687345e-01
3.992454695161709588e-02,-1.194871093542419077e-01,7.278778543037224269e-01,-1.554605414581152201e-01,1.941537956606874393e-01,7.120965869035688067e-01,6.565476179230153031e-01,-9.658378536936086389e-01,3.868806014722964842e-02,4.640638548117808487e-02,7.176542729120687358e-01,-2.518520132173099335e-01,6.701434996255169196e-02,-9.756494576831079568e-01,-1.118424309294508423e-01,-6.829718483767963089e-02,6.417964233989278400e-01,-2.513560356165963072e-01,5.695480466311621942e-02,-5.533424344556314711e-02,5.157561997126779846e-02,5.200000000000000178e-01,-9.743271621423109652e-01,2.962131235133626528e-01,-2.958499418639809475e-01,7.659568682719447574e-02,-3.273861185384578654e-02,-1.919822069905766093e-01,4.646214739926118886e-01,-1.123080782284243462e+00,-6.183535146037111296e-01,4.371391566475648638e-01,-3.835050168812952076e-02,-1.734593082818209897e-01,-6.113448029633289371e-02,-4.390614701204710313e-01
4.052367893458956594e-02,-1.207138492683101222e-01,7.261390570266925693e-01,-1.520874438218907942e-01,1.909679542287193166e-01,7.131240801069232971e-01,6.571565234105766207e-01,-9.681307497394686656e-01,4.100601642711937389e-02,4.752778409859366449e-02,7.387399727671399852e-01,-2.549672794459780234e-01,6.659055964647211945e-02,-9.762089342348905241e-01,-1.129303691141431421e-01,-6.921386246155245003e-02,6.600208012571976424e-01,-2.580567304961334241e-01,5.280372681044043920e-02,-4.880540380934609429e-02,5.275103745875445865e-02,5.200000000000000178e-01,-9.946486524230057080e-01,2.998680676126189160e-01,-2.901480193927923334e-01,5.358749032200310625e-02,-2.029140172884605353e-02,-1.912498987351775315e-01,4.702630586942604385e-01,-1.118708609478707983e+00,-6.200290790090208226e-01,4.574289051983398413e-01,4.851820660292321258e-02,-1.366093086214591745e-01,-6.361507385052087016e-02,-4.301450689718813725e-01
4.098475290255617492e-02,-1.220319247583149525e-01,7.243649747552760587e-01,-1.502294622347986885e-01,1.888621005274172537e-01,7.141032006226658568e-01,6.571292373053261304e-01,-9.730279982249391280e-01,4.312803903501909869e-02,4.882903822989237419e-02,7.564289871251882458e-01,-2.587994334502514704e-01,6.474750828419723048e-02,-9.795088886928953187e-01,-1.130205747952343492e-01,-6.825095410742092195e-02,6.753845327194427650e-01,-2.648388725109792063e-01,4.945668153698268288e-02,-4.578002937291004992e-02,5.532464606678855201e-02,5.200000000000000178e-01,-1.008000957783447893e+00,3.041759710985502130e-01,-2.821575395758437743e-01,3.370017707300439203e-02,-1.602290705680326291e-02,-1.900424353521746046e-01,4.753488122339722954e-01,-1.114734640689420075e+00,-6.216811741337934238e-01,4.691950700585971745e-01,1.078785294983788529e-01,-1.110844161989411466e-01,-6.895667218954901201e-02,-4.279326081526761971e-01
4.132952675394244157e-02,-1.232809496546782291e-01,7.228811634589623614e-01,-1.496418415618252784e-01,1.876147329443643708e-01,7.150876336149653012e-01,6.565498514866554558e-01,-9.797259932456907627e-01,4.427606276124306656e-02,4.871225686762120644e-02,7.707198245400449510e-01,-2.613770863026728120e-01,6.272463853038880155e-02,-9.832640395653388099e-01,-1.126581954146781556e-01,-6.704827298080948128e-02,6.855918669844226487e-01,-2.710664991459575401e-01,4.652450248879987788e-02,-4.483675528668758931e-02,5.738168635838491322e-02,5.200000000000000178e-01,-1.012061744603312219e+00,3.082849747220106629e-01,-2.726761812915101668e-01,1.433665767901237849e-02,-1.415929096966493314e-02,-1.910336487272887851e-01,4.789782338913241011e-01,-1.113085635449457822e+00,-6.240680007463557111e-01,4.751712812241975503e-01,1.376823700788046834e-01,-9.757881578996817351e-02,-7.231615462157990615e-02,-4.268880228884595063e-01
4.158261248431344842e-02,-1.243448258831854614e-01,7.213437849589559026e-01,-1.485459777679494497e-01,1.860427396162518954e-01,7.157663023912067546e-01,6.565065055932520766e-01,-9.851675038644165383e-01,4.575764386453211319e-02,4.870147975061166201e-02,7.861798208599730664e-01,-2.645887695425433450e-01,6.168632090670594925e-02,-9.865844297156528553e-01,-1.119238065877271593e-01,-6.539811616357996127e-02,6.977633008100825318e-01,-2.773229407520956813e-01,4.439479598742630817e-02,-4.493174298064229327e-02,5.873886360174004895e-02,5.200000000000000178e-01,-1.014521234659589544e+00,3.126049476179137421e-01,-2.639642431717487137e-01,9.638027952883713306e-04,-1.316398328120672173e-02,-1.919287760800243992e-01,4.851314922077930580e-01,-1.109486135145215435e+00,-6.225276168405283750e-01,4.740025045155406014e-01,1.482486225747625674e-01,-8.894010000668750582e-02,-7.600537667116519236e-02,-4.269444289067403919e-01
4.177317443991503815e-02,-1.251628631486270127e-01,7.199255866831466566e-01,-1.473289383075551129e-01,1.845526176590443213e-01,7.161902900784568038e-01,6.567389006673035601e-01,-9.899914628450698917e-01,4.665906174162511022e-02,4.759042523653729539e-02,8.012941728366288485e-01,-2.668671339094477735e-01,6.108661887805565127e-02,-9.894687648722622075e-01,-1.105764608534812871e-01,-6.246747954185652429e-02,7.095066067753202921e-01,-2.829748683994756098e-01,4.259460640215123606e-02,-4.517617293379438265e-02,5.907464517267198983e-02,5.200000000000000178e-01,-1.015119984443836776e+00,3.164468040177617625e-01,-2.562717411560663239e-01,-1.225129025089181922e-02,-1.190371077642503675e-02,-1.938204207988032945e-01,4.898413729778914316e-01,-1.104530340170941871e+00,-6.221194318357164965e-01,4.704267794651265655e-01,1.501163887087074433e-01,-8.386382952472774821e-02,-7.733214101009878993e-02,-4.256394746450313238e-01
4.189862393703758237e-02,-1.257426191502857005e-01,7.186676714016352330e-01,-1.460763427109581514e-01,1.834228441474560489e-01,7.163475757518998899e-01,6.571635360086742761e-01,-9.940337534247714046e-01,4.674204063151701782e-02,4.594563590100922412e-02,8.149350572815027283e-01,-2.688131358142419880e-01,6.000051788501142846e-02,-9.915881898672188610e-01,-1.096689992877820929e-01,-6.011480434630735170e-02,7.196642536860653472e-01,-2.896158355051899336e-01,4.052270226768592276e-02,-4.585272640129731819e-02,5.811561826248021201e-02,5.200000000000000178e-01,-1.014672742984568998e+00,3.228200017394421972e-01,-2.532485191564325389e-01,-2.370870135970808840e-02,-8.863144934161546612e-03,-1.937658193848933730e-01,4.918890355455909913e-01,-1.100757160326413464e+00,-6.242174151498828261e-01,4.683702799937765615e-01,1.447021720081375917e-01,-8.305771756597880862e-02,-7.644606323796908354e-02,-4.239032404700472378e-01
4.193890986294371293e-02,-1.261271138286071680e-01,7.173202480251252844e-01,-1.446223263079538524e-01,1.823621661016891216e-01,7.163057979241554962e-01,6.578255292767332119e-01,-9.981213730186235811e-01,4.660524329334189003e-02,4.417563460761582406e-02,8.297471451591837965e-01,-2.705959124101665614e-01,5.929993999435594076e-02,-9.937771381074932409e-01,-1.084081415683506716e-01,-5.644188258542871817e-02,7.305849824151193772e-01,-2.971923316197094267e-01,3.805451568231826148e-02,-4.750094193707481149e-02,5.660213428400825281e-02,5.200000000000000178e-01,-1.012104198685463308e+00,3.269804402310594327e-01,-2.534257210525743820e-01,-2.582801427354815271e-02,-8.633147035108109865e-03,-1.932551290650478537e-01,4.922311156582580560e-01,-1.098086662201912311e+00,-6.261346368285705122e-01,4.676745031916053064e-01,1.343368420522804696e-01,-8.311163493244123901e-02,-7.597640080436011967e-02,-4.195108220559993217e-01
4.184565654667977974e-02,-1.264154331283958987e-01,7.158189762074788076e-01,-1.429859091388706871e-01,1.813604472979099824e-01,7.158896890533383850e-01,6.589122635455703092e-01,-1.002529765293433739e+00,4.598669032107652321e-02,4.148541858132140381e-02,8.463099962616535965e-01,-2.731720398484102641e-01,5.934786111206798165e-02,-9.954218772215094324e-01,-1.067646047337843795e-01,-5.223344457926240580e-02,7.410217660421570818e-01,-3.074620130935538653e-01,3.491446636370547363e-02,-5.034989700067944718e-02,5.399432092535948191e-02,5.200000000000000178e-01,-1.002228714724873626e+00,3.297662648892731307e-01,-2.597718517034768859e-01,-8.949790097776681719e-03,-1.683980270989312786e-02,-1.919010439096244525e-01,4.849139373349589111e-01,-1.101892040257249405e+00,-6.277899964571341807e-01,4.664276246073859045e-01,1.135068200561305807e-01,-8.344849864981179755e-02,-7.739777831185154500e-02,-4.130717113968618848e-01
4.158641453432196378e-02,-1.266992582781048260e-01,7.139561708282876618e-01,-1.410268919091240969e-01,1.793739014530185416e-01,7.159344893291096357e-01,6.598289370928210884e-01,-1.007796198704611790e+00,4.430030416175040342e-02,3.602219698198910747e-02,8.678702128421486028e-01,-2.765393237165362783e-01,6.187324797958389938e-02,-9.968390670034097401e-01,-1.043763234035450099e-01,-4.690321628452064073e-02,7.554593249847192382e-01,-3.188048468813972081e-01,3.084887569619101239e-02,-5.498070794380647414e-02,5.010149972081490849e-02,5.200000000000000178e-01,-9.849006363876042780e-01,3.295296141261658818e-01,-2.746545997357168201e-01,3.381408362049144467e-02,-4.027260671819073851e-02,-1.909579428517372279e-01,4.701554163715690460e-01,-1.110635929984005621e+00,-6.217991959900068810e-01,4.579531834662473044e-01,7.443518916904251492e-02,-7.978352318432342660e-02,-8.316862675600047994e-02,-4.136055571974570633e-01
4.109954147515147010e-02,-1.269949989493894538e-01,7.122526994093043573e-01,-1.386266798364348407e-01,1.779352348619470670e-01,7.151950052858052631e-01,6.615268703887902113e-01,-1.009822570428899891e+00,4.213655193375361041e-02,3.200992943077003716e-02,8.847972490599281814e-01,-2.826319590533682979e-01,5.997232226074816763e-02,-9.964871564745674259e-01,-1.027240747902943008e-01,-4.222105765142884770e-02,7.661841069531886150e-01,-3.328442924864917773e-01,2.996058672447885624e-02,-6.053731372731477323e-02,4.734615519025128089e-02,5.200000000000000178e-01,-9.593420638771118503e-01,3.294133581252041143e-01,-2.935517232349048045e-01,1.055159254389877038e-01,-7.191874005846080053e-02,-1.851599257396115694e-01,4.474671264556015493e-01,-1.130207251489586229e+00,-6.190829870083507380e-01,4.414116870892925704e-01,3.827319695950601869e-03,-1.027543726153635761e-01,-8.950733000248652094e-02,-4.191587736971942313e-01
4.047904761102050220e-02,-1.273128680721688222e-01,7.096531465644848602e-01,-1.363358588600641352e-01,1.743788522242336048e-01,7.160204408102284201e-01,6.620568539240219152e-01,-1.013719764666900947e+00,4.056352629192509773e-02,2.547515546732664893e-02,9.087862554229739764e-01,-2.909744900802417877e-01,6.029557148570434399e-02,-9.956574177139952964e-01,-1.016444134436746277e-01,-4.019645793109243720e-02,7.831604126749190931e-01,-3.474550903643063848e-01,3.402886609539001322e-02,-6.722739879871145185e-02,4.162476189715792751e-02,5.200000000000000178e-01,-9.299047341160765479e-01,3.350174287569542275e-01,-3.170776949261795430e-01,2.041799220227367984e-01,-9.203536616089651179e-02,-1.751597542753066394e-01,4.024925628385034870e-01,-1.168450704662225004e+00,-6.224399719908690898e-01,4.163680792346621806e-01,-1.264491800205261862e-01,-1.650615225044602952e-01,-9.508815748301134574e-02,-4.214155672281469367e-01
3.977083127874480456e-02,-1.275324771975673288e-01,7.061839264778982939e-01,-1.343524549322400452e-01,1.688798182021160887e-01,7.170827836516642240e-01,6.627377356451654711e-01,-1.016021555473078708e+00,4.304740107829133772e-02,1.916275050445017530e-02,9.350338630089722880e-01,-3.086401554722061347e-01,6.496604163204003357e-02,-9.964874211357070966e-01,-9.862721624149757560e-02,-4.041120707140793966e-02,8.086655172946211056e-01,-3.597956771663572972e-01,3.974909979817401601e-02,-7.281872318281826240e-02,3.558739147502659739e-02,5.200000000000000178e-01,-9.077222546414854820e-01,3.495342057629434729e-01,-3.428288516632507221e-01,2.905471031742517529e-01,-7.649891497380793826e-02,-1.593357334337795472e-01,3.536901161334523591e-01,-1.213024628026574625e+00,-6.270828279845772624e-01,3.935765659295233920e-01,-2.529053518122478805e-01,-2.149677196867472717e-01,-1.026648938895715762e-01,-4.147334371071938475e-01
3.896912795592853695e-02,-1.274359517810222386e-01,7.024129315757123848e-01,-1.332986967365273057e-01,1.642639615602522751e-01,7.178310867394812611e-01,6.633003386787095224e-01,-1.021459244347113327e+00,4.621632615111469916e-02,1.411155928708355753e-02,9.629508602419527552e-01,-3.271420525649371136e-01,6.944741789924174791e-02,-1.000336620841625557e+00,-9.519090768878114839e-02,-4.033791429833222253e-02,8.351518390102050660e-01,-3.741123813891296113e-01,3.910880328208810736e-02,-7.345127719393355903e-02,3.318682758055561954e-02,5.200000000000000178e-01,-8.986907461193031077e-01,3.595832993685030843e-01,-3.648281186593455017e-01,3.463984907530213708e-01,-6.513337855700347678e-02,-1.515332604937024152e-01,3.247413949774967667e-01,-1.235457378613362911e+00,-6.228414106624560187e-01,3.724094533692793307e-01,-3.287170381730732394e-01,-2.217585055967680741e-01,-1.111938233020803718e-01,-4.145320728845574010e-01
3.809241969606380618e-02,-1.270104216400889385e-01,7.007632202411604450e-01,-1.320319842776364327e-01,1.625884361850155890e-01,7.168252281890500344e-01,6.650519887785744100e-01,-1.021926774837839780e+00,4.739032913150155457e-02,1.295227385787522598e-02,9.761638949824549272e-01,-3.362528883772947230e-01,7.166198103428000898e-02,-1.001592076107562068e+00,-9.358280809373711873e-02,-3.899980788757329703e-02,8.472833113576103692e-01,-3.812091158601714214e-01,4.052679947112638320e-02,-7.115975795547062333e-02,3.192945453567114233e-02,5.200000000000000178e-01,-8.969859606820350661e-01,3.615901908395296460e-01,-3.770314541148865883e-01,3.622068105627057610e-01,-6.024877615884853543e-02,-1.493545440943896685e-01,3.081427813883062528e-01,-1.251950711913328851e+00,-6.234530849520470985e-01,3.644421684759568403e-01,-3.720355114235033844e-01,-2.204665519730148460e-01,-1.156059516096066275e-01,-4.065020734258483204e-01
3.705793475570424989e-02,-1.263450394691100209e-01,7.019888291638662903e-01,-1.321653079917745888e-01,1.647989632040501862e-01,7.150611540663922572e-01,6.663791556130397309e-01,-1.020104876263381533e+00,4.516410916505671225e-02,1.580587440416416842e-02,9.702175145409263068e-01,-3.325505511105920076e-01,7.168351333379396895e-02,-1.001118739547483649e+00,-9.538730095662223407e-02,-3.750474887359853821e-02,8.398695985799906616e-01,-3.783586413861773079e-01,4.342275114149948129e-02,-6.924632372627337329e-02,3.254945454660285176e-02,5.200000000000000178e-01,-9.108516285957057868e-01,3.558778560570678984e-01,-3.733416018257946778e-01,3.208772507270143959e-01,-6.214371048793565500e-02,-1.578329202817597698e-01,3.095234033884133873e-01,-1.239891545853435861e+00,-6.294244584278984034e-01,3.673855181816831905e-01,-3.495871166199228108e-01,-2.208501966364953828e-01,-1.081075699467506646e-01,-3.984270174325139635e-01
3.578809527204974972e-02,-1.255931690730347772e-01,7.067498997532882798e-01,-1.318272375177607092e-01,1.692502294035967136e-01,7.127274644366107248e-01,6.678289457136648011e-01,-1.007432567695495385e+00,3.744443905007659862e-02,1.972079198645842329e-02,9.393520591874655601e-01,-3.181281901495830455e-01,7.171935454717992542e-02,-9.919743948335834061e-01,-1.001732943648905722e-01,-3.509804803065957879e-02,8.097504352227343771e-01,-3.639531776789590722e-01,4.510200362602384550e-02,-6.253002713794401923e-02,3.394370757427508239e-02,5.200000000000000178e-01,-9.339999510962655460e-01,3.389547749873950133e-01,-3.456613340175613280e-01,2.232455817663295261e-01,-7.192158840774448558e-02,-1.765876183431608903e-01,3.329151261725876165e-01,-1.208004027573691630e+00,-6.398634237096405553e-01,3.869700169493317521e-01,-2.529964440736591214e-01,-2.261759448025916497e-01,-8.461380629787922103e-02,-3.961812885849418375e-01
3.422337528911564147e-02,-1.248756222959754303e-01,7.129299776538848832e-01,-1.347176020187061118e-01,1.756989769992185202e-01,7.100576161999831992e-01,6.684304143769599360e-01,-9.954425685268842861e-01,3.430872295537185090e-02,2.995850592584343997e-02,8.922925849493968942e-01,-2.976703238086753633e-01,6.599676315574438956e-02,-9.850556113295371174e-01,-1.045273631863979924e-01,-3.496739775918784876e-02,7.662768639013104455e-01,-3.368637585220929931e-01,4.582588455969252572e-02,-5.414041048689992308e-02,4.168411252167163183e-02,5.200000000000000178e-01,-9.799877339951066357e-01,3.172814194588548520e-01,-3.097563940895599610e-01,8.370529491493733376e-02,-7.055953719620204623e-02,-1.880537623738448016e-01,3.850685932741866879e-01,-1.169466259918813478e+00,-6.466225497026646396e-01,4.406207004365544910e-01,-5.019280091579100822e-02,-1.514238239184666768e-01,-6.400776959457862847e-02,-3.924166705140569311e-01
3.238614440029791153e-02,-1.246184238067681305e-01,7.154841147263542034e-01,-1.381459876162276779e-01,1.759050707365373833e-01,7.102807003311581990e-01,6.674387005049898791e-01,-9.944805741900780705e-01,4.134412892354933505e-02,4.113926815764370332e-02,8.778149300611592931e-01,-2.856455144873377150e-01,7.446902153655454715e-02,-9.822767481386981414e-01,-1.068213385617416827e-01,-4.249797385835523550e-02,7.493533838339210273e-01,-3.140213603629906092e-01,4.623361810133053834e-02,-4.210307818904467092e-02,4.817131496571341875e-02,5.200000000000000178e-01,-1.046926982810334694e+00,3.140372653848589879e-01,-3.056153417873393452e-01,-3.947429960485179107e-02,-3.637580955849180342e-02,-1.862668117635859211e-01,4.153851742298392269e-01,-1.151098182308694096e+00,-6.549756810569353771e-01,5.081095625258396087e-01,1.320518939509290057e-01,-7.746810662793342239e-02,-6.483649602421966140e-02,-3.603492247580312169e-01
3.010605668213960431e-02,-1.246646366624253321e-01,7.175036768051940017e-01,-1.395947174574332927e-01,1.731383144534115737e-01,7.115501807460562489e-01,6.665078988327630682e-01,-9.879817640681327617e-01,4.682494975432306694e-02,4.879350332947827995e-02,8.672617953040271388e-01,-2.803607254551280792e-01,8.015512466425947502e-02,-9.712222514922606020e-01,-1.083266989129346436e-01,-4.841576408210919447e-02,7.322279425649242945e-01,-2.978804833149258369e-01,5.560466661844410546e-02,-3.416445360021100330e-02,5.784793309006575068e-02,5.200000000000000178e-01,-1.105596489917150649e+00,3.159877053745267506e-01,-2.992230736340429353e-01,-1.156327386425299864e-01,-1.439712662053820730e-02,-1.894712499887027390e-01,4.405014084136223973e-01,-1.131469942473070756e+00,-6.655272833819604328e-01,5.419480240541260097e-01,2.328499206338227323e-01,-5.631316215933369895e-02,-6.435083972735544666e-02,-3.528370513450984625e-01
2.740605094006407297e-02,-1.247157356619050111e-01,7.206851650497253514e-01,-1.418031162778815024e-01,1.732498191893429851e-01,7.112798352229290355e-01,6.663012624706513565e-01,-9.777420659964355387e-01,4.799314670084257883e-02,5.605683978949647928e-02,8.405991918840004518e-01,-2.750963666778206140e-01,8.239520898784079284e-02,-9.604722108669616620e-01,-1.100896251693578437e-01,-5.194220998157428326e-02,7.037470774441469956e-01,-2.803248168910821847e-01,5.984131201794290478e-02,-3.090635585679290392e-02,6.359616381709676247e-02,5.200000000000000178e-01,-1.140443987655277658e+00,3.224098103513751146e-01,-2.922555246657339567e-01,-1.554705964411970953e-01,1.980000326060483290e-03,-1.878119315415290591e-01,4.508480060803285450e-01,-1.119461009241383698e+00,-6.666835237216588439e-01,5.558098643568868402e-01,2.669842215772256777e-01,-5.110049761642827121e-02,-6.472796378656668626e-02,-3.487580174414967593e-01
2.449844632740009326e-02,-1.248135196492997645e-01,7.240739684035182311e-01,-1.454279821895448355e-01,1.734543088500662134e-01,7.106448268027503179e-01,6.661443048440116588e-01,-9.707032884524461336e-01,4.894046174553312589e-02,5.960112478790374063e-02,8.151989917998896384e-01,-2.690492876105745057e-01,8.629650107559752592e-02,-9.494910684247137578e-01,-1.088606749029589899e-01,-5.439093896961409019e-02,6.696602938358153789e-01,-2.604268958821338575e-01,6.760507420312703020e-02,-3.338356514478255099e-02,6.670235790548478816e-02,5.200000000000000178e-01,-1.157778642716787543e+00,3.245550166920217472e-01,-2.853193084196080087e-01,-1.707731664558859719e-01,1.623253194169377994e-02,-1.822179781280482136e-01,4.662703624266328895e-01,-1.113794101729215669e+00,-6.603182264601646922e-01,5.527498490026351297e-01,2.700999420159491127e-01,-5.036621370165805106e-02,-6.820693367264139828e-02,-3.605144950103064128e-01
2.153787864310945793e-02,-1.248504610516560503e-01,7.270129691977897934e-01,-1.480514686682042336e-01,1.737193822302723345e-01,7.098714349326394890e-01,6.663219077363394804e-01,-9.638136969829532719e-01,4.792814981557617926e-02,6.194925840052736832e-02,7.930384568931675426e-01,-2.625153358736580511e-01,9.227453615749726945e-02,-9.409920198917376410e-01,-1.079987515548361532e-01,-5.376608503477929568e-02,6.429802664010524360e-01,-2.414856774245674187e-01,7.273175037769977203e-02,-3.592250897659270137e-02,6.876158290177611376e-02,5.200000000000000178e-01,-1.161196151285269096e+00,3.252945865575526674e-01,-2.808505792873605689e-01,-1.681607062987999501e-01,2.268756453150649888e-02,-1.765831655027814140e-01,4.759924945481112113e-01,-1.109119463841542697e+00,-6.515772325982087665e-01,5.418840965159757994e-01,2.557775669443204669e-01,-5.391920001044948896e-02,-7.299985254365357057e-02,-3.734541555076447139e-01
1.866582984596825909e-02,-1.247745497594018177e-01,7.296172831319219787e-01,-1.506149630812443074e-01,1.740228673416494287e-01,7.094176458388535833e-01,6.661514679940925276e-01,-9.574335343821690492e-01,4.535934478151731897e-02,6.183639900466520595e-02,7.717374348805764450e-01,-2.568641609977350138e-01,9.490189424831152465e-02,-9.331969745417983964e-01,-1.070816386427443923e-01,-5.154980206306069429e-02,6.183918366071652351e-01,-2.251549630391962153e-01,7.508122784795184801e-02,-3.831312228882513549e-02,6.996097442152489354e-02,5.200000000000000178e-01,-1.155701744308687218e+00,3.244562011420859537e-01,-2.782361371226413915e-01,-1.562390324584275736e-01,2.497630900568297008e-02,-1.742905800744362355e-01,4.831666674615745505e-01,-1.103721807475385619e+00,-6.425693522477499142e-01,5.268352761142507390e-01,2.342408033116319122e-01,-5.524919724592672332e-02,-7.890296628349462160e-02,-3.849300218054672595e-01
1.606149802926006356e-02,-1.247021892225185363e-01,7.316944562611452652e-01,-1.523054402374693361e-01,1.732014160732383568e-01,7.088275606859433253e-01,6.666091895228493103e-01,-9.508601711168166437e-01,4.423904150167812244e-02,6.042245464690379486e-02,7.563140027238655083e-01,-2.533917598886323841e-01,9.798993740636338656e-02,-9.269206096832310893e-01,-1.057212133464470460e-01,-5.093960132739841495e-02,6.030153679958615287e-01,-2.103347444302792746e-01,7.723027654086130067e-02,-3.900861732863977749e-02,7.105327469750676028e-02,5.200000000000000178e-01,-1.151471060150402126e+00,3.254864582121136385e-01,-2.781130996759560992e-01,-1.398494555005566908e-01,2.980685205792384801e-02,-1.717596248988127461e-01,4.867805018532867511e-01,-1.096447235469630188e+00,-6.364579634611730041e-01,5.143852940707128729e-01,2.104176867345263213e-01,-5.758388515989962958e-02,-8.078333971148068948e-02,-3.911645102101349858e-01
1.374133238029519657e-02,-1.244215473209340506e-01,7.338618152871594358e-01,-1.532636952766891214e-01,1.729148955504455631e-01,7.082487500375720391e-01,6.670789958296758915e-01,-9.419226878126961688e-01,4.222247237538721831e-02,6.103491594473468840e-02,7.380590910106712421e-01,-2.490760955453631409e-01,1.013867656399768113e-01,-9.176654676573434699e-01,-1.051313348017539895e-01,-4.869572128234384706e-02,5.825673534717925595e-01,-1.960920665147056763e-01,8.026269592201225322e-02,-4.081090420762520377e-02,6.899089526435209230e-02,5.200000000000000178e-01,-1.144949844205582323e+00,3.265175926952480490e-01,-2.800903818654012500e-01,-1.353832045893121339e-01,3.455383825137696430e-02,-1.704719713794812241e-01,4.871534731068217772e-01,-1.091017336363121704e+00,-6.326024029347688815e-01,5.062918577496574590e-01,1.932968623509815909e-01,-6.126495260654320207e-02,-8.256452481664779131e-02,-3.941745138423499717e-01
1.189705624733087760e-02,-1.242559173090690278e-01,7.350581978378736281e-01,-1.548601354328408009e-01,1.719561477898427504e-01,7.078028789186582292e-01,6.674312745784835021e-01,-9.396223903891718354e-01,4.289668746017738510e-02,5.967010046106414195e-02,7.316854739218068282e-01,-2.468689766335513958e-01,1.049593578555587103e-01,-9.138072263493889347e-01,-1.026763916509907115e-01,-4.741166360100104032e-02,5.728147159335870153e-01,-1.858208397988916627e-01,8.154635810547763985e-02,-4.202104640916890649e-02,6.911467754321791446e-02,5.200000000000000178e-01,-1.141472173900801579e+00,3.278466152626223762e-01,-2.819263540119926748e-01,-1.326318489038010862e-01,3.956343377665001715e-02,-1.706647405260308947e-01,4.838013189996401286e-01,-1.084541212032079427e+00,-6.317239453722671705e-01,5.004801985192315339e-01,1.772044707718248013e-01,-6.639689671487868095e-02,-8.070657482280770012e-02,-3.940254295141522034e-01
1.050094635021403544e-02,-1.239669572657121493e-01,7.363239248069068932e-01,-1.560705462277113820e-01,1.720595053500678928e-01,7.070950197745284882e-01,6.678728503457320720e-01,-9.361155553462847667e-01,4.199625609360507772e-02,5.842083925679784212e-02,7.217866193354710580e-01,-2.442172156217797541e-01,1.065512268793421674e-01,-9.093835623440990057e-01,-1.016864622069115764e-01,-4.698856159369305119e-02,5.602259503681971120e-01,-1.775457749177472844e-01,8.208246968148431855e-02,-4.181927388654033823e-02,6.749656147741450729e-02,5.200000000000000178e-01,-1.136345556065162299e+00,3.279872721586948314e-01,-2.828442076768395430e-01,-1.328150446151864505e-01,4.306517588415498948e-02,-1.713828346089973365e-01,4.794607266274813484e-01,-1.080172581023813638e+00,-6.306220649573880399e-01,4.961479898097538865e-01,1.663025843307798235e-01,-6.882302025486451702e-02,-7.944050477775220498e-02,-3.909592387820088888e-01
9.643854729415767685e-03,-1.236427393516759399e-01,7.372570521019999878e-01,-1.573889373223679167e-01,1.725433086422025475e-01,7.065063370196158488e-01,6.680616175192690687e-01,-9.343345513165297600e-01,4.153558546898990234e-02,5.747270547395840617e-02,7.136709116407239373e-01,-2.419518467424159047e-01,1.075497968077811922e-01,-9.075656099115699815e-01,-1.005938697072843863e-01,-4.633811811320537322e-02,5.513628588795623786e-01,-1.703674298302568224e-01,8.352752684438147224e-02,-4.192886144176176388e-02,6.636304376773738412e-02,5.200000000000000178e-01,-1.131700236870583964e+00,3.290723249709509024e-01,-2.845505843083404596e-01,-1.368351673238063781e-01,4.713511102487199372e-02,-1.720828056267239836e-01,4.737125124458375636e-01,-1.078577444983946698e+00,-6.317279239400634960e-01,4.962897503403307931e-01,1.598974651441270878e-01,-6.809145952721207262e-02,-7.742570312308609537e-02,-3.850855821983867888e-01
9.376368375943730515e-03,-1.232883316119629535e-01,7.376367670162650159e-01,-1.586154625625785242e-01,1.730528877965296641e-01,7.062833036093527639e-01,6.678755333922629100e-01,-9.354684227852197997e-01,4.145018117995451917e-02,5.611416038812149648e-02,7.110459783704656811e-01,-2.402402502179676880e-01,1.082894201143969615e-01,-9.075158154637921193e-01,-9.970031400488688078e-02,-4.627480755441343990e-02,5.465671781500353044e-01,-1.667158654424984454e-01,8.409892925122723628e-02,-4.167432941890959752e-02,6.450120089602948137e-02,5.200000000000000178e-01,-1.127406535711776625e+00,3.290266696795913770e-01,-2.856854638946583758e-01,-1.408373836554572545e-01,4.869818157395652825e-02,-1.732868529897314547e-01,4.693314353142153394e-01,-1.079084714442984705e+00,-6.318293647866916052e-01,4.960454997906745267e-01,1.575455400633963554e-01,-6.357938210251973254e-02,-7.691114510324871534e-02,-3.838480580239067574e-01
9.716652415811082716e-03,-1.229204396327157889e-01,7.376715229433724597e-01,-1.589427957160772509e-01,1.737373361441801323e-01,7.057565428631140669e-01,6.681767939141457502e-01,-9.365194074159335358e-01,4.196501437158249581e-02,5.607240781804426200e-02,7.113317608704597950e-01,-2.396559611148236235e-01,1.090083488933352024e-01,-9.080991568129866964e-01,-9.886805829576179871e-02,-4.578663642275262319e-02,5.448535411315843513e-01,-1.664219363813305708e-01,8.445378253800357726e-02,-4.172578600570449325e-02,6.265371314922210666e-02,5.200000000000000178e-01,-1.124076471115675657e+00,3.319351794249457144e-01,-2.866587358315751954e-01,-1.425849418613784336e-01,4.685535107881794170e-02,-1.748099860718615173e-01,4.643935621819227921e-01,-1.082124829352792306e+00,-6.319808043092611793e-01,4.973808618794902103e-01,1.574008742462163490e-01,-5.785182229682333394e-02,-7.631253396505073561e-02,-3.801240809902129980e-01
1.062711195033970608e-02,-1.225419225193176281e-01,7.375468809062529774e-01,-1.588081841715383025e-01,1.744733767299765925e-01,7.054638537600010917e-01,6.683260824557620827e-01,-9.365783135651444269e-01,4.251650751998843625e-02,5.627896361932561986e-02,7.109489123551349099e-01,-2.398049585272878093e-01,1.075633664034750664e-01,-9.092267455943471299e-01,-9.877732032451905231e-02,-4.667674908671946149e-02,5.460990806567072031e-01,-1.686361715121086069e-01,8.287071965098059823e-02,-4.201649154214557452e-02,6.012483413776505137e-02,5.200000000000000178e-01,-1.118330281501095813e+00,3.357916830318413148e-01,-2.871291652979688358e-01,-1.365194784024275632e-01,4.524485407431506900e-02,-1.766504610680310894e-01,4.608927621620536041e-01,-1.085064993700127767e+00,-6.318037222676518017e-01,4.985272418501178748e-01,1.576348258532145608e-01,-5.193444142290334214e-02,-7.685561341533224400e-02,-3.773405446989450129e-01
1.204046182591381360e-02,-1.221754061405560254e-01,7.373704031352075194e-01,-1.580879985982980296e-01,1.750475536397624876e-01,7.053949121643021680e-01,6.684194465727603118e-01,-9.361709181003747826e-01,4.257051265343721191e-02,5.529808952268913669e-02,7.117057627954499477e-01,-2.395782493505321520e-01,1.070203815237487505e-01,-9.100570767153991492e-01,-9.846104993247717374e-02,-4.664723201303361266e-02,5.492448220204829701e-01,-1.722525544797993691e-01,8.130671493679943185e-02,-4.362459929652899582e-02,5.755827919149231198e-02,5.200000000000000178e-01,-1.110918806642774426e+00,3.393225172332914874e-01,-2.904122573549069997e-01,-1.196556718404841180e-01,3.989758078446997702e-02,-1.773035876506334763e-01,4.571013276807702752e-01,-1.086617860230208565e+00,-6.313518617380881048e-01,5.006050692242914879e-01,1.585623783438338819e-01,-4.816089276256583368e-02,-7.681997392528151780e-02,-3.713725927620303846e-01
1.379011867767195205e-02,-1.218922043193588350e-01,7.369905041486273234e-01,-1.564290255299606303e-01,1.750276894320251242e-01,7.055083687313121743e-01,6.686951544268258107e-01,-9.350095176436206135e-01,4.171849148898167103e-02,5.194922125072963526e-02,7.154204981741292269e-01,-2.399438249430173309e-01,1.071260531492460449e-01,-9.103048624941121325e-01,-9.830994690995131791e-02,-4.682586644777514406e-02,5.561737013591769863e-01,-1.784019660096490822e-01,7.883321105266462292e-02,-4.553758070709925526e-02,5.406314935176480263e-02,5.200000000000000178e-01,-1.097024725055177452e+00,3.433388505891907805e-01,-2.943281554557106161e-01,-8.785006860007474327e-02,3.225683570037726766e-02,-1.762519122418926831e-01,4.566998189739029934e-01,-1.087529756945511794e+00,-6.285114094268533513e-01,4.990722054891335024e-01,1.575450961139668038e-01,-4.587074310509403618e-02,-7.792304651148532213e-02,-3.687244273883449330e-01
1.565747192016427383e-02,-1.217237618478372585e-01,7.367876452954109645e-01,-1.536781958298347739e-01,1.750532883882135737e-01,7.056878727833767462e-01,6.691367457832760879e-01,-9.314370634752653366e-01,3.907481084380606817e-02,4.826032550540284433e-02,7.171964448945362669e-01,-2.380463966066470316e-01,1.077158380257992598e-01,-9.102820740633983387e-01,-9.956015006031861125e-02,-4.656226622295109308e-02,5.653328494105904767e-01,-1.842284341606123810e-01,7.300905524070870622e-02,-4.787284393230459290e-02,5.113918387125837572e-02,5.200000000000000178e-01,-1.078682684150052307e+00,3.488363303087215206e-01,-3.037561062091747588e-01,-3.549719671861102654e-02,1.930472178555654381e-02,-1.729592889325975713e-01,4.492458934190891595e-01,-1.090208383984718532e+00,-6.225139944720023966e-01,4.934439950361413918e-01,1.458364223659554815e-01,-4.368767612427625069e-02,-7.840878580648051599e-02,-3.638345957531729513e-01
1.737037289575779284e-02,-1.217339825942368864e-01,7.365628086823438059e-01,-1.511223587642872290e-01,1.767561906440159036e-01,7.056170697809399650e-01,6.693458243571064337e-01,-9.288450993086395657e-01,3.220293175605693642e-02,4.202112124275835664e-02,7.145813394655807782e-01,-2.353069056944513404e-01,1.061798014965360665e-01,-9.119756515407733133e-01,-1.030872054437851904e-01,-4.587151573023184881e-02,5.716340458519406642e-01,-1.923697591875199731e-01,6.878695130330501895e-02,-5.040412069415156626e-02,4.685667741068694908e-02,5.200000000000000178e-01,-1.046182915735277552e+00,3.472564873690053844e-01,-3.082135419908921259e-01,3.719685493184705927e-02,7.009630146578300913e-03,-1.717806955834624283e-01,4.517753120850346860e-01,-1.090117113503600965e+00,-6.122123916603361415e-01,4.696769456843158386e-01,1.267293506501982470e-01,-4.126500371752729601e-02,-8.192346758760184200e-02,-3.761138290917674376e-01
1.873046984895508985e-02,-1.220607795837195531e-01,7.364830361094916178e-01,-1.481033170708284386e-01,1.776677773259547899e-01,7.058636633087058687e-01,6.695192732051006290e-01,-9.244546345352422367e-01,2.585775342172590835e-02,3.746497773846671486e-02,7.112612091905929912e-01,-2.318649157859434817e-01,1.047162326963950452e-01,-9.112075055809336632e-01,-1.062372149502053414e-01,-4.342593158078462273e-02,5.761188427317289751e-01,-1.992077567349269940e-01,6.680141469321239367e-02,-5.395791018963395913e-02,4.492202955702070954e-02,5.200000000000000178e-01,-1.024386847499288322e+00,3.489761982555159014e-01,-3.223751232612286910e-01,1.230680598619998123e-01,-1.505275853638306238e-02,-1.673106760256290737e-01,4.441023637820911141e-01,-1.093851739455491190e+00,-6.089945018790902109e-01,4.488529597287133077e-01,8.380143257333311224e-02,-4.565111730698068887e-02,-8.604358413018785290e-02,-3.826109068884632203e-01
1.961468976747761730e-02,-1.228300038293922009e-01,7.356464658807075896e-01,-1.470464155564183972e-01,1.773722652810410805e-01,7.073526174320259319e-01,6.682579635089598291e-01,-9.274847245916697513e-01,2.248778658904114491e-02,3.333498942127475356e-02,7.169917074206824115e-01,-2.311961817554497589e-01,1.064269995449944189e-01,-9.126051195731156307e-01,-1.078650003183637129e-01,-4.192022162662920048e-02,5.823859900583495675e-01,-2.060412211009868266e-01,6.826855853348837155e-02,-5.916018915011780899e-02,4.340222613355709108e-02,5.200000000000000178e-01,-1.007190827357008711e+00,3.539683229234739659e-01,-3.380500660279311398e-01,2.010965551605640722e-01,-3.732076098976191969e-02,-1.675717300246428454e-01,4.258115257461722591e-01,-1.113150240448620654e+00,-6.164802518468941450e-01,4.292135352986972685e-01,1.629037644138510085e-02,-7.218160778446948422e-02,-8.824927221827733037e-02,-3.859020378920307581e-01
1.994981130830991017e-02,-1.240388536855241558e-01,7.344544810181840022e-01,-1.476133637834808332e-01,1.784302145686176289e-01,7.080715798962922136e-01,6.670888929555723879e-01,-9.347973441304703313e-01,2.006617430106218819e-02,3.141758281381421686e-02,7.211902234597108441e-01,-2.322303222596986683e-01,1.045162081359967132e-01,-9.182314592740941084e-01,-1.092092268891692308e-01,-4.052241276933756658e-02,5.860344966204464878e-01,-2.130698896628804295e-01,7.511805377919514304e-02,-6.526997076125203023e-02,4.220399873640038463e-02,5.200000000000000178e-01,-9.833974932864039120e-01,3.569251617371456686e-01,-3.488455669038678653e-01,2.696684910416005665e-01,-5.663329329861232359e-02,-1.676887711485136045e-01,4.059185759397150872e-01,-1.141219814019122092e+00,-6.240498645424892299e-01,4.062798601478341265e-01,-8.040164515812775470e-02,-1.108460796243192631e-01,-9.328817227017013880e-02,-4.014335926859683989e-01
1.985364253732876602e-02,-1.257050145828173537e-01,7.324544989220848068e-01,-1.490639341082775071e-01,1.785132199484630311e-01,7.095374583635192245e-01,6.651838610721337863e-01,-9.469858068849928978e-01,1.846696248847720656e-02,2.817624900559124665e-02,7.325332964094375399e-01,-2.355819812452034367e-01,1.038027801546697604e-01,-9.276033506747685120e-01,-1.107413824646648476e-01,-4.136927362179933232e-02,5.966974862406667635e-01,-2.198308357436019600e-01,8.099731320617706287e-02,-7.158830522271344976e-02,3.911990922715870983e-02,5.200000000000000178e-01,-9.604068710530686559e-01,3.650641656230647070e-01,-3.675516029708246202e-01,3.339085764275698809e-01,-5.721596098647532824e-02,-1.595518492267052058e-01,3.727061325096353572e-01,-1.183636212158076129e+00,-6.336876937731746873e-01,3.891987073680926446e-01,-1.804919493407070585e-01,-1.546229547752630273e-01,-9.603018047843554783e-02,-4.089035027129316324e-01
1.948786986886387809e-02,-1.276640186314463576e-01,7.299560998998823047e-01,-1.506650975335394327e-01,1.779999504339571936e-01,7.105528814087738176e-01,6.638754768421610830e-01,-9.606045420857420858e-01,1.824746684974781763e-02,2.458069024762875310e-02,7.477643464310045340e-01,-2.425281672828237534e-01,1.043140715976242083e-01,-9.397633048881561812e-01,-1.099297836824174729e-01,-3.952658704321259514e-02,6.124124481284271004e-01,-2.260714887855439781e-01,8.486647600364169430e-02,-7.311552994387464366e-02,3.986938190678247090e-02,5.200000000000000178e-01,-9.401582009303397491e-01,3.726525116965490048e-01,-3.952145758902349537e-01,3.942878021998050264e-01,-5.178605007077655142e-02,-1.507929789656062558e-01,3.372401044335495146e-01,-1.231290959587603817e+00,-6.375096061544369697e-01,3.771265673868413604e-01,-2.851226669417173398e-01,-1.868433890801985686e-01,-1.088670268241900413e-01,-4.187692643982658391e-01
1.905780216789146678e-02,-1.297300170609486658e-01,7.256103205625878960e-01,-1.513823291172295415e-01,1.754216272183066749e-01,7.121879922625172776e-01,6.626453854153127043e-01,-9.805263380700235398e-01,2.080797174259907401e-02,2.191932569018918003e-02,7.828621234497916692e-01,-2.522798124964918953e-01,1.020714955677931440e-01,-9.562306339775629160e-01,-1.091858310414489941e-01,-3.925485172862334948e-02,6.455028265313459412e-01,-2.393140052725263589e-01,8.039064877752992444e-02,-7.166270363428151047e-02,4.235592509104862957e-02,5.200000000000000178e-01,-9.223479772237498375e-01,3.768101233502610947e-01,-4.229248771948894703e-01,4.445328831992939045e-01,-3.816827379906323481e-02,-1.439188301475330944e-01,3.092138589086584899e-01,-1.274013323873650849e+00,-6.274778220797045947e-01,3.594222224760967865e-01,-3.662764255716148276e-01,-1.932443445099605861e-01,-1.237363908974412757e-01,-4.354327192533773982e-01
1.875004427118199049e-02,-1.315365080569646516e-01,7.230325755223013795e-01,-1.529948679662035960e-01,1.745406611587848322e-01,7.129616020182559799e-01,6.616750577328871508e-01,-9.941287809831974576e-01,2.284540958190007034e-02,2.052458045846465226e-02,7.998988256620850334e-01,-2.597846736572191340e-01,9.922606440754452861e-02,-9.667940210193377570e-01,-1.084372502540948136e-01,-4.045085468902952924e-02,6.593259241132412019e-01,-2.462945734513157237e-01,8.105942673236753160e-02,-6.855824704150446924e-02,4.441352209261299061e-02,5.200000000000000178e-01,-9.124649451758011232e-01,3.741726013658144279e-01,-4.366972069290814829e-01,4.783043887370536651e-01,-3.619552568071152110e-02,-1.387941124096081225e-01,2.914699261376196837e-01,-1.307459204596587821e+00,-6.202083269620065620e-01,3.496281710792399910e-01,-4.166013535127855993e-01,-2.001737746307275523e-01,-1.290193313485827886e-01,-4.454283095239503498e-01
1.871895544034326425e-02,-1.329536535260683050e-01,7.204450747039942149e-01,-1.533000059552830641e-01,1.732984105288229715e-01,7.137538703149726160e-01,6.610765324020283495e-01,-1.007072196258357977e+00,2.418278757100097986e-02,1.912121212475133281e-02,8.218878659394646125e-01,-2.639063807443594589e-01,9.740747080441888861e-02,-9.761429937905824472e-01,-1.078320930534133332e-01,-3.996537736563002957e-02,6.767724396359792172e-01,-2.545368384194477418e-01,7.888481196273197660e-02,-6.568078170965005458e-02,4.527058671257898348e-02,5.200000000000000178e-01,-9.082289728736829826e-01,3.711368881348649507e-01,-4.457063105923083079e-01,4.942710477030521909e-01,-3.322675130988522740e-02,-1.363025426099414017e-01,2.796373073564136780e-01,-1.331223064792654842e+00,-6.161277211521699604e-01,3.451655802588747823e-01,-4.444394905724514677e-01,-2.089107731459716455e-01,-1.306667919618778317e-01,-4.486693056108890243e-01
1.901497384899769605e-02,-1.337718594627495539e-01,7.192355197741900907e-01,-1.529768985199249365e-01,1.733723265660384316e-01,7.142010042454720598e-01,6.606489464421038127e-01,-1.014573799357980199e+00,2.277094369029137449e-02,1.747638498895636577e-02,8.332214391772799766e-01,-2.614683014787737014e-01,9.522300817026646547e-02,-9.820305272693652388e-01,-1.093556668301433193e-01,-4.040706447694154824e-02,6.870858136545607842e-01,-2.590499849997229820e-01,7.628833337247734048e-02,-6.401575522491297077e-02,4.663050380963727759e-02,5.200000000000000178e-01,-9.067007025563494915e-01,3.667668086854445897e-01,-4.475031962351038728e-01,4.937900696657595012e-01,-3.437210210137325167e-02,-1.365252805132402270e-01,2.772778789761269347e-01,-1.345996456364975113e+00,-6.156630705624197564e-01,3.444198517945762372e-01,-4.522563084314216164e-01,-2.198704620681830868e-01,-1.283849157775367456e-01,-4.502947503877175461e-01
1.964065968717952290e-02,-1.339846181973746719e-01,7.183932612329989587e-01,-1.525664631425800999e-01,1.739462689904399950e-01,7.141611790183236552e-01,6.606360421681718442e-01,-1.020467481225979078e+00,2.115873499859079188e-02,1.527380959972374566e-02,8.428434118256757923e-01,-2.590665841092204547e-01,9.531648988493691965e-02,-9.876148234102820611e-01,-1.094948802989237219e-01,-3.877792689020526096e-02,6.967128369632011875e-01,-2.624288500651404954e-01,7.460115968391682617e-02,-6.486627614740049508e-02,4.765353697046553760e-02,5.200000000000000178e-01,-9.112253736036886043e-01,3.613853396032224441e-01,-4.403097944304411038e-01,4.698755530802252167e-01,-4.176626440086949471e-02,-1.418192423708664052e-01,2.834157408855742522e-01,-1.346504489964153173e+00,-6.181138128773930873e-01,3.473708516664357759e-01,-4.346199107720165600e-01,-2.302324029631462321e-01,-1.218390593486132489e-01,-4.507949111249724972e-01
2.051849362158362361e-02,-1.336878141651153817e-01,7.190529681096528014e-01,-1.507172391425234681e-01,1.755920409802844973e-01,7.134962961051669605e-01,6.613431669064411267e-01,-1.018253082039362711e+00,1.740772915402415133e-02,1.477118985798177644e-02,8.407147265385502832e-01,-2.517947639107198654e-01,9.582300359896668562e-02,-9.869967891868843823e-01,-1.120044438430059519e-01,-3.802557616320410144e-02,6.964522030717490431e-01,-2.632050503108202544e-01,7.509424808999018430e-02,-6.395491866638210177e-02,4.954319596597393099e-02,5.200000000000000178e-01,-9.240559042436714554e-01,3.551499888305204577e-01,-4.240815089995219611e-01,4.239280195207655866e-01,-4.594273257441587599e-02,-1.512312501689034028e-01,2.984104702159710021e-01,-1.332610098182250624e+00,-6.237539306409740636e-01,3.529122517208648224e-01,-3.890698641204702324e-01,-2.459325617128484964e-01,-1.081273245628254498e-01,-4.503583498693811693e-01
2.154260811328857425e-02,-1.330955009891838237e-01,7.190475252289206809e-01,-1.485928741800670028e-01,1.770950916264215635e-01,7.128118732012652670e-01,6.621606449254132665e-01,-1.018327982642133644e+00,1.401970406758164082e-02,1.434850263411925619e-02,8.451018187671648363e-01,-2.461260391998234265e-01,9.968201018514517842e-02,-9.891803668308887243e-01,-1.146187949672817785e-01,-3.690507264008575927e-02,7.030804691031978804e-01,-2.654362235548822779e-01,7.322848015101754426e-02,-6.188773577887048821e-02,5.159191291423251974e-02,5.200000000000000178e-01,-9.416754760804867397e-01,3.428007012778621632e-01,-3.950807437106380049e-01,3.543173981254092997e-01,-5.436837173854720123e-02,-1.693470328762900212e-01,3.231704272810252410e-01,-1.299765754518785066e+00,-6.303607014938331643e-01,3.602792193653331920e-01,-3.183171779980720761e-01,-2.499475544782450431e-01,-9.409791844699069707e-02,-4.465721400943030162e-01
2.251941570550314298e-02,-1.322780896969908138e-01,7.226095775649832298e-01,-1.466056277861806645e-01,1.814690916624794037e-01,7.120459875189961707e-01,6.622433618623231322e-01,-1.008325346573593295e+00,5.626939572064287506e-03,1.597221301505038007e-02,8.217285330753876238e-01,-2.256087470587894162e-01,9.474188195766369835e-02,-9.813959040365350939e-01,-1.210357518331907911e-01,-3.625168376683950838e-02,6.820386023689163357e-01,-2.564917913526345017e-01,7.308749088462614119e-02,-5.375339381999592880e-02,5.608604059817991899e-02,5.200000000000000178e-01,-9.680687496404568604e-01,3.264415348931684058e-01,-3.691278404377187350e-01,2.777278043498478954e-01,-6.659214407495778199e-02,-1.821465037688579369e-01,3.418617963429931295e-01,-1.257715310491690719e+00,-6.439155754862284642e-01,3.821099637708194052e-01,-1.922515096734911111e-01,-2.384347180155883539e-01,-6.782405326402110579e-02,-4.322863654779564579e-01
2.333069710099463720e-02,-1.316272230630043671e-01,7.233864417871279651e-01,-1.455674743174316943e-01,1.824020454382541678e-01,7.111879000201777323e-01,6.631375235240984933e-01,-1.004716976773780912e+00,8.109111215081461765e-03,2.187530598418708019e-02,8.187453324293165746e-01,-2.230086202739048895e-01,9.787915358456689141e-02,-9.816817964322016588e-01,-1.217786938656527929e-01,-3.734748265796579425e-02,6.836085308734771715e-01,-2.534393164795183950e-01,6.599766591145767025e-02,-4.341849659855070293e-02,6.829247374566956019e-02,5.200000000000000178e-01,-1.007589730089132773e+00,3.130286487684215690e-01,-3.405383629939755519e-01,1.892945994934558673e-01,-7.834230316206255984e-02,-1.879906651039919552e-01,3.804190710951871335e-01,-1.212119422463534324e+00,-6.351961237337629962e-01,4.104180560555860113e-01,-1.745960741179860068e-02,-1.621814975985881868e-01,-6.280599159249787566e-02,-4.252391877275353282e-01
2.383282972997391100e-02,-1.311262336020709018e-01,7.237534856554356244e-01,-1.447241606676126224e-01,1.824966040642361786e-01,7.109747525571131765e-01,6.635245346258326071e-01,-1.000101289966880636e+00,1.152262734881242742e-02,2.853490830826280883e-02,8.142890013674515259e-01,-2.219084775003932752e-01,9.706213359296826659e-02,-9.818586467899457215e-01,-1.235223207936154005e-01,-4.062221570868299741e-02,6.865907785924363349e-01,-2.486229160191873733e-01,5.765535604835257677e-02,-3.317551255519964742e-02,7.385612078520979729e-02,5.200000000000000178e-01,-1.046627501259692172e+00,3.166103092153218501e-01,-3.267107504889774083e-01,1.159857663975016467e-01,-6.167471470225822927e-02,-1.950958306640286632e-01,4.114784579973766454e-01,-1.181780982056685358e+00,-6.325799495637158820e-01,4.488721182830138767e-01,1.179128483120164134e-01,-8.960017315121643344e-02,-6.632439802120611294e-02,-4.067039609505239128e-01
2.399123527368107398e-02,-1.308244743203443305e-01,7.239713503687014162e-01,-1.453725099411060928e-01,1.828658667256896075e-01,7.117049158477311011e-01,6.624975629375996489e-01,-1.001020475129598353e+00,1.227052570078442095e-02,3.083664731451973146e-02,8.128531030110323075e-01,-2.196908476780218833e-01,9.488201773906954073e-02,-9.815318459712321086e-01,-1.252523943419210917e-01,-4.286673281821556242e-02,6.841855653165282991e-01,-2.477788196901749562e-01,5.646011086966620796e-02,-2.639284899590096586e-02,8.026453963415665360e-02,5.200000000000000178e-01,-1.073236571764533576e+00,3.258487139042635095e-01,-3.099246201723185878e-01,5.360785829282796455e-02,-4.230771918617365346e-02,-2.005325307317011585e-01,4.350843170353008715e-01,-1.166350170298159350e+00,-6.373664216681872441e-01,4.718526122147489454e-01,2.038406493918474005e-01,-5.575281862180061360e-02,-7.560016639515423909e-02,-3.990625739422116736e-01
2.380746557601973179e-02,-1.305891793914480126e-01,7.236603198306700291e-01,-1.460870111515434333e-01,1.813620080988526673e-01,7.125554613252773617e-01,6.618391962755614255e-01,-1.002091587230057534e+00,1.673426473217663052e-02,3.433566164747822030e-02,8.175189260735410413e-01,-2.225446732897900515e-01,9.414771680007584520e-02,-9.798042080617187510e-01,-1.244793336198751349e-01,-4.526854295588855076e-02,6.846853130188111924e-01,-2.478410083110522966e-01,5.591882705578393037e-02,-2.225080172281281715e-02,8.576707850617382167e-02,5.200000000000000178e-01,-1.095278021261999246e+00,3.313468064985340411e-01,-2.959942698735561484e-01,1.755293544313486429e-03,-3.719473405971031321e-02,-2.015821524138420584e-01,4.479011167393627257e-01,-1.153058220724432648e+00,-6.421662941605078556e-01,4.907051789102664929e-01,2.471406416996804467e-01,-4.180150607836800175e-02,-8.014197402737391340e-02,-3.911706624063909787e-01
2.338832251448190111e-02,-1.302462453311502566e-01,7.241344349279699166e-01,-1.488457934727344112e-01,1.802383688739250811e-01,7.141500200716085489e-01,6.598096763331529058e-01,-1.002548793523593051e+00,2.108900067340826329e-02,3.727197911976504185e-02,8.132468485173316441e-01,-2.262265336504739321e-01,9.247901980713792158e-02,-9.777489932558326435e-01,-1.231281075926363294e-01,-4.865624024838396261e-02,6.792769441705535094e-01,-2.441388053740727870e-01,5.903445966073203599e-02,-2.098157036655969032e-02,9.053716715180751273e-02,5.200000000000000178e-01,-1.113887728406091959e+00,3.382622552505535896e-01,-2.861704237298679510e-01,-3.492566337958664946e-02,-3.320667134110972391e-02,-2.006953903808386119e-01,4.530705074566204194e-01,-1.142786653871131097e+00,-6.438234308113507387e-01,4.985758540027551144e-01,2.618381138408563680e-01,-3.518560932742918756e-02,-8.296486450253912071e-02,-3.884861974221222591e-01
2.289789026567875391e-02,-1.297782642925786323e-01,7.244320087122622098e-01,-1.506846574674731987e-01,1.792970320502407511e-01,7.149966392030234763e-01,6.587309877562054217e-01,-1.002908320343959936e+00,2.364229556744142091e-02,3.785918319046681357e-02,8.118599243451357639e-01,-2.289700907621423920e-01,9.128072193553470048e-02,-9.750928758876773461e-01,-1.212227394831168342e-01,-4.949219799608824827e-02,6.739389291898215673e-01,-2.420947098991267366e-01,6.089307040476654026e-02,-2.027992492136262981e-02,9.289081806235313654e-02,5.200000000000000178e-01,-1.127710882893642408e+00,3.436430478396750310e-01,-2.806567085183453436e-01,-6.347907355048061639e-02,-3.152146826747610764e-02,-1.985151652384981036e-01,4.574364245174414867e-01,-1.135879169344308215e+00,-6.453703682102057693e-01,5.023128215899630433e-01,2.642522737316269077e-01,-3.054763207502393663e-02,-8.369999314354349684e-02,-3.871203589858826510e-01
2.248806340991066702e-02,-1.291521663342833082e-01,7.241650965777514104e-01,-1.522291629339116159e-01,1.789395006176361935e-01,7.154840842948209101e-01,6.579433578902919022e-01,-1.005142766119852205e+00,2.498236173257320156e-02,3.747197126558911295e-02,8.140213203985966484e-01,-2.331822019761788378e-01,8.960985252225256437e-02,-9.761447378886902726e-01,-1.201656825980381843e-01,-4.999057203744664002e-02,6.752301986181978855e-01,-2.434038749400275758e-01,6.005919422301968236e-02,-2.061473361182240144e-02,9.387815913196516371e-02,5.200000000000000178e-01,-1.131758859719909083e+00,3.468935328273138885e-01,-2.769280185081922085e-01,-8.350014821071810589e-02,-2.916428402205048162e-02,-1.967474860755406285e-01,4.586828861270317304e-01,-1.132152567070791038e+00,-6.442846201210872259e-01,5.006973739808758816e-01,2.550670794085448945e-01,-2.720694350679639384e-02,-8.484890323733405848e-02,-3.859345838119286887e-01
2.230663211900310236e-02,-1.283913751263245639e-01,7.235677436448938460e-01,-1.525010399317198451e-01,1.779917795410279058e-01,7.158574998003854883e-01,6.577312515116661151e-01,-1.006420676238480416e+00,2.639074711058969971e-02,3.705853652452633512e-02,8.209101572855329598e-01,-2.379323919898566342e-01,8.892367769471465344e-02,-9.765711508976202548e-01,-1.186917406754894461e-01,-4.881720743393882372e-02,6.811435463074889674e-01,-2.474645105502023823e-01,5.855871385790971384e-02,-2.158232708990080392e-02,9.445476198764786446e-02,5.200000000000000178e-01,-1.132533366190606738e+00,3.489421943246643898e-01,-2.745514244063884668e-01,-9.685834171810397963e-02,-2.481273648814349628e-02,-1.944741722767449332e-01,4.607855917349157893e-01,-1.125430812982638251e+00,-6.419576831976905318e-01,4.962535196686701511e-01,2.430230796294793327e-01,-2.486531867305537269e-02,-8.572635872753385511e-02,-3.870919967976258480e-01
2.241466901090637814e-02,-1.274946873637152478e-01,7.228788764876888928e-01,-1.520670010226259083e-01,1.769662683064258668e-01,7.162404193911690031e-01,6.576915908783114162e-01,-1.007242512720421201e+00,2.756129376213059187e-02,3.669583761830528396e-02,8.296188615464081817e-01,-2.415611280418438755e-01,8.932742519890987665e-02,-9.768911339528152382e-01,-1.176940182253323336e-01,-4.772565615251703197e-02,6.897472726366964402e-01,-2.529103465955909180e-01,5.637122382570241425e-02,-2.263544506462483730e-02,9.371633219785491242e-02,5.200000000000000178e-01,-1.130526812388834124e+00,3.494122958165579163e-01,-2.709680250929063505e-01,-1.068061287559172873e-01,-1.948952085333879869e-02,-1.940616223262739137e-01,4.644950598187422841e-01,-1.116746596531090097e+00,-6.405065462950593203e-01,4.906278122677324438e-01,2.288993779144810337e-01,-2.456846363391615440e-02,-8.697992346743144143e-02,-3.872233367752259126e-01
2.280117746672492146e-02,-1.264725517506744001e-01,7.219749039031349014e-01,-1.512923441296092908e-01,1.764480818605902168e-01,7.164841963178633089e-01,6.577439451961766270e-01,-1.008267372716991517e+00,2.807161112554042853e-02,3.636004904642200358e-02,8.387093236696421261e-01,-2.452617469451626175e-01,8.890947039166777199e-02,-9.785134520811606951e-01,-1.171861416918288656e-01,-4.603041613138530996e-02,7.005154447070742751e-01,-2.601907771669752512e-01,5.318567314112614131e-02,-2.421109806807464696e-02,9.219769482576618824e-02,5.200000000000000178e-01,-1.128121089487684747e+00,3.507355301754693233e-01,-2.684814962495477020e-01,-1.139869268446844913e-01,-1.397190163298001574e-02,-1.936481489872729500e-01,4.667866272958405283e-01,-1.108531953642962753e+00,-6.415650979966446288e-01,4.868842094984319746e-01,2.126383822683449720e-01,-2.640907750963146852e-02,-8.735594708566309097e-02,-3.839876607850631340e-01
2.342813001401564468e-02,-1.253559491684292371e-01,7.206301371736411054e-01,-1.500155058859859725e-01,1.759950444117982793e-01,7.167489654316315795e-01,6.578692977248181695e-01,-1.010077741170557930e+00,2.824720232643321630e-02,3.591505316927402075e-02,8.509556483089484313e-01,-2.497105897608570546e-01,8.809649742762311331e-02,-9.820158767944745515e-01,-1.170458297096935996e-01,-4.374802932328215183e-02,7.166561520377133787e-01,-2.701473240100774054e-01,4.732589232481910352e-02,-2.555432937232581664e-02,8.961301104511594506e-02,5.200000000000000178e-01,-1.121702091471866725e+00,3.531332568651331383e-01,-2.698071288957623604e-01,-1.104188874715364838e-01,-8.105361727530957516e-03,-1.933340957513454417e-01,4.628356527960154065e-01,-1.105956418304903544e+00,-6.444396343169360719e-01,4.843388331512597511e-01,1.920227919464661259e-01,-3.120940392719159795e-02,-8.809166225595188582e-02,-3.771728103032850332e-01
2.421579618594789027e-02,-1.241528190055519870e-01,7.191883773841334371e-01,-1.491578038797796713e-01,1.755137212234864630e-01,7.167463537960290232e-01,6.581956757106066647e-01,-1.012468528481753172e+00,2.927903416040560092e-02,3.459893238207747967e-02,8.639262577016740829e-01,-2.565243266617228679e-01,8.813046327494451770e-02,-9.848941739170359311e-01,-1.150668432383938483e-01,-4.081037787389388966e-02,7.304046844293917706e-01,-2.811943674275237393e-01,4.235149707266085140e-02,-2.916896507601770411e-02,8.567133299209789277e-02,5.200000000000000178e-01,-1.110670004058108118e+00,3.550309749028288109e-01,-2.771011547530287666e-01,-9.499261561097283035e-02,-8.190855809375559987e-03,-1.916610366087922179e-01,4.512565999032065456e-01,-1.110825681715876367e+00,-6.474717991650780213e-01,4.834774280111667211e-01,1.669265433249661756e-01,-3.497371302906116669e-02,-8.920858225784858431e-02,-3.674429431837443194e-01
2.508528791145243561e-02,-1.229226340525613331e-01,7.179155174033411413e-01,-1.479533973826882010e-01,1.747623510229591171e-01,7.165377833101030935e-01,6.588941629403703981e-01,-1.012909257123061346e+00,2.956440181398466496e-02,3.123833666132828923e-02,8.756262999383160883e-01,-2.640925904104672872e-01,8.644497159396589969e-02,-9.857367869371003177e-01,-1.125460918379774106e-01,-3.815562299089758636e-02,7.422309890172551494e-01,-2.926499617095769668e-01,3.703392839113069795e-02,-3.562529465321445654e-02,7.978426516172396066e-02,5.200000000000000178e-01,-1.088987993977286184e+00,3.563418591041163097e-01,-2.899010775941417428e-01,-5.665720351308888014e-02,-1.276664912461410867e-02,-1.878022304994937941e-01,4.376976725965899817e-01,-1.123689433211235489e+00,-6.472107706372530744e-01,4.769671347603191558e-01,1.266338842622066752e-01,-3.819132926936041894e-02,-9.192046085281885270e-02,-3.614455132374748692e-01
2.601685628754145385e-02,-1.216819727865489642e-01,7.176895231883936299e-01,-1.478556263983821228e-01,1.749258220507304007e-01,7.159200649597597943e-01,6.595438811104467058e-01,-1.010524659117851831e+00,2.797370196842123222e-02,2.473627361813874465e-02,8.760881267458721089e-01,-2.721573787695298341e-01,8.853513483593690447e-02,-9.858192515282452328e-01,-1.079177380276261228e-01,-3.345846222328725805e-02,7.461648763316215405e-01,-2.984302201957533818e-01,3.548926922636810866e-02,-4.266910303487810030e-02,7.003898904235478229e-02,5.200000000000000178e-01,-1.059652747562792152e+00,3.552699607656833458e-01,-3.084187921198561777e-01,1.108045024307305684e-02,-2.229928904980794588e-02,-1.784135024970566197e-01,4.157012785144580391e-01,-1.149725543195891042e+00,-6.470301381281871045e-01,4.706310310562105692e-01,6.271423010714587132e-02,-5.466148069729074438e-02,-9.449386660607539401e-02,-3.501830526796965715e-01
2.693956874345734831e-02,-1.206588900576440471e-01,7.161203869080366990e-01,-1.441833299552311431e-01,1.718713691079431227e-01,7.158348422342353246e-01,6.612502389318808405e-01,-1.002906215184931060e+00,2.576090368629369368e-02,1.626507668588295444e-02,8.879812047507629202e-01,-2.878410863908382744e-01,9.054638953560412151e-02,-9.816479146522270050e-01,-1.041574036736753889e-01,-2.916581623072575513e-02,7.629021825282212843e-01,-3.118146490708700314e-01,3.744432079116454676e-02,-5.099772423954917339e-02,5.889274952001066071e-02,5.200000000000000178e-01,-1.024778213202855559e+00,3.503738746474711618e-01,-3.193045564341636111e-01,1.071699866057371775e-01,-4.358381913920036932e-02,-1.671086787099972104e-01,3.919418467136293049e-01,-1.176897458827148135e+00,-6.407921531316382868e-01,4.433256008618206567e-01,-3.699600442275856327e-02,-9.642166494227916163e-02,-9.498544788283858065e-02,-3.504714058038599367e-01
2.793934497112519205e-02,-1.198671041082598338e-01,7.116484653463195365e-01,-1.396538090860185710e-01,1.665900989003935850e-01,7.175292655236253925e-01,6.617373388839787873e-01,-1.006143374473661201e+00,2.422723532689397691e-02,6.241112771813595722e-03,9.256834726172393779e-01,-3.024503360603265079e-01,9.107936232625092610e-02,-9.832103989652282161e-01,-1.035416870565563918e-01,-2.905632930823563720e-02,8.007113407386323711e-01,-3.332131297206131215e-01,4.331491619867063048e-02,-6.240234992749379289e-02,4.818778637822916655e-02,5.200000000000000178e-01,-9.915315571815771500e-01,3.502503670665372271e-01,-3.505289080250043598e-01,2.459710097586680910e-01,-5.125054518360386974e-02,-1.531602387087067918e-01,3.302275686691623635e-01,-1.224121722968693371e+00,-6.489527357813373865e-01,4.132141151822756875e-01,-1.784072838506673975e-01,-1.756276175107679693e-01,-9.718421978800208250e-02,-3.431160805016811310e-01
2.894255240371288243e-02,-1.191238851611175625e-01,7.058223709940726343e-01,-1.379021166097909035e-01,1.627035737594524911e-01,7.189136924491729141e-01,6.615690864373411362e-01,-1.019961181168976827e+00,2.641217876882143156e-02,-3.712164176204145460e-04,9.710028994645050204e-01,-3.209499363799450111e-01,9.409103025988324598e-02,-9.952386773264011444e-01,-1.010539911021483550e-01,-2.939552373911055727e-02,8.460419429865302376e-01,-3.568965887412713922e-01,3.909048927036117699e-02,-6.736321693338795380e-02,4.289944898522305566e-02,5.200000000000000178e-01,-9.769543458021135995e-01,3.499707429124794822e-01,-3.649797151611911539e-01,2.840895570548974680e-01,-4.818360648397029128e-02,-1.528555269281605677e-01,3.148521806699910441e-01,-1.243410992406969173e+00,-6.420977814946674522e-01,3.941759604494329827e-01,-2.326066573241358793e-01,-1.820139306111237532e-01,-1.072266845624492426e-01,-3.514719547387993304e-01
2.992947993816090849e-02,-1.184491348836423097e-01,7.043352133766120904e-01,-1.369170840101454623e-01,1.642139104232974989e-01,7.178608201125216137e-01,6.625430904303701851e-01,-1.024774674606209190e+00,2.670082660628173704e-02,1.714855582635274600e-03,9.829487226767171792e-01,-3.251389782430735287e-01,9.755282574078008584e-02,-1.001525423978437690e+00,-1.006057985141140393e-01,-2.656611544317970253e-02,8.581966127372454567e-01,-3.676895909794269945e-01,3.467885538656056282e-02,-6.483532649039008833e-02,4.086909066266070784e-02,5.200000000000000178e-01,-9.797432589297440098e-01,3.404451969951726165e-01,-3.542538449049040250e-01,2.464900741551315499e-01,-5.176885358003355947e-02,-1.644672081585777101e-01,3.220544380789893135e-01,-1.231928949788232641e+00,-6.402697808436367266e-01,3.953297964381068952e-01,-2.036086116410840696e-01,-1.865600855416723325e-01,-9.807673183357221158e-02,-3.587212113394613322e-01
3.087740218279092994e-02,-1.177958332760688925e-01,7.065367384251268756e-01,-1.373920915078684080e-01,1.698249623717353884e-01,7.151809676599825139e-01,6.639270131900516514e-01,-1.022249268826586066e+00,2.626966271422070953e-02,9.472222315440093077e-03,9.651834620202008885e-01,-3.169034442743034474e-01,8.983140833559002947e-02,-1.003147531568436168e+00,-1.021265266939423155e-01,-2.375313867636035664e-02,8.419821629277559616e-01,-3.650462813284888752e-01,3.139435993685071175e-02,-5.680291362377996867e-02,4.215007632726734677e-02,5.200000000000000178e-01,-1.000353308234145366e+00,3.289970233929365162e-01,-3.150647382903675742e-01,1.491145642494095258e-01,-5.258437982263063082e-02,-1.784612265929915176e-01,3.615506505669714987e-01,-1.203256690808492291e+00,-6.436196277433472446e-01,4.174495329718111991e-01,-8.494142411921985769e-02,-1.623905751243401863e-01,-7.428791371192762505e-02,-3.564652952609439485e-01
3.191258320360107481e-02,-1.174346015784652336e-01,7.060565109022711727e-01,-1.383177307282410506e-01,1.726832977248628775e-01,7.144375331168986154e-01,6.637979326021559157e-01,-1.031326190167318302e+00,3.263318551953627022e-02,2.098994491213983238e-02,9.712940771094067394e-01,-3.075777185929643442e-01,9.191189843560487738e-02,-1.013026831657029447e+00,-1.053496150178611646e-01,-2.764776540952009615e-02,8.491407965733166474e-01,-3.634931309647246311e-01,2.228841919398478338e-02,-4.623761805843830397e-02,4.537044682762080006e-02,5.200000000000000178e-01,-1.044023587046831736e+00,3.325662373412979766e-01,-2.896835209986114434e-01,4.223019627998064740e-02,-3.944600250979026640e-02,-1.865736493100928206e-01,4.030061754069695912e-01,-1.173321358216700805e+00,-6.412367930785454195e-01,4.515108303514546173e-01,4.752949857765736974e-02,-1.024894208990171363e-01,-6.736265784913771093e-02,-3.502502456344832593e-01
3.291439741743371755e-02,-1.174083902887183284e-01,7.030477762103415351e-01,-1.377805045335466216e-01,1.723365571875679347e-01,7.156368826539899475e-01,6.627069456498072553e-01,-1.043596449319763142e+00,3.702099772578068548e-02,2.593270061269919644e-02,9.950502768858727753e-01,-3.067301420964370640e-01,9.270378319426987590e-02,-1.024782072330352678e+00,-1.089696539176312207e-01,-3.154601368563200725e-02,8.751590969998003233e-01,-3.702684395340262169e-01,1.459885091534102869e-02,-4.013296379542737047e-02,5.207546722800823064e-02,5.200000000000000178e-01,-1.073074586119006746e+00,3.392106101647811567e-01,-2.762162754671069198e-01,-3.890464650406192521e-02,-2.312597711700416572e-02,-1.914800986755253731e-01,4.295852851332797040e-01,-1.149649934133588403e+00,-6.468784118917941806e-01,4.711612036825871264e-01,1.431483358769152225e-01,-6.740748983387419291e-02,-7.264113582933419411e-02,-3.554818409057124984e-01
3.380705606087880399e-02,-1.175383296595798877e-01,7.004201172819570775e-01,-1.371937888792974791e-01,1.717779803088694268e-01,7.166914595098037299e-01,6.618334697185200843e-01,-1.052107565767385067e+00,3.892916327015560896e-02,2.688159321862028037e-02,1.012934794779113856e+00,-3.104419418642482831e-01,9.315897900105601925e-02,-1.033056540438266113e+00,-1.099972259127550284e-01,-3.189935929931383279e-02,8.955091057804858146e-01,-3.795980943670917429e-01,1.214902693452803856e-02,-3.765710353706189922e-02,5.583890285843509660e-02,5.200000000000000178e-01,-1.082702569117984570e+00,3.458642697951817002e-01,-2.683319325150996804e-01,-7.843402526951906428e-02,-1.204756896480741607e-02,-1.892566676800703229e-01,4.365487035255539161e-01,-1.138032497132342558e+00,-6.515664131124061509e-01,4.838841371603868069e-01,1.745908804863673947e-01,-6.092497190870300311e-02,-7.811340449313664003e-02,-3.518237431270080373e-01
3.449554235910809452e-02,-1.177996872436055109e-01,6.982918484034468243e-01,-1.359781798760714144e-01,1.716326418194496217e-01,7.165328383695730441e-01,6.622936375941638198e-01,-1.055926942595818208e+00,3.837377848580549727e-02,2.529810700138934720e-02,1.024728917244172033e+00,-3.183222921255898785e-01,9.233930087868202907e-02,-1.039096788292766416e+00,-1.095779367103646151e-01,-3.023549602401488443e-02,9.110561143250486271e-01,-3.897263259345120634e-01,8.585397903640155579e-03,-3.828237546843624856e-02,5.756510627103531008e-02,5.200000000000000178e-01,-1.076864827006722480e+00,3.517298007713137165e-01,-2.643626159812067500e-01,-7.825602911384782479e-02,-4.435636206434931395e-03,-1.858273174764510371e-01,4.411748770145940690e-01,-1.130735230059481955e+00,-6.529130412215752299e-01,4.887765109469624503e-01,1.773510254368686201e-01,-7.064938747864786539e-02,-7.905050207160636833e-02,-3.515555903120152759e-01
3.496912679338533975e-02,-1.182520041810462275e-01,6.960939882022004754e-01,-1.335913617533167896e-01,1.708618036308766908e-01,7.161357995491708373e-01,6.634071967720629459e-01,-1.058272484150012183e+00,3.639418645912339406e-02,2.282106610001483765e-02,1.039671486473686679e+00,-3.257069006462854355e-01,9.144435206498306712e-02,-1.041666858615459379e+00,-1.077827621857251478e-01,-2.558194078100547303e-02,9.249251078150317884e-01,-4.037317449408788783e-01,6.150537925897359842e-03,-4.181351599751359505e-02,5.730515326880665505e-02,5.200000000000000178e-01,-1.053382480313097558e+00,3.503794281337257455e-01,-2.712916862302724996e-01,-4.972820936012219833e-02,-8.782213664709662831e-03,-1.832513102696930463e-01,4.349864874315632068e-01,-1.133224181306232037e+00,-6.512352440654450847e-01,4.851924913650185744e-01,1.513051225850387815e-01,-7.858092517583009640e-02,-8.239079399941977300e-02,-3.514612781902603511e-01
3.519682107501183321e-02,-1.189232273765838122e-01,6.931302314553978716e-01,-1.312288242124931281e-01,1.691651523573853844e-01,7.156828793126435162e-01,6.648008447516233765e-01,-1.062078418359039045e+00,3.527650700753834356e-02,1.891273988649191246e-02,1.059418576344550278e+00,-3.358361289898857960e-01,9.058944252705453115e-02,-1.045206027688727835e+00,-1.047352954434155048e-01,-2.104250751199900071e-02,9.423695259090196785e-01,-4.187014357312144330e-01,2.070290272992571061e-03,-4.775592734634465097e-02,5.371274358053170633e-02,5.200000000000000178e-01,-1.026494074868683937e+00,3.470394418333162534e-01,-2.815924636806586001e-01,4.411428496633494969e-03,-2.143623784916447172e-02,-1.811498929135158809e-01,4.292240246660393166e-01,-1.149182247307104499e+00,-6.444445123670404785e-01,4.740551532115721001e-01,9.927118496954097371e-02,-8.705016179537565513e-02,-8.832251156078221865e-02,-3.548822955837715454e-01
3.522716203255499973e-02,-1.199387750400823099e-01,6.907995050775729284e-01,-1.274944612834172375e-01,1.635327389534907694e-01,7.158788211865160234e-01,6.667231201998500278e-01,-1.054751021735879313e+00,3.576381920704552186e-02,1.170318932677165066e-02,1.073886764517794523e+00,-3.554661151278596387e-01,1.000701521951497530e-01,-1.040184118110401235e+00,-9.665075775277424952e-02,-1.449130227830290434e-02,9.589143231143256729e-01,-4.265788329230981724e-01,6.902630052962972426e-03,-5.546213365067829970e-02,4.900549474191697591e-02,5.200000000000000178e-01,-9.946770881168514045e-01,3.410728715518790422e-01,-3.028519911681155641e-01,8.741185323761044290e-02,-4.916416448019800267e-02,-1.709877590197683150e-01,4.065545341126007295e-01,-1.170874524129642547e+00,-6.344841810104994151e-01,4.608160528327743255e-01,1.139402710133422675e-02,-9.881235184785487624e-02,-9.413572626679926614e-02,-3.558593337239877585e-01
3.508045516464769475e-02,-1.213165773518224272e-01,6.857902789648899766e-01,-1.200919957702005908e-01,1.559170057299745782e-01,7.171060290448506569e-01,6.686005855394188124e-01,-1.050506038317829738e+00,2.836022172614589831e-02,-2.579359468423508134e-03,1.108055384690986633e+00,-3.708382321375389146e-01,9.992566504926037041e-02,-1.037479341014356571e+00,-9.320180612561414224e-02,-7.545895540700571502e-03,9.961950336253245775e-01,-4.415502253097595697e-01,1.360946111623599977e-02,-6.418570719477044439e-02,4.308482332314577529e-02,5.200000000000000178e-01,-9.540296127357779099e-01,3.395393640298041138e-01,-3.354686604215610934e-01,2.244431983849835555e-01,-4.482609383163640299e-02,-1.552319370163240675e-01,3.504269594184826198e-01,-1.207785464364782291e+00,-6.310005186404183952e-01,4.213243329419483763e-01,-1.252373197290524431e-01,-1.718315284124158349e-01,-9.708672964197245792e-02,-3.610298509229419306e-01
3.485435090346124948e-02,-1.227262973179458760e-01,6.791505233166088562e-01,-1.155623642204119395e-01,1.494219079211442369e-01,7.185363180800951044e-01,6.693459441939521026e-01,-1.056474427492055668e+00,2.909480802257823073e-02,-8.050610745715489069e-03,1.148636224609904222e+00,-3.907056375153209471e-01,1.036670427536584005e-01,-1.044361716106260607e+00,-9.245572326073488167e-02,-8.222118682307315296e-03,1.040308431003450051e+00,-4.584921894806989195e-01,1.344920181283183747e-02,-6.825144877724850789e-02,3.973304026798837180e-02,5.200000000000000178e-01,-9.388717260674444010e-01,3.379414276195270572e-01,-3.643062960897318625e-01,2.859383172699327957e-01,-4.041275981336359818e-02,-1.478423298711677436e-01,3.209579122750603752e-01,-1.233363379437300900e+00,-6.241520134762100769e-01,4.023259887146936609e-01,-2.213402831931908232e-01,-1.871616190095535814e-01,-1.123915183182539329e-01,-3.611823250399078256e-01
3.454034502030804005e-02,-1.240544245149053787e-01,6.767481198249991614e-01,-1.156449789725957772e-01,1.491742653672345764e-01,7.177882072735034535e-01,6.701890530959622172e-01,-1.063291126307646550e+00,2.955934226131155113e-02,-9.138924207041543291e-03,1.159501387865959909e+00,-4.011182995602082801e-01,1.098380252392447687e-01,-1.053578403735403013e+00,-9.008861035144191676e-02,-5.642882967312162767e-03,1.052978806061082295e+00,-4.616456663974947139e-01,1.412949703331232640e-02,-7.017249011548738757e-02,3.874206647086110566e-02,5.200000000000000178e-01,-9.483091429684842311e-01,3.341269187985678180e-01,-3.660942592241543947e-01,2.643016919756742689e-01,-4.750297865126219821e-02,-1.561989196923786460e-01,3.171394808660800146e-01,-1.223577573271518615e+00,-6.187410089824589843e-01,3.992413560521508864e-01,-2.100296917975637556e-01,-1.744232085975258029e-01,-1.031016811109993631e-01,-3.566812945446325989e-01
3.420739338735771795e-02,-1.251883698360479746e-01,6.803593000198324692e-01,-1.199928503046487072e-01,1.567172148923033637e-01,7.147916764522079802e-01,6.709055743596160637e-01,-1.066964220140867781e+00,2.791948991631450910e-02,-3.212114081339118021e-03,1.129951874270342715e+00,-3.937090484258485290e-01,1.093790104568829330e-01,-1.061526739689242271e+00,-8.900602796123922855e-02,3.105692740616033953e-05,1.024939778536924972e+00,-4.492403256006403667e-01,1.627078538214815628e-02,-6.421058985820413123e-02,3.742871271505642666e-02,5.200000000000000178e-01,-9.722013397399987822e-01,3.191768444400233107e-01,-3.318816739974191354e-01,1.750292112869849814e-01,-5.360270369601794621e-02,-1.706174650023189188e-01,3.519153228799259958e-01,-1.196500166868083026e+00,-6.291887976898933310e-01,4.279254986117172477e-01,-1.060476741603328110e-01,-1.700941566964453144e-01,-7.526958224747923309e-02,-3.513388558519357496e-01
3.401411059073826404e-02,-1.264866849412291661e-01,6.808755947571570877e-01,-1.225720018786832788e-01,1.604782134170991692e-01,7.138704728806748445e-01,6.705309801366590161e-01,-1.079337901984508408e+00,3.481048258622150560e-02,9.472829803915155250e-03,1.127867016077624296e+00,-3.767946000364884029e-01,1.081635095611263031e-01,-1.073821979722646924e+00,-9.423025384082088507e-02,-4.913810942711250435e-03,1.022409195002302429e+00,-4.379462497916151165e-01,5.743254484509573675e-03,-5.328039260627395746e-02,4.071855147358383054e-02,5.200000000000000178e-01,-1.018135718106780940e+00,3.185488103170279750e-01,-3.091214702878727349e-01,6.306447757624636385e-02,-4.583661462801354863e-02,-1.796390030973859520e-01,3.911626819616735307e-01,-1.181975163038701426e+00,-6.370496933815545937e-01,4.831850585410414900e-01,4.774436215853068710e-02,-1.082396435385328676e-01,-6.799043072838936719e-02,-3.374691639471115168e-01
3.394571530041421564e-02,-1.278004037963338668e-01,6.790814138958261026e-01,-1.252388382134950462e-01,1.631455332062236308e-01,7.143594358195520799e-01,6.688717103102513883e-01,-1.096473773819544473e+00,3.955168674926339695e-02,1.783065251508070964e-02,1.136723849930650454e+00,-3.688082690068840708e-01,1.067042958815056092e-01,-1.089454451347295683e+00,-9.990367140756449549e-02,-9.773089570729656672e-03,1.031133675023870655e+00,-4.353164406241545326e-01,1.612939836320725212e-03,-4.470787479795606395e-02,4.525238411007310307e-02,5.200000000000000178e-01,-1.063594087713359171e+00,3.273274203656001413e-01,-3.010219531384407676e-01,-1.366947946257548660e-02,-2.422741621834558629e-02,-1.814245647021015262e-01,4.126291313678262518e-01,-1.171985202143232208e+00,-6.481016256455998104e-01,5.246832373493727220e-01,1.586821351399664848e-01,-8.347889445946968245e-02,-6.409218052220259920e-02,-3.295570622306841502e-01
3.393962964465740972e-02,-1.292276757175832846e-01,6.771931184234425416e-01,-1.274599848236086241e-01,1.635048828552927158e-01,7.152784240820770911e-01,6.673806122400481877e-01,-1.109046161434221300e+00,4.312983673213140190e-02,1.998639011358436732e-02,1.145627302521342372e+00,-3.692322789095169311e-01,1.068221880906594506e-01,-1.100204920955506038e+00,-1.005914221940650000e-01,-1.165342581329523522e-02,1.039755434727506866e+00,-4.349474456116934618e-01,3.706740373637473426e-03,-4.229831353552474665e-02,4.979122783220126663e-02,5.200000000000000178e-01,-1.089209477325456366e+00,3.334398442521286365e-01,-2.920071442078721047e-01,-5.708814341341174325e-02,-1.370963622665505310e-02,-1.809814052245060645e-01,4.267142550355022546e-01,-1.166667295818763828e+00,-6.557185908760443382e-01,5.472747197856511203e-01,2.085921326773499396e-01,-7.538261223857152526e-02,-6.685227797190464172e-02,-3.247684810723375781e-01
3.395607833413223642e-02,-1.306601680418376932e-01,6.750351053753925745e-01,-1.288191151398528356e-01,1.636718221167145215e-01,7.156654514837814673e-01,6.666634321545569231e-01,-1.119670727940269117e+00,4.384166069517669850e-02,1.863946973594104994e-02,1.155188108962584392e+00,-3.727728298408375385e-01,1.067177960855243968e-01,-1.111480888083821839e+00,-1.002299152851651998e-01,-1.195028404945148656e-02,1.052296316125947984e+00,-4.350138320449870588e-01,4.298187849511157788e-03,-4.293291756324908726e-02,5.234334563936164642e-02,5.200000000000000178e-01,-1.090296174576819821e+00,3.392443583311776090e-01,-2.918163012409488721e-01,-6.333734809060634352e-02,-1.097703884498087146e-02,-1.781306940479208123e-01,4.307540947832002587e-01,-1.161316660726469330e+00,-6.553521244419370229e-01,5.531255266481105437e-01,2.180411162656372415e-01,-7.165320058810861759e-02,-6.987170155534866423e-02,-3.250318589305609684e-01
3.396884091035545783e-02,-1.321549493595437774e-01,6.719862027129468451e-01,-1.278633821149786909e-01,1.636197097207444384e-01,7.157356647149574203e-01,6.667848261321300818e-01,-1.128405355839636082e+00,3.929613872300019572e-02,1.406192342595364436e-02,1.169953124482123519e+00,-3.788149519263598330e-01,1.053852794875587140e-01,-1.120957038702334874e+00,-9.907341988000972766e-02,-7.295806165357358181e-03,1.069357185506322416e+00,-4.457210942784909924e-01,-4.893768125238517203e-04,-4.558238140392822241e-02,5.222841114459576134e-02,5.200000000000000178e-01,-1.063567226107450692e+00,3.424590421688108455e-01,-2.926622818434794215e-01,-2.707050461298343702e-02,-2.222517257039079847e-02,-1.779573670680965614e-01,4.311292440825718608e-01,-1.160714174282154065e+00,-6.539003221056177706e-01,5.453954041650587170e-01,1.987409629404928435e-01,-7.241815207725939285e-02,-7.421158153624837772e-02,-3.256467144270919212e-01
3.393750338223299606e-02,-1.337983401823953644e-01,6.669368187351442101e-01,-1.253474699746592869e-01,1.607404422948404688e-01,7.159986797196885577e-01,6.676798728593461574e-01,-1.140253657207003668e+00,3.597368083004037764e-02,6.286769910865352973e-03,1.202159343466294716e+00,-3.843332940845937684e-01,1.081000527643025261e-01,-1.129526982280304015e+00,-9.605022501304856519e-02,-3.237847995223759601e-03,1.097005206493134155e+00,-4.608342686590923831e-01,-5.655692156276412308e-03,-5.312915163282487530e-02,4.888031750862013164e-02,5.200000000000000178e-01,-1.034019954369388206e+00,3.474157104614373215e-01,-3.015124155962866648e-01,3.101654545146880285e-02,-4.947296693718154781e-02,-1.750901983244652349e-01,4.172406165167295566e-01,-1.161565800882878641e+00,-6.415201050635579438e-01,5.228180033718263786e-01,1.542401653337328316e-01,-5.673022061095385482e-02,-8.106328091111325573e-02,-3.222104826737456351e-01
3.380758345235460732e-02,-1.356506339428538710e-01,6.615528131382724109e-01,-1.211561921241055412e-01,1.553966330130314710e-01,7.180315845487623694e-01,6.675355474793776001e-01,-1.145315072950467084e+00,2.999204262370704088e-02,-3.048520893002403670e-03,1.233023781433433275e+00,-3.975629416208126821e-01,1.119870079578485778e-01,-1.132441679574281101e+00,-9.314183293786545970e-02,2.318556829772753375e-03,1.128573126192654374e+00,-4.793524090236920276e-01,-6.086880704499936928e-03,-6.054733496695952760e-02,4.803843696409831887e-02,5.200000000000000178e-01,-9.878648754744224769e-01,3.539053733568621185e-01,-3.157648583164508471e-01,1.435732324803148108e-01,-7.928462970172066304e-02,-1.643214703030435597e-01,3.929516381644069800e-01,-1.163491787638802233e+00,-6.367720052065619640e-01,4.854434666918489016e-01,6.088887688863987152e-02,-7.870025207570638393e-02,-8.945868875228085715e-02,-3.361183210942493282e-01
3.358361252724747364e-02,-1.376695243825069581e-01,6.533177945712612678e-01,-1.162823735024786642e-01,1.493553463764160372e-01,7.213413573442057913e-01,6.662117053206350059e-01,-1.156884585745033389e+00,2.275550298854682463e-02,-1.199982960673582309e-02,1.277989777283069950e+00,-4.146660096539677709e-01,1.088881539434770201e-01,-1.139721412140891399e+00,-9.628608603403934763e-02,3.224046830522695264e-03,1.173441469047664665e+00,-5.082358460259559507e-01,-3.810010303668294462e-03,-7.042402406933102876e-02,4.458251972486076964e-02,5.200000000000000178e-01,-9.499732478490084953e-01,3.603566678667183831e-01,-3.417064407736354337e-01,2.497464797138927162e-01,-9.057608920326122581e-02,-1.598615213568887194e-01,3.523899232570273932e-01,-1.171479751590564167e+00,-6.360863018242814970e-01,4.313251368269725994e-01,-9.688136584491632841e-02,-1.336544506931931775e-01,-9.754598263056697693e-02,-3.554966846335914643e-01
3.327410766843145323e-02,-1.395202671912167403e-01,6.456368087526080934e-01,-1.145112790080809601e-01,1.449166303952262036e-01,7.234983012724005569e-01,6.651590375773128727e-01,-1.173515884653784092e+00,2.088939284635201246e-02,-1.833941804949493562e-02,1.318014047683857992e+00,-4.291003678152504053e-01,1.079716033568047656e-01,-1.152679839006152562e+00,-9.547576882910221996e-02,4.097868672728228329e-03,1.213085866343563302e+00,-5.280182586698192182e-01,-8.171273040368902396e-03,-7.521169628325040379e-02,4.470260069075037562e-02,5.200000000000000178e-01,-9.239260819829308025e-01,3.684380150612722171e-01,-3.583232164265821029e-01,3.039444326769812910e-01,-8.880407916014293468e-02,-1.542129957936008988e-01,3.228110705487417520e-01,-1.186479351838482410e+00,-6.347294575045289156e-01,3.978466423519234074e-01,-2.111818445922680476e-01,-1.457165479395864938e-01,-1.126677705031534915e-01,-3.550712481326854797e-01
3.295681583448066554e-02,-1.412168828918439478e-01,6.391521147465891728e-01,-1.132939339392554645e-01,1.406536606349357843e-01,7.258365256927791220e-01,6.637336591229910931e-01,-1.188576846097634254e+00,2.450715669865145135e-02,-1.836283730612831705e-02,1.351730968758200424e+00,-4.382407250327095549e-01,1.084159396674282266e-01,-1.163065809620370983e+00,-9.575774887624777243e-02,3.100999155313914624e-03,1.245959356188574008e+00,-5.431827468951854199e-01,-1.344755971321406202e-02,-7.713208123188591836e-02,4.450953376358855740e-02,5.200000000000000178e-01,-9.062978854429563080e-01,3.716004697786975952e-01,-3.802182077985846176e-01,3.442157151325245246e-01,-8.440171436068771849e-02,-1.502872543463154575e-01,2.984778158071970111e-01,-1.203153704072824848e+00,-6.235969601336296408e-01,3.750557621957193999e-01,-3.060589700270667235e-01,-1.327662730659256718e-01,-1.294586044275441439e-01,-3.585353342101958996e-01
3.258561731071976664e-02,-1.426257664221896593e-01,6.346319863760490065e-01,-1.128506424101172884e-01,1.376055513135812369e-01,7.270747634469411080e-01,6.630925524494174494e-01,-1.199538574888770137e+00,2.688213674819420890e-02,-1.985803806511917541e-02,1.374517563301341339e+00,-4.460508288188634318e-01,1.071980944699171268e-01,-1.170304064036516323e+00,-9.420440761515103123e-02,3.159897949312581722e-03,1.266634324613217677e+00,-5.530475791561151322e-01,-1.286829195363745765e-02,-7.777898022305229642e-02,4.319757129913399940e-02,5.200000000000000178e-01,-9.011304347873124732e-01,3.723032125437732986e-01,-3.938072756973861610e-01,3.646067120179771193e-01,-8.038633126215011249e-02,-1.476504334687543385e-01,2.833437711798675873e-01,-1.214462203824358655e+00,-6.185879379226035812e-01,3.630983064726181486e-01,-3.590225065215869593e-01,-1.235055543564177877e-01,-1.357292271833632491e-01,-3.549827806554828324e-01
3.216318545770183168e-02,-1.436951423720367604e-01,6.321098291167137617e-01,-1.114067929373443733e-01,1.367237632756848342e-01,7.272625106212666779e-01,6.633131837133962039e-01,-1.203988968354918310e+00,2.354494929267485215e-02,-2.175371532329658728e-02,1.384999306282781895e+00,-4.502011692796574205e-01,1.068315583679688013e-01,-1.175528529586331583e+00,-9.547576016645371866e-02,4.715431540865571911e-03,1.279780964077609440e+00,-5.580701066513619191e-01,-1.457429142822722588e-02,-7.561590864363633424e-02,4.236539870779983813e-02,5.200000000000000178e-01,-9.058515522725315572e-01,3.696740099275909741e-01,-3.936422888966059630e-01,3.595403239624723191e-01,-7.756669556162248957e-02,-1.510746970075097784e-01,2.801546435149658287e-01,-1.220968745895542718e+00,-6.209293129157874569e-01,3.574865514403578470e-01,-3.605228943947826892e-01,-1.275712081277816934e-01,-1.330348093619577732e-01,-3.510892637928104687e-01
3.173443518005012592e-02,-1.444583731580390273e-01,6.309650938789348462e-01,-1.112406760556250984e-01,1.372172382632207421e-01,7.268017936735241546e-01,6.637439975073594622e-01,-1.206435865974894828e+00,2.117013019869379287e-02,-2.234640350775445733e-02,1.386987439608363459e+00,-4.572970372477973000e-01,1.117543658488432262e-01,-1.180477378648684406e+00,-9.547552510252312052e-02,6.887592825333133106e-03,1.284834988058229932e+00,-5.596793261190685653e-01,-1.409491831299996244e-02,-7.513865862923406469e-02,4.254486447751183731e-02,5.200000000000000178e-01,-9.201411447882591466e-01,3.667040133502231791e-01,-3.869798822987712827e-01,3.342947605066777239e-01,-7.715680092949350755e-02,-1.581949548146610318e-01,2.883764279648765028e-01,-1.217378328149997246e+00,-6.270162406964983060e-01,3.619080666125769619e-01,-3.209370763172167407e-01,-1.289762005246049559e-01,-1.252034299945862794e-01,-3.480397776051633030e-01
3.128596187174677995e-02,-1.449173652034282112e-01,6.328647319449091091e-01,-1.120390347471411502e-01,1.414205553273746307e-01,7.249363550073220086e-01,6.647666977312592929e-01,-1.206354951176571433e+00,1.730321099879683633e-02,-1.922369168229731348e-02,1.373463823536465345e+00,-4.556172428725133727e-01,1.163543377372322357e-01,-1.184587942706100572e+00,-9.635724942953775851e-02,1.161970020983009444e-02,1.273893362403972773e+00,-5.552352168399903309e-01,-1.156396516891719690e-02,-7.100375712461988453e-02,4.284561014702427395e-02,5.200000000000000178e-01,-9.439885253838733448e-01,3.529801414415328908e-01,-3.681660418845246197e-01,2.850904175661965745e-01,-8.692457302415428078e-02,-1.700269031870753067e-01,3.078446275725175707e-01,-1.204986880925649650e+00,-6.372244818954391210e-01,3.770108708189096047e-01,-2.262480521856611582e-01,-1.385781252550418174e-01,-1.050498478076559439e-01,-3.466404176502054790e-01
3.080155184654899056e-02,-1.451720459543227593e-01,6.370489012056504974e-01,-1.134440143065761492e-01,1.466784192295298717e-01,7.226957348794513791e-01,6.658278844696913223e-01,-1.204082260537556737e+00,1.662680524053396572e-02,-1.165658156641879474e-02,1.351039525487330639e+00,-4.420554812173793646e-01,1.152797022646294411e-01,-1.184238347245041734e+00,-9.686643275776736506e-02,1.725288268623822313e-02,1.249503703568515922e+00,-5.451144386603118397e-01,-6.869814425830414462e-03,-6.557363226923186572e-02,4.349668689910451969e-02,5.200000000000000178e-01,-9.748246649622831494e-01,3.360671330837098902e-01,-3.451142979445326331e-01,2.230878809275606833e-01,-9.271517624984525197e-02,-1.780662495982859306e-01,3.301650171862300920e-01,-1.195646859309859922e+00,-6.466689174871070867e-01,4.130527643028154006e-01,-8.207341344013621698e-02,-1.257238278476623394e-01,-7.885513087124416953e-02,-3.374351313112216588e-01
3.028562573579720099e-02,-1.454851213367073515e-01,6.402963404055798113e-01,-1.159988234444119942e-01,1.482718011830753968e-01,7.220761428784789882e-01,6.657069849559760222e-01,-1.204494695688254735e+00,2.447384759914030677e-02,-3.377872871902356383e-03,1.336365822236051715e+00,-4.263049008870016809e-01,1.194670649753081376e-01,-1.185264216135788473e+00,-9.794106374306583984e-02,1.457858914194612096e-02,1.234933467679724117e+00,-5.228329000786905434e-01,-1.089194995559977439e-02,-5.641022275298054889e-02,4.898274109610439853e-02,5.200000000000000178e-01,-1.032490909490425546e+00,3.327934675833212341e-01,-3.280551173441606516e-01,1.578030110465818425e-01,-9.382437735181001215e-02,-1.798517246554945381e-01,3.532266964723208003e-01,-1.198013469662561503e+00,-6.527567273768231093e-01,4.854881670295073670e-01,1.258447405066177027e-01,-6.882938345633658750e-02,-7.191921422813031539e-02,-3.088116225135922321e-01
2.957911120855278783e-02,-1.456664671641156317e-01,6.427535794264889191e-01,-1.183293934693063626e-01,1.529905181478083964e-01,7.217078292351423174e-01,6.646276139453947129e-01,-1.205368791144369345e+00,2.837316796507151351e-02,1.026758295578583842e-02,1.317030837511590446e+00,-4.206037334168378772e-01,1.161319062416223125e-01,-1.189139939128003309e+00,-1.054546197684718550e-01,1.335741482289039272e-02,1.219956576224500600e+00,-5.175573268677445826e-01,-1.644894713158758653e-02,-4.595488265572703068e-02,5.229543721117451555e-02,5.200000000000000178e-01,-1.075379382414838769e+00,3.274621590524854908e-01,-3.166444976833633351e-01,8.969093285491877565e-02,-7.595411569491214432e-02,-1.820039016583827052e-01,3.790389862277263600e-01,-1.198877178684595979e+00,-6.532953850885705460e-01,5.362887542284502373e-01,2.621975346295320475e-01,-3.645931981570866426e-02,-6.960471608890510253e-02,-2.894165461955859331e-01
2.875857605011424706e-02,-1.459636034368235191e-01,6.428408009724573269e-01,-1.191204191521179345e-01,1.515428782528761564e-01,7.227366350441757348e-01,6.636993582616141918e-01,-1.207175960828730688e+00,3.312777148464193105e-02,1.457465136253988276e-02,1.319380040302542634e+00,-4.168279722867123671e-01,1.165985255148887095e-01,-1.186259867604658957e+00,-1.076104984651994473e-01,1.055380358365684210e-02,1.216256408803370492e+00,-5.161957667640784120e-01,-1.519194172149760692e-02,-4.094035299458299165e-02,5.452584935615077677e-02,5.200000000000000178e-01,-1.113516995919669794e+00,3.294608157201974197e-01,-3.149616462108568160e-01,3.785023782528840197e-02,-6.212393469543293217e-02,-1.779016744475187539e-01,3.891555566535591093e-01,-1.205332058949113883e+00,-6.562164591559580540e-01,5.748534094283344054e-01,3.412367837341288013e-01,-3.416241492959015691e-02,-7.066992057325992282e-02,-2.774876039683734641e-01
2.773247546210561368e-02,-1.459571605293658314e-01,6.438205559803149569e-01,-1.214890180834221067e-01,1.522464890858975239e-01,7.234588837956267282e-01,6.623206689386402779e-01,-1.207327497043509945e+00,3.603266088524190169e-02,2.004541008148323991e-02,1.310961235905328426e+00,-4.209450665166060701e-01,1.137682290899784260e-01,-1.186110138039049522e+00,-1.096758155862309486e-01,9.198949476429369582e-03,1.208865979100553156e+00,-5.150306365653969376e-01,-1.548178160849474939e-02,-3.862574860402073068e-02,5.781171193366763800e-02,5.200000000000000178e-01,-1.130371314580894904e+00,3.311340142030823608e-01,-3.064433592644469351e-01,4.237268541871700919e-03,-5.624548969092920542e-02,-1.803225823327008481e-01,3.967362005832120175e-01,-1.201676856562746698e+00,-6.539423317860542095e-01,5.861194882779672266e-01,3.608980418066242701e-01,-3.833723184855666183e-02,-7.357888952912404468e-02,-2.792322252792606152e-01
2.671046453789528360e-02,-1.459463303441314308e-01,6.438199319604562820e-01,-1.225139255493073592e-01,1.501518280062218158e-01,7.240700092444034563e-01,6.619421336534614397e-01,-1.206835418260581383e+00,3.910986685670830854e-02,2.039780521443112365e-02,1.313196748774206668e+00,-4.251078230751494380e-01,1.148174201531098060e-01,-1.183005112492613975e+00,-1.078159778054020856e-01,8.338136384029084039e-03,1.207863997677321333e+00,-5.144022993028609658e-01,-1.438420761245450333e-02,-4.082155117078672957e-02,5.945394718483059532e-02,5.200000000000000178e-01,-1.139413295917479862e+00,3.336153203556092017e-01,-2.969105903669744251e-01,-1.725346495334535712e-02,-5.200641201015293591e-02,-1.805434492117782286e-01,4.067032832772727868e-01,-1.195145872231790030e+00,-6.476783059735879977e-01,5.834418130681967574e-01,3.593910896929122800e-01,-3.057952493534253635e-02,-7.881543026986648215e-02,-2.856729216610117139e-01
2.579519002325047008e-02,-1.458664518030036161e-01,6.439346079770119635e-01,-1.240172641670557740e-01,1.489444831633586208e-01,7.246019292409875412e-01,6.613526315544199230e-01,-1.208124473586508651e+00,4.032532811247908910e-02,1.930413132105229107e-02,1.314162276098203685e+00,-4.277228379331172725e-01,1.158215166301684168e-01,-1.182360277829025641e+00,-1.059322121540608869e-01,8.402575912138474795e-03,1.206985945885045153e+00,-5.122522126075768067e-01,-1.334831830888412799e-02,-4.344592905163954105e-02,6.102383904529926767e-02,5.200000000000000178e-01,-1.142187214667784723e+00,3.350451433869796602e-01,-2.906952314914332258e-01,-3.001901209848378826e-02,-5.388480787240742392e-02,-1.806634912046857500e-01,4.144408329779815658e-01,-1.188697999443847575e+00,-6.452287778407708174e-01,5.762192996746157148e-01,3.490441713593195328e-01,-1.635612783808669535e-02,-8.598957453864153333e-02,-2.904637875522779744e-01
2.502277532320032818e-02,-1.456859899475813069e-01,6.429878998138752744e-01,-1.242051427210440762e-01,1.471442265701541907e-01,7.248835851566608479e-01,6.614117076973621279e-01,-1.209361782696026122e+00,4.093553795941265450e-02,1.729767676478733210e-02,1.321439733795182203e+00,-4.314668671838744474e-01,1.175168374661758053e-01,-1.182667440648711654e+00,-1.035480934932283131e-01,9.619864108475248421e-03,1.213294624002217326e+00,-5.120380810986688846e-01,-1.373400156532295080e-02,-4.509647148473238526e-02,6.166408470832279720e-02,5.200000000000000178e-01,-1.142544558259765974e+00,3.365429755223599551e-01,-2.885245603267108661e-01,-3.878833501235772613e-02,-5.596502726159024305e-02,-1.819275074576920670e-01,4.175468991092055049e-01,-1.180492905941027626e+00,-6.419925073482620759e-01,5.668708109647734306e-01,3.373124865659483662e-01,-2.805265712490649741e-03,-9.278335944058042906e-02,-2.936947213643508192e-01
2.449925499118970826e-02,-1.455088713407380885e-01,6.419705774431418988e-01,-1.240132156252801710e-01,1.463829777653015973e-01,7.249874922391746912e-01,6.615027454724523581e-01,-1.210928428345954488e+00,4.065592880728713387e-02,1.675595636801021152e-02,1.327897868242513102e+00,-4.348367828994917916e-01,1.185295932754724807e-01,-1.184180454203075827e+00,-1.033783640561165007e-01,1.036911960888112216e-02,1.219892571481335786e+00,-5.141242811050242834e-01,-1.421374089783287303e-02,-4.540827855374170163e-02,6.219719624771332528e-02,5.200000000000000178e-01,-1.143460578363265645e+00,3.382136158563548989e-01,-2.884857309195816288e-01,-4.573556437820699982e-02,-5.750057119608185247e-02,-1.826763090992384597e-01,4.205570340713535304e-01,-1.169924593035964078e+00,-6.413357656406114549e-01,5.586637411985324597e-01,3.280277241687761247e-01,9.617637461553628711e-03,-9.745963500346339903e-02,-2.948166354172105930e-01
2.423193100550972284e-02,-1.454131857905952563e-01,6.405431778935243292e-01,-1.235888018068589667e-01,1.460813847047627845e-01,7.250372736585241062e-01,6.615942781769630354e-01,-1.213427829898631627e+00,4.031949153215463183e-02,1.692957844270859963e-02,1.335205838710711523e+00,-4.392561635121735031e-01,1.206528958426418274e-01,-1.187034151138586235e+00,-1.040729434589587610e-01,1.088857712630354746e-02,1.228115034050596410e+00,-5.191956592737707599e-01,-1.667753911705736891e-02,-4.630496822358544373e-02,6.243266800753887596e-02,5.200000000000000178e-01,-1.142435691197310144e+00,3.385175392046180787e-01,-2.873160727282731974e-01,-5.445915758028133102e-02,-5.863402803774944716e-02,-1.861286493137395970e-01,4.221738320089740704e-01,-1.155920610149175687e+00,-6.402503769446804549e-01,5.486268149063400212e-01,3.172345661403861428e-01,1.746581118829120330e-02,-1.006498602657269203e-01,-2.983926149123095062e-01
2.419047466393553503e-02,-1.454650828621820158e-01,6.383980995998920216e-01,-1.225236744279478984e-01,1.462532235186204954e-01,7.250619193620545522e-01,6.617274037744685922e-01,-1.217332422340788645e+00,3.910729495479697837e-02,1.776832498772020624e-02,1.345268469911329756e+00,-4.440192084069583545e-01,1.215088563309925512e-01,-1.192151986656547313e+00,-1.058789518869052149e-01,1.205618632249111713e-02,1.240627277713437060e+00,-5.272229356537437850e-01,-2.018361570187823806e-02,-4.722662408661480737e-02,6.248244797771749376e-02,5.200000000000000178e-01,-1.138960108713999331e+00,3.394683232549473018e-01,-2.863367392361875763e-01,-6.238243763737853775e-02,-5.808636194282691678e-02,-1.894791315539721410e-01,4.213170264243586427e-01,-1.142085070514237355e+00,-6.406247484745630771e-01,5.406811878908427405e-01,3.065979737155398177e-01,2.102490739187620750e-02,-1.007515371807304327e-01,-2.972472284614032234e-01
2.432306075064749606e-02,-1.457295721270642497e-01,6.351960600839418047e-01,-1.207979782638241295e-01,1.456938017969471311e-01,7.251397185755812380e-01,6.620827388698858895e-01,-1.222621413070271723e+00,3.867261205250061007e-02,1.822458852755475672e-02,1.361016914109217657e+00,-4.501528554757754375e-01,1.242069744828450811e-01,-1.198693747910764440e+00,-1.067109997914827413e-01,1.394528082312755310e-02,1.258946388687170348e+00,-5.366743245747729318e-01,-2.323639791666267870e-02,-4.869197118614600889e-02,6.214328185102455104e-02,5.200000000000000178e-01,-1.130845566123571233e+00,3.402000645883675456e-01,-2.892894707557361333e-01,-6.482822511699888601e-02,-5.735752466351835832e-02,-1.935548700500342167e-01,4.150516580949110135e-01,-1.132774381724997781e+00,-6.416765705364247951e-01,5.337262743771011841e-01,2.910575664896005721e-01,2.718783444450132564e-02,-1.011662133835479205e-01,-2.948139418955989521e-01
2.452481229708138380e-02,-1.462120207925206306e-01,6.308568484386937181e-01,-1.183481240234856013e-01,1.451414837167820937e-01,7.253728645928450014e-01,6.623910314587471149e-01,-1.229062504793676514e+00,3.736254098130459278e-02,1.914164707782218047e-02,1.380655293391618077e+00,-4.600748778270424277e-01,1.263602974323002615e-01,-1.207839646274743162e+00,-1.077594580142585551e-01,1.757185523369089036e-02,1.283599534256198771e+00,-5.492142427612910494e-01,-2.669068568673254455e-02,-5.066751812578963732e-02,6.237850032813360701e-02,5.200000000000000178e-01,-1.111737443458128194e+00,3.377922553021344698e-01,-2.941448820797981090e-01,-5.380996209580156397e-02,-6.397515747949848730e-02,-1.968241804153652852e-01,4.042070084211784597e-01,-1.127136325105416947e+00,-6.421708266495848028e-01,5.195490317075417419e-01,2.649213486006215534e-01,4.181955080764137439e-02,-1.040293322713452262e-01,-2.932938022735261940e-01
2.470824993715468876e-02,-1.469221535356594888e-01,6.246293201806714102e-01,-1.152690131314355465e-01,1.435397011915391097e-01,7.252841547356284613e-01,6.633794567839540468e-01,-1.239691791181196212e+00,3.482983495771423132e-02,1.610984390701566960e-02,1.411566334786601651e+00,-4.706728409800278179e-01,1.295260832091635339e-01,-1.219557227197632931e+00,-1.066173773603316666e-01,2.195033924175390783e-02,1.316538875078828053e+00,-5.656496611520831497e-01,-3.228067056363565640e-02,-5.634416775968777852e-02,6.130433344233956333e-02,5.200000000000000178e-01,-1.081635056893828217e+00,3.365974746794354600e-01,-3.023090585102926053e-01,-2.457770899693075342e-02,-8.237649776342419183e-02,-1.986613290184764957e-01,3.882742225237480471e-01,-1.125575892351232232e+00,-6.364414888903935363e-01,4.943037831847335584e-01,2.119829310172353098e-01,6.586766896337138688e-02,-1.131874324488226363e-01,-2.958281263721806997e-01
2.484654997247411762e-02,-1.477770769335056134e-01,6.197662465627252759e-01,-1.117009342481402601e-01,1.403887177171711520e-01,7.247547008865715679e-01,6.652402068190390594e-01,-1.242724408003368586e+00,3.475407875151538539e-02,1.257136465592802524e-02,1.435299685983621565e+00,-4.831156470183367024e-01,1.349214609941165877e-01,-1.225809779224784846e+00,-1.030041682566231742e-01,2.511221378852732111e-02,1.344074670034225871e+00,-5.731064174714918247e-01,-3.206252923709859703e-02,-6.566546517574785302e-02,6.021728960111827345e-02,5.200000000000000178e-01,-1.040916095479127224e+00,3.368908146230549239e-01,-3.120483336546646114e-01,4.202254285295033143e-02,-1.082706103993724689e-01,-1.946803766623588783e-01,3.659008367582254340e-01,-1.130149779051772274e+00,-6.189624297988168822e-01,4.611016294281828354e-01,1.254575174659141590e-01,8.983266839889142430e-02,-1.269729306298595373e-01,-2.960050832792016084e-01
2.491335900843780551e-02,-1.488523436663415356e-01,6.148057622931740740e-01,-1.081508311640460990e-01,1.349675324867553594e-01,7.247759628406793553e-01,6.669235087934216599e-01,-1.242291182969511132e+00,3.065005747347039969e-02,1.266879610630738950e-03,1.459454819248191315e+00,-5.039724727201135845e-01,1.386138612853334839e-01,-1.224964683523881659e+00,-9.594010885580880887e-02,2.786910285188239425e-02,1.367226968423954636e+00,-5.881171188568229402e-01,-2.365876702149911220e-02,-7.768197256270861772e-02,5.548358937485337039e-02,5.200000000000000178e-01,-9.891636818507825168e-01,3.412943314599160560e-01,-3.215515602519475880e-01,1.596914285478270579e-01,-1.382743695754506397e-01,-1.830998009449375241e-01,3.351657012544054237e-01,-1.133894194206522821e+00,-6.070944700829539187e-01,4.129594670661895783e-01,-7.439243680418336155e-03,5.733109864838936698e-02,-1.345463205389401951e-01,-3.101580905862575399e-01
2.501230427406148094e-02,-1.499745994728472753e-01,6.073590901093747219e-01,-1.017556979007032680e-01,1.274378585587869483e-01,7.266620886001550206e-01,6.673586585502222501e-01,-1.241114058750680371e+00,3.044425765734997194e-02,-2.650911584753327943e-03,1.493946861838985729e+00,-5.256621612325779180e-01,1.445839240268439740e-01,-1.226695325712153339e+00,-9.959905853618367111e-02,2.465098844163252090e-02,1.408972384524747268e+00,-5.986630554687282224e-01,-1.659443117534913428e-02,-8.602899869021767010e-02,5.161551087729859821e-02,5.199941023949001817e-01,-9.462218742817506412e-01,3.523633058616451041e-01,-3.500861630044241335e-01,2.997813134167590654e-01,-1.247066247968788150e-01,-1.588409084639943181e-01,2.841298403871516665e-01,-1.149726187084885831e+00,-6.007451092641047374e-01,3.622871498555487735e-01,-1.707308612403519443e-01,4.954177135152233735e-03,-1.503021804076211387e-01,-3.190480632403833172e-01
2.507642345923711408e-02,-1.507454705339449363e-01,5.983985408584775456e-01,-9.908475192832626177e-02,1.225737046219348564e-01,7.276078640278270671e-01,6.676411424376271775e-01,-1.252836387416491393e+00,3.610825093956046561e-02,-3.644094577169992855e-03,1.534014931954245320e+00,-5.499483962650831836e-01,1.531124266149135327e-01,-1.237362085758566099e+00,-1.011042877826802133e-01,2.057010044634432697e-02,1.449463969367950966e+00,-6.207672711382532516e-01,-2.288548227790021192e-02,-8.932309251279629825e-02,4.673704060833023394e-02,5.199999999631399472e-01,-9.192145433256383447e-01,3.578608939135154432e-01,-3.682703694689456464e-01,3.755258647769678104e-01,-1.169141877246675648e-01,-1.428626945608815757e-01,2.601348945600187035e-01,-1.172706144351257196e+00,-5.945612817617371704e-01,3.409400008379609437e-01,-2.802789769820396848e-01,3.070026017343825166e-03,-1.685639183129070129e-01,-3.190075225305631923e-01
2.510584532407207636e-02,-1.512399552782775491e-01,5.916792504123135066e-01,-9.761361580165001106e-02,1.191852989722487488e-01,7.284999822270736836e-01,6.674984812073935236e-01,-1.263423096159094872e+00,4.241626890258292509e-02,-2.707562016362878229e-03,1.563978983967791336e+00,-5.654025562713946851e-01,1.580567419582485644e-01,-1.247878236626541515e+00,-1.018146085357694158e-01,1.834304231442580868e-02,1.481123275301438724e+00,-6.312528784181602459e-01,-2.460214104927845036e-02,-8.936977206965078524e-02,4.376614020688560786e-02,5.199999999999997957e-01,-9.160038215052879185e-01,3.607835578328960624e-01,-3.739412656750665254e-01,3.932907876689329951e-01,-1.183677778310835982e-01,-1.494299220925873473e-01,2.592389814650070123e-01,-1.173987592872581143e+00,-5.885569034120184950e-01,3.294161114657948586e-01,-3.087700392252430981e-01,1.836802445272500695e-02,-1.724081770158907567e-01,-3.279749331117329247e-01
2.499540925100272870e-02,-1.513275244839729361e-01,5.902708348493690416e-01,-9.611856836193810594e-02,1.210825172457064280e-01,7.273780656166903835e-01,6.685965857624582842e-01,-1.265456399167275370e+00,3.495506205891721341e-02,-4.620074280619565835e-03,1.567453488907099013e+00,-5.682788974015291483e-01,1.583730665623766798e-01,-1.255083991767612428e+00,-1.006221250569563769e-01,2.533592159451934431e-02,1.490507406537890489e+00,-6.320762880227659419e-01,-2.186278169977424329e-02,-8.299009633023513022e-02,4.043804599034235558e-02,5.200000000000000178e-01,-9.269360420540241341e-01,3.509681354457113711e-01,-3.516362839281587105e-01,3.322224691632326699e-01,-1.227746670151838165e-01,-1.703397102777054195e-01,2.849629233833881337e-01,-1.153609288864364535e+00,-6.010390918116619297e-01,3.339991049688506575e-01,-2.434633693920961184e-01,4.168287105102141954e-03,-1.526442185142647956e-01,-3.331547833796643654e-01
2.485582829343612257e-02,-1.510040295207584204e-01,5.923556887200068788e-01,-9.922993274915184458e-02,1.268356249687593584e-01,7.256257102178557128e-01,6.689794267062448840e-01,-1.273768934452517598e+00,3.198810615725139472e-02,-2.638603657383289947e-03,1.558050281129358616e+00,-5.564504870810984549e-01,1.528189113851063097e-01,-1.263418606371400355e+00,-9.787971085844100749e-02,3.168299324254553184e-02,1.478708426481021521e+00,-6.293031312154330204e-01,-2.050766399745920093e-02,-7.709827462727417147e-02,4.018877728798857935e-02,5.200000000000000178e-01,-9.586068847706397111e-01,3.300690069379737523e-01,-3.180392650321158809e-01,2.122746837097020944e-01,-1.475798942641202982e-01,-1.947986299140142541e-01,3.251036967991314253e-01,-1.137004390276082244e+00,-6.179665264133501479e-01,3.733262040906612511e-01,-8.257828055939422929e-02,8.391792805129836413e-03,-1.196436961439476671e-01,-3.345352345096365143e-01
2.474628515207639989e-02,-1.504070082410861597e-01,5.944441495918172391e-01,-1.031564377515946651e-01,1.307510943824821414e-01,7.259073769936378318e-01,6.673240447446814327e-01,-1.280664095975607708e+00,3.840301616480468194e-02,6.370973159548844883e-03,1.547130040757988212e+00,-5.470411134465531511e-01,1.553270899429428364e-01,-1.271534043914550605e+00,-9.997240630623571711e-02,3.165665677134128081e-02,1.472051141120144235e+00,-6.184107276179247048e-01,-3.285856495569648705e-02,-6.583526020421706648e-02,4.503274415244098994e-02,5.200000000000000178e-01,-1.011674388453186912e+00,3.209601874015812206e-01,-3.003352661034762727e-01,1.108355134510052437e-01,-1.415652780638197439e-01,-2.014041624458946800e-01,3.615372642647187162e-01,-1.132807319830341664e+00,-6.266535727234416875e-01,4.347429220001319261e-01,9.826510275918878823e-02,5.810210691500517638e-02,-1.076995139493418102e-01,-3.193457019763619731e-01
2.463353467402554578e-02,-1.497763816105175394e-01,5.942489194170258449e-01,-1.068357425636214247e-01,1.353523123571347964e-01,7.260933559578039986e-01,6.656232523615670527e-01,-1.291962083231330771e+00,4.131826018829569402e-02,1.370993506642787310e-02,1.544566061021657388e+00,-5.459673707085849204e-01,1.527242698329631387e-01,-1.282563548722217561e+00,-1.018938815820316507e-01,3.428924907520668197e-02,1.470745538256269747e+00,-6.229133019512829161e-01,-3.926819442330634069e-02,-5.755881083517453561e-02,4.811946581492510672e-02,5.200000000000000178e-01,-1.051581830829785069e+00,3.238831056846798173e-01,-2.885437171971980685e-01,3.238801302227111573e-02,-1.207586287832247279e-01,-2.022285889335250220e-01,3.869000587787785883e-01,-1.129122654250415358e+00,-6.347211975982502974e-01,4.809101390847109747e-01,1.913678966282358340e-01,6.666246940685266464e-02,-1.018751731097421592e-01,-3.028534629465396422e-01
2.462941173398968536e-02,-1.494720608419504437e-01,5.919703430873104466e-01,-1.080915253759517358e-01,1.345331196057669987e-01,7.278966097248691369e-01,6.636140349797324811e-01,-1.299579318864063859e+00,4.532925220736046257e-02,1.613994524559118557e-02,1.554806732187350438e+00,-5.499321272595660837e-01,1.552875125677632417e-01,-1.287234203759806128e+00,-1.043148755205444561e-01,3.245408080359261926e-02,1.481091375300015001e+00,-6.280421020119596465e-01,-4.308471756189959090e-02,-5.593379159995666428e-02,5.284291550209634092e-02,5.200000000000000178e-01,-1.084745221080492650e+00,3.272321645592639605e-01,-2.875376743010356617e-01,-2.059565897902462112e-02,-1.098968218320308804e-01,-1.980212799745611207e-01,3.975800969786520978e-01,-1.127118592220759385e+00,-6.350223179118205108e-01,5.056314405294848324e-01,2.228617402680422577e-01,6.756363699010467516e-02,-1.047997458775036250e-01,-3.025490535915306700e-01
2.471414563832767877e-02,-1.493032434355365257e-01,5.905806403985118802e-01,-1.101567010120175355e-01,1.349378537994974370e-01,7.293214846322674250e-01,6.616248551013779178e-01,-1.305656860379175166e+00,4.948364282307604611e-02,1.992045932021804105e-02,1.557977893533036173e+00,-5.584778910349499359e-01,1.559992716162060256e-01,-1.292880811695200638e+00,-1.061611594342946330e-01,3.106708020117717600e-02,1.487566582452881203e+00,-6.324193028743565481e-01,-4.545626739810934569e-02,-5.761399676645029971e-02,5.532719314983385039e-02,5.200000000000000178e-01,-1.094238550233783025e+00,3.303488723277783756e-01,-2.796541309848301071e-01,-5.295176866463434384e-02,-1.015461582193261381e-01,-1.973520404961333075e-01,4.060331632762773091e-01,-1.117655750848160157e+00,-6.307767636213743589e-01,5.068285952122970617e-01,2.227332621308657223e-01,6.694593825893786765e-02,-1.081914016444744525e-01,-3.053782144350620231e-01
2.498396311057973426e-02,-1.494700693900741784e-01,5.883514915690204461e-01,-1.100303417982006343e-01,1.336932124156512414e-01,7.304158786475375420e-01,6.606906182603928812e-01,-1.309451960246993618e+00,5.044990812922151013e-02,1.924907639172795601e-02,1.566743225938467932e+00,-5.653287484532212304e-01,1.572563245662533249e-01,-1.296471753492871803e+00,-1.061210006822638219e-01,3.105888320579483844e-02,1.499120626924537847e+00,-6.358373804272382523e-01,-4.682722705554171611e-02,-5.917142563016791063e-02,5.618221005835125070e-02,5.200000000000000178e-01,-1.098590913960034277e+00,3.337074260076076104e-01,-2.742333470402725792e-01,-6.948010540835360127e-02,-9.607771653993929517e-02,-1.964016611017860847e-01,4.126656809714240315e-01,-1.105324591151831015e+00,-6.258570626933879222e-01,5.018601279947491056e-01,2.149531682043248626e-01,7.039112083918369622e-02,-1.101987352609486853e-01,-3.054568565853280626e-01
2.548804694736788237e-02,-1.500549276642182406e-01,5.854067690199215024e-01,-1.083720096307667774e-01,1.322374957271989226e-01,7.316879352056495645e-01,6.598496175090814431e-01,-1.312332387530203537e+00,5.145557949157415767e-02,2.050485441442737380e-02,1.577545530388744011e+00,-5.725714175891023494e-01,1.585433266538338049e-01,-1.299954899251363205e+00,-1.071162669319063176e-01,3.240138056100690112e-02,1.514260332892128691e+00,-6.421794317661143614e-01,-4.872170996561980827e-02,-5.987750653169963966e-02,5.556278660563639810e-02,5.200000000000000178e-01,-1.095181912577326333e+00,3.334834157331481030e-01,-2.694913299547644914e-01,-7.746676416736442139e-02,-9.259057360450416441e-02,-1.969000378771587623e-01,4.193442568428844552e-01,-1.092032995440574972e+00,-6.237534967149642728e-01,4.971859748721793593e-01,2.069548039045342458e-01,7.272182731467906336e-02,-1.112133836706702961e-01,-3.047683530710367239e-01
2.619221925284089328e-02,-1.510361287716247281e-01,5.811629089848062701e-01,-1.055240223554974738e-01,1.303766443352693261e-01,7.329790500226947003e-01,6.592483018905841430e-01,-1.316379096417293670e+00,5.342850911538227221e-02,2.298389282521473564e-02,1.593621562457261609e+00,-5.808716903539127285e-01,1.599588486524721187e-01,-1.304610238482032170e+00,-1.096001099183761401e-01,3.327925906003909723e-02,1.534877892762912532e+00,-6.527528651788652159e-01,-5.223153443760462228e-02,-6.090475471971970589e-02,5.379714034821396484e-02,5.200000000000000178e-01,-1.084810487064233886e+00,3.322802865651737214e-01,-2.683656299267540568e-01,-7.380766019889700713e-02,-9.541660425305452387e-02,-1.993956768754442388e-01,4.195923729180773831e-01,-1.080296626496429990e+00,-6.231737403517119134e-01,4.934570018449660478e-01,1.948619791358572606e-01,7.910336929400639538e-02,-1.137062427073128601e-01,-3.014383076727193411e-01
2.702017852497587067e-02,-1.523377771320103546e-01,5.761650204742337911e-01,-1.016193422733069063e-01,1.279205477117397183e-01,7.338606876656892375e-01,6.593620658241651222e-01,-1.319939035093776303e+00,5.410238632179172752e-02,2.350659025871255220e-02,1.612818739522911882e+00,-5.906056822244498683e-01,1.621857174685999159e-01,-1.309380390427296925e+00,-1.109619394367857143e-01,3.478577806261632516e-02,1.558840392095382610e+00,-6.642207541130200621e-01,-5.450572852620047537e-02,-6.286771915744615580e-02,5.176111084676584401e-02,5.200000000000000178e-01,-1.060414839047995050e+00,3.288773969789662299e-01,-2.683527559540251906e-01,-5.052026541614354493e-02,-1.058287052408207335e-01,-2.024749935860531980e-01,4.189178798875733967e-01,-1.071314375610064928e+00,-6.216068007036167353e-01,4.821912406550779018e-01,1.698530666904484177e-01,9.252223898664294066e-02,-1.214062034864407946e-01,-3.004290857391725411e-01
2.787881364216366134e-02,-1.538692308445720747e-01,5.704246554112440970e-01,-9.722426230316939810e-02,1.236227528187537616e-01,7.342141201476229950e-01,6.604502127950064860e-01,-1.322362856960573207e+00,5.485602998472392799e-02,1.948882463797369305e-02,1.636290406126793329e+00,-6.038817673748541059e-01,1.660833951284334253e-01,-1.313193705906397835e+00,-1.075360507301104662e-01,3.644724888781025740e-02,1.586000286284674710e+00,-6.730985124883535065e-01,-5.490104161431559604e-02,-6.868638784645270112e-02,4.946009989447933131e-02,5.200000000000000178e-01,-1.027920652786252109e+00,3.269721261192754524e-01,-2.740722218234765695e-01,-3.614011606010764446e-03,-1.251272328342330209e-01,-2.057640308088917735e-01,4.116515488781041232e-01,-1.067980188400029506e+00,-6.138924099075691032e-01,4.638590426559859869e-01,1.199697994952022562e-01,1.119366549351009654e-01,-1.337597868809540513e-01,-2.991693277230346171e-01
2.864826995789930206e-02,-1.553969547164538723e-01,5.649723132537857184e-01,-9.376723413843880695e-02,1.198403442205006886e-01,7.337716200035763192e-01,6.621368494325521326e-01,-1.324031815266189849e+00,5.127306954619181845e-02,1.024995889535293761e-02,1.655987095902646811e+00,-6.242026364729696963e-01,1.707321164663977986e-01,-1.317617011053561438e+00,-1.006335446105383336e-01,3.911168737039080745e-02,1.609432229687142168e+00,-6.825037124506487807e-01,-5.256600001355456186e-02,-7.520242177159075503e-02,4.803767405550077307e-02,5.200000000000000178e-01,-9.847542687169360542e-01,3.236559602653024670e-01,-2.808566988204440062e-01,7.207752828116513466e-02,-1.614572577833511546e-01,-2.043972472556653264e-01,4.005760306728838871e-01,-1.069008287425805115e+00,-5.956991160363979132e-01,4.313340997907247343e-01,2.865546837853046036e-02,1.213609859505963284e-01,-1.513746618763826823e-01,-3.060476365846672153e-01
2.936409871156192564e-02,-1.571257526643131675e-01,5.568221668705247707e-01,-8.685124506897957952e-02,1.114627707033250537e-01,7.347046703180916127e-01,6.635073167568616981e-01,-1.324558701224056723e+00,4.550919105206390619e-02,-3.393821627323811811e-03,1.692633275605735177e+00,-6.391260196769174007e-01,1.681613780519553014e-01,-1.315941083246436216e+00,-9.799150773324405428e-02,3.804205141677823032e-02,1.644344076096441176e+00,-6.949976024601929314e-01,-4.263090690153820139e-02,-8.462216362146886273e-02,4.092269049861044228e-02,5.157705073087086589e-01,-9.302372669528936600e-01,3.292093368482703619e-01,-2.988469618598065258e-01,1.941039939367191769e-01,-1.807256613926597200e-01,-1.967973565275330516e-01,3.680210537280770300e-01,-1.074590251672892238e+00,-5.800470091316947130e-01,3.766438888613591884e-01,-1.369843355959433351e-01,6.652749742347557893e-02,-1.711234825384747027e-01,-3.371915228861549485e-01
2.993892246265196164e-02,-1.584124284629713775e-01,5.494146433697213450e-01,-8.191526033695517572e-02,1.058653055685292166e-01,7.362483409888511687e-01,6.633406421982415146e-01,-1.329234185768762178e+00,4.752541581558173550e-02,-5.209112871677004132e-03,1.724246744904842643e+00,-6.528251324130176503e-01,1.747052934792361345e-01,-1.316966662456601878e+00,-1.002247126920967485e-01,3.614296755903639857e-02,1.673950442035201380e+00,-7.147609763437613450e-01,-4.771572842581213447e-02,-9.028275700755150623e-02,3.754609707265272461e-02,5.144525084537092674e-01,-8.969267662089903670e-01,3.380399303514397547e-01,-3.231148028984237586e-01,2.804312943782353296e-01,-1.693105343158491372e-01,-1.824609116005415088e-01,3.442967158730025901e-01,-1.091246125845326098e+00,-5.643349276779034973e-01,3.390279126609196947e-01,-2.936000989311478016e-01,4.392386904640301765e-02,-1.934956902964232728e-01,-3.559546304126196548e-01
3.024470749954140045e-02,-1.591640500043177420e-01,5.436739723894067344e-01,-7.943422461036003801e-02,1.012356300116108027e-01,7.372159759727996420e-01,6.632904009159004133e-01,-1.333629359389442604e+00,5.558014302791568911e-02,-4.821459162701970114e-03,1.747414569896869052e+00,-6.665512824908047529e-01,1.806973847458104854e-01,-1.319042618916860699e+00,-1.015658191200932564e-01,3.223521452316413516e-02,1.695910306712561377e+00,-7.260043772150926999e-01,-4.876105488895052242e-02,-9.362336420009131910e-02,3.441115210544137826e-02,5.156792176338733658e-01,-8.867969542478832956e-01,3.393810783711710410e-01,-3.318283777239144361e-01,2.952659637157382666e-01,-1.701852670900288189e-01,-1.864159726377687398e-01,3.392776050157754741e-01,-1.093293701737068302e+00,-5.529682513223294071e-01,3.248689525566465508e-01,-3.508028884102082356e-01,5.548965484302734869e-02,-2.007027878790860753e-01,-3.661369663489735249e-01
3.024198079555058191e-02,-1.593804641524537713e-01,5.428320926176920524e-01,-7.735138690144442719e-02,1.012738961808193755e-01,7.369523015711332281e-01,6.638235203017361918e-01,-1.333364064351044931e+00,5.394236602867724661e-02,-3.370357163271399913e-03,1.751579623373508143e+00,-6.624144507630026490e-01,1.784412662527919136e-01,-1.320126879665040054e+00,-1.028645482287988411e-01,3.496495977074452061e-02,1.702197498618044591e+00,-7.254527541761364162e-01,-4.628364895895996367e-02,-9.112593967650506332e-02,3.241166081796299780e-02,5.155766007098793180e-01,-8.949424609431569921e-01,3.321606092697413914e-01,-3.319862649043393010e-01,2.640989385437563786e-01,-1.806505608162091159e-01,-1.972778770808274740e-01,3.455414540186313443e-01,-1.078159631444565836e+00,-5.600049060761440600e-01,3.258835951272586184e-01,-3.376407421141591203e-01,5.296253938588672133e-02,-1.918330908976753624e-01,-3.717713730049882481e-01
2.994537310779360473e-02,-1.591477730779407573e-01,5.438797097248946333e-01,-7.681282807273411006e-02,1.036945033070656302e-01,7.363986826434689714e-01,6.641266593266179630e-01,-1.333331220111583226e+00,4.932436447295335952e-02,-1.107773700145303110e-03,1.746652109745193027e+00,-6.548881952440265275e-01,1.762278691424082611e-01,-1.321917147770384604e+00,-1.040186019811845664e-01,3.963037341085227927e-02,1.700837356043696458e+00,-7.245679478956223996e-01,-4.628026281520578045e-02,-8.517289731731667035e-02,3.026810443426779240e-02,5.165185486558477868e-01,-9.178652244655526315e-01,3.152476018089132026e-01,-3.165014733098962529e-01,1.906831676592799507e-01,-1.936573494877566470e-01,-2.138112279774884161e-01,3.693230424052448280e-01,-1.050654292944213530e+00,-5.769176867654186580e-01,3.415070978880950792e-01,-2.448762553666327946e-01,3.757359201261028375e-02,-1.613628746991213614e-01,-3.722949007529942622e-01
2.958251358342808141e-02,-1.586855459155261105e-01,5.464709192126416815e-01,-7.965992643165015208e-02,1.066484048129718032e-01,7.368449280182830519e-01,6.628272519484130765e-01,-1.334977556783025765e+00,5.324611461193259898e-02,6.114816586945398882e-03,1.733107648739670159e+00,-6.510967086742902588e-01,1.791073287140068637e-01,-1.324794820594769496e+00,-1.070002613136685488e-01,3.969538225895570538e-02,1.692519705336374303e+00,-7.185897544272787929e-01,-5.216346145156727787e-02,-7.694611129780691561e-02,3.082468881885848389e-02,5.182094380647579435e-01,-9.617927155809683493e-01,3.044890627612001355e-01,-2.996003919823067574e-01,1.014295161928011058e-01,-1.869145782572141090e-01,-2.194436629701204400e-01,3.875699357400232414e-01,-1.036931562180069433e+00,-5.958787368784407290e-01,3.834880076582022901e-01,-9.125059868575918776e-02,6.075331262673540345e-02,-1.384570779769210003e-01,-3.547169904009537245e-01
2.924217406596091653e-02,-1.580837181788994072e-01,5.502728306628743571e-01,-8.567958565507281798e-02,1.136394549485877647e-01,7.369155352297516171e-01,6.608332443347662011e-01,-1.341883252333230248e+00,5.857559231322333193e-02,1.807383773009306124e-02,1.710076249422969541e+00,-6.486742898164533644e-01,1.817118268165041350e-01,-1.335611266283527776e+00,-1.094645438276235783e-01,4.225570744273927926e-02,1.678291999208099350e+00,-7.111741881528726994e-01,-5.712085280298973000e-02,-6.599934414555658213e-02,3.726944883082654314e-02,5.199999994404493897e-01,-1.014686194108600059e+00,3.111589576070551422e-01,-2.804798498866736267e-01,8.748096569408995993e-03,-1.460438560034626465e-01,-2.183085408960434015e-01,4.092530122386496272e-01,-1.042353499791602633e+00,-6.209521465937588580e-01,4.407063382674181740e-01,5.132603668395801372e-02,8.188217049486247456e-02,-1.200198580843329921e-01,-3.183926075201013450e-01
2.891775050614243947e-02,-1.578877960863040442e-01,5.487600769783899102e-01,-8.717204804741525426e-02,1.121057280782705029e-01,7.388077977957356879e-01,6.587840144443977142e-01,-1.348092951330684741e+00,6.642854075315196560e-02,2.268393264718126037e-02,1.717609990559269884e+00,-6.485440386778359434e-01,1.830032499644721478e-01,-1.335383328834087946e+00,-1.125556100953740979e-01,3.921863203289977645e-02,1.682996256984075956e+00,-7.189241019184746673e-01,-6.130984947352025038e-02,-6.481628213360247914e-02,4.234707653333087685e-02,5.199999999999964650e-01,-1.041483653621955385e+00,3.172727402051390699e-01,-2.823088778607713012e-01,-5.068503141648262461e-02,-1.244012911812238525e-01,-2.167872042555683276e-01,4.099139111839550931e-01,-1.042232468878578011e+00,-6.312205887606647803e-01,4.714755883237539136e-01,9.694724817533439953e-02,9.545953118681441141e-02,-1.187026515748490080e-01,-3.020731919459671011e-01
2.859695597994739782e-02,-1.579087370360720277e-01,5.461388971079452759e-01,-8.557604813364658169e-02,1.101929082953148065e-01,7.383451686007860282e-01,6.598338237398310158e-01,-1.348881125640931655e+00,6.573350584997725288e-02,2.018368411714900265e-02,1.729421542469659734e+00,-6.562403440072619443e-01,1.868967025540537730e-01,-1.336249728800013914e+00,-1.099015384331343131e-01,4.109226104003399493e-02,1.695037677223341754e+00,-7.243447981023500848e-01,-6.045026238262912743e-02,-6.900790186819323602e-02,4.745419604353016962e-02,5.200000000000000178e-01,-1.022386196770553646e+00,3.151449526845486737e-01,-2.803229887855985814e-01,-3.953523287184648738e-02,-1.315054773391582943e-01,-2.127988687596011896e-01,4.129903044061324358e-01,-1.053833495409712828e+00,-6.135270804483177187e-01,4.622907173671893521e-01,5.762503385913509552e-02,1.141190580473314398e-01,-1.372988414046951433e-01,-3.068856472862748208e-01
2.839332526216467589e-02,-1.581383045039999047e-01,5.423586143052225861e-01,-8.324813088828668384e-02,1.054838720355773946e-01,7.370344285649333971e-01,6.623617988335014362e-01,-1.349951203195624672e+00,5.972643408053584374e-02,6.134636740545293225e-03,1.750599001383885911e+00,-6.637711185564576510e-01,1.915829314588313459e-01,-1.334121936334361047e+00,-1.010308474623665687e-01,4.194372890884395105e-02,1.709465030660259455e+00,-7.294615436350050386e-01,-5.208831800425424430e-02,-7.989314529999441694e-02,4.810100338418593635e-02,5.175880156657695075e-01,-9.709755653225782268e-01,3.184598587040771700e-01,-2.947436969044835986e-01,5.773551314380154231e-02,-1.693472509403459725e-01,-1.975160743483646286e-01,4.012361428292776089e-01,-1.063800660051229974e+00,-5.736236050138103781e-01,4.217459527767671856e-01,-8.208109102911367860e-02,1.153094350333989382e-01,-1.639910408770367534e-01,-3.253706022031695455e-01
2.845463123862265048e-02,-1.585896417021630533e-01,5.360539133578665627e-01,-7.547883206898443886e-02,9.795623191532351615e-02,7.380309046591229105e-01,6.633384553201260303e-01,-1.346025051799482730e+00,5.150543829272212493e-02,-3.583729501088274080e-03,1.782232057734663089e+00,-6.657437504251412230e-01,1.898387937891480581e-01,-1.329798782857721129e+00,-1.010948239658829712e-01,4.433008251194678340e-02,1.741489949365984113e+00,-7.287019577890578859e-01,-4.267225670506120949e-02,-8.803577160078002173e-02,4.915068979602330024e-02,5.122457576493397724e-01,-9.207059869272814501e-01,3.330259221287260041e-01,-3.379680953189613812e-01,2.008081327641471625e-01,-1.538421553177490297e-01,-1.736169184478886796e-01,3.595257772128754303e-01,-1.096780191745076793e+00,-5.347031321036254115e-01,3.653245506558080447e-01,-3.071377255788188543e-01,5.561260881454096333e-02,-1.929968176991199713e-01,-3.591999758443404356e-01
2.842918574460539041e-02,-1.582706265557757286e-01,5.344182619922400734e-01,-7.503843410428112648e-02,9.715295284930358655e-02,7.385036425749877953e-01,6.629803217768338586e-01,-1.347617712636693943e+00,5.470813785577742505e-02,-1.465669113786242754e-03,1.789112532289275581e+00,-6.703351755795133871e-01,1.918894939026524471e-01,-1.331171915570968700e+00,-1.022807394904343831e-01,4.460410553865595817e-02,1.748783211030066731e+00,-7.306455399869143941e-01,-4.515891960915388581e-02,-8.761943744838568415e-02,5.051085586453569337e-02,5.144735290553499318e-01,-9.119070327091114425e-01,3.405414043361061904e-01,-3.596218145984447778e-01,2.356426405047792327e-01,-1.455789746791757988e-01,-1.707917888164253994e-01,3.450369942291963143e-01,-1.102730319539156012e+00,-5.234538171736353718e-01,3.527617025225145420e-01,-3.717001860292167836e-01,7.751217671513771501e-02,-2.091957006386255258e-01,-3.642294283495522422e-01
2.831676072213398093e-02,-1.577935823561808226e-01,5.333723969420058886e-01,-7.490322623444818639e-02,9.843394593377487178e-02,7.377846223279945770e-01,6.636068987314082124e-01,-1.350618063332231999e+00,4.653198648559069006e-02,-6.260604540036657228e-03,1.792926882674779732e+00,-6.720490977032088642e-01,1.918316811390532173e-01,-1.336827729573369927e+00,-9.908833400416294790e-02,4.958041120214183584e-02,1.755135130020806455e+00,-7.288880730882040249e-01,-4.326201973470941708e-02,-8.395632010039315307e-02,4.764909710926576447e-02,5.154797085790135958e-01,-9.273212956870447998e-01,3.325978061385920781e-01,-3.532773307727414824e-01,1.983979712742064971e-01,-1.557588374524518093e-01,-1.847967360172398654e-01,3.561161144946032309e-01,-1.076535477001959062e+00,-5.314736786230636056e-01,3.558323684834606149e-01,-3.361874635914783305e-01,8.569932788660222789e-02,-1.942914174828909435e-01,-3.601588488092306584e-01
2.812531676276816203e-02,-1.567429412457938542e-01,5.397594567696474277e-01,-8.057130618976100778e-02,1.059730299418614186e-01,7.375323015140325955e-01,6.620604849764355482e-01,-1.352641798092063974e+00,4.540167244532599539e-02,7.446198397694312604e-04,1.763073286177033294e+00,-6.612943305468172994e-01,1.870561706198821672e-01,-1.339375178655511700e+00,-9.993381645660355528e-02,5.336777868164114397e-02,1.727847477450847657e+00,-7.250388804012262156e-01,-4.425978321102447266e-02,-7.983686425208236237e-02,4.561701154453503410e-02,5.187918305925406370e-01,-9.677789632410256360e-01,3.089391739258131042e-01,-3.166486933125599035e-01,9.847155968547552374e-02,-1.688993757098793957e-01,-2.093272834264104931e-01,3.953416789744318427e-01,-1.034048659969392325e+00,-5.703514713470224651e-01,3.812680079052310211e-01,-1.665293536420635601e-01,8.360833677214031534e-02,-1.636634832361415215e-01,-3.593613283904317779e-01
2.806337373172512750e-02,-1.553680438126228969e-01,5.450254591899663659e-01,-8.754781679936324279e-02,1.130400610435690345e-01,7.382051053449677491e-01,6.592499881043293319e-01,-1.358277423931567363e+00,5.352438543796450565e-02,1.366047979362131765e-02,1.736342749288389165e+00,-6.535687962113204685e-01,1.910485815017871902e-01,-1.347898660214921440e+00,-1.010756145958923435e-01,5.552641119728744107e-02,1.709392477788291176e+00,-7.127249349846553894e-01,-5.339229238657389187e-02,-6.956243681251650379e-02,4.761853117919528922e-02,5.199999996224470289e-01,-1.021069281861838096e+00,3.050419654601376762e-01,-2.939141514272280431e-01,4.266213084096083866e-03,-1.305541199256216589e-01,-2.128749991952596787e-01,4.272172831773586865e-01,-1.026048791956690076e+00,-6.033360488605998828e-01,4.392426836575192839e-01,2.036070645068331283e-02,1.072033281938365445e-01,-1.431276559269946402e-01,-3.339022101360964445e-01
2.794974665714963433e-02,-1.540330927162489871e-01,5.457726276390743037e-01,-9.026362616392698268e-02,1.161305898773116602e-01,7.398345102701466836e-01,6.565143268046940150e-01,-1.360935612518344717e+00,6.160115173696409374e-02,2.594768689775193982e-02,1.728463082461380695e+00,-6.580540380051893568e-01,1.895311523983598534e-01,-1.350267251632157439e+00,-1.090254913665072434e-01,5.410926038864782850e-02,1.705857293502538674e+00,-7.223116777970181035e-01,-6.651253162766317117e-02,-6.380254964212968283e-02,5.000878337742908908e-02,5.199999999999976863e-01,-1.077050972061225798e+00,3.081768537732145208e-01,-2.919276448868436402e-01,-6.006830517091227284e-02,-1.046623046691944614e-01,-2.101143699675480370e-01,4.314040650841367563e-01,-1.023249704567521512e+00,-6.311308824172509047e-01,4.859490872370194059e-01,1.367057320011532684e-01,9.610590722272088771e-02,-1.277919095312843589e-01,-3.090062546936530596e-01
2.790840127159846529e-02,-1.527255109643452236e-01,5.464528921834350683e-01,-9.374679626963029755e-02,1.182283404189004850e-01,7.406752167600300085e-01,6.547013219693827990e-01,-1.365558560575496960e+00,6.460186129093645202e-02,2.890994901719247390e-02,1.723670052273607256e+00,-6.607616926470840646e-01,1.894439386971026595e-01,-1.354104464056037793e+00,-1.108557239963541413e-01,5.270861786397640358e-02,1.703415898357147240e+00,-7.235697884819755066e-01,-7.078482968960515820e-02,-6.302132845125968386e-02,5.214352271944230899e-02,5.200000000000000178e-01,-1.099058516870052626e+00,3.062158167519435925e-01,-2.880477487172139472e-01,-9.711599257567216092e-02,-9.270563734826062219e-02,-2.068804754726972228e-01,4.272380025628381706e-01,-1.026462076701122772e+00,-6.348562677140124899e-01,5.076344347208823216e-01,1.870406486171700688e-01,9.247482124668487957e-02,-1.280249768203484961e-01,-2.943182151130974700e-01
2.804794161173900999e-02,-1.516048038871785075e-01,5.464442555230084597e-01,-9.705220633835187627e-02,1.192698914747962330e-01,7.410953616447477632e-01,6.535543031616352083e-01,-1.371355917444835315e+00,6.686971442935817078e-02,2.777053867147477942e-02,1.723613335524201373e+00,-6.635719514563905852e-01,1.901728438818802436e-01,-1.358542398247265082e+00,-1.083243780028575465e-01,5.202663979633374847e-02,1.703761048295966862e+00,-7.220164091089172897e-01,-6.846757572588217655e-02,-6.646241213636035206e-02,5.239957322480264662e-02,5.200000000000000178e-01,-1.110631980253448559e+00,3.086745422273247108e-01,-2.832919102813301615e-01,-1.207696574167496650e-01,-8.687881232326766234e-02,-2.019512757610274212e-01,4.279798468226703734e-01,-1.027328425845623006e+00,-6.302401859387835037e-01,5.168310554186630323e-01,2.073718301088251781e-01,9.272735648933877473e-02,-1.266205550256586931e-01,-2.886517421279790052e-01
2.837065018902602126e-02,-1.508140156177063262e-01,5.457074668685736318e-01,-9.805374409237371802e-02,1.197133592501096050e-01,7.414497612401951265e-01,6.529214550337423262e-01,-1.373779151754203509e+00,6.758922653096149924e-02,2.731751959926696782e-02,1.725986513566950098e+00,-6.684415610599893087e-01,1.908877775337490812e-01,-1.361425564742028804e+00,-1.075926601161697055e-01,5.196908919251366082e-02,1.708422605273596684e+00,-7.232936513209246021e-01,-6.906371743208530867e-02,-6.812579453001757490e-02,5.221210046159765333e-02,5.200000000000000178e-01,-1.110171754946713163e+00,3.130465102107384823e-01,-2.810778245364886074e-01,-1.300380424493825238e-01,-8.532981964059198343e-02,-2.000746272578408091e-01,4.323545701784726192e-01,-1.026265163230796640e+00,-6.245478295973714289e-01,5.151803111773886057e-01,2.089730114718032772e-01,9.734056889106426635e-02,-1.298316110513090538e-01,-2.910980067274492877e-01
2.894205086839463439e-02,-1.504493524317043196e-01,5.446552939727073994e-01,-9.694788471449582168e-02,1.194546566160261253e-01,7.418631782042104383e-01,6.526643222107979536e-01,-1.373677260531529054e+00,6.821492683475562091e-02,2.799076392443187664e-02,1.730287012215714348e+00,-6.695697203601049807e-01,1.905492034902192267e-01,-1.362090406482960869e+00,-1.090867052795454206e-01,5.190616148713050881e-02,1.715196779281031203e+00,-7.247993444583731293e-01,-6.896809867025087415e-02,-6.828957595968214445e-02,5.077168825987106449e-02,5.196237129198760796e-01,-1.105038611635390078e+00,3.164491415049766054e-01,-2.781334639361389693e-01,-1.326729108989747608e-01,-8.450825703797527899e-02,-2.019038720209576643e-01,4.385734019566033814e-01,-1.020316842088576870e+00,-6.217448408910857260e-01,5.130427787097622261e-01,2.063583726345999403e-01,1.057733538014581226e-01,-1.323817197570913984e-01,-2.897923179242754554e-01
2.969592687572368897e-02,-1.505624892660261394e-01,5.430977064367203955e-01,-9.421528021945642373e-02,1.185608201690792063e-01,7.425343042136309801e-01,6.524642671901531576e-01,-1.371482887808006756e+00,6.689093958325614819e-02,2.855607248219121583e-02,1.735893790163416828e+00,-6.718154576973889291e-01,1.903315693569216649e-01,-1.360775611144934061e+00,-1.121858284812228546e-01,5.207328104411188680e-02,1.724175663257673463e+00,-7.301062114758627430e-01,-7.063110681958086057e-02,-6.758560335439781075e-02,4.984959240125007990e-02,5.187359115566533285e-01,-1.091987774803710565e+00,3.217476145284995925e-01,-2.754943647926255679e-01,-1.216292542455512937e-01,-8.285556741912958323e-02,-2.044705407572732780e-01,4.436948849328999356e-01,-1.011780165930262765e+00,-6.216818400869162931e-01,5.102337548844180226e-01,1.984595523921053595e-01,1.143849750500971485e-01,-1.355912138793366750e-01,-2.827010135030578186e-01
3.055388167667430141e-02,-1.511407205730669612e-01,5.406943574421787524e-01,-9.047986612291916697e-02,1.175909102892944563e-01,7.425758235066763913e-01,6.531209061016921558e-01,-1.369658280253001514e+00,6.424742645188771806e-02,2.798799970706745965e-02,1.744468195715479952e+00,-6.753714940111053000e-01,1.891960361762327070e-01,-1.360047891194858583e+00,-1.152627347715435568e-01,5.241958356421735216e-02,1.735204843150629284e+00,-7.394270834543616999e-01,-7.204271531106176685e-02,-6.806102264766372700e-02,4.883682947024111515e-02,5.178824518971927304e-01,-1.063099089230918892e+00,3.247185512636079907e-01,-2.740132124818417947e-01,-9.426606586488479878e-02,-9.107415569705369640e-02,-2.102868518510511431e-01,4.470744679647709052e-01,-1.003976975833976493e+00,-6.229928836647400381e-01,5.030931059207176537e-01,1.766156001139621290e-01,1.320573530323445044e-01,-1.426500837596473281e-01,-2.738751501784429943e-01
3.141142816102335950e-02,-1.522474506095714275e-01,5.359672544659014326e-01,-8.562400089258598301e-02,1.148010046480654883e-01,7.421008943513999201e-01,6.548095313950414997e-01,-1.372154106296338716e+00,5.519700098237222130e-02,1.854510057834259096e-02,1.765173222410251430e+00,-6.773812307919023779e-01,1.883769745923593031e-01,-1.362480394277361784e+00,-1.118485469127226128e-01,5.585042664878279300e-02,1.756722252232834958e+00,-7.463916372488503814e-01,-6.568993231140898836e-02,-7.329496932242691998e-02,4.719537701622254777e-02,5.174489327973846864e-01,-1.019597749716061985e+00,3.282650003152619012e-01,-2.741017710306088428e-01,-2.301524196347884757e-02,-1.174925426753664487e-01,-2.147815916986749729e-01,4.481900271863806240e-01,-9.982828548499138588e-01,-6.165038888077786217e-01,4.795052531430881171e-01,1.254068838545302211e-01,1.586840803431621427e-01,-1.543578565696394900e-01,-2.747727348386569401e-01
3.211478121123030605e-02,-1.535910926232400830e-01,5.312209214901028043e-01,-7.916416371379840500e-02,1.094092139252098306e-01,7.416236227499357625e-01,6.570822332638617258e-01,-1.367333746996177268e+00,5.036776397301503255e-02,1.012763632056644728e-02,1.785026311072126726e+00,-6.845408806233744814e-01,1.907619222171939577e-01,-1.360000040614077976e+00,-1.132472057668058030e-01,5.369927802659373028e-02,1.779705043603261538e+00,-7.476126159105039859e-01,-6.210820282191939490e-02,-7.838297791096662803e-02,4.617187757992544106e-02,5.161645936236475274e-01,-9.661870942405929030e-01,3.290826357119740475e-01,-2.855626652150481393e-01,9.388197653564650524e-02,-1.598074760117833837e-01,-2.117989502080387665e-01,4.294713111672202044e-01,-9.955163053116644623e-01,-5.896258001828588169e-01,4.357520202038385748e-01,2.943731731942689223e-02,1.880674746512050188e-01,-1.755266384433544491e-01,-2.914327426087163220e-01
3.276683028668109232e-02,-1.552179190472411097e-01,5.256148074049061814e-01,-7.134625797919499912e-02,1.033112910687227909e-01,7.412738136180669901e-01,6.593554594103300248e-01,-1.365082588926395779e+00,4.547616557016910532e-02,2.498732379307741936e-03,1.812748883515584275e+00,-6.819737386487919606e-01,1.865287167357548848e-01,-1.353522489147468200e+00,-1.183103581952442279e-01,5.068004894852606856e-02,1.801700278771889652e+00,-7.585134659625639708e-01,-4.729266610510908520e-02,-8.480551240282649395e-02,4.353039162596868822e-02,5.135081306399401635e-01,-9.170031189628681245e-01,3.408253935046806626e-01,-3.107658886782341257e-01,2.527309186136555419e-01,-1.816635336902689413e-01,-1.984844636468239276e-01,3.977699111327994697e-01,-9.962536255339634605e-01,-5.629856304501710262e-01,3.804236264751306162e-01,-1.475288218698422027e-01,1.575051768634375959e-01,-1.975808046201417978e-01,-3.287491335321719998e-01
3.339581771010059069e-02,-1.567868787300449318e-01,5.167990605356354017e-01,-6.805853412962031834e-02,9.684767684376593966e-02,7.430582065446540430e-01,6.586752349289710651e-01,-1.377668222369035522e+00,5.466941725770527172e-02,1.322878875660662458e-03,1.849756737504864246e+00,-6.911803428486603673e-01,1.973402133471524877e-01,-1.356458901618508461e+00,-1.194743316742294115e-01,4.637531991483030691e-02,1.832241643779309204e+00,-7.806280203409549090e-01,-5.073528842521506793e-02,-9.109923558477148187e-02,4.123661255949683663e-02,5.138077488831721551e-01,-8.784638706275780251e-01,3.556625223957309290e-01,-3.401262136031180661e-01,3.709650605356539232e-01,-1.671979388955228130e-01,-1.719682686165205088e-01,3.698888696284118871e-01,-1.036107108439413338e+00,-5.388846296587873619e-01,3.495568554017768337e-01,-3.217614707028007004e-01,1.498056438756533437e-01,-2.225958981567286998e-01,-3.466924586094347061e-01
3.376626386630267318e-02,-1.579888829756069257e-01,5.101244533526514413e-01,-6.815363326011947276e-02,9.293005052790104248e-02,7.436190683162768877e-01,6.585968184092292343e-01,-1.389476614676070199e+00,6.225299502947419933e-02,-1.938169680317011062e-03,1.874096434659115795e+00,-7.109889487397403895e-01,2.064416303519490681e-01,-1.363706720570923681e+00,-1.172703639868447612e-01,4.132255264222231550e-02,1.853178935554750995e+00,-7.965459072308866961e-01,-5.602735026207437269e-02,-9.528916382293887988e-02,3.855654421086587152e-02,5.144677864818776314e-01,-8.539220628903838595e-01,3.760747762174728170e-01,-3.651211279598549631e-01,4.567733116765310686e-01,-1.596738633914888406e-01,-1.609391849727020707e-01,3.400035583509158910e-01,-1.080483207673216928e+00,-5.156385868450602539e-01,3.371073276844815392e-01,-4.325275982276083342e-01,1.621723027685456064e-01,-2.358183635781730958e-01,-3.592988634389175373e-01
3.399170529866032270e-02,-1.589219736319445186e-01,5.044463921599066092e-01,-6.623018427957796939e-02,8.772749458972743664e-02,7.442753769076386750e-01,6.587652182016709990e-01,-1.394767216374296348e+00,6.937091668076220130e-02,-4.793550286396986576e-03,1.895869526048847620e+00,-7.225459344561819819e-01,2.135184659153044340e-01,-1.367921444259923458e+00,-1.142529002881367411e-01,3.881612308801760114e-02,1.875712951462472855e+00,-7.965818990736539540e-01,-5.338256552622412665e-02,-9.630778700572131812e-02,3.424622338889984213e-02,5.137570688619439441e-01,-8.424584820071506774e-01,3.879702286494803309e-01,-3.733351483568393414e-01,4.885287396850501174e-01,-1.579095667730188723e-01,-1.589657702980836473e-01,3.286749256493732285e-01,-1.103002788663377753e+00,-5.000177479511709322e-01,3.313893148081363815e-01,-4.863153251318382830e-01,1.731853733943764240e-01,-2.450216359032485192e-01,-3.701152143635952907e-01
3.390562564297084497e-02,-1.592231119948513962e-01,5.031918674289641569e-01,-6.390335972096107542e-02,8.718546606458686676e-02,7.442167854948613659e-01,6.591330907420519525e-01,-1.395038049279174741e+00,6.451183725739810526e-02,-5.719762276440017341e-03,1.901048870378867273e+00,-7.166715323369236001e-01,2.101953613432339663e-01,-1.370009694609815476e+00,-1.118908243803673763e-01,4.464255741469931593e-02,1.884564829429992372e+00,-7.912618667047723875e-01,-4.830780708374984855e-02,-9.253862976757029624e-02,3.368413990338157277e-02,5.134094689976425041e-01,-8.584818506649060099e-01,3.887969112882634359e-01,-3.675757341180037607e-01,4.449166700831107546e-01,-1.588810999876126839e-01,-1.693844921605406895e-01,3.432110300700111916e-01,-1.085323515018815410e+00,-5.037386419992189168e-01,3.338543002508743140e-01,-4.676170050498854036e-01,1.659284862262991322e-01,-2.418802771913164951e-01,-3.796687724008190878e-01
3.346651157780849983e-02,-1.588222582649334025e-01,5.067328262171565401e-01,-6.281644706067993078e-02,9.095274107124705354e-02,7.432551512054594856e-01,6.598132107474427022e-01,-1.390479160795863534e+00,4.997270074390823547e-02,-6.394540811769188968e-03,1.887848501607301444e+00,-6.997716137589473639e-01,1.977467187613316801e-01,-1.368818225774946162e+00,-1.104078958337644245e-01,5.430785901877541871e-02,1.875356888099536601e+00,-7.838497130218351483e-01,-4.562454588439233960e-02,-8.659313778342576928e-02,3.340759521658287490e-02,5.144332754423944776e-01,-8.861261627421994636e-01,3.615038110012109840e-01,-3.310276839324370890e-01,3.359698260588948049e-01,-1.803827389962903427e-01,-1.979458523625088617e-01,3.905852566541349602e-01,-1.035472729186641461e+00,-5.202593784578628533e-01,3.377309904298995136e-01,-3.610537342703190600e-01,1.371750118168442722e-01,-2.204335820805487234e-01,-3.946053231243607518e-01
3.299601797944342468e-02,-1.579268967986404981e-01,5.129263375743878806e-01,-6.558322702558634643e-02,9.544896213036108135e-02,7.428233891945323908e-01,6.593949866557189399e-01,-1.384671369977488853e+00,4.234060643984977057e-02,-5.603896707414245809e-03,1.861007807490747901e+00,-6.881875410189430831e-01,1.871524249947179308e-01,-1.367515941636944454e+00,-1.076022858762179790e-01,6.054493574998984912e-02,1.855806649846162504e+00,-7.670147489367673543e-01,-4.064517825042721078e-02,-7.767090440581339572e-02,3.227431581373423064e-02,5.173071980138138626e-01,-9.335157342448091589e-01,3.287839541199224502e-01,-2.788442495864208448e-01,1.843505379227985963e-01,-1.989820132769250516e-01,-2.291865526086989957e-01,4.350929703896693201e-01,-9.951622683838328154e-01,-5.587864011720796720e-01,3.717471025459130884e-01,-1.286451084889980723e-01,1.221243076212653877e-01,-1.828383031241768986e-01,-3.903559867719821885e-01
3.272066160513576599e-02,-1.567234525232770181e-01,5.163286655927087354e-01,-7.134796864089597290e-02,1.015161297388704337e-01,7.435584868827650462e-01,6.570576225554891625e-01,-1.390261497449881256e+00,4.850959570197022064e-02,5.390494306557720196e-03,1.841122041655656627e+00,-6.893461845961117440e-01,1.930893350050943702e-01,-1.377621522286041511e+00,-1.033156998207002408e-01,6.786780310154973128e-02,1.846727113384058150e+00,-7.592011116996214559e-01,-5.286130583211251510e-02,-6.763981422876419458e-02,3.790755185357429918e-02,5.199999991584993708e-01,-9.999682052377243391e-01,3.272818416323780011e-01,-2.536147943748553457e-01,7.123686684047347839e-02,-1.593954788354587371e-01,-2.317110956989428261e-01,4.576206998697291972e-01,-9.854430267783038655e-01,-5.943964864977110407e-01,4.290921528250347117e-01,5.998351545858243705e-02,1.396206972951696823e-01,-1.575000287055827730e-01,-3.422031415690238720e-01
3.243373514327232976e-02,-1.556658352957376590e-01,5.172793309186077826e-01,-7.491013966358206488e-02,1.032565822255904625e-01,7.450368284467201452e-01,6.547111374191867395e-01,-1.395850593553072727e+00,5.269561283468029989e-02,1.047579706705926983e-02,1.837231102432820062e+00,-6.891227094840466361e-01,1.942435163544586341e-01,-1.379496206641004807e+00,-1.045069637752908120e-01,6.823004076371425031e-02,1.843610514045774362e+00,-7.630022457465502894e-01,-6.030159807229250324e-02,-6.398879784039018803e-02,4.217040676647033914e-02,5.194182176139408025e-01,-1.052400348759402471e+00,3.357131644097884893e-01,-2.466102145277124791e-01,-1.576485559812426315e-02,-1.212225465198816243e-01,-2.263704165412114278e-01,4.733358643381562758e-01,-9.811592495254373159e-01,-6.114118109640884757e-01,4.715158543176127259e-01,1.540282988255001206e-01,1.454409664535285807e-01,-1.531093481582944116e-01,-3.044814204950439529e-01
3.216916256187503376e-02,-1.544883502600644665e-01,5.168253487748578623e-01,-7.735967104170106412e-02,1.040167528378366513e-01,7.468984003881473654e-01,6.521800180341461584e-01,-1.400109812154779032e+00,5.730599175455690364e-02,1.578287113080503040e-02,1.837665908184126451e+00,-6.947307989635340686e-01,1.929791268228327472e-01,-1.381459971868892467e+00,-1.087524205722859294e-01,6.755261459576838989e-02,1.846741856609471322e+00,-7.673718257284949384e-01,-6.676806192158871167e-02,-6.582227024921988301e-02,4.624100279089196630e-02,5.191119784512729929e-01,-1.075826818762886994e+00,3.384246466935081354e-01,-2.395518137552466731e-01,-7.042504516558324712e-02,-1.006334538731367689e-01,-2.269768688918754052e-01,4.786368562955304329e-01,-9.649748111998842637e-01,-6.073492575073691224e-01,4.828428292138406408e-01,1.711938077056115171e-01,1.500770416281625996e-01,-1.567682229611069844e-01,-2.937562796304115098e-01
3.219481239784188070e-02,-1.536571402861504620e-01,5.159047328469875682e-01,-7.876231551168963452e-02,1.030755819403343237e-01,7.480339332422728527e-01,6.508587840545703163e-01,-1.402925943730493286e+00,5.871010524611733339e-02,1.451310036156151784e-02,1.842076423397843499e+00,-6.995186279696605780e-01,1.938338743334535319e-01,-1.382604372018036987e+00,-1.082136999139282352e-01,6.634506036979120891e-02,1.852319842493553415e+00,-7.659801122521998629e-01,-6.722051860371393295e-02,-6.967306937579050008e-02,4.771093471999442864e-02,5.185761380560891531e-01,-1.085512967581280019e+00,3.407072107225045388e-01,-2.346690025027834969e-01,-9.918916204113112367e-02,-8.984981635496713803e-02,-2.244968512709612785e-01,4.806216656465728820e-01,-9.532447439894693453e-01,-6.008593998957656446e-01,4.817679332959589611e-01,1.656759755474184470e-01,1.552863157494429602e-01,-1.632618588311140206e-01,-2.880349768240948460e-01
3.252812370823795346e-02,-1.532288423698319468e-01,5.150766865916867054e-01,-8.031066013612887799e-02,1.040284545164137237e-01,7.487892599139696070e-01,6.496483069761022078e-01,-1.408580432961277662e+00,5.656431514159811214e-02,1.297184999632815944e-02,1.844186832015402455e+00,-7.016701978886024094e-01,1.918463194014012607e-01,-1.388797054744953741e+00,-1.078747829210029846e-01,6.690555489680237444e-02,1.857639174777528268e+00,-7.630173691754776888e-01,-6.770397719352853894e-02,-7.146679805352883219e-02,4.950029829979087082e-02,5.173945505869519401e-01,-1.085753445241600890e+00,3.438646468527650768e-01,-2.327733933245083875e-01,-1.075245228630833938e-01,-8.822771219931276054e-02,-2.219524128445508337e-01,4.888001321354980000e-01,-9.412191532875707756e-01,-5.945314191862253184e-01,4.741097754428893474e-01,1.588579475973746213e-01,1.636379084474508805e-01,-1.707685013209510605e-01,-2.927745345553185441e-01
3.311283139999289526e-02,-1.531019927543054993e-01,5.136567247550227755e-01,-8.035482713604417959e-02,1.045421667091102069e-01,7.492333662741315070e-01,6.490480721774274375e-01,-1.412312126702750081e+00,5.558726756308698946e-02,1.242603045116679600e-02,1.848491601460772626e+00,-7.046267104396373160e-01,1.903968537677933059e-01,-1.393360750485802324e+00,-1.084089087770798848e-01,6.736276640090282930e-02,1.864691152849452527e+00,-7.639550182317786930e-01,-6.785125821772911014e-02,-7.229909039117583813e-02,4.928767891593549555e-02,5.169446223133952190e-01,-1.085276256998757072e+00,3.465180138453821668e-01,-2.343160774122066414e-01,-1.085084026983674371e-01,-8.734796926447019327e-02,-2.227158931576175283e-01,4.997835112756160991e-01,-9.291658608664273844e-01,-5.922027868850650023e-01,4.738692021626090822e-01,1.558746351097711758e-01,1.689545685240564921e-01,-1.736164858656119026e-01,-2.934433144412689209e-01
3.392567658674993519e-02,-1.534272656300142978e-01,5.116621447428213454e-01,-7.845438389412560942e-02,1.049335437178213759e-01,7.495415781501483243e-01,6.488615288910256629e-01,-1.414487469757307991e+00,5.353941717484381191e-02,1.289113582606331299e-02,1.854397219002473562e+00,-7.053492857689798168e-01,1.872757095667807459e-01,-1.397520384529515436e+00,-1.116798549339121094e-01,6.836766878881708753e-02,1.874431519461073670e+00,-7.660137304434024852e-01,-6.728006063365185585e-02,-7.091987848833669617e-02,4.915067189857331986e-02,5.166082303300862932e-01,-1.080211821771479341e+00,3.478043076991384486e-01,-2.366670258398397564e-01,-1.054134236002567948e-01,-8.486790376501750222e-02,-2.257389022548452195e-01,5.098956624380035496e-01,-9.170234078139185563e-01,-5.964621923803631320e-01,4.801486742831312382e-01,1.559888502235049212e-01,1.689441237214449609e-01,-1.739969269631035931e-01,-2.888474281213380124e-01
3.486093252184738200e-02,-1.541734440132980777e-01,5.095866259398887932e-01,-7.517667890319894297e-02,1.045515039655893486e-01,7.495280839363319680e-01,6.493266522778423644e-01,-1.414460581365541758e+00,5.025694975384263630e-02,1.223959502644334299e-02,1.861217334300250492e+00,-7.039387508862732235e-01,1.840414784174882190e-01,-1.399435611934477075e+00,-1.163084346843723249e-01,6.825019330877424295e-02,1.884417015633239378e+00,-7.684419844574529312e-01,-6.594787929046014296e-02,-6.935434281586713712e-02,4.769596992395903207e-02,5.164145146851503165e-01,-1.063118684457675878e+00,3.478207468600811869e-01,-2.393834187880156672e-01,-8.860900485675522742e-02,-8.493168547870207086e-02,-2.297812710704736638e-01,5.156145909013616357e-01,-9.079187167700450978e-01,-5.995461449716491531e-01,4.825099516187849602e-01,1.502708668826739646e-01,1.738958107048965140e-01,-1.758543173428204209e-01,-2.817190046485463784e-01
3.579089454964716477e-02,-1.553269293238675186e-01,5.063170418631622871e-01,-7.034859009201170632e-02,1.023834865784997300e-01,7.486345467695100231e-01,6.512411327083896806e-01,-1.412454551074725950e+00,4.500221143052401951e-02,7.116556332127791859e-03,1.873607934953172238e+00,-7.061155273942377741e-01,1.818992938104866675e-01,-1.399426852447124281e+00,-1.166415680435540780e-01,6.866219701602252479e-02,1.898028125566510793e+00,-7.730370708762904775e-01,-6.451509272854250021e-02,-7.062473722497157602e-02,4.599651787959892213e-02,5.167061518251560015e-01,-1.035013413722914555e+00,3.477133884970048383e-01,-2.491167907619163124e-01,-5.017031832052455675e-02,-9.553135276405784471e-02,-2.334758050396301687e-01,5.144517775594715792e-01,-9.070381982823082501e-01,-5.996102603527210251e-01,4.807843700874842030e-01,1.290388708769022452e-01,1.860768582259353099e-01,-1.808841778981513937e-01,-2.750489084893406599e-01
3.660498479062834765e-02,-1.567150217937980650e-01,5.014807741589305534e-01,-6.567130616638040819e-02,9.991154992806614010e-02,7.467297175813069066e-01,6.542932756939464634e-01,-1.413821712321630342e+00,3.831846741058880790e-02,-1.519202823710155735e-03,1.892237736091579414e+00,-7.117073050542119805e-01,1.777020334465733986e-01,-1.404820635306800236e+00,-1.126928271786906688e-01,7.006931897540635834e-02,1.918038018389393473e+00,-7.739105252697199289e-01,-5.795762546185055653e-02,-7.453381611829143494e-02,4.335927286902774291e-02,5.173419050039721467e-01,-9.861416135053540089e-01,3.436052321999688020e-01,-2.569376998684566593e-01,2.504041349859606816e-02,-1.279705902356868541e-01,-2.345698101739584485e-01,5.025041932719388482e-01,-9.101600022158082837e-01,-5.879800855214446509e-01,4.576687468950109694e-01,7.971658000836827351e-02,2.139174415012430608e-01,-1.919498354997444811e-01,-2.801143389140081097e-01
3.724094842798050808e-02,-1.583415368266176959e-01,4.952812632520402492e-01,-5.878520731361291940e-02,9.342417730945623555e-02,7.448754713873477762e-01,6.580096918895824709e-01,-1.412314155487368161e+00,3.710726196032169966e-02,-1.091023801476593419e-02,1.919914218153715435e+00,-7.125186265862115675e-01,1.775009141716670236e-01,-1.403621231067532671e+00,-1.108815441663940082e-01,6.734514708623229318e-02,1.943000985861794927e+00,-7.745618358766488409e-01,-4.805454553093414793e-02,-8.312150207833336746e-02,3.929535334804386271e-02,5.152364618367867299e-01,-9.326260603504084035e-01,3.532004781253720305e-01,-2.745606790402504438e-01,1.491284423443237916e-01,-1.692857929663154626e-01,-2.250016280483496389e-01,4.798943895925451009e-01,-9.214978786509830933e-01,-5.590240481640341708e-01,4.169591250482198030e-01,-1.948294424465679339e-02,2.416144974593405492e-01,-2.121077407192649700e-01,-2.984875161515441189e-01
3.786562569038463139e-02,-1.599414033720503447e-01,4.903013402927711706e-01,-5.190810107485328839e-02,9.003919546646547978e-02,7.444329792460312456e-01,6.595589675938248186e-01,-1.411597301767790746e+00,4.198633072398635924e-02,-6.340912416369278229e-03,1.940980044090474754e+00,-7.109904132901314622e-01,1.724948962452561851e-01,-1.399884122027724054e+00,-1.190929261590172455e-01,6.668243316001248866e-02,1.958950752291462871e+00,-7.907059810646436260e-01,-3.681455947825915120e-02,-9.175856221319304840e-02,3.536826668995632361e-02,5.122800794842935490e-01,-8.860772443504451035e-01,3.670666430479439524e-01,-3.131036249124393711e-01,3.074749133357767006e-01,-1.877749744693869016e-01,-2.016291256404448562e-01,4.292410872411195344e-01,-9.470265597925261458e-01,-5.279822036437654686e-01,3.740192369284081053e-01,-2.011372724479724428e-01,2.270019038239397824e-01,-2.339421317474387474e-01,-3.351926719480133876e-01
3.845528950625001080e-02,-1.612245415952048844e-01,4.815159497930689425e-01,-4.929821962443751981e-02,8.368932740177315033e-02,7.445929951565763982e-01,6.604143044973038723e-01,-1.418481550465976460e+00,5.207053115342884925e-02,-9.666530067236799029e-03,1.973437041454162211e+00,-7.394978161429082153e-01,1.874721283908332703e-01,-1.405781707699661265e+00,-1.125063922310659270e-01,6.370574438906317916e-02,1.988365164807575081e+00,-8.043214483195910702e-01,-4.166343401640703464e-02,-9.901327123409167652e-02,3.070880027161625864e-02,5.126760734214869109e-01,-8.447233806528585687e-01,3.872831779489551707e-01,-3.435463069778020295e-01,4.091473026994473794e-01,-1.674940206760044403e-01,-1.814840807433752146e-01,3.962537380977823598e-01,-9.995678904537188547e-01,-4.988070503551489954e-01,3.484899308667221418e-01,-3.561980591684723030e-01,2.256374061608078796e-01,-2.539985516328021053e-01,-3.536843727913885349e-01
3.900967681054494374e-02,-1.620563290176561533e-01,4.754707803448539605e-01,-4.887405538240310876e-02,7.858142063870372784e-02,7.449953325228808598e-01,6.606195891434059053e-01,-1.423414385396222226e+00,7.133534712128797306e-02,-7.042275570658324164e-03,1.994723726065236624e+00,-7.644650879315908476e-01,2.004057194312868773e-01,-1.410860058482938939e+00,-1.084766752088826003e-01,5.810002897120775806e-02,2.007061065698620528e+00,-8.087307617723923370e-01,-3.967265151668476764e-02,-1.030628050815186741e-01,2.452866487514902133e-02,5.138538727455161936e-01,-8.173881925370343193e-01,3.973931430024161271e-01,-3.652752643816057909e-01,4.750373489835706398e-01,-1.636445282257406320e-01,-1.735762306003459099e-01,3.753165480203874971e-01,-1.041307423674063370e+00,-4.792774409560542348e-01,3.380566587667466760e-01,-4.560302454966025931e-01,2.304597460519985930e-01,-2.676790221025763250e-01,-3.824616103580409376e-01
3.924561202889399747e-02,-1.623772307913594892e-01,4.712217552692339884e-01,-4.788662577270712262e-02,7.732569890005940028e-02,7.448781844576705113e-01,6.609720854020741942e-01,-1.428626133246462260e+00,7.504948990457256663e-02,-6.632567533994106548e-03,2.009396473274326134e+00,-7.762941925217067274e-01,2.001104027201832947e-01,-1.419003042659643166e+00,-1.029195093553230966e-01,6.104165472229926975e-02,2.023111863248030495e+00,-8.102738638508565350e-01,-3.854945206072075969e-02,-1.034247611020215479e-01,2.464205356066246841e-02,5.147414617217117572e-01,-8.020012931871816075e-01,3.977589699303084037e-01,-3.673974439598661768e-01,4.774143382590156914e-01,-1.653545068299216159e-01,-1.809780773779310903e-01,3.699910293818674534e-01,-1.061666132183030076e+00,-4.721650836581487987e-01,3.302820578804180895e-01,-4.941876477926978595e-01,2.161559628714628811e-01,-2.707973655581409900e-01,-4.019469632560281336e-01
3.916896713051615936e-02,-1.621259825595675330e-01,4.708587604040909702e-01,-4.614014526002760408e-02,7.781236355417359141e-02,7.445657299540461294e-01,6.613911073271965257e-01,-1.425864533871233686e+00,6.961813538251848676e-02,-6.432461101940088744e-03,2.011104523267205568e+00,-7.762233292881326463e-01,1.960855136047365277e-01,-1.419453000915686269e+00,-1.013758482612681089e-01,6.600944105658339278e-02,2.027270478704714218e+00,-8.091931350891360397e-01,-3.955637721074434232e-02,-1.025071226855098078e-01,2.542908645680913918e-02,5.146904432835887055e-01,-8.066969863864886792e-01,3.981192904044498215e-01,-3.546923907240149831e-01,4.328423718136150677e-01,-1.609362810595930116e-01,-1.914168725465912879e-01,3.841298530097891351e-01,-1.054231049929316821e+00,-4.811951587466439806e-01,3.287022224503350354e-01,-4.787473624810286710e-01,1.955887161492556037e-01,-2.647841957217484943e-01,-4.126466483552450049e-01
3.885834478127495745e-02,-1.614268197353718459e-01,4.713997763100245542e-01,-4.569073001336516893e-02,8.138033857032862806e-02,7.438586937481014294e-01,6.617883660358441222e-01,-1.426613038783614007e+00,6.027023374238452136e-02,-4.703722673489240530e-03,2.009053051194845452e+00,-7.725286012338364872e-01,1.918766895846840959e-01,-1.423529100622652255e+00,-1.019049472701450687e-01,7.331530364703539582e-02,2.028585462258650551e+00,-8.121962164512652738e-01,-3.839315898600474675e-02,-9.765639501462773653e-02,2.666764265151684923e-02,5.140242197914104416e-01,-8.252107521444496108e-01,3.892855572038735890e-01,-3.370526517418955814e-01,3.609107986678948832e-01,-1.592592832250759871e-01,-2.062047223659435047e-01,4.216040099562407550e-01,-1.025938091176955336e+00,-4.953447193057634590e-01,3.333416944494715928e-01,-4.061523375638355082e-01,1.749203372858966765e-01,-2.515209065532514332e-01,-4.257218639718852171e-01
3.848524633596586003e-02,-1.604382093241650542e-01,4.741357020346804729e-01,-4.458493208213087228e-02,8.529217796292427878e-02,7.438832214375051821e-01,6.613434667956823443e-01,-1.420778744375954306e+00,4.902833004052828403e-02,-5.510765058107094591e-04,1.997011737499253980e+00,-7.658188228179475532e-01,1.838723847024588687e-01,-1.422640261831603414e+00,-1.069101460218589983e-01,8.086320349640163663e-02,2.023562508409200600e+00,-8.096604911170324215e-01,-3.973567437457187213e-02,-8.830899885275551864e-02,2.682720816257310251e-02,5.146308652864919342e-01,-8.537451709062511274e-01,3.643264957960994366e-01,-3.077913119083227067e-01,2.626955783276437306e-01,-1.701539675382733041e-01,-2.225953666081383620e-01,4.600985504953157834e-01,-9.874633221126094540e-01,-5.097531823935548267e-01,3.477269983837188994e-01,-3.021299185669157894e-01,1.491858696040532506e-01,-2.290439340681858504e-01,-4.366093994157864144e-01
3.814779253743291743e-02,-1.593985097017931452e-01,4.770256694189063951e-01,-4.766768539494010970e-02,8.847735823245214681e-02,7.443478729477338574e-01,6.601861804729626249e-01,-1.423800615029518157e+00,3.872717408779352555e-02,-3.599309472583799973e-03,1.984990341825164872e+00,-7.554558562365261132e-01,1.769929171187211991e-01,-1.428651224896854144e+00,-1.074148666369884320e-01,8.346096943480293961e-02,2.018740653524145667e+00,-7.914925769288043700e-01,-3.628615678911528697e-02,-8.060851508671115773e-02,2.851517473199696728e-02,5.159518000793076320e-01,-8.949191549163351134e-01,3.427866753483485573e-01,-2.773821930037355665e-01,1.651699353323609343e-01,-1.848860614854136719e-01,-2.361807755890780736e-01,4.844206347388452794e-01,-9.536082943526565936e-01,-5.357983857450346887e-01,3.765922051961639871e-01,-1.351847135912564724e-01,1.475898244980607121e-01,-2.057790970866228975e-01,-4.268443072541481254e-01
3.799087661488437240e-02,-1.581847110378438725e-01,4.805307392224126284e-01,-5.586573152354169791e-02,9.482733633288184527e-02,7.457540933964380558e-01,6.570674459351992791e-01,-1.435806108360253797e+00,3.850975145000135047e-02,7.202465057573916030e-04,1.966309947407257619e+00,-7.544604608013871783e-01,1.839104822526057559e-01,-1.440782105538530145e+00,-1.056532597938112938e-01,8.563918893123924347e-02,2.007959450593880035e+00,-7.863383726394804762e-01,-5.014342229709055354e-02,-6.799969651935967863e-02,3.475951721315093113e-02,5.189216730396349897e-01,-9.675294522941050301e-01,3.412172600915229781e-01,-2.543627486394322013e-01,6.097994916994284309e-02,-1.526629980782972518e-01,-2.457679877216667197e-01,5.066366292331895282e-01,-9.375416187001311963e-01,-5.739637416164224959e-01,4.228905004616247409e-01,5.316622377995435661e-02,1.723488705701351487e-01,-1.850740973015291280e-01,-3.713829164636355817e-01
3.793168587970802835e-02,-1.573812108020947176e-01,4.820868694887396888e-01,-6.016988973929603135e-02,9.789051107115671890e-02,7.478426756793449259e-01,6.538565321565167343e-01,-1.442662782313489211e+00,4.372536566150479059e-02,8.975727910027229972e-03,1.957851861228427914e+00,-7.539526580083412144e-01,1.864143048265943792e-01,-1.442152794823028827e+00,-1.074087286521921425e-01,8.795714088022323074e-02,2.001978051575759032e+00,-7.973636229263492137e-01,-5.949403989072711563e-02,-6.371514233600009125e-02,4.059764604295430790e-02,5.199999996630227939e-01,-1.016056516524753262e+00,3.493314643361191685e-01,-2.492030820050719075e-01,-2.684375944408127004e-02,-1.107536431177647412e-01,-2.496980378893287333e-01,5.166738622245715673e-01,-9.349222276611667271e-01,-6.031331743489031227e-01,4.653485677237991225e-01,1.351158691663228995e-01,1.665780072046179339e-01,-1.751748407040553679e-01,-3.201342946580591486e-01
3.796333929212825087e-02,-1.572199532252981646e-01,4.811456029120124711e-01,-5.965385140780416623e-02,9.643111656495577388e-02,7.492613287004541434e-01,6.524951487055520305e-01,-1.442437621054183605e+00,4.343790438741732679e-02,1.012106335574515514e-02,1.961395340988056679e+00,-7.557230300919551835e-01,1.870293611026431768e-01,-1.440471338905763732e+00,-1.137855634622484957e-01,8.572651974978413858e-02,2.008692804689935940e+00,-7.978293931154624152e-01,-6.229406168074009403e-02,-6.235004540384340294e-02,4.490134678613457581e-02,5.178773951001111042e-01,-1.012533092226621134e+00,3.427745365615725293e-01,-2.406429269291557871e-01,-5.048344612089744610e-02,-9.728503772282477702e-02,-2.476022803095966063e-01,5.210248442381505418e-01,-9.306741497968582522e-01,-5.955684358174108128e-01,4.679063312149692178e-01,1.282016621573771886e-01,1.828550700319285793e-01,-1.862279556378111933e-01,-3.096765276920039334e-01
3.802479304099978807e-02,-1.574490777451532930e-01,4.769635990713910201e-01,-5.593055346821672325e-02,9.199994055540329507e-02,7.475270955336377199e-01,6.554471951039104738e-01,-1.439232391039491521e+00,4.020380489023132886e-02,1.515830647851478322e-03,1.980041491205286830e+00,-7.645891730372859074e-01,1.857417712673744281e-01,-1.439388539794269839e+00,-1.069013926620122484e-01,8.570057673257232278e-02,2.026628322709618679e+00,-7.982794120197579391e-01,-5.439714465499932705e-02,-6.794451230494882865e-02,4.183579068976250176e-02,5.160437124598054037e-01,-9.592368493782105210e-01,3.414016097255793691e-01,-2.439759719504551172e-01,1.046955782785865922e-02,-1.190208070498555704e-01,-2.346880979706030823e-01,5.204424008538859336e-01,-9.388168811761367083e-01,-5.599285555631882128e-01,4.335128091836397690e-01,3.960444023893273935e-02,2.102512802690962024e-01,-2.083174231036079294e-01,-3.268605323503450122e-01
3.828122979536315723e-02,-1.584860141878186302e-01,4.691093645852045801e-01,-4.612656532047072072e-02,8.253644559087397470e-02,7.457807551466739682e-01,6.594476024475460774e-01,-1.429657540336346955e+00,3.596295178376131968e-02,-9.814510358400859585e-03,2.015878445167435640e+00,-7.740611301462174687e-01,1.735450294738888899e-01,-1.433025261877856504e+00,-1.042721124035399655e-01,8.448293639013983169e-02,2.057863367332858573e+00,-7.965934226730312373e-01,-3.881782743990631890e-02,-7.588658884604451704e-02,3.607978108650090193e-02,5.106459659915318916e-01,-8.828902113256340556e-01,3.507806964793235838e-01,-2.785799036880316493e-01,1.341002152267607439e-01,-1.533005891666539000e-01,-2.128440942931321134e-01,4.866373313006899237e-01,-9.542447268078383393e-01,-5.025670111530903261e-01,3.875633478182938241e-01,-1.219771314617892621e-01,1.947552012717662928e-01,-2.290921277005725787e-01,-3.809094435340146245e-01
3.879342866916968280e-02,-1.595070521681506148e-01,4.610759893549706834e-01,-3.839655512807808868e-02,7.832875382163739797e-02,7.459416090942524447e-01,6.602737513341890851e-01,-1.430829103018544712e+00,4.023004217221708839e-02,-5.244181380199545127e-03,2.046200049372090213e+00,-7.817223759761223745e-01,1.686765274079970456e-01,-1.435730038917108597e+00,-1.053084478498154952e-01,8.942402820574417432e-02,2.087445500630113138e+00,-8.093366085447903924e-01,-4.162847730476079700e-02,-8.095401720975432813e-02,3.589400497984528843e-02,5.069818246014070606e-01,-8.337526799706921343e-01,3.641223645340576631e-01,-3.117660449382620991e-01,2.082346312268960054e-01,-1.457640078148816354e-01,-2.024882734956450492e-01,4.563134425790033588e-01,-9.808921393253560161e-01,-4.808396591714423352e-01,3.675738864163508035e-01,-2.804752933023247907e-01,1.516331913598893966e-01,-2.418630689193257688e-01,-4.058265314202385010e-01
3.904133993279440551e-02,-1.601043661953380493e-01,4.539826039451470563e-01,-3.397845956865709616e-02,7.382939693345706711e-02,7.459929675637051449e-01,6.609759275338845663e-01,-1.433826513078350740e+00,4.333820452692883907e-02,-7.085609191992924688e-03,2.072199686845630051e+00,-7.938085409288199168e-01,1.680083730124979635e-01,-1.439378384409533584e+00,-1.049411184070900005e-01,8.977606146890229621e-02,2.112302898765407555e+00,-8.170875402577519875e-01,-4.121745831926544590e-02,-8.383953818509554123e-02,3.296739547540610688e-02,5.068159818478590317e-01,-8.139907080730995892e-01,3.734582515110562717e-01,-3.346226147102561166e-01,2.308625000381526737e-01,-1.361972577801669748e-01,-2.026061238182230162e-01,4.350642365396985567e-01,-9.747436949727787958e-01,-4.694206329830638569e-01,3.556612585745469457e-01,-3.463147753224050662e-01,1.442735972024326574e-01,-2.454980812705453153e-01,-4.116126502899676298e-01
3.915760109705519743e-02,-1.605386294063183283e-01,4.477657252643295061e-01,-3.084946883311075888e-02,7.043108138500950299e-02,7.453492606373133267e-01,6.622252280871386843e-01,-1.437289485090591290e+00,3.987988608541701702e-02,-1.330868335829612711e-02,2.093675467509266142e+00,-8.076532398187583617e-01,1.704685212186971000e-01,-1.446500314146716537e+00,-9.674303250279919775e-02,9.291212712733555590e-02,2.135119145669803320e+00,-8.182087567200510003e-01,-4.000110984176220158e-02,-8.329248350983568805e-02,2.600074202474007140e-02,5.067631653582803652e-01,-7.999829127732103196e-01,3.738777016592442215e-01,-3.364505563814026434e-01,2.252328382418974928e-01,-1.334153928239564524e-01,-2.117723356107850674e-01,4.278060341698070035e-01,-9.588859553520676648e-01,-4.638488678626601636e-01,3.488536178209709071e-01,-3.732736097562624478e-01,1.385744233653426472e-01,-2.421151821157505046e-01,-4.064559390963717878e-01
3.903742765562256967e-02,-1.604732488999151274e-01,4.443352143448169866e-01,-2.894111974713685018e-02,6.858172126280048797e-02,7.441258682078379927e-01,6.638792445620995686e-01,-1.437781025754365949e+00,4.122821389222461330e-02,-1.541478539358890829e-02,2.107238024139307164e+00,-8.160920558941761049e-01,1.731254898262242770e-01,-1.449988536287606156e+00,-9.188683972788659615e-02,9.398654527046443330e-02,2.147948636427180258e+00,-8.198192494655023310e-01,-3.836026991804894481e-02,-8.326667781984260774e-02,1.722419367065898543e-02,5.070863421882385591e-01,-7.916899137380144502e-01,3.696269752648813633e-01,-3.307879000922736012e-01,2.105364801310078415e-01,-1.363152319431577275e-01,-2.216942327996062334e-01,4.296172563805153444e-01,-9.431117765759720051e-01,-4.609139033677662201e-01,3.465062728506502210e-01,-3.771736266310175556e-01,1.443278583375486313e-01,-2.386349051854605996e-01,-4.012307169933916895e-01
3.868944747964159908e-02,-1.599987321294439047e-01,4.416151264638706331e-01,-2.750677073854675483e-02,6.763757171478179675e-02,7.434780268655913904e-01,6.647623334877742485e-01,-1.439023541373078974e+00,4.218544238278065101e-02,-1.515065148157308805e-02,2.117858527093640753e+00,-8.200033580833205882e-01,1.737475698392328127e-01,-1.453406355739468747e+00,-8.853204428381944435e-02,9.660056400470201643e-02,2.159527113987664837e+00,-8.207361367539252051e-01,-3.890343588437239486e-02,-8.225257651084409705e-02,1.316489882531913028e-02,5.073975625552797908e-01,-7.856758396706745584e-01,3.639734039214913008e-01,-3.207526147504833336e-01,1.960032666662485656e-01,-1.428002574666472069e-01,-2.295802801885651057e-01,4.318196405277781591e-01,-9.333593711578902496e-01,-4.623363250812217995e-01,3.442995372984996028e-01,-3.714264770737920607e-01,1.486398877134278151e-01,-2.340467060773403773e-01,-3.945862957121915593e-01
3.823548658819580365e-02,-1.592288141597251738e-01,4.389872885072453323e-01,-2.739472693572862771e-02,6.737281530432523424e-02,7.429983725210191903e-01,6.653298814311606746e-01,-1.440666549753157888e+00,4.413111410282673230e-02,-1.428093198973933060e-02,2.126863712483076263e+00,-8.320696166125938209e-01,1.760762249976585703e-01,-1.458134321873214567e+00,-8.522320201497057823e-02,9.869380410487255118e-02,2.170273438331455917e+00,-8.243654741664019348e-01,-3.852572678226070385e-02,-8.302528589335168852e-02,1.148492631171608991e-02,5.070881477964538364e-01,-7.778860354019028200e-01,3.624633482377560001e-01,-3.180208712952338757e-01,1.915192356658324824e-01,-1.459207382815561338e-01,-2.326081226979950234e-01,4.304860865740961495e-01,-9.344480249134057281e-01,-4.647498845997967698e-01,3.394386813825285287e-01,-3.680596136553700992e-01,1.472934884975005687e-01,-2.327143037300654360e-01,-3.987186232991600798e-01
3.770801377434782053e-02,-1.581687288186941487e-01,4.366721306966522831e-01,-2.780988927694376736e-02,6.710627592086686188e-02,7.427947439243298700e-01,6.655669208943797432e-01,-1.442699111335201234e+00,4.447642575867730153e-02,-1.454647977039170287e-02,2.135682320210846363e+00,-8.427427812046016653e-01,1.785272826761180320e-01,-1.461255738045726948e+00,-8.192137286695441722e-02,1.008375591329398607e-01,2.179070214689899920e+00,-8.296767940057979684e-01,-3.773103610054579643e-02,-8.229415077848870053e-02,1.104466024597977082e-02,5.066857222585335885e-01,-7.735093907490615539e-01,3.665948874403708313e-01,-3.213490115452908857e-01,1.932954669006216319e-01,-1.439410655204606537e-01,-2.295724567597151877e-01,4.261308129711463555e-01,-9.415282526541994823e-01,-4.691551736036320697e-01,3.341052934062476165e-01,-3.694448196056705491e-01,1.432292592715804780e-01,-2.338045272035389754e-01,-4.086093901771180037e-01
3.709822584050424116e-02,-1.569857643444524664e-01,4.337688238384085904e-01,-2.800530864648055271e-02,6.591441226235508766e-02,7.423628578686556345e-01,6.661594255137470721e-01,-1.444346423705318294e+00,4.497493966627834350e-02,-1.671145378337638224e-02,2.147637699374350451e+00,-8.545099010301888676e-01,1.809324535244541954e-01,-1.463305852925010031e+00,-7.921155292056149266e-02,1.013228415262755616e-01,2.189331750309126079e+00,-8.362106329342623434e-01,-3.666118244543059568e-02,-8.261848071424914008e-02,1.057305557468612989e-02,5.058410290764150385e-01,-7.752909251115476241e-01,3.727930870437607402e-01,-3.277656219551746131e-01,1.992103677705734377e-01,-1.406451225711097264e-01,-2.262509140074500102e-01,4.238292809008761819e-01,-9.503649598714509761e-01,-4.746125914407051116e-01,3.299657231272364877e-01,-3.648938927306671909e-01,1.384240488662648871e-01,-2.343889401156042107e-01,-4.216876122481236222e-01
3.651135525084404226e-02,-1.555454649775953602e-01,4.322650896392331576e-01,-2.908767234495284598e-02,6.621921778898595679e-02,7.422254227709753627e-01,6.662359524263260502e-01,-1.446542281981300748e+00,4.515244925446682683e-02,-1.697089445278167352e-02,2.154532881805128142e+00,-8.616144557838421036e-01,1.818390054180106241e-01,-1.466176508226112229e+00,-7.709926883294226929e-02,1.032048914630472186e-01,2.195787080151811566e+00,-8.391066667741921004e-01,-3.580233531218566384e-02,-8.196963480811408909e-02,1.144457263463935850e-02,5.048901422648823800e-01,-7.807178341075110550e-01,3.753404022463431855e-01,-3.300314753599059570e-01,1.998689234186485641e-01,-1.385662523499158749e-01,-2.246991023881351190e-01,4.273455621975417729e-01,-9.586661740190860481e-01,-4.838394770324542238e-01,3.296994860833876162e-01,-3.523016192666604818e-01,1.308601884241842872e-01,-2.339161033242873056e-01,-4.302700607730303717e-01
3.597471307233728738e-02,-1.539633436930535892e-01,4.320314172259846486e-01,-3.010235682647578043e-02,6.749589538434262737e-02,7.422526803199603895e-01,6.660323646622526850e-01,-1.447054637203765592e+00,4.548451025194187591e-02,-1.472737905746690328e-02,2.156896157108883827e+00,-8.648540894174142624e-01,1.817324854400634571e-01,-1.467539663123020421e+00,-7.731853666478036291e-02,1.056278756839406224e-01,2.198741596046263957e+00,-8.414676003706472729e-01,-3.626855691699465423e-02,-7.975964028656197524e-02,1.263042891856447011e-02,5.040047583735219883e-01,-7.973405826319505119e-01,3.743074619955798488e-01,-3.296395768732592324e-01,1.873130883978246231e-01,-1.377489134067113596e-01,-2.242623328160064378e-01,4.360649941313148870e-01,-9.583792082307855953e-01,-4.954783799655000931e-01,3.373529161615428373e-01,-3.284594186521336279e-01,1.225375455332267521e-01,-2.297067142331763179e-01,-4.327237239611887998e-01
3.549045177708432669e-02,-1.524644819330666923e-01,4.328264884247937094e-01,-3.163502706357512045e-02,6.961644363952992909e-02,7.422394624932980856e-01,6.657577308265604232e-01,-1.448067039363538644e+00,4.370782380550147783e-02,-1.288823533247274167e-02,2.155158648739919247e+00,-8.640694675246098910e-01,1.793492357106978852e-01,-1.471260373136409338e+00,-7.951800844657981593e-02,1.070782381324009297e-01,2.199134494412052998e+00,-8.366482041101683809e-01,-3.753366320100946785e-02,-7.636460602415139076e-02,1.258308576454334957e-02,5.033510396727174374e-01,-8.210180122519067369e-01,3.697761465112411328e-01,-3.219122869111782914e-01,1.540415085522010563e-01,-1.398802287269755862e-01,-2.270427373180818609e-01,4.507141055663249074e-01,-9.454774814432684860e-01,-5.069829397487158884e-01,3.517271478607627566e-01,-2.830114272146740384e-01,1.234279909798331742e-01,-2.244752810852042035e-01,-4.279098865148162067e-01
3.496413172450513196e-02,-1.505594161579411339e-01,4.350403169120100055e-01,-3.280854000054934244e-02,7.238282509971474821e-02,7.423314430284378984e-01,6.653032053319249961e-01,-1.446298490789171831e+00,4.011407252468264517e-02,-9.869069988253426420e-03,2.149666431066456163e+00,-8.564725939521511400e-01,1.739315167654008620e-01,-1.471228456525962569e+00,-8.520247706276440347e-02,1.090231099886779798e-01,2.196024784792530493e+00,-8.313305743961520999e-01,-3.838044697194843008e-02,-6.859550910025404014e-02,1.150498207512314769e-02,5.038861543044194091e-01,-8.570719051770266939e-01,3.611217969617837587e-01,-3.018644823451193115e-01,9.291742092226022709e-02,-1.418394001985189556e-01,-2.352696308741399622e-01,4.689631000669088334e-01,-9.149914761980408873e-01,-5.306460875350419437e-01,3.723185975430236549e-01,-2.000672804059248910e-01,1.197695847979913103e-01,-2.098002642964721665e-01,-4.133455685650270772e-01
3.467905512617958097e-02,-1.482167031804935142e-01,4.405094297248260959e-01,-3.920112382218304825e-02,7.882022246930571463e-02,7.442374317419200302e-01,6.620885813961436828e-01,-1.450110097566132517e+00,4.599525093841677625e-02,5.253769573456915781e-04,2.128085404657291679e+00,-8.491190496119354059e-01,1.754485160215790984e-01,-1.470717343235835584e+00,-9.620970416551385962e-02,1.078258897877289735e-01,2.178154758610321373e+00,-8.383255466109689191e-01,-5.039967918914313449e-02,-6.045279619515337571e-02,1.425936555386886351e-02,5.072243338691374559e-01,-9.213631229033359960e-01,3.631299894609442691e-01,-2.847435230744561063e-01,7.106214340315809841e-03,-1.346804737828241616e-01,-2.529588116847203416e-01,4.779486643347344299e-01,-8.870701000106417933e-01,-5.789167719360340802e-01,4.167562166760775955e-01,-6.307210064377563596e-02,1.399895847666271231e-01,-1.956505579024230834e-01,-3.638505903015947229e-01
3.456560092348397173e-02,-1.464087309353807598e-01,4.436732035882261505e-01,-4.415909619381246098e-02,8.406122933723392254e-02,7.469064052899515582e-01,6.581143560829693095e-01,-1.458442651140380297e+00,4.673929143498394695e-02,9.227083586519104624e-03,2.116636759797453582e+00,-8.394907956632513546e-01,1.767747351051607296e-01,-1.471749204633256980e+00,-1.023660251715310110e-01,1.105160406933524825e-01,2.169224534167108143e+00,-8.487199982568726098e-01,-6.084960206385611747e-02,-5.581575961933632479e-02,1.966606609802409866e-02,5.071473984063844531e-01,-9.781351480745388294e-01,3.693507195548248467e-01,-2.637056874448306387e-01,-7.651403377090344737e-02,-9.591550489712741268e-02,-2.605103525944781895e-01,4.891593178867834069e-01,-8.689646118741791714e-01,-6.120699731497639684e-01,4.562249526091425866e-01,3.808687553602079640e-02,1.490388539937787526e-01,-1.856675643558205746e-01,-3.039692066371776358e-01
3.434165467693817836e-02,-1.449263130688626389e-01,4.425821563857624819e-01,-4.490710761443132693e-02,8.343591650847742569e-02,7.478140633886491973e-01,6.571118064075959220e-01,-1.457951395214234669e+00,4.338039553922489605e-02,6.784821954433854774e-03,2.121207390077664456e+00,-8.469238741903049039e-01,1.740353941843334751e-01,-1.469966110525554370e+00,-1.072215543862039960e-01,1.084344308782342198e-01,2.175084532579170116e+00,-8.527365491809811848e-01,-6.042995843040936677e-02,-5.630357427695599493e-02,2.176547671867810896e-02,5.073146811183572025e-01,-9.773577622991270752e-01,3.718332904242482306e-01,-2.528908416387053437e-01,-9.076093679087479660e-02,-8.532450841283549525e-02,-2.600598781952924710e-01,4.964826132488215915e-01,-8.647754403827103697e-01,-6.033760451028681304e-01,4.518159462660780168e-01,4.447802080596736929e-02,1.706555755358309667e-01,-1.950410944664678903e-01,-3.017890428006130832e-01
3.418167254517200798e-02,-1.443333068630185123e-01,4.373769606901495299e-01,-4.223882004878341812e-02,8.216599523951989559e-02,7.459520447692971068e-01,6.595605947990603735e-01,-1.464657064952091359e+00,3.865432174796844950e-02,1.939298663453574087e-03,2.144360544536228375e+00,-8.438584923119021308e-01,1.704804455638713190e-01,-1.476195859592514426e+00,-1.019453916243190789e-01,1.115074594992895712e-01,2.193652027421249873e+00,-8.596041130595911683e-01,-5.584185418879292206e-02,-6.230929399761699766e-02,2.449753878326199619e-02,5.072712305472163452e-01,-9.239112606646732173e-01,3.823821582087993387e-01,-2.708585958452865983e-01,-2.042627318937755704e-02,-1.070082929088286838e-01,-2.469913412986480816e-01,4.981109622466371456e-01,-8.846084206066840983e-01,-5.801904450546472303e-01,4.253843469515941611e-01,-4.263264493482005896e-02,1.847329732330920127e-01,-2.170096957912988622e-01,-3.263112629163933964e-01
3.426353799925001969e-02,-1.443115131297931786e-01,4.276364420718258286e-01,-3.532544014202722987e-02,7.728869772217369927e-02,7.430123246642521551e-01,6.638608708759740074e-01,-1.467133764603864243e+00,3.695924397089440927e-02,-5.779624381103444508e-03,2.183635419677961931e+00,-8.538446458364414848e-01,1.627896164315354999e-01,-1.487428580762294894e+00,-9.562381925140575611e-02,1.146970723331637854e-01,2.231342357250990727e+00,-8.539317770443018984e-01,-3.636256180916940667e-02,-6.933287331308839174e-02,2.425299137113811135e-02,5.031592992029231270e-01,-8.434952179505821324e-01,3.873849876351843635e-01,-3.054664249894482597e-01,1.164583709834321607e-01,-1.380698495480049415e-01,-2.200332732754328169e-01,4.673181528970918874e-01,-9.225467959422912756e-01,-5.311799608743983381e-01,3.851075332158432341e-01,-2.023551470604884606e-01,1.551555499344256239e-01,-2.369511481914927664e-01,-3.811007321324511032e-01
3.462245152855848024e-02,-1.441599139848960820e-01,4.227238979245648842e-01,-3.391631563153330031e-02,7.555050721378639422e-02,7.427255591887110819e-01,6.644550760747777174e-01,-1.476200650460147257e+00,4.161314974414846019e-02,-6.822948197530789155e-03,2.203644326799413466e+00,-8.526803869396503144e-01,1.665625651997176271e-01,-1.494069192182212458e+00,-9.105087676772084804e-02,1.145200297289812458e-01,2.248030730074812134e+00,-8.593264164448489728e-01,-3.726030923041463716e-02,-7.644337529061981384e-02,2.947907299184728686e-02,5.014342877518682684e-01,-8.114178859774731079e-01,4.038292604614645009e-01,-3.571056005582732840e-01,2.170004267780724361e-01,-1.281893738213450706e-01,-2.041792722466969079e-01,4.262170983967997762e-01,-9.686320238992432996e-01,-5.041004191462764572e-01,3.641094233261941704e-01,-3.376756214793850130e-01,1.377906113395146737e-01,-2.537087810252658948e-01,-4.090834973874767910e-01
3.484213116392250592e-02,-1.440412353186796279e-01,4.176134986642385805e-01,-3.297386126892518088e-02,7.373365832241123019e-02,7.424053292730051767e-01,6.650642068029616327e-01,-1.486116162426095233e+00,4.845117237488562323e-02,-7.461983632860940893e-03,2.223869418600691983e+00,-8.532933053357599773e-01,1.698782023093228510e-01,-1.502095079344359263e+00,-9.006812415415796358e-02,1.124567603143153960e-01,2.264879420603545856e+00,-8.633541813671863352e-01,-3.534356773439262245e-02,-7.969339969521972711e-02,2.930200102542004567e-02,5.013375921924323464e-01,-7.902972026918116955e-01,4.102064718869783966e-01,-3.802360678708986419e-01,2.643594769683664247e-01,-1.268351136071353691e-01,-2.072677813288196502e-01,3.995860092345256964e-01,-9.939735330944101666e-01,-4.878231372185336534e-01,3.509187474116080008e-01,-4.107619416188039163e-01,1.355157835718695247e-01,-2.579370154405382642e-01,-4.181451884717112821e-01
3.498663560108683512e-02,-1.436691844473617918e-01,4.143030245322131266e-01,-3.261671121102981824e-02,7.231498872302628833e-02,7.415634870207200580e-01,6.661758681260044890e-01,-1.492746779211499231e+00,4.866605364322297567e-02,-1.224890784901888977e-02,2.238315958066117162e+00,-8.521801841623145579e-01,1.715026114134706736e-01,-1.508194947474386094e+00,-8.358156869412813883e-02,1.113876829709131433e-01,2.276646933791704353e+00,-8.613427951572210084e-01,-3.482642060197245482e-02,-8.152010540215529066e-02,2.591748571804502327e-02,5.018908527089059879e-01,-7.737083607542357688e-01,4.103424150742478460e-01,-3.884172002850290184e-01,2.756340739629826175e-01,-1.286010542952791824e-01,-2.118488623714563368e-01,3.858743076561906848e-01,-1.005748613693864701e+00,-4.782051347306754407e-01,3.447385596255097551e-01,-4.482937116615661743e-01,1.336104796645159187e-01,-2.584311392163899934e-01,-4.207598129526427533e-01
3.492009886640233540e-02,-1.430383400504259550e-01,4.116033321249426002e-01,-3.116989418255233443e-02,7.079917318208393817e-02,7.407924187371675018e-01,6.672649452166052875e-01,-1.492196744856183699e+00,4.674420022870148794e-02,-1.589095124716260674e-02,2.248651615718249897e+00,-8.581657467783090354e-01,1.717226403782387278e-01,-1.510107886789734843e+00,-7.912255154420212711e-02,1.120885130986861850e-01,2.287348583205171426e+00,-8.614491267369092098e-01,-3.604508935827501620e-02,-8.083308309266115654e-02,2.096095901023115743e-02,5.020191912855904715e-01,-7.625854718567270929e-01,4.112536310637047721e-01,-3.830648011765686589e-01,2.602462101101922221e-01,-1.273500781199344012e-01,-2.183523443922761320e-01,3.835947370953910474e-01,-1.004352938771826631e+00,-4.734540703990552379e-01,3.398048019990099200e-01,-4.584570695599818890e-01,1.308532853447478828e-01,-2.588809190275351280e-01,-4.240445095802065079e-01
3.465687872794090407e-02,-1.420367565531217013e-01,4.105982499190649060e-01,-3.003812328139995533e-02,7.132809021674516026e-02,7.399311546266821304e-01,6.682154600939641531e-01,-1.487966308361581502e+00,4.490265521603046400e-02,-1.529205528637558355e-02,2.251713425410292846e+00,-8.667030072550450104e-01,1.689121720729980236e-01,-1.510403100082772898e+00,-7.738333257612355076e-02,1.154074322665757935e-01,2.292641284877730889e+00,-8.649170174676621414e-01,-3.696000563740092087e-02,-7.939397023684470478e-02,1.665661847005070473e-02,5.012829905340105974e-01,-7.639321034287035461e-01,4.131118149290121666e-01,-3.704738415926865924e-01,2.286209474285589849e-01,-1.279013881668521202e-01,-2.264051821569645906e-01,3.939795127133096098e-01,-9.921287223938941580e-01,-4.778291372520327429e-01,3.371279261057032461e-01,-4.381517962369746999e-01,1.265666258003026456e-01,-2.561532498262010238e-01,-4.298815386825372564e-01
3.429337276805879964e-02,-1.407734351543357687e-01,4.119254182411395404e-01,-2.976104894623458896e-02,7.345858382394215846e-02,7.394493848600267594e-01,6.685302713103793426e-01,-1.482866768034285965e+00,4.176584021663556912e-02,-1.225084201403350143e-02,2.246256427955923396e+00,-8.681519343412567036e-01,1.647005725989545977e-01,-1.508681941815697147e+00,-7.888774097786097061e-02,1.196495389761261380e-01,2.290751601862052400e+00,-8.663861314343717090e-01,-3.770592123662779710e-02,-7.627613832248507364e-02,1.336177758426923198e-02,5.002881510375930540e-01,-7.780816322692700737e-01,4.121816738973817507e-01,-3.513939780441875382e-01,1.785704782326649753e-01,-1.324200070482291491e-01,-2.347697556440243027e-01,4.125407320958525692e-01,-9.682115491818288344e-01,-4.920988742275119177e-01,3.403146493151253393e-01,-3.878990442361103796e-01,1.178614063347149937e-01,-2.469127123366905707e-01,-4.347237760050918221e-01
3.378528085222262667e-02,-1.388276339575704454e-01,4.156189541364514461e-01,-3.137844471522759082e-02,7.693240246735814913e-02,7.396322697142493352e-01,6.678629382255032443e-01,-1.477691913861324702e+00,3.877216266021209223e-02,-7.560947726680278605e-03,2.234649804437650378e+00,-8.627673649189130378e-01,1.565826598834881567e-01,-1.504318359712355280e+00,-8.460758233141668638e-02,1.225843951160869305e-01,2.281364313588430726e+00,-8.664159226939417424e-01,-3.563080603964483006e-02,-6.798163759255168581e-02,9.740706346445682923e-03,5.004475230358568227e-01,-8.098276731517272120e-01,4.019852990330947673e-01,-3.187426746869207461e-01,1.050504688219041638e-01,-1.441740991245619441e-01,-2.444732493703578313e-01,4.333925225163833272e-01,-9.224372656557461303e-01,-5.192979782525050103e-01,3.470515917404803363e-01,-2.932007648818307222e-01,1.061614953779607545e-01,-2.288380806665747114e-01,-4.313039249449084900e-01
3.329703186527708386e-02,-1.369343500670689995e-01,4.217015278583647331e-01,-3.554502934861428903e-02,8.256506433329766081e-02,7.398166476920665646e-01,6.667764909157478659e-01,-1.475926215102198125e+00,4.738292303123854687e-02,3.299066659873386639e-03,2.213689144688792076e+00,-8.493565747871623106e-01,1.542784998295336496e-01,-1.501719394915274952e+00,-9.611870796761309843e-02,1.219280824265508156e-01,2.260410964699626213e+00,-8.668121664332993914e-01,-4.064091393613450398e-02,-5.666025769019195080e-02,7.874571838242758540e-03,5.025569935481537520e-01,-8.712524811991542162e-01,3.940892158118994293e-01,-2.909261297852904771e-01,2.107374207618054052e-02,-1.570500641208716630e-01,-2.602267798915396391e-01,4.470693120364897521e-01,-8.803372767797383869e-01,-5.676370683601283940e-01,3.819581430584182424e-01,-1.546974843230453089e-01,1.208713172820964216e-01,-2.069868812721009643e-01,-3.908655174689008027e-01
3.290273980124207298e-02,-1.356804439488582259e-01,4.245402542537711765e-01,-4.022975433885107865e-02,8.519532873340605883e-02,7.418145608073952735e-01,6.639536732347934844e-01,-1.480213429577790674e+00,4.782683533064703563e-02,6.922603840624182506e-03,2.201090112461231652e+00,-8.467377357767974511e-01,1.584361843557720306e-01,-1.502269360216676342e+00,-1.009170829925140067e-01,1.205695564607486420e-01,2.250149001213110900e+00,-8.671683604853963612e-01,-4.567673809087396952e-02,-4.752577087304862835e-02,1.055576006301980202e-02,5.012479681383265051e-01,-9.523779164054350099e-01,4.013769126831541745e-01,-2.708220814241547036e-01,-6.613224652260335512e-02,-1.251408810401942184e-01,-2.708894495824253901e-01,4.516240698987114000e-01,-8.519917054280050639e-01,-6.156816978364636483e-01,4.298833438141214658e-01,-1.506684611050488135e-02,1.429390924734189883e-01,-1.892950684404895167e-01,-3.196808665302814934e-01
3.261801508097945251e-02,-1.342829502173812917e-01,4.273260222080172976e-01,-4.469245598974778966e-02,8.833640406667762901e-02,7.428812268364959337e-01,6.620624947148698869e-01,-1.482227323710608502e+00,5.385144632305105539e-02,1.231470030270666143e-02,2.189538037539270565e+00,-8.491136163058081721e-01,1.573469343081806138e-01,-1.503686403941989491e+00,-1.067616932378993577e-01,1.184623389272280169e-01,2.240781032067359568e+00,-8.673787556454883863e-01,-4.831481088723763029e-02,-4.661541983510671117e-02,1.273198374579892142e-02,5.005294583331768576e-01,-1.001288490947432441e+00,4.043841263136378483e-01,-2.488596272806178622e-01,-1.161536701773946412e-01,-1.033168704136109006e-01,-2.678241585316827322e-01,4.616545119465660374e-01,-8.420962960050836221e-01,-6.274346641669940050e-01,4.532927466926739979e-01,6.311628686968451252e-02,1.636692603940523572e-01,-1.806209487390479651e-01,-2.781706577220394161e-01
3.210320831382713902e-02,-1.334623031062544263e-01,4.254299065320893969e-01,-4.519380449528079269e-02,8.796414403023332385e-02,7.421853173795949221e-01,6.628580421677192636e-01,-1.486219388036489120e+00,5.285214397573561457e-02,1.036080448116244619e-02,2.198483891742468277e+00,-8.487967201371606762e-01,1.548357036049443081e-01,-1.507523738942730951e+00,-1.066691650288522364e-01,1.179523657579338025e-01,2.247400998079383427e+00,-8.674707711396214549e-01,-4.468551384722585507e-02,-4.808282275159449226e-02,1.615779123094029587e-02,5.003552662688068864e-01,-9.857943731170373258e-01,4.080440770320451493e-01,-2.439980240585263305e-01,-1.106845851387525115e-01,-1.049984997962791072e-01,-2.671409031610024187e-01,4.677376866374973186e-01,-8.431678931100214935e-01,-6.214506730190074713e-01,4.423756033279967470e-01,5.072477097704174848e-02,1.892674308456601118e-01,-1.939473012432643417e-01,-2.792191789862373819e-01
3.144401370605616475e-02,-1.333873629461446719e-01,4.204713439388669816e-01,-4.342264140412684104e-02,8.638972928588467548e-02,7.391027002258514500e-01,6.666171970525938129e-01,-1.493615556575591308e+00,4.822982415495556674e-02,3.480142169667653496e-03,2.220238679461237652e+00,-8.455663651352688381e-01,1.484171680711426633e-01,-1.517028376290017855e+00,-9.826448912054572271e-02,1.198394015917628730e-01,2.261857405694707612e+00,-8.677013547283534134e-01,-3.850263745709674168e-02,-4.982356230165921329e-02,1.992235986162033123e-02,5.007681471420564190e-01,-9.247192664775344406e-01,4.152522961876884411e-01,-2.611861135741450068e-01,-5.007434734411272265e-02,-1.260927069880048157e-01,-2.617034917774494485e-01,4.589629206891389646e-01,-8.564547724765122494e-01,-5.973545936762334474e-01,4.165493610665058077e-01,-3.235073429900696407e-02,1.983368580085563826e-01,-2.151699014041907054e-01,-3.022420430278628944e-01
3.103453535120230533e-02,-1.338255825883349348e-01,4.120494207340070769e-01,-3.947686166513060535e-02,8.314273568709548701e-02,7.343717601070381962e-01,6.724782382001885939e-01,-1.499559246792804723e+00,5.224201797441851980e-02,-4.081677503523943595e-03,2.254034602251561381e+00,-8.558833692722356279e-01,1.458270977077266717e-01,-1.532016384080988836e+00,-8.783751056840649607e-02,1.209290274519876224e-01,2.286498916167928996e+00,-8.679828459902760862e-01,-2.943786363418119528e-02,-5.375146683124731872e-02,1.878181112226806268e-02,5.004692259314869052e-01,-8.374258885299783461e-01,4.237240311263313353e-01,-2.956312571176961113e-01,6.680803756109070235e-02,-1.696531038994721075e-01,-2.480575744628230606e-01,4.247848011225216491e-01,-8.925260973065698433e-01,-5.517931750630152843e-01,3.828466253857624735e-01,-1.782920686390781495e-01,1.684544902943310718e-01,-2.361992950032563987e-01,-3.478611236674706286e-01
3.141837539091741488e-02,-1.337915091736843476e-01,4.071489293840730994e-01,-3.563002608465189180e-02,7.905700366397040713e-02,7.339888067445605735e-01,6.736029416403842562e-01,-1.502221697718454374e+00,5.236296316740727402e-02,-7.781445064939999240e-03,2.274977585546247294e+00,-8.513925121055857526e-01,1.462692131556084796e-01,-1.531975927394208403e+00,-7.895226204065905473e-02,1.212924091272259974e-01,2.307065233732306542e+00,-8.675640036639644670e-01,-2.034586056017798766e-02,-6.380611170100067286e-02,2.321806225530397352e-02,5.001771446390834708e-01,-7.867323439166965526e-01,4.468772552919884067e-01,-3.536550037861692641e-01,1.957398337164962254e-01,-1.515288725500419931e-01,-2.194786625224651455e-01,3.741645950107505558e-01,-9.528294278482594137e-01,-5.159511281737819699e-01,3.617537027160908081e-01,-3.363650314347133574e-01,1.354796028968057175e-01,-2.541844456346706860e-01,-3.814748302996990303e-01
3.121982598617478039e-02,-1.338590114831663958e-01,4.044019713509348080e-01,-3.459674048391505469e-02,7.789430370358407796e-02,7.336112277448342267e-01,6.742033146797336007e-01,-1.508283297757036623e+00,5.867614780026127186e-02,-6.256177155907559351e-03,2.286551176162886723e+00,-8.459269928186844423e-01,1.460513944518243568e-01,-1.536883110367823990e+00,-8.532912112720042463e-02,1.186834369721486565e-01,2.315090544379157400e+00,-8.676645946720820124e-01,-2.257133230353565445e-02,-6.542359744189890636e-02,2.453495116853052216e-02,5.011738389568662910e-01,-7.570513429249695614e-01,4.568018258831904044e-01,-3.745612008895410905e-01,2.692253860375519725e-01,-1.605476394396166406e-01,-2.209677106487816789e-01,3.491068814746777771e-01,-9.846088410986184591e-01,-5.071807177679007461e-01,3.447191650509499605e-01,-4.200069553309938586e-01,1.264380114680549172e-01,-2.542703961170268423e-01,-3.968398534924135190e-01
3.115156663469505205e-02,-1.336526905224568185e-01,4.013876763327660080e-01,-3.316539694061225452e-02,7.602226864275425655e-02,7.328761997548430829e-01,6.752874550508696228e-01,-1.512378790244107485e+00,6.164535660873639300e-02,-8.158303472635118972e-03,2.298882301203921230e+00,-8.421929737049500542e-01,1.468751434188940719e-01,-1.539754111925401014e+00,-8.514375237136050101e-02,1.165070491530493246e-01,2.326598598212331837e+00,-8.674534903066426494e-01,-2.195055371592797427e-02,-6.830652723999726394e-02,2.272452798834112206e-02,5.026163774431637865e-01,-7.371663125223177904e-01,4.565904730132592793e-01,-3.801815738993172267e-01,2.842796953233681090e-01,-1.692780315406914038e-01,-2.306303017268709898e-01,3.354923049038049943e-01,-9.926130980752950750e-01,-4.990472191698855919e-01,3.390731387956909537e-01,-4.598586007090943450e-01,1.239911053347692999e-01,-2.517542078849349663e-01,-3.998766014785493650e-01
3.123802066863851437e-02,-1.332147113298898788e-01,3.994278278819178851e-01,-3.370543579771169418e-02,7.567411576645305393e-02,7.328236160679392208e-01,6.753568830875730233e-01,-1.520072948831044490e+00,6.414514853112229797e-02,-9.627879109083088693e-03,2.307446855432243815e+00,-8.364472695852802619e-01,1.523818053894058777e-01,-1.544216678805028664e+00,-7.991067212488162097e-02,1.163663447171834203e-01,2.334819691485854332e+00,-8.673418412859631443e-01,-1.951951311653655347e-02,-6.885081476407274581e-02,2.151406450330356837e-02,5.040733540301440829e-01,-7.273376313631504386e-01,4.531805203680042693e-01,-3.885023346617216267e-01,2.767065951678444602e-01,-1.661936230076888066e-01,-2.359247960740347705e-01,3.261192481402119259e-01,-9.940871769700995175e-01,-4.887852918217459597e-01,3.390222195510261827e-01,-4.794988551443035152e-01,1.222981665532378304e-01,-2.518199706077352551e-01,-3.975876443504819946e-01
3.096935934333396728e-02,-1.324281610296662304e-01,3.992669929816412000e-01,-3.390201119990744749e-02,7.624666399601764954e-02,7.325103894358040435e-01,6.756224013712742726e-01,-1.520117883670839998e+00,6.586030801083263275e-02,-8.172496800776611267e-03,2.308216733159569323e+00,-8.358623801180201651e-01,1.518760547978922071e-01,-1.544944973969111457e+00,-8.035856573203060960e-02,1.171807838699406024e-01,2.337359148936895004e+00,-8.672698247845057606e-01,-2.126249431783357874e-02,-6.787089216979637352e-02,1.944587311949648803e-02,5.048497557055043883e-01,-7.206938829326144935e-01,4.477191396673533830e-01,-3.843695586761592398e-01,2.591040393868220826e-01,-1.664690983687582004e-01,-2.442707202812486045e-01,3.235745152346532483e-01,-9.927429363070835455e-01,-4.829378046615041553e-01,3.381240799938577402e-01,-4.856172653254000604e-01,1.250377995405134446e-01,-2.507577393460970194e-01,-3.937874655862741435e-01
3.061833260894392117e-02,-1.316991968986948314e-01,3.983330515163844843e-01,-3.407896390412889359e-02,7.634644910964222264e-02,7.316599441372695356e-01,6.765231482163918120e-01,-1.521420717606758677e+00,6.724739291084004533e-02,-8.417397181228995426e-03,2.312709939669526094e+00,-8.361751501768347472e-01,1.537298087683292014e-01,-1.547302537997685468e+00,-7.783132095403834383e-02,1.177527966851185659e-01,2.341167129243631795e+00,-8.672896053051268872e-01,-2.453293023003444429e-02,-6.957761900265835298e-02,1.725563174677994041e-02,5.051085772398004048e-01,-7.165789696232920392e-01,4.490912963096441723e-01,-3.848175199419483494e-01,2.507922112174240103e-01,-1.623609835489214781e-01,-2.437828318655662352e-01,3.189646805219477632e-01,-9.926381716812271438e-01,-4.800268760659174849e-01,3.380317491908295113e-01,-4.856306448061871728e-01,1.274389937229915837e-01,-2.510067685864360576e-01,-3.909975461732858593e-01
3.015891198044882635e-02,-1.310788875257818953e-01,3.971326472694051701e-01,-3.428036182075983734e-02,7.625948923079141351e-02,7.307094920176985253e-01,6.775492494062211879e-01,-1.523867423998805704e+00,6.809828809251536330e-02,-8.941939383598440649e-03,2.318775440343201488e+00,-8.355067970592925386e-01,1.543177309630569261e-01,-1.550340944150022660e+00,-7.356559614911899192e-02,1.190560096285583347e-01,2.344792495289389489e+00,-8.674138470548711233e-01,-2.549808903938616950e-02,-7.024539144477850994e-02,1.568852040156417174e-02,5.046437571603892280e-01,-7.137522726676596152e-01,4.538486131049284666e-01,-3.891001491332750084e-01,2.489771835516339515e-01,-1.594520226542896491e-01,-2.396384041272822951e-01,3.167346020242492455e-01,-9.944818361503384718e-01,-4.812280367190714947e-01,3.379278843027517798e-01,-4.833762165119606657e-01,1.301056842477249509e-01,-2.531982153488870346e-01,-3.933623838571090325e-01
2.965857736039673870e-02,-1.304240407158007153e-01,3.957199918137692674e-01,-3.424433589299834269e-02,7.636153291051815672e-02,7.296992386901660632e-01,6.786274845640987152e-01,-1.525911071086520687e+00,6.694700252246593708e-02,-9.603259849052706021e-03,2.324873491014146865e+00,-8.363769422717873825e-01,1.538605325165692816e-01,-1.553919522317276147e+00,-6.712980690999011124e-02,1.219861836499608054e-01,2.349543562117698769e+00,-8.675028888202609423e-01,-2.555247611915262979e-02,-7.026141091764202817e-02,1.397066705396971843e-02,5.038681796103873234e-01,-7.162638194215132925e-01,4.578465095901161908e-01,-3.889958483258393329e-01,2.427961466194769879e-01,-1.590618934775382687e-01,-2.380232671696630165e-01,3.191683210539518756e-01,-9.900716427544555831e-01,-4.902197101638915977e-01,3.395543750372728153e-01,-4.658424684432998508e-01,1.239219793985549406e-01,-2.517193416953885099e-01,-3.959096836710319645e-01
2.904059388121358123e-02,-1.296793565594719089e-01,3.948547956879031040e-01,-3.478709433412827123e-02,7.735798370868357532e-02,7.287510830597594413e-01,6.795053048825621111e-01,-1.526958072832382385e+00,6.280347713392168962e-02,-1.014913941445576805e-02,2.327315512066099767e+00,-8.412433559314205223e-01,1.501442382785385110e-01,-1.558188987061066122e+00,-5.886487435649467859e-02,1.266230823248171988e-01,2.352933692853526271e+00,-8.675903233485087185e-01,-2.567366067839129545e-02,-6.951864739577276464e-02,1.302185384571709001e-02,5.026419127302843570e-01,-7.269351204415079870e-01,4.555626561459152346e-01,-3.821458895927978827e-01,2.269428777061417435e-01,-1.641110008582655488e-01,-2.391030032461050336e-01,3.262294797094587029e-01,-9.735652715639642185e-01,-5.014253449609255009e-01,3.454646704218051756e-01,-4.245988839070438114e-01,1.168724473522811669e-01,-2.459203286944626754e-01,-3.956959958570510638e-01
2.829771143577826040e-02,-1.285216808725941628e-01,3.959464975420385335e-01,-3.593171223919786050e-02,8.027491063362247881e-02,7.282775478541094749e-01,6.796150852283437960e-01,-1.527117137051012596e+00,5.331479362830224278e-02,-8.607028138040604195e-03,2.323052146286934239e+00,-8.409094636621778918e-01,1.406867199730532647e-01,-1.560106260008527146e+00,-5.294728002864350358e-02,1.336845272812261232e-01,2.351100478892723000e+00,-8.675682382294457318e-01,-2.384335167429869895e-02,-6.566181574560563117e-02,1.128981073300938144e-02,5.025387536603952432e-01,-7.496626588853448903e-01,4.488799628661918062e-01,-3.677945959974039947e-01,1.887966956501581639e-01,-1.688775178231446406e-01,-2.446629060523707877e-01,3.414933484480549564e-01,-9.317176152139733381e-01,-5.190446299956398279e-01,3.578841745899584703e-01,-3.436352932950213490e-01,1.064173504861825048e-01,-2.342804701449044402e-01,-3.892563057462494203e-01
2.742769778859939500e-02,-1.267126871058626147e-01,3.996906744045265469e-01,-3.713294481241125045e-02,8.351599445087233564e-02,7.288720291757336822e-01,6.785217669063307033e-01,-1.521680889496172639e+00,4.417175206247592884e-02,-4.945678980991817519e-03,2.311019675413900742e+00,-8.344181941756160237e-01,1.280374975766596646e-01,-1.553312793181677476e+00,-5.721323402534028713e-02,1.401033095809258999e-01,2.343581746728884863e+00,-8.673325872329602504e-01,-2.169759060908491716e-02,-5.920003193735862146e-02,9.811855252213268902e-03,5.024103097255037120e-01,-7.779988175620604629e-01,4.321651881683304941e-01,-3.376165992615863254e-01,1.371878291565399866e-01,-1.907790268246428445e-01,-2.536147286320095673e-01,3.575449103184248911e-01,-8.849539151584009389e-01,-5.542644667506829714e-01,3.761658932982992476e-01,-2.123149962285902359e-01,9.181698286219400207e-02,-2.082844058038875734e-01,-3.733608021448565628e-01
2.641857468123132158e-02,-1.249495607961007837e-01,4.069173741803228106e-01,-4.152418332759995334e-02,8.760366137299545330e-02,7.301806934556088757e-01,6.763412567762725480e-01,-1.514311419383193025e+00,3.996567812364853339e-02,-2.008724479339099589e-04,2.284496279313310563e+00,-8.293051202831552837e-01,1.222948212403649204e-01,-1.543010151184910583e+00,-6.622989867702003264e-02,1.418938466627424899e-01,2.319779552377430498e+00,-8.674437778585131209e-01,-2.866064116869719569e-02,-5.315343693477660170e-02,1.088494737212134141e-02,5.030993560959313715e-01,-8.366188779450463020e-01,4.207639210242303252e-01,-3.024919068179304227e-01,6.411963684736460278e-02,-2.048881517673106778e-01,-2.745864333160407678e-01,3.708185866745783987e-01,-8.484813926390536443e-01,-5.880433692644253529e-01,4.038538024394582315e-01,-5.485987725057731024e-02,1.160515840734972076e-01,-1.932080940349859832e-01,-3.443592770767186506e-01
2.585441750388077151e-02,-1.231779830385784785e-01,4.121924432498272894e-01,-4.514538907030384018e-02,8.978903350510480941e-02,7.325304529867014969e-01,6.732748018120149336e-01,-1.511783514119744209e+00,4.164106927740150038e-02,5.443200848377415663e-03,2.267584142460699059e+00,-8.173379708827438472e-01,1.241154781930710604e-01,-1.532399324877364855e+00,-7.109265183814765521e-02,1.428136851244584671e-01,2.305398631741531812e+00,-8.672926910629421560e-01,-3.589815269648544832e-02,-5.205516751196964664e-02,1.451840796242286416e-02,5.035291519086630974e-01,-9.043373807521856156e-01,4.206834642088354559e-01,-2.817437228837311181e-01,3.996157668765057402e-03,-1.842526581531052643e-01,-2.765578676710635508e-01,3.888076894600415168e-01,-8.334822098083467523e-01,-6.060903473230706551e-01,4.284812716662527166e-01,6.599340063292870318e-02,1.434934292420296520e-01,-1.862680737797610120e-01,-3.045873106001404373e-01
2.506663286507102018e-02,-1.221450284104168837e-01,4.147080052125025063e-01,-4.900442104276801769e-02,9.081558429236731567e-02,7.349502783114982840e-01,6.702232350327387289e-01,-1.514256187721242819e+00,3.968832568565227453e-02,7.491913810966234488e-03,2.258187027727641016e+00,-8.159271807736733217e-01,1.252707506705039719e-01,-1.529102417383663370e+00,-7.686675581634139220e-02,1.422567207709469761e-01,2.296923683151931073e+00,-8.675090361811759188e-01,-4.138594895658766204e-02,-5.033816423853176847e-02,1.657915709884363875e-02,5.019217724828118898e-01,-9.678287358052467537e-01,4.262643209397565247e-01,-2.653019086638148116e-01,-6.139071289508027385e-02,-1.579457709149348910e-01,-2.787017629817687969e-01,4.102621446727793830e-01,-8.238673216145634415e-01,-6.135554717616311660e-01,4.486194824759466848e-01,1.359936994527620457e-01,1.513489711332736687e-01,-1.827836372799049869e-01,-2.760135373512939694e-01
2.454395794592356683e-02,-1.208327139453770904e-01,4.168170774561449354e-01,-5.196066784599708693e-02,9.187031696995705266e-02,7.362760461805645251e-01,6.683992202849672326e-01,-1.513842081981387810e+00,3.978269040809917501e-02,9.058836610015288948e-03,2.250859896490992273e+00,-8.170186530736370800e-01,1.257055808781606387e-01,-1.525479754695839629e+00,-7.930642248689921681e-02,1.417837423286193443e-01,2.291763589431655035e+00,-8.674846851580803042e-01,-4.390419474449812343e-02,-5.075830448934796901e-02,1.690973810637042690e-02,5.011576810209946720e-01,-1.020888325102854877e+00,4.342045984019153870e-01,-2.505915519077228648e-01,-1.126171072982583982e-01,-1.341913466994545667e-01,-2.762441027566427953e-01,4.240914565812564652e-01,-8.208534636750728364e-01,-6.161980577561164685e-01,4.628530292449009043e-01,1.649672503236092880e-01,1.496816229451417846e-01,-1.796490205013045183e-01,-2.543534162037460744e-01
2.403958395881283447e-02,-1.200719090616068074e-01,4.171138659928698145e-01,-5.323178452003821115e-02,9.195924946987862891e-02,7.370081398039052267e-01,6.674794943790672841e-01,-1.513276587226687786e+00,4.372401220209706091e-02,1.176637983613632032e-02,2.250015728923845604e+00,-8.210275895265534141e-01,1.252017487490325320e-01,-1.524692220539316301e+00,-8.476358114509875696e-02,1.407529652327498826e-01,2.291008245308086888e+00,-8.676002673056123493e-01,-4.372426304567911953e-02,-5.106076335989182674e-02,1.702952858882083448e-02,5.000539960055560007e-01,-1.058091742323882256e+00,4.412274637349629103e-01,-2.364261754149414030e-01,-1.444184745862522878e-01,-1.215682052436107552e-01,-2.749407744683043942e-01,4.416042648711944185e-01,-8.166639523078252916e-01,-6.162806363004804666e-01,4.631327334188375944e-01,1.754042086956638657e-01,1.576972975179589398e-01,-1.782182095985938852e-01,-2.511025407890140060e-01
2.362837744853476044e-02,-1.195993692053571172e-01,4.166027397016563993e-01,-5.298626229467728876e-02,9.154561451304521480e-02,7.367878293615610641e-01,6.677990348721285496e-01,-1.513061351983597813e+00,4.321843732582802966e-02,1.224048162831360004e-02,2.253233922056527838e+00,-8.196748327426189862e-01,1.236979105389952177e-01,-1.524040515708428245e+00,-8.368225949677945974e-02,1.418885168753731552e-01,2.293859139218457965e+00,-8.675769135279269850e-01,-4.197333763617201036e-02,-5.021128412253061252e-02,1.784355422414459283e-02,4.997407900829234362e-01,-1.077204095939993556e+00,4.463910749817021628e-01,-2.322034947786125736e-01,-1.558009125106483428e-01,-1.108414247050085594e-01,-2.716617219079145995e-01,4.509381429301772548e-01,-8.163631785261292739e-01,-6.179918033601399241e-01,4.618102148901025439e-01,1.700179290221003336e-01,1.661832784217591175e-01,-1.816443525068880960e-01,-2.471912737359663048e-01
2.316489975374133592e-02,-1.196611313436516111e-01,4.143581192621605402e-01,-5.168249014542572461e-02,9.028448355461568542e-02,7.363333758565620002e-01,6.685736996332730664e-01,-1.514431634186656384e+00,3.865070373344023369e-02,1.075131327631002887e-02,2.261497081894354277e+00,-8.213025115310681468e-01,1.196218937733364157e-01,-1.526378426094448404e+00,-8.230081856421433972e-02,1.432178449757561811e-01,2.302290703610003320e+00,-8.675373249557367661e-01,-4.021470009630392223e-02,-4.957592333975837512e-02,2.024720196365707020e-02,4.994701491471696397e-01,-1.064095830088358730e+00,4.487011245167961682e-01,-2.330240262223251257e-01,-1.445778952090262803e-01,-1.117346408868030438e-01,-2.723835478968618107e-01,4.536761841904757286e-01,-8.222473927513385128e-01,-6.184864444780421300e-01,4.518136672895081696e-01,1.450505619601125118e-01,1.803363717439859237e-01,-1.902240192797216845e-01,-2.514331828341055952e-01
2.253525303577395139e-02,-1.200884387777096246e-01,4.114936808542023483e-01,-4.970843522368000034e-02,8.832421933740426667e-02,7.342443220454633046e-01,6.712772745222703730e-01,-1.516076120331725008e+00,3.299708724556472267e-02,6.310342101458126657e-03,2.273937645674744878e+00,-8.202322650622664302e-01,1.132644350856643334e-01,-1.529780914082517373e+00,-7.995455504876998465e-02,1.428783718777900669e-01,2.310702707269431944e+00,-8.675760091573598842e-01,-3.481961862197555102e-02,-5.158671910824858681e-02,2.145071514200785553e-02,4.998602379774591542e-01,-1.024114899078009122e+00,4.499880677357906977e-01,-2.395785239720434334e-01,-1.155894567827352448e-01,-1.258353674749937146e-01,-2.753644058161398012e-01,4.437585244899203141e-01,-8.328463129514473984e-01,-6.179456299146081077e-01,4.348232736594780934e-01,9.307938126910826615e-02,1.970830649879428131e-01,-2.042716526413796696e-01,-2.609344638030588470e-01
2.188313969778737933e-02,-1.208793830605401493e-01,4.057066036468392478e-01,-4.742285979168889276e-02,8.459091711326409413e-02,7.312708732463760741e-01,6.751580252449033148e-01,-1.522659535532402852e+00,2.628323480841401188e-02,-2.818536758023210131e-03,2.297275863894664649e+00,-8.208532888541073547e-01,1.091318763810822934e-01,-1.537922298780085351e+00,-7.012182574509503996e-02,1.419899167918189098e-01,2.326809144624803594e+00,-8.676527570732891492e-01,-3.064734563332632139e-02,-5.587046512337722620e-02,2.092547244951672991e-02,5.017241674514285599e-01,-9.581235902530076398e-01,4.523617139090851391e-01,-2.652612604349978698e-01,-5.706613433306417793e-02,-1.535660200048878099e-01,-2.754062670242745647e-01,4.134745381510593343e-01,-8.501498736315107330e-01,-6.040935801766430524e-01,4.090904095045858058e-01,-1.225317793365775058e-03,2.138070349085454958e-01,-2.249714930500987253e-01,-2.793874292918157032e-01
2.210042634525031385e-02,-1.217767247232932892e-01,3.979566198162632906e-01,-4.439646342466709028e-02,8.173771913455814275e-02,7.279222352966699949e-01,6.793210718553946981e-01,-1.534289385571166120e+00,3.229784386023061560e-02,-7.623954379582456239e-03,2.327719814076982807e+00,-8.193648000511747354e-01,9.892632609981580338e-02,-1.552482092772669686e+00,-5.290548467327092774e-02,1.428456973442812084e-01,2.351468393489771991e+00,-8.675169674407550158e-01,-1.697613067085169264e-02,-6.516696147179613929e-02,1.789053335509338191e-02,5.032425084607146104e-01,-8.616618604749918253e-01,4.651181156777484671e-01,-3.128217823423727895e-01,6.227282293138541869e-02,-1.936108546463876645e-01,-2.563629778078119759e-01,3.574292479730142302e-01,-9.062246272280987114e-01,-5.679120647738555849e-01,3.707733390634067039e-01,-1.885093549130706925e-01,1.631803872212281570e-01,-2.461422455195043657e-01,-3.257251044592581191e-01
2.287631662734089522e-02,-1.214754036828474965e-01,3.925729841293335021e-01,-4.133967713134616140e-02,7.604430196192475677e-02,7.270627952098799307e-01,6.810932293419135197e-01,-1.537546978548800514e+00,3.694200073818543900e-02,-1.530838255253427586e-02,2.351904438587607782e+00,-8.145845581336211838e-01,1.084818051767860447e-01,-1.549824448911369945e+00,-4.112389593713740299e-02,1.373367650759040326e-01,2.374906561459300569e+00,-8.667645129049467156e-01,-1.485071208802904441e-02,-7.656556921450549669e-02,1.903100683140303284e-02,5.020576979215796154e-01,-8.061051817909477002e-01,4.843788258508791578e-01,-3.698336175238425283e-01,1.726639700442323677e-01,-1.755411882747370256e-01,-2.268847715223004102e-01,3.023714949906981531e-01,-9.993353231272317228e-01,-5.305856856450317238e-01,3.496710567282718674e-01,-3.575187863430756008e-01,1.446919844688390744e-01,-2.676027373490995620e-01,-3.493448266971914684e-01
2.303099722074569006e-02,-1.216235581010064043e-01,3.896879348207376581e-01,-3.994876804527879716e-02,7.329602173692814637e-02,7.266662696152768053e-01,6.819002285764556026e-01,-1.540271848243466302e+00,3.880800265473025035e-02,-1.885916197153215956e-02,2.362120691094753866e+00,-8.132498100094084359e-01,1.055761116523320498e-01,-1.551216541731567977e+00,-4.079942780987545758e-02,1.328270892421347937e-01,2.385376448605312394e+00,-8.653585506555754314e-01,-1.247000761014017967e-02,-8.500201928625628067e-02,9.614941431182029430e-03,5.019759882043519639e-01,-8.055170851260023968e-01,4.933367728463147195e-01,-3.814406594900480174e-01,1.784586504624664227e-01,-1.837619832313792112e-01,-2.361453086321504413e-01,2.968392224842488769e-01,-1.010049887238750443e+00,-5.254811516390275328e-01,3.401713880011021929e-01,-3.949399533990313182e-01,1.393783383861678105e-01,-2.675033871640261074e-01,-3.775818832677852455e-01
2.281751953153007134e-02,-1.212633661164912724e-01,3.907976928293568353e-01,-3.788796269753925972e-02,7.496198882502319583e-02,7.267811033744920879e-01,6.817143318808716046e-01,-1.534488762182017574e+00,3.543389627235207090e-02,-1.324153804045709662e-02,2.356402344431916873e+00,-8.104029524334515067e-01,9.179688306475133897e-02,-1.551077015482019261e+00,-4.326923209969131545e-02,1.393409737689296490e-01,2.385813513783525686e+00,-8.586463914926950602e-01,-1.264422420354607141e-02,-8.237240379845166272e-02,3.621586567154007341e-03,5.021205143780509417e-01,-8.340383377351177074e-01,4.889934523425263913e-01,-3.559863819750080927e-01,1.052882355918096785e-01,-1.952305350502775982e-01,-2.539503233091045531e-01,3.076900613090556291e-01,-9.659831750817376994e-01,-5.453661493083453715e-01,3.406816236931976549e-01,-3.485199540677889063e-01,1.230594458925380885e-01,-2.481052007559831629e-01,-3.847013533019392195e-01
2.242068508223013165e-02,-1.199852617793400050e-01,3.951693371022871326e-01,-3.856170585826310115e-02,7.947005417618470402e-02,7.283752012046609270e-01,6.794608683365104262e-01,-1.528111189142276949e+00,3.928654440456429142e-02,-1.151331987817451330e-03,2.339679267046080202e+00,-8.049476769939853948e-01,8.394323035644257747e-02,-1.544129456468537054e+00,-6.068224472828902261e-02,1.450519359571680322e-01,2.373312958129634609e+00,-8.664502693970401737e-01,-1.441196820581436971e-02,-7.032577459719194235e-02,-6.057715640985661225e-03,5.049256526848476812e-01,-9.234105837625811164e-01,4.599861854672103179e-01,-3.081560245199596038e-01,-1.128990919225554383e-02,-2.027274370725409003e-01,-2.765610211937695739e-01,3.439452191215048305e-01,-8.782280701369415965e-01,-5.881532582762585282e-01,3.633797317511440195e-01,-1.802061124351551080e-01,1.269094269866112568e-01,-2.139750702464423004e-01,-3.613382084751701195e-01
2.215622636025343581e-02,-1.187646708322075834e-01,3.993354657717251843e-01,-4.133859424030551788e-02,8.078580111131813957e-02,7.322942636910149128e-01,6.749147252285081500e-01,-1.524268302299904621e+00,3.742970218705146679e-02,3.620004988884761854e-03,2.323359426005705330e+00,-8.057974109705944299e-01,9.184642779787401123e-02,-1.535422722260116446e+00,-8.118542878372830840e-02,1.421721976105827512e-01,2.362673005162228890e+00,-8.663854370643031544e-01,-2.499171138267460707e-02,-6.220378957106990209e-02,-4.668021804767648851e-03,5.025137422918879437e-01,-1.042678580497383267e+00,4.473560876471736614e-01,-2.606385716429341359e-01,-1.037867737165126814e-01,-1.746844293480547539e-01,-2.914999356189237334e-01,3.932716203087617268e-01,-8.215142715313888955e-01,-6.263303132616896418e-01,3.955727698675745030e-01,-1.055707744035283731e-02,1.748027697883500486e-01,-1.884546748577909103e-01,-2.993657990978749184e-01
2.194085671579633010e-02,-1.175690932367904756e-01,4.012340046706470154e-01,-4.465446237926680439e-02,8.342861489605449266e-02,7.344068658455948917e-01,6.720805015807223004e-01,-1.525228875199114320e+00,4.311683448478823011e-02,9.611509620412371502e-03,2.314716055185734422e+00,-8.124046980614880731e-01,9.500879752418084356e-02,-1.537146744155244882e+00,-9.146547885547126611e-02,1.417428311901796634e-01,2.357489443770062643e+00,-8.666391101730159807e-01,-2.833491070772258674e-02,-5.541707871828052689e-02,-1.977437836107195489e-03,5.005490430405383773e-01,-1.111999188655364401e+00,4.448102908288479873e-01,-2.318250587329549750e-01,-1.453245224623275489e-01,-1.491276411435997484e-01,-2.860340296683053785e-01,4.218901061919179685e-01,-8.036220374278681966e-01,-6.389305101757668526e-01,4.114716518781888488e-01,6.766470308829436453e-02,1.926241097799203383e-01,-1.814241675120228381e-01,-2.627838378562774579e-01
2.129394554158550029e-02,-1.167335728100963033e-01,4.000600838593476039e-01,-4.606563172651528815e-02,8.382336373342906544e-02,7.340378909437854649e-01,6.723391822025915898e-01,-1.527440465916602985e+00,4.242697051896599653e-02,9.411327625388012791e-03,2.318868699618077400e+00,-8.191569330153981587e-01,9.583871719084050000e-02,-1.541681728002773255e+00,-8.923767781731381521e-02,1.430093110275717783e-01,2.360567981204982679e+00,-8.669214133372312725e-01,-2.984468079627296960e-02,-5.359485793718391650e-02,1.628832115993089028e-03,4.994097421348859256e-01,-1.111817216094990401e+00,4.527232989187644496e-01,-2.220136161489002780e-01,-1.465325750336941568e-01,-1.458528381714094824e-01,-2.840275548676765571e-01,4.294390297493864139e-01,-8.013580720462724072e-01,-6.392660740360303073e-01,4.013369663730201875e-01,6.703905780576727147e-02,2.095593238720656892e-01,-1.904837355955238676e-01,-2.513944174472019233e-01
2.042567663702597042e-02,-1.161925426797532634e-01,3.978476297539929041e-01,-4.530123887896334023e-02,8.312042121343814205e-02,7.322600265508308892e-01,6.744138542831903393e-01,-1.528878842516160574e+00,3.782226909792100328e-02,7.701687098549823279e-03,2.328439065021886467e+00,-8.192893899636167765e-01,9.125497821066119730e-02,-1.545007172839798937e+00,-8.236716941396377001e-02,1.462863607550526912e-01,2.366698982000507989e+00,-8.670636128849050772e-01,-2.478723386482824254e-02,-5.568929535121204533e-02,7.769496111964336107e-03,4.989755338618626634e-01,-1.055213177038919037e+00,4.597416204837515008e-01,-2.216521504380866425e-01,-1.112371784069748210e-01,-1.578040083700760765e-01,-2.814797497453442321e-01,4.209856524381500043e-01,-8.142500842877455902e-01,-6.321420171796701126e-01,3.746941474316813347e-01,1.594107325826641525e-02,2.233640819314235693e-01,-2.041430486635689989e-01,-2.531577607332446411e-01
1.939965773991101858e-02,-1.166581217620724364e-01,3.922848147547596809e-01,-4.619071634878976762e-02,8.331433691068064473e-02,7.277013822480532523e-01,6.792465217154907142e-01,-1.540058838274735997e+00,3.687829637031204977e-02,1.882269086838778138e-03,2.348527617346742424e+00,-8.310004851816228388e-01,9.018118057101684459e-02,-1.565399011785316485e+00,-6.309552384346533982e-02,1.503651146726558419e-01,2.376010006024921850e+00,-8.679734861075767416e-01,-1.665173452891360872e-02,-5.612872626565417605e-02,1.034401405824674977e-02,5.006195450480976916e-01,-9.605641684975237959e-01,4.704978763297100741e-01,-2.465146879041318628e-01,-4.201226523315611250e-02,-1.943736087029839799e-01,-2.818961962441096647e-01,3.919621065983573405e-01,-8.433292510475222103e-01,-6.214736283077770818e-01,3.498231846472448781e-01,-7.325404021687630107e-02,2.154820654613882336e-01,-2.254852363945064331e-01,-2.737624409736030273e-01
1.924073346704631426e-02,-1.170094340826917240e-01,3.864364735330393930e-01,-4.202809813699233399e-02,7.969681142881981928e-02,7.251164454829231998e-01,6.827065238484816279e-01,-1.542846359637637388e+00,4.489263027687385998e-02,9.714810975556334438e-04,2.371877916734856928e+00,-8.295390800264410558e-01,8.805009016012124712e-02,-1.569929735363499113e+00,-4.819575666946009085e-02,1.525087483249549791e-01,2.396929908223565775e+00,-8.675528763880375749e-01,-8.203436942613440142e-03,-5.934450930151010523e-02,1.087232735507973058e-02,5.020342054192769021e-01,-8.625628501488759037e-01,4.797835870958876425e-01,-2.658910285211406044e-01,4.002992291098005778e-02,-2.318929825191649030e-01,-2.781936444758549842e-01,3.487166130683060361e-01,-9.006361643758665769e-01,-6.031610961858503428e-01,3.310434959850388492e-01,-2.011597999573619955e-01,1.748450296963182105e-01,-2.337757000344502234e-01,-3.067399169405826687e-01
1.892245393323999797e-02,-1.171244244032980941e-01,3.843312623086042601e-01,-4.041562085851001934e-02,7.742429903103427435e-02,7.226718134629891432e-01,6.856511544045479356e-01,-1.537551496836570220e+00,4.856586218996108983e-02,-1.871128533729688598e-03,2.380337482971691898e+00,-8.412441320501559128e-01,9.501790069990213861e-02,-1.569955887437302300e+00,-3.605725604625627245e-02,1.523267114361016583e-01,2.402815528599669737e+00,-8.677164437168255473e-01,-9.772118391644241120e-03,-6.208985134802705308e-02,1.702153612129473151e-02,5.027862388193158338e-01,-7.956611798230158739e-01,4.988728620105726264e-01,-2.954441080073425541e-01,1.149562613233094666e-01,-2.290574978110790638e-01,-2.683331608470130858e-01,3.121804710207903288e-01,-9.855615560257229291e-01,-5.812362186378120521e-01,3.227036760915646951e-01,-3.342917746448679783e-01,1.585673222421963846e-01,-2.505371367117898984e-01,-3.308031449201935259e-01
1.837293891179621677e-02,-1.175663612699967553e-01,3.804075327493643410e-01,-3.787104333232309966e-02,7.273057272909841386e-02,7.211792263006033821e-01,6.878783114911258822e-01,-1.535811603803060033e+00,5.321076533805418896e-02,-5.918746248039188917e-03,2.395976642535321499e+00,-8.461494996923265566e-01,1.004691009103828997e-01,-1.569948723125714540e+00,-3.539823840044134529e-02,1.475365244196808201e-01,2.415582324453752427e+00,-8.675261288791747960e-01,-8.079380313273598624e-03,-6.327240918638796230e-02,1.618100059153757334e-02,5.037104757746683203e-01,-7.556837378165035535e-01,5.073999287503259126e-01,-3.100747418811456435e-01,1.502937810674345176e-01,-2.357794856299530173e-01,-2.717564665780063393e-01,2.918018314792072410e-01,-1.044199509667672388e+00,-5.574607480518670721e-01,3.214125102388930566e-01,-4.348524745229760402e-01,1.528775009504726445e-01,-2.591785301979820932e-01,-3.531920793802536540e-01
1.831887977315021024e-02,-1.175570227344885921e-01,3.779698800395352443e-01,-3.627758634662438947e-02,6.963432363773802702e-02,7.216166104574431861e-01,6.878258974568269846e-01,-1.533557470799902012e+00,5.947864799843588512e-02,-6.964401198493289785e-03,2.403465791099234750e+00,-8.510661701026620563e-01,1.030055185348131841e-01,-1.568049808241400278e+00,-3.712781607143400553e-02,1.442311714194027261e-01,2.428231661135986652e+00,-8.669228862267233104e-01,-6.909994833832623640e-03,-6.395032777036747940e-02,1.483403908122683107e-02,5.028395940624028615e-01,-7.322147586669256469e-01,5.129633654833846146e-01,-3.135243322158914880e-01,1.508756058916309040e-01,-2.281561099860538178e-01,-2.758783056260902256e-01,2.818519427280504752e-01,-1.094255127818378304e+00,-5.356466666861460224e-01,3.247311473502438872e-01,-5.067907992782594295e-01,1.477084251776854817e-01,-2.637109203753062459e-01,-3.651502685720587893e-01
1.800869860860253649e-02,-1.175328992267248573e-01,3.768551555133590747e-01,-3.516210024425277941e-02,6.682468261415114297e-02,7.217687584695923197e-01,6.880028690326769336e-01,-1.530401834054826882e+00,5.923682439406190159e-02,-1.003009672971419755e-02,2.407527219363112536e+00,-8.530802148994002243e-01,1.008381422889206430e-01,-1.562716701622511861e+00,-3.719768910931832429e-02,1.416090805706952671e-01,2.435029568081605422e+00,-8.664606900691447233e-01,-6.137576404558781062e-03,-6.560922857051619539e-02,1.087044444695289651e-02,5.028620351542912870e-01,-7.104509309527405891e-01,5.162028320722303887e-01,-3.027345997583558712e-01,1.324484644719322590e-01,-2.267727372081874970e-01,-2.775999270801777219e-01,2.803807032548807365e-01,-1.128280805918268070e+00,-5.198223774003649655e-01,3.289924192850394169e-01,-5.495293521330042452e-01,1.378141397675159141e-01,-2.598951138570287922e-01,-3.698788486193868574e-01
1.753420978520124282e-02,-1.179585439565707661e-01,3.757087732705615690e-01,-3.373657311168602735e-02,6.495940092973852276e-02,7.216668096453175973e-01,6.883597429555846636e-01,-1.529228051721556847e+00,5.998211145813452105e-02,-9.941589644351067970e-03,2.411205189031725205e+00,-8.527815756128058755e-01,1.022882268559251462e-01,-1.561419993375794624e+00,-3.839307928582168239e-02,1.416167750989698049e-01,2.439137148272549904e+00,-8.661431600765061578e-01,-5.365465574317891673e-03,-6.793518478620366730e-02,8.948344501464792003e-03,5.023714545049476898e-01,-7.001786977044256455e-01,5.244706521663301535e-01,-2.886827203768939087e-01,1.072628871012608759e-01,-2.192832688359157289e-01,-2.760446523126099949e-01,2.796987377262273311e-01,-1.146136212381843489e+00,-5.182014615364127774e-01,3.274431935217325673e-01,-5.728556202367368622e-01,1.182652342928075528e-01,-2.501238930819971729e-01,-3.712484787282155363e-01
1.694780992791896160e-02,-1.182177181520528558e-01,3.755345644357180324e-01,-3.297383502612317996e-02,6.376323470959344153e-02,7.210285677349345113e-01,6.891768863021657809e-01,-1.528408714508009636e+00,6.240619449024463472e-02,-9.364198161238936058e-03,2.413006142126183473e+00,-8.481598181369507383e-01,1.042176458528602523e-01,-1.559609173992710485e+00,-3.841260415788248783e-02,1.425144860381741263e-01,2.437927415152170152e+00,-8.664214355577405380e-01,-5.547331247762243844e-03,-7.033168702704171993e-02,7.619135305840647049e-03,5.018022437108433653e-01,-6.993345841094731341e-01,5.335288555581796377e-01,-2.782917548440943523e-01,8.400221347154018803e-02,-2.134186254727429011e-01,-2.742448150712980537e-01,2.836072773928167146e-01,-1.150691535774625462e+00,-5.164268007885701728e-01,3.274578452524445349e-01,-5.797174303973350318e-01,1.130552215706470687e-01,-2.466162869687791026e-01,-3.756700435534036098e-01
1.652270730073544455e-02,-1.183097900806624470e-01,3.759185162785018686e-01,-3.343391611617621551e-02,6.355297985421534679e-02,7.209450384685749391e-01,6.892615204059567846e-01,-1.527659752124798320e+00,6.219594981312943915e-02,-9.400976832524896368e-03,2.410925521847337993e+00,-8.503326296312941901e-01,1.046852162539251840e-01,-1.559075595970539574e+00,-3.696674409712417952e-02,1.439648740092401846e-01,2.434189141047443439e+00,-8.666370365656220764e-01,-5.254887194726803878e-03,-7.388023261521217688e-02,7.646780504326530781e-03,5.008404837193695114e-01,-7.122315527843896543e-01,5.406021600475151567e-01,-2.683158168500323071e-01,6.058226583859828429e-02,-2.079160399034017392e-01,-2.759037104907902105e-01,2.885380270878378228e-01,-1.136703402842088817e+00,-5.197049810916110069e-01,3.243773977126555574e-01,-5.626684444802376728e-01,1.059691115569900005e-01,-2.458966697118116496e-01,-3.828614833565421871e-01
1.628279926615139664e-02,-1.179291700323528425e-01,3.770111460073761744e-01,-3.356375778659163867e-02,6.353913622042678400e-02,7.215124816128667407e-01,6.886624653692460241e-01,-1.524732934714170485e+00,6.169931211327912834e-02,-8.165756742184676273e-03,2.407478001178414928e+00,-8.494545599449714324e-01,1.013541727737511389e-01,-1.554856643756734380e+00,-3.569462599317684004e-02,1.465728687226902638e-01,2.430160170634132477e+00,-8.668096490449543889e-01,-4.770316700811350064e-03,-7.576234289463613936e-02,8.173698624923257314e-03,4.998147734925846297e-01,-7.447341760050599779e-01,5.420028735374203821e-01,-2.588793467629645351e-01,2.594732201630957358e-02,-2.128932411573379313e-01,-2.824861927544626838e-01,2.940534946073716793e-01,-1.102257953476368346e+00,-5.254626367755611538e-01,3.202998680675179788e-01,-5.221119771831960188e-01,1.052634533357159896e-01,-2.435001241117404625e-01,-3.863986698816569421e-01
1.598019058490364117e-02,-1.173801653599096523e-01,3.795903508925006498e-01,-3.240117845238805333e-02,6.471345214678013436e-02,7.218072727200183225e-01,6.882997848282625952e-01,-1.517655010591508979e+00,5.974315225558580328e-02,-2.725616273636530251e-03,2.399492223406795244e+00,-8.423428317390400100e-01,9.316471540631682258e-02,-1.547517500363386311e+00,-3.685034438893883268e-02,1.523005786290760333e-01,2.421585231273684968e+00,-8.671333527883477998e-01,-5.831002267040544251e-04,-7.377545951224750986e-02,7.961510562581283409e-03,4.989414165346086061e-01,-7.964800339817358354e-01,5.360301071621215163e-01,-2.469482444450161740e-01,-2.183393817890511013e-02,-2.215903999959101256e-01,-2.896114993908913138e-01,2.979156671746348573e-01,-1.038866222870320932e+00,-5.342297851354458338e-01,3.120224251804884497e-01,-4.393351464728406097e-01,1.021989729609456554e-01,-2.332638414694780116e-01,-3.870164424114660995e-01
1.559610908090776002e-02,-1.168557889329486926e-01,3.842582689710085653e-01,-3.326272089369632090e-02,6.754781549157135023e-02,7.227380449781157790e-01,6.870084441710134771e-01,-1.509975279804415704e+00,5.805575786222307022e-02,4.275709703377681553e-03,2.382843512969038624e+00,-8.401022904579367179e-01,8.736370374098330338e-02,-1.540976897468946838e+00,-4.034899898800513307e-02,1.581594148253451793e-01,2.403929733612854669e+00,-8.678879960064008747e-01,-4.044000867689995227e-03,-6.947060595493075030e-02,7.494539423504293849e-03,4.986876782034320166e-01,-8.746068057349861702e-01,5.254781701730153465e-01,-2.227038800913052619e-01,-7.727880805001102749e-02,-2.197185161558683486e-01,-2.947671433418466158e-01,3.030478213778018404e-01,-9.658244071926305185e-01,-5.597816488216291742e-01,3.084088738241687055e-01,-3.152749337548413355e-01,1.136915499934423174e-01,-2.101472063349627828e-01,-3.555925265408203528e-01
1.582828731731131949e-02,-1.158485745465360622e-01,3.882559219784194604e-01,-3.282249049302114752e-02,6.950704170445226593e-02,7.257533098973507624e-01,6.836472690242915151e-01,-1.506780066252815686e+00,5.057716838278108334e-02,1.070813418288577012e-02,2.370536818260951417e+00,-8.216012570600600418e-01,8.088687653607977424e-02,-1.529717255497133666e+00,-4.705846616077484501e-02,1.627082010991948990e-01,2.395536072602582500e+00,-8.678966439417823420e-01,-5.713406358664345486e-03,-6.251426061421584690e-02,8.038703470019266037e-03,4.972375244117038795e-01,-1.014994616783145842e+00,5.182287618872489787e-01,-2.085550390623640282e-01,-1.277133014512935039e-01,-1.944817050761194765e-01,-2.864588293687362341e-01,3.266836761901026343e-01,-8.919215848982615658e-01,-5.962548141055369344e-01,3.288886875324388837e-01,-1.484069630240552884e-01,1.525169447848470916e-01,-1.816856285184872688e-01,-3.021800886201501668e-01
1.628685272826136538e-02,-1.145964328202054155e-01,3.902002426144474678e-01,-3.405503674436132638e-02,7.110678059234255832e-02,7.302173700874663442e-01,6.786506263525274862e-01,-1.510026505275247288e+00,4.798396074078122020e-02,1.580863043250714181e-02,2.363761185854561298e+00,-8.122326152883054817e-01,8.161365366494008344e-02,-1.523906694051363697e+00,-6.129570918834378879e-02,1.638994177445082245e-01,2.395418242589165914e+00,-8.676475938330084903e-01,-1.054686809559119559e-02,-5.630029288987257324e-02,1.035657052605833822e-02,4.951145737057356389e-01,-1.138280920218539771e+00,5.159416397519361874e-01,-1.986360022387230473e-01,-1.758645473204624998e-01,-1.593818978224459948e-01,-2.819979425672871631e-01,3.578137226463773968e-01,-8.469326116650336411e-01,-6.238970643766339474e-01,3.389738887931899591e-01,-2.590169813817183586e-02,1.915198981792256561e-01,-1.700883338172724801e-01,-2.591484781624043832e-01
1.666103946266864547e-02,-1.136322192552165905e-01,3.889227060388182333e-01,-3.612536154780872366e-02,7.160979189364352626e-02,7.324744369164786217e-01,6.760533967238667730e-01,-1.517898327030608119e+00,4.634231270959424803e-02,1.405178686492955173e-02,2.367861428584319583e+00,-8.134040819444416925e-01,8.475836750522355856e-02,-1.527343729731616362e+00,-6.430725786296047353e-02,1.631875044145755238e-01,2.401243909748077776e+00,-8.677385094739851201e-01,-1.502999367253791269e-02,-5.311063807139817378e-02,1.078087052585188256e-02,4.949205499224338389e-01,-1.217581192073826868e+00,5.121861251136279325e-01,-1.905733129104693613e-01,-2.013306787124342079e-01,-1.402068425299732857e-01,-2.799201372515429664e-01,3.871299189497341420e-01,-8.248028982865830416e-01,-6.302688610482038989e-01,3.409743547852345791e-01,3.010422057383859221e-02,2.099377492327932082e-01,-1.749396681512470353e-01,-2.411584675959541901e-01
1.691042099220096614e-02,-1.126552601685227445e-01,3.879964062318658757e-01,-3.744924355131976773e-02,7.294095487242113762e-02,7.333310250732564262e-01,6.749094597979357069e-01,-1.523929310316409991e+00,4.674917183017535116e-02,1.471494815952098523e-02,2.371160163801537379e+00,-8.115262615107217137e-01,8.197838662252486530e-02,-1.531368284219699616e+00,-6.540214189663741406e-02,1.636396730520460752e-01,2.406464853776906221e+00,-8.677322107511278304e-01,-1.618207891981712082e-02,-5.174475147625704624e-02,1.294874350694027662e-02,4.950879363674539069e-01,-1.257357201984756312e+00,5.160308527574407611e-01,-1.922788980317337304e-01,-2.103687084730265500e-01,-1.351562312934198873e-01,-2.766846178962602543e-01,4.027270186722443635e-01,-8.169498380693205331e-01,-6.310556222807111038e-01,3.414129096917463135e-01,4.953495189603867449e-02,2.133738131904377167e-01,-1.782840274395484093e-01,-2.350501818468571924e-01
1.698312768908347495e-02,-1.120581124730161415e-01,3.865279552285260656e-01,-3.832847150683817844e-02,7.367403064029234838e-02,7.332936458902653554e-01,6.748210832347532051e-01,-1.529220221841711247e+00,4.719945077363374430e-02,1.443950165782455913e-02,2.376438690492496342e+00,-8.125597294149632388e-01,7.960079263680230888e-02,-1.536752730942462231e+00,-6.517653398260585262e-02,1.633587676063248395e-01,2.411815480415747892e+00,-8.677882518418285063e-01,-1.582900759881009783e-02,-5.340156023353891807e-02,1.374723615822095839e-02,4.950405759503143654e-01,-1.276385645072415143e+00,5.190068057999909223e-01,-1.932399898906980162e-01,-2.082293165149268765e-01,-1.346731338661237565e-01,-2.734546452981960196e-01,4.135764097543295215e-01,-8.110655411978969775e-01,-6.257251969430441818e-01,3.385916397552573565e-01,5.237185002749974311e-02,2.123051341947704285e-01,-1.777341828217010589e-01,-2.347858375019092336e-01
1.690570902105630741e-02,-1.116590079299510097e-01,3.856872380590831706e-01,-3.931021119723370622e-02,7.494213657541497209e-02,7.326572005680840327e-01,6.753160814884242580e-01,-1.532690884195360148e+00,4.837364636042944255e-02,1.475699860065890837e-02,2.378865397548114213e+00,-8.161069500645981023e-01,7.836926713542594070e-02,-1.542773658915002288e+00,-6.382725317383899921e-02,1.640788689240900988e-01,2.413764528059451298e+00,-8.679288648291851871e-01,-1.599699053026219092e-02,-5.493320262973080959e-02,1.395641062546481258e-02,4.950435047699426883e-01,-1.279420580488251469e+00,5.208591913658139338e-01,-1.966222733150639335e-01,-2.033507025194760676e-01,-1.369231621906686902e-01,-2.763496755501846369e-01,4.143613226054980170e-01,-8.084673882804240819e-01,-6.222172810262981413e-01,3.356315036456595235e-01,4.481772018007916525e-02,2.140174950157857359e-01,-1.766879077090988959e-01,-2.290452795729365776e-01
1.659582453584607445e-02,-1.113037956498273418e-01,3.841340987012136221e-01,-3.958934784737647150e-02,7.542790953819106248e-02,7.317410666214048121e-01,6.762383643505354147e-01,-1.536461047504549482e+00,4.639452628876840345e-02,1.419927482179595205e-02,2.384451612206216264e+00,-8.175428930731041266e-01,7.660166349273092590e-02,-1.548146075764374796e+00,-6.158314172631595973e-02,1.647626965341818517e-01,2.419456160890331553e+00,-8.678534434020587218e-01,-1.471953657690452943e-02,-5.692887729661570695e-02,1.448037634857350306e-02,4.949918546245955508e-01,-1.265587835331401179e+00,5.207664748844071934e-01,-2.033998140504569285e-01,-1.907111096632267688e-01,-1.434169089326646773e-01,-2.788456412576809096e-01,4.086841481194635750e-01,-8.062821168390293947e-01,-6.185792267604641737e-01,3.304684894618460933e-01,3.142846287382667497e-02,2.191147422482337126e-01,-1.779109042535831631e-01,-2.247463568765395714e-01
1.603216526777567763e-02,-1.111103798073885401e-01,3.827419642189492377e-01,-3.952376978270059904e-02,7.546108027392683937e-02,7.305515709733388929e-01,6.775233568921766869e-01,-1.538876929306484120e+00,4.375185710697976349e-02,1.364986385717574871e-02,2.389856475281693982e+00,-8.188622732689827544e-01,7.419568852736559139e-02,-1.552329922961248387e+00,-6.168016764790761053e-02,1.647496540469948201e-01,2.424261140565135531e+00,-8.677218181586571211e-01,-1.224124570789749539e-02,-5.769397295989039942e-02,1.497025584731248235e-02,4.951230795855228739e-01,-1.229851988298560350e+00,5.153105099010136803e-01,-2.115434486197604602e-01,-1.727701728812260917e-01,-1.557407985520550542e-01,-2.846042537340094936e-01,3.971854998514066648e-01,-8.085920027671166244e-01,-6.177095323320361819e-01,3.253095361965108179e-01,7.242413397044961641e-03,2.263167726860297879e-01,-1.820420142842922306e-01,-2.215672188878828330e-01
1.538895719975567206e-02,-1.110352855787759552e-01,3.818691827647391346e-01,-3.972118397455802474e-02,7.524048479244216381e-02,7.288410320147500343e-01,6.793760718803196763e-01,-1.539961532281159728e+00,3.983430354763860259e-02,1.161472688298795936e-02,2.393911254910569664e+00,-8.207288719734182614e-01,7.141994161832043719e-02,-1.554962561657013964e+00,-5.779791753066021442e-02,1.639855885507489619e-01,2.426497549868297465e+00,-8.676282366429848292e-01,-5.921301197999495614e-03,-5.926030467307115412e-02,1.753699531468148887e-02,4.958921286423755848e-01,-1.166805145037184355e+00,5.079316349551790122e-01,-2.233111105186604550e-01,-1.474740884563970345e-01,-1.748993205252173944e-01,-2.876434320746273365e-01,3.719082647876668646e-01,-8.205061995049642842e-01,-6.137967532932707693e-01,3.176576622564230012e-01,-3.606317222069763823e-02,2.261002167583959221e-01,-1.883482417811972176e-01,-2.218864753808416634e-01
1.488219261270774113e-02,-1.118305015429667537e-01,3.788554836639882462e-01,-4.000812255578357901e-02,7.373075694189026863e-02,7.261285401693887698e-01,6.824225001872458174e-01,-1.543857990304950967e+00,4.014694967154128213e-02,7.609403867810088373e-03,2.403750897092684191e+00,-8.320698882880646075e-01,7.338913760301618572e-02,-1.564096103551692929e+00,-4.443417061613331998e-02,1.607717858118382082e-01,2.431964085653011143e+00,-8.676583139188015492e-01,-2.867897154711980534e-03,-6.626004077161136430e-02,2.020704574908916903e-02,4.982754936868044049e-01,-1.072141408479504010e+00,5.098022301250364485e-01,-2.409146262396549554e-01,-1.004102777746335440e-01,-2.022359872589734597e-01,-2.870469756972287567e-01,3.320392251226836344e-01,-8.558424959936844489e-01,-5.974117702435695065e-01,3.134826588016677573e-01,-1.202358239715191068e-01,2.033509565493022975e-01,-1.921758697354774281e-01,-2.273088113920533893e-01
1.416841176906034894e-02,-1.123575303064036773e-01,3.742142744829383694e-01,-4.090261677294063786e-02,6.935677549027588484e-02,7.225179982953832125e-01,6.866471843486653404e-01,-1.547877802992998264e+00,4.377575917996325006e-02,-3.925489393434993673e-03,2.422844184919054733e+00,-8.461982569235327878e-01,7.824150472266394596e-02,-1.569868942257471423e+00,-2.566719869249325936e-02,1.552423247083279112e-01,2.438905941671714039e+00,-8.681015048779171517e-01,2.816325285987256177e-03,-7.449999207373916854e-02,1.992168800211681357e-02,5.048146376065557606e-01,-9.499763982602638102e-01,5.254956633598352189e-01,-2.821040008377260766e-01,-3.683564531120643581e-02,-2.368721512189642109e-01,-2.809967185319141025e-01,2.563023969518166134e-01,-9.128270498489385876e-01,-5.729798303693455219e-01,3.101234111893265144e-01,-2.462458472178144231e-01,1.474208665227515480e-01,-2.047279127074929095e-01,-2.335365085842892596e-01
1.454235132672521483e-02,-1.114697995645037992e-01,3.695101210299331362e-01,-4.050725769515153840e-02,6.491003683654837653e-02,7.215338429839769363e-01,6.881386216603966322e-01,-1.552272238816971406e+00,4.625854669635216798e-02,-1.349495285758408117e-02,2.444012260862235664e+00,-8.472316330182501076e-01,8.721902288152834359e-02,-1.569999999964533544e+00,-1.808376369856580512e-02,1.460149282179353525e-01,2.460556046628779026e+00,-8.672152394743820603e-01,3.100383373196895220e-03,-8.604081678652571175e-02,1.977378867429809353e-02,5.048480700054152059e-01,-8.631268980767652366e-01,5.395546948875391546e-01,-3.149094762659174207e-01,2.232419521256561595e-02,-2.350303854385255298e-01,-2.712857812981090966e-01,2.128836843708041549e-01,-9.673506352170784250e-01,-5.438078436521279757e-01,3.027690499817466407e-01,-3.583526375442566136e-01,1.158268296745398052e-01,-2.156164950404878822e-01,-2.556192643410246657e-01
1.448508474990477246e-02,-1.110887246753763102e-01,3.674739817559423694e-01,-4.130999204170353323e-02,6.252461250290825001e-02,7.214668821340685101e-01,6.883819400395551069e-01,-1.554447642455622169e+00,4.355648238783259296e-02,-2.088387179477017852e-02,2.453047145702234477e+00,-8.520882959156220737e-01,8.771051630884502126e-02,-1.569666702060998231e+00,-1.588231250513522097e-02,1.415929012081009186e-01,2.468247925954852207e+00,-8.670592562490877508e-01,4.585336212565620240e-03,-9.255594748148479600e-02,1.847809614619572161e-02,5.041368644531373233e-01,-8.355580193482802231e-01,5.364223582261584689e-01,-3.195421310316178265e-01,3.800547409007021260e-02,-2.483010835704291264e-01,-2.744451625001379513e-01,2.096863992674758148e-01,-9.789306565662444504e-01,-5.280847073411125692e-01,2.955869748521204876e-01,-4.057452287954283476e-01,1.080573285176232301e-01,-2.219385211424672599e-01,-2.795794360154887359e-01
1.435575342033059212e-02,-1.108484848370300951e-01,3.672627139273459407e-01,-3.853284329196449143e-02,6.245695558144288839e-02,7.209421438458926135e-01,6.890985226469601432e-01,-1.551807861605223327e+00,4.639698446185736014e-02,-1.636686755691182590e-02,2.455340299742428289e+00,-8.394719198877775845e-01,8.124492635904803639e-02,-1.567381449376681779e+00,-2.241203904977130679e-02,1.438433487482852213e-01,2.472739431168545998e+00,-8.652973721045136291e-01,6.143248750489278820e-03,-9.167109946800193476e-02,1.504444288908640508e-02,5.041045754283440816e-01,-8.530327970507005642e-01,5.327507458584223032e-01,-3.173537859749882006e-01,8.312685252742788716e-03,-2.558630114572064129e-01,-2.809429996901581239e-01,2.084276852331182484e-01,-9.621695717261502523e-01,-5.320708295919154285e-01,2.945396107090214044e-01,-4.002431002063223664e-01,1.087223322956805821e-01,-2.168257153900271517e-01,-2.861737264358822364e-01
1.444316201564042716e-02,-1.109346617404680796e-01,3.699565243256555114e-01,-3.750749499290069455e-02,6.643778712095829708e-02,7.214185581697994953e-01,6.882837148952715145e-01,-1.546987623318150540e+00,5.102557855494804784e-02,-5.113365332270206065e-03,2.442004481934273219e+00,-8.377841248314487066e-01,7.339685838627310610e-02,-1.568141230971776379e+00,-2.941728710911974132e-02,1.513168775664134602e-01,2.464096217554022861e+00,-8.668750924032941896e-01,7.613987435828008243e-03,-8.626373763025702024e-02,9.417723137323490493e-03,5.034339860687468970e-01,-9.037434465214686519e-01,5.184125445016650735e-01,-2.937535387662526531e-01,-5.658000778960179528e-02,-2.610610246628894959e-01,-2.918619226641440689e-01,2.199871843277104444e-01,-9.170663362532793794e-01,-5.514391969455818554e-01,2.946801423208648685e-01,-3.386984736269262886e-01,1.041904721320546928e-01,-1.965001430114847181e-01,-2.744139037750703558e-01
1.456818227272023425e-02,-1.112968647461107796e-01,3.711862672890333115e-01,-3.502286818976445976e-02,6.822621747284633720e-02,7.229298173249755211e-01,6.866520670438475138e-01,-1.545015779548847501e+00,5.277861002061523532e-02,4.693451919922719123e-03,2.436062794548037314e+00,-8.282484462064059194e-01,6.913777668062173754e-02,-1.567405053183400288e+00,-4.031485671506815360e-02,1.583008156318780335e-01,2.460260331207621221e+00,-8.672826006315125236e-01,4.492654876404551800e-03,-7.686348863027010758e-02,9.310756665790373681e-04,5.022420456548642997e-01,-1.003127167021875987e+00,4.980626776519590515e-01,-2.571294400940352665e-01,-1.314337466923470032e-01,-2.556941114271403803e-01,-2.999745617051055580e-01,2.518960873898847819e-01,-8.556256928059743361e-01,-5.862670893437001984e-01,3.117725071601339382e-01,-2.269812843775909084e-01,1.370125103142729450e-01,-1.652883589785443808e-01,-2.337535387842036017e-01
1.522830553455876805e-02,-1.104369144830236737e-01,3.739956953733841183e-01,-3.460238232997332741e-02,7.207825330705927569e-02,7.259311893931632564e-01,6.831041712678389555e-01,-1.546549974868901112e+00,5.307841950653871543e-02,1.465411251891417764e-02,2.425814822805276716e+00,-8.118934116791114430e-01,6.549791604589660921e-02,-1.563994427691007161e+00,-5.485647444361856084e-02,1.637139084020622637e-01,2.458624288893322962e+00,-8.669169821701728784e-01,2.391699887865576801e-03,-6.649053741843036214e-02,3.136568010153170140e-03,4.998588808812189921e-01,-1.096955448960201585e+00,4.917636922767187890e-01,-2.255716399994281973e-01,-1.806344292840789678e-01,-2.235751144948944502e-01,-2.955977959608471206e-01,3.098974210386343242e-01,-8.110612881568318722e-01,-6.114975338441384078e-01,3.194780644532888569e-01,-1.237793888375661316e-01,1.683389061019981703e-01,-1.469690085164955529e-01,-2.211518309865888599e-01
1.540943796575710255e-02,-1.102369812685330963e-01,3.729987361457595130e-01,-3.431013167554414212e-02,7.343058760774537341e-02,7.271634599961389611e-01,6.816627216699115976e-01,-1.550632133237896726e+00,5.118191153592974163e-02,1.763850519077181378e-02,2.427373709116114942e+00,-8.119250815915663999e-01,6.533079150449927486e-02,-1.568992559803261688e+00,-6.205087197889921913e-02,1.667689866195597725e-01,2.463604874851853754e+00,-8.670422563273647576e-01,-1.519127689518187663e-03,-5.999287542736257001e-02,6.419735934112263433e-03,4.990909805204726823e-01,-1.128774007870291252e+00,4.876880442521794867e-01,-2.234862327325181919e-01,-1.939824963083784659e-01,-2.116909900418395551e-01,-2.895041030968117379e-01,3.272335063861730453e-01,-7.965908462401177781e-01,-6.191363880409889164e-01,3.212609431245631586e-01,-8.763413482993506753e-02,1.872258424630466045e-01,-1.484215952277020134e-01,-2.105474485457117517e-01
1.569616255564400265e-02,-1.101213179794318930e-01,3.728002222235741181e-01,-3.462477076976454293e-02,7.367428203280695920e-02,7.266931825237152864e-01,6.821218687959250682e-01,-1.551479024111035887e+00,5.006339730256657850e-02,1.642146457213682423e-02,2.427797870140386394e+00,-8.135641336417043235e-01,6.446557873603445121e-02,-1.569997745844621706e+00,-5.837017860701602945e-02,1.655771762760318289e-01,2.463095275235734682e+00,-8.671048878915819103e-01,3.380593510808264923e-03,-5.960033318793614421e-02,1.290376172423181832e-02,4.997515356404476639e-01,-1.093547044708506943e+00,4.904674463327076683e-01,-2.320285519153614251e-01,-1.725862150703288689e-01,-2.255676541385194245e-01,-2.866598306411251573e-01,3.200576788845086451e-01,-8.128787311008671690e-01,-6.122947900732136350e-01,3.192280089729644943e-01,-1.120028877766052061e-01,1.862304060893262281e-01,-1.527669027410797353e-01,-1.976473645436830906e-01
1.499842737690461683e-02,-1.115861142429108027e-01,3.690199115391348816e-01,-3.340290365282974627e-02,6.813328457695960738e-02,7.244876434144151833e-01,6.850983550557837587e-01,-1.550077949262536725e+00,4.760174334558481268e-02,7.315533163315551118e-03,2.441142875943214552e+00,-8.328956371809888015e-01,6.976745223010483166e-02,-1.569999999999998286e+00,-4.905965400107059615e-02,1.615125066726381398e-01,2.461691528815247221e+00,-8.682600820579760015e-01,5.947421685434960137e-03,-6.370835003440990241e-02,1.874726289482174513e-02,5.104259693956747501e-01,-9.936512847152959571e-01,4.999991750553360870e-01,-2.626287521628501986e-01,-1.150820775772075227e-01,-2.584961190849033308e-01,-2.872862068378558287e-01,2.652396324576891118e-01,-8.417473954029698335e-01,-5.928266988886224942e-01,3.155079070347039938e-01,-1.987026899757770582e-01,1.556478178572800741e-01,-1.632612677244949240e-01,-1.880252983189061866e-01
1.550265417152653369e-02,-1.113164707952181004e-01,3.658211333187273429e-01,-3.422080748084185831e-02,6.481704740208291127e-02,7.231314293609077959e-01,6.868104706335542708e-01,-1.552618115147907041e+00,4.443477082096744524e-02,-4.529271892714535619e-03,2.454500320932968993e+00,-8.427823153088604968e-01,7.337223231985495753e-02,-1.570000000000000062e+00,-3.120010811404788642e-02,1.551798914013035602e-01,2.470275868958390575e+00,-8.685450176274183143e-01,9.708225836658965213e-03,-7.351976028214814163e-02,2.596937404501725027e-02,5.159924111655853629e-01,-8.788016687473283461e-01,5.191661362781142541e-01,-3.006356588457945733e-01,-4.270753832158833557e-02,-2.827533270126272869e-01,-2.811268666839104591e-01,2.167984305251827171e-01,-8.867328004403056685e-01,-5.605863428839112927e-01,3.029766527953193789e-01,-3.095521287386638343e-01,1.079992622096937610e-01,-1.770257441939709908e-01,-2.045738896615010016e-01
1.578926160063123113e-02,-1.107366971258523514e-01,3.645299991523481276e-01,-3.425496814509992188e-02,6.375891342138140239e-02,7.217902273705281146e-01,6.883169806049415085e-01,-1.552427020848851091e+00,4.332711116963537668e-02,-1.096896156754210809e-02,2.461540295376281051e+00,-8.434614992689809521e-01,7.685504293881163795e-02,-1.570000000000000062e+00,-2.882397073992434833e-02,1.514866059641732099e-01,2.476544645479603624e+00,-8.683573603085432691e-01,1.242070825683461860e-02,-7.424079949812560641e-02,2.916173818932978751e-02,5.161171372373759558e-01,-8.176713691234924752e-01,5.317827385915543381e-01,-3.125783951624737100e-01,8.337115140452490761e-03,-2.854623098129941972e-01,-2.749550265078287148e-01,2.035932746665790050e-01,-9.206547087607720448e-01,-5.458763284351693112e-01,2.952912855135285675e-01,-3.774548526536893878e-01,7.982408973933956264e-02,-1.788454907483535972e-01,-2.210608024377113123e-01
1.602217272378330185e-02,-1.109092960516563225e-01,3.635421737679921939e-01,-3.410627557089589840e-02,6.243192809074165489e-02,7.211912581649966292e-01,6.890734253096274520e-01,-1.551990761956424603e+00,4.265129069350481750e-02,-1.519100063756978133e-02,2.465675947333138662e+00,-8.483068030312865826e-01,8.129578012395813347e-02,-1.570000000000000062e+00,-2.733270578695988495e-02,1.482158434250261114e-01,2.478640889031116679e+00,-8.684250250867299181e-01,1.401311809825800392e-02,-7.539035234829831456e-02,3.032575289054574574e-02,5.178300259620698398e-01,-7.746256526084173144e-01,5.329590212543751093e-01,-3.077652408960389052e-01,2.940690415643784639e-02,-2.975012817291874390e-01,-2.804886704199415770e-01,1.956958110783738325e-01,-9.291357414854283236e-01,-5.340909703559728605e-01,2.865397434494060813e-01,-4.187624813834547877e-01,6.310755321557877384e-02,-1.761529519457207538e-01,-2.248315345571587076e-01
1.626555814624244464e-02,-1.114082494957650132e-01,3.627026220229989661e-01,-3.284623093070807021e-02,6.147680994201121241e-02,7.210379893307975463e-01,6.893808416940524486e-01,-1.551320323269981483e+00,4.431419040050595115e-02,-1.574377891869930407e-02,2.468135054758762603e+00,-8.494406192675809653e-01,8.190769163876099324e-02,-1.570000000000000062e+00,-2.897379642535198585e-02,1.475190507591229161e-01,2.480077209436586383e+00,-8.685520635062269346e-01,1.471447000687587520e-02,-7.593073660142754533e-02,3.069417852301317695e-02,5.196799660146275146e-01,-7.562259840502890684e-01,5.300830429403400323e-01,-3.023307206953659287e-01,2.669989031041955160e-02,-3.036704122815026552e-01,-2.876870996216147058e-01,1.917661779266183197e-01,-9.292169227957000066e-01,-5.280860889155615245e-01,2.823325072853830608e-01,-4.407937688890828376e-01,5.246045866487675929e-02,-1.714987071693473697e-01,-2.231435164547448113e-01
1.649426700609017346e-02,-1.117847296363224108e-01,3.623260301484349521e-01,-3.221854537218139802e-02,6.113820335550609192e-02,7.209739789267540777e-01,6.895075105719192798e-01,-1.551788431404411472e+00,4.526190182006817331e-02,-1.603598200145759864e-02,2.469124112618380273e+00,-8.487536537884903254e-01,8.136861102014163183e-02,-1.570000000000000062e+00,-2.992409207284127404e-02,1.471191662282581025e-01,2.479651684080643737e+00,-8.687487682893594299e-01,1.633231100564094818e-02,-7.574593919794260499e-02,3.040677772771488430e-02,5.199999999949994622e-01,-7.472212020586002090e-01,5.238839152283231160e-01,-2.971509018151688442e-01,1.605825686365115051e-02,-3.086385871895261923e-01,-2.923229424771492391e-01,1.846187301979853590e-01,-9.211866459205737545e-01,-5.268095777217556286e-01,2.788849089311687957e-01,-4.452901341890938558e-01,4.122522365900679192e-02,-1.634299025645714054e-01,-2.120246831517895725e-01
1.648577592789163965e-02,-1.125871657017728095e-01,3.609746968552484114e-01,-3.040917641670939919e-02,5.957921316146413265e-02,7.205840667817056122e-01,6.901334668374349279e-01,-1.550682038895215609e+00,4.561232115653451880e-02,-1.662940416855775150e-02,2.472827152541498652e+00,-8.519747395489543074e-01,8.168368737856687711e-02,-1.570000000000000062e+00,-3.161681987728909293e-02,1.472287813482652530e-01,2.480335313085733517e+00,-8.691633324770290381e-01,1.481805052373760812e-02,-7.532869991888611894e-02,3.080827353113555975e-02,5.200000000000000178e-01,-7.429833078940467628e-01,5.206821046741486603e-01,-2.952953406080700560e-01,4.164418018509830413e-03,-3.074220793221411063e-01,-2.932192770016215921e-01,1.800165042555059436e-01,-9.150097532601362271e-01,-5.245767342871823224e-01,2.778914308471573946e-01,-4.457670996312343425e-01,3.112010345638397540e-02,-1.547588549511063893e-01,-2.041558937905502413e-01
1.658730479878097602e-02,-1.132956830319152425e-01,3.602967951681344538e-01,-2.928865902637264526e-02,5.863409769910122443e-02,7.203374229257967221e-01,6.905202489225577001e-01,-1.549679048161394457e+00,4.666949215840637821e-02,-1.682717690718098930e-02,2.473806517176235342e+00,-8.553789115593879444e-01,8.246769322172881056e-02,-1.570000000000000062e+00,-3.226241061928987464e-02,1.470914240950604024e-01,2.478638083438879036e+00,-8.695557915525877757e-01,1.571925133004125480e-02,-7.401099932250271296e-02,3.204501224026327227e-02,5.200000000000000178e-01,-7.409477414181584454e-01,5.160431977108843604e-01,-2.918492055002930852e-01,-6.373664187205687823e-03,-3.064597356217907409e-01,-2.924558184540423933e-01,1.743941545880257626e-01,-9.077904556492933930e-01,-5.218786338809918712e-01,2.775102256875470741e-01,-4.432857507831114985e-01,2.185368272332951708e-02,-1.457912404792613137e-01,-1.935856941783278828e-01
1.655454617651952454e-02,-1.138197445411485986e-01,3.597777611508221063e-01,-2.922754548191618118e-02,5.749874130502739822e-02,7.194909430222081737e-01,6.915001288810105340e-01,-1.546207630189306625e+00,5.060482903044240255e-02,-2.022963984653878070e-02,2.474444654462143234e+00,-8.667370837985666210e-01,8.231521473537355138e-02,-1.570000000000000062e+00,-3.092558921145388551e-02,1.469703297397741970e-01,2.474363083448829048e+00,-8.702069685402670229e-01,1.692695503015271066e-02,-7.135157376675682617e-02,3.495154984331290404e-02,5.200000000000000178e-01,-7.455454355497851404e-01,5.141437121430323387e-01,-2.901048642813238709e-01,-1.320175855502974532e-02,-3.039778737798105035e-01,-2.912532339849718266e-01,1.711911306405156930e-01,-9.062429654304484661e-01,-5.206046470389386061e-01,2.773179213029581813e-01,-4.434217559408088483e-01,1.573182680087288621e-02,-1.389879039750799017e-01,-1.857329592528659534e-01
1.659619925065257753e-02,-1.145648012242871244e-01,3.592323232881017847e-01,-2.822834612588356190e-02,5.646013613439482270e-02,7.197250178571141799e-01,6.913836215685618125e-01,-1.547803036021596856e+00,5.088864312414247137e-02,-1.883398646843707086e-02,2.475619066039101757e+00,-8.647262943505047428e-01,8.509699382807801860e-02,-1.570000000000000062e+00,-3.288417653005530628e-02,1.456522805764944584e-01,2.473363697424142416e+00,-8.703318030392612759e-01,1.605355457903348548e-02,-7.089262280256286575e-02,3.608636871084321823e-02,5.200000000000000178e-01,-7.492650768695838792e-01,5.117626363099964104e-01,-2.902946411558742223e-01,-1.755929268342734662e-02,-3.007982768874186141e-01,-2.883699483864601287e-01,1.648646333072311121e-01,-8.997776078009999123e-01,-5.208287277085195122e-01,2.766103795757511308e-01,-4.422816761477759151e-01,1.126134819864111312e-02,-1.325004099693914139e-01,-1.746157901549818536e-01
1.642853551680690735e-02,-1.150783158885354540e-01,3.585512680442680677e-01,-2.797536100309006013e-02,5.519080809231736301e-02,7.186878014816798776e-01,6.925743266107209362e-01,-1.547170800639157795e+00,5.243846788195057063e-02,-2.268526133940100900e-02,2.477440293736272281e+00,-8.683393334712249390e-01,8.419673962180435067e-02,-1.570000000000000062e+00,-3.169926314374153786e-02,1.454774681306387762e-01,2.470319507121059743e+00,-8.708876413210563383e-01,1.781023702188792163e-02,-6.883250209823763011e-02,3.817039788531387257e-02,5.200000000000000178e-01,-7.530196782996178007e-01,5.118545137352277230e-01,-2.889075888726584940e-01,-2.045227030614918395e-02,-2.995366475221364899e-01,-2.865122092413718846e-01,1.575659702532823669e-01,-8.950854974597650671e-01,-5.197876677868072948e-01,2.748372868340061004e-01,-4.410553450162928990e-01,6.800797210137464639e-03,-1.271929555829113268e-01,-1.658967859800129785e-01
1.644423736208138268e-02,-1.156993876107118846e-01,3.579504071967323231e-01,-2.746251142890323085e-02,5.419645769684872799e-02,7.185628700995070339e-01,6.928029706586787961e-01,-1.548627652858483250e+00,5.318287109016266168e-02,-2.386428464677878281e-02,2.478279922977207672e+00,-8.685029762909689532e-01,8.491741148874881739e-02,-1.570000000000000062e+00,-3.116231006728464870e-02,1.451533734192183012e-01,2.468668597383725682e+00,-8.712239841289186604e-01,1.796015265954721551e-02,-6.837939352648211844e-02,4.026801625578318305e-02,5.200000000000000178e-01,-7.561481141878830803e-01,5.124861120964134820e-01,-2.879439450613248686e-01,-2.108621728650379376e-02,-2.942443899263596507e-01,-2.818683989752704955e-01,1.510212849701036697e-01,-8.890368371702418449e-01,-5.198669643253038819e-01,2.727414242394671784e-01,-4.397429938864375609e-01,-4.412929561449624970e-04,-1.213531631199112892e-01,-1.570801706679836041e-01
1.633397748819828341e-02,-1.162940957222912686e-01,3.565933667636382309e-01,-2.679164576993973285e-02,5.243491837769467812e-02,7.185559641929319952e-01,6.929719427036197255e-01,-1.550964675731009379e+00,5.198935641870131019e-02,-2.612796642820747542e-02,2.482848163717160883e+00,-8.685766659018714364e-01,8.662002786060854498e-02,-1.570000000000000062e+00,-3.036285790439224863e-02,1.447157355201683648e-01,2.469165391216378680e+00,-8.715709679891225914e-01,1.851113681503237587e-02,-6.860007585402840002e-02,4.177161824317585093e-02,5.200000000000000178e-01,-7.595532259195206803e-01,5.142141052632750453e-01,-2.880657517985269478e-01,-2.245679776188153759e-02,-2.894086399007054222e-01,-2.774705726690468444e-01,1.438641861951778234e-01,-8.812700887796111049e-01,-5.204393565257746657e-01,2.705194144903615983e-01,-4.398696100435263712e-01,-6.097490368544388264e-03,-1.165415603033194691e-01,-1.481886636351812114e-01
1.627272419014272678e-02,-1.166033258309917831e-01,3.556661759726489347e-01,-2.616961604083808957e-02,5.145839164980717251e-02,7.183352111507936844e-01,6.932977062893217468e-01,-1.551824819835894820e+00,5.027505564500774071e-02,-2.759604094791347911e-02,2.486632115017904709e+00,-8.685313702712380568e-01,8.775328407415694532e-02,-1.570000000000000062e+00,-2.780908995204386946e-02,1.453586579926589573e-01,2.469531911245518518e+00,-8.718461389116471949e-01,1.896409993743409378e-02,-6.876185274644423806e-02,4.337295956738070057e-02,5.200000000000000178e-01,-7.602774841817290241e-01,5.167043049883793815e-01,-2.876494286311553350e-01,-2.246808821837193923e-02,-2.825165770241259144e-01,-2.719268780170467914e-01,1.419486375684399782e-01,-8.731613810036585877e-01,-5.228725717045494825e-01,2.683229390640046730e-01,-4.387660248924150630e-01,-1.482656956880115846e-02,-1.107345606881211669e-01,-1.418462311945770105e-01
1.622012765330585124e-02,-1.169801558607518749e-01,3.549972058220758342e-01,-2.549252992754555414e-02,5.068961725666860235e-02,7.178998357205272907e-01,6.938303247139790964e-01,-1.552198115441509207e+00,4.966017957737595134e-02,-2.880047379702482119e-02,2.489302882354205604e+00,-8.684834601052476843e-01,8.877164710173010564e-02,-1.570000000000000062e+00,-2.769461261522387918e-02,1.455562192276421141e-01,2.469049769960820928e+00,-8.720968319687333326e-01,2.056124142846165598e-02,-6.821690817018080666e-02,4.551823346721128871e-02,5.200000000000000178e-01,-7.614525182961771055e-01,5.199234365455500662e-01,-2.890661573664550232e-01,-2.187071552242296837e-02,-2.752196701634452847e-01,-2.667030635835640484e-01,1.429597058959008737e-01,-8.649780757527512076e-01,-5.254363495888149105e-01,2.677752681257044021e-01,-4.374455677311056556e-01,-2.396495981014427901e-02,-1.049884839094762518e-01,-1.400602767332682075e-01
1.622816665824690710e-02,-1.171717333702279873e-01,3.543048326129943359e-01,-2.522374153792606571e-02,4.998632004299448373e-02,7.175616707439997910e-01,6.942408655146046215e-01,-1.552783388973694612e+00,4.795723198864527970e-02,-3.094055641881444940e-02,2.492841383602590888e+00,-8.683791112887881969e-01,8.898907155348101394e-02,-1.570000000000000062e+00,-2.491113063334902955e-02,1.457156615152748469e-01,2.469379370065990731e+00,-8.722679679252113294e-01,2.192132412330150687e-02,-6.749380091132634041e-02,4.602722057193205096e-02,5.200000000000000178e-01,-7.622526709120042154e-01,5.209747744034979311e-01,-2.897650723161029340e-01,-2.378057411826111148e-02,-2.683922605673085271e-01,-2.641841614926557225e-01,1.484865647904480834e-01,-8.551957985537200768e-01,-5.286801150750106704e-01,2.672318569020721846e-01,-4.370501297101626048e-01,-3.287627208427382208e-02,-1.016790625169076562e-01,-1.403558220796712885e-01
1.627434632225812500e-02,-1.172730511291848465e-01,3.544094391668989319e-01,-2.513723135389087787e-02,5.016971636823987224e-02,7.170491394167392007e-01,6.947601390559947632e-01,-1.552612562205658575e+00,4.707081118478348425e-02,-3.186132000540200376e-02,2.494037986798858686e+00,-8.663102993199069957e-01,8.835765581992877093e-02,-1.570000000000000062e+00,-2.267434525391730238e-02,1.463524515864015052e-01,2.467882781949333637e+00,-8.723396029079792946e-01,2.250890908640026250e-02,-6.590575089866784753e-02,4.749122310789247181e-02,5.200000000000000178e-01,-7.616698770780491179e-01,5.212446387311336915e-01,-2.915751584145387376e-01,-2.496894122849767361e-02,-2.642415552328462036e-01,-2.609297242792230631e-01,1.540383682320176084e-01,-8.461198558694076333e-01,-5.327398627574266854e-01,2.683898274494364022e-01,-4.373216143214110341e-01,-3.960509729804743972e-02,-9.846295438892950502e-02,-1.384086278819658677e-01
1.635728530546875364e-02,-1.178687620011168308e-01,3.538994631722077178e-01,-2.504564737014512710e-02,4.924882535072838685e-02,7.170276670413724407e-01,6.948514902096636359e-01,-1.554407272604921397e+00,4.586933994989919605e-02,-3.434480567247119587e-02,2.495755631850580691e+00,-8.660695377557009467e-01,8.950055471978476951e-02,-1.570000000000000062e+00,-2.095692339324804754e-02,1.457083809140412023e-01,2.467225286566575360e+00,-8.724769262319259644e-01,2.313139407198661762e-02,-6.584232866980754828e-02,4.758144556421415455e-02,5.200000000000000178e-01,-7.628992559406269081e-01,5.216729521318461682e-01,-2.932730037960250558e-01,-2.779176492997558617e-02,-2.597708363940658405e-01,-2.597325215337776827e-01,1.587768899616334162e-01,-8.363538143549011927e-01,-5.352958685165472019e-01,2.680324513177217427e-01,-4.359714374649453772e-01,-4.360417496154073841e-02,-9.649661902963896365e-02,-1.394845827287850282e-01
1.650251668239173172e-02,-1.183396656020511556e-01,3.545999109303573649e-01,-2.540635764438030006e-02,4.972706716948227523e-02,7.170163279106025467e-01,6.948160341353407654e-01,-1.556353528487128379e+00,4.357469247148704206e-02,-3.552155363331491872e-02,2.493433908311722291e+00,-8.615488801967956523e-01,8.975406164403211540e-02,-1.570000000000000062e+00,-1.861850117510183145e-02,1.464964570473943628e-01,2.463915619241129118e+00,-8.725138989101570708e-01,2.132472029025080443e-02,-6.507379652816219773e-02,4.840872908975805966e-02,5.200000000000000178e-01,-7.635896278566998152e-01,5.221388091486640626e-01,-2.961079681652400430e-01,-2.771157126885579955e-02,-2.570536475918344110e-01,-2.570545698449256955e-01,1.611263612088776886e-01,-8.276865323016285858e-01,-5.392805646604740266e-01,2.674960357872554484e-01,-4.332492737837300711e-01,-4.702818352076625769e-02,-9.346931743756578537e-02,-1.356183877525954928e-01
1.675525319468274682e-02,-1.189621584271553512e-01,3.550218945369263968e-01,-2.577143366029267801e-02,4.986043886171317996e-02,7.174721397911957288e-01,6.943223303819728853e-01,-1.558432743968727108e+00,3.910024713734913671e-02,-3.750158952231413129e-02,2.490888892198122484e+00,-8.598033365970421116e-01,8.911978027378929246e-02,-1.570000000000000062e+00,-1.661984887658148058e-02,1.465953078198248272e-01,2.462395640763663351e+00,-8.724373054959710938e-01,1.998363946849684991e-02,-6.548631796353930612e-02,4.773592016329684939e-02,5.200000000000000178e-01,-7.660330205091927525e-01,5.230382827964408232e-01,-2.989188893098360111e-01,-2.621501801803627352e-02,-2.527586130242317486e-01,-2.543497020527537567e-01,1.615236235589412872e-01,-8.200756224802724370e-01,-5.433953918369506253e-01,2.662399079725070172e-01,-4.289109912720181494e-01,-5.156920595178862698e-02,-9.018701734223449895e-02,-1.306361868862353226e-01
1.711325926461576205e-02,-1.196058080276532765e-01,3.569638425288902961e-01,-2.710498670770104118e-02,5.123320977915560293e-02,7.177424179777651680e-01,6.938921381214314676e-01,-1.560214482201117248e+00,3.653949791037486294e-02,-3.885658544005753112e-02,2.483359541435311790e+00,-8.561160416619932878e-01,8.885414923913206864e-02,-1.570000000000000062e+00,-1.684124833951321232e-02,1.458743412513465454e-01,2.455807046642601854e+00,-8.722963955302180938e-01,1.963018951381087160e-02,-6.616645966507513077e-02,4.585689880314514771e-02,5.200000000000000178e-01,-7.704117827151785169e-01,5.268090239189765489e-01,-3.030324165071039966e-01,-1.880897699650400240e-02,-2.446465874984942723e-01,-2.486988338165491697e-01,1.648971160452392115e-01,-8.136783827889033649e-01,-5.492691612161553216e-01,2.648508601484780289e-01,-4.195309284039028253e-01,-5.841458895455818590e-02,-8.544855678907511964e-02,-1.291688000052730600e-01
1.773586111633966567e-02,-1.203160049216991379e-01,3.602474632063759619e-01,-2.850913270113913933e-02,5.396883121717358650e-02,7.174523080986096035e-01,6.939285123221692331e-01,-1.558405294044289624e+00,3.466454987080534733e-02,-3.972552046194383762e-02,2.469986855281408822e+00,-8.552586105837858277e-01,8.753112551716396572e-02,-1.570000000000000062e+00,-1.637160944163315590e-02,1.457655705294234882e-01,2.445712141941335904e+00,-8.720636205235426930e-01,1.887831026055108649e-02,-6.758516121952092004e-02,4.298862774685235921e-02,5.200000000000000178e-01,-7.733501820016662753e-01,5.308146458521211253e-01,-3.088676770237540614e-01,-7.277405205643219278e-03,-2.377759474392860117e-01,-2.428335942104722645e-01,1.673050961994508035e-01,-8.100340520751234674e-01,-5.526928990002228925e-01,2.685226215757940404e-01,-4.074633092635203124e-01,-6.095525982811757920e-02,-8.104051336945614081e-02,-1.269455232271883560e-01
1.876624857603070157e-02,-1.207947087088581256e-01,3.648889900781864259e-01,-3.106943043869818399e-02,5.802936769553865282e-02,7.169989223571217041e-01,6.939595293068585580e-01,-1.557218497560673320e+00,3.436872245990017088e-02,-4.150846773219217523e-02,2.452646087724704493e+00,-8.504397170240958204e-01,8.687491467747079921e-02,-1.570000000000000062e+00,-1.417851499457634112e-02,1.450638453702236541e-01,2.432527268572453494e+00,-8.716225555946173209e-01,1.601288578536531199e-02,-6.957373991389030621e-02,3.822959089084695256e-02,5.200000000000000178e-01,-7.797489733624558550e-01,5.336049610916581143e-01,-3.153351308904079886e-01,9.103580095165198643e-03,-2.281617367548993136e-01,-2.357815348245958509e-01,1.671920519666823535e-01,-8.101271362585404923e-01,-5.562869101334193545e-01,2.717660774674714452e-01,-3.932684676339150975e-01,-5.852001526862518621e-02,-7.656914462211525385e-02,-1.200004660020159014e-01
2.015256358498691489e-02,-1.211985426635387997e-01,3.702090463796149367e-01,-3.404457717665601568e-02,6.299221944218504066e-02,7.173160817655658272e-01,6.930588617823929543e-01,-1.556257442940479407e+00,2.877191950739258625e-02,-4.385850806496364995e-02,2.431049485803389754e+00,-8.459951006567250076e-01,8.623275507360338155e-02,-1.570000000000000062e+00,-1.246069856288022082e-02,1.447985974299856315e-01,2.419953476239133039e+00,-8.709496508225245126e-01,1.160277882978541508e-02,-7.314870971075503048e-02,3.168969812160585264e-02,5.200000000000000178e-01,-7.904524481432495531e-01,5.364576380055738891e-01,-3.229169772199617094e-01,2.724652071776612755e-02,-2.073748917139809633e-01,-2.269909842881351336e-01,1.652888979703946992e-01,-8.115801699475583275e-01,-5.640734518944864329e-01,2.748088293582875985e-01,-3.749018265128980509e-01,-6.343164090566939806e-02,-7.240789236587613642e-02,-1.113419076754581516e-01
2.176817378022410585e-02,-1.215765559909461890e-01,3.777436071136435203e-01,-3.744742885270150451e-02,7.007375398075778306e-02,7.164717937664477621e-01,6.930768556317938867e-01,-1.553171848539384614e+00,2.594201471452087931e-02,-4.458878723521814136e-02,2.402567194562772457e+00,-8.369310108550034322e-01,8.605776854224589378e-02,-1.570000000000000062e+00,-1.212012881370613804e-02,1.451117872892688232e-01,2.399314495378698009e+00,-8.703101571066541586e-01,3.812119101214990480e-03,-7.628419485215527651e-02,2.579565739999511650e-02,5.200000000000000178e-01,-8.007085538137087566e-01,5.397119298010178978e-01,-3.326303934932950956e-01,5.265247629548050479e-02,-1.886107916132007400e-01,-2.162666090779961359e-01,1.626586345003246115e-01,-8.169928746316740265e-01,-5.650036720284252745e-01,2.775896883866670883e-01,-3.596804227062743720e-01,-5.806949092791863914e-02,-7.280863817125866888e-02,-1.013560336968254150e-01
2.386653604345233270e-02,-1.217193990505557460e-01,3.875593444013004651e-01,-4.131633803375241165e-02,7.953324903025869863e-02,7.155073513237830696e-01,6.928323409828640589e-01,-1.547643833707815109e+00,2.261395874205900797e-02,-4.281684280404803034e-02,2.364080935586306609e+00,-8.257262803239251436e-01,8.433475338636799157e-02,-1.570000000000000062e+00,-1.535796819399735946e-02,1.451718753787303307e-01,2.374190949104876047e+00,-8.692999503568629160e-01,-3.116582728018735260e-03,-8.290574455037327817e-02,1.546246771831632019e-02,5.200000000000000178e-01,-8.144373389728708501e-01,5.499092555789870662e-01,-3.447593079631247059e-01,8.416100829877311285e-02,-1.633305452663907920e-01,-2.042001614479350413e-01,1.659089561418199410e-01,-8.296397914465293288e-01,-5.697917096719486985e-01,2.817206731898667105e-01,-3.398844882543152202e-01,-6.309576559542727503e-02,-7.207441169060320452e-02,-1.007641992248668183e-01
2.630444190811431077e-02,-1.216333830231918905e-01,3.975010906266702171e-01,-4.502574281639094844e-02,8.935582703321834352e-02,7.149035911670750254e-01,6.920267870505166785e-01,-1.542808086852866412e+00,1.975255386680477981e-02,-4.069543743664365276e-02,2.324786813394172036e+00,-8.107932174276425430e-01,8.613144073273418244e-02,-1.570000000000000062e+00,-2.118332371991504814e-02,1.452671829912013657e-01,2.349939408745058689e+00,-8.682225880055075562e-01,-1.236262312296046439e-02,-8.848871413815799503e-02,6.435110756294994475e-03,5.187437251578885800e-01,-8.298888286955532489e-01,5.629002845493111806e-01,-3.600467148515487104e-01,1.164450625782274124e-01,-1.344285351480584700e-01,-1.937055839521923672e-01,1.616995888852705565e-01,-8.375695553926633119e-01,-5.793017835272765703e-01,2.857019243809579834e-01,-3.193251834361660046e-01,-6.708817161404795337e-02,-7.175567030845282634e-02,-9.289811365686523326e-02
2.887235995400883048e-02,-1.219223730699704883e-01,4.108072691957911360e-01,-4.926116828189505692e-02,9.663257015513888881e-02,7.154377563677171148e-01,6.902059840715970562e-01,-1.535007374999767693e+00,1.824263378415796888e-02,-3.964926315016140124e-02,2.276258615828985032e+00,-7.792487097388784978e-01,8.968512622165465686e-02,-1.560278109014649139e+00,-2.854279233461591569e-02,1.399215604409643765e-01,2.311882620189773530e+00,-8.501003644598694731e-01,-1.793320635570133659e-02,-9.746252817748542185e-02,5.665530330360474438e-05,5.119858583110059591e-01,-8.500714885587646874e-01,5.759445984229729643e-01,-3.775226920312437784e-01,1.595077502361480215e-01,-1.033357137703141415e-01,-1.785668982413767814e-01,1.636752420946691322e-01,-8.491707074483170192e-01,-5.906372783402866755e-01,2.915128055756648906e-01,-2.936486522406767663e-01,-6.453541599434793608e-02,-7.114452576764865310e-02,-8.597189541007156655e-02
3.106257433295060016e-02,-1.223490645057769832e-01,4.255612381903936536e-01,-5.261299056237668526e-02,1.020530151963745247e-01,7.146171019013228820e-01,6.900285885262767982e-01,-1.513605886539897138e+00,1.994026679550244679e-02,-3.971335973692437238e-02,2.222456441359029089e+00,-7.630703352834058428e-01,9.505983911225887595e-02,-1.541714921741437205e+00,-3.501006523808275483e-02,1.339668886787503954e-01,2.261230660671519122e+00,-8.338757337052978835e-01,-2.309993799034393280e-02,-1.014773632472860954e-01,-1.636876418950565645e-03,5.090478380827873073e-01,-8.649584168021026143e-01,5.875445444417547458e-01,-3.973396999333553836e-01,2.009497776148102544e-01,-7.229199045825387970e-02,-1.621940019132672439e-01,1.638853815726584728e-01,-8.518131004052901245e-01,-6.009807674206943950e-01,3.010655109365505955e-01,-2.644080385799637556e-01,-7.418778081343335717e-02,-6.719061368616086050e-02,-8.533989223346231945e-02
3.313275123828204188e-02,-1.224409528874902814e-01,4.409299383120381388e-01,-5.474969961723770429e-02,1.048470072518972451e-01,7.139498738121985433e-01,6.901341559042623031e-01,-1.485349645795192908e+00,2.570945941849758082e-02,-3.816597715739479535e-02,2.168564724630281937e+00,-7.465072702304662577e-01,1.026814531363187399e-01,-1.513108776163620162e+00,-4.459518019735402017e-02,1.238689444920402505e-01,2.207019665400274278e+00,-8.215593602467604617e-01,-2.843778695793474851e-02,-1.067557353146095789e-01,-3.150365882344065022e-03,5.079823009449836446e-01,-8.763170113164867603e-01,5.987415370331665709e-01,-4.185774172084304467e-01,2.498583523351324831e-01,-4.611615002839660610e-02,-1.517656803526274689e-01,1.663680165570929070e-01,-8.496736588729154604e-01,-6.087406115526635686e-01,3.074346159987464966e-01,-2.266895772616443760e-01,-7.608807685587343217e-02,-6.896896945734712348e-02,-9.364411976302751406e-02
3.506442717869311110e-02,-1.218834271954890303e-01,4.582043222551486772e-01,-5.657710620024058307e-02,1.070428500651399856e-01,7.128116179625568760e-01,6.908259235158596967e-01,-1.451566519657404797e+00,2.945433463434189020e-02,-3.708876820031625776e-02,2.109677255939519380e+00,-7.245944185620039057e-01,1.106864208172297082e-01,-1.476784163408905393e+00,-5.140976283393784013e-02,1.137603428598120414e-01,2.144682341855759677e+00,-8.090273463655187625e-01,-2.867870799567094273e-02,-1.127042492442868471e-01,-3.602852436567223048e-03,5.070256686870929785e-01,-8.818583223472351573e-01,6.100531566079389068e-01,-4.363148964767263327e-01,2.950606845137174750e-01,-2.402250338819071976e-02,-1.445332424085742640e-01,1.766877622089964017e-01,-8.501424686565679512e-01,-6.210179352899579674e-01,3.185117885481325017e-01,-1.914934641537955062e-01,-8.474458784651939247e-02,-7.003044557717920393e-02,-1.061790502858591945e-01
3.672785167303086601e-02,-1.206540123471427639e-01,4.754676810530716335e-01,-5.907930458433566928e-02,1.087985582582196298e-01,7.119434112943691106e-01,6.912373605392730935e-01,-1.417243934560272978e+00,3.520834455540559904e-02,-3.488134698475089945e-02,2.049917762327551962e+00,-7.053190091496059910e-01,1.213098025707556871e-01,-1.437907858217260637e+00,-5.488660703755025155e-02,1.044222889329335519e-01,2.080085151572826696e+00,-8.008055950401995471e-01,-3.248620620481135202e-02,-1.182994803498862574e-01,-3.264097551396554376e-03,5.060669539366210445e-01,-8.852488566008029913e-01,6.153067569405475945e-01,-4.573815451424695366e-01,3.455125831808782411e-01,-4.986217505951018314e-03,-1.394854785958267174e-01,1.808590343521188359e-01,-8.505899707172037694e-01,-6.269438202946950867e-01,3.286196096052954041e-01,-1.611844984776929779e-01,-8.608018598120252551e-02,-7.596325397805918367e-02,-1.175317637533927484e-01
3.797855790530849096e-02,-1.188032190971432950e-01,4.941033193601602203e-01,-6.012143764238329913e-02,1.099297988762657774e-01,7.110879758478861890e-01,6.918487859781160543e-01,-1.375042416519341781e+00,4.059433927618957133e-02,-2.891592868273553524e-02,1.984289144654365344e+00,-6.856479619888689037e-01,1.297252818552794007e-01,-1.393701259592555974e+00,-6.228641337769598441e-02,9.487347004976189047e-02,2.011845600920930899e+00,-7.864513121223882797e-01,-3.217228740911345919e-02,-1.209527352037363113e-01,-6.698493060389642748e-05,5.044644454651100451e-01,-8.921085733911134907e-01,6.176147639753890584e-01,-4.805092492455929065e-01,3.944122401737842898e-01,2.154780977126555253e-02,-1.314776342701925171e-01,1.799312483317407341e-01,-8.490988523501542540e-01,-6.318584893291038229e-01,3.358957295396008957e-01,-1.311418960671245360e-01,-9.720996802953138505e-02,-7.943965136639409563e-02,-1.272322101531459804e-01
3.885615071397043041e-02,-1.165749371328855255e-01,5.120992932198121794e-01,-6.011540754830858174e-02,1.094423171462473449e-01,7.096767388810376609e-01,6.933739563065063338e-01,-1.330518429316387197e+00,4.489229276307751121e-02,-2.453614263626152994e-02,1.921592301616079190e+00,-6.653246479016883264e-01,1.381871243036429941e-01,-1.346146511708498972e+00,-6.525916054049558934e-02,8.692899801154833905e-02,1.943719409893096994e+00,-7.722231501825085331e-01,-3.007707153267360350e-02,-1.257998205697155591e-01,3.454474125307144781e-04,5.018107487446090698e-01,-8.937501826025014973e-01,6.242700049105748272e-01,-4.900736211757232286e-01,4.385621593990937095e-01,4.662819605913916254e-02,-1.228223623713526197e-01,1.803351912283524539e-01,-8.521703300577679885e-01,-6.326524593737534730e-01,3.434941127704649322e-01,-9.950248258903306164e-02,-1.108787359521850868e-01,-8.100127098481833821e-02,-1.401152172328773982e-01
3.928364867020379958e-02,-1.137365486259831610e-01,5.319319585932976713e-01,-5.969729315815974768e-02,1.093331402003404201e-01,7.080565277021391157e-01,6.950816147920414467e-01,-1.278746717600149907e+00,4.848198003582190885e-02,-1.691545980994970874e-02,1.848767140535692910e+00,-6.484230534202537477e-01,1.440459732623382560e-01,-1.292859780692463989e+00,-6.762535009000401887e-02,8.168502032203973917e-02,1.866194476811904090e+00,-7.581783805809214627e-01,-2.682987185275707495e-02,-1.263388237699095973e-01,3.053266974427666820e-03,4.972434467158394766e-01,-8.851406777967124606e-01,6.189990255166538669e-01,-4.930083343112898753e-01,4.786690813109834020e-01,6.059756447194820927e-02,-1.167156358343128253e-01,1.787528393251480996e-01,-8.432378464144307806e-01,-6.309653734468735342e-01,3.442603123941267995e-01,-7.511262832525580913e-02,-1.197643605807397343e-01,-8.286699497955900273e-02,-1.476603232881662509e-01
3.928254153636406842e-02,-1.106931329347253662e-01,5.508090786176296216e-01,-5.973318271210571739e-02,1.071664256583342995e-01,7.065754603580275406e-01,6.969206718949734203e-01,-1.226543064868122590e+00,5.450264012630710864e-02,-1.086544123096501446e-02,1.778702908911810709e+00,-6.359915606489490170e-01,1.484020236043197549e-01,-1.238570863364494512e+00,-6.781591995404315232e-02,7.411320843025583083e-02,1.789309966472778513e+00,-7.407327585869233344e-01,-2.255075268886473985e-02,-1.293023395074116844e-01,2.322244509369702017e-03,4.932692645584291768e-01,-8.764531592495991008e-01,6.192769443145792474e-01,-5.002212551904421378e-01,5.140949986062388621e-01,7.675141891272428685e-02,-1.153483081297419360e-01,1.779741008369960242e-01,-8.466889045745691345e-01,-6.295910876976716919e-01,3.538679844316872658e-01,-4.233720461690313602e-02,-1.296659887902242569e-01,-8.437862212815633312e-02,-1.546273374009868584e-01
3.885447047959725980e-02,-1.073720130750408785e-01,5.698068178240537351e-01,-5.711490058551652038e-02,1.045707229251877646e-01,7.052522152037624670e-01,6.988720662526132221e-01,-1.167639827867755331e+00,5.878541922026776778e-02,-2.688735404751795705e-04,1.704907130584309538e+00,-6.226393113282502334e-01,1.529680512639671197e-01,-1.179296381278792882e+00,-6.949538979718712650e-02,7.112696494365933209e-02,1.711298048998958654e+00,-7.238232659291450322e-01,-1.902308062940888389e-02,-1.297498046233163949e-01,4.217988933121405437e-03,4.881096649481841410e-01,-8.677501005342626028e-01,6.131589624967953567e-01,-5.086671831838285307e-01,5.499033124252541427e-01,1.001689957110033918e-01,-1.133237075175879405e-01,1.748311900567342814e-01,-8.424570719109392147e-01,-6.259517782786957474e-01,3.643864169005534559e-01,-1.051954106192397147e-02,-1.352317269252696352e-01,-8.973825029068006887e-02,-1.586621239591350652e-01
3.791105151320977446e-02,-1.038281658379155842e-01,5.869416600876059542e-01,-5.283008247022327741e-02,1.004382923810012151e-01,7.036910501726015843e-01,7.013843723071963021e-01,-1.106889951911208314e+00,6.072919247860151387e-02,8.956081817758794125e-03,1.636000520916101930e+00,-6.127339240076952187e-01,1.543121162767397136e-01,-1.118892370560598870e+00,-7.375488887376190072e-02,6.745431989731680289e-02,1.638047101204571199e+00,-7.081482548625102069e-01,-1.512239107939025717e-02,-1.289405063901852277e-01,4.854314442761065856e-03,4.834727801924532109e-01,-8.568484087081000844e-01,6.047485331176041257e-01,-5.100834295482988834e-01,5.874382640944060263e-01,1.078784031579777536e-01,-1.140249184618047223e-01,1.685506802922902558e-01,-8.364774986903426024e-01,-6.213050436541819321e-01,3.750306068176562091e-01,2.246837688291789675e-02,-1.366776676816473246e-01,-9.240067476816074543e-02,-1.586385226696624684e-01
3.652137730868858928e-02,-9.983827181688723074e-02,6.072367983040495298e-01,-5.094694544025681060e-02,9.665839888962358961e-02,7.027389308367874010e-01,7.030075090358363088e-01,-1.041611741380442435e+00,6.076124887602780966e-02,1.581092033342516162e-02,1.550124120591224397e+00,-5.999748995089309034e-01,1.519883133678553710e-01,-1.052996413633392692e+00,-7.432114996497825310e-02,6.405844976271753144e-02,1.547141250949925606e+00,-6.836771740769512773e-01,-7.896992995449504324e-03,-1.282322798086449056e-01,6.517495748347831505e-03,4.788037814058591080e-01,-8.454255402083310500e-01,5.952675657208864601e-01,-5.187162179919556637e-01,6.231559041884825456e-01,1.344236643632306938e-01,-1.152911450237071728e-01,1.732862189339725578e-01,-8.268077676990928104e-01,-6.160127949440045159e-01,3.879513426627981265e-01,5.824807600611944108e-02,-1.498798299776689380e-01,-9.919727766884724185e-02,-1.746803013549141914e-01
3.469374012943305524e-02,-9.564348409814976693e-02,6.251596522504418996e-01,-4.751638125751492248e-02,9.124457250503913153e-02,7.011564834398060775e-01,7.055467434769211454e-01,-9.752143599883394964e-01,6.247987756638586493e-02,2.311236765933797482e-02,1.471849898914838528e+00,-5.892820956693296530e-01,1.505019871848309043e-01,-9.885401292132591777e-01,-7.545049212400856131e-02,6.023965530044624733e-02,1.465071629458434943e+00,-6.559303010246164689e-01,-1.503696349775538940e-03,-1.269919128885182991e-01,4.266036639563427352e-03,4.663900406721666614e-01,-8.256272718590987880e-01,5.814329151213655233e-01,-5.188186520905757604e-01,6.639499689949965866e-01,1.491098527469907620e-01,-1.184478256859439887e-01,1.814548654233821279e-01,-8.144035476000457408e-01,-5.992388572839323357e-01,4.057049228550015374e-01,1.123185217542823078e-01,-1.612783185057008739e-01,-1.034611185069332778e-01,-1.921576024657204729e-01
3.249383189514202380e-02,-9.113435468173861076e-02,6.431503894472632155e-01,-4.686357217024912647e-02,8.647830260769515109e-02,6.996829291159313291e-01,7.076504133294111432e-01,-9.123264488718099141e-01,6.438234750846474896e-02,2.776590289138682749e-02,1.388136449799340921e+00,-5.792617660689450831e-01,1.545089357291571652e-01,-9.257718322917297682e-01,-7.413363567536350451e-02,5.516063235099007145e-02,1.374839963576625079e+00,-6.252238299672717714e-01,9.028220576900300096e-03,-1.280756292461819879e-01,3.435653569801435953e-03,4.491912331378633549e-01,-8.027904276525497096e-01,5.688794082492995008e-01,-5.360987880810386130e-01,7.006701394760624924e-01,1.770772950237798904e-01,-1.192519271235569084e-01,1.815493666273282347e-01,-8.016836611609473584e-01,-5.850225708479058762e-01,4.298551536736910927e-01,1.641207785174167155e-01,-1.730984221379505694e-01,-1.051772855656006173e-01,-1.991844527594923420e-01
3.001800607435665957e-02,-8.626385484997045605e-02,6.641254017653315245e-01,-4.884137621348710878e-02,8.514295644620401005e-02,6.977050808877899302e-01,7.096286472800650280e-01,-8.473835481223657151e-01,6.731362310142570415e-02,3.774134714587365491e-02,1.282222666367458963e+00,-5.610365733308017022e-01,1.501144995442080798e-01,-8.590941969647331033e-01,-7.456318597162461814e-02,4.984406677485378467e-02,1.256289629482720605e+00,-5.924450227398780910e-01,2.004370616350355239e-02,-1.282739956571561091e-01,6.043839578891870706e-03,4.278083146672805870e-01,-7.718439900764901829e-01,5.521957462003616035e-01,-5.390814233312680726e-01,7.526109147097682639e-01,1.836321170428144578e-01,-1.181855640041366007e-01,1.698106867233583617e-01,-7.845364785972502863e-01,-5.712350205455303254e-01,4.561631004288203561e-01,2.197970830137683795e-01,-1.784936379014601393e-01,-1.029136828731881809e-01,-1.916973827099079097e-01
2.744980547432020190e-02,-8.140836550773307423e-02,6.842796511122947178e-01,-4.876659572934508718e-02,8.136064878489500385e-02,6.960780939286692615e-01,7.116723622025111773e-01,-7.751123550335062840e-01,6.841575176413081105e-02,4.539528098139633538e-02,1.174134816055389274e+00,-5.381595300392968406e-01,1.423725935739790782e-01,-7.853402019328087347e-01,-7.583386756869719969e-02,4.239321440176295475e-02,1.135820142502675267e+00,-5.519141971449882389e-01,3.223371207242253789e-02,-1.282956222596120799e-01,5.481689068054207761e-03,4.053950990458659032e-01,-7.421570133609061148e-01,5.376597131490687964e-01,-5.478018458705686822e-01,8.004577999659857612e-01,1.922272296737545794e-01,-1.233281527196194577e-01,1.667087700818681850e-01,-7.673553348321887624e-01,-5.557002203952001729e-01,4.846004985376460850e-01,2.797694961851251994e-01,-1.844467063895209036e-01,-1.064595033782237410e-01,-1.967709768056174480e-01
2.495544791711229102e-02,-7.664087085986324988e-02,7.048931437393726185e-01,-4.734022500399035632e-02,7.716161766671915390e-02,6.937308777598336640e-01,7.145225378518144099e-01,-6.918788057991899221e-01,6.881981009486504153e-02,5.537296792892233005e-02,1.050053662166122503e+00,-5.124793800421479917e-01,1.320634420611103976e-01,-7.018881000830834438e-01,-7.752784396157645641e-02,3.459629895424370938e-02,9.985833098167531396e-01,-5.070293160549360634e-01,4.561847439590088760e-02,-1.300262372539939260e-01,5.728730346353563471e-03,3.854059840710906681e-01,-7.071643947194412583e-01,5.126278077860333404e-01,-5.516468650252518424e-01,8.582762846123640488e-01,1.978895983849123241e-01,-1.270021366196432133e-01,1.597249184293147994e-01,-7.484587466866160499e-01,-5.320222684498355781e-01,5.087435511749508477e-01,3.526495661633728407e-01,-1.844386691238487641e-01,-1.096171281042456758e-01,-2.020324554422670560e-01
2.271499653266188107e-02,-7.210957750562528579e-02,7.237384869640468565e-01,-4.385891136166977095e-02,7.076512812880399184e-02,6.913011009361592629e-01,7.177544708182160837e-01,-6.040939609052656811e-01,6.811774214611435174e-02,6.282145634020022684e-02,9.249181939017274701e-01,-4.781976836885382109e-01,1.250564358525236286e-01,-6.162925007692244828e-01,-7.564865253296179648e-02,3.143507393695941371e-02,8.662584662281760384e-01,-4.480265447301527426e-01,6.120924149592347346e-02,-1.344402517710308886e-01,3.221809357454624885e-03,3.608762912918208055e-01,-6.739075524745369306e-01,4.934667566326143007e-01,-5.580970992196148117e-01,9.076269722244817428e-01,2.184435946680261253e-01,-1.293485292442790868e-01,1.611110783849906414e-01,-7.322085358302459213e-01,-5.023245684052156657e-01,5.370986369776078462e-01,4.280639618938273383e-01,-1.988835206064927807e-01,-1.085802639606830849e-01,-2.108519697682098570e-01
2.083411817117119744e-02,-6.793583558823718116e-02,7.389266343140632465e-01,-4.053898428213302541e-02,6.560717096305122842e-02,6.899004216209094764e-01,7.197844803264998870e-01,-5.203524780051980159e-01,6.418256454934177790e-02,6.844066141060255182e-02,8.038318175459518988e-01,-4.545103731250055290e-01,1.100693393567595685e-01,-5.364917601687539950e-01,-7.768857976417761768e-02,2.493794560425198481e-02,7.417710586315060528e-01,-3.999154764319676203e-01,7.364801398204789962e-02,-1.381574980405136377e-01,3.619744488373625654e-03,3.376106143629343803e-01,-6.386321938637545825e-01,4.664348778405416618e-01,-5.506755445417558237e-01,9.486529991724157451e-01,2.121925459405405723e-01,-1.359960335025002243e-01,1.628177979620971938e-01,-7.050367388258218515e-01,-4.727979895892888140e-01,5.510398537031157007e-01,5.023801059006026692e-01,-1.920170873136156642e-01,-1.124241819457221236e-01,-2.096906711016673919e-01
1.936497708007784563e-02,-6.422638946064571086e-02,7.510957045128253684e-01,-3.623601827414513893e-02,6.021985639460938899e-02,6.876497647997602547e-01,7.226329087761523828e-01,-4.440142515105540699e-01,5.923251139958215367e-02,6.973991506501489579e-02,6.956682939114445796e-01,-4.226580140722892565e-01,1.009068627478839769e-01,-4.647996448774224243e-01,-7.685405850178327058e-02,2.531078552609140886e-02,6.332076374734028068e-01,-3.510990741576385243e-01,8.147120648402630949e-02,-1.384809979689609338e-01,-1.189541563057664635e-03,3.099913923853378495e-01,-6.048978609240855953e-01,4.493134433793107840e-01,-5.442448800432777567e-01,9.836535758688680353e-01,2.191511719149244197e-01,-1.397797737868442802e-01,1.598733200521678111e-01,-6.790232148180210814e-01,-4.457423661161099560e-01,5.724213116981941019e-01,5.677544926411208781e-01,-1.989848277809832811e-01,-1.123866215537302343e-01,-2.014322338245664590e-01
1.824289071973327417e-02,-6.101053115697180340e-02,7.601594559096872539e-01,-3.163597904475600603e-02,5.538256386142022952e-02,6.849309568798800374e-01,7.258109400922722054e-01,-3.738170626757570947e-01,5.498680683942208658e-02,7.224003892972408192e-02,5.986573943762443228e-01,-3.967530302142582288e-01,8.813042152359489012e-02,-4.011657190903920034e-01,-7.823416967151108903e-02,2.271542598907585336e-02,5.391966291180265713e-01,-3.130557290858261843e-01,9.003080667651755520e-02,-1.381207416613679517e-01,-1.452373324097130936e-03,2.830853036986196170e-01,-5.678045833180656032e-01,4.323096277962207856e-01,-5.323506921275505954e-01,1.008192594504085715e+00,2.051621135998288048e-01,-1.463603857402107911e-01,1.574925485761246025e-01,-6.482785087044377059e-01,-4.261771477432141353e-01,5.887287803828994415e-01,6.204217227514833288e-01,-1.951359884484964446e-01,-1.146359549159596952e-01,-1.869730149078618620e-01
1.744961296231141434e-02,-5.822156602784573504e-02,7.666919383404146027e-01,-2.722556680726947315e-02,4.993569583751460844e-02,6.835694302127701683e-01,7.276661520723877175e-01,-3.153819230521968109e-01,5.192925242487196613e-02,7.146421107614846224e-02,5.222318690073208813e-01,-3.722109770024379927e-01,7.765574523219748171e-02,-3.467041514700294758e-01,-7.834834493908812703e-02,2.118791573306433654e-02,4.651126974322464247e-01,-2.790872640581594233e-01,9.825685514616973315e-02,-1.374849853174077152e-01,-2.205229070231081757e-03,2.567493508622366583e-01,-5.345762249504972807e-01,4.218609596611100354e-01,-5.260607848776011064e-01,1.021708798648239824e+00,2.006926046873567238e-01,-1.538006038855305457e-01,1.525015381182980856e-01,-6.153582742663376015e-01,-4.150577179644845405e-01,6.030822804945674687e-01,6.682198919199582310e-01,-1.998287897827873694e-01,-1.174859045719167244e-01,-1.679773326994611349e-01
1.686402520285588610e-02,-5.589140668188889716e-02,7.715319194985201801e-01,-2.264617797637650740e-02,4.442971056219723047e-02,6.809769278298130057e-01,7.306049378466390465e-01,-2.613205280744627101e-01,5.152677764526451820e-02,7.635237337943841240e-02,4.556473036481282213e-01,-3.540484662135425786e-01,7.253909837326229237e-02,-2.987197039687886635e-01,-7.728734659487027092e-02,2.118870701409142354e-02,4.029041779495314834e-01,-2.531088808045774408e-01,1.023602177754328740e-01,-1.368113164573608043e-01,-4.069477630519162219e-03,2.266490868929415259e-01,-4.960392773038150849e-01,4.103887277798247135e-01,-5.206469896428453925e-01,1.036186114114967971e+00,1.988733594210617128e-01,-1.586804065698603494e-01,1.516274713572187405e-01,-5.750953836206791348e-01,-4.037251209074382841e-01,6.171927399522103563e-01,7.121427136593695417e-01,-2.018108109982605924e-01,-1.177423870259075023e-01,-1.491920708188114453e-01
1.644118060802685771e-02,-5.388599955202037772e-02,7.746120302844347050e-01,-1.814823028568679844e-02,3.789763161730464597e-02,6.797122292995252391e-01,7.322743315151546417e-01,-2.130726496142369975e-01,5.189429893398279231e-02,7.733084127965117460e-02,4.015633722832606667e-01,-3.453100669362171860e-01,6.790851578429239754e-02,-2.576088104942054202e-01,-7.532037764912775935e-02,2.003923033207879317e-02,3.592182897257491514e-01,-2.348553305131839131e-01,1.061722329338297272e-01,-1.346776782671427752e-01,-5.222957729658917782e-03,1.965281574477840132e-01,-4.582171613143954936e-01,4.072038564916893866e-01,-5.165687127621778618e-01,1.038952919826048094e+00,2.063516232947075202e-01,-1.631778340220984835e-01,1.477567211481204124e-01,-5.336750303116714056e-01,-3.951894510105211644e-01,6.304443474436476347e-01,7.476548123353206066e-01,-2.135701996572039740e-01,-1.189284761441736227e-01,-1.325326687295325656e-01
1.612444400479183873e-02,-5.204938179213339927e-02,7.769760789629350795e-01,-1.376917256381224135e-02,3.251169660901737091e-02,6.776378081590848090e-01,7.345477523101291428e-01,-1.733585586699597503e-01,5.254248199019006388e-02,8.257485125985919439e-02,3.606789647667386634e-01,-3.345836903331993462e-01,6.333910364937350712e-02,-2.229592392900482112e-01,-7.353295276726387608e-02,2.277183393435565362e-02,3.228515357094524085e-01,-2.201078808822386768e-01,1.084102671397077500e-01,-1.345989695200185965e-01,-8.119545901109078562e-03,1.693723509406379613e-01,-4.197055281190665843e-01,4.064235393223780135e-01,-5.148925539515321059e-01,1.033023952708549631e+00,2.095096828025252711e-01,-1.700727719044577979e-01,1.420088634096541014e-01,-4.963477792128833666e-01,-3.897779280721646589e-01,6.457428987644623364e-01,7.700506782874133593e-01,-2.276283956506340855e-01,-1.236603814612132063e-01,-1.121087767000020496e-01
1.588925626840786975e-02,-5.035074983530247322e-02,7.787325286375109679e-01,-9.324112766043691006e-03,2.619852470125961022e-02,6.765763788168032145e-01,7.358472000706025584e-01,-1.355442585891327989e-01,5.376352165233187763e-02,8.525632266215560362e-02,3.248483363976374938e-01,-3.267907474496188902e-01,6.310451573994942109e-02,-1.909353742814756671e-01,-7.055541876857641947e-02,2.662654044692190636e-02,2.960271800755160387e-01,-2.080147876471467039e-01,1.081710456430827333e-01,-1.342427662667198818e-01,-1.069177104672038026e-02,1.422911449714593934e-01,-3.835656664934901650e-01,4.059770227839844536e-01,-5.163731845081380722e-01,1.024639299687876370e+00,2.156002472917872836e-01,-1.717832434300139988e-01,1.376172088565814078e-01,-4.586452184827792822e-01,-3.854314864245383387e-01,6.570818082062762633e-01,7.936214703601233156e-01,-2.421782328773711412e-01,-1.264895678582249605e-01,-9.652074926533869836e-02
1.563605462273798263e-02,-4.868765685182912389e-02,7.803176393703333824e-01,-6.198623328167721623e-03,2.162858721924593858e-02,6.729455516261604320e-01,7.393497587950493832e-01,-1.012633644837609703e-01,5.565696119278488313e-02,9.150185227078405648e-02,2.891347221365221931e-01,-3.187725996348329538e-01,5.963857186084781103e-02,-1.613046637041406217e-01,-6.694921465213996004e-02,3.178071415018772494e-02,2.605228312615655017e-01,-1.932385199103298368e-01,1.111785640998576713e-01,-1.371752236136268843e-01,-1.346032061753419697e-02,1.186850465926006237e-01,-3.481488649013225189e-01,4.039066838608441068e-01,-5.144513193691946373e-01,1.030498865925061347e+00,2.142913235235094083e-01,-1.765906854427354289e-01,1.289390047764344127e-01,-4.226018648747014717e-01,-3.822105361816007241e-01,6.665377340234963643e-01,8.201331320797352609e-01,-2.559158826337111226e-01,-1.315720352888255229e-01,-8.416648688997030447e-02
1.546507761048767499e-02,-4.701403307047932051e-02,7.814222829971765316e-01,-3.510943099156259902e-03,1.759927074973273789e-02,6.698542396168599700e-01,7.422757146875751388e-01,-7.297358981854050464e-02,5.745245588593928671e-02,9.789619689038303596e-02,2.621075180170804320e-01,-3.126510450526003848e-01,5.792791281363630224e-02,-1.369811194034030455e-01,-6.392965878964390614e-02,3.580945995389871184e-02,2.340068163182765504e-01,-1.823336721762580381e-01,1.132569590372966978e-01,-1.376041845253122842e-01,-1.546202983833584212e-02,9.746496863022754975e-02,-3.172759992900424098e-01,4.017567468718578616e-01,-5.080275894214462129e-01,1.034769181571888907e+00,2.148036751768462316e-01,-1.816266657087334813e-01,1.183773372060660939e-01,-3.900569374663681588e-01,-3.777135541033324606e-01,6.697095968190545090e-01,8.457129815922688199e-01,-2.676112217923128367e-01,-1.358354577596974644e-01,-6.866816521338998947e-02
1.537995770588729619e-02,-4.534392797399118546e-02,7.820792308882230648e-01,-1.007861065709854745e-03,1.427289919366683466e-02,6.674925983309270006e-01,7.444789451274678171e-01,-5.164668681547262413e-02,5.806843551763842676e-02,1.010200392199784580e-01,2.452654171247465043e-01,-3.091561374709640986e-01,5.955324358711520938e-02,-1.179677745047826298e-01,-6.170552412886737975e-02,4.146274411300247126e-02,2.160028181923382418e-01,-1.760585353304268963e-01,1.109520275817821727e-01,-1.390836315967699799e-01,-1.858670744496803556e-02,8.146256768259593772e-02,-2.964254172254080499e-01,4.039905531701779573e-01,-5.084117610840310775e-01,1.034928432215268312e+00,2.197878829123739164e-01,-1.836478191981121000e-01,1.158671806453189651e-01,-3.635524107408283911e-01,-3.755579818713251083e-01,6.761427036792101442e-01,8.666131849562984657e-01,-2.794033568885633811e-01,-1.391067999990206194e-01,-6.142781953166821102e-02
1.533586588780090978e-02,-4.370644921871235516e-02,7.826500437499047669e-01,-4.966138196084864641e-04,1.220511967031537130e-02,6.646594047428026064e-01,7.470466278054476161e-01,-3.370989679065340000e-02,6.038619321043375843e-02,1.064230863234418567e-01,2.259490978121001803e-01,-3.085395890540074681e-01,6.009801587585562876e-02,-1.035903821962985416e-01,-5.788587783600018799e-02,4.681346342006738326e-02,1.966951481845188587e-01,-1.679955353633451332e-01,1.118984078175820351e-01,-1.390076340021789980e-01,-1.909652516462097271e-02,6.786163374279823024e-02,-2.748916772227271710e-01,4.021665375259438346e-01,-5.067929382460505394e-01,1.044676170661183567e+00,2.251413815913476391e-01,-1.865293988171450867e-01,1.051432036693370348e-01,-3.363717239579844809e-01,-3.692886984475471923e-01,6.718376920878526004e-01,9.042926654502781991e-01,-2.888827899194133519e-01,-1.391512278603983244e-01,-5.110286534332342256e-02
1.537335297454859619e-02,-4.212728675669184103e-02,7.830461721045069989e-01,2.284148312564310106e-04,9.733014023890824984e-03,6.611620157708241186e-01,7.501799818487137061e-01,-1.672633788992641812e-02,6.353017409619246547e-02,1.119774352157742736e-01,2.109022806346338708e-01,-3.078907744780414735e-01,5.746197529115814467e-02,-9.075123232934872997e-02,-5.374795391528969235e-02,5.102332079401816073e-02,1.816932060574000807e-01,-1.602731983786534475e-01,1.145031386178683303e-01,-1.388831555783712202e-01,-2.116962472527503247e-02,5.587813326858367263e-02,-2.589649472346251535e-01,4.019995126598511215e-01,-5.036955712810087249e-01,1.052029823098424410e+00,2.296427728908575217e-01,-1.898084169882875982e-01,1.041302687890230116e-01,-3.127220606947342385e-01,-3.656541690649353082e-01,6.741779115031066860e-01,9.355737794858034473e-01,-3.010172331244199140e-01,-1.414047574810158858e-01,-4.524008865508779426e-02
1.553776748811292081e-02,-4.062969502276142508e-02,7.833635941020526960e-01,7.729450100063630681e-04,8.364552559916993771e-03,6.578801438649125588e-01,7.530757950729567440e-01,-4.223269423277182383e-04,6.507570529311176855e-02,1.181685989505646822e-01,1.923301738902111757e-01,-3.050885164881033673e-01,5.456521846445393231e-02,-7.830600407321333667e-02,-5.099167074824374757e-02,5.634577444400986485e-02,1.631269936000631360e-01,-1.533555887469233436e-01,1.155428043664898097e-01,-1.368423890510441221e-01,-2.229359780412305120e-02,4.473470171911941851e-02,-2.431347853457145602e-01,4.008896076053190538e-01,-4.977330721969899230e-01,1.055415810731822335e+00,2.313015971361952472e-01,-1.955887360059749280e-01,1.001293939214158157e-01,-2.881052916200484981e-01,-3.625086500308251081e-01,6.681698665904366452e-01,9.721971279176705449e-01,-3.161751944575736384e-01,-1.427147660104972349e-01,-3.937543998842182869e-02
1.582024424386146294e-02,-3.931377692972928828e-02,7.837346221235859112e-01,1.496889700133786395e-03,6.289626865226865399e-03,6.542430850225711136e-01,7.562566929391572046e-01,1.435869493995169631e-02,6.777873623857583185e-02,1.238298838787318529e-01,1.798119968996659823e-01,-3.026483530871539318e-01,5.302867025055765099e-02,-6.757522665150825225e-02,-4.684668278024343990e-02,6.316959612130593205e-02,1.502789844439802180e-01,-1.460344157310867752e-01,1.172017309909438032e-01,-1.360000191478925036e-01,-2.497915770724969467e-02,3.576439495580888833e-02,-2.300826575573734212e-01,4.016518676985952885e-01,-4.961983991738925237e-01,1.061193814108660760e+00,2.367296012572013553e-01,-1.977637636749482175e-01,1.006481368740698018e-01,-2.664553336048165466e-01,-3.582483409201551727e-01,6.634205900110496934e-01,1.009025513978826449e+00,-3.275184509916940212e-01,-1.401633170981169962e-01,-3.651236065760539440e-02
1.623148607206750110e-02,-3.819024605303961151e-02,7.838322715983904176e-01,2.563555480972598902e-03,4.564233214041238731e-03,6.502230576977228171e-01,7.597253261519506529e-01,2.730696162465045748e-02,7.014100016370497515e-02,1.323025866439349607e-01,1.712263932089991558e-01,-3.022544442957458832e-01,5.032270894499623476e-02,-5.928124678605526526e-02,-4.347461733093144903e-02,7.045899233298362485e-02,1.417593170667162950e-01,-1.434366798230315987e-01,1.169782016679290215e-01,-1.376207338560524740e-01,-2.617055015896709719e-02,2.810700442176094355e-02,-2.168138749708710400e-01,4.001668029326964637e-01,-4.923050086309471718e-01,1.066292500710120938e+00,2.360914637243106129e-01,-2.004076550851070782e-01,1.021919236365877171e-01,-2.449929383606856137e-01,-3.552561151581726251e-01,6.556835096153886822e-01,1.040657477164823819e+00,-3.358124186743768891e-01,-1.405769140651317028e-01,-3.733399915964941140e-02
1.679877650021629684e-02,-3.723855503135387740e-02,7.840882661866812597e-01,2.844018701919587798e-03,3.226141953474347297e-03,6.469437543203085950e-01,7.625255945289072246e-01,3.822430315201443690e-02,7.300652451043762592e-02,1.387586970145510135e-01,1.613656385822305195e-01,-3.001677342513843216e-01,4.774974676363992476e-02,-5.293965753518437706e-02,-3.937924019579505663e-02,7.700306710381668585e-02,1.338791741559175463e-01,-1.386311987331221296e-01,1.156299823680025790e-01,-1.388461151619570788e-01,-2.678231865417322541e-02,2.148320431228575508e-02,-2.044272163614536675e-01,4.001966639946545889e-01,-4.893733808817755659e-01,1.069570159219262795e+00,2.421088615422316015e-01,-2.035682182282103347e-01,1.023006112241375415e-01,-2.246543721797275295e-01,-3.527173600966703182e-01,6.488991791608307302e-01,1.072146231636581071e+00,-3.471495106562336175e-01,-1.406661497519553772e-01,-3.706560030318944987e-02
1.749950597462051824e-02,-3.647602928571124642e-02,7.842729872025953064e-01,3.016575011767397459e-03,2.024961514228488385e-03,6.437968674118189627e-01,7.651878157137589342e-01,4.812890533478742655e-02,7.569578840274462928e-02,1.429581031424125570e-01,1.517909049761128060e-01,-2.979860034762001342e-01,4.659296444634054152e-02,-4.851420362397672326e-02,-3.524013549044352489e-02,8.242214323197744053e-02,1.289216550201525702e-01,-1.351060963183007280e-01,1.146162336406768428e-01,-1.411764982254382073e-01,-2.759310982293327469e-02,1.563966899600468391e-02,-1.922954190051340273e-01,3.994481247159609727e-01,-4.840025203744123261e-01,1.071324621433248581e+00,2.459797256857868264e-01,-2.058212649245977632e-01,1.025232641582088239e-01,-2.054500527204135563e-01,-3.498367432622661033e-01,6.404132800817652349e-01,1.096220821669482870e+00,-3.563881681154561498e-01,-1.421057025124468631e-01,-4.012584949230205145e-02
1.833142059693941214e-02,-3.587823296728578915e-02,7.845538836719792020e-01,3.282128532029192879e-03,8.799315972278058673e-04,6.403918777654794559e-01,7.680408167829931854e-01,5.614675947578812859e-02,7.870364761851586510e-02,1.483581677616395145e-01,1.463550389541453667e-01,-2.954682309862407541e-01,4.652033205248858050e-02,-4.420647655977577584e-02,-3.103959350455142568e-02,8.807334120710998138e-02,1.237153084015413934e-01,-1.309610025480728579e-01,1.136253538485171716e-01,-1.449406735396659429e-01,-2.905905145085362073e-02,9.858140461552550998e-03,-1.803147801186513743e-01,3.992102714857208023e-01,-4.781172387621960285e-01,1.074043045645442840e+00,2.496797818701524119e-01,-2.073040129279299371e-01,1.031492545993191456e-01,-1.882434329742746215e-01,-3.477157802618627835e-01,6.315162319451902428e-01,1.117492272294653421e+00,-3.634287874613871816e-01,-1.426822518859405808e-01,-4.362544975535261743e-02
1.925714193169550739e-02,-3.543816907561078700e-02,7.846957994486859489e-01,3.269330175793321719e-03,6.661377623514330888e-05,6.371722398638042240e-01,7.707145021275710883e-01,6.286780427621101175e-02,8.200978267119762855e-02,1.547091927127005051e-01,1.411744711747406622e-01,-2.940512981186301777e-01,4.433759662902824611e-02,-4.186016229033716340e-02,-2.699114837112155663e-02,9.163686714577827519e-02,1.205545947708813181e-01,-1.281571396231783178e-01,1.131825149380934481e-01,-1.496851736422279977e-01,-2.981125008246416838e-02,5.389570291982160449e-03,-1.686328692247986705e-01,3.998350670543531216e-01,-4.711125078790226461e-01,1.075081673842981811e+00,2.510311500511057115e-01,-2.092194407742851148e-01,1.035761704393089039e-01,-1.724269514049992513e-01,-3.462766559494129814e-01,6.218889136907224113e-01,1.133307317403430936e+00,-3.670690107886212528e-01,-1.441768189142450529e-01,-4.635293875343959868e-02
2.027076061560841025e-02,-3.515094947697286476e-02,7.848114978519895590e-01,3.185601925314119308e-03,-7.461230807043397074e-04,6.343238414473727493e-01,7.730605147154850920e-01,6.868220193392553241e-02,8.560966175155969304e-02,1.612821614384017666e-01,1.370613977500650671e-01,-2.935357623382445769e-01,4.274172650342249191e-02,-4.003451899093607436e-02,-2.275785981117636053e-02,9.513155947453413863e-02,1.182743623461144922e-01,-1.258684865005849640e-01,1.131811646533069926e-01,-1.543668349905303883e-01,-3.100426484519858486e-02,1.879531095593665185e-03,-1.583645269328874394e-01,4.018155746459575739e-01,-4.653979390224320944e-01,1.073947714975326262e+00,2.535798412079959818e-01,-2.110858435237271680e-01,1.057664785240717137e-01,-1.595586059289613168e-01,-3.439441793808572512e-01,6.109299870785532827e-01,1.147369349695452456e+00,-3.686472793281733162e-01,-1.445352421725356329e-01,-5.158897030497153896e-02
2.131610742373844791e-02,-3.499200023242114710e-02,7.847365043765530679e-01,3.544548365534804478e-03,-1.434952142720773757e-03,6.309055784751954610e-01,7.758501969698222700e-01,7.452763038126644646e-02,8.830333258787549655e-02,1.674611119262265080e-01,1.340097233934039178e-01,-2.937545117574634213e-01,4.186128928709627328e-02,-3.838942843829480644e-02,-1.938216238737457825e-02,9.820563766306411591e-02,1.164231545386332084e-01,-1.257656155586996671e-01,1.134149936468026865e-01,-1.591737608282369487e-01,-3.259580653053126970e-02,-1.195820887980154901e-03,-1.475650130672017668e-01,4.040006206171363745e-01,-4.570324164586543336e-01,1.072238833744875830e+00,2.495405248224147610e-01,-2.130222181194991460e-01,1.072318485539056482e-01,-1.493613078857473353e-01,-3.421214355370341687e-01,6.018433030200061040e-01,1.155293014840603316e+00,-3.670358194552307829e-01,-1.454498296563576376e-01,-5.672278105568644146e-02
2.237222809232659870e-02,-3.494113365972507934e-02,7.846963490337209857e-01,3.848690240608181913e-03,-2.098249327327394304e-03,6.277479133282989343e-01,7.784043565173303092e-01,7.917773541383520131e-02,9.105749837280241454e-02,1.728965819837293694e-01,1.326065976954134418e-01,-2.940377336361644778e-01,4.178226026616207317e-02,-3.673742644090911835e-02,-1.585042561352041288e-02,1.022328044998512819e-01,1.143231651937528376e-01,-1.252269470454991929e-01,1.125974412775824912e-01,-1.651188062549190649e-01,-3.416260120398912498e-02,-3.058985726942894945e-03,-1.381499543031061428e-01,4.071596155030375308e-01,-4.515901381864546038e-01,1.069502694930889231e+00,2.453748642703244554e-01,-2.147424942336227383e-01,1.088555858185807773e-01,-1.427968308827421706e-01,-3.403159409912214217e-01,5.932940927967298439e-01,1.159696411959812767e+00,-3.629985650715022993e-01,-1.463192575762738701e-01,-6.191832161290547476e-02
2.338774480405013054e-02,-3.503016353433106161e-02,7.846308727018136420e-01,3.962725608668194247e-03,-2.456965448739759517e-03,6.245897704480218859e-01,7.809391005566449495e-01,8.344987817385640660e-02,9.367283534183429294e-02,1.791523637786587575e-01,1.300017472398757867e-01,-2.943200906490746616e-01,4.012145950713129350e-02,-3.540032486578714721e-02,-1.265329220192857630e-02,1.055385266664697480e-01,1.108002756151606205e-01,-1.241795975013931241e-01,1.123694687039766549e-01,-1.695937746900456622e-01,-3.481656911200171900e-02,-4.165311148880204706e-03,-1.298140975380240314e-01,4.098154955020354984e-01,-4.450348402086589106e-01,1.065183729558519810e+00,2.416088432854513190e-01,-2.171103979330627487e-01,1.107914018676720985e-01,-1.379547458429481732e-01,-3.376740928185072432e-01,5.841825926211535736e-01,1.162350326303849490e+00,-3.587392458620282665e-01,-1.472957033019328676e-01,-6.727943420534159003e-02
2.434405413139998156e-02,-3.525896503568396595e-02,7.845647345245964077e-01,4.434833982281585936e-03,-3.435208762143290677e-03,6.220276188065964051e-01,7.829752058846473073e-01,8.762800230594065820e-02,9.649509035258843626e-02,1.839755858324699789e-01,1.296904031948632463e-01,-2.950660295577742787e-01,3.987502198152213101e-02,-3.332389692928461322e-02,-9.272797793854942877e-03,1.094013667453885980e-01,1.091097480235670159e-01,-1.232937491614212178e-01,1.124524295239504451e-01,-1.743744741514456353e-01,-3.663911854541101326e-02,-4.492224000175903953e-03,-1.236946984420032453e-01,4.122879970965843133e-01,-4.380230053725635564e-01,1.061903986198351468e+00,2.370570442145999157e-01,-2.180921974935844665e-01,1.163678267805771105e-01,-1.347692226598708187e-01,-3.345517492901369239e-01,5.761406446753916111e-01,1.164121034597555226e+00,-3.557551476862989004e-01,-1.482359080474537072e-01,-7.485226611015734222e-02
2.517981855099772279e-02,-3.561742241351443378e-02,7.845834184059621297e-01,4.566603076713675151e-03,-3.981547543188660929e-03,6.188250346587755857e-01,7.855054868650288569e-01,9.118353041041160623e-02,9.927612980487045269e-02,1.905522702653433820e-01,1.285841977539817493e-01,-2.945633172721612847e-01,3.829105662054119175e-02,-3.209726709899253516e-02,-5.933256115897650451e-03,1.131748034141876608e-01,1.056973080875984183e-01,-1.209326481350289501e-01,1.143717197035193783e-01,-1.793085795221195933e-01,-3.871199267758532875e-02,-5.440239775679756029e-03,-1.174509758691069106e-01,4.155354728669976017e-01,-4.325224119438339510e-01,1.055198557709831508e+00,2.299610703446483828e-01,-2.203382093126728392e-01,1.217152564196603837e-01,-1.330991658563007440e-01,-3.318690963915275072e-01,5.707974682463404781e-01,1.163948321380381623e+00,-3.503111099204182510e-01,-1.497864244490890173e-01,-8.016924046044623942e-02
2.589645138171710326e-02,-3.610678823669513648e-02,7.846725412957941126e-01,4.831442589221456377e-03,-4.887599767957191178e-03,6.159787101703726453e-01,7.877328209157336003e-01,9.547787180468988999e-02,1.019882728476860650e-01,1.962800044367761232e-01,1.266376588309061357e-01,-2.930580008968737826e-01,3.722450777654143922e-02,-2.933668855152816307e-02,-2.647157860822165962e-03,1.172716713293839308e-01,1.004432611430716993e-01,-1.163446549447226669e-01,1.167170863157272337e-01,-1.839726899126553350e-01,-4.100291527387181501e-02,-6.263880038618687557e-03,-1.125958498411679665e-01,4.192978451106927906e-01,-4.274135983031119301e-01,1.046367282937671561e+00,2.255756328328906435e-01,-2.224767530848734132e-01,1.264115979193982109e-01,-1.322305583384354721e-01,-3.297675662571216137e-01,5.678058611076770568e-01,1.163956523953396882e+00,-3.484781491426411359e-01,-1.502106740251155925e-01,-8.473343956899904994e-02
2.647106755172478135e-02,-3.674481656469093943e-02,7.848183897302266621e-01,5.058532657758931655e-03,-5.683546561605846287e-03,6.133603834343563932e-01,7.897665152303505742e-01,9.921311017105824415e-02,1.044268350107220300e-01,2.024235908641687787e-01,1.244434123739334014e-01,-2.910153715633645444e-01,3.664613757749144579e-02,-2.743539713472714983e-02,4.548155642414095784e-04,1.221321685147752634e-01,9.603477130177055787e-02,-1.112265371188693452e-01,1.171126504014769060e-01,-1.882095030253554957e-01,-4.230279180509956966e-02,-6.439908623167456270e-03,-1.103835148954803308e-01,4.241960126893282723e-01,-4.249609559983673623e-01,1.033684312339815836e+00,2.221605779432359040e-01,-2.245388876465474193e-01,1.329462290673720237e-01,-1.320707563977538135e-01,-3.276894004395314863e-01,5.655727431056345456e-01,1.164246338945968740e+00,-3.457427902743522297e-01,-1.500676404584798673e-01,-9.320151547789667923e-02
2.688397153669859485e-02,-3.751846716697643247e-02,7.849343779992096204e-01,5.149724244795078794e-03,-6.115403954244694705e-03,6.103480559794549620e-01,7.920930076302774570e-01,1.019258261906331731e-01,1.064238565722935154e-01,2.088003614702054755e-01,1.225760293014931113e-01,-2.889968864073315657e-01,3.610027829768840124e-02,-2.722587081637005066e-02,3.373047056864376600e-03,1.278632481454885783e-01,9.257825763281325726e-02,-1.067030641902803750e-01,1.176485818116923543e-01,-1.917238106449650759e-01,-4.462336904076213279e-02,-5.628345925358439056e-03,-1.106959777679313722e-01,4.311273556253261141e-01,-4.245138889305367647e-01,1.016781887288528585e+00,2.191239515743559629e-01,-2.273631332906564384e-01,1.420201916414169374e-01,-1.323301012631140083e-01,-3.261695630635136900e-01,5.653313031166592451e-01,1.163234033189348260e+00,-3.433559898301868363e-01,-1.504377967264384497e-01,-1.023452019924694506e-01
2.711820337898967342e-02,-3.841111906599763148e-02,7.849153961636872179e-01,5.043065551925100462e-03,-6.178407606707739946e-03,6.073656496669980198e-01,7.943823779351285586e-01,1.032679224112755673e-01,1.080771117751324339e-01,2.154009647535291005e-01,1.213516480398458830e-01,-2.889419306636663576e-01,3.575774408843599567e-02,-2.792826366405699867e-02,5.869851270424534043e-03,1.338597542972201071e-01,8.873534076871590626e-02,-1.032226094228722302e-01,1.182595018125148223e-01,-1.950098166760290408e-01,-4.556171425465624369e-02,-3.533162512758956236e-03,-1.142135273139271018e-01,4.378054444689916669e-01,-4.243809826052186707e-01,9.999801013899670687e-01,2.166718279000170722e-01,-2.305482315969729357e-01,1.476395642339116965e-01,-1.328060623915501837e-01,-3.252048349257898319e-01,5.642932566701367447e-01,1.161444725962401447e+00,-3.384421156512990581e-01,-1.506069227148152112e-01,-1.075970149219333122e-01
2.715312924409049589e-02,-3.940336053765373242e-02,7.850098566939932576e-01,5.265686386621276985e-03,-6.480232115780066790e-03,6.040008798938696355e-01,7.969399075375972474e-01,1.044849089338041048e-01,1.096697547221386626e-01,2.238230258942367490e-01,1.222537990031973554e-01,-2.876672097896432190e-01,3.562647092218051287e-02,-2.912186961242803004e-02,8.192383316463845710e-03,1.406199917023406298e-01,8.670614022817960120e-02,-9.855696045511852521e-02,1.191479503151504499e-01,-1.990735767457421090e-01,-4.683424485853620450e-02,-1.103890511589242923e-03,-1.196451595112646149e-01,4.451667638783546321e-01,-4.280441152721238818e-01,9.821488654227072956e-01,2.157693591744223593e-01,-2.328891355788867412e-01,1.589041750780990081e-01,-1.343495706364133679e-01,-3.258568387862914029e-01,5.680486825986467148e-01,1.157158537830503375e+00,-3.372386064725871324e-01,-1.517832899493039289e-01,-1.174354522024262520e-01
2.696157069923880989e-02,-4.048511019400010541e-02,7.850691630530435283e-01,4.936897867795744105e-03,-6.602361770421080397e-03,6.019003095065602604e-01,7.985286803079785223e-01,1.052748883049246797e-01,1.110593356589885394e-01,2.294738327798940269e-01,1.195236078812510760e-01,-2.866489429317846671e-01,3.400815238823069048e-02,-3.215094732477105643e-02,1.060224213073990632e-02,1.460023171954201449e-01,8.692986717249133466e-02,-9.449752496127925006e-02,1.182859313530422174e-01,-2.029435146929974565e-01,-4.705138185897304870e-02,1.207721453308319842e-03,-1.252368654351498078e-01,4.557189145237162675e-01,-4.316731472615890075e-01,9.588625080429145076e-01,2.153746867447006164e-01,-2.359518467314263845e-01,1.701235072792056102e-01,-1.344605947437711169e-01,-3.268002146743168024e-01,5.713157935963677492e-01,1.153067465508948120e+00,-3.370002696646274276e-01,-1.527072307562139797e-01,-1.276441059070888839e-01
2.651158353713069585e-02,-4.164303941038983298e-02,7.849792913863159471e-01,4.557748292025425030e-03,-6.494499764061517980e-03,5.996871096267996082e-01,8.001952380205570314e-01,1.039761835443363119e-01,1.121488274465870516e-01,2.346606009324389286e-01,1.201003268928885759e-01,-2.879896006025876587e-01,3.319384792374700799e-02,-3.567289868477757642e-02,1.241000184360144254e-02,1.511157251581461414e-01,8.678423397401271999e-02,-9.216054908921700317e-02,1.187466096534967319e-01,-2.078868325292412833e-01,-4.815479096160152350e-02,4.527978095320437518e-03,-1.322101079381313160e-01,4.649723256709768493e-01,-4.383900287577468524e-01,9.390931622646347954e-01,2.201355531727943737e-01,-2.372310122051921599e-01,1.852557662605935906e-01,-1.354348671715900343e-01,-3.289684642827165328e-01,5.779356884546529294e-01,1.145660473585792483e+00,-3.399822024382840313e-01,-1.544582500796053970e-01,-1.404744324966658020e-01
2.576933707748674598e-02,-4.289080362344389191e-02,7.850160906683312234e-01,4.037995487324131522e-03,-5.693764321624306644e-03,5.977319244801250209e-01,8.016656548072771393e-01,1.014621896114352717e-01,1.117496410321142802e-01,2.387701067294831780e-01,1.189639234136475182e-01,-2.868536667574853594e-01,3.255720496170068368e-02,-4.153697685408640899e-02,1.303537373825850755e-02,1.554523342914768402e-01,8.823601727730207012e-02,-8.932239527732233064e-02,1.212297223783792566e-01,-2.119113552585624727e-01,-4.989598478546187349e-02,8.127657382009389336e-03,-1.419650307708362758e-01,4.723438088519343880e-01,-4.466037364458451120e-01,9.199742921754214819e-01,2.232246104006958554e-01,-2.392379354695286231e-01,1.988955532191753195e-01,-1.356235123566330580e-01,-3.308847473714859322e-01,5.850744695798368866e-01,1.136812342643318319e+00,-3.416612660650332756e-01,-1.566162139207222803e-01,-1.497671437755393187e-01
2.471023282660096340e-02,-4.420853079242414302e-02,7.849117801599854172e-01,2.949888337810007734e-03,-4.948732442282373009e-03,5.962555913123165352e-01,8.027739893860592613e-01,9.731889636052085124e-02,1.122064425068944465e-01,2.426321776080035408e-01,1.190599843567268779e-01,-2.887864274294922318e-01,3.182465015283961196e-02,-4.884489638390319965e-02,1.410994928107958853e-02,1.573792845534594531e-01,9.125414882322881172e-02,-8.708578410873617226e-02,1.234400065049072737e-01,-2.175174220629336741e-01,-5.177382788632935162e-02,1.351224305371831816e-02,-1.572771189041106688e-01,4.769465685890829088e-01,-4.596390168829126432e-01,9.083431303507411014e-01,2.342993925472493522e-01,-2.382119248242071941e-01,2.163282989888170860e-01,-1.379299724791585302e-01,-3.341114305799645079e-01,5.968246724705115192e-01,1.124332886140749554e+00,-3.448114454131687157e-01,-1.609038472403899189e-01,-1.588105874956204366e-01
2.334637701028106568e-02,-4.554584275814001909e-02,7.848277266015033504e-01,1.818837795857938377e-03,-5.051427197653247762e-03,5.953821430270741510e-01,8.034247187365023413e-01,9.477010395925715425e-02,1.131177415292635435e-01,2.448861739388761283e-01,1.177751448582460142e-01,-2.918529741021543278e-01,3.386349716190893699e-02,-5.448986228126469211e-02,1.568290372143908706e-02,1.581377760104191732e-01,9.396956503385478499e-02,-8.312866812737773614e-02,1.248306770632857110e-01,-2.233008590908798219e-01,-5.189834103617959465e-02,1.795328929111093472e-02,-1.737424896724452383e-01,4.773484736495368641e-01,-4.706773841830045879e-01,9.043808482318511643e-01,2.495208910190942764e-01,-2.353927179232957190e-01,2.325392517251685387e-01,-1.427684465125133861e-01,-3.366717519526182256e-01,6.092099688501737553e-01,1.116926655150034309e+00,-3.517896629217914795e-01,-1.630904826067572921e-01,-1.649261486427356371e-01
2.171666094618417489e-02,-4.696538191866717754e-02,7.850019073410301473e-01,1.741753315982373044e-03,-5.505505834508948870e-03,5.942274120839499130e-01,8.042763445662839406e-01,9.527088817837749135e-02,1.122622376882689010e-01,2.511491214459387611e-01,1.141224160314415759e-01,-2.904624703987682133e-01,3.837130798484933436e-02,-6.016298256916906284e-02,1.619871564920680185e-02,1.629180747603658497e-01,9.974881695650036906e-02,-7.772818814309995217e-02,1.282335896938869013e-01,-2.296823272699423102e-01,-5.320919399907017566e-02,2.181413781426689083e-02,-1.919232609451067828e-01,4.777145324020699579e-01,-4.874511745647078786e-01,9.018923319493575841e-01,2.710536023799832162e-01,-2.326979277045153893e-01,2.423166568668155829e-01,-1.491610702046721193e-01,-3.380846357635894361e-01,6.205103668760358904e-01,1.108833408961392264e+00,-3.582205954009470283e-01,-1.610253829016786709e-01,-1.744130669273414869e-01
1.994071382759145250e-02,-4.827510368710500460e-02,7.852907279220250336e-01,1.510616153564146424e-03,-6.089555698280615589e-03,5.936741095537039214e-01,8.046811088846629323e-01,9.383870457463200365e-02,1.119469305534991771e-01,2.560255973825046327e-01,1.142048477240572152e-01,-2.887799788810175294e-01,4.098712032615330070e-02,-6.521199322637361018e-02,1.679685075296944580e-02,1.672491312825415410e-01,1.053092357873176149e-01,-7.200547991245979940e-02,1.291443676863031353e-01,-2.366635097214880024e-01,-5.709393673383191675e-02,2.907775877516665872e-02,-2.192805589890620965e-01,4.760928448197376261e-01,-5.010789133549117258e-01,8.938907567750471461e-01,2.911708168960525644e-01,-2.284624005688997705e-01,2.667374302431557154e-01,-1.557743110704251366e-01,-3.375965850264683876e-01,6.346679429456449917e-01,1.097208945298965954e+00,-3.657615226088404281e-01,-1.614614754569610733e-01,-1.919901936453416724e-01
1.800332311250122524e-02,-4.952193067034570823e-02,7.854457410745480095e-01,8.484946007874813803e-04,-6.218605361694747383e-03,5.929413725485869202e-01,8.052211731719837173e-01,9.124740840927227092e-02,1.114696850809063361e-01,2.604829193488729655e-01,1.141969402516626320e-01,-2.898792045199450884e-01,4.312825029784252140e-02,-7.129514953170132396e-02,1.717361583331886501e-02,1.706444604596074610e-01,1.099872439877651598e-01,-6.646264914957047965e-02,1.299073241885969343e-01,-2.414930890597362101e-01,-5.930222202683757549e-02,3.761484833522600602e-02,-2.429820819742452009e-01,4.718685251433381023e-01,-5.071959938652293998e-01,8.912753372296253751e-01,3.047642604475738759e-01,-2.240805177694310257e-01,2.888821683494356418e-01,-1.634787733914309371e-01,-3.370532566946342623e-01,6.462348902486444446e-01,1.087057595842333191e+00,-3.719742119595266239e-01,-1.616599099644757120e-01,-2.039796166202882677e-01
1.599459640804425098e-02,-5.064988301665399040e-02,7.854638525134715055e-01,4.148952234114392824e-04,-6.657995226651066724e-03,5.927537744824687982e-01,8.053561086862768281e-01,8.962162968614886815e-02,1.107074896400783992e-01,2.641692321967664125e-01,1.135352945403256264e-01,-2.922784599924446725e-01,4.496040057201157458e-02,-7.616485690285053345e-02,1.714188592469902128e-02,1.737220714711459613e-01,1.145774557678859717e-01,-6.242135773194264214e-02,1.286215722201715650e-01,-2.456025098199122736e-01,-6.057937680113972129e-02,4.586681872436336460e-02,-2.681754351208355258e-01,4.684356372725911322e-01,-5.122773029599596573e-01,8.882032796137431241e-01,3.198061720586571344e-01,-2.199809940035511724e-01,3.121307169354969324e-01,-1.708702369393938492e-01,-3.364294958995021068e-01,6.558024326714384511e-01,1.079179582215126887e+00,-3.801924220105273866e-01,-1.615809886874021994e-01,-2.177836343394874419e-01
1.398091926553383414e-02,-5.161978870608917996e-02,7.854103629175889223e-01,-9.698056507301644306e-04,-6.255006708871852297e-03,5.924864784999548384e-01,8.055555270512356758e-01,8.712363963188310412e-02,1.098797741011316442e-01,2.668405055570671203e-01,1.092396982565993491e-01,-2.941825374932505732e-01,4.379029962568552203e-02,-8.201792396322704626e-02,1.710202430898043191e-02,1.742284639997239148e-01,1.162304699179653594e-01,-5.849724753633432639e-02,1.289700831533085179e-01,-2.475154556181213272e-01,-6.078606488317007256e-02,5.311854923492636410e-02,-2.903489238293026076e-01,4.651392477933333214e-01,-5.160278954596921874e-01,8.835325044962843988e-01,3.368407003070935102e-01,-2.158865781610132817e-01,3.360698956232683887e-01,-1.775124486391178591e-01,-3.363029160852646915e-01,6.630049726009248356e-01,1.072537682272800330e+00,-3.876349744259258157e-01,-1.640267239102242980e-01,-2.295176152715300288e-01
1.201353024916091208e-02,-5.252153634225818768e-02,7.854761090184140260e-01,-2.479649190280149278e-03,-6.241594202208346036e-03,5.929149236199577899e-01,8.052370999838790455e-01,8.387004295621011685e-02,1.100101421490980447e-01,2.694236205085512870e-01,1.073203664376282673e-01,-2.971779825127978669e-01,4.653045246363871068e-02,-8.875981621376591302e-02,1.800314524028272245e-02,1.752853675214008922e-01,1.213669008125928261e-01,-5.340583843357438187e-02,1.314785223826487326e-01,-2.503924995673948439e-01,-6.227992157059570461e-02,6.112724790208114156e-02,-3.120904575294370931e-01,4.654178231273417565e-01,-5.219298923976004589e-01,8.803859665347856245e-01,3.529306947917630333e-01,-2.118661909534265420e-01,3.533187660795190643e-01,-1.836946297692161056e-01,-3.360049788153459671e-01,6.684434932228712212e-01,1.065316789925984775e+00,-3.917505617737108703e-01,-1.644423220650188255e-01,-2.387161175386997292e-01
1.014113114719932679e-02,-5.336276430193272191e-02,7.857540614559460623e-01,-3.309756140438673347e-03,-6.439305346406627543e-03,5.929144527118312968e-01,8.052329058268645756e-01,8.104425453748732855e-02,1.096126291123219465e-01,2.714871117658463895e-01,1.076026589669854261e-01,-2.970774084196255993e-01,4.871492100033994466e-02,-9.378312444821379490e-02,1.847843547231058439e-02,1.785519195310215634e-01,1.254607269520382484e-01,-4.723024361899316043e-02,1.317514122939330845e-01,-2.505686401142259712e-01,-6.414660612141623308e-02,6.854098217133648696e-02,-3.295522123801739034e-01,4.669659197210966894e-01,-5.286888654074258787e-01,8.807120611689911449e-01,3.675836435883138575e-01,-2.094103488873955699e-01,3.677249264342104529e-01,-1.897821876946619857e-01,-3.367721137538816079e-01,6.754044191568847610e-01,1.057781299594039659e+00,-3.963519209629626228e-01,-1.647315126283312725e-01,-2.494185744400750915e-01
8.365152699620488977e-03,-5.420525152703693089e-02,7.859015571595372451e-01,-4.032979168848134163e-03,-6.343486510229080083e-03,5.928610940701261045e-01,8.052696557029149771e-01,7.836698819460495569e-02,1.088506854253896428e-01,2.752630163189221935e-01,1.070019846595801349e-01,-2.974448097284994597e-01,5.044129620477448561e-02,-9.831955401485531487e-02,1.788612823930304380e-02,1.789679950015848342e-01,1.279464844541874369e-01,-4.283213587979312065e-02,1.314678116846660361e-01,-2.516665610717567225e-01,-6.483040891371259773e-02,7.479081687170656412e-02,-3.420569854007499133e-01,4.693620602743711068e-01,-5.323049982471208530e-01,8.806853842984913028e-01,3.809170788147966946e-01,-2.060140863764965691e-01,3.800214577271269212e-01,-1.954933468092661109e-01,-3.379652313564393551e-01,6.796821123075414972e-01,1.051325759701314588e+00,-3.997020123985266515e-01,-1.632084667773710251e-01,-2.571194617288682926e-01
6.732811764168059564e-03,-5.500875851097577346e-02,7.860216995970055187e-01,-4.396430897281261227e-03,-6.837959412161403322e-03,5.933578471489525663e-01,8.048977443956487621e-01,7.572536013326970628e-02,1.084070587399298957e-01,2.753045826598076173e-01,1.089041061944998057e-01,-2.981724065007593794e-01,5.218721620699254965e-02,-1.015543198494447963e-01,1.715210246663032012e-02,1.770129389635755057e-01,1.316314738526274675e-01,-3.918741441240799345e-02,1.315378407300288321e-01,-2.535389024578113548e-01,-6.673329752302645246e-02,8.309923523840170856e-02,-3.538553092136765832e-01,4.726396797739170763e-01,-5.359328922281118013e-01,8.803298861386235075e-01,3.869577921478158933e-01,-2.008665814559038310e-01,3.964200264233498916e-01,-2.014350774185026949e-01,-3.386737145284126060e-01,6.828272739835505867e-01,1.047007357805406214e+00,-3.989630985556267828e-01,-1.608455731159648405e-01,-2.687823001470017181e-01
5.229708410215315288e-03,-5.579364383023412838e-02,7.861599152954057423e-01,-4.995942013470832700e-03,-7.084564203028510462e-03,5.939431722773568234e-01,8.044602896467674125e-01,7.344367534036319589e-02,1.081502672111901153e-01,2.772779157080963452e-01,1.087186446098857007e-01,-2.978930596701853117e-01,5.237366687700571732e-02,-1.043023194611412546e-01,1.637543041686195452e-02,1.746664418881438696e-01,1.331309895511237074e-01,-3.491124719478692212e-02,1.320642402305198249e-01,-2.548457981222104762e-01,-6.798714575297561125e-02,9.025357944626528905e-02,-3.642083073322166520e-01,4.769072356098813525e-01,-5.387213918926181400e-01,8.804974758533131718e-01,3.901873806638824771e-01,-1.976719848540834656e-01,4.068913598317002722e-01,-2.060475625213890605e-01,-3.385806608724831746e-01,6.830556484360419400e-01,1.044183737789972977e+00,-3.967087193440411164e-01,-1.587262179228533243e-01,-2.769190621666993701e-01
3.839045992260758933e-03,-5.654916765757767722e-02,7.862861485411212215e-01,-5.579900475745128673e-03,-7.422941021977282582e-03,5.944688738383198112e-01,8.040649990483755838e-01,7.177754336251034040e-02,1.079988655230713357e-01,2.784437413957254748e-01,1.079110629887882200e-01,-2.974681177559257983e-01,5.062419555587817366e-02,-1.058091689735368435e-01,1.579447847874049238e-02,1.727928191012929604e-01,1.326939705070337150e-01,-3.068873079422212297e-02,1.307898366121417466e-01,-2.549513236142577077e-01,-6.951355052470824247e-02,9.676047557366837526e-02,-3.741827303998707666e-01,4.831072503158254650e-01,-5.412593092091141367e-01,8.846836649477803904e-01,3.956159404872149343e-01,-1.946625444680754047e-01,4.153321104309438683e-01,-2.103342540599805743e-01,-3.394332400776511327e-01,6.856777229452550859e-01,1.042164818680639593e+00,-3.974963636713890192e-01,-1.564392323707136656e-01,-2.818537696484353372e-01
2.551955436692295021e-03,-5.729627143169644526e-02,7.864689026969111652e-01,-6.615378732044737212e-03,-7.346195339268159381e-03,5.954282620362114642e-01,8.033476550951057504e-01,6.822959029187296298e-02,1.080393576066722428e-01,2.774557575013756883e-01,1.074319430352343174e-01,-2.969358498960818493e-01,5.016900434843636625e-02,-1.093567014876415111e-01,1.536256595784233660e-02,1.692156295721050641e-01,1.341907237733987179e-01,-2.642534216494286242e-02,1.300194362966297645e-01,-2.542151740675695493e-01,-7.067165136019351590e-02,1.053817437468485135e-01,-3.829014496724137406e-01,4.920687048931546848e-01,-5.434193801956564984e-01,8.902666990845971018e-01,4.007041449590260096e-01,-1.911308841642952172e-01,4.259576675633752196e-01,-2.138548858811058218e-01,-3.410223552403770508e-01,6.881833886397243916e-01,1.039394991478655994e+00,-3.950565016062578261e-01,-1.548430408082830945e-01,-2.889204281629541571e-01
1.342038196624088147e-03,-5.797782681822141737e-02,7.866661446853119299e-01,-7.421817374873428130e-03,-7.398922986174824579e-03,5.961368801051604160e-01,8.028144198655025043e-01,6.508943691382061691e-02,1.080455117042684460e-01,2.763702372389698625e-01,1.077966601284557346e-01,-2.955588939491678446e-01,4.986997166232728235e-02,-1.117824955790668734e-01,1.494364908088445000e-02,1.667437205352824414e-01,1.344785012054119100e-01,-2.191702816601568543e-02,1.294371609929917399e-01,-2.535872760050477681e-01,-7.319123727230650300e-02,1.119038748735187161e-01,-3.856651917338145275e-01,5.032802701716735383e-01,-5.449119268740014732e-01,8.979540670425776305e-01,3.989447784411544462e-01,-1.886636907092228976e-01,4.329695602468408566e-01,-2.166844326958218270e-01,-3.410159433579635913e-01,6.888920029572057624e-01,1.038667622869578366e+00,-3.881335659756555145e-01,-1.527491626429567095e-01,-2.942186247879906569e-01
2.012867714196625883e-04,-5.862464994352162978e-02,7.869711221387446498e-01,-7.784745417706222942e-03,-7.652510004328498018e-03,5.968323051386610345e-01,8.022917401870010012e-01,6.318107466073735745e-02,1.077179060990369752e-01,2.763269730168192995e-01,1.077039570580047151e-01,-2.923813507923824773e-01,4.828451490317246797e-02,-1.123991338378258764e-01,1.375438092051221514e-02,1.634299846477209606e-01,1.331397542171314230e-01,-1.629182865272829628e-02,1.283207979849649294e-01,-2.514000371962140656e-01,-7.529560751626575288e-02,1.181682727330913979e-01,-3.867799914493017521e-01,5.111621695812261779e-01,-5.427479339283318716e-01,9.115244998216063266e-01,3.948734725744120211e-01,-1.860967923018441161e-01,4.366131919927174199e-01,-2.179387773766768843e-01,-3.405056468665970115e-01,6.885247427151558464e-01,1.037306424708085650e+00,-3.823876273774906576e-01,-1.497988825131204293e-01,-2.981304075654588881e-01
-8.753855584383463551e-04,-5.922923231017380996e-02,7.871583126101355798e-01,-8.690722631641174811e-03,-7.102646620657184287e-03,5.976164988414904844e-01,8.017035262885897628e-01,5.900523627107812086e-02,1.073289240631994657e-01,2.766866204704184762e-01,1.080965144771592057e-01,-2.908258851723630189e-01,4.764726738108548965e-02,-1.143353986943480838e-01,1.224881821701988630e-02,1.594171692019191178e-01,1.303775763280835276e-01,-1.178993772358780806e-02,1.283035955222341928e-01,-2.477068166896035095e-01,-7.593051345363185933e-02,1.251199316458083133e-01,-3.863447042996683845e-01,5.165596439010713414e-01,-5.418647804826577374e-01,9.234133685789899237e-01,3.939566381669573070e-01,-1.848016417887836105e-01,4.405435240420599863e-01,-2.193266175294210918e-01,-3.405197784827247443e-01,6.872704357993134616e-01,1.038040925376006562e+00,-3.759997574026192058e-01,-1.485750290619214098e-01,-3.023882023214710113e-01
-1.928122238783777902e-03,-5.977182750646115733e-02,7.873990112057157598e-01,-9.485156965694664655e-03,-6.795036585301431412e-03,5.976360168527758976e-01,8.016826371049132760e-01,5.520656831488184035e-02,1.073637766831702089e-01,2.767757119488908346e-01,1.098471210201919651e-01,-2.893050858829470662e-01,4.805019163571062901e-02,-1.158734208041094504e-01,1.144691234352478507e-02,1.567899662985858811e-01,1.273887902930400939e-01,-5.876912094769870532e-03,1.296166403938210365e-01,-2.453162839064292333e-01,-7.856057058205140331e-02,1.327354769342665997e-01,-3.857663272238567309e-01,5.259604679106006930e-01,-5.394253340480925640e-01,9.330307789645306826e-01,3.917548563469598899e-01,-1.840330144073801244e-01,4.470903333722144879e-01,-2.215021102558245580e-01,-3.403038058169982616e-01,6.859992246544479588e-01,1.037541625814489832e+00,-3.670800199601562674e-01,-1.469668309310841470e-01,-3.054300050822558177e-01
-2.865657254765660578e-03,-6.025997993928892960e-02,7.877396492495229996e-01,-1.004610655500727187e-02,-6.805702514997755657e-03,5.989847876549885264e-01,8.006684596724601422e-01,5.095708911095529065e-02,1.075955824612192663e-01,2.768214040447898316e-01,1.131666188389606753e-01,-2.867757065976743180e-01,4.908030669836181692e-02,-1.172231861522515101e-01,1.050979372880504227e-02,1.544514997236092757e-01,1.275426648616599656e-01,-1.775947493892898743e-03,1.281989750095394731e-01,-2.412095785026688866e-01,-8.015775352875226245e-02,1.404665889008013535e-01,-3.858220351783526181e-01,5.369794603509711051e-01,-5.304666832549809197e-01,9.374476630112013043e-01,3.903870023931955702e-01,-1.798016729616872533e-01,4.583353373397060504e-01,-2.216753602734941042e-01,-3.391679894868929179e-01,6.817957127670030149e-01,1.040691037365955918e+00,-3.609358798772568933e-01,-1.434149301875663751e-01,-3.144009618254132721e-01
-3.747140744516194288e-03,-6.062928737780062111e-02,7.880010321966277598e-01,-1.104869417385678267e-02,-6.299784581663517812e-03,5.997823040283456475e-01,8.000621393652652680e-01,4.673608041094365340e-02,1.075603597301194314e-01,2.753007149022096978e-01,1.141130878490785872e-01,-2.842625552792147903e-01,4.734190046478473080e-02,-1.185879129773637075e-01,9.324855237908939026e-03,1.496276224499500096e-01,1.245116848266500514e-01,2.818482301039024196e-03,1.280734265333591526e-01,-2.378230700679453968e-01,-8.268825229019327594e-02,1.500056365411290560e-01,-3.866884652060850192e-01,5.481469362563244907e-01,-5.214313517123713160e-01,9.416213121931416019e-01,3.851825359451804265e-01,-1.755953833962744515e-01,4.722461710202049967e-01,-2.222570822142550806e-01,-3.387462047015752931e-01,6.802571047848534613e-01,1.040489687626268811e+00,-3.538518365596203252e-01,-1.430607372735509253e-01,-3.223676657394260459e-01
-4.534497159600612420e-03,-6.094759669395618390e-02,7.882322550975576769e-01,-1.194049171428982967e-02,-5.717500259475405064e-03,6.015687925754324983e-01,7.987112886692783187e-01,4.160131485795202921e-02,1.070385802946789700e-01,2.713302442260775438e-01,1.158541015874350877e-01,-2.820456955791633691e-01,4.579052551516323011e-02,-1.201699547898204407e-01,7.255652083517921333e-03,1.426570704376130538e-01,1.232759490618895726e-01,5.302989949442019069e-03,1.277357975288625769e-01,-2.320764311189398577e-01,-8.432387438846805638e-02,1.577535936786624016e-01,-3.863725635082096432e-01,5.588600732187939402e-01,-5.059912220977327291e-01,9.435132729904226467e-01,3.802304824751631118e-01,-1.703094324836799678e-01,4.863614889541362230e-01,-2.191329015324005869e-01,-3.390660916956581561e-01,6.759303322346462695e-01,1.040759832844373456e+00,-3.475865194968267291e-01,-1.419154420709977660e-01,-3.287785763039405285e-01
-5.273391022426052004e-03,-6.116072426657697542e-02,7.883217755055029752e-01,-1.299908978859724146e-02,-4.684896126511460188e-03,6.026621133073312153e-01,7.978768404941279924e-01,3.663746588850081559e-02,1.065846593452213914e-01,2.713708386620629076e-01,1.167325825627012759e-01,-2.806044344825769365e-01,4.345994633646699939e-02,-1.224949835650038510e-01,5.363638798573039726e-03,1.374231836939481810e-01,1.210100821953130346e-01,7.783411480038762709e-03,1.279314672249598772e-01,-2.279165781953861325e-01,-8.648932294808850396e-02,1.655122356127927130e-01,-3.860809540951078977e-01,5.693204045706596883e-01,-4.919542887472262982e-01,9.527323948906047946e-01,3.787733117566833285e-01,-1.641174012237345270e-01,4.975596456786776089e-01,-2.176117997775289525e-01,-3.380013765008711979e-01,6.711121369243912005e-01,1.043243257871669494e+00,-3.426521088967156015e-01,-1.391553794483906259e-01,-3.297225924768299454e-01
-5.969453061099150477e-03,-6.133674282797219740e-02,7.885693117580238054e-01,-1.372174987161785091e-02,-4.264094213090422435e-03,6.035953090652068642e-01,7.971613600491928020e-01,3.275836193514792410e-02,1.064124228171413750e-01,2.700538675840309377e-01,1.186895697637570524e-01,-2.781241446843407683e-01,4.350255535290134534e-02,-1.243264466021210546e-01,4.088830554451366658e-03,1.324557400051319112e-01,1.210408813567735720e-01,1.064111593952045409e-02,1.277695521454604022e-01,-2.242232167507244300e-01,-8.928764548428147485e-02,1.727491174499175552e-01,-3.853440309002201247e-01,5.818952386573098545e-01,-4.832463872087751633e-01,9.591873589886742435e-01,3.750997278847624239e-01,-1.596652701212568082e-01,5.063062742925362736e-01,-2.167346322910270184e-01,-3.371935434195519887e-01,6.693591337817640374e-01,1.045519707223769412e+00,-3.361294148258283654e-01,-1.361690347041833449e-01,-3.302848747692074816e-01
-6.600544367735272644e-03,-6.147502415660885400e-02,7.888204510082025278e-01,-1.468560351755570162e-02,-3.145354518381218972e-03,6.048152665061585775e-01,7.962241727022369986e-01,2.743931626270541477e-02,1.051929819705598734e-01,2.653297692955532416e-01,1.196622551222938646e-01,-2.745437020664037719e-01,4.297761050890642337e-02,-1.259505887880897623e-01,2.045473931732844433e-03,1.282659124515126148e-01,1.181876179406324001e-01,1.284641361576736862e-02,1.296856303159032997e-01,-2.194112503295732042e-01,-9.061381821175551465e-02,1.784566702992642362e-01,-3.825088922211495324e-01,5.929004513893831874e-01,-4.757735730564131016e-01,9.686110676607605496e-01,3.772178441868276888e-01,-1.568031505149100890e-01,5.101828375526672454e-01,-2.142156774810850817e-01,-3.370742341938808284e-01,6.652807003428486965e-01,1.047449309579105314e+00,-3.324168107064283118e-01,-1.338464104617747563e-01,-3.299742466876405822e-01
-7.215469200148629837e-03,-6.160626881977026431e-02,7.891247441606219493e-01,-1.514800301685392120e-02,-2.250597120224252009e-03,6.050505867927017389e-01,7.960397353392665298e-01,2.461895418396115032e-02,1.038515005424360121e-01,2.652431069214779558e-01,1.190497727154974927e-01,-2.697919558859467881e-01,4.369174658820276086e-02,-1.283425014953000209e-01,5.251281023804319631e-04,1.268122135677686446e-01,1.179993807719533633e-01,1.500554362319204971e-02,1.280786231166117228e-01,-2.158983149173434868e-01,-9.163043784167007599e-02,1.830301990773598453e-01,-3.811632621515514963e-01,6.039537778748560459e-01,-4.676862300942991602e-01,9.767732285993825370e-01,3.758838945808539167e-01,-1.537764101582184684e-01,5.172520525748943721e-01,-2.115339868908215348e-01,-3.377176854132202255e-01,6.632176627791653845e-01,1.046538110227221097e+00,-3.280783242081138917e-01,-1.340748311432214401e-01,-3.325730119262452766e-01
-7.797406966737471974e-03,-6.177662635400430619e-02,7.893209349501980610e-01,-1.562453689271002359e-02,-1.051723528093061969e-03,6.053790587218151886e-01,7.957832386935502766e-01,2.182085061007634288e-02,1.014596195094848580e-01,2.619483266040606440e-01,1.168852003200866047e-01,-2.659444556980212204e-01,4.455022336555695267e-02,-1.312482584594859281e-01,-1.417210842937978443e-03,1.253850138269292924e-01,1.179613290145872517e-01,1.508503147177930881e-02,1.283757234668545244e-01,-2.102113380654715702e-01,-9.348468323267573876e-02,1.865306646359007892e-01,-3.772352144178692801e-01,6.087219127711900324e-01,-4.587974174872178068e-01,9.844302353592070398e-01,3.712084081351850195e-01,-1.527705862806542081e-01,5.200964775568132081e-01,-2.086751501428577016e-01,-3.375505364254076657e-01,6.613325060891225293e-01,1.048222176982421594e+00,-3.232598458470065661e-01,-1.340093828295844114e-01,-3.346342353000308356e-01
-8.345188513900068245e-03,-6.195797074109337527e-02,7.895610616410632110e-01,-1.635278381316612392e-02,-1.425005179145696237e-04,6.057982633764597002e-01,7.954502060124357676e-01,1.893801111394186401e-02,1.004796144674207636e-01,2.621591443453873405e-01,1.156512879999101323e-01,-2.628314871766360139e-01,4.674881042342558107e-02,-1.352162739075851716e-01,-2.111574831187902970e-03,1.251946936063741134e-01,1.203032638312538094e-01,1.644474736737236431e-02,1.294375067536623070e-01,-2.073376524146557931e-01,-9.678922916228287210e-02,1.892341401300634829e-01,-3.741343580695291604e-01,6.148563590136413293e-01,-4.553210202262810147e-01,9.965576544179656215e-01,3.716187020026221477e-01,-1.510590814075371269e-01,5.220273273451938589e-01,-2.067103066339424089e-01,-3.364834436879075574e-01,6.608452593491732641e-01,1.050063240074159854e+00,-3.150531321206027080e-01,-1.343624227602411292e-01,-3.358377956098465567e-01
-8.859448441740490343e-03,-6.214508508354539551e-02,7.896159301843234113e-01,-1.758366328923734873e-02,8.706755944428803441e-04,6.069600513886739268e-01,7.945373199086350757e-01,1.561889822908903505e-02,1.000862166962784017e-01,2.619891167979862545e-01,1.127945065074690556e-01,-2.616331779661528745e-01,4.456854326369402014e-02,-1.384955501503730146e-01,-3.552938593961321376e-03,1.182105343877362935e-01,1.204295118309946233e-01,1.778462077638209848e-02,1.316354762769580133e-01,-2.043190937760206993e-01,-9.699150767108354054e-02,1.910693069379452991e-01,-3.739098686901430879e-01,6.243174123094131778e-01,-4.522309363272501437e-01,1.005191711951342048e+00,3.722172985457741778e-01,-1.497004815495620866e-01,5.287552732008248269e-01,-2.027283393553694912e-01,-3.362162004465225063e-01,6.568689511392912239e-01,1.051128522839184454e+00,-3.094769030672742116e-01,-1.347320499862827980e-01,-3.395879117754013743e-01
-9.279314486681443722e-03,-6.233741843339178634e-02,7.899089353747748010e-01,-1.788731487759133432e-02,1.636725690782363067e-03,6.067054176030625134e-01,7.947237893422939292e-01,1.326289941809688511e-02,9.906352529159040410e-02,2.616420248693487882e-01,1.126347312079896967e-01,-2.570463372504409039e-01,4.597654752853688048e-02,-1.413824080788352588e-01,-4.613196833134224767e-03,1.166228600128776244e-01,1.217281338606644447e-01,1.975155007043274957e-02,1.326591763331929352e-01,-2.028785785464533586e-01,-9.771929248628777320e-02,1.914240178478396337e-01,-3.686518967488767728e-01,6.303801940464238696e-01,-4.481793523119278477e-01,1.012001569408893742e+00,3.710525778414052733e-01,-1.478799539750674519e-01,5.317994202571897366e-01,-1.997262796969444254e-01,-3.369044835385872072e-01,6.553880002156311502e-01,1.050064863510495217e+00,-3.032210037058779006e-01,-1.345576033239779534e-01,-3.394210339559356471e-01
-9.573068070777334196e-03,-6.256569574126930044e-02,7.901491037861629874e-01,-1.864149168747389340e-02,2.191222171049827128e-03,6.079074448490809912e-01,7.937860113595621714e-01,1.007165276217054234e-02,9.883035107145843323e-02,2.594834940786324706e-01,1.124038440182445753e-01,-2.545367410373653438e-01,4.678514271515784445e-02,-1.441531474949835356e-01,-5.133224080400776781e-03,1.141672434730180985e-01,1.237260902027782078e-01,2.108409658204600523e-02,1.331984213846042764e-01,-2.022527921942718909e-01,-9.826406750558661085e-02,1.934658316585071702e-01,-3.701478524996471564e-01,6.349855535999480161e-01,-4.430554312064041711e-01,1.018593388163817393e+00,3.679392824907230519e-01,-1.464471695835922460e-01,5.353956772254577778e-01,-1.956110990022944529e-01,-3.389167283012357035e-01,6.564252007085653595e-01,1.046297465822257244e+00,-2.962780698371005883e-01,-1.370818984119762107e-01,-3.408806001517961648e-01
-9.743775177614889468e-03,-6.279275700377250080e-02,7.900982298034153750e-01,-1.924924707033199428e-02,3.369612080270676085e-03,6.091397741827688783e-01,7.928220782181948367e-01,5.877262428599365485e-03,9.799009104845411711e-02,2.600335637981809889e-01,1.128786870611258181e-01,-2.534700292608126349e-01,4.525672235247885783e-02,-1.470857204645474592e-01,-7.318753680526902949e-03,1.087703378876144072e-01,1.244372000439777637e-01,1.959956983025726296e-02,1.355417284417592683e-01,-2.012551864617871666e-01,-9.905165154993848808e-02,1.960323419090025387e-01,-3.737995886038650295e-01,6.441743763762493025e-01,-4.385229881840889687e-01,1.028251091376589654e+00,3.678369583047360059e-01,-1.441592813990560384e-01,5.424492929475106529e-01,-1.915458880050170398e-01,-3.389722488446241799e-01,6.532903474783976483e-01,1.046138189002212560e+00,-2.889127315920840822e-01,-1.380693562011026665e-01,-3.423423486889434764e-01
-9.817241146352042452e-03,-6.299048298652806799e-02,7.901344687518525589e-01,-1.927534410954768324e-02,4.015865572530317833e-03,6.096887645792866683e-01,7.923963303038094041e-01,2.972537786727231460e-03,9.708611089079523249e-02,2.583102208185714121e-01,1.147495569235301716e-01,-2.517612384469862796e-01,4.523149343305576942e-02,-1.494863881836527852e-01,-9.050592835416071055e-03,1.043839337728461186e-01,1.270260239733771446e-01,1.882729725963733225e-02,1.354658190950056018e-01,-2.002479735000627648e-01,-9.969263179005026509e-02,1.972508793946042838e-01,-3.765366848859406645e-01,6.550822725576513905e-01,-4.358202752046832495e-01,1.034327380246584216e+00,3.663580441331192317e-01,-1.414373643065420239e-01,5.452144345087150956e-01,-1.874799374293170673e-01,-3.373431230036947337e-01,6.487532813246171814e-01,1.048710515260396381e+00,-2.778694608668981769e-01,-1.363565739061784465e-01,-3.393312685697050801e-01
-9.757763705005532279e-03,-6.319951757223928046e-02,7.902369403332365483e-01,-1.932907934056248000e-02,4.649928954325869418e-03,6.108975506003360145e-01,7.914600100593046639e-01,-7.521058097756014825e-04,9.638134229290201693e-02,2.563858179356011124e-01,1.177893405006773808e-01,-2.497577582180071643e-01,4.542038322010576862e-02,-1.511619549102889981e-01,-1.054946770179126386e-02,1.022888569863088792e-01,1.285930817943636284e-01,1.846197399806456807e-02,1.345348508542184296e-01,-1.998310276670823282e-01,-1.011255977200927608e-01,1.979109763031586255e-01,-3.835341054749756839e-01,6.649497211882964276e-01,-4.318150441293751585e-01,1.040954937113432788e+00,3.631201338484093544e-01,-1.389852602677811300e-01,5.479389217852902449e-01,-1.820975585723397794e-01,-3.363252536996180764e-01,6.457853854743500488e-01,1.049324896634741489e+00,-2.680320904460167797e-01,-1.373949800690246748e-01,-3.370628283352857246e-01
-9.658160377118795228e-03,-6.340463702571023930e-02,7.902555230177167322e-01,-1.987847820938998950e-02,5.743698355492447317e-03,6.118228077117429109e-01,7.907241668224126441e-01,-3.310437647452067495e-03,9.545157217070689148e-02,2.553818856397541137e-01,1.157290365878308747e-01,-2.478640592185889779e-01,4.396349328899631925e-02,-1.527910375968835055e-01,-1.243600011276066800e-02,9.646100165275792171e-02,1.271762555034425257e-01,1.858042436355646088e-02,1.390681005683245819e-01,-1.997255954989252680e-01,-1.011806547662307959e-01,1.972353670963998828e-01,-3.882202235436977289e-01,6.733756692677785871e-01,-4.357608646536837438e-01,1.050234528420477709e+00,3.658460233160369945e-01,-1.380543822232528361e-01,5.457112200855116502e-01,-1.778896754991806661e-01,-3.366199018243516972e-01,6.445060974843819235e-01,1.050331881523664412e+00,-2.652108550260636188e-01,-1.368896770837852439e-01,-3.316005081943725896e-01
-9.503938307144348119e-03,-6.357994828738428028e-02,7.902594292278304344e-01,-1.982084531570937197e-02,6.095932276219385125e-03,6.123685302534860320e-01,7.903004219003296749e-01,-5.961436101791532313e-03,9.543572784788029173e-02,2.544997160953725857e-01,1.189432191724005966e-01,-2.476324493787973313e-01,4.342775999168434209e-02,-1.544692179732668480e-01,-1.382108619123610313e-02,9.074276258832517095e-02,1.297046152484369608e-01,1.846171658663894877e-02,1.398413836983580238e-01,-1.989027338279945045e-01,-1.013821585024098498e-01,1.970649377325625062e-01,-3.944000842144864682e-01,6.845703265474966104e-01,-4.352359304423529807e-01,1.056901604317525001e+00,3.663904369586134524e-01,-1.357714444145404487e-01,5.506669676581354977e-01,-1.729201266424991446e-01,-3.350398033869786407e-01,6.400064921721592137e-01,1.053288075045641703e+00,-2.556188899002591608e-01,-1.365116698656770600e-01,-3.300460705492552771e-01
-9.292558167828680882e-03,-6.371679740716151841e-02,7.903798167126198093e-01,-1.981764064607187750e-02,5.927228766788547251e-03,6.134786695828925440e-01,7.894403403963931032e-01,-7.325204711123618415e-03,9.580002945363115530e-02,2.517375820395297836e-01,1.206815536972619257e-01,-2.468199241924531606e-01,4.289515501223060967e-02,-1.541932621065623399e-01,-1.418373102158012808e-02,8.785098222114956501e-02,1.299777273474433947e-01,2.102808387549184865e-02,1.366411510015838049e-01,-2.008341721840193883e-01,-1.022805602273960529e-01,1.980647002587302974e-01,-4.032300544487078531e-01,6.952055335098372701e-01,-4.317927065849390122e-01,1.063355728663298194e+00,3.664017179539728053e-01,-1.328660047070237826e-01,5.614999200428271164e-01,-1.682918832209434057e-01,-3.344934595613953676e-01,6.388172609876253683e-01,1.052547162488322474e+00,-2.496732731970795482e-01,-1.391155161043685085e-01,-3.363759449429541415e-01
-9.024371912352701849e-03,-6.381391428829912005e-02,7.905077265799939079e-01,-1.979002344214456088e-02,6.022059384249456651e-03,6.147079482587610721e-01,7.884834989525371096e-01,-8.487588299823918200e-03,9.558796892134829859e-02,2.493865320272070918e-01,1.211348002296890186e-01,-2.448266096835981787e-01,4.266373932244384853e-02,-1.525747855304988854e-01,-1.519248561467031675e-02,8.448888192057206481e-02,1.276217025767404367e-01,2.188946842504495283e-02,1.378892020031149968e-01,-2.008556137534969199e-01,-1.031609730915449274e-01,1.967687385175254100e-01,-4.102181717869869404e-01,7.035869394662889187e-01,-4.328621404233183312e-01,1.069798134020840008e+00,3.686539730231218615e-01,-1.321201782156560256e-01,5.617542564918392989e-01,-1.623784843885292817e-01,-3.346083049067691828e-01,6.379292188184442214e-01,1.053162674115499575e+00,-2.461413497776008541e-01,-1.403849038951515138e-01,-3.348106641036910913e-01
-8.793520050669413959e-03,-6.386258659715773889e-02,7.904188814513647410e-01,-1.949829957509937803e-02,6.541129622095588278e-03,6.146797371535824839e-01,7.885086243470953438e-01,-9.561443242836668507e-03,9.474538279173140565e-02,2.487890546859652940e-01,1.222615255225828063e-01,-2.451428861011597515e-01,4.261699459200379847e-02,-1.528004846403155370e-01,-1.658666746198193473e-02,8.194298951426752520e-02,1.269710623756504231e-01,2.087311584141010590e-02,1.364750864227557425e-01,-2.007548893763405340e-01,-1.040127428860671138e-01,1.958093080309611933e-01,-4.159522327931529095e-01,7.117246576146388781e-01,-4.312067159836865948e-01,1.079806924102050258e+00,3.689038008484784581e-01,-1.310017019648304915e-01,5.611855097440154871e-01,-1.577300227632582597e-01,-3.342849731485922349e-01,6.339716224328174610e-01,1.052035832513436908e+00,-2.424223255887006379e-01,-1.418462488029292590e-01,-3.329644215878739266e-01
-8.535024251630491179e-03,-6.377731823870771977e-02,7.903898541001549427e-01,-1.947935507264815513e-02,6.861009583008334696e-03,6.155281844036852856e-01,7.878442330043150532e-01,-1.110106776849814798e-02,9.417178412101245844e-02,2.450596671097612922e-01,1.234737591764580589e-01,-2.451075437073370611e-01,4.234562167711984626e-02,-1.542106435405884712e-01,-1.718816527648506925e-02,8.107867940656937611e-02,1.295507007523356013e-01,2.010450073149841477e-02,1.318410337988653314e-01,-2.012100393890062511e-01,-1.062463203815909030e-01,1.946230213502168904e-01,-4.225137556577596154e-01,7.188731475720124831e-01,-4.263683697545583851e-01,1.084689797474084783e+00,3.630727366559253211e-01,-1.316274766017798969e-01,5.612743288744181935e-01,-1.526914539224935585e-01,-3.305247113258213965e-01,6.284286774547021004e-01,1.057277447736478804e+00,-2.324552819145449811e-01,-1.443040036481273714e-01,-3.329332571199549728e-01
-8.340314610433217576e-03,-6.359490061539746497e-02,7.903399649114598580e-01,-1.953507934129848980e-02,7.442301398015842631e-03,6.151501649780671821e-01,7.881327726674525191e-01,-1.149000562107153206e-02,9.372487172100338326e-02,2.451825922865840113e-01,1.230941394402751271e-01,-2.450389189053763239e-01,4.064150236576376252e-02,-1.537538745994039280e-01,-1.812949348944183081e-02,7.820647376700191888e-02,1.265715557058118557e-01,2.079524874567011128e-02,1.322845187017052115e-01,-2.023818062586212885e-01,-1.070857513489986146e-01,1.934284939408769666e-01,-4.273175817450337588e-01,7.284162717672653109e-01,-4.246270094676296014e-01,1.092088487482290926e+00,3.631248938009939975e-01,-1.322100737552612260e-01,5.602929452614563433e-01,-1.488415192093321127e-01,-3.305027356964959084e-01,6.258094394975136643e-01,1.056889488459872739e+00,-2.315454746264077324e-01,-1.458757603940288583e-01,-3.328206637994993722e-01
-8.182816210207303695e-03,-6.335045122409335705e-02,7.903760222935545254e-01,-1.963245717993659586e-02,7.231696648408390479e-03,6.153478198143488287e-01,7.879780008594087226e-01,-1.127481938175391163e-02,9.434751392370757661e-02,2.449959636840218502e-01,1.238692138538601828e-01,-2.464548897020107654e-01,4.292596341650558450e-02,-1.542138910074873082e-01,-1.728060504288395083e-02,7.973286623751202340e-02,1.284184967560247637e-01,2.231980866301240540e-02,1.298036442719081585e-01,-2.016928505874885369e-01,-1.096196964801135626e-01,1.939698051696938652e-01,-4.321628484432037953e-01,7.366647920028894791e-01,-4.205184793898272266e-01,1.100933602402333511e+00,3.671457004563463133e-01,-1.301565316444127096e-01,5.631733781320775734e-01,-1.444735291198517568e-01,-3.279021501911398295e-01,6.217807583943442129e-01,1.059959386500991307e+00,-2.296044509095836184e-01,-1.451629543357953189e-01,-3.341653074174539273e-01
-8.115137792355127389e-03,-6.298109955118853798e-02,7.902807305014797334e-01,-2.021441820200946260e-02,7.962391811767310576e-03,6.154271597108932346e-01,7.878942750798308969e-01,-1.163847311678160509e-02,9.404722771099038869e-02,2.449900875967853386e-01,1.213697829522973337e-01,-2.470500892333388210e-01,3.960984057708035605e-02,-1.559257674659942083e-01,-1.790738067937150749e-02,7.616894824355353866e-02,1.285777524276457695e-01,2.299241665420861946e-02,1.297880837581503466e-01,-2.023890222674355199e-01,-1.099729133116993524e-01,1.921851343120499489e-01,-4.364031353222171949e-01,7.455092918184903494e-01,-4.186216021158420952e-01,1.107912429666146004e+00,3.668374450454758295e-01,-1.308917861406848071e-01,5.638660626506777351e-01,-1.400900851378799050e-01,-3.258413860015795804e-01,6.166759203942551171e-01,1.064549850132539888e+00,-2.262843189502197205e-01,-1.470042145386836752e-01,-3.322193625229633018e-01
-8.116268525817694340e-03,-6.255437288712935306e-02,7.902769346790219362e-01,-2.012598797562421479e-02,8.202442490466458139e-03,6.150066329809995569e-01,7.882223708666035167e-01,-1.144856543124413151e-02,9.330404969381093927e-02,2.434194327141087633e-01,1.220536821970311936e-01,-2.475426726313260661e-01,4.074134198213488767e-02,-1.551243236859312369e-01,-1.852667988306608282e-02,7.570261529951201329e-02,1.269207244788798372e-01,2.365653166116821193e-02,1.301279918788994516e-01,-2.020533934071830351e-01,-1.124348353624250729e-01,1.900002456281993657e-01,-4.371177716127591095e-01,7.508880057981880407e-01,-4.122790264570862506e-01,1.117819762123289706e+00,3.587083806159753196e-01,-1.326179611926163460e-01,5.650396506363426496e-01,-1.364813228139417078e-01,-3.240386829907913047e-01,6.123458449654946012e-01,1.069966933263046371e+00,-2.250987764440564309e-01,-1.486105723727071115e-01,-3.346027531110388753e-01
-8.134477812832703256e-03,-6.209046465538826942e-02,7.903661679237617976e-01,-1.894456197613937978e-02,7.365170365466508495e-03,6.156512346031951521e-01,7.877565710094588391e-01,-9.235877237881655322e-03,9.214568659462649136e-02,2.419102949576560357e-01,1.245991944851672500e-01,-2.469061608485679238e-01,4.261684789329107242e-02,-1.523485003250948655e-01,-1.971255419285204008e-02,7.754006502659363531e-02,1.287520643292171252e-01,2.376695455688272729e-02,1.264546233452569224e-01,-2.033010450050602158e-01,-1.144433328099373759e-01,1.893699327415505618e-01,-4.391416604063502760e-01,7.569348944576969052e-01,-4.122406038108639703e-01,1.126164428205751911e+00,3.579152934232748828e-01,-1.326916962369641406e-01,5.629609526998310409e-01,-1.327017762084654051e-01,-3.219617696805106566e-01,6.095102351303272048e-01,1.074897393216012853e+00,-2.187854722850605393e-01,-1.501830245719726342e-01,-3.344070467331425323e-01
-8.206317670157885213e-03,-6.160834460733013301e-02,7.902195899644909316e-01,-1.819670816666453181e-02,7.215064531258054241e-03,6.155620977339726352e-01,7.878452427279468706e-01,-8.150932097699415887e-03,9.120693277455131642e-02,2.434547642285458391e-01,1.270922633299634008e-01,-2.484452210561398922e-01,4.115172672857449893e-02,-1.497006670393383476e-01,-2.162077781140302885e-02,7.554231364093443035e-02,1.273718347963134490e-01,2.162929644329469880e-02,1.297732834662794765e-01,-2.022361797602381661e-01,-1.160549583782841260e-01,1.893790761647787535e-01,-4.390643228779036455e-01,7.624335956734686892e-01,-4.107976551561826062e-01,1.135387870125833976e+00,3.547623704684338963e-01,-1.349922396998234631e-01,5.620790656044848399e-01,-1.303936099573819729e-01,-3.211768080597623420e-01,6.074739227925667340e-01,1.080960160118553448e+00,-2.203060816801409305e-01,-1.500431603452965779e-01,-3.337650358127989825e-01
-8.326633489549394029e-03,-6.111909143090289709e-02,7.902361324775341034e-01,-1.849724048380756158e-02,7.135056526780119389e-03,6.153547723410026649e-01,7.880009182862645067e-01,-6.460573404565993390e-03,9.106198114555799639e-02,2.426575727031948237e-01,1.248923993046840708e-01,-2.504728420754742668e-01,4.231056721112735897e-02,-1.484029246337174590e-01,-2.100815692583343428e-02,7.760484784640300782e-02,1.251477702901323819e-01,2.292109208146608790e-02,1.309987755751770844e-01,-2.019964999561149332e-01,-1.165227600447179962e-01,1.857425390063895398e-01,-4.366730566225436871e-01,7.655045250665314382e-01,-4.097963940434738994e-01,1.145043072124236172e+00,3.507645829900301604e-01,-1.389732513405681491e-01,5.586341039683430099e-01,-1.269674830687022582e-01,-3.204507211581056891e-01,6.051871006435812772e-01,1.085869709296092722e+00,-2.189916213546352075e-01,-1.519733654550528001e-01,-3.334706245247509027e-01
-8.413400990511478092e-03,-6.061631190901951155e-02,7.902530587005646145e-01,-1.806834539110106774e-02,6.749872055506010889e-03,6.154955398851473802e-01,7.879043181145491959e-01,-4.845666647811219807e-03,9.048232028286920525e-02,2.417913186135779990e-01,1.255032612912387324e-01,-2.504521222841359918e-01,4.225406702213545251e-02,-1.458240938688441513e-01,-2.196217771642475919e-02,7.618244848410320180e-02,1.242103345882887289e-01,2.240410852243189532e-02,1.330175359839341764e-01,-2.008191210953680361e-01,-1.171195042830145000e-01,1.796490977371184850e-01,-4.327826113606051961e-01,7.682586527670108856e-01,-4.094987772103279577e-01,1.152690726865933213e+00,3.499611646452148173e-01,-1.408642612041821618e-01,5.565201788300075947e-01,-1.216030350873560373e-01,-3.204216598934371829e-01,6.042176451179178676e-01,1.090549862566028816e+00,-2.217771987100811137e-01,-1.515981369464658723e-01,-3.350208827956570601e-01
-8.502670485828745656e-03,-6.015648515625460213e-02,7.902607528037477458e-01,-1.750654318784601940e-02,5.830823916529127501e-03,6.163350429656232476e-01,7.872678306971708784e-01,-2.301141247359675748e-03,8.991525358383235800e-02,2.381932936662297107e-01,1.254589469657226286e-01,-2.512492850242401543e-01,4.328539077821580427e-02,-1.433862678712560235e-01,-2.250289910777922980e-02,7.537276977718035398e-02,1.264143261451735611e-01,2.064672803460114447e-02,1.334793534709750595e-01,-2.019258192097957150e-01,-1.151780406803580153e-01,1.746326151956170414e-01,-4.298129381228278367e-01,7.685608551031621882e-01,-4.056326318903498707e-01,1.159656466919143591e+00,3.423718563739566734e-01,-1.422239822277227006e-01,5.534163658870989710e-01,-1.158597302713182398e-01,-3.219942094626520035e-01,6.016486257761518575e-01,1.091581813583726746e+00,-2.204170763513182141e-01,-1.526441412897862893e-01,-3.365763623520566239e-01
-8.614152130490361492e-03,-5.972679433357430678e-02,7.902940829753165586e-01,-1.724869266729358447e-02,5.434246860153224903e-03,6.162757382001050610e-01,7.873227839128287275e-01,1.065030829338411977e-04,8.940926509701463409e-02,2.372750556852401549e-01,1.239768576077786566e-01,-2.515445333573042008e-01,4.313258365020040258e-02,-1.421055307729361672e-01,-2.273826008778269056e-02,7.513404615273409914e-02,1.271208340434252237e-01,2.047534051421052992e-02,1.331912554289762518e-01,-2.024335824150367280e-01,-1.147373269107815619e-01,1.707722372466359551e-01,-4.264422357333750302e-01,7.703458433073790967e-01,-4.061452373787073356e-01,1.167391054514151927e+00,3.422295358527962517e-01,-1.432904899775977459e-01,5.498017587286265773e-01,-1.123174565961574944e-01,-3.230134154847367767e-01,6.015739592185207485e-01,1.093411875623221396e+00,-2.189383889720956933e-01,-1.528821435808174478e-01,-3.341950060863270733e-01
-8.704715053669069211e-03,-5.933472628679234417e-02,7.903400198141707911e-01,-1.676314995490011880e-02,5.160571120961925454e-03,6.165839181627442711e-01,7.870937918522623589e-01,1.778802591023999607e-03,8.838145180326409389e-02,2.360372524827282215e-01,1.236723829947975889e-01,-2.505292232391147511e-01,4.275152994330062850e-02,-1.395623123805194710e-01,-2.405345098431167436e-02,7.347121042717918993e-02,1.259657283184090204e-01,1.960397063242605431e-02,1.360542104020810994e-01,-2.018992648979868187e-01,-1.150214121714696058e-01,1.658775075990086834e-01,-4.225752020857181934e-01,7.706746659745553618e-01,-4.042224433907052883e-01,1.171904145847846745e+00,3.352718278011210806e-01,-1.467444048371986109e-01,5.445212806615884471e-01,-1.073448093207728660e-01,-3.250405237831506255e-01,6.023830217327756920e-01,1.092774870541014742e+00,-2.158363938335289001e-01,-1.550107893595216724e-01,-3.306129080627945860e-01
-8.841171038330479515e-03,-5.898854550391109675e-02,7.903928982137344850e-01,-1.627494825876458703e-02,3.990918552011727544e-03,6.171545836027393372e-01,7.866634722461788298e-01,5.746093686783446813e-03,8.829865478340000184e-02,2.341546095971983876e-01,1.215141450050930272e-01,-2.513562208265152642e-01,4.284580313593318313e-02,-1.376692881225686227e-01,-2.396588750984398816e-02,7.217262164978292815e-02,1.289569337394535220e-01,2.036904279843583521e-02,1.369633041046298683e-01,-2.023707866750299178e-01,-1.149500739851482545e-01,1.625148794831616506e-01,-4.204108479580723201e-01,7.713120845591393548e-01,-3.985463704411859598e-01,1.176291825405097136e+00,3.281690671556433125e-01,-1.483550566046148156e-01,5.413529253713141864e-01,-1.023197673984952011e-01,-3.262039426128626185e-01,6.012066772610067389e-01,1.090668024186009388e+00,-2.094989213199910105e-01,-1.580580223467161483e-01,-3.277456314009508653e-01
-8.987293259056500574e-03,-5.860832330295835668e-02,7.904235216001382902e-01,-1.564494867503177580e-02,3.229806871600922943e-03,6.176702054538476538e-01,7.862749654053148296e-01,9.269546112645059982e-03,8.737881935526141397e-02,2.323540289961455452e-01,1.190896839640035315e-01,-2.503195342301765547e-01,4.179841722086644756e-02,-1.354300331175795624e-01,-2.498285481410883468e-02,7.011409283155503602e-02,1.304131848055679888e-01,2.029746694180960265e-02,1.390056593056194223e-01,-2.035127278301253895e-01,-1.151701375674788475e-01,1.573906467391789910e-01,-4.195024083573752893e-01,7.715497809939154683e-01,-3.962635652670421504e-01,1.184212372307189343e+00,3.226224609689813394e-01,-1.498630864645652816e-01,5.370969125589413196e-01,-9.749647905766073430e-02,-3.281130474359984506e-01,6.030836958685049654e-01,1.088122204956381900e+00,-2.036864314639027507e-01,-1.610525269311001151e-01,-3.230769289811593614e-01
-9.131641212808384866e-03,-5.820891526047931169e-02,7.904177931498890253e-01,-1.523321261679419156e-02,2.505016808365363896e-03,6.183055120900001755e-01,7.857862100108931047e-01,1.178467666291107066e-02,8.691611395724951894e-02,2.312031303537321336e-01,1.182246301987412290e-01,-2.511067110381549061e-01,4.326929814158540083e-02,-1.338729526773163314e-01,-2.530987067066132329e-02,7.025432755219877812e-02,1.327911199792649322e-01,1.923450590552425177e-02,1.405814801321467467e-01,-2.030303374107120806e-01,-1.155039975167991007e-01,1.533283619953471066e-01,-4.182328953820292350e-01,7.732425764244853506e-01,-3.945495669711831521e-01,1.187034850013948040e+00,3.241805259954216312e-01,-1.522959612936630458e-01,5.328699050785602465e-01,-9.361651747624599729e-02,-3.286898891632524800e-01,6.013157949594979401e-01,1.089506925614452726e+00,-2.060423856136456289e-01,-1.622579322353461251e-01,-3.201242791877288996e-01
-9.295819960079682726e-03,-5.774064934776466235e-02,7.904834622217625784e-01,-1.541829933638986030e-02,1.885388411506572302e-03,6.185395108987467028e-01,7.856001494483372261e-01,1.402689120606500153e-02,8.728150015878927137e-02,2.295658704410669104e-01,1.162977143675621161e-01,-2.520300285894081505e-01,4.439951739352685639e-02,-1.344712414128368949e-01,-2.434441734125165901e-02,7.088821415524874936e-02,1.370044242357067454e-01,2.000746857496042697e-02,1.418070944863534522e-01,-2.034740108739311326e-01,-1.160129938286222628e-01,1.503315088488929863e-01,-4.156594202518884007e-01,7.748288421364474265e-01,-3.911032451065354909e-01,1.187808243559733024e+00,3.181231356069798566e-01,-1.550631001422342892e-01,5.290663130090949018e-01,-9.122523922519670814e-02,-3.282613987450198056e-01,6.007954650873458258e-01,1.091603920638711145e+00,-2.014225330511980327e-01,-1.643561444772062841e-01,-3.181511769102361997e-01
-9.451348437336172525e-03,-5.718422499000961473e-02,7.904796929800609329e-01,-1.525285920871133696e-02,1.419156394183572261e-03,6.188247254409935394e-01,7.853797141917826519e-01,1.688213351023236733e-02,8.678755718482936143e-02,2.287694768498541031e-01,1.138490810980989920e-01,-2.523555185203451012e-01,4.440144251734229330e-02,-1.335093277177308579e-01,-2.461439899958014002e-02,7.032101924928770009e-02,1.390630050452091870e-01,1.918066969180640124e-02,1.423280662135360808e-01,-2.046158594108331286e-01,-1.157508407622382801e-01,1.475486775912912274e-01,-4.150299835856686159e-01,7.749617096148732065e-01,-3.880642993374714411e-01,1.194120463831340961e+00,3.146413508417047478e-01,-1.546688812191282236e-01,5.252737254421525614e-01,-8.875559688681081139e-02,-3.292410641494756818e-01,6.023953340454737404e-01,1.091427147766146799e+00,-1.992298561057924133e-01,-1.651514140715407142e-01,-3.154910145468447502e-01
-9.616055701657617513e-03,-5.657319382615402098e-02,7.905374001045488708e-01,-1.528729471465251413e-02,1.137836505626887724e-03,6.188130880324989036e-01,7.853886719504399316e-01,1.942522412851090813e-02,8.637590971720561506e-02,2.280001752493898137e-01,1.111741206242465446e-01,-2.522146030448698673e-01,4.494713215413531637e-02,-1.325072755065814789e-01,-2.465540751714879325e-02,7.009091897017682982e-02,1.395351280808010963e-01,1.982317055130143613e-02,1.434067717324014057e-01,-2.047356905513096070e-01,-1.160821459942698169e-01,1.446484948591755526e-01,-4.139314172071381082e-01,7.761430575527071829e-01,-3.873808452333502572e-01,1.197447101675207293e+00,3.133726449449462104e-01,-1.554652614221788687e-01,5.230336894539406867e-01,-8.673416800648005298e-02,-3.297175177022540482e-01,6.035985358202594631e-01,1.092646329149322026e+00,-1.998551697581047171e-01,-1.653725833493029373e-01,-3.146732259810330334e-01
-9.765642992716278697e-03,-5.591271656381444771e-02,7.905415661043208031e-01,-1.520550705358696478e-02,7.065669444851240596e-04,6.193185254696877973e-01,7.849922657761966294e-01,2.112807854179089839e-02,8.615524905869621775e-02,2.273033210650752811e-01,1.109590610902840557e-01,-2.528664085479094825e-01,4.549016654126265130e-02,-1.307609878184911589e-01,-2.494702789491018424e-02,6.971514462649425203e-02,1.401112324327647429e-01,1.924129765024440442e-02,1.443451819632533828e-01,-2.041413893913710254e-01,-1.172667338693743344e-01,1.429028776894702146e-01,-4.133997888139659960e-01,7.776218727822302723e-01,-3.864450686241491795e-01,1.196792926386673450e+00,3.131903443682464427e-01,-1.561829397174549217e-01,5.210505740390084517e-01,-8.464977972690801433e-02,-3.288794448579812069e-01,6.034378418479290351e-01,1.096556111875242490e+00,-2.012604004013195391e-01,-1.653265934950553795e-01,-3.128463910912606116e-01
-9.954357620636945098e-03,-5.524183783567535033e-02,7.905544511162394539e-01,-1.554432838352235412e-02,5.725592434229127316e-04,6.194692272353030660e-01,7.848668183453247904e-01,2.247910903653481743e-02,8.622621311437321523e-02,2.272302722163443700e-01,1.095203278150217452e-01,-2.537282815042368744e-01,4.569825437622080516e-02,-1.308813856995643954e-01,-2.464622749755268627e-02,6.986718606609303162e-02,1.419180239205974914e-01,1.880340495428291236e-02,1.446612920028255145e-01,-2.046670459683094245e-01,-1.173060446650513733e-01,1.408089122527736714e-01,-4.114412041710167611e-01,7.790646601616788569e-01,-3.860091712189169244e-01,1.196568004377185579e+00,3.121435805843238986e-01,-1.566967947362360725e-01,5.193168556275733483e-01,-8.345384784680442980e-02,-3.287111094129492872e-01,6.038052643507544337e-01,1.099326148591946550e+00,-2.019962399967301647e-01,-1.653836348884328011e-01,-3.116202398226687875e-01
-1.013660012597928858e-02,-5.456326620589322524e-02,7.906349627453174156e-01,-1.562504758662720816e-02,1.037537461390489234e-04,6.199465677406296171e-01,7.844884322089697992e-01,2.358669902678212082e-02,8.642217771437898932e-02,2.262040661269444919e-01,1.101668826923995759e-01,-2.542356514751904495e-01,4.630653726050718011e-02,-1.305289657509745849e-01,-2.430280713538405385e-02,7.068944004675875581e-02,1.448984819441530292e-01,1.872868784687992116e-02,1.442970459503864766e-01,-2.050383632166210557e-01,-1.174891195842388963e-01,1.390925721504865098e-01,-4.099526182701227484e-01,7.800728834038935799e-01,-3.855126381312898864e-01,1.195169962631341232e+00,3.109754133571847046e-01,-1.567616168767346219e-01,5.181934409651186568e-01,-8.209004340463912919e-02,-3.282233947785877515e-01,6.044584891510238478e-01,1.102821606256911391e+00,-2.021508231036901748e-01,-1.648759632775276540e-01,-3.108967812530010755e-01
-1.031526218467963482e-02,-5.389265600350252872e-02,7.906660077098913719e-01,-1.578430614240866614e-02,-7.792379505436883638e-05,6.204203911355393730e-01,7.841105712019880158e-01,2.431109621162369505e-02,8.634649813709600885e-02,2.254581044803293799e-01,1.102985210477242517e-01,-2.546867182208696900e-01,4.611619093749136367e-02,-1.305309788170551377e-01,-2.441937966344914779e-02,7.062798813084354699e-02,1.474378646187056718e-01,1.804985155920092732e-02,1.452304591592208927e-01,-2.060556911154025062e-01,-1.175366600917821108e-01,1.370069154290740610e-01,-4.084223015382336675e-01,7.810236877132398225e-01,-3.846300761029372017e-01,1.194422646813763533e+00,3.096057429179808196e-01,-1.570981434338620253e-01,5.164614260096607179e-01,-8.051293540102655300e-02,-3.284956884010433731e-01,6.057886049602850820e-01,1.104169977622304399e+00,-2.020799760838769277e-01,-1.652129694200801802e-01,-3.085238037292895030e-01
-1.047865952339511325e-02,-5.323118463494513203e-02,7.907117513862607083e-01,-1.570576760683591380e-02,-1.112725490838305828e-04,6.206989002930376476e-01,7.838916963824225093e-01,2.501915339129417992e-02,8.575679973096218822e-02,2.252540133238442044e-01,1.107948274528374466e-01,-2.545261258341424138e-01,4.643343123795753979e-02,-1.298961018826623459e-01,-2.504787445862476439e-02,7.116310974439092607e-02,1.485198434387489108e-01,1.738540521834452957e-02,1.458234791711945089e-01,-2.069169911458918487e-01,-1.175859849423366715e-01,1.355334956462038998e-01,-4.068555218773121096e-01,7.822071490896091994e-01,-3.848218374408379772e-01,1.193412473073687030e+00,3.076766137272170520e-01,-1.579818371206444250e-01,5.150070716802471749e-01,-7.933539970353573056e-02,-3.294730695681002963e-01,6.073521376996710019e-01,1.104510804568758386e+00,-2.038406984142097367e-01,-1.651724396431011876e-01,-3.074827117557658585e-01
-1.061070568335787702e-02,-5.257165386285158476e-02,7.907144617237020778e-01,-1.565873900907545357e-02,-9.275429890391432858e-05,6.210633789917957559e-01,7.836039015756476322e-01,2.543550751303227248e-02,8.516626728581723482e-02,2.247619314603073182e-01,1.115757641167507141e-01,-2.548776648013605928e-01,4.688698561043813662e-02,-1.294399866780446828e-01,-2.581887206985851099e-02,7.082744165103123379e-02,1.498794685485407840e-01,1.620346214124220030e-02,1.465470870714500884e-01,-2.067239113538975326e-01,-1.182274567896007267e-01,1.338586304298541307e-01,-4.057538682597407464e-01,7.837724433208296260e-01,-3.854046600645740783e-01,1.190504563004096461e+00,3.072263074367484470e-01,-1.587960992382162206e-01,5.140679418450420091e-01,-7.756781370851942303e-02,-3.297093829165815837e-01,6.085201803891415739e-01,1.105819644756991238e+00,-2.059550597561312646e-01,-1.654712977603830792e-01,-3.055738465789642477e-01
-1.071569509453295689e-02,-5.191295254927473513e-02,7.906756277753238527e-01,-1.568295216927855298e-02,4.777820768863999708e-05,6.214840598339363975e-01,7.832698169218736961e-01,2.595449503868760624e-02,8.439999887929112987e-02,2.238113335579115515e-01,1.114031661655462829e-01,-2.553991958857624311e-01,4.682254121011705100e-02,-1.292244546767861435e-01,-2.660164779530142798e-02,7.062520579880858518e-02,1.511884431784889515e-01,1.449534250355966059e-02,1.464025071412769496e-01,-2.067956505622488006e-01,-1.180949416780498057e-01,1.325517524871379915e-01,-4.052211209821812155e-01,7.843360619279066137e-01,-3.852873627085735553e-01,1.189223392267252377e+00,3.066885697204800865e-01,-1.592945087844812313e-01,5.121689073859094776e-01,-7.593112852950313629e-02,-3.300266668337916709e-01,6.092797875683534370e-01,1.106999951973735019e+00,-2.076161977033416095e-01,-1.662220802431543798e-01,-3.029325530637746455e-01
-1.080405537162232484e-02,-5.127513359013197158e-02,7.906491431496074362e-01,-1.605385057002458801e-02,4.358438577438748362e-04,6.216443297336524676e-01,7.831349891506594885e-01,2.580083834625157557e-02,8.403340524684910218e-02,2.237511328805927013e-01,1.109842105282450031e-01,-2.560487135217587862e-01,4.709958091934807883e-02,-1.298389146054879373e-01,-2.700894234762157495e-02,7.025668214525915278e-02,1.521004928980236592e-01,1.332542367454944698e-02,1.478277617106680542e-01,-2.062888202731142373e-01,-1.177810729387095134e-01,1.312844039377404626e-01,-4.047783445063531937e-01,7.854357784596889269e-01,-3.862337804134735597e-01,1.186931751608203633e+00,3.084251506765162132e-01,-1.606093954887324871e-01,5.114623025262177158e-01,-7.448145794852364943e-02,-3.307572552776312236e-01,6.098754614191238543e-01,1.107468034649132127e+00,-2.094647461466999649e-01,-1.668252971649626382e-01,-3.005762711552790734e-01
-1.087823430740093682e-02,-5.065494243713356687e-02,7.906062099900285078e-01,-1.632661987597865128e-02,6.241998441951087610e-04,6.220288465730271499e-01,7.828238409048411395e-01,2.617608859929282730e-02,8.368549429517321836e-02,2.230353135466196512e-01,1.101263260802132216e-01,-2.567723343243875633e-01,4.703450048084874963e-02,-1.303204578921740575e-01,-2.750861722042984361e-02,6.888732038846955008e-02,1.538692139763877809e-01,1.201069677906251021e-02,1.480887365858883087e-01,-2.062169107587003003e-01,-1.171987247367271834e-01,1.295946967491715118e-01,-4.047112989597314026e-01,7.857250914567698308e-01,-3.873971115502746754e-01,1.185740780167949593e+00,3.100089511559187549e-01,-1.610576065382649802e-01,5.096359403918870878e-01,-7.298632998378186409e-02,-3.313840127880829933e-01,6.107469291525143840e-01,1.108294327326815987e+00,-2.125595118594836852e-01,-1.670058879293234988e-01,-2.980543515284760359e-01
-1.093512726899849991e-02,-5.006386182425588000e-02,7.906193516327684190e-01,-1.633224211071187398e-02,7.641674444238141057e-04,6.221794940534638441e-01,7.827038719050316562e-01,2.636154393870545828e-02,8.313802783794486950e-02,2.223417896044955211e-01,1.107650491071495991e-01,-2.569219634985601686e-01,4.807066038022519971e-02,-1.305445584494720479e-01,-2.807412461000888260e-02,6.877013083496190393e-02,1.556882030295028696e-01,1.084281940466390315e-02,1.487030606798255550e-01,-2.063371662245518379e-01,-1.172046649598625090e-01,1.280500790394397681e-01,-4.039332488532692000e-01,7.859542371147203443e-01,-3.883074622937439102e-01,1.184655840857430142e+00,3.083965535441823280e-01,-1.621071429800995667e-01,5.068326672520954146e-01,-7.188659309126667341e-02,-3.319702132664215655e-01,6.118744363764478944e-01,1.108844875517837059e+00,-2.134936959922995037e-01,-1.672581381242922716e-01,-2.937883517092924612e-01
-1.098593335200084148e-02,-4.951191311049354948e-02,7.906022181061699294e-01,-1.641360091179389774e-02,8.536088514181068652e-04,6.224616157940857653e-01,7.824777325394324246e-01,2.676846522569120701e-02,8.275693019643116932e-02,2.217702217757474559e-01,1.106972919312611409e-01,-2.572328291692623781e-01,4.821993713281807342e-02,-1.308816974821185863e-01,-2.851523312927552178e-02,6.831163026110181891e-02,1.577014991794301046e-01,9.729041941554772421e-03,1.493810341145314635e-01,-2.066431969724006890e-01,-1.171949287173280202e-01,1.270897325976863834e-01,-4.033346351136043451e-01,7.866153648276449362e-01,-3.888658691074901030e-01,1.182641825300448035e+00,3.086650653612791895e-01,-1.625477659705426015e-01,5.038736607969562797e-01,-7.119237670135392104e-02,-3.323887278558634861e-01,6.128277755051430020e-01,1.109600500935213452e+00,-2.150334159559370850e-01,-1.667920937899557143e-01,-2.881669786949774825e-01
-1.104471104191013554e-02,-4.899675650502923613e-02,7.906203825371369565e-01,-1.663517792545013071e-02,9.783191965425271086e-04,6.226180555330550481e-01,7.823484330342678206e-01,2.735112313271400794e-02,8.256933814630196267e-02,2.216824926287300490e-01,1.097126063927735540e-01,-2.572684392227873595e-01,4.816725020658244039e-02,-1.312775591659514907e-01,-2.872651416577096800e-02,6.774693594581730760e-02,1.588951174388796850e-01,9.878511879472362534e-03,1.499082137198630982e-01,-2.070753579000556566e-01,-1.168234120878056254e-01,1.255277662400954009e-01,-4.024839994542926958e-01,7.865707546926032911e-01,-3.887135910595596600e-01,1.181586608160580587e+00,3.075660238582685335e-01,-1.630886987706902380e-01,5.010450168813790350e-01,-7.046792281881530950e-02,-3.327916654128092455e-01,6.135421675921923779e-01,1.110284141613540276e+00,-2.156079362467226701e-01,-1.665065719066594341e-01,-2.842281656828421488e-01
-1.110151898013649573e-02,-4.852032037303624645e-02,7.906228275095732450e-01,-1.683784093369039905e-02,1.081764811170763622e-03,6.228595072178975123e-01,7.821517443347304477e-01,2.745251480377502995e-02,8.243399190737554783e-02,2.211632497796842678e-01,1.096433290100497504e-01,-2.576883811227645982e-01,4.845999869130325488e-02,-1.321210094700659976e-01,-2.888722858324312137e-02,6.731235880057685750e-02,1.612379814392188582e-01,9.250500820822529779e-03,1.498871320364979776e-01,-2.074591376522280650e-01,-1.163163712380359816e-01,1.240926414583698456e-01,-4.015261499111966725e-01,7.871323716907369095e-01,-3.897780329756327378e-01,1.179371964451235044e+00,3.074615591174557627e-01,-1.640472352827369584e-01,4.973288598688612727e-01,-6.980829362990907672e-02,-3.335184263495677981e-01,6.145185484750149696e-01,1.110373986591801643e+00,-2.160473911390546620e-01,-1.661529895590382333e-01,-2.789148805869840486e-01
-1.116534440301097594e-02,-4.805919091231683482e-02,7.906203828097603248e-01,-1.707535278382842428e-02,1.135959696361125201e-03,6.232479106944806002e-01,7.818370570252086704e-01,2.759526326336554994e-02,8.230766163365012267e-02,2.200461881961266741e-01,1.093431694205951321e-01,-2.581764356223587575e-01,4.862780158198150987e-02,-1.328663593688566569e-01,-2.903283833520255153e-02,6.651035595440274450e-02,1.635973358498150065e-01,8.600565456694922450e-03,1.496024174207008506e-01,-2.080565047246771271e-01,-1.157099663746584406e-01,1.227191325827925311e-01,-4.013161431877144691e-01,7.872762895428415675e-01,-3.912253011488381893e-01,1.178290385926547668e+00,3.051598103366647274e-01,-1.646636467756762423e-01,4.921142245003565230e-01,-6.938939389392043133e-02,-3.337883844181012138e-01,6.152581904997014295e-01,1.111667351912226431e+00,-2.153955023234743471e-01,-1.654560434287242754e-01,-2.726359818390589052e-01
-1.125031920695294257e-02,-4.761940723503204492e-02,7.906648010438634966e-01,-1.734730016563556035e-02,1.124750770387988527e-03,6.235892211445637212e-01,7.815588841443636969e-01,2.783179733227629515e-02,8.244568648635376695e-02,2.199009231567934930e-01,1.089782482829168286e-01,-2.583257184429419429e-01,4.897545666869332348e-02,-1.344830027486976776e-01,-2.887164606846899864e-02,6.612566583889498140e-02,1.676393027727888507e-01,8.348828094946733613e-03,1.481689293959501663e-01,-2.094938699779266833e-01,-1.149617895717784249e-01,1.214358508266591141e-01,-4.004295427369382043e-01,7.875444739937591532e-01,-3.919717117157717201e-01,1.177638277202785577e+00,3.032582517403644151e-01,-1.647880884238545340e-01,4.866340797014214181e-01,-6.970961238253478576e-02,-3.339323791531736974e-01,6.161393638082854896e-01,1.113031681992073807e+00,-2.139937236248200536e-01,-1.647401116525632758e-01,-2.657825016163339882e-01
-1.135773141173262654e-02,-4.718786626711904408e-02,7.906746008584863983e-01,-1.757212024944674461e-02,1.096045978290042210e-03,6.239706469661642219e-01,7.812494166383597838e-01,2.801387898293576997e-02,8.247970134512674911e-02,2.195208128482445953e-01,1.088960131363183037e-01,-2.587642440285296552e-01,4.905682051190816267e-02,-1.354732201888740883e-01,-2.892411720205460834e-02,6.535728812428692747e-02,1.706738643320061255e-01,7.914792782050567022e-03,1.475369043876346986e-01,-2.097588826225789960e-01,-1.145018300168358094e-01,1.200236851769018731e-01,-4.001581457293436062e-01,7.878284954745564672e-01,-3.927373535960568263e-01,1.175721089961940358e+00,3.023053400600334006e-01,-1.648788986522390088e-01,4.814021978365373156e-01,-6.953602548660686722e-02,-3.338960248582397150e-01,6.164240253546074966e-01,1.114830618898685843e+00,-2.132251246887041929e-01,-1.637307527343903335e-01,-2.599132864820512534e-01
-1.150278601800197760e-02,-4.675743387403540063e-02,7.907094206665737923e-01,-1.770243510260852832e-02,1.088647550227782269e-03,6.243617376466275015e-01,7.809339659669257694e-01,2.782341980655156713e-02,8.228166574028143720e-02,2.187917906311916960e-01,1.097230880437004563e-01,-2.590406879231797466e-01,5.014780513957837332e-02,-1.364663239011456586e-01,-2.914255967437874573e-02,6.512932489403826242e-02,1.739145780187748014e-01,7.181419807982175607e-03,1.462163023964602460e-01,-2.106994500115481062e-01,-1.141015355204096637e-01,1.192504091929803278e-01,-3.998332075858674894e-01,7.879852250545795744e-01,-3.940896625862503333e-01,1.175209696838833251e+00,2.998156719302000339e-01,-1.644451035845824194e-01,4.757783311704958940e-01,-6.995103604332583713e-02,-3.342157683912836408e-01,6.169538808492968096e-01,1.116059600668481755e+00,-2.119178987102893486e-01,-1.622676389239650629e-01,-2.539023889402580725e-01
-1.169711277006519820e-02,-4.633768459053298761e-02,7.906800934920058532e-01,-1.784679954403532026e-02,1.206499246500588153e-03,6.246202466328837355e-01,7.807237562684238297e-01,2.758993745051408278e-02,8.194645996392217746e-02,2.189317137524055545e-01,1.103334823005980986e-01,-2.596181910376920143e-01,5.039628658411647588e-02,-1.371721326451286194e-01,-2.970905823478021957e-02,6.424519885324263269e-02,1.759881582542929535e-01,6.009899493265774550e-03,1.457395425822486379e-01,-2.105062111717244111e-01,-1.141330452037425947e-01,1.191280593882617922e-01,-4.001864920416160487e-01,7.886222313322169830e-01,-3.955233446290680743e-01,1.173867800975433973e+00,2.985200920288371140e-01,-1.639800740801532486e-01,4.722476920932029421e-01,-7.034012933676192514e-02,-3.345209584825400984e-01,6.171155285421392467e-01,1.117255734108292042e+00,-2.119369057617301044e-01,-1.605601862131746660e-01,-2.498942807769546914e-01
-1.195237261016430727e-02,-4.592623437453528107e-02,7.907130899510079747e-01,-1.822435477227840606e-02,1.006616691413703309e-03,6.249536694064314890e-01,7.804484420584141269e-01,2.745756748507563808e-02,8.243112888760907586e-02,2.189283434733104439e-01,1.110546789799414791e-01,-2.606190688766741870e-01,5.109979377335913120e-02,-1.383033293555066823e-01,-2.927496089036184246e-02,6.418835561604133155e-02,1.792206616946083186e-01,6.298520659730202920e-03,1.445435136529777398e-01,-2.112352769313435852e-01,-1.138753464999505277e-01,1.191126290297762069e-01,-3.999590439728732405e-01,7.893844361150308409e-01,-3.973449700489751213e-01,1.173161274664029641e+00,2.983221666976322850e-01,-1.632543094152086316e-01,4.675716265046768738e-01,-7.126600363072571609e-02,-3.345322471524478924e-01,6.176817273039623135e-01,1.118753471436926938e+00,-2.109073378030787149e-01,-1.586666180124279846e-01,-2.442289449543733615e-01
-1.225484185987466695e-02,-4.552995248832528152e-02,7.907025001116688712e-01,-1.862167335138204677e-02,1.076005714603723955e-03,6.252153824137580695e-01,7.802293259590494801e-01,2.666024233645735222e-02,8.258793605226838475e-02,2.194820943764188570e-01,1.122051310259551127e-01,-2.617466620107519182e-01,5.161284524045713085e-02,-1.394299362354679273e-01,-2.949868974701862559e-02,6.302447250505652243e-02,1.813374656071867208e-01,6.239713692829496061e-03,1.446472981746426967e-01,-2.116011261577269154e-01,-1.137885965618921497e-01,1.188813795611765173e-01,-3.999062580764968233e-01,7.898209655837925558e-01,-3.992692326228239885e-01,1.172827004358117708e+00,2.956300745938844066e-01,-1.633454338609866274e-01,4.634854018059176850e-01,-7.199508797717549258e-02,-3.350226009312183284e-01,6.183766988370431594e-01,1.119362438778072066e+00,-2.092715947748479965e-01,-1.575809228793179639e-01,-2.390771696278577441e-01
-1.260319003447298546e-02,-4.514788287340465445e-02,7.907392349320312430e-01,-1.910186283619506875e-02,9.708960677957954085e-04,6.255489586989001483e-01,7.799504320581741590e-01,2.593250472497379139e-02,8.304192842403790298e-02,2.194810537220204250e-01,1.133379755366920871e-01,-2.627700292293703166e-01,5.231961556176181749e-02,-1.408356008004450211e-01,-2.915240610152491224e-02,6.287724420252846502e-02,1.843821018078899698e-01,6.592116004062176238e-03,1.434234851459430526e-01,-2.122762117996220277e-01,-1.136336684211100567e-01,1.187858024574460353e-01,-3.995463972100720129e-01,7.902087807351996229e-01,-4.000801825034966397e-01,1.172859574079432976e+00,2.940737554045932955e-01,-1.629932016573583664e-01,4.587448076378795037e-01,-7.262792378556783002e-02,-3.352651044915573864e-01,6.183656037144740214e-01,1.119988612053558263e+00,-2.067507806358983291e-01,-1.566118255504880541e-01,-2.333000358957399711e-01
-1.299018851350718443e-02,-4.479075057159656592e-02,7.907564367014835449e-01,-1.959778138197122710e-02,1.077039190600092037e-03,6.256656295122046130e-01,7.798443992224226573e-01,2.499104606177270788e-02,8.316926769146484877e-02,2.195940321180781529e-01,1.141927458862953271e-01,-2.635909091515185043e-01,5.276800891264755294e-02,-1.423561927964462348e-01,-2.903574001661338166e-02,6.301852950356470751e-02,1.864950140765140874e-01,6.965257733078544788e-03,1.426795006203424865e-01,-2.126900466676965307e-01,-1.138126535903719316e-01,1.191511028621081159e-01,-3.994842302042874715e-01,7.907252135977395069e-01,-4.002685086047766960e-01,1.173760343335993772e+00,2.922095734612573104e-01,-1.629800088154843840e-01,4.554752064863910044e-01,-7.368413524208144993e-02,-3.358553764684521492e-01,6.191571674343913090e-01,1.119749850419819115e+00,-2.050692065207677106e-01,-1.560931501934495758e-01,-2.286044053462059911e-01
-1.340240668102046090e-02,-4.444656247656613574e-02,7.908060872928932561e-01,-2.017259178051193300e-02,1.155339755741715321e-03,6.258479666654327422e-01,7.796833038815487171e-01,2.354087422118781789e-02,8.346854552012884787e-02,2.191551229208834883e-01,1.157798793137942844e-01,-2.642339977918564120e-01,5.335019640023642984e-02,-1.437851153440350138e-01,-2.889497757696833993e-02,6.256661634564400498e-02,1.883408536438655467e-01,7.703418068647466255e-03,1.418647805740890222e-01,-2.130574949796698592e-01,-1.138774706517626106e-01,1.190124468384559930e-01,-3.992994942922036827e-01,7.906928712831908790e-01,-3.998201138409863131e-01,1.174668668393264115e+00,2.899840486710852372e-01,-1.625375510965074988e-01,4.517805854546910749e-01,-7.457861380321423317e-02,-3.362173297217719847e-01,6.193759478714835343e-01,1.120369823399557152e+00,-2.029217639555898900e-01,-1.553079621233739993e-01,-2.243933573958840355e-01
-1.383277795027718950e-02,-4.414660358022156478e-02,7.908564303969946030e-01,-2.074708162943865800e-02,1.304566330832457191e-03,6.258995550059454072e-01,7.796265796866518327e-01,2.213730958062008064e-02,8.375335282490249666e-02,2.198784588011268304e-01,1.171223853631187251e-01,-2.648479710783344099e-01,5.425546617616868600e-02,-1.448950938057178284e-01,-2.882018613855362454e-02,6.236489136868889754e-02,1.890766517630005084e-01,8.469809545490897262e-03,1.424678397625597226e-01,-2.131605864702862396e-01,-1.147755996357906344e-01,1.195473782142736363e-01,-3.998449891236980358e-01,7.916956925700469050e-01,-3.999209247573989323e-01,1.175870317916437369e+00,2.887186528246257766e-01,-1.623723429009577834e-01,4.492091469339526411e-01,-7.604068603687337558e-02,-3.364847257095601729e-01,6.201890703467805022e-01,1.120446237013670077e+00,-2.011399569021825318e-01,-1.544568845970978321e-01,-2.202642477036360624e-01
-1.427320426993501645e-02,-4.388021618579354688e-02,7.908668991361637035e-01,-2.130670495747710030e-02,1.515296584550592353e-03,6.260319474518535321e-01,7.795047972718037732e-01,2.059104486139706758e-02,8.388940554041642017e-02,2.204373229804940104e-01,1.183732193267780231e-01,-2.655942499936967405e-01,5.445290719098767884e-02,-1.462314900608956414e-01,-2.897153040116267828e-02,6.179973238093839499e-02,1.900711529011284151e-01,8.863340408058570374e-03,1.427181039179662436e-01,-2.128254453687127568e-01,-1.154987685585796148e-01,1.207089213502428177e-01,-4.012790486127297274e-01,7.922024482284405478e-01,-3.995311599427245342e-01,1.177363372822985532e+00,2.868644867006008847e-01,-1.621648971402781803e-01,4.466097388749034058e-01,-7.729176601426640536e-02,-3.366268055846892149e-01,6.206201750638740133e-01,1.120001353271747213e+00,-1.980342099729894834e-01,-1.541890077237308698e-01,-2.157528052349603487e-01
-1.472498986519197098e-02,-4.365106921171377219e-02,7.908981355356576870e-01,-2.192081042912843655e-02,1.792604394656010288e-03,6.258919861923437633e-01,7.795995678935548900e-01,1.892049854231476341e-02,8.406939665049814603e-02,2.211490682225783488e-01,1.195990470051384869e-01,-2.662099969409259526e-01,5.524928053501947794e-02,-1.478472277901820287e-01,-2.902902671188901940e-02,6.113311772249294118e-02,1.908593254980410769e-01,9.660304920679291252e-03,1.432521559077989948e-01,-2.117304024032954646e-01,-1.164300596078320094e-01,1.213963289769851711e-01,-4.026707664093848171e-01,7.926243326718086513e-01,-3.995102429507556563e-01,1.178951649377507405e+00,2.865615377415909326e-01,-1.617031472547485194e-01,4.451160582308207880e-01,-7.851448608816094521e-02,-3.367015558296089228e-01,6.210242183095682211e-01,1.119590928896385895e+00,-1.957646378701993761e-01,-1.534469579022769148e-01,-2.123966504144433332e-01
-1.517575243762518157e-02,-4.345302571160379601e-02,7.909355295919580087e-01,-2.250008474684331294e-02,2.003700739836714647e-03,6.258717397297268725e-01,7.795988050128186408e-01,1.716743294489553318e-02,8.421185984968480864e-02,2.209110640774365197e-01,1.210321444812475222e-01,-2.666153094674770241e-01,5.546584644871514758e-02,-1.493211464203976213e-01,-2.913958691985717858e-02,6.016175616143871335e-02,1.917143082333813420e-01,1.055897407687385325e-02,1.435231298900529195e-01,-2.109926791617231789e-01,-1.171830506801057326e-01,1.223717099767881733e-01,-4.043757180931373818e-01,7.925937244149842131e-01,-3.993975315692140926e-01,1.180743379660018411e+00,2.844841982962497129e-01,-1.614466656669382438e-01,4.422434636105754269e-01,-7.995343510738750492e-02,-3.368357338573391702e-01,6.220863438505622733e-01,1.119206852067404334e+00,-1.934173717230202594e-01,-1.528440982347469279e-01,-2.069979320047575233e-01
-1.561139922467660694e-02,-4.330595575411876758e-02,7.909922660693707863e-01,-2.293132855796709696e-02,2.130471976018913794e-03,6.259853376506256950e-01,7.794946903643140690e-01,1.567194963377373240e-02,8.428012607626587938e-02,2.212999958862577332e-01,1.224523553785143992e-01,-2.667342300601280303e-01,5.625679558120826734e-02,-1.503526338401759144e-01,-2.927273095547749254e-02,5.999921537178385528e-02,1.923965373268887169e-01,1.122774984433182188e-02,1.439108019709072761e-01,-2.100386989758805389e-01,-1.184856290824861658e-01,1.238568306664023649e-01,-4.072100306151845706e-01,7.922112621880236238e-01,-3.981176140732575197e-01,1.183693172928852233e+00,2.814499403873890193e-01,-1.602531861104429245e-01,4.406288436446553769e-01,-8.144960867931319570e-02,-3.363584704657324176e-01,6.223534328384056069e-01,1.119253848851701427e+00,-1.895499566542274694e-01,-1.519771870655712009e-01,-2.025875681146280805e-01
-1.603268268704569413e-02,-4.319465428212371227e-02,7.910492428299655820e-01,-2.318779044059147629e-02,2.385607001199353643e-03,6.261975866703919369e-01,7.793158651675815562e-01,1.402587523552363373e-02,8.383132720343716704e-02,2.213161227647683083e-01,1.239063499770335780e-01,-2.659306633933250508e-01,5.658761868227955849e-02,-1.515669608351901954e-01,-2.992433571533034339e-02,5.984262362026215865e-02,1.936684278709434603e-01,1.092158444002327977e-02,1.441554210474751963e-01,-2.086750836231371642e-01,-1.197465639966893286e-01,1.258803358251392446e-01,-4.101501047208814255e-01,7.918716856052285813e-01,-3.976338925378199995e-01,1.185442991318337524e+00,2.792812911797377118e-01,-1.590907920591823621e-01,4.387842854841216278e-01,-8.286492000074591191e-02,-3.361953090685201317e-01,6.227851416011380703e-01,1.118751916733967677e+00,-1.860995022905968521e-01,-1.510850474356436601e-01,-1.978392432609272777e-01
-1.645968416654188318e-02,-4.311919165131171405e-02,7.910527687737861635e-01,-2.371681910861297982e-02,2.677450053122230195e-03,6.264428262501803291e-01,7.791018734365032783e-01,1.211329268110416385e-02,8.379263408925886891e-02,2.214635006220332381e-01,1.249549757051583720e-01,-2.662769540949023184e-01,5.644380916973239237e-02,-1.528104250770507544e-01,-3.048619051428475002e-02,5.806299702597806506e-02,1.939215920219193590e-01,1.135209904502812450e-02,1.448114564501682411e-01,-2.071680675782260894e-01,-1.205238619643015374e-01,1.281086673546008303e-01,-4.133211270914967095e-01,7.916352744518075912e-01,-3.977294112485154631e-01,1.186674638979568819e+00,2.773813299098839558e-01,-1.585351071536996448e-01,4.371429481634912517e-01,-8.419560415401178277e-02,-3.361595735519684047e-01,6.223765378235888157e-01,1.117871041973009572e+00,-1.833474713780353371e-01,-1.501306152870095778e-01,-1.946909462395675638e-01
-1.687149615753896423e-02,-4.305516796343974301e-02,7.910674417631514688e-01,-2.421590433642168208e-02,2.972379173606916423e-03,6.266041023037348667e-01,7.789557458003301127e-01,1.021917599418680628e-02,8.374520847992224237e-02,2.216665042843927458e-01,1.260780997684840532e-01,-2.663355645731309562e-01,5.665975832169521664e-02,-1.541727235310392796e-01,-3.092700821773860381e-02,5.679861171138145259e-02,1.943933560230258761e-01,1.166504319079811336e-02,1.454158117889402246e-01,-2.063635934988650722e-01,-1.210922138321110508e-01,1.298834128029519308e-01,-4.159787779450458967e-01,7.911324531961699824e-01,-3.974239102516727296e-01,1.189490272188369557e+00,2.770915819600663355e-01,-1.563835977914986020e-01,4.367418523302588063e-01,-8.559793787422070865e-02,-3.364913665811856136e-01,6.221812282266274696e-01,1.116455604707113025e+00,-1.821444709468935386e-01,-1.486546644443595966e-01,-1.916887945148931516e-01
-1.728166817131382774e-02,-4.301097376132571870e-02,7.910512021149752604e-01,-2.480863358258489360e-02,3.234161671295515423e-03,6.268068889477232952e-01,7.787728782294142116e-01,8.704142899047107376e-03,8.387610222027536144e-02,2.224278813812061717e-01,1.262078914260976459e-01,-2.667721339336935893e-01,5.690433563885530233e-02,-1.559354499808187355e-01,-3.122425295272643689e-02,5.512670477712418304e-02,1.955722952620694011e-01,1.176867826433997122e-02,1.459524254233339480e-01,-2.056570738562814582e-01,-1.217325081835434614e-01,1.316984563080750292e-01,-4.192217983445081786e-01,7.906073569966031167e-01,-3.964078144175804397e-01,1.193838098229008660e+00,2.768055877804342924e-01,-1.533993876114150834e-01,4.373860087317426593e-01,-8.701806374201065397e-02,-3.363425454340886467e-01,6.212145575283981591e-01,1.115170813665648852e+00,-1.795089651659160235e-01,-1.472984608019763941e-01,-1.889805381670578155e-01
-1.767829419117228351e-02,-4.295690008504443602e-02,7.910888052493584288e-01,-2.526016249844963493e-02,3.379922732458647602e-03,6.271153618369706972e-01,7.785093597773636853e-01,7.297518018739410431e-03,8.383201101745513251e-02,2.219227445421254052e-01,1.267071435244416511e-01,-2.666032022380624422e-01,5.710058128738569605e-02,-1.572669557843804355e-01,-3.157984218099051110e-02,5.369891089102645648e-02,1.967517366280129576e-01,1.220817577912082508e-02,1.453759780043047956e-01,-2.050062729138712458e-01,-1.223665006952175394e-01,1.330916032263704529e-01,-4.217630859936303822e-01,7.898980793451735316e-01,-3.958238584731488263e-01,1.197348172532455735e+00,2.758924884645577169e-01,-1.513264529676748016e-01,4.369654969470828099e-01,-8.793930472772049090e-02,-3.362723072944385216e-01,6.208091215422694154e-01,1.113824941101781318e+00,-1.764341931883743053e-01,-1.462745473725755307e-01,-1.873151526631251507e-01
-1.805200273182853629e-02,-4.289574457171718702e-02,7.910673891827765258e-01,-2.569692789612292028e-02,3.772820675590579653e-03,6.276027849973190298e-01,7.781003649815756429e-01,5.532133360290019015e-03,8.338566891688284355e-02,2.216410333104016361e-01,1.270343445260002646e-01,-2.665106022403196384e-01,5.655560200133852300e-02,-1.583212018524380316e-01,-3.251210968470436002e-02,5.180100384669614200e-02,1.969397878028787130e-01,1.151017402089485331e-02,1.457562197705425389e-01,-2.034981674441636024e-01,-1.229323635729311082e-01,1.348237413167123200e-01,-4.250811675858693905e-01,7.888268996307684633e-01,-3.953573334852722443e-01,1.200513436431666747e+00,2.749870579845413165e-01,-1.495727126036277832e-01,4.366487187706291628e-01,-8.820832668350070405e-02,-3.365082366313494888e-01,6.203089299336459472e-01,1.112217604684560657e+00,-1.742835424377054687e-01,-1.453310615713847564e-01,-1.848857701326640790e-01
-1.842675195172613356e-02,-4.282750597022356998e-02,7.910854272300474888e-01,-2.619813620408003099e-02,3.968670592628095566e-03,6.279524494974334514e-01,7.778005068674963551e-01,4.353467102402149014e-03,8.330562312229554400e-02,2.214788331140851163e-01,1.268702983637520210e-01,-2.665957183580773826e-01,5.666008530935656012e-02,-1.590466021563692323e-01,-3.288226897552715133e-02,5.042314741903135278e-02,1.968118130824824119e-01,1.160400906782776964e-02,1.467112557742643042e-01,-2.017871001822787447e-01,-1.233754119276341404e-01,1.371322764001010608e-01,-4.285605104487503758e-01,7.875642491387385702e-01,-3.944139916994542361e-01,1.204725978535529318e+00,2.754863322036285589e-01,-1.477238179204254931e-01,4.379312402720572650e-01,-8.908799504358456967e-02,-3.365640088673186869e-01,6.200370556287196910e-01,1.111150914863447969e+00,-1.728336718726271037e-01,-1.443762774437437335e-01,-1.845080364300539233e-01
-1.879763296546957396e-02,-4.272388993533728085e-02,7.910900522025681170e-01,-2.639501884189712419e-02,4.034011687321359223e-03,6.285214351235887120e-01,7.773337991623855414e-01,3.240458248319677201e-03,8.290650928591052071e-02,2.208179872918124009e-01,1.277890694095126234e-01,-2.664570984609891946e-01,5.651905287284249985e-02,-1.595399528134818501e-01,-3.370199876140453354e-02,4.898962128594765153e-02,1.979325915319198326e-01,1.067429325486318747e-02,1.457919510741356173e-01,-2.006401911881406375e-01,-1.235725068948133748e-01,1.380004746868761234e-01,-4.304297086017662699e-01,7.859253942106985136e-01,-3.952310142874495558e-01,1.208502128154830935e+00,2.753135499861503743e-01,-1.462271426704366550e-01,4.369193936964677616e-01,-8.954701046091750882e-02,-3.363757221808952869e-01,6.198326648013040563e-01,1.111566041621248946e+00,-1.715194816351846840e-01,-1.425457302451243469e-01,-1.837529503999680291e-01
-1.916569971860873287e-02,-4.261642025502004882e-02,7.911180711500676033e-01,-2.670759721297508507e-02,4.003342863886488398e-03,6.292085016622163129e-01,7.767672360063941905e-01,2.618659634458675445e-03,8.274926916906284735e-02,2.205164836502565007e-01,1.276391736627686124e-01,-2.665403097757418904e-01,5.679272010632931134e-02,-1.602457202935690106e-01,-3.406110801305115704e-02,4.826900256789526389e-02,1.995694716524616941e-01,1.023377284795315423e-02,1.454668125117086763e-01,-1.998050809208354317e-01,-1.234069698662228487e-01,1.388445072442537342e-01,-4.323919179813686120e-01,7.838224542142174789e-01,-3.947857474375663367e-01,1.213821096115365483e+00,2.753837518572692655e-01,-1.441236319120166032e-01,4.364020275479498223e-01,-8.985902100704401541e-02,-3.362842101800279648e-01,6.199275640497139417e-01,1.110969135711383116e+00,-1.691301502249224487e-01,-1.413393752581001972e-01,-1.832692818829482762e-01
-1.954133764501601866e-02,-4.248349103401703047e-02,7.911663451395903879e-01,-2.694183042227326838e-02,3.638713943747495100e-03,6.298522571332429987e-01,7.762390300149131228e-01,2.648944937299711234e-03,8.291998348125870222e-02,2.197194170729104279e-01,1.276439156019439081e-01,-2.666724549928873311e-01,5.684795479486676878e-02,-1.608936315870103662e-01,-3.406697011896578364e-02,4.724801458022881429e-02,2.027655217322561487e-01,9.402090064904472522e-03,1.451352408321290866e-01,-1.989119186054257582e-01,-1.226791728357749245e-01,1.400664110611982427e-01,-4.335998460594119308e-01,7.821049468158861595e-01,-3.956131088414185371e-01,1.218893734857411371e+00,2.778853592121374727e-01,-1.419795178520275036e-01,4.363056961091443808e-01,-9.046868429563002800e-02,-3.362278772165145369e-01,6.205234604400858833e-01,1.111190428367007321e+00,-1.676718372498887388e-01,-1.398526519859674133e-01,-1.833090165623822987e-01
-1.990539274090088670e-02,-4.231831635145244519e-02,7.911919461075566096e-01,-2.710533669269852772e-02,3.351820157373129432e-03,6.306580672866698434e-01,7.755800849626368620e-01,2.446789590833809824e-03,8.284403901366751977e-02,2.189056946684360683e-01,1.280940000404538481e-01,-2.670340866267784108e-01,5.706293213575459183e-02,-1.606382988693811908e-01,-3.447630048324488300e-02,4.605750027802840707e-02,2.041514661163905120e-01,8.830214041165032612e-03,1.446672257621969548e-01,-1.982294016191193109e-01,-1.218651740722041660e-01,1.404813578386934769e-01,-4.349003420544122478e-01,7.796924825652052915e-01,-3.963106164592677394e-01,1.225257041180134454e+00,2.793261965046722195e-01,-1.398238769138834825e-01,4.365722109488680558e-01,-9.111910558956257122e-02,-3.359175888799479925e-01,6.208870024949892930e-01,1.112860050589732364e+00,-1.668280727784475781e-01,-1.381897521264335016e-01,-1.841158208032664667e-01
-2.025480962862060558e-02,-4.213300190786888055e-02,7.912449678423914001e-01,-2.724424579473512173e-02,2.582778370033786148e-03,6.318299683004301448e-01,7.746237612444157872e-01,2.743564440552189766e-03,8.334157300138271551e-02,2.171845695981665658e-01,1.290597978561384140e-01,-2.680862763462941167e-01,5.806500726600066775e-02,-1.605956568910817395e-01,-3.446250161058578981e-02,4.393016594099171529e-02,2.081666672138788865e-01,8.713643017711728000e-03,1.439069056700437998e-01,-1.979487529718314820e-01,-1.209563972539712678e-01,1.409400067312919225e-01,-4.367050358015453493e-01,7.777103698918025332e-01,-3.981018783258922222e-01,1.231826158584086395e+00,2.842661370015968636e-01,-1.371582343525527548e-01,4.366730114871613111e-01,-9.164061351380123344e-02,-3.355026424889713255e-01,6.220993460353716475e-01,1.115034098608065127e+00,-1.676795051472729225e-01,-1.362389192439487917e-01,-1.838359378452780191e-01
-2.056227719609614660e-02,-4.191738736821015721e-02,7.913105001177594966e-01,-2.741173898271762055e-02,2.169668541945393107e-03,6.327865728618301544e-01,7.738378656476703199e-01,3.160439587950903371e-03,8.338668417676364797e-02,2.161539343100457033e-01,1.286505258005164187e-01,-2.681998294510449243e-01,5.862714138233372785e-02,-1.604389355643159598e-01,-3.491986158614461544e-02,4.129747061292761423e-02,2.106758522316317661e-01,8.113175459863550265e-03,1.437270034967648158e-01,-1.973880776207282417e-01,-1.194940626696353730e-01,1.399861393740304827e-01,-4.371492045708660901e-01,7.758028131884009415e-01,-3.996321587232800621e-01,1.238148383936867880e+00,2.870460423966155195e-01,-1.348410852356215495e-01,4.351886927088914891e-01,-9.161746049073220266e-02,-3.349249635613308351e-01,6.217822676447882779e-01,1.117620867108280347e+00,-1.676715609280499120e-01,-1.344352904172595731e-01,-1.836940384785324398e-01
-2.078882983357271258e-02,-4.166676873039132367e-02,7.913976012564918339e-01,-2.731985347535496877e-02,1.726244631676724425e-03,6.340205984097716518e-01,7.728314994082944311e-01,3.538412262244742743e-03,8.305584802484550222e-02,2.142199279895682373e-01,1.289287080651203010e-01,-2.674825233375657807e-01,5.905690472031462773e-02,-1.597211042991408814e-01,-3.583430746289570368e-02,3.871494872086428396e-02,2.133362471866374899e-01,7.129114442771894433e-03,1.441399924340019678e-01,-1.961495461492505921e-01,-1.179450855340765103e-01,1.389529285258174207e-01,-4.390431772643397790e-01,7.727912698992168705e-01,-3.994056411483168367e-01,1.244994368211009617e+00,2.847671355489747036e-01,-1.332279820347677113e-01,4.318948637276034952e-01,-9.054653369010973174e-02,-3.346835015907602684e-01,6.217509024464725753e-01,1.119833529342666667e+00,-1.656547738472273767e-01,-1.331748941668418340e-01,-1.820297007645571563e-01
-2.093029829219496263e-02,-4.138486207827522800e-02,7.914384981801960706e-01,-2.738998439122343476e-02,1.485287663662815090e-03,6.351742840330462103e-01,7.718816046381157259e-01,2.934876904597533923e-03,8.294945759835344046e-02,2.122790307219193096e-01,1.303474561838466605e-01,-2.676147533449620419e-01,5.962578370923986987e-02,-1.593709254577174717e-01,-3.662385879646275211e-02,3.607488151962663647e-02,2.156300294486344638e-01,5.646950943253487010e-03,1.442507322199021724e-01,-1.947397570896805263e-01,-1.164296979721028968e-01,1.383959260787984702e-01,-4.420339263533955565e-01,7.711263726575200428e-01,-4.005416983053888269e-01,1.250663008089597961e+00,2.859316299549377605e-01,-1.316727462347376532e-01,4.308745391099039201e-01,-8.955701997059117847e-02,-3.351804657414769184e-01,6.236581563759862057e-01,1.120958062009138612e+00,-1.644958705819127565e-01,-1.327732205154849576e-01,-1.799864607349246637e-01
-2.095855390165674709e-02,-4.107110717116576465e-02,7.913535498834745052e-01,-2.748523199984084439e-02,1.244783995046345841e-03,6.368522283893347513e-01,7.704948096712007644e-01,2.788215978019466332e-03,8.288038282238949228e-02,2.107012629192595021e-01,1.305501548059990469e-01,-2.686533151887208204e-01,5.920557508391464940e-02,-1.581566784395080916e-01,-3.781933534662434981e-02,3.175128846423687368e-02,2.171149847465751737e-01,2.532102539454558765e-03,1.448237962135739965e-01,-1.938726548510534275e-01,-1.140542543550585319e-01,1.360155099040927518e-01,-4.451956771356131992e-01,7.702239892861523218e-01,-4.025487945597783779e-01,1.256360746601107747e+00,2.861741610712363326e-01,-1.297732883612031096e-01,4.275097772175409094e-01,-8.708780006310024024e-02,-3.358372108485387919e-01,6.234750260105785813e-01,1.121315020900333748e+00,-1.646790683547063316e-01,-1.318625794254293382e-01,-1.774837559578866797e-01
-2.086875854346618292e-02,-4.072085140077021104e-02,7.912732113307546777e-01,-2.750743267085166421e-02,1.141308891093505140e-03,6.382759946792754269e-01,7.693151455535344185e-01,2.339085243045838092e-03,8.269784077991097770e-02,2.086712812027408104e-01,1.314545612221783011e-01,-2.696304084969136650e-01,5.906733912840371470e-02,-1.568025207086684580e-01,-3.889412639228097268e-02,2.827997300754166859e-02,2.178100827072002588e-01,-6.237259253768501210e-04,1.441815100554732221e-01,-1.922499680462548821e-01,-1.117610308412212844e-01,1.336743252558023898e-01,-4.494004148485808980e-01,7.710503783947915135e-01,-4.059080869727219043e-01,1.259826572426350655e+00,2.868206445141412431e-01,-1.290759783698934848e-01,4.244015046696927307e-01,-8.489127706003263274e-02,-3.365609951606005623e-01,6.255526509474550467e-01,1.121668569198352339e+00,-1.662151190855302441e-01,-1.321321445089002067e-01,-1.743347300189567739e-01
-2.064863161781949757e-02,-4.032768173428145225e-02,7.911758118550517027e-01,-2.717797497162473958e-02,1.012047030139442885e-03,6.401160355030262039e-01,7.677967143255692850e-01,2.397263164845774789e-03,8.179351416378952133e-02,2.049957865268315915e-01,1.319911806835577517e-01,-2.697543479880686879e-01,5.929676644755190601e-02,-1.543543465965443451e-01,-4.066015981536229285e-02,2.448607292136121757e-02,2.181422245618888645e-01,-4.756556724063984443e-03,1.430665336624671324e-01,-1.898794022849787100e-01,-1.088267539518190802e-01,1.300180789077573507e-01,-4.553091162587378227e-01,7.718591300040351655e-01,-4.103345110855225464e-01,1.264116815925987014e+00,2.895571096660491950e-01,-1.275140595473208127e-01,4.212800385992130359e-01,-8.179018517425457047e-02,-3.365704952206668987e-01,6.253317246992964318e-01,1.123099531901039061e+00,-1.689076039930482998e-01,-1.309248257972258356e-01,-1.719678691962189809e-01
-2.029179656142332880e-02,-3.989754836519573966e-02,7.911426080942384198e-01,-2.665768638921603775e-02,8.614248574032271500e-04,6.420297851017424673e-01,7.662156228802703417e-01,2.443552489335991309e-03,8.078030047903515809e-02,2.007957768675135424e-01,1.331730892730122739e-01,-2.691341678643516810e-01,5.986766967477712836e-02,-1.519016774769885447e-01,-4.234242395165327411e-02,2.171543959767820164e-02,2.191511108543671149e-01,-8.679838692850154469e-03,1.410296855526684823e-01,-1.881644968295232978e-01,-1.058608226846374095e-01,1.255515023133298713e-01,-4.609147916058343175e-01,7.732015187610795648e-01,-4.158405132518028235e-01,1.267699880465479545e+00,2.920692326257832150e-01,-1.269112516050468487e-01,4.151017489483561085e-01,-7.926114339656897823e-02,-3.361264132891916279e-01,6.262003233070987385e-01,1.123787480361303714e+00,-1.694722717638108278e-01,-1.305469835457254146e-01,-1.660973635014653671e-01
-1.981475054302783353e-02,-3.943708726345500348e-02,7.910417162094747212e-01,-2.616508016686807173e-02,4.137903987450930769e-04,6.441274390288206364e-01,7.644704439332771218e-01,2.413132755721593067e-03,8.061315542200794826e-02,1.970743369520306931e-01,1.357769701659909400e-01,-2.705319246734966265e-01,6.033605655386194838e-02,-1.496379831682283779e-01,-4.354337155388156994e-02,1.828347243570424552e-02,2.220136011146082722e-01,-1.295930667641084083e-02,1.414743185103671808e-01,-1.855353117810824293e-01,-1.033265084229350456e-01,1.213889184119154585e-01,-4.697699415959931679e-01,7.743017045981579471e-01,-4.238309720161065330e-01,1.271104100406854398e+00,2.961839489136250392e-01,-1.256198099903111653e-01,4.128636469452864888e-01,-7.746873661700695579e-02,-3.352181663513458809e-01,6.282710594408712490e-01,1.124023023764592066e+00,-1.700260212061831810e-01,-1.298187242464159674e-01,-1.618466840001109297e-01
-1.922783740630923041e-02,-3.893865089526693524e-02,7.908406235772392767e-01,-2.520281625766516292e-02,-3.111018165323983786e-04,6.460763615100872936e-01,7.628565109941913835e-01,3.425774225389706818e-03,8.024641898800463635e-02,1.934489390946436127e-01,1.391053816942120214e-01,-2.732677408557717680e-01,6.181539522030795458e-02,-1.462633768153031866e-01,-4.525486719402116442e-02,1.345478915317009985e-02,2.249878717892148661e-01,-1.812165541445382583e-02,1.413289039161549909e-01,-1.820240474692367272e-01,-1.005345435298230644e-01,1.164150221613746983e-01,-4.753366989475294457e-01,7.744348072881854783e-01,-4.307167647052121406e-01,1.273005511529667455e+00,2.976255334858428636e-01,-1.255606540914587788e-01,4.063231638214189201e-01,-7.708927826759164048e-02,-3.343674907403550445e-01,6.291382090882685629e-01,1.123941083069522895e+00,-1.747442117423021191e-01,-1.277855783934009337e-01,-1.565616688412530821e-01
-1.851962835226536944e-02,-3.839474450499701097e-02,7.905764149897093196e-01,-2.419082242423397158e-02,-1.092976866295520405e-03,6.479437181653722178e-01,7.613031903269836809e-01,5.518737408188392063e-03,8.003597753025532002e-02,1.902341405893663850e-01,1.409132489131359744e-01,-2.762282595764522508e-01,6.082009962508306417e-02,-1.415175577321885203e-01,-4.673043956336081495e-02,8.714715183346023741e-03,2.257562992251637701e-01,-2.403122360951963354e-02,1.408082633503521530e-01,-1.796206606199621247e-01,-9.708075998214391045e-02,1.126823876772720667e-01,-4.835671925102661417e-01,7.741715224013383523e-01,-4.351461906077657704e-01,1.274179604543326461e+00,2.996017485134558345e-01,-1.254081571554176155e-01,3.998518277529710674e-01,-7.840440391322023306e-02,-3.343804324484845325e-01,6.303081510984512859e-01,1.120425982045152091e+00,-1.781938441776764470e-01,-1.274199448143115143e-01,-1.505144961986911167e-01
-1.769566055738709329e-02,-3.784245248765220199e-02,7.901545097756538238e-01,-2.330559951377352695e-02,-8.834640798643331747e-04,6.496989998528672761e-01,7.598337174097428148e-01,5.758661065860704899e-03,7.874638951188671354e-02,1.874076354195794991e-01,1.430428713262503204e-01,-2.796351968180909586e-01,5.830535955748974292e-02,-1.370348684641839176e-01,-4.946847378822238905e-02,3.161289706831549307e-03,2.237815546600818162e-01,-3.304176074389145179e-02,1.419221219065724682e-01,-1.740060449422539124e-01,-9.393132772163056976e-02,1.100643733512002148e-01,-4.876903929588843334e-01,7.726788057945680466e-01,-4.401381807891524001e-01,1.271360627889437156e+00,2.995860378033475269e-01,-1.284747036348778404e-01,3.957536036617275710e-01,-8.137050772024810585e-02,-3.349696451866487346e-01,6.299699184461297063e-01,1.114458993531506570e+00,-1.814935514815766426e-01,-1.283140645170563754e-01,-1.462638150234578382e-01
-1.679425105833337942e-02,-3.726397393057433866e-02,7.898684503555040148e-01,-2.165949477740922863e-02,-1.454591306287500007e-03,6.517838821664372340e-01,7.580940056471680011e-01,7.480543455987758925e-03,7.742676535164673413e-02,1.833507423609368192e-01,1.466407957449764321e-01,-2.820439743406340516e-01,5.705185647523727810e-02,-1.308517491442935110e-01,-5.206666988603337459e-02,-1.169708197944596684e-03,2.234064396621209259e-01,-4.086741907976706306e-02,1.393740865715796251e-01,-1.690205113109524426e-01,-8.936239173379229017e-02,1.050254881402061247e-01,-4.902901632833343015e-01,7.718528123203480806e-01,-4.474338434688586719e-01,1.265125796388893553e+00,3.017058595818325473e-01,-1.305970526489735883e-01,3.908835333048187866e-01,-8.673382760579630146e-02,-3.359736860984192663e-01,6.294092783672249336e-01,1.107697546066099159e+00,-1.834449663834426814e-01,-1.282935614920931167e-01,-1.412367909565306612e-01
-1.584135562249482099e-02,-3.665966794353452823e-02,7.896803082222200176e-01,-1.952031602118457776e-02,-2.059428967309301535e-03,6.536431131572417730e-01,7.565483438861472232e-01,9.182072951218499257e-03,7.537674444879979840e-02,1.780924539797968942e-01,1.519589599643038635e-01,-2.828369838630313549e-01,5.778145511267793882e-02,-1.239121659032477729e-01,-5.513365527805951655e-02,-4.446992374298928963e-03,2.226304762703569529e-01,-4.827145927519158747e-02,1.353505937553820260e-01,-1.643197749479252401e-01,-8.515029210915078806e-02,1.003961149912488415e-01,-4.917848386193978127e-01,7.704152130106013407e-01,-4.562307340608254824e-01,1.256458836779682064e+00,3.030163668696154167e-01,-1.337299486116149128e-01,3.841360337902250954e-01,-9.411820326063759234e-02,-3.378485278121155511e-01,6.303510001646188687e-01,1.100359896024651452e+00,-1.851373251376211282e-01,-1.284410262570269690e-01,-1.366500590923418190e-01
-1.484745524817911513e-02,-3.599964695275750803e-02,7.894696357081266713e-01,-1.743383517306545949e-02,-2.333638098154314829e-03,6.561181231197076302e-01,7.544531953927018364e-01,1.038465760466352611e-02,7.294771263468467770e-02,1.734026226065986109e-01,1.566002473780245263e-01,-2.825782865583524872e-01,5.547914758067079566e-02,-1.164128414755407070e-01,-5.920756987842622915e-02,-1.017164360884971475e-02,2.204983364072442831e-01,-5.635336081210302189e-02,1.301193286173293884e-01,-1.604318099768595185e-01,-7.957327792094301411e-02,9.684492854817425278e-02,-4.891238977346656913e-01,7.663820621303291114e-01,-4.650078305134935919e-01,1.245356379560748294e+00,3.002524763119881479e-01,-1.362210101914943239e-01,3.785239826653535866e-01,-1.003771156395235897e-01,-3.422732541649081695e-01,6.321710495507955052e-01,1.091849886629012500e+00,-1.856639965396481018e-01,-1.267828534429228382e-01,-1.330455089856671658e-01
-1.377134729574322654e-02,-3.523998822009866139e-02,7.893387579016031275e-01,-1.544025819167737373e-02,-3.168397815573100254e-03,6.591560829870916072e-01,7.518409525580339592e-01,1.056691527763129780e-02,7.194655364314953006e-02,1.689367186243568852e-01,1.650429691615319938e-01,-2.837714519205774555e-01,5.441509815175958609e-02,-1.072557103763005920e-01,-6.183917459377233361e-02,-1.411022481558461134e-02,2.174902766173838209e-01,-6.303085250332182699e-02,1.248183728065875020e-01,-1.553454279989847364e-01,-7.390957997248673306e-02,9.296093393104731817e-02,-4.859150784870691631e-01,7.635262353230005683e-01,-4.716811937562890300e-01,1.230037498916487726e+00,2.977814454916504761e-01,-1.398643632779572876e-01,3.714276130446659274e-01,-1.027849660770145390e-01,-3.465939377519745568e-01,6.340872429932725707e-01,1.085510746978225916e+00,-1.863239020243661337e-01,-1.273611596352404729e-01,-1.294253142855907868e-01
-1.259509872036547115e-02,-3.438797087203342845e-02,7.893444142367825878e-01,-1.362424048562924789e-02,-3.787242558569937391e-03,6.625746615654328764e-01,7.488623736818703636e-01,1.153679852348431581e-02,7.037271787781658461e-02,1.627454664323237932e-01,1.701464343620227582e-01,-2.828255170239403204e-01,5.601435841675997396e-02,-9.879414291565369322e-02,-6.401605623017536661e-02,-1.572983825016692830e-02,2.152356437969257241e-01,-6.886029853624950348e-02,1.230646329905650260e-01,-1.498887616336208317e-01,-7.052480004138668435e-02,8.902339311151021006e-02,-4.790597945104331234e-01,7.578098953117823333e-01,-4.780367693455701006e-01,1.212088481078108959e+00,2.950076807292240644e-01,-1.455198092997190273e-01,3.630830973941365225e-01,-1.028747940233132874e-01,-3.501760940780010989e-01,6.348842501422100604e-01,1.080654875549696081e+00,-1.888740444282197561e-01,-1.277372745520369834e-01,-1.239989766540112587e-01
-1.132058944507196956e-02,-3.338562421978260447e-02,7.890641761074362881e-01,-1.229660300846700284e-02,-3.287678506626499908e-03,6.647877663348401578e-01,7.469238317633357660e-01,1.139943224802878949e-02,6.845558456655655155e-02,1.588484569025416515e-01,1.742434511358792459e-01,-2.843489669470898318e-01,5.425953656541019493e-02,-9.171010264204947082e-02,-6.712679820518888119e-02,-2.064158903411137530e-02,2.099385815389435139e-01,-7.691230618790115270e-02,1.216031256958642337e-01,-1.450925025144064462e-01,-6.587285576512535989e-02,8.519130109396011452e-02,-4.704052220689964314e-01,7.500151025197427934e-01,-4.836065123620998940e-01,1.199789870431028582e+00,2.890116666843662308e-01,-1.489012009374752477e-01,3.527471296827055514e-01,-1.032826859259807772e-01,-3.549981680889633950e-01,6.362580845189816925e-01,1.075234852861720380e+00,-1.902251999808924898e-01,-1.269706623787600630e-01,-1.196319651022122177e-01
-9.852185624538324984e-03,-3.221683231969865030e-02,7.889651668255933670e-01,-1.138669426412493475e-02,-2.995874414771362154e-03,6.672277658208896067e-01,7.447606840105694959e-01,1.227370351095630197e-02,6.795478422661158091e-02,1.563959550753717676e-01,1.758487509142121485e-01,-2.840224128719687768e-01,5.228874240830805320e-02,-8.525329634652611954e-02,-6.873996298310092179e-02,-2.466082708493279319e-02,2.059267775300662184e-01,-8.220841564825481784e-02,1.218480303754365113e-01,-1.407517570622214553e-01,-6.134642528916282173e-02,7.989539203945209001e-02,-4.587296405276619637e-01,7.416252166705076254e-01,-4.853903015861313897e-01,1.186973150204959415e+00,2.830693036282702080e-01,-1.527753693355323739e-01,3.448892075227579235e-01,-1.002414592241848978e-01,-3.582202750491436105e-01,6.337669222441298933e-01,1.070608702841167936e+00,-1.883141883203635625e-01,-1.283724658462269963e-01,-1.187371713511155419e-01
-8.184636015642201418e-03,-3.093091013938724723e-02,7.889021842605536960e-01,-1.064012648738646427e-02,-2.680881815963667703e-03,6.696823544995434974e-01,7.425665927396479793e-01,1.275816811233377104e-02,6.776095001378704130e-02,1.521368101176783227e-01,1.779256956212006413e-01,-2.837405452040869802e-01,5.057508200196943887e-02,-7.895770787519211520e-02,-6.992775446580556942e-02,-2.982751275768896759e-02,2.024606872931920543e-01,-8.785658537130761059e-02,1.221482938881259805e-01,-1.359759772706188030e-01,-5.619674871361057811e-02,7.541242503184938939e-02,-4.431089785735352615e-01,7.308912662372621938e-01,-4.866560308003205493e-01,1.177651129555509657e+00,2.794932760881890244e-01,-1.549278239742712393e-01,3.361056632221649521e-01,-9.696679471510075143e-02,-3.604686376075406096e-01,6.309960331038279024e-01,1.069040695600813162e+00,-1.834544690277906120e-01,-1.281096723865628451e-01,-1.138614121808338847e-01
-6.353988979205943410e-03,-2.960211582126342361e-02,7.885000541328727186e-01,-9.429965930848403788e-03,-1.980701099458114130e-03,6.722066959537682518e-01,7.403008243144248990e-01,1.339675088213979764e-02,6.636205487323323937e-02,1.477871103182946400e-01,1.798802360278941304e-01,-2.850839843657961836e-01,4.833892062282410529e-02,-7.286148056714339405e-02,-7.243979814079981594e-02,-3.521428309416578528e-02,1.999617584766246459e-01,-9.784759980775878385e-02,1.216940003470361048e-01,-1.296596864475645927e-01,-5.102732456595359539e-02,7.142766119347282450e-02,-4.279146939711153674e-01,7.191443590086840087e-01,-4.892186897915051236e-01,1.162789890131601167e+00,2.794636046508044980e-01,-1.593687031642272711e-01,3.286384791888053991e-01,-9.199190581865876459e-02,-3.624405429747473706e-01,6.267342486374443133e-01,1.065898946877012365e+00,-1.811331694047203233e-01,-1.290032000217367913e-01,-1.147616130781789340e-01
-4.446857027179181888e-03,-2.819376391855554082e-02,7.881083731659896952e-01,-8.282082896552984269e-03,-1.478970112936412850e-03,6.740454772774282510e-01,7.386419391776671839e-01,1.480768317307870965e-02,6.584849837018413865e-02,1.449165023591345025e-01,1.817700787440802990e-01,-2.866302650753185799e-01,4.631300926499874737e-02,-6.751692472192893923e-02,-7.394516301982209661e-02,-3.961670314151882755e-02,1.987483338786818765e-01,-1.068154560422533983e-01,1.199950025991853159e-01,-1.246813060572285053e-01,-4.509643518403329970e-02,6.473303531581665882e-02,-4.106646882214529115e-01,7.062983900524715253e-01,-4.874385447030740726e-01,1.151117384283558476e+00,2.737941260516666975e-01,-1.610383756263003840e-01,3.200576436249904511e-01,-8.744132370111606933e-02,-3.636195472009965401e-01,6.204735315722823552e-01,1.064933851555445177e+00,-1.794501620479176107e-01,-1.290696364579224653e-01,-1.122054127643191540e-01
-2.531089203271714386e-03,-2.682224760284113857e-02,7.878214112541341851e-01,-7.501748367944364136e-03,-7.811843082035740786e-04,6.767012045630529382e-01,7.362191204155287272e-01,1.324185054533331615e-02,6.569136956252186188e-02,1.412531908427819283e-01,1.869845828313697056e-01,-2.883776008276588421e-01,4.478278377321195936e-02,-6.423194361347656089e-02,-7.566289773450154965e-02,-4.596929988224618402e-02,2.008470251655459782e-01,-1.150725222880263909e-01,1.166857530279575839e-01,-1.181133699720359059e-01,-3.979517839396238404e-02,6.146296430219903850e-02,-3.874805070988128763e-01,6.936076508920396844e-01,-4.929416247496523074e-01,1.130274527926449890e+00,2.769975731178297429e-01,-1.675516157470568479e-01,3.091337051976943417e-01,-8.366432285108317546e-02,-3.652323110901531944e-01,6.142859557150244232e-01,1.062907235294872965e+00,-1.795728158483546055e-01,-1.299437762272687424e-01,-1.067704382618341608e-01
-6.823516961992763833e-04,-2.545824745717817014e-02,7.875467594713423392e-01,-6.367433417759972049e-03,-5.482342560027741920e-04,6.796542453158795904e-01,7.335047798446676648e-01,1.380344934481408589e-02,6.538494528850542775e-02,1.374603674400846631e-01,1.901947130041928835e-01,-2.894099513634465493e-01,4.213100742294970114e-02,-5.856632339627658446e-02,-7.709140902716148103e-02,-5.089514458389744755e-02,2.009173749911563056e-01,-1.228735656633429263e-01,1.138253633262943376e-01,-1.113726510619934690e-01,-3.612711040211119551e-02,5.755671161875729192e-02,-3.630402152563744766e-01,6.791573485424053924e-01,-4.943966831943301110e-01,1.109962592932357994e+00,2.804717731039512163e-01,-1.740331760050884968e-01,2.984402149728347386e-01,-7.888314543071944795e-02,-3.653648883813639947e-01,6.079882784815701102e-01,1.061830096570906212e+00,-1.842619059370202150e-01,-1.306288859929305990e-01,-1.001300095949418795e-01
9.412402635846069208e-04,-2.412301054283591886e-02,7.872416245223451403e-01,-6.256332021047444035e-03,-6.948636362474219265e-05,6.816933682274036732e-01,7.316112391127316261e-01,1.455902710090957626e-02,6.616399839281013329e-02,1.352001500170501025e-01,1.898423786849079420e-01,-2.926806495529077901e-01,4.207817076790250355e-02,-5.554269916869347679e-02,-7.698491842042207156e-02,-5.499214854516928930e-02,2.008386348592549053e-01,-1.287905326937331396e-01,1.108663842534514110e-01,-1.051882999672214131e-01,-3.248812730401451354e-02,5.242186475687750369e-02,-3.337528501657763269e-01,6.613668267289514180e-01,-4.867719307082261082e-01,1.094033821116398908e+00,2.777621292499749539e-01,-1.752524385659059991e-01,2.884991031448574939e-01,-7.510012086447107049e-02,-3.654798763770040204e-01,5.983652138997338499e-01,1.060469189233689713e+00,-1.855476231768164730e-01,-1.305738798498446429e-01,-9.849923524198367364e-02
2.372371901365154245e-03,-2.278151580382896391e-02,7.870783508477440238e-01,-5.093728658399654732e-03,5.263027614492374068e-04,6.838478252687232306e-01,7.296066946026449340e-01,1.764375301534355442e-02,6.410215680923442294e-02,1.306490769864117052e-01,1.868424960669921586e-01,-2.908388491824046018e-01,4.086428702797715445e-02,-4.916052008120434802e-02,-7.887982833742007704e-02,-5.747563509749616106e-02,1.967136586678365773e-01,-1.343690133154924193e-01,1.115030523294878589e-01,-9.659503565004955161e-02,-3.231846428928496218e-02,4.826860991521928629e-02,-2.976647558400507543e-01,6.366936458164957902e-01,-4.782560366340237179e-01,1.077562249662853633e+00,2.725507486579842875e-01,-1.803424176551621794e-01,2.737895454976906340e-01,-7.068118253528786477e-02,-3.639028967339870690e-01,5.861779076359495688e-01,1.061594512978154992e+00,-1.866646548606452349e-01,-1.298678336658218302e-01,-9.163672861863546293e-02
3.499377658657254302e-03,-2.139189773905289874e-02,7.867478843318569393e-01,-4.448637872136113405e-03,7.778649023680113319e-04,6.869458394463741069e-01,7.266945838621574616e-01,2.254553967443637813e-02,6.247613499902014700e-02,1.245528504834155781e-01,1.783855761636727044e-01,-2.900907440579447716e-01,3.843349478510204448e-02,-4.192029643826014618e-02,-8.113093064508600238e-02,-6.661053020784428458e-02,1.920233439270221942e-01,-1.395123256147640378e-01,1.132008428806753619e-01,-9.063412313735116910e-02,-2.718528304017600594e-02,4.340990184076704006e-02,-2.632583792292620406e-01,6.099635559645025795e-01,-4.719969948988416153e-01,1.076166880596486575e+00,2.668799710176883444e-01,-1.821584538183180502e-01,2.577569124724914951e-01,-6.671918431009790651e-02,-3.662921561150382366e-01,5.759145264272690357e-01,1.062450898210411721e+00,-1.883217054234360976e-01,-1.290589391856725998e-01,-8.845714429755248409e-02
4.343226599513246716e-03,-1.993731272623540038e-02,7.866808952344526151e-01,-3.679386219216021839e-03,8.196468898884806589e-04,6.899300749145763634e-01,7.238662045049446547e-01,2.798766162573949542e-02,6.062836260482895590e-02,1.185987719522445250e-01,1.701203044792843344e-01,-2.873636415934219812e-01,3.582583245985383746e-02,-3.529085095077776763e-02,-8.333690369661506114e-02,-7.400644366347741698e-02,1.893625107016627951e-01,-1.416545768020881502e-01,1.157613560642512945e-01,-8.489763192282685778e-02,-2.380055345080092297e-02,3.573457801772461639e-02,-2.301727903698454480e-01,5.810859725044784652e-01,-4.701411769620074121e-01,1.081294299782498580e+00,2.743880630117069286e-01,-1.819442161022467863e-01,2.431773716018515719e-01,-6.221921769451431439e-02,-3.669603709567986205e-01,5.631230734955168238e-01,1.065433084779600748e+00,-1.924134604300337670e-01,-1.268134827499828587e-01,-8.851712853569550232e-02
4.922258163560023700e-03,-1.839663106993114083e-02,7.864874597818199975e-01,-4.206533875638561806e-03,1.964062428278122961e-03,6.930639488447090102e-01,7.208611588532919390e-01,3.120667948504246211e-02,5.847581394219734940e-02,1.122174753745808357e-01,1.588876726011874130e-01,-2.865458388910126497e-01,3.389804987346422410e-02,-3.282272904713615796e-02,-8.488505191592832233e-02,-7.847938228659076532e-02,1.879875457178857012e-01,-1.460900657180749795e-01,1.131966299807682375e-01,-8.047511611402069498e-02,-2.168471514076578815e-02,3.207896397368881214e-02,-1.988929950595050844e-01,5.526785186334263189e-01,-4.610700895336335980e-01,1.094863116550090831e+00,2.767786479517013176e-01,-1.796814909373835589e-01,2.310068862206812179e-01,-5.990199127829212017e-02,-3.658069544532840389e-01,5.502372919997479128e-01,1.070499121109638407e+00,-1.963989263411949904e-01,-1.254407820113061789e-01,-8.854112425094382011e-02
5.244920113205144181e-03,-1.682757994471715396e-02,7.865219548874442523e-01,-4.983388561081090497e-03,3.124144979402081711e-03,6.955815459959936442e-01,7.184230775987237028e-01,3.494892781270020343e-02,5.698098612993887646e-02,1.104505079060938144e-01,1.467420368458333679e-01,-2.840671177762178479e-01,3.265749394526492461e-02,-2.962679043912968754e-02,-8.586139119110955398e-02,-8.152402090303405291e-02,1.829178336176698061e-01,-1.459352762303466056e-01,1.114181924953184660e-01,-7.594660715429078779e-02,-1.897994333228958039e-02,2.642759718037933012e-02,-1.645482547044633814e-01,5.198935746552555415e-01,-4.503564627603217074e-01,1.115352872803628603e+00,2.859865750862662370e-01,-1.772035943292487870e-01,2.180876289438729021e-01,-5.714638566468565467e-02,-3.640576641162583948e-01,5.369108101169804970e-01,1.076213452093423451e+00,-2.053854019215224369e-01,-1.231686881418266877e-01,-9.078374025903113154e-02
5.403230030978417066e-03,-1.522228748465736040e-02,7.868662669590875680e-01,-5.398615238219527275e-03,2.836755075734810616e-03,6.988421827694918376e-01,7.152498943419172139e-01,3.899100347202764244e-02,5.644009786531093559e-02,1.023173501749027325e-01,1.386144775527268225e-01,-2.803725438301131190e-01,3.310156666965330396e-02,-2.451744647898585622e-02,-8.543532019155371249e-02,-8.427828390678165915e-02,1.807318426168180170e-01,-1.422825152270346394e-01,1.094151633126846379e-01,-7.328380858442222479e-02,-1.720245511149787535e-02,1.852033773762398403e-02,-1.326313838538552003e-01,4.815105926375424783e-01,-4.360671869466373196e-01,1.143839343348300286e+00,2.892778216711321959e-01,-1.694798881371988863e-01,2.023253603205790452e-01,-5.030777693229005615e-02,-3.594871679146240395e-01,5.209223844429076156e-01,1.085999444694473182e+00,-2.061392428540296806e-01,-1.200029494297414762e-01,-8.985004318999584294e-02
5.456987669056835924e-03,-1.368558299485966509e-02,7.872932330946986745e-01,-5.930120758766732267e-03,2.794603990740518375e-03,7.015804310598430238e-01,7.125601185936579762e-01,4.097440822735773369e-02,5.656563110870944933e-02,1.001482750055699977e-01,1.342571979563000062e-01,-2.765725201588525306e-01,3.569301381679938767e-02,-1.977500960727372747e-02,-8.536698927015591576e-02,-8.826692819197232143e-02,1.770047243959220473e-01,-1.369130059209201222e-01,1.080302953395002874e-01,-6.942881437126791067e-02,-1.574152040987262038e-02,1.253337815868076077e-02,-1.027852552707850253e-01,4.464802690058423673e-01,-4.241488329830842008e-01,1.168526217321097738e+00,2.884066416895134100e-01,-1.612748161393720570e-01,1.885050777699613656e-01,-4.322507866691873563e-02,-3.549723094872707096e-01,5.069035517729814089e-01,1.094996737223360661e+00,-2.012655960750657780e-01,-1.167195853535656358e-01,-8.990686982017630224e-02
5.515275494071502499e-03,-1.228764078446388866e-02,7.873854924316306958e-01,-5.444873575133566887e-03,3.975938700103882027e-03,7.037049559178775171e-01,7.104603298424364555e-01,4.313802075514502898e-02,5.277744944317829673e-02,9.561963944007183247e-02,1.288197490123180189e-01,-2.705517075143870631e-01,3.003179038920186436e-02,-1.353182577450415605e-02,-8.893968487419991187e-02,-9.324790757995179979e-02,1.692409321586570425e-01,-1.384436933828909200e-01,1.086175355796055453e-01,-6.283878222314427664e-02,-1.384845500096342462e-02,7.146600592918748301e-03,-7.902097370168756352e-02,4.134723133015223429e-01,-4.119344243156474739e-01,1.186530244959868030e+00,2.848306112024791004e-01,-1.562632023416398452e-01,1.759198182417943401e-01,-3.342509591701053884e-02,-3.539932077665881582e-01,4.976766339860477784e-01,1.094497051376265517e+00,-1.985222134930305915e-01,-1.152751731465647966e-01,-8.400651334650983959e-02
5.604857535660369774e-03,-1.107837119330168721e-02,7.874389605908194145e-01,-5.722191020057934216e-03,4.494249603490785630e-03,7.067343953188353067e-01,7.074415542811671731e-01,4.360405953852548172e-02,5.152230120317563555e-02,9.216159110919273922e-02,1.255088504482146650e-01,-2.697027825762532971e-01,2.918929302840755913e-02,-1.078232397265814838e-02,-9.048046157499800568e-02,-9.825701566159102118e-02,1.689068500589339938e-01,-1.393113173150982431e-01,1.064318112607153533e-01,-5.668285890043856662e-02,-1.158722597393354280e-02,3.280256844353828666e-03,-5.917540818728226487e-02,3.852493191739490008e-01,-3.986506878163133538e-01,1.205063374852869629e+00,2.845310729249155846e-01,-1.474261748743358191e-01,1.650747607816946683e-01,-2.362016147643396929e-02,-3.517888649991217087e-01,4.872386675711684600e-01,1.096994509671065599e+00,-1.946077905914794237e-01,-1.128486933466291420e-01,-8.094008458270834927e-02
5.776496973523939302e-03,-1.012322564151403766e-02,7.875638933965258826e-01,-5.765923653792240887e-03,4.973168583198867704e-03,7.100623135564467781e-01,7.040976726176058076e-01,4.472679409179142890e-02,5.010221200215422138e-02,8.954753936823330041e-02,1.206956104288830489e-01,-2.669467022907861531e-01,2.628566641495929876e-02,-7.449744327229085306e-03,-9.202451846542625269e-02,-1.023332243263546104e-01,1.677911764126793770e-01,-1.398655193922754558e-01,1.031358102657594783e-01,-4.837779319711074666e-02,-9.069767350527870031e-03,6.776416667311803421e-04,-4.077312950189582175e-02,3.601406204280517276e-01,-3.864672734535604115e-01,1.218158397182129704e+00,2.802820597079854203e-01,-1.412699920300104772e-01,1.520148567937332496e-01,-1.546892158479187471e-02,-3.468619571412203673e-01,4.732652731470576857e-01,1.107131754717282091e+00,-1.884224745913483101e-01,-1.104145118410500975e-01,-8.016417097821555704e-02
5.974380995649214605e-03,-9.436505954350558195e-03,7.877798779241580451e-01,-5.106141157392253549e-03,4.755532310639559029e-03,7.121262607737718353e-01,7.020167383697416552e-01,4.734354195164198337e-02,4.891232532819320133e-02,8.643244083627232843e-02,1.179705592167811373e-01,-2.646078240256258263e-01,2.468670492944062891e-02,-3.436099293283567321e-03,-9.279142712339767674e-02,-1.029915682682276956e-01,1.668797800695128175e-01,-1.382771701107956552e-01,9.983785213207858888e-02,-4.112463678253058114e-02,-7.099963257171240834e-03,-3.984547803195556681e-03,-2.236862953431949588e-02,3.378462102006989931e-01,-3.735278354476666562e-01,1.233821689447213599e+00,2.826430608650631338e-01,-1.366741950305779829e-01,1.363848703728408329e-01,-8.019416330324199982e-03,-3.402117007535915838e-01,4.549162056918235608e-01,1.118110688630649330e+00,-1.827383680711509306e-01,-1.085544276630630162e-01,-8.087640333060343301e-02
6.209335258263776539e-03,-9.040673925496921226e-03,7.880807619262381047e-01,-4.308629494334584135e-03,4.471176141119599830e-03,7.140260509534211986e-01,7.000915960470167620e-01,4.946423904050649412e-02,4.792635952334097643e-02,8.398107217679470771e-02,1.159969254289364704e-01,-2.607802459549205532e-01,2.062340011099895315e-02,1.023200834810686008e-03,-9.413843904053731393e-02,-1.073577723675997464e-01,1.650892681595766964e-01,-1.358513065367261963e-01,9.947029004505035521e-02,-3.412869206318228793e-02,-5.005301680554345711e-03,-5.695177234372596903e-03,-7.623739637656994084e-03,3.209030458724420054e-01,-3.621630489073625614e-01,1.243054194779315891e+00,2.815821874519578438e-01,-1.336805221254327436e-01,1.270313245059694618e-01,-1.833971849890883576e-03,-3.355555433565021173e-01,4.408560490305120649e-01,1.125656442177861871e+00,-1.765869993395118021e-01,-1.077244191829420800e-01,-8.461088947896031054e-02
6.434087474112295223e-03,-8.863400806374351418e-03,7.884108243911757130e-01,-3.506971377760547889e-03,4.051411398461548900e-03,7.155775895296675460e-01,6.985127060979979818e-01,5.078554689658210108e-02,4.724672217412408809e-02,8.141046113100633419e-02,1.156584610121192125e-01,-2.565488020838113670e-01,1.841375270440913717e-02,3.618542109711473179e-03,-9.521387987222573734e-02,-1.105766589430726421e-01,1.660379249334760221e-01,-1.326494064016268681e-01,9.785698749510890471e-02,-2.985799190428890804e-02,-3.466262348136436681e-03,-8.543702007062291964e-03,7.187004515186917741e-03,3.055065016428243907e-01,-3.519766298221242984e-01,1.254542643825654169e+00,2.775443149592178305e-01,-1.292794027016205272e-01,1.201204741084864608e-01,3.224495931424764539e-03,-3.316365371793040806e-01,4.277181364731509339e-01,1.131545044703092362e+00,-1.703190953155148124e-01,-1.068551030421807241e-01,-8.931053371046061840e-02
6.670344702159874441e-03,-8.880834372405579241e-03,7.885292097294039904e-01,-2.900239696008251235e-03,3.912485732249240677e-03,7.174470018249706760e-01,6.965960670556952117e-01,5.216214606384625418e-02,4.609104303688078830e-02,7.811958128877791174e-02,1.129773409293202968e-01,-2.539621235910388131e-01,1.781235850178039190e-02,6.289104446503096871e-03,-9.609160570479560737e-02,-1.119089522309427431e-01,1.652872988172714996e-01,-1.318910797702047832e-01,9.802687974909948809e-02,-2.586738251753795126e-02,-2.883519889349820970e-03,-1.042845333060153819e-02,1.282130876291313892e-02,2.942898352029081344e-01,-3.409459143819372207e-01,1.266373651606001793e+00,2.731980271414261030e-01,-1.257806596750800365e-01,1.181789841276243980e-01,8.139369762120984841e-03,-3.279248756283841271e-01,4.166196253104726410e-01,1.136069328045904880e+00,-1.630854861316037852e-01,-1.063973952514174481e-01,-9.337970744222764963e-02
6.885487081435003737e-03,-9.031404429837413747e-03,7.887232450145271745e-01,-2.738369564406159008e-03,3.736959923648452194e-03,7.198531420704934458e-01,6.941109351637512193e-01,5.337558713784312098e-02,4.578329460684345958e-02,7.596346840026521607e-02,1.079655234528915236e-01,-2.497203877672794781e-01,1.529487595456417715e-02,8.161488946334442829e-03,-9.697140685260911830e-02,-1.172228176828632173e-01,1.651097659275527207e-01,-1.289981835314131520e-01,9.988125457427410314e-02,-2.335913457544686739e-02,-1.706307992721422867e-03,-1.525388618564027521e-02,1.726736041752956891e-02,2.892959884666705950e-01,-3.353859137490217690e-01,1.267135601628282426e+00,2.737196866226504488e-01,-1.252237265791101006e-01,1.161317859533325669e-01,1.339675454715268457e-02,-3.250963955853253262e-01,4.073616901522381095e-01,1.139884735154662820e+00,-1.572298508917442383e-01,-1.061229451673224577e-01,-9.663096565785508907e-02
7.074717162457795812e-03,-9.211193411368898479e-03,7.890248427140489351e-01,-2.220400964664250801e-03,3.655186134602780683e-03,7.215862496558669292e-01,6.923113416241710727e-01,5.368925153005653372e-02,4.481856820891252924e-02,7.370679641731142651e-02,1.065108691167338528e-01,-2.457313840509052216e-01,1.444406788809313689e-02,8.576789682055272965e-03,-9.807012389649745476e-02,-1.189573185541401013e-01,1.679422818206357526e-01,-1.274736224047092747e-01,9.856264312929002847e-02,-2.020821058833302888e-02,1.094194501792680534e-04,-1.807857899715225106e-02,1.915766092324933806e-02,2.865291511547764514e-01,-3.326479276171820376e-01,1.264938179771631699e+00,2.704943003888726216e-01,-1.242147096886392216e-01,1.156092686327730018e-01,1.710291398697226517e-02,-3.225993583911409002e-01,3.990906901066494372e-01,1.144390154974671336e+00,-1.515590563298312154e-01,-1.061225504692388799e-01,-1.027320132583819240e-01
7.230174565590153507e-03,-9.430688964046264264e-03,7.890919443299359015e-01,-9.509013331189192578e-04,3.560018452253651926e-03,7.219384401216103475e-01,6.919474768579270130e-01,5.615323287262039692e-02,4.291420793550496104e-02,7.275054229837112085e-02,1.047775319351451351e-01,-2.426544219667443880e-01,1.226320835385303828e-02,1.075619498124309736e-02,-1.002219232251920084e-01,-1.209391345448292132e-01,1.682643881724107948e-01,-1.287835669330292254e-01,1.008314872180093025e-01,-1.566020675537031781e-02,-7.461059009873340564e-05,-1.974674779600452471e-02,2.041585424911164168e-02,2.866171221824976301e-01,-3.285166406175882847e-01,1.257879622990274449e+00,2.671631983420224565e-01,-1.248041964200607146e-01,1.174244390314135300e-01,1.938564555055058772e-02,-3.202920043862166333e-01,3.930933264908111346e-01,1.147234591827006822e+00,-1.473727985645879868e-01,-1.058123996138836120e-01,-1.056830544700805424e-01
7.372948538050839822e-03,-9.627040778333914584e-03,7.892233026100283766e-01,-3.142422001200188136e-04,3.628574221640198244e-03,7.233863027072009455e-01,6.904339155607613909e-01,5.735848016549258827e-02,4.158026634917451336e-02,7.216318730268368731e-02,1.018750865629924340e-01,-2.390957973200464881e-01,1.099731466113274339e-02,1.348412680100904287e-02,-1.017014569164147175e-01,-1.238693491371259947e-01,1.661128024753625310e-01,-1.282064859426436110e-01,1.015867612015115690e-01,-1.305416225057671152e-02,1.224273719975101787e-03,-2.090543408548076881e-02,1.967815741712087424e-02,2.868720249964250013e-01,-3.287832416554877790e-01,1.252119022986335484e+00,2.669745209561608656e-01,-1.252468473703851337e-01,1.163002920603723178e-01,2.173825173322518900e-02,-3.188249336889933394e-01,3.900325236698130582e-01,1.149675031621509635e+00,-1.435091653808400480e-01,-1.055477429676996565e-01,-1.041584136838894503e-01
7.469120684107252717e-03,-9.822463039462511411e-03,7.891668050377292909e-01,7.072436695046936325e-04,3.322079705043370825e-03,7.246844140296300196e-01,6.890725387470886254e-01,5.816285581496299234e-02,4.022334345243479964e-02,7.008510945318213725e-02,1.025288079483328008e-01,-2.381841810100293333e-01,9.634066216517352815e-03,1.621036185368833135e-02,-1.033757777577654496e-01,-1.267168905485283048e-01,1.666669585666470388e-01,-1.305862084554488545e-01,1.025392862166564362e-01,-9.197176638232024137e-03,9.517649828718209495e-04,-2.079219832515106017e-02,1.840082382971670871e-02,2.879004051764529892e-01,-3.283671239871147618e-01,1.244066575194128443e+00,2.646099370372638204e-01,-1.256737238229972409e-01,1.178141769193763039e-01,2.414122108287916277e-02,-3.180475531249946641e-01,3.897924640644069294e-01,1.151321443041875225e+00,-1.423888918603883336e-01,-1.050931213685664667e-01,-1.037156036220377026e-01
7.485956584911338321e-03,-1.002131568324864802e-02,7.891597712053824987e-01,1.665332146189390725e-03,3.171790221588592380e-03,7.253812403321356905e-01,6.883380147789647241e-01,5.866530426094032635e-02,3.871864556248905131e-02,6.856394102192037154e-02,1.037815084497484691e-01,-2.372920040789940899e-01,8.662905784086098390e-03,1.790348334740993891e-02,-1.051597726592694848e-01,-1.287388166180387095e-01,1.677350562817685464e-01,-1.325984508212521562e-01,1.030661022522233045e-01,-6.725670344775921787e-03,1.256316757846957441e-03,-2.023966265597540448e-02,1.703771907340017114e-02,2.888052806192378252e-01,-3.301408468766846016e-01,1.236679343648457996e+00,2.620444099321880271e-01,-1.270048864332557204e-01,1.176695980769567468e-01,2.497905801660057351e-02,-3.178431771963444730e-01,3.903509101079006283e-01,1.152466269289957657e+00,-1.408313961494018496e-01,-1.053667739300559597e-01,-1.041342869012171490e-01
7.453279983014053124e-03,-1.020501014073140790e-02,7.890905897512617839e-01,2.273990594814459011e-03,2.789596262226791586e-03,7.263495231928440710e-01,6.873160970594220931e-01,5.882662297928101941e-02,3.811790633646462700e-02,6.769053518557438531e-02,1.052007750053212398e-01,-2.378257949756886203e-01,9.592378363199205449e-03,1.963325910695691567e-02,-1.059597770163810543e-01,-1.300362734237905660e-01,1.684848991452525258e-01,-1.339345371826843600e-01,1.041676224655386090e-01,-4.718667360269017050e-03,6.841721929353220509e-04,-2.029643576605539776e-02,1.427174387715815507e-02,2.901326910221631583e-01,-3.326069225513818561e-01,1.230558054802109558e+00,2.614434497225329168e-01,-1.275905830161006005e-01,1.167030162091343554e-01,2.653940322337331945e-02,-3.178377689992270549e-01,3.927090822034211004e-01,1.152959965455738978e+00,-1.407677602512407977e-01,-1.055578005887176929e-01,-1.040168909738885816e-01
7.386238584447033136e-03,-1.038039099538292168e-02,7.890232443319110667e-01,3.030624705989521175e-03,2.415963107052227898e-03,7.273625188201926495e-01,6.862424824008654944e-01,5.898832416044998833e-02,3.732358674559099754e-02,6.746725884710427779e-02,1.070383037827587758e-01,-2.380780628849095137e-01,9.886970826860857695e-03,2.141754895814128659e-02,-1.071817885762287176e-01,-1.315880788980105520e-01,1.696053448559403654e-01,-1.352491354485234609e-01,1.055490762589698928e-01,-2.209707230781627306e-03,-5.113406336347799466e-04,-2.090342875646771653e-02,1.150285771260276674e-02,2.926858994029521432e-01,-3.360889663131990113e-01,1.222560718909590172e+00,2.615970932015562189e-01,-1.278470373937387050e-01,1.160146661484474928e-01,2.857828812543160291e-02,-3.176579255911237687e-01,3.947076667332045097e-01,1.153607180868819748e+00,-1.410030275329088034e-01,-1.049233755225895820e-01,-1.030585389831971954e-01
7.287128113454791924e-03,-1.050670960590388385e-02,7.889736542921694795e-01,3.531660002623242603e-03,2.232970562636356696e-03,7.280620445204667446e-01,6.854985051397053386e-01,5.895216968956868558e-02,3.659980796967389483e-02,6.738590701556140816e-02,1.083516795189504722e-01,-2.382061196911130219e-01,9.828277809459062125e-03,2.269018479879386652e-02,-1.082064035868795793e-01,-1.329221837821821794e-01,1.700569641291605760e-01,-1.362629912151561151e-01,1.065363824947396509e-01,-1.674486712318485433e-03,-5.249914381759560652e-04,-2.161376741609118135e-02,8.810987208263284381e-03,2.933163951748375409e-01,-3.379640559526894128e-01,1.219857400764604582e+00,2.617006104176832215e-01,-1.271608769688450102e-01,1.153766380392260149e-01,2.993120898853811676e-02,-3.184331996602589032e-01,3.976710272919952716e-01,1.153098349797884170e+00,-1.404414491340472138e-01,-1.047141477692755951e-01,-1.005017553407248632e-01
7.187266995659349553e-03,-1.059086427095142988e-02,7.889049137180574878e-01,3.845541591355193176e-03,1.936728538158879196e-03,7.288222226984489849e-01,6.846894395222782315e-01,5.854649494075811478e-02,3.637574192649463412e-02,6.711859857551989716e-02,1.102010551557335988e-01,-2.390895998836536918e-01,1.003427563814157306e-02,2.297582966749016353e-02,-1.087374056892105451e-01,-1.335518679981587131e-01,1.725002401351105052e-01,-1.375942411172310087e-01,1.071488175132965653e-01,-1.616819985244553285e-03,-8.022992918641504937e-04,-2.182186808153977614e-02,6.173050406262828305e-03,2.941406951922065915e-01,-3.412530264737008157e-01,1.217988273163051582e+00,2.627927844659183054e-01,-1.261048208600318299e-01,1.150366263688957225e-01,3.109825515156488390e-02,-3.190823214348452730e-01,4.002058604648799367e-01,1.152240927530782111e+00,-1.391592575803778653e-01,-1.036960550178035595e-01,-9.970703579272116590e-02
7.107384242891663824e-03,-1.060834272280072356e-02,7.888580927559691869e-01,3.812612278674649274e-03,1.866330657326697225e-03,7.295630328588037505e-01,6.839004034823743527e-01,5.776279595179537735e-02,3.634286807802330349e-02,6.705679110612879079e-02,1.112083651573013421e-01,-2.398831753323186211e-01,1.024800695441810058e-02,2.300005409406499779e-02,-1.089972364995388660e-01,-1.345396145617357986e-01,1.737469354273032118e-01,-1.382777642956925512e-01,1.076505760154632119e-01,-1.428604826595853165e-03,-4.873895575844782281e-04,-2.262088712554490705e-02,4.254507659878496717e-03,2.948426755607913008e-01,-3.457211482487619336e-01,1.217186670619517797e+00,2.661082906670989012e-01,-1.253817533113095739e-01,1.134673106824140160e-01,3.272760129395923395e-02,-3.195916476849626209e-01,4.017198229053843272e-01,1.151545425822708246e+00,-1.380286610738393205e-01,-1.031898337653845699e-01,-9.749514002059474216e-02
7.049625911405755889e-03,-1.057356112826951348e-02,7.888580206376262227e-01,3.734958998109753729e-03,1.869246162637423249e-03,7.299763960222726000e-01,6.834595944533958800e-01,5.686445965889182219e-02,3.639806262150110938e-02,6.740994320068262324e-02,1.125529958637999095e-01,-2.402133860565391354e-01,1.045222994485349791e-02,2.324036023104226328e-02,-1.090158945912300947e-01,-1.346735038302818155e-01,1.736634033010826250e-01,-1.381524095905922456e-01,1.082558599938108074e-01,-1.624661363659875984e-03,-3.921282361712700917e-04,-2.318895077545800321e-02,3.180890424996949545e-03,2.950183801314498755e-01,-3.496566864511030936e-01,1.217403007809115811e+00,2.674244792734675746e-01,-1.253592277009915046e-01,1.125982856794047193e-01,3.338174985864844624e-02,-3.200477926302857101e-01,4.039539771637272736e-01,1.151538689237619373e+00,-1.359196780268419891e-01,-1.035790731084972188e-01,-9.642210400039512297e-02
7.023154781536921319e-03,-1.048678307226696103e-02,7.888476408062528034e-01,3.617720017234453932e-03,1.810947500212423383e-03,7.304585006761472599e-01,6.829451012790000997e-01,5.606297070468687499e-02,3.659853033972885333e-02,6.702256034475231883e-02,1.138209888525224256e-01,-2.406473652719412493e-01,1.035910828873373712e-02,2.388035996967526747e-02,-1.087673536939316038e-01,-1.347283792799194857e-01,1.730510170848474361e-01,-1.379202144240812833e-01,1.088049141204805170e-01,-1.869577945834764113e-03,-6.875257422372811058e-04,-2.344905343499582850e-02,2.251426623969703111e-03,2.954294771396676622e-01,-3.536664953065594141e-01,1.217687090191166499e+00,2.697405972270174312e-01,-1.257469109957705944e-01,1.133134385341210693e-01,3.371760169179430916e-02,-3.202990011834123130e-01,4.071312864044899227e-01,1.152173756012881523e+00,-1.364896510827859621e-01,-1.043247489908469133e-01,-9.668142190578070394e-02
7.014504781415873379e-03,-1.037383522426093586e-02,7.888955401209283291e-01,3.538099732473649721e-03,1.829411990234016717e-03,7.308698879098303181e-01,6.825051956203157522e-01,5.501643716197532341e-02,3.663085042925383339e-02,6.648367909514445173e-02,1.155562973510802782e-01,-2.405591368458922796e-01,1.056275217013658528e-02,2.424097009251178353e-02,-1.086895847328926273e-01,-1.348231366563226730e-01,1.728759751439330750e-01,-1.376059151765168798e-01,1.084915759323960283e-01,-1.511755819338859389e-03,-8.314159193233204397e-04,-2.326191281466564315e-02,1.582328085427193998e-03,2.958956009284132715e-01,-3.570567643936783386e-01,1.217026801061008578e+00,2.709952253928008536e-01,-1.264593920741406696e-01,1.128075312663889829e-01,3.438501727111319128e-02,-3.203719595536673737e-01,4.088394511620849214e-01,1.152422284974335298e+00,-1.367017611311720504e-01,-1.049672330628842049e-01,-9.640001736988466907e-02
7.006863758438794734e-03,-1.023770305697900736e-02,7.888627776076301279e-01,3.289209608163403721e-03,1.924425732670515627e-03,7.311572447858445400e-01,6.821983297274526459e-01,5.420048268439504185e-02,3.681538857287813132e-02,6.612929641538084491e-02,1.162396787881791460e-01,-2.410239424326283686e-01,1.073837621401383183e-02,2.444197360963897350e-02,-1.084774212239264513e-01,-1.351667722053739307e-01,1.721681105449719695e-01,-1.376612743769250191e-01,1.091143662079424315e-01,-1.720182976297375413e-03,-1.014795038479134569e-03,-2.334916327357969626e-02,1.209336808922170658e-03,2.963555040981691868e-01,-3.600233720721946473e-01,1.217060501785028004e+00,2.723286710930414301e-01,-1.268060874046165187e-01,1.124693121746230262e-01,3.493033414665863007e-02,-3.207248691220439540e-01,4.106612335958498838e-01,1.152017461809984544e+00,-1.367937397904212260e-01,-1.057294698334555472e-01,-9.590116722827116136e-02
6.988552883921387779e-03,-1.008965790574815544e-02,7.888353433141883642e-01,2.843725266612101392e-03,2.027655637044270803e-03,7.314787957310754374e-01,6.818552436074988288e-01,5.334268453453453601e-02,3.731836750773603190e-02,6.624438815906302791e-02,1.162536336027783085e-01,-2.415670515970361754e-01,1.135739526511088567e-02,2.368942391327666375e-02,-1.080666732226986670e-01,-1.355377361238495615e-01,1.727419530251139701e-01,-1.375783267941678434e-01,1.090151272859080922e-01,-1.998843601988818750e-03,-9.374391612156472578e-04,-2.316666070062102512e-02,9.599046783375121683e-04,2.968350870708656442e-01,-3.627777119510237069e-01,1.216466086601976970e+00,2.744131396545228530e-01,-1.265025572492440853e-01,1.123232617767892794e-01,3.582030053371751399e-02,-3.214481015939389397e-01,4.126313097986500367e-01,1.150423914739325149e+00,-1.373753044659849210e-01,-1.061932408382132015e-01,-9.513914477864736374e-02
6.954989798482634142e-03,-9.931655328305219119e-03,7.887344288676877424e-01,2.408675281955085894e-03,2.148773140500418247e-03,7.313449309267004983e-01,6.820001268806308303e-01,5.289952408391545430e-02,3.781206860463560970e-02,6.649565072649875341e-02,1.159961733365832137e-01,-2.428289202645305678e-01,1.180083111729769534e-02,2.330053021225092502e-02,-1.074605412664366849e-01,-1.351458984960121623e-01,1.719963982885924780e-01,-1.381072816930645764e-01,1.096749208513059376e-01,-2.571071561416898073e-03,-1.205170691923954963e-03,-2.306453306964264399e-02,1.783950896824544607e-03,2.972811421717405089e-01,-3.634555771115232647e-01,1.215604425156751267e+00,2.748049359609632813e-01,-1.262647036222434294e-01,1.116671850744447025e-01,3.581218718522184014e-02,-3.219652720437682358e-01,4.137584676152399887e-01,1.149328313679149893e+00,-1.372871176080563416e-01,-1.062975052651073948e-01,-9.459116275448178901e-02
6.912566709145454361e-03,-9.764272978639488079e-03,7.886659032468851249e-01,1.897138211315043191e-03,2.343471684080750562e-03,7.313180715743727855e-01,6.820299019807077867e-01,5.268519764994802901e-02,3.822031073576586530e-02,6.669441724603022981e-02,1.145525261099094028e-01,-2.432024363480352336e-01,1.271648128081947354e-02,2.226644143013165739e-02,-1.069681781739218740e-01,-1.348635523144658677e-01,1.721991857956946814e-01,-1.384615986573965729e-01,1.094498048362603088e-01,-3.647280259447047319e-03,-1.421175779613746606e-03,-2.270548059772030045e-02,2.151995432940596864e-03,2.970767009918479640e-01,-3.628779930904428852e-01,1.216043952081320878e+00,2.742792104048060176e-01,-1.256655516028682418e-01,1.105819643052370210e-01,3.587094161006325332e-02,-3.222587554704940405e-01,4.134104057730764170e-01,1.147947405232685902e+00,-1.365195127326890856e-01,-1.061994285336214233e-01,-9.451150033504127079e-02
6.871083010802219414e-03,-9.590495668625676623e-03,7.886361273056764487e-01,1.157695580968171392e-03,2.604646347338524653e-03,7.313669416659808187e-01,6.819782050743974366e-01,5.244626379852034698e-02,3.880458921377119563e-02,6.668911817346734328e-02,1.121804409299688721e-01,-2.433033639141935767e-01,1.339040284575743547e-02,2.116182277268567613e-02,-1.061851223762030894e-01,-1.347799544642799829e-01,1.717125877244498888e-01,-1.381760934143793362e-01,1.096618307624162292e-01,-4.778729273416412564e-03,-1.404687830852730749e-03,-2.236697704161872899e-02,2.250643672323984767e-03,2.965522604111366922e-01,-3.621172068817264944e-01,1.217048054210098762e+00,2.737779940215268604e-01,-1.249324232723448835e-01,1.101836652653573057e-01,3.556042996492066177e-02,-3.225773876108264937e-01,4.137499085954514100e-01,1.147602643347959805e+00,-1.359421619526948455e-01,-1.063684851100311912e-01,-9.482987227592051815e-02
6.832787391548844451e-03,-9.438589781154044928e-03,7.886670792850311029e-01,4.484542708569358785e-04,2.940314866383612284e-03,7.313518023553350345e-01,6.819939109910412300e-01,5.245717164395602428e-02,3.925475335470288152e-02,6.716289299523975354e-02,1.090905905131267228e-01,-2.425340097975014486e-01,1.369928262919495147e-02,1.994208541967725651e-02,-1.055288801140294164e-01,-1.345098945047437933e-01,1.711092666120704875e-01,-1.373030556336352348e-01,1.096641548262534405e-01,-5.652301520434054559e-03,-1.537294428434087500e-03,-2.180608116337940522e-02,1.795865266029664231e-03,2.962610076505656220e-01,-3.625500262953961772e-01,1.218458611757542664e+00,2.737719708888986525e-01,-1.244502348177459750e-01,1.090338061246606954e-01,3.520032409963794184e-02,-3.221151733004379292e-01,4.129170307951502417e-01,1.147828733602492379e+00,-1.339372611829188209e-01,-1.066515828182722087e-01,-9.434878889533697410e-02
6.820805576523927653e-03,-9.317215537246431589e-03,7.886855665886461919e-01,-1.735547363390108414e-04,3.075011638125608668e-03,7.316660129558314463e-01,6.816563354561416821e-01,5.168857549306666438e-02,3.995917701901775115e-02,6.734872564217503355e-02,1.080882254448153057e-01,-2.424529226534764548e-01,1.449748949166053402e-02,1.921803119191774906e-02,-1.047153126793618633e-01,-1.343127060956321728e-01,1.706198217220969982e-01,-1.361698339076547748e-01,1.096864838865889702e-01,-6.279877031089522998e-03,-2.186074868830936539e-03,-2.177342681117349493e-02,1.130961946407701979e-03,2.963778337613586777e-01,-3.630628795286879318e-01,1.219241111567336500e+00,2.736742164706474356e-01,-1.240520543394198205e-01,1.084534120956599790e-01,3.549015333849017684e-02,-3.216531865807650270e-01,4.124960494469622208e-01,1.147953544594254360e+00,-1.340362730439184080e-01,-1.067815594048152766e-01,-9.551029031358920784e-02
6.812618997458218771e-03,-9.245679565019574234e-03,7.887212671795192920e-01,-8.562188231864380217e-04,3.397635501026685829e-03,7.317164128128251788e-01,6.816001864602592164e-01,5.120190537042350332e-02,4.051864300238665340e-02,6.818021712349967012e-02,1.058275823822673323e-01,-2.417569210508088706e-01,1.402156945326008160e-02,1.792495064025935447e-02,-1.041043567414503684e-01,-1.342789423332106102e-01,1.700854284922533877e-01,-1.351412590850098461e-01,1.092150972462474778e-01,-6.693867487565403895e-03,-1.832458794814322998e-03,-2.162581707566756106e-02,6.971285237204472018e-04,2.960926501264832256e-01,-3.634126169455096922e-01,1.220221208090237486e+00,2.741028751100012539e-01,-1.240083920410283563e-01,1.067043310785720789e-01,3.561305822956753464e-02,-3.215763243202759414e-01,4.119142339585690205e-01,1.147401703727331412e+00,-1.335333128376205158e-01,-1.068614671624487644e-01,-9.609155346428568945e-02
6.813098256485633150e-03,-9.242754965668795522e-03,7.887433631692613023e-01,-1.215233491715205470e-03,3.460579069097744539e-03,7.316620745851464269e-01,6.816576532349848394e-01,5.077617922377413578e-02,4.111427075119268582e-02,6.939472629910309331e-02,1.053813249060917695e-01,-2.418077250708256243e-01,1.413224358943039258e-02,1.663713478739836660e-02,-1.036063581174675313e-01,-1.338107763391989113e-01,1.711463382985356496e-01,-1.346019054915088831e-01,1.090055147206387687e-01,-7.925466256440017593e-03,-1.604558301427437984e-03,-2.104842723069694915e-02,2.882054945801820756e-04,2.954883805456132162e-01,-3.628701013338155312e-01,1.222050363073875490e+00,2.740939204367778825e-01,-1.239649209643494676e-01,1.076974826929465445e-01,3.521667876398232311e-02,-3.216397972767654490e-01,4.116651626977391176e-01,1.146124361722638652e+00,-1.318585621690094856e-01,-1.070470924848916788e-01,-9.717726526551788424e-02
6.830607040463990490e-03,-9.300040547712322414e-03,7.888280239919155390e-01,-1.755369645517491570e-03,3.720925314618787547e-03,7.319485119300125353e-01,6.813475245978746209e-01,5.008080434848172224e-02,4.151591797528114691e-02,6.996675547558062203e-02,1.036509902198374244e-01,-2.408353671103323768e-01,1.341551746955873224e-02,1.600353305502777435e-02,-1.030124018254604534e-01,-1.334922615937196022e-01,1.697853520898801316e-01,-1.330401179647631160e-01,1.085789050556754676e-01,-9.045168334454000217e-03,-7.211104100589491028e-04,-2.064393281594415278e-02,-9.878399868541651307e-04,2.939913673946060735e-01,-3.615641065501443152e-01,1.224908494705490458e+00,2.732043551308532825e-01,-1.237176298108169786e-01,1.069164492214458306e-01,3.422412454382341845e-02,-3.209174765198841150e-01,4.099061868430948774e-01,1.148017600820561590e+00,-1.293062723142479331e-01,-1.068089143487750831e-01,-9.790617131724900501e-02
6.855939701851994188e-03,-9.441016001285511619e-03,7.888231611985891956e-01,-2.008866852812303625e-03,3.867132694381025890e-03,7.320401156600366832e-01,6.812475899429901727e-01,4.928013831173995440e-02,4.177131844144606893e-02,7.073193724126418391e-02,1.033848566603836061e-01,-2.403687902005329780e-01,1.319719543658123308e-02,1.556627322253122808e-02,-1.028970798968533162e-01,-1.341214713914588574e-01,1.689823559325657754e-01,-1.325389668831175594e-01,1.090921296156151798e-01,-9.726397265997974856e-03,-1.095700467435052269e-03,-2.028024598825493505e-02,-1.701915058350628174e-03,2.939161415363649721e-01,-3.610825584997460203e-01,1.225011068603962361e+00,2.723962629264988222e-01,-1.236508062245670891e-01,1.062965542078503772e-01,3.391113814152832417e-02,-3.209036912803295838e-01,4.094576642070591466e-01,1.146595994188338796e+00,-1.273206498404111653e-01,-1.071147373934700220e-01,-9.888959120183325735e-02
6.884531693411284278e-03,-9.640550694393911629e-03,7.888241873797476877e-01,-2.127813692851671535e-03,3.944118352213215987e-03,7.321070301466410246e-01,6.811748767748107003e-01,4.871892638571109074e-02,4.193317762771647805e-02,7.152438374253425324e-02,1.031274061270610054e-01,-2.398574451249486650e-01,1.320951896188807262e-02,1.488326973146460869e-02,-1.029244554404548789e-01,-1.345889809943301152e-01,1.691486310175697172e-01,-1.323044305582121161e-01,1.089059356821276414e-01,-9.818090989490137199e-03,-1.763488802078068147e-03,-2.034681444613870363e-02,-2.370120895075586431e-03,2.940159599222080256e-01,-3.605393879743881702e-01,1.225218076214475538e+00,2.730663844974893784e-01,-1.234850174778748533e-01,1.067204470958097451e-01,3.372622078405723700e-02,-3.207249586424948395e-01,4.092729774096638962e-01,1.146056792089312770e+00,-1.276540237000429179e-01,-1.072355085944505376e-01,-9.980259700279536794e-02
6.917656407096472310e-03,-9.894848007012660776e-03,7.888522315780491789e-01,-2.469232100733207390e-03,4.006332854000551301e-03,7.322986336575968425e-01,6.809673731781229478e-01,4.808088353694737332e-02,4.244019495124487507e-02,7.253476990782256606e-02,1.020701064634133848e-01,-2.393072001289265061e-01,1.342317474393480564e-02,1.420192471071592133e-02,-1.024730378230282873e-01,-1.348388860791490118e-01,1.684717022158562227e-01,-1.310139243859404501e-01,1.091947613532165129e-01,-9.887421819234713458e-03,-2.191999386550111829e-03,-2.030798792996500388e-02,-3.720272990869959162e-03,2.938589503215910947e-01,-3.599552003198329686e-01,1.226283528058195404e+00,2.735673033207123850e-01,-1.230552385081111477e-01,1.055903438019546448e-01,3.345225457162868260e-02,-3.200310431537090605e-01,4.078659775870027149e-01,1.146351425252154277e+00,-1.267122832224942819e-01,-1.070992423634765101e-01,-9.988042027092862429e-02
6.962903070775983486e-03,-1.019620569068070172e-02,7.889046723421514473e-01,-2.566640316936515901e-03,4.130739308819543314e-03,7.323720622262953617e-01,6.808872974440411951e-01,4.725687863423603391e-02,4.245374462646251540e-02,7.298978321460478091e-02,1.019979062433080119e-01,-2.383905917803705032e-01,1.319435496013240082e-02,1.368711456355955342e-02,-1.026004473649231030e-01,-1.356745779418849773e-01,1.679661060054357113e-01,-1.302265868654597369e-01,1.091805552393490947e-01,-9.738121555329491350e-03,-2.371076972290113612e-03,-1.949454766477816056e-02,-5.665416871781639441e-03,2.929859086100979337e-01,-3.577702147603311622e-01,1.228384644715899254e+00,2.712870853330327514e-01,-1.230128468413047432e-01,1.051594015892696465e-01,3.300245496649431565e-02,-3.195924350346004972e-01,4.065312214401609614e-01,1.146041163148020736e+00,-1.247296568382858517e-01,-1.079010347745569393e-01,-1.006687544424146180e-01
7.007885560695182280e-03,-1.053360956244362920e-02,7.889187701139003250e-01,-2.974930161935526816e-03,4.421004906034762920e-03,7.323247216708356211e-01,6.809347300115382584e-01,4.615385458591739903e-02,4.264025842308135500e-02,7.336429617247383628e-02,1.009353897262757760e-01,-2.378864402008588619e-01,1.272944771329158516e-02,1.220371111212641309e-02,-1.023408418482667087e-01,-1.356327573745441661e-01,1.675392365088832769e-01,-1.296810989009193615e-01,1.086981262575698048e-01,-9.581674054240740465e-03,-1.893044296048971122e-03,-1.867041722055749406e-02,-6.731488462920050264e-03,2.927652743076509800e-01,-3.570572783439139863e-01,1.228158174082699006e+00,2.705221886546484433e-01,-1.234540122067505352e-01,1.037360575844090554e-01,3.249301780387785221e-02,-3.198176818804117638e-01,4.053481024267612809e-01,1.144674528982059680e+00,-1.242000712316109062e-01,-1.080861658047995444e-01,-1.004480199387810663e-01
7.066220983136263165e-03,-1.089301561835015648e-02,7.889529843178919588e-01,-3.189121471056464291e-03,4.755032836274850766e-03,7.323403575754641182e-01,6.809146935066178186e-01,4.468714045809476371e-02,4.244365835294373890e-02,7.313381968162255276e-02,1.009226883701635491e-01,-2.368657764880760797e-01,1.164452822836746677e-02,1.085346408408670131e-02,-1.025984477746147150e-01,-1.361189401259011444e-01,1.673828533934242635e-01,-1.292307827756810634e-01,1.084264560957272083e-01,-9.705985032727282996e-03,-1.800070131238505058e-03,-1.857105525901873305e-02,-7.941231844695195718e-03,2.921164113640573046e-01,-3.555619488491221780e-01,1.229238114286731687e+00,2.688327410088304781e-01,-1.239438842391551027e-01,1.030975467820619135e-01,3.190697028834130200e-02,-3.201626541190752406e-01,4.050485434382304906e-01,1.143536013390976658e+00,-1.240343975706702517e-01,-1.085707710519747543e-01,-1.007937821043881910e-01
7.129111706285053487e-03,-1.125864016854541752e-02,7.889686044296123635e-01,-3.227122800364215244e-03,4.815813456656771810e-03,7.323889426976735173e-01,6.808618290324162103e-01,4.371632012940501050e-02,4.228794321124985239e-02,7.155218566183202400e-02,1.011663510663154963e-01,-2.359400446080428815e-01,1.202148266477878237e-02,1.003400739420126295e-02,-1.026510341972612789e-01,-1.363365852175533188e-01,1.676138956474240160e-01,-1.290527534239324647e-01,1.079894285705367968e-01,-1.034562183659610418e-02,-2.122463689100308713e-03,-1.785053221190992939e-02,-9.216954780050058693e-03,2.915388607189184356e-01,-3.538927996510675689e-01,1.230215106545976766e+00,2.658422714308591450e-01,-1.230829720110262343e-01,1.035297180339220663e-01,3.080404457583976047e-02,-3.206846834696726600e-01,4.056724605967927388e-01,1.142569752536749306e+00,-1.246850059288467788e-01,-1.081476562062907709e-01,-1.012968740189716388e-01
7.176031179380264365e-03,-1.163030034325286677e-02,7.889497144524745265e-01,-3.118596418063148724e-03,4.820116465865890293e-03,7.320477527424352759e-01,6.812291307176965294e-01,4.360671111726444060e-02,4.216741602671719019e-02,7.154378484250924208e-02,1.008558553664584412e-01,-2.354023421847101782e-01,1.276693472098319737e-02,8.831779834866018003e-03,-1.027566301623400458e-01,-1.356117406476333165e-01,1.686979663645213900e-01,-1.291803613687443064e-01,1.081016266041410351e-01,-1.115508081862388347e-02,-3.017632225020443378e-03,-1.703623280859525163e-02,-9.447209204310330621e-03,2.916510486712984851e-01,-3.524234805004275439e-01,1.229948462502804762e+00,2.632613569258695496e-01,-1.218654943836776361e-01,1.028938891026610486e-01,2.891468958202222245e-02,-3.205815731856437312e-01,4.056398719919173113e-01,1.142202524882526271e+00,-1.244853028029431347e-01,-1.071119580962047874e-01,-1.006827742955020283e-01
7.222423037202985868e-03,-1.198007893109504819e-02,7.889996532215541869e-01,-3.280631842339790365e-03,4.909109709615611973e-03,7.320602836387292145e-01,6.812142682118150772e-01,4.273941910088301793e-02,4.237356217439994938e-02,7.227827855539549484e-02,1.006477636394056130e-01,-2.343817944490708682e-01,1.291650215869353212e-02,7.694821358046917761e-03,-1.025739136208347613e-01,-1.352099398930278473e-01,1.689838609136884440e-01,-1.283339582668754919e-01,1.079725599035690070e-01,-1.189515741472647187e-02,-3.338176113489991267e-03,-1.631162421146260116e-02,-1.034353165400041241e-02,2.917273015973658179e-01,-3.525816575367823891e-01,1.229982808071557798e+00,2.634214909690826834e-01,-1.207927895622779996e-01,1.026692037958153031e-01,2.753682492019618802e-02,-3.204583236894072984e-01,4.054112634625282041e-01,1.141947885836384069e+00,-1.248178733568105769e-01,-1.063390290534615840e-01,-1.013588591540454803e-01
7.244365982534061929e-03,-1.231842952691935417e-02,7.889997906160425289e-01,-3.447215272511223658e-03,5.030324742813591966e-03,7.318419041216095433e-01,6.814471658987988345e-01,4.207529714391888137e-02,4.250198328495290168e-02,7.280851696377838023e-02,1.002536792428899010e-01,-2.339457320968582055e-01,1.283384050046386220e-02,6.278079100914372990e-03,-1.024850336715536353e-01,-1.349645467850835445e-01,1.695981820411631147e-01,-1.281538415621963634e-01,1.080843311930760886e-01,-1.215491569100964585e-02,-3.071169116235256125e-03,-1.541467059313953759e-02,-1.094153946793891691e-02,2.915907538712148028e-01,-3.520983527982889383e-01,1.229560243110465745e+00,2.632880249705978337e-01,-1.198233847934995350e-01,1.018446077918923193e-01,2.630900154756970338e-02,-3.204626215566047653e-01,4.042602253524222866e-01,1.141378343945222307e+00,-1.233835098925222390e-01,-1.057574175154544355e-01,-1.014600585683725215e-01
7.240072510953683184e-03,-1.264243075140178071e-02,7.890386853017614666e-01,-3.807405684146255090e-03,5.322850830264527766e-03,7.318277886630224494e-01,6.814581855562281687e-01,4.114801637765299475e-02,4.255234199998593481e-02,7.349240975375830043e-02,9.898197408359149518e-02,-2.327788288903868408e-01,1.241289099973379509e-02,4.565355584541528136e-03,-1.023409883713824325e-01,-1.343621720511768147e-01,1.698547992988519439e-01,-1.275676548517065967e-01,1.074562574583904778e-01,-1.255735007825130138e-02,-2.261444649432361228e-03,-1.495017182897530154e-02,-1.240578845879834746e-02,2.905278406866922403e-01,-3.517052623794035271e-01,1.231593096524016717e+00,2.634622762419560060e-01,-1.197560252727662283e-01,1.003035649009553221e-01,2.570146461646430347e-02,-3.210271704028171968e-01,4.039421252300771092e-01,1.140029537769343682e+00,-1.232604355133675583e-01,-1.057918062509650009e-01,-1.014362715304409635e-01
7.190919359552332829e-03,-1.299044271231335028e-02,7.890801574254082684e-01,-4.117366118812651465e-03,5.551007305789550095e-03,7.317608175826875172e-01,6.815264774495944922e-01,3.989215719690858419e-02,4.273827409649481185e-02,7.518055471407320001e-02,9.881996761944271401e-02,-2.321295302129968152e-01,1.186005443159080137e-02,2.649505504334476874e-03,-1.024284673517136257e-01,-1.345606877742456520e-01,1.708770150760428042e-01,-1.270435263247761681e-01,1.072618802490481887e-01,-1.306579526376594642e-02,-1.414058105795314721e-03,-1.440005929915861779e-02,-1.348411585744402341e-02,2.900759090465689360e-01,-3.529030450256695484e-01,1.231942102033053432e+00,2.645922298301821018e-01,-1.192483163847517375e-01,1.001577682215877285e-01,2.443129460436624725e-02,-3.214332877248491371e-01,4.026714411877493349e-01,1.139810274660678191e+00,-1.220040370121665135e-01,-1.054150903706263381e-01,-1.030555746956581115e-01
7.104472398133846768e-03,-1.334421622439164318e-02,7.890971903381803765e-01,-4.258085486489019203e-03,5.460264512693198923e-03,7.318609213112433620e-01,6.814188477558424939e-01,3.910753201767172560e-02,4.304118045378785978e-02,7.612048446765633247e-02,9.904064051861181939e-02,-2.318360220789316417e-01,1.240801372012010663e-02,1.383797769929568863e-03,-1.021461684833293859e-01,-1.333897664422734053e-01,1.720694963945075817e-01,-1.262109892374528863e-01,1.070562416447098930e-01,-1.414000938863778714e-02,-1.273632632609172097e-03,-1.401785656287708216e-02,-1.458694408634177847e-02,2.896028990937786207e-01,-3.541812452298481184e-01,1.232877276570205849e+00,2.664957291336410017e-01,-1.187874102696597767e-01,1.006086301392047494e-01,2.304099690125817335e-02,-3.217841129210498585e-01,4.028471980356324034e-01,1.139910820257083346e+00,-1.227712050805101762e-01,-1.046419366558474923e-01,-1.031183822530420957e-01
6.972264754305450285e-03,-1.371877448465299264e-02,7.891505564007105233e-01,-4.263194294719972917e-03,5.365538617888149925e-03,7.318109619233532648e-01,6.814732219086547804e-01,3.878116333926314580e-02,4.301132755913337352e-02,7.638246301562380547e-02,9.884833765718634147e-02,-2.308336462252056354e-01,1.219803648295659550e-02,3.928531784116971737e-04,-1.022765116011183500e-01,-1.332275641637630514e-01,1.731126089182658256e-01,-1.252778214810151280e-01,1.079246863765285919e-01,-1.466834737848320830e-02,-1.624699166631846190e-03,-1.327151292374285571e-02,-1.527150761650121480e-02,2.893132270631842973e-01,-3.546895295335492637e-01,1.232571256021658401e+00,2.664966475332867790e-01,-1.184822044634342431e-01,1.016473899259827118e-01,2.189358598978879272e-02,-3.219850436741775734e-01,4.023142524351615013e-01,1.139929796784743710e+00,-1.219501261894125888e-01,-1.039762473855546793e-01,-1.036340441058511835e-01
6.805113825617851650e-03,-1.410720118296529199e-02,7.891627556358212781e-01,-4.525620919155878309e-03,5.292884854081345014e-03,7.318741735918988800e-01,6.814042105493577361e-01,3.787906981199754691e-02,4.329492063775135235e-02,7.680519535878588266e-02,9.879930202685373308e-02,-2.307554442307752640e-01,1.250625679499128666e-02,-7.795628076563490549e-04,-1.019949364123517166e-01,-1.327153085648923314e-01,1.736507204476302746e-01,-1.243233820383943811e-01,1.085273805782314277e-01,-1.535140340773909380e-02,-1.190988852507134143e-03,-1.232140722459384129e-02,-1.609625371351987300e-02,2.888629364224102880e-01,-3.558219590189569681e-01,1.231979769307304906e+00,2.664577291170572293e-01,-1.184336729614998002e-01,1.014719263406566596e-01,2.057889018679718782e-02,-3.227873202224839089e-01,4.026539690961244422e-01,1.139617503154383371e+00,-1.214603116472975364e-01,-1.036970932577689353e-01,-1.038438710526573827e-01
6.604791576241462146e-03,-1.450442243295645139e-02,7.892393118581464417e-01,-4.579952684697329197e-03,5.014349573974694572e-03,7.318021958732973120e-01,6.814832547075364566e-01,3.707234556598138636e-02,4.359031337784132626e-02,7.681208663554013605e-02,9.993016011200438198e-02,-2.305398572469029017e-01,1.280479919271759054e-02,-2.259239416351605662e-03,-1.019285853935636976e-01,-1.326320871834958948e-01,1.759752439068922314e-01,-1.229905033945506432e-01,1.085698974828197827e-01,-1.589906701287202920e-02,-1.549002895402344562e-03,-1.177609983357136292e-02,-1.685674016097360450e-02,2.886250810126706479e-01,-3.569044579391951744e-01,1.232046289000653161e+00,2.662840746797646152e-01,-1.177188280184333080e-01,1.032505336038210403e-01,1.974986797233813096e-02,-3.238240547611661579e-01,4.039104817191481733e-01,1.138391843204124676e+00,-1.231403584235745280e-01,-1.029180886927414801e-01,-1.048112657678834797e-01
6.404734684957291875e-03,-1.487512200372447663e-02,7.892226044386070338e-01,-4.803154166350997664e-03,4.966561335246118605e-03,7.318200313258437228e-01,6.814629151529814077e-01,3.571897558683079926e-02,4.369008869111099674e-02,7.649704945370623677e-02,1.009361765519039555e-01,-2.309305755800452054e-01,1.311281600229079539e-02,-3.419389120960826534e-03,-1.016839943708595789e-01,-1.314919742990389717e-01,1.765493863352802228e-01,-1.226408677698608563e-01,1.084279927919852143e-01,-1.631870737410575853e-02,-1.478666084286878483e-03,-1.070081155614826911e-02,-1.760092499093876550e-02,2.880867693458896706e-01,-3.571541290063051100e-01,1.231123595751775213e+00,2.635720370160110071e-01,-1.169181145717659714e-01,1.027211478221927987e-01,1.886818529201362421e-02,-3.248908581119949734e-01,4.043114256914848714e-01,1.137014846221842568e+00,-1.237332284347280043e-01,-1.020139441711261225e-01,-1.044826510957068549e-01
6.192830957085952021e-03,-1.522669804653400613e-02,7.892033506406375132e-01,-5.324779958414304487e-03,5.243434582418528278e-03,7.317003968023125804e-01,6.815854182943719142e-01,3.455964213148497027e-02,4.369497072832574658e-02,7.696523108643986422e-02,9.974008646430199132e-02,-2.305557699508248293e-01,1.321396251420883794e-02,-4.843538284797201110e-03,-1.015014972844020535e-01,-1.310527805347819208e-01,1.754770225956762963e-01,-1.218471678968967853e-01,1.083572205064827071e-01,-1.681186584903011580e-02,-1.049806472072235385e-03,-1.073036855846341495e-02,-1.792718197907102601e-02,2.876498477236581475e-01,-3.583925528006552952e-01,1.230198866344009101e+00,2.632960568796573475e-01,-1.171476701061828635e-01,1.016929257672413434e-01,1.817597870287990941e-02,-3.261097235366677283e-01,4.047917077538840114e-01,1.135418108174735208e+00,-1.239672004973575437e-01,-1.021469148970485935e-01,-1.048994102119635841e-01
5.976376767502019662e-03,-1.556063476249751332e-02,7.892664959194155561e-01,-5.524933403284978430e-03,5.302855298837735355e-03,7.314212755476177108e-01,6.818828876815035134e-01,3.418294594263376202e-02,4.356586696090467697e-02,7.710592962746164181e-02,9.886995136072010415e-02,-2.296289569342453152e-01,1.345795346926124264e-02,-6.163204764966789817e-03,-1.015283609769935813e-01,-1.305085147334195395e-01,1.758126775596849656e-01,-1.206970537117076636e-01,1.080894519132473558e-01,-1.752546686782227928e-02,-1.061056023890741273e-03,-1.009873737573066359e-02,-1.799121448982096694e-02,2.872182950428185388e-01,-3.584411148378415235e-01,1.229637855884100128e+00,2.627674862955490798e-01,-1.169883199833685883e-01,1.013170223299552086e-01,1.715178671462964932e-02,-3.268274690450114761e-01,4.045494778114588907e-01,1.134230817025473570e+00,-1.235395999060406313e-01,-1.019518187459776543e-01,-1.050532408965425823e-01
5.769709423141119835e-03,-1.586750844006997244e-02,7.892269245169394321e-01,-5.769134852786239609e-03,5.409314168511367323e-03,7.314157362166823217e-01,6.818859708322838609e-01,3.370757783376751582e-02,4.334240816203159541e-02,7.694164787985920129e-02,9.773188700512813742e-02,-2.293782630473465700e-01,1.409556250301929707e-02,-7.145730788787284932e-03,-1.016501641437573267e-01,-1.303045519455323931e-01,1.755857807127959580e-01,-1.200491008581158481e-01,1.089111965590887771e-01,-1.786726532116443208e-02,-1.589022583271070595e-03,-1.009960439565408055e-02,-1.839955251263812597e-02,2.872960468040168247e-01,-3.592457903258082785e-01,1.228550275284263416e+00,2.619621246025796157e-01,-1.177968352370087346e-01,1.003608028380743034e-01,1.671268454384627206e-02,-3.270012393007827867e-01,4.035700795217617709e-01,1.133693009947377650e+00,-1.220762777752662925e-01,-1.022924810438292087e-01,-1.054210202620837339e-01
5.570065088686839902e-03,-1.614564800363751940e-02,7.891752798582711836e-01,-5.940042223148694379e-03,5.483480620628381798e-03,7.314253026119309498e-01,6.818736496138538827e-01,3.324653302009591971e-02,4.307332717538949612e-02,7.664910736294293370e-02,9.702790328769847483e-02,-2.294728838311904107e-01,1.427306056046735022e-02,-7.814417151930180827e-03,-1.017205537202911236e-01,-1.296172638997798165e-01,1.751740013510839356e-01,-1.197438012043848810e-01,1.093567117714429326e-01,-1.760711203234970740e-02,-1.859429267790151281e-03,-1.002143679007528806e-02,-1.904302487665236049e-02,2.868720442804948423e-01,-3.587253887211515058e-01,1.228394752461455575e+00,2.611960758957788120e-01,-1.176269906469595700e-01,1.004014555531624053e-01,1.655552098206874989e-02,-3.274074307184361987e-01,4.033457974182346195e-01,1.133192214143970089e+00,-1.224626090175263554e-01,-1.019378118450310622e-01,-1.044085283783318246e-01
5.366199677683009851e-03,-1.640531735465870430e-02,7.891850277237247857e-01,-5.903987097627500132e-03,5.531860236165538069e-03,7.312767468977430241e-01,6.820328884337863995e-01,3.293429366142693743e-02,4.255433244616179528e-02,7.599237293379330904e-02,9.688551331523062582e-02,-2.287237726606081989e-01,1.370120766956692618e-02,-8.331908183442360977e-03,-1.021593755453213265e-01,-1.293983908813399197e-01,1.751924537913587820e-01,-1.194501831339563475e-01,1.094264374736549361e-01,-1.772514964725280251e-02,-1.924389670121159392e-03,-1.004000570781003916e-02,-1.892572927872985394e-02,2.865796922622477760e-01,-3.588075758978819807e-01,1.227576667378981856e+00,2.599905489500622946e-01,-1.174872251556668273e-01,1.002251284721178554e-01,1.608367621821954474e-02,-3.281379154946483800e-01,4.032944244836580983e-01,1.132629454946428860e+00,-1.216701770820454026e-01,-1.013613208218192147e-01,-1.041508100700032080e-01
5.158818244739084811e-03,-1.664689958225529925e-02,7.892042174605944371e-01,-6.210113341247824013e-03,5.702699189790956698e-03,7.312034872863878432e-01,6.821073037979183962e-01,3.225302014341584200e-02,4.241568054237835478e-02,7.626268780138005521e-02,9.600744730709705188e-02,-2.281134725187440870e-01,1.355964295997087038e-02,-9.546665821807708008e-03,-1.021785939413305533e-01,-1.287304030069738592e-01,1.752023155811339161e-01,-1.188526820253165833e-01,1.097153611152624220e-01,-1.812917857011623474e-02,-1.982539791525748767e-03,-9.480805864975769964e-03,-1.922141400200247374e-02,2.863798369554071965e-01,-3.598753229617376870e-01,1.227040626662918799e+00,2.603977450047240683e-01,-1.168792244099632754e-01,1.000698714649828208e-01,1.539051712058124230e-02,-3.289498863636480808e-01,4.041799932947601204e-01,1.131813086746373820e+00,-1.218634442206940338e-01,-1.005309205750820195e-01,-1.031061489061205344e-01
4.942014972182037780e-03,-1.687737282914818920e-02,7.892414836470227346e-01,-6.228404515703027909e-03,5.805629824235476397e-03,7.309764922020766109e-01,6.823495214972171707e-01,3.208860948393343904e-02,4.192038390195525904e-02,7.619456289714907071e-02,9.541976504734508979e-02,-2.271152946457223876e-01,1.314055783082727392e-02,-1.018829353376260113e-02,-1.025747798333805361e-01,-1.283000702498440504e-01,1.750507566707581175e-01,-1.182051807957947565e-01,1.095315387188518091e-01,-1.837384889428573392e-02,-1.762839890473566831e-03,-9.548759792276834829e-03,-1.952705214118404670e-02,2.857010662816413249e-01,-3.600291079123876803e-01,1.227775756032424725e+00,2.605685133734130798e-01,-1.165500848562860542e-01,9.822493394688264212e-02,1.465920041854233344e-02,-3.294475228831748037e-01,4.036230589153355641e-01,1.131642956138497302e+00,-1.213171809789660716e-01,-9.979470202542184420e-02,-1.018604553444019817e-01
4.721495167997866518e-03,-1.710826584346366794e-02,7.892448671522778181e-01,-6.531818495376541002e-03,5.822509630211875759e-03,7.309347596367057331e-01,6.823912447295773509e-01,3.196549458406380828e-02,4.205890016755091387e-02,7.719360643948774969e-02,9.403945106974134771e-02,-2.269678742779188685e-01,1.332278821605588533e-02,-1.081621061212386867e-02,-1.021966806095336994e-01,-1.269306743383683822e-01,1.742601195561321314e-01,-1.170702406640860976e-01,1.099212465373332059e-01,-1.885258848196476669e-02,-1.851069041480744512e-03,-9.227567362696448283e-03,-2.003431878482684475e-02,2.855261181489283651e-01,-3.608674643027955375e-01,1.227487476648599696e+00,2.626049793252706599e-01,-1.164058137548041466e-01,9.818704636642830441e-02,1.356852821475199034e-02,-3.293590563687365802e-01,4.027495178931186359e-01,1.132491779735788073e+00,-1.205204210757110095e-01,-9.940690435729912511e-02,-1.026434440836572204e-01
4.502523911723136686e-03,-1.734662541998170313e-02,7.892376772307915234e-01,-6.639737269641499823e-03,5.898299540081772784e-03,7.309201903929941624e-01,6.824051576793628282e-01,3.153797217348112275e-02,4.162992206355704827e-02,7.671666022914944150e-02,9.357505613951211387e-02,-2.267738655253617175e-01,1.415248131882775040e-02,-1.151366255001424338e-02,-1.023257402395589127e-01,-1.257962246730709721e-01,1.742520230730905395e-01,-1.169136994475688807e-01,1.097309001616697532e-01,-1.910915473072772111e-02,-1.744161273543310981e-03,-8.430284056528861147e-03,-2.072006839089890473e-02,2.854537313653271458e-01,-3.623313822689592234e-01,1.226756680683129597e+00,2.628209317974411485e-01,-1.160640229801904039e-01,9.724868978829727395e-02,1.211804619323866850e-02,-3.294431687193938307e-01,4.018134712493752758e-01,1.133721875414102076e+00,-1.186778597097985360e-01,-9.851968017832328506e-02,-1.025553836969806815e-01
4.295712570157303456e-03,-1.758917490137281922e-02,7.891301241810849687e-01,-6.826111852077148580e-03,6.017370640417879502e-03,7.308754208643042372e-01,6.824502286789757566e-01,3.163049413858590869e-02,4.133845100688113283e-02,7.707474296860916674e-02,9.176308290111770405e-02,-2.268660965526596851e-01,1.429529620392055132e-02,-1.170978462149830160e-02,-1.024079858454443187e-01,-1.251731796541054043e-01,1.726854171473654331e-01,-1.167910102456210519e-01,1.110335896078790685e-01,-1.921555635365147438e-02,-2.591692113858475206e-03,-8.592584288755707178e-03,-2.068416927178234194e-02,2.861273576162150500e-01,-3.637897711187123573e-01,1.224529092490455939e+00,2.647064184363889239e-01,-1.163564736152795376e-01,9.735114838857523989e-02,1.180734514182271711e-02,-3.297101267566360239e-01,4.017643601722439839e-01,1.132882844793918098e+00,-1.182168047209185835e-01,-9.876138593064494320e-02,-1.021602606597784846e-01
4.106170609028940259e-03,-1.784890809082146507e-02,7.891451093880634815e-01,-6.781690553670382052e-03,6.174275163405505175e-03,7.308539978493249212e-01,6.824722124944732071e-01,3.107115129477723559e-02,4.065992246818349309e-02,7.697762408587741079e-02,9.176136837255567669e-02,-2.261941079010970079e-01,1.430647853867792786e-02,-1.221103306052541068e-02,-1.031094577247025634e-01,-1.253545890907151183e-01,1.725029736721863660e-01,-1.164119745963773378e-01,1.112298026234068427e-01,-1.863788966429431523e-02,-2.925099593132423834e-03,-8.436339915628161129e-03,-2.068088305686026362e-02,2.866246701620892567e-01,-3.646544614317292488e-01,1.222139614393594087e+00,2.652661380595622287e-01,-1.167780707701214782e-01,9.660207667033526846e-02,1.193008341724412225e-02,-3.302493471623787480e-01,4.019447168762250167e-01,1.131838269282892773e+00,-1.174930996387014842e-01,-9.867208549809132478e-02,-1.014916412288904835e-01
3.933240881837829495e-03,-1.811784695761245109e-02,7.891930049295627914e-01,-6.905366324860875635e-03,6.224285981131187986e-03,7.309452151378219575e-01,6.823728208590005284e-01,3.028225500946497145e-02,4.046384224959597570e-02,7.701463497643880329e-02,9.183233849213853772e-02,-2.257109926189173332e-01,1.429529269257985222e-02,-1.275553862952160875e-02,-1.032569369662532377e-01,-1.251715018249519307e-01,1.722124896317785703e-01,-1.154112335078708307e-01,1.105453809980705138e-01,-1.854082380834949986e-02,-2.471762831045953585e-03,-8.244006303437356742e-03,-2.080524661475965237e-02,2.866299901137192019e-01,-3.658116502917431179e-01,1.220530135703009389e+00,2.661089658256807211e-01,-1.164761461038417573e-01,9.636861646975199147e-02,1.193268887044645135e-02,-3.311700530488371763e-01,4.021781143080948029e-01,1.130751654606974688e+00,-1.181193166888951790e-01,-9.828757961600512183e-02,-1.018198403098983518e-01
3.781497492093776735e-03,-1.840066504110393630e-02,7.892512415047089336e-01,-7.014639827776395636e-03,6.251486130261908573e-03,7.308338708112633864e-01,6.824907083794439222e-01,2.957730004103339277e-02,4.043077726691032825e-02,7.782250327314153837e-02,9.210502823724972532e-02,-2.252133305033492683e-01,1.464486478715626948e-02,-1.338154450866144152e-02,-1.031659854629043832e-01,-1.240880777526897488e-01,1.717458927697143312e-01,-1.140547504283166563e-01,1.103031050175319605e-01,-1.799850739060271376e-02,-3.078995770732994089e-03,-7.710220915001828046e-03,-2.144733544683697507e-02,2.867543962899251064e-01,-3.661821652849722719e-01,1.219414044287400856e+00,2.662523351979893538e-01,-1.161231917433144106e-01,9.684171171416022794e-02,1.111379619079846601e-02,-3.314998932422416056e-01,4.039453868415752158e-01,1.130670074009381576e+00,-1.187281584035740079e-01,-9.761441829927697267e-02,-1.021217581789347073e-01
3.641017122504124331e-03,-1.868592647577557719e-02,7.893369833942052161e-01,-7.212111473917291044e-03,6.223277203303343927e-03,7.306591068258353472e-01,6.826760035927810222e-01,2.883793741998917984e-02,4.061642340004738283e-02,7.833905741948105073e-02,9.235240416720474910e-02,-2.246069716455887932e-01,1.571640920971824340e-02,-1.374305034328678066e-02,-1.026852652015533274e-01,-1.226157267267227458e-01,1.703585548584635734e-01,-1.118663518935830437e-01,1.104421754293553465e-01,-1.834379839863855069e-02,-3.819862439775813245e-03,-7.129100376837459868e-03,-2.244387089528013940e-02,2.865418454648384072e-01,-3.672350216540587464e-01,1.219908453595566655e+00,2.656741878861320072e-01,-1.155720179482719462e-01,9.854315035602204120e-02,9.972731640239585610e-03,-3.315359199609428931e-01,4.042980904647162088e-01,1.130726113322722437e+00,-1.173687743622457008e-01,-9.714260284849796090e-02,-1.038414198771080432e-01
3.517566549739262107e-03,-1.897438382376875898e-02,7.893404579042737623e-01,-7.332877569626300787e-03,6.516067454492542078e-03,7.306485509727354000e-01,6.826832828866684633e-01,2.788089275970401237e-02,3.985137460347783905e-02,7.625320033277370457e-02,9.199465163001793733e-02,-2.241536875099112425e-01,1.487608478336925784e-02,-1.428453611549343819e-02,-1.033182644933748617e-01,-1.236986114984686552e-01,1.693841066506716619e-01,-1.118272247287911553e-01,1.104620629672010274e-01,-1.865703068264262104e-02,-3.084209005582658116e-03,-7.523712579848823578e-03,-2.276000332847365887e-02,2.862232390826501272e-01,-3.684700324227375701e-01,1.219515455280252292e+00,2.647957909865251702e-01,-1.161915787767182212e-01,9.915336850632612553e-02,9.887461857494651840e-03,-3.322380520637787105e-01,4.037031324445654046e-01,1.129516780483108551e+00,-1.152406744353501461e-01,-9.769686788499264141e-02,-1.046106197225718931e-01
3.401219211067783074e-03,-1.924401001765393276e-02,7.894932652500702419e-01,-7.135641106840377550e-03,6.240713384840473887e-03,7.305952964169929453e-01,6.827449369829178272e-01,2.744293403194941749e-02,3.989537402246801090e-02,7.641446271112914412e-02,9.350371090547793251e-02,-2.230543522794210254e-01,1.532623272087061360e-02,-1.421988657565966332e-02,-1.030654227956045582e-01,-1.219212364850466579e-01,1.694078558656189060e-01,-1.096612684888860212e-01,1.086886997941621108e-01,-1.867267391124395950e-02,-3.245435604188560801e-03,-6.840057336117207065e-03,-2.379905323308189463e-02,2.855743847507234978e-01,-3.683249977065045644e-01,1.220799791020381386e+00,2.640314386741458574e-01,-1.156351515525660678e-01,9.888787075524396730e-02,8.791839890916950534e-03,-3.328564470802590214e-01,4.064183046764296425e-01,1.129658947979714334e+00,-1.167631663767642186e-01,-9.666778251349539275e-02,-1.037631575212145940e-01
3.289691806037684050e-03,-1.949991737756520335e-02,7.894578062663599738e-01,-6.957093460348591843e-03,6.239899758132586363e-03,7.304125326666475182e-01,6.829423069521213252e-01,2.737522525249428199e-02,3.940000963989415128e-02,7.602861816549724705e-02,9.371319904752384300e-02,-2.230399657434689320e-01,1.546061202526456332e-02,-1.424960396189401193e-02,-1.033300368849610490e-01,-1.206144587531432777e-01,1.687806636850074649e-01,-1.093034129013544520e-01,1.100094045189882602e-01,-1.813054761294194059e-02,-4.613793442847772056e-03,-6.860939658505454952e-03,-2.419994810229299242e-02,2.864068909844338373e-01,-3.688385754798661487e-01,1.219706668798607119e+00,2.657613356808329885e-01,-1.163122736730257817e-01,9.818197653168223016e-02,7.526248934811175656e-03,-3.321315334177945000e-01,4.068042728047496226e-01,1.131455519687602385e+00,-1.175989331653157915e-01,-9.591153315106797084e-02,-1.023261454788151337e-01
3.162315732442018672e-03,-1.972516111995348265e-02,7.895243148260595589e-01,-6.994705418492071225e-03,6.176075609966732126e-03,7.304164883714501233e-01,6.829382722481490697e-01,2.696356476983651981e-02,3.937064078802519212e-02,7.626810455485147355e-02,9.397623285418776895e-02,-2.225826027167898680e-01,1.576054336225003391e-02,-1.393067080871705082e-02,-1.032202285702240596e-01,-1.202177283749693293e-01,1.673269282461751772e-01,-1.078692065989610982e-01,1.098547006574943918e-01,-1.812030081179344387e-02,-4.639646129350278626e-03,-6.501594354810152909e-03,-2.476780495124324133e-02,2.860599115316354024e-01,-3.687372974708831852e-01,1.219689350094568026e+00,2.651317626010916695e-01,-1.168441879071851347e-01,9.696250042915090239e-02,6.989665739171448816e-03,-3.323831685304028949e-01,4.076685177330610643e-01,1.131400927168942250e+00,-1.171526082359008319e-01,-9.687914488960459869e-02,-1.027486609244907811e-01
2.999666449336173962e-03,-1.991611226466022053e-02,7.895508744373913590e-01,-6.823976477125483914e-03,5.946960111000688075e-03,7.301409035139202475e-01,6.832366559445954834e-01,2.717709426527657041e-02,3.928670699955497114e-02,7.590664854675058248e-02,9.443137194501707854e-02,-2.222876081673446913e-01,1.543228335950254208e-02,-1.367350654954344394e-02,-1.032136042993224145e-01,-1.197388300623178498e-01,1.670391865459988912e-01,-1.072733138821381493e-01,1.087470933738249462e-01,-1.862902059869829194e-02,-4.466203749951607946e-03,-5.845559189533975492e-03,-2.407257561779946320e-02,2.859224750805803295e-01,-3.689400270479251676e-01,1.217871414757409676e+00,2.637398423950130244e-01,-1.167997921145760426e-01,9.714547903630983694e-02,6.299146200563768977e-03,-3.334241983047002145e-01,4.086509715184191704e-01,1.130017485548282519e+00,-1.169350602366123204e-01,-9.691668807685717424e-02,-1.033690979711004154e-01
2.825858420171873959e-03,-2.007341117566557170e-02,7.895369192590302454e-01,-7.050527977815974900e-03,6.014229400038692552e-03,7.303194645968392740e-01,6.830428966989872119e-01,2.647263941507574728e-02,3.911031693380218055e-02,7.525051751497366381e-02,9.434507711208720004e-02,-2.229989611949262929e-01,1.571727172300094177e-02,-1.337391086600064893e-02,-1.030426735695728208e-01,-1.191458514027049082e-01,1.652018716403524934e-01,-1.068431545769288338e-01,1.090801415544925407e-01,-1.816335729178552086e-02,-4.055976109603127121e-03,-5.854034313309205984e-03,-2.458792598995778594e-02,2.859437436586089176e-01,-3.704855365870323713e-01,1.216821438269775291e+00,2.656469977407989180e-01,-1.173566003739492103e-01,9.687064303263895337e-02,6.061583455106437507e-03,-3.336197553142196126e-01,4.088928494288773252e-01,1.130931713589584664e+00,-1.166133142133339989e-01,-9.717192016025899548e-02,-1.040418535429143004e-01
2.611948661602114027e-03,-2.019382026191261781e-02,7.895582270255097068e-01,-7.274743828575794963e-03,6.038149825615031670e-03,7.302289341667946854e-01,6.831371184136747488e-01,2.625397430716403663e-02,3.923779556500138488e-02,7.705203771093672993e-02,9.385723140016818955e-02,-2.228671162765349378e-01,1.641473780954362527e-02,-1.334786564560881683e-02,-1.028300316471150999e-01,-1.184302726446125054e-01,1.635738855360343857e-01,-1.052704280156209760e-01,1.094700395263794590e-01,-1.729130312648226656e-02,-4.589703621870268486e-03,-5.388754050118890748e-03,-2.539156850895689377e-02,2.858952162044107737e-01,-3.714870292858281076e-01,1.216318436570785755e+00,2.675265878238998196e-01,-1.182207457157736785e-01,9.649928140802883914e-02,5.150977346554876102e-03,-3.333821770420396513e-01,4.101520528780343011e-01,1.132563415406983243e+00,-1.173551292695980963e-01,-9.733505643705386845e-02,-1.035937108381827926e-01
2.355432808322981651e-03,-2.028471065871783816e-02,7.895238170672991274e-01,-7.279633565925148521e-03,6.024431085223953125e-03,7.296907784296423616e-01,6.837119869067588285e-01,2.599149347432233581e-02,3.909693877993929145e-02,7.783735639802262518e-02,9.480410285107841728e-02,-2.233683083889866916e-01,1.647233722398571548e-02,-1.346593708408786935e-02,-1.028169052252022736e-01,-1.169531021692751249e-01,1.627164124163645309e-01,-1.050190145875094655e-01,1.096265359433175185e-01,-1.705345918077513789e-02,-5.398283204314620158e-03,-5.291260692461701581e-03,-2.448230647867523369e-02,2.862158279468455246e-01,-3.725546486623971809e-01,1.214375468392815627e+00,2.670523681446224651e-01,-1.188167607419069044e-01,9.752163503330121830e-02,4.153806465213405463e-03,-3.338898668416402371e-01,4.117460504270631927e-01,1.132646365235085106e+00,-1.184157619702429776e-01,-9.739294514264303093e-02,-1.030311369261472099e-01
2.072990819385902694e-03,-2.036416021889559530e-02,7.894598504949666973e-01,-7.262138876312503044e-03,6.031288862691831267e-03,7.294604792629066914e-01,6.839578160143551244e-01,2.617769314268117431e-02,3.856446742428792929e-02,7.704545324711420395e-02,9.453297630779637639e-02,-2.242079589337925560e-01,1.626069218805795483e-02,-1.373975425785692317e-02,-1.033038587862996349e-01,-1.169714040166517088e-01,1.628170018543372288e-01,-1.051977174513794022e-01,1.103190999451313659e-01,-1.640126785716969349e-02,-5.462078496324046517e-03,-4.842005609310633119e-03,-2.386434767094321868e-02,2.865627116705677380e-01,-3.733710254417291208e-01,1.211780704819556798e+00,2.675304741932809094e-01,-1.193684570825516156e-01,9.732665859577571688e-02,3.795977937367526339e-03,-3.344905465698536640e-01,4.125961785558889816e-01,1.132521611080780755e+00,-1.184723936115274906e-01,-9.798019472110940098e-02,-1.026228064350973856e-01
1.770131818154949046e-03,-2.041167591717371263e-02,7.893774965573043811e-01,-7.394140985847954053e-03,6.019039012905127821e-03,7.291411596386963012e-01,6.842969144817037108e-01,2.619780865342199658e-02,3.840899113387270802e-02,7.755113304276163577e-02,9.445424332987692462e-02,-2.251903107128831738e-01,1.706460193693535091e-02,-1.370581375118936143e-02,-1.032816358513207189e-01,-1.159986825320846182e-01,1.616856392256031671e-01,-1.049969177649905105e-01,1.115232394447864678e-01,-1.604969323370464968e-02,-6.270493515156096848e-03,-4.815753273826942765e-03,-2.367582703454344101e-02,2.867556512778710598e-01,-3.749049890768118010e-01,1.210712859821426290e+00,2.692064843302493515e-01,-1.202482957886908538e-01,9.675204667371117839e-02,3.268928690257206365e-03,-3.344318034841907705e-01,4.119030915171971730e-01,1.133232992221256064e+00,-1.182874454262198977e-01,-9.838263429971791374e-02,-1.021926372800072008e-01
1.460440224636107374e-03,-2.043669671061525833e-02,7.893938826371635908e-01,-7.826245939158661333e-03,5.965158050773682920e-03,7.291006795734870094e-01,6.843357113357512178e-01,2.587641065458064910e-02,3.873898774433456871e-02,7.784404516390538986e-02,9.381139293427837034e-02,-2.255388862233508318e-01,1.743462474730070322e-02,-1.386089100302813348e-02,-1.027226776438366213e-01,-1.151835302816053841e-01,1.604468293431684234e-01,-1.036955040600404249e-01,1.113581574948920988e-01,-1.573444877527789207e-02,-6.787635106302146969e-03,-4.564528327326039525e-03,-2.292656530460334546e-02,2.875867206197079140e-01,-3.768822560638579455e-01,1.206972919456337001e+00,2.705597216355917212e-01,-1.207197679422436776e-01,9.623046194824773358e-02,2.978697834033254555e-03,-3.350995738661654011e-01,4.132758467671936442e-01,1.133191732437367483e+00,-1.200529019706631090e-01,-9.806974534407231214e-02,-1.019874475053078461e-01
1.127933227562667945e-03,-2.043723719511440773e-02,7.893567613945268180e-01,-8.106233069997272750e-03,6.099245235587204793e-03,7.284760932260794242e-01,6.849961093254761657e-01,2.551414869416232523e-02,3.863899349964077662e-02,7.840539155975384533e-02,9.392361431888501810e-02,-2.264352312757503261e-01,1.730009481253505510e-02,-1.498000908691345806e-02,-1.026653291034410054e-01,-1.137969359152550264e-01,1.604210020786350499e-01,-1.035397001550295570e-01,1.107911239785373259e-01,-1.661172301495570519e-02,-6.281024240786006220e-03,-4.992582503837359603e-03,-2.194263925363408585e-02,2.867517374881136116e-01,-3.788923121080827738e-01,1.207671572337960963e+00,2.691730221054284833e-01,-1.207487450782232241e-01,9.561762211014575297e-02,2.093430759462892171e-03,-3.360790787534443380e-01,4.140331187041800254e-01,1.132721800179793403e+00,-1.183454565381292234e-01,-9.800159961030559252e-02,-1.030432351898087351e-01
8.202296818857474211e-04,-2.041548122843106494e-02,7.893372377411792540e-01,-8.427449463892523404e-03,6.294162465351998970e-03,7.281215352794843110e-01,6.853673405383715611e-01,2.527860259169306678e-02,3.840504084865467571e-02,7.867664505426241739e-02,9.329058181842772579e-02,-2.270045830707646539e-01,1.735891231861187017e-02,-1.621550528098199967e-02,-1.029279661034160076e-01,-1.138801095555129622e-01,1.609693212640079807e-01,-1.034721774175631215e-01,1.113711013669871630e-01,-1.650991391439234068e-02,-6.047474438787467030e-03,-5.284705199385938967e-03,-2.109589648290741831e-02,2.865509494673802449e-01,-3.798567421799546873e-01,1.206394879403421827e+00,2.697465459603730076e-01,-1.218867803218599416e-01,9.634024933894230758e-02,2.677179768796694725e-03,-3.370104811381769427e-01,4.132829199849705759e-01,1.131050789730105199e+00,-1.172024197875871504e-01,-9.929170546164611810e-02,-1.034260812005337732e-01
5.332923560811300657e-04,-2.037924222341578467e-02,7.893131972443466760e-01,-8.842355435863535895e-03,6.315746921924630074e-03,7.277079146247127373e-01,6.858010754466021819e-01,2.518229008731831184e-02,3.883388394006399152e-02,8.049607263821231817e-02,9.275034419060965152e-02,-2.278883528222364063e-01,1.829298020177316450e-02,-1.702668681850992918e-02,-1.023441824492347524e-01,-1.121968341105951256e-01,1.605339170643186597e-01,-1.027635910526912000e-01,1.115380194756354637e-01,-1.742459656249256347e-02,-6.475306059921472415e-03,-5.249393172481259945e-03,-1.962513644973286342e-02,2.869179538731175816e-01,-3.815801808495452585e-01,1.204413483706948895e+00,2.699547859045414722e-01,-1.221958686824144297e-01,9.710028172852983031e-02,2.678017699565091170e-03,-3.381205977938085416e-01,4.141419142820602084e-01,1.128656535702232455e+00,-1.174019529131125894e-01,-9.930638287707974077e-02,-1.034599751271784440e-01
2.769870382775468996e-04,-2.031851623104147936e-02,7.893531296280493770e-01,-9.569845497343043919e-03,6.504478491010037486e-03,7.271444768245741708e-01,6.863869314317060377e-01,2.498224231402125170e-02,3.956958635144592479e-02,8.249552259303023771e-02,9.086562411651033511e-02,-2.272158511168868578e-01,1.788205878534177007e-02,-1.848820020898327143e-02,-1.013958555051236166e-01,-1.103830569245343313e-01,1.596553694338153917e-01,-1.012006158787889520e-01,1.117349614079600068e-01,-1.933044427572513588e-02,-6.848827365657571102e-03,-5.365494877607408786e-03,-1.698791328224339564e-02,2.876218826691379071e-01,-3.841325224979902919e-01,1.201251746344685678e+00,2.681899377287569330e-01,-1.226764513153404679e-01,9.612630510139782980e-02,2.469994155626008270e-03,-3.396464990784303639e-01,4.153399947571745354e-01,1.125204560530683517e+00,-1.178808370240466835e-01,-9.913843497595779819e-02,-1.038553017024020086e-01
6.430333761193134231e-05,-2.026119515852171926e-02,7.893593079297523962e-01,-1.021200053611122718e-02,6.955793461650623156e-03,7.266577410842151030e-01,6.868885348473620089e-01,2.320840481899493976e-02,3.961334785737377628e-02,8.245963351611215741e-02,9.168488350144762822e-02,-2.274875162487640379e-01,1.776666753541610022e-02,-2.142938226381158398e-02,-1.011716030783637865e-01,-1.086392819542714161e-01,1.612589638023516903e-01,-1.008291682582223986e-01,1.103460629382778946e-01,-2.223170703390750860e-02,-8.105280885033747107e-03,-4.852912539537384412e-03,-1.737772950221584678e-02,2.867239059118124045e-01,-3.836958245962817093e-01,1.205516100745972707e+00,2.632617233122631073e-01,-1.224500242221405050e-01,9.629002995505786533e-02,2.653737213547661955e-03,-3.417656917050737042e-01,4.191012792467662673e-01,1.118609709998561019e+00,-1.167459351811374474e-01,-1.000245309279777922e-01,-1.044019897456917312e-01
6.430333761193134231e-05,-2.026119515852171926e-02,7.893593079297523962e-01,-1.021200053611122718e-02,6.955793461650623156e-03,7.266577410842151030e-01,6.868885348473620089e-01,2.394368915755599320e-02,3.976318262930575442e-02,8.300095728369537296e-02,8.889902861798372469e-02,-2.282439390754879560e-01,1.887113829543484583e-02,-2.246569287944115423e-02,-9.936563649550216037e-02,-1.057874817858938110e-01,1.573683473469861260e-01,-1.022844369596840330e-01,1.102042073405342520e-01,-2.158498714200622962e-02,-6.650480144480863318e-03,-5.185512063640268163e-03,-1.648462435174222196e-02,2.845914710444504281e-01,-3.813402073742027665e-01,1.202461193913525239e+00,2.572684332346707459e-01,-1.261169940283443369e-01,9.584026234667458732e-02,2.555429431064061736e-03,-3.406694595403242376e-01,4.190230032549915329e-01,1.115480929745630068e+00,-1.177495260206470190e-01,-1.029334398374509851e-01,-1.054198613007573948e-01
6.430333761193134231e-05,-2.026119515852171926e-02,7.893593079297523962e-01,-1.021200053611122718e-02,6.955793461650623156e-03,7.266577410842151030e-01,6.868885348473620089e-01,2.467897349611704663e-02,3.991301740123773950e-02,8.354228105127863013e-02,8.611317373451984891e-02,-2.290003619022118742e-01,1.997560905545359491e-02,-2.350200349507072795e-02,-9.755966991264052035e-02,-1.029356816175162198e-01,1.534777308916205896e-01,-1.037397056611456536e-01,1.100623517427906234e-01,-2.093826725010494716e-02,-5.195679403927981263e-03,-5.518111587743151913e-03,-1.559151920126859887e-02,2.824590361770885627e-01,-3.789845901521238236e-01,1.199406287081077993e+00,2.512751431570783844e-01,-1.297839638345482105e-01,9.539049473829132320e-02,2.457121648580461518e-03,-3.395732273755747710e-01,4.189447272632167985e-01,1.112352149492699116e+00,-1.187531168601566184e-01,-1.058423487469241919e-01,-1.064377328558230723e-01
6.430333761193134231e-05,-2.026119515852171926e-02,7.893593079297523962e-01,-1.021200053611122718e-02,6.955793461650623156e-03,7.266577410842151030e-01,6.868885348473620089e-01,2.541425783467810007e-02,4.006285217316971764e-02,8.408360481886184568e-02,8.332731885105594538e-02,-2.297567847289358201e-01,2.108007981547234400e-02,-2.453831411070029819e-02,-9.575370332977889420e-02,-1.000838814491386147e-01,1.495871144362550531e-01,-1.051949743626072881e-01,1.099204961450469809e-01,-2.029154735820366817e-02,-3.740878663375096606e-03,-5.850711111846034797e-03,-1.469841405079497405e-02,2.803266013097265863e-01,-3.766289729300449363e-01,1.196351380248630525e+00,2.452818530794859953e-01,-1.334509336407520286e-01,9.494072712990804519e-02,2.358813866096860432e-03,-3.384769952108253044e-01,4.188664512714420640e-01,1.109223369239768164e+00,-1.197567076996661900e-01,-1.087512576563973848e-01,-1.074556044108887359e-01
6.430333761193134231e-05,-2.026119515852171926e-02,7.893593079297523962e-01,-1.021200053611122718e-02,6.955793461650623156e-03,7.266577410842151030e-01,6.868885348473620089e-01,2.614954217323915350e-02,4.021268694510169578e-02,8.462492858644507510e-02,8.054146396759205573e-02,-2.305132075556597382e-01,2.218455057549108961e-02,-2.557462472632987191e-02,-9.394773674691728194e-02,-9.723208128076102352e-02,1.456964979808895166e-01,-1.066502430640689364e-01,1.097786405473033383e-01,-1.964482746630238919e-02,-2.286077922822214552e-03,-6.183310635948918547e-03,-1.380530890032135097e-02,2.781941664423646654e-01,-3.742733557079660489e-01,1.193296473416183279e+00,2.392885630018936616e-01,-1.371179034469559022e-01,9.449095952152478106e-02,2.260506083613260213e-03,-3.373807630460757823e-01,4.187881752796673296e-01,1.106094588986837213e+00,-1.207602985391757755e-01,-1.116601665658705916e-01,-1.084734759659544134e-01
6.430333761193134231e-05,-2.026119515852171926e-02,7.893593079297523962e-01,-1.021200053611122718e-02,6.955793461650623156e-03,7.266577410842151030e-01,6.868885348473620089e-01,2.688482651180020694e-02,4.036252171703368086e-02,8.516625235402830452e-02,7.775560908412815220e-02,-2.312696303823836563e-01,2.328902133550983522e-02,-2.661093534195944216e-02,-9.214177016405564191e-02,-9.438028111238341844e-02,1.418058815255239524e-01,-1.081055117655305431e-01,1.096367849495596958e-01,-1.899810757440111020e-02,-8.312771822693307625e-04,-6.515910160051801431e-03,-1.291220374984772615e-02,2.760617315750027445e-01,-3.719177384858870505e-01,1.190241566583735811e+00,2.332952729243013001e-01,-1.407848732531597202e-01,9.404119191314150306e-02,2.162198301129659994e-03,-3.362845308813263157e-01,4.187098992878925396e-01,1.102965808733906261e+00,-1.217638893786853471e-01,-1.145690754753437846e-01,-1.094913475210200771e-01
6.430333761193134231e-05,-2.026119515852171926e-02,7.893593079297523962e-01,-1.021200053611122718e-02,6.955793461650623156e-03,7.266577410842151030e-01,6.868885348473620089e-01,2.762011085036125690e-02,4.051235648896565900e-02,8.570757612161153394e-02,7.496975420066427642e-02,-2.320260532091075745e-01,2.439349209552858777e-02,-2.764724595758901587e-02,-9.033580358119400189e-02,-9.152848094400581336e-02,1.379152650701584160e-01,-1.095607804669921914e-01,1.094949293518160394e-01,-1.835138768249982774e-02,6.235235582835538942e-04,-6.848509684154685181e-03,-1.201909859937410133e-02,2.739292967076407681e-01,-3.695621212638081632e-01,1.187186659751288342e+00,2.273019828467089387e-01,-1.444518430593635661e-01,9.359142430475822505e-02,2.063890518646059342e-03,-3.351882987165768490e-01,4.186316232961178052e-01,1.099837028480975532e+00,-1.227674802181949326e-01,-1.174779843848169913e-01,-1.105092190760857407e-01
6.430333761193134231e-05,-2.026119515852171926e-02,7.893593079297523962e-01,-1.021200053611122718e-02,6.955793461650623156e-03,7.266577410842151030e-01,6.868885348473620089e-01,2.835539518892231381e-02,4.066219126089763714e-02,8.624889988919476336e-02,7.218389931720037289e-02,-2.327824760358314926e-01,2.549796285554732991e-02,-2.868355657321858265e-02,-8.852983699833237574e-02,-8.867668077562820828e-02,1.340246486147928517e-01,-1.110160491684538120e-01,1.093530737540723968e-01,-1.770466779059854875e-02,2.078324298836436816e-03,-7.181109208257568932e-03,-1.112599344890047651e-02,2.717968618402788472e-01,-3.672065040417291648e-01,1.184131752918840874e+00,2.213086927691165495e-01,-1.481188128655673841e-01,9.314165669637494704e-02,1.965582736162459123e-03,-3.340920665518273824e-01,4.185533473043430708e-01,1.096708248228044580e+00,-1.237710710577045181e-01,-1.203868932942901981e-01,-1.115270906311514043e-01
6.430333761193134231e-05,-2.026119515852171926e-02,7.893593079297523962e-01,-1.021200053611122718e-02,6.955793461650623156e-03,7.266577410842151030e-01,6.868885348473620089e-01,2.909067952748336378e-02,4.081202603282961527e-02,8.679022365677799278e-02,6.939804443373648324e-02,-2.335388988625554108e-01,2.660243361556607899e-02,-2.971986718884815637e-02,-8.672387041547074960e-02,-8.582488060725061707e-02,1.301340321594273153e-01,-1.124713178699154464e-01,1.092112181563287543e-01,-1.705794789869726977e-02,3.533125039389319738e-03,-7.513708732360452683e-03,-1.023288829842685342e-02,2.696644269729169263e-01,-3.648508868196502775e-01,1.181076846086393628e+00,2.153154026915242159e-01,-1.517857826717712577e-01,9.269188908799168292e-02,1.867274953678858904e-03,-3.329958343870779158e-01,4.184750713125683363e-01,1.093579467975113406e+00,-1.247746618972140897e-01,-1.232958022037633772e-01,-1.125449621862170818e-01
6.430333761193134231e-05,-2.026119515852171926e-02,7.893593079297523962e-01,-1.021200053611122718e-02,6.955793461650623156e-03,7.266577410842151030e-01,6.868885348473620089e-01,2.982596386604442068e-02,4.096186080476160035e-02,8.733154742436122220e-02,6.661218955027259359e-02,-2.342953216892793566e-01,2.770690437558482461e-02,-3.075617780447773009e-02,-8.491790383260912345e-02,-8.297308043887302587e-02,1.262434157040617788e-01,-1.139265865713770809e-01,1.090693625585851256e-01,-1.641122800679599078e-02,4.987925779942201793e-03,-7.846308256463336434e-03,-9.339783147953230336e-03,2.675319921055550054e-01,-3.624952695975713901e-01,1.178021939253946382e+00,2.093221126139318822e-01,-1.554527524779750758e-01,9.224212147960841879e-02,1.768967171195258686e-03,-3.318996022223284492e-01,4.183967953207936574e-01,1.090450687722182677e+00,-1.257782527367236891e-01,-1.262047111132365840e-01,-1.135628337412827593e-01
6.430333761193134231e-05,-2.026119515852171926e-02,7.893593079297523962e-01,-1.021200053611122718e-02,6.955793461650623156e-03,7.266577410842151030e-01,6.868885348473620089e-01,3.056124820460547065e-02,4.111169557669357849e-02,8.787287119194445162e-02,6.382633466680870393e-02,-2.350517445160032748e-01,2.881137513560357369e-02,-3.179248842010729686e-02,-8.311193724974749730e-02,-8.012128027049542078e-02,1.223527992486962424e-01,-1.153818552728387015e-01,1.089275069608414831e-01,-1.576450811489470832e-02,6.442726520495085582e-03,-8.178907780566218449e-03,-8.446677997479605515e-03,2.653995572381930290e-01,-3.601396523754924472e-01,1.174967032421498914e+00,2.033288225363394930e-01,-1.591197222841789216e-01,9.179235387122514078e-02,1.670659388711658033e-03,-3.308033700575789826e-01,4.183185193290188675e-01,1.087321907469251725e+00,-1.267818435762332607e-01,-1.291136200227097908e-01,-1.145807052963484229e-01
6.430333761193134231e-05,-2.026119515852171926e-02,7.893593079297523962e-01,-1.021200053611122718e-02,6.955793461650623156e-03,7.266577410842151030e-01,6.868885348473620089e-01,3.129653254316652755e-02,4.126153034862556357e-02,8.841419495952768104e-02,6.104047978334480040e-02,-2.358081673427271929e-01,2.991584589562232277e-02,-3.282879903573687058e-02,-8.130597066688587116e-02,-7.726948010211781570e-02,1.184621827933307059e-01,-1.168371239743003359e-01,1.087856513630978406e-01,-1.511778822299342934e-02,7.897527261047971106e-03,-8.511507304669103935e-03,-7.553572847005979828e-03,2.632671223708311081e-01,-3.577840351534135044e-01,1.171912125589051445e+00,1.973355324587471316e-01,-1.627866920903827674e-01,9.134258626284186278e-02,1.572351606228057598e-03,-3.297071378928294605e-01,4.182402433372440775e-01,1.084193127216320773e+00,-1.277854344157428601e-01,-1.320225289321829976e-01,-1.155985768514140866e-01
6.430333761193134231e-05,-2.026119515852171926e-02,7.893593079297523962e-01,-1.021200053611122718e-02,6.955793461650623156e-03,7.266577410842151030e-01,6.868885348473620089e-01,3.203181688172758446e-02,4.141136512055754171e-02,8.895551872711092434e-02,5.825462489988091075e-02,-2.365645901694511111e-01,3.102031665564107185e-02,-3.386510965136644430e-02,-7.950000408402424501e-02,-7.441767993374021062e-02,1.145715663379651417e-01,-1.182923926757619704e-01,1.086437957653541980e-01,-1.447106833109214861e-02,9.352328001600854895e-03,-8.844106828771985951e-03,-6.660467696532355007e-03,2.611346875034691317e-01,-3.554284179313346170e-01,1.168857218756604199e+00,1.913422423811547701e-01,-1.664536618965866133e-01,9.089281865445858477e-02,1.474043823744457162e-03,-3.286109057280799939e-01,4.181619673454693431e-01,1.081064346963389822e+00,-1.287890252552524317e-01,-1.349314378416561766e-01,-1.166164484064797502e-01
6.430333761193134231e-05,-2.026119515852171926e-02,7.893593079297523962e-01,-1.021200053611122718e-02,6.955793461650623156e-03,7.266577410842151030e-01,6.868885348473620089e-01,3.276710122028863442e-02,4.156119989248951985e-02,8.949684249469413988e-02,5.546877001641702110e-02,-2.373210129961750292e-01,3.212478741565981399e-02,-3.490142026699601108e-02,-7.769403750116260499e-02,-7.156587976536261941e-02,1.106809498825996052e-01,-1.197476613772235909e-01,1.085019401676105555e-01,-1.382434843919086963e-02,1.080712874215373695e-02,-9.176706352874869702e-03,-5.767362546058732789e-03,2.590022526361072108e-01,-3.530728007092556187e-01,1.165802311924156731e+00,1.853489523035624087e-01,-1.701206317027904591e-01,9.044305104607530676e-02,1.375736041260856727e-03,-3.275146735633305273e-01,4.180836913536946087e-01,1.077935566710458870e+00,-1.297926160947620033e-01,-1.378403467511293834e-01,-1.176343199615454138e-01
6.430333761193134231e-05,-2.026119515852171926e-02,7.893593079297523962e-01,-1.021200053611122718e-02,6.955793461650623156e-03,7.266577410842151030e-01,6.868885348473620089e-01,3.350238555884968439e-02,4.171103466442149799e-02,9.003816626227736930e-02,5.268291513295311757e-02,-2.380774358228989751e-01,3.322925817567856654e-02,-3.593773088262558479e-02,-7.588807091830097884e-02,-6.871407959698501433e-02,1.067903334272340687e-01,-1.212029300786852254e-01,1.083600845698669268e-01,-1.317762854728958891e-02,1.226192948270662074e-02,-9.509305876977753452e-03,-4.874257395585107969e-03,2.568698177687452899e-01,-3.507171834871767313e-01,1.162747405091709485e+00,1.793556622259700473e-01,-1.737876015089943049e-01,8.999328343769204264e-02,1.277428258777256291e-03,-3.264184413985810607e-01,4.180054153619198742e-01,1.074806786457528140e+00,-1.307962069342716027e-01,-1.407492556606025902e-01,-1.186521915166110774e-01
6.430333761193134231e-05,-2.026119515852171926e-02,7.893593079297523962e-01,-1.021200053611122718e-02,6.955793461650623156e-03,7.266577410842151030e-01,6.868885348473620089e-01,3.423766989741074129e-02,4.186086943635348306e-02,9.057949002986059872e-02,4.989706024948922791e-02,-2.388338586496228932e-01,3.433372893569730522e-02,-3.697404149825515851e-02,-7.408210433543935269e-02,-6.586227942860742313e-02,1.028997169718685323e-01,-1.226581987801468598e-01,1.082182289721232704e-01,-1.253090865538830992e-02,1.371673022325950106e-02,-9.841905401080635468e-03,-3.981152245111484883e-03,2.547373829013833690e-01,-3.483615662650978440e-01,1.159692498259262017e+00,1.733623721483776858e-01,-1.774545713151981230e-01,8.954351582930876463e-02,1.179120476293656072e-03,-3.253222092338315941e-01,4.179271393701451398e-01,1.071678006204597189e+00,-1.317997977737811743e-01,-1.436581645700757692e-01,-1.196700630716767688e-01
6.430333761193134231e-05,-2.026119515852171926e-02,7.893593079297523962e-01,-1.021200053611122718e-02,6.955793461650623156e-03,7.266577410842151030e-01,6.868885348473620089e-01,3.497295423597179126e-02,4.201070420828545426e-02,9.112081379744384202e-02,4.711120536602533826e-02,-2.395902814763468114e-01,3.543819969571605777e-02,-3.801035211388472529e-02,-7.227613775257772655e-02,-6.301047926022981804e-02,9.900910051650296806e-02,-1.241134674816085082e-01,1.080763733743796418e-01,-1.188418876348703093e-02,1.517153096381238658e-02,-1.017450492518352095e-02,-3.088047094637859629e-03,2.526049480340214481e-01,-3.460059490430188456e-01,1.156637591426814549e+00,1.673690820707853244e-01,-1.811215411214019966e-01,8.909374822092550050e-02,1.080812693810055420e-03,-3.242259770690820719e-01,4.178488633783703499e-01,1.068549225951666015e+00,-1.328033886132907460e-01,-1.465670734795489760e-01,-1.206879346267424324e-01
6.430333761193134231e-05,-2.026119515852171926e-02,7.893593079297523962e-01,-1.021200053611122718e-02,6.955793461650623156e-03,7.266577410842151030e-01,6.868885348473620089e-01,3.570823857453284816e-02,4.216053898021743934e-02,9.166213756502707144e-02,4.432535048256144167e-02,-2.403467043030707295e-01,3.654267045573481032e-02,-3.904666272951429901e-02,-7.047017116971610040e-02,-6.015867909185221296e-02,9.511848406113741772e-02,-1.255687361830701287e-01,1.079345177766359853e-01,-1.123746887158575021e-02,1.662633170436527211e-02,-1.050710444928640297e-02,-2.194941944164235242e-03,2.504725131666595273e-01,-3.436503318209399582e-01,1.153582684594367302e+00,1.613757919931929630e-01,-1.847885109276058424e-01,8.864398061254222250e-02,9.825049113264552013e-04,-3.231297449043326053e-01,4.177705873865956154e-01,1.065420445698735286e+00,-1.338069794528003453e-01,-1.494759823890221828e-01,-1.217058061818080961e-01
6.430333761193134231e-05,-2.026119515852171926e-02,7.893593079297523962e-01,-1.021200053611122718e-02,6.955793461650623156e-03,7.266577410842151030e-01,6.868885348473620089e-01,3.644352291309389813e-02,4.231037375214941748e-02,9.220346133261028698e-02,4.153949559909755201e-02,-2.411031271297946477e-01,3.764714121575354899e-02,-4.008297334514387272e-02,-6.866420458685446038e-02,-5.730687892347462176e-02,9.122786760577188125e-02,-1.270240048845317493e-01,1.077926621788923567e-01,-1.059074897968447122e-02,1.808113244491815069e-02,-1.083970397338928845e-02,-1.301836793690611940e-03,2.483400782992975508e-01,-3.412947145988610709e-01,1.150527777761920056e+00,1.553825019156006015e-01,-1.884554807338096605e-01,8.819421300415894449e-02,8.841971288428548742e-04,-3.220335127395831942e-01,4.176923113948209365e-01,1.062291665445804334e+00,-1.348105702923099170e-01,-1.523848912984953619e-01,-1.227236777368737597e-01
6.430333761193134231e-05,-2.026119515852171926e-02,7.893593079297523962e-01,-1.021200053611122718e-02,6.955793461650623156e-03,7.266577410842151030e-01,6.868885348473620089e-01,3.717880725165495504e-02,4.246020852408140256e-02,9.274478510019353028e-02,3.875364071563365542e-02,-2.418595499565185936e-01,3.875161197577230154e-02,-4.111928396077344644e-02,-6.685823800399283423e-02,-5.445507875509701667e-02,8.733725115040633091e-02,-1.284792735859933976e-01,1.076508065811487141e-01,-9.944029087783190501e-03,1.953593318547103622e-02,-1.117230349749217221e-02,-4.087316432169872281e-04,2.462076434319356300e-01,-3.389390973767820725e-01,1.147472870929472366e+00,1.493892118380082124e-01,-1.921224505400135341e-01,8.774444539577568036e-02,7.858893463592543302e-04,-3.209372805748337276e-01,4.176140354030461466e-01,1.059162885192873382e+00,-1.358141611318195163e-01,-1.552938002079685964e-01,-1.237415492919394372e-01
6.430333761193134231e-05,-2.026119515852171926e-02,7.893593079297523962e-01,-1.021200053611122718e-02,6.955793461650623156e-03,7.266577410842151030e-01,6.868885348473620089e-01,3.791409159021600500e-02,4.261004329601338070e-02,9.328610886777675970e-02,3.596778583216976577e-02,-2.426159727832425117e-01,3.985608273579104716e-02,-4.215559457640301322e-02,-6.505227142113120808e-02,-5.160327858671941853e-02,8.344663469504079445e-02,-1.299345422874550182e-01,1.075089509834050716e-01,-9.297309195881911514e-03,2.099073392602391827e-02,-1.150490302159505422e-02,4.843735072566357491e-04,2.440752085645736813e-01,-3.365834801547031851e-01,1.144417964097025120e+00,1.433959217604158787e-01,-1.957894203462173521e-01,8.729467778739240236e-02,6.875815638756541115e-04,-3.198410484100842055e-01,4.175357594112714121e-01,1.056034104939942431e+00,-1.368177519713290879e-01,-1.582027091174417754e-01,-1.247594208470051008e-01
