1.907722213163541005e-03,-1.486972633506504840e-02,7.887410967088660518e-01,-5.342733614818608034e-03,2.368196706443229105e-02,7.058029460171523217e-01,7.079921052010318405e-01,3.207454088321894797e-02,3.128001663328936616e-02,2.165115609901049898e-02,1.090565872496346012e-01,-2.136054473701460843e-01,4.798883893250629334e-02,-2.477558421306607847e-02,-5.570565758954703489e-02,-2.177241791884476987e-02,1.552965800499907512e-01,-2.157400100155321410e-01,5.553639139178902923e-02,-1.526197811065859236e-02,-4.474831172640373646e-03,3.518205247689046300e-04,-9.368310105593563586e-02,2.574566695021207607e-01,-4.757675899104954476e-01,1.216417394799107043e+00,2.301883481664230291e-01,-9.770371950283733564e-02,1.206535438963796114e-01,-9.210846049174563344e-02,-2.713992227381752387e-01,5.642224697781146325e-01,1.103345195772869491e+00,-2.000359124972256319e-01,-9.079673700089582744e-02,-9.794177082599785089e-02
1.602220434827644280e-03,-1.501454483381002222e-02,7.889739535739969112e-01,-5.792418423223033574e-03,2.394765612977407462e-02,7.054989918499469104e-01,7.082825214230612509e-01,3.135676683558014100e-02,3.109314101578016659e-02,2.195189682446212209e-02,1.077255256300206909e-01,-2.108073258769475877e-01,5.046387765157372973e-02,-2.579765246008089777e-02,-5.595619386306556475e-02,-2.270464353473275812e-02,1.539364397290792774e-01,-2.115240082989047754e-01,5.830217222073703909e-02,-1.638093896807742145e-02,-6.716704805710708645e-03,-2.196034227828415342e-03,-9.398126301481621314e-02,2.534440395666704982e-01,-4.737993547152746232e-01,1.225946748541524300e+00,2.268065144393846544e-01,-1.023586717541841717e-01,1.216063577381221866e-01,-9.346963315489811852e-02,-2.667611261461578231e-01,5.641755427603337703e-01,1.114989447664127775e+00,-2.004315447779929371e-01,-9.381160650205006002e-02,-1.012946783626137853e-01
1.282600238517415730e-03,-1.518901866098075308e-02,7.887833204920946528e-01,-5.245973184481729501e-03,2.352685075001265808e-02,7.063784943277466866e-01,7.074237696108326423e-01,3.208523850854694270e-02,3.004695953216339130e-02,1.919935944863832705e-02,1.075245792143286333e-01,-2.114556612249152145e-01,5.004853748261010871e-02,-2.344539780034273976e-02,-5.689951822134496628e-02,-2.341642364230888188e-02,1.527583466780598476e-01,-2.138144351625638206e-01,5.420933732562454449e-02,-1.767169226484063480e-02,-4.958831028443006980e-03,-2.545119043884266213e-03,-9.287186878314290794e-02,2.513300813446384119e-01,-4.706585509320675431e-01,1.224041753547295386e+00,2.255624211192701623e-01,-1.019687494160040203e-01,1.238208770881871063e-01,-9.249162564118466878e-02,-2.689817298264640666e-01,5.627289631822091076e-01,1.112911685564447195e+00,-2.038220662558314356e-01,-9.297933079247119870e-02,-9.964933339600486051e-02
9.468404873559229870e-04,-1.532719644168125707e-02,7.888228565849326746e-01,-5.407021787643155261e-03,2.380507655305662967e-02,7.062719465812656860e-01,7.075196251115594137e-01,3.214043866456361281e-02,2.921671584927866203e-02,1.859768937479155948e-02,1.056330644114336914e-01,-2.104791563093235396e-01,5.002992221997264871e-02,-2.347032439378343369e-02,-5.774271500561703463e-02,-2.472790775264207402e-02,1.509328752998908285e-01,-2.130061580486560247e-01,5.470741216797523482e-02,-1.610224761230654583e-02,-5.618314134993356024e-03,-3.134561865658403584e-03,-9.438174769371915351e-02,2.503484266885888654e-01,-4.712004436156730369e-01,1.226112376737962917e+00,2.244180226357853358e-01,-1.027574881208900143e-01,1.247216047402822242e-01,-9.279914825925306143e-02,-2.686507707603641437e-01,5.639321436351261152e-01,1.116010406743060068e+00,-2.027926034275548961e-01,-9.340793972032512826e-02,-1.005986656807051211e-01
6.306451618550987584e-04,-1.546312807427129531e-02,7.890076877804972355e-01,-6.468852934888132816e-03,2.403136309481204019e-02,7.063842702962651598e-01,7.073909175325377996e-01,3.042560776138748119e-02,3.047498835813851337e-02,2.176379568309019102e-02,1.047252661115258415e-01,-2.102613282419999174e-01,4.893777250794625194e-02,-2.530846895348913897e-02,-5.666609204690505747e-02,-2.340932090090488971e-02,1.498480371260717536e-01,-2.091978583876420161e-01,5.869120283913098479e-02,-1.513886217113820723e-02,-6.998166476295015689e-03,-3.420442613406779464e-03,-9.795660541386501385e-02,2.495453313765672310e-01,-4.736787549657644480e-01,1.231042181759818721e+00,2.272831173890384748e-01,-1.046718040788587600e-01,1.211449702288234787e-01,-9.395406324221958205e-02,-2.667347683759108135e-01,5.642054603473745100e-01,1.120942075427081130e+00,-2.016603648217440703e-01,-9.476714625895754640e-02,-1.034155135134636611e-01
3.592077453851422859e-04,-1.562686450777412556e-02,7.891001690828989279e-01,-7.476873792846349537e-03,2.420184223180855965e-02,7.057896332137526541e-01,7.079684744668155449e-01,2.952936673202797430e-02,3.188184982835077369e-02,2.502478912880984341e-02,1.033199341047453812e-01,-2.108706770719023793e-01,4.747154641269839270e-02,-2.650962655294183262e-02,-5.522941371853978820e-02,-2.150614838087215597e-02,1.472517643103666840e-01,-2.066626248428069246e-01,6.307536445008962711e-02,-1.447198519851545379e-02,-8.525596177221848176e-03,-3.156992086724017682e-03,-9.996104281001855218e-02,2.492439816297751520e-01,-4.742443859558244657e-01,1.233272573029571273e+00,2.283343703503850908e-01,-1.069025999125805815e-01,1.195260987043028633e-01,-9.581294722039331024e-02,-2.654622258378679378e-01,5.637257229566998706e-01,1.123903656062320566e+00,-2.011239885941945027e-01,-9.615938804573635756e-02,-1.025836797863471789e-01
2.015308852084619277e-04,-1.578374453546651721e-02,7.890687636083956180e-01,-7.649579842762209946e-03,2.401211329193153263e-02,7.063249422747439610e-01,7.074390279480383681e-01,2.991165580229802889e-02,3.211887650078881773e-02,2.449449647884874987e-02,1.014922670635311774e-01,-2.109928068118566147e-01,4.732904952140808141e-02,-2.631875858591318715e-02,-5.516571877628193704e-02,-2.300589241118116898e-02,1.470128311452084668e-01,-2.062290229321271373e-01,6.190712502219825053e-02,-1.408545375407826289e-02,-7.519048434648894531e-03,-3.269417963016194723e-03,-1.007008996446459304e-01,2.488554706782094006e-01,-4.754541121054097208e-01,1.232921416583734109e+00,2.295164578120778565e-01,-1.074809409886482298e-01,1.201928596448674641e-01,-9.595074662761748918e-02,-2.662109060837026808e-01,5.647847833857220223e-01,1.125144619983103667e+00,-2.023692247717319148e-01,-9.627670832481309560e-02,-1.035433371206919695e-01
1.525551875396456974e-04,-1.595210410765609058e-02,7.891264986760669897e-01,-6.737260611484397962e-03,2.343617485716903079e-02,7.071859939688227570e-01,7.066069097892025974e-01,3.065176798147429757e-02,3.114747172995404462e-02,2.209386198776122634e-02,1.030633880692007620e-01,-2.099543424912219958e-01,4.768906633114494698e-02,-2.435432475386100151e-02,-5.619239450977302902e-02,-2.456393622016913442e-02,1.481963828756093782e-01,-2.064985246964618493e-01,5.657578869161231788e-02,-1.394051564342455723e-02,-5.506155061951147761e-03,-2.667113610629608111e-03,-1.002073910853714944e-01,2.473861741964974992e-01,-4.734037338810545004e-01,1.232118249232564633e+00,2.283180443391612247e-01,-1.063820136106118919e-01,1.206306184562219302e-01,-9.486149339319925600e-02,-2.675991871539231126e-01,5.647137350107181986e-01,1.124696864139635100e+00,-2.033238560282258633e-01,-9.635160603334171070e-02,-1.036613011266951656e-01
1.792650196130009331e-04,-1.615884655720507823e-02,7.891599313532302595e-01,-6.594680161748614836e-03,2.317894956512485394e-02,7.079627706448993196e-01,7.058384814328418910e-01,3.096382404932675886e-02,3.114449932477061922e-02,2.066215630008479132e-02,1.020464822348907674e-01,-2.089948314831924780e-01,4.741211853273375604e-02,-2.323389999531458652e-02,-5.624844797039366129e-02,-2.560747556021270369e-02,1.472540121692335890e-01,-2.056319470990371490e-01,5.539693956463204866e-02,-1.366009561916912626e-02,-5.832027613395898355e-03,-2.383315192868686733e-03,-1.013687194074515130e-01,2.477628231571877004e-01,-4.742385291488012133e-01,1.231361240396860790e+00,2.283477058356305489e-01,-1.054098494262521307e-01,1.215081531755070332e-01,-9.467415643772073008e-02,-2.670647196929415434e-01,5.643461330985928281e-01,1.126448505038691206e+00,-2.018080594534546746e-01,-9.587345055667889637e-02,-1.040354681167965784e-01
2.396407901283060203e-04,-1.634012638949825999e-02,7.892038212433493127e-01,-6.708246448003342063e-03,2.314996988632127273e-02,7.085318180572425240e-01,7.052671416735328824e-01,3.104283546341393002e-02,3.120357070672232988e-02,1.901027023770646834e-02,1.002349251798632795e-01,-2.078774226674038605e-01,4.726895611065354275e-02,-2.290504981157729866e-02,-5.622315268774283337e-02,-2.700123896161856635e-02,1.462834680904033513e-01,-2.044525268436892529e-01,5.554894490759757636e-02,-1.308974194647168944e-02,-5.684463346773653905e-03,-2.161527918185655872e-03,-1.026355333853126023e-01,2.475823621046603085e-01,-4.740125048960833753e-01,1.231532543474153307e+00,2.278435268435424488e-01,-1.056135373697249941e-01,1.201256111508694491e-01,-9.425980789167942575e-02,-2.671113990655346049e-01,5.643788042431167051e-01,1.126602747072262822e+00,-2.015389704625701328e-01,-9.659671113354509342e-02,-1.037361243249790704e-01
3.041472746512552438e-04,-1.646213681309906599e-02,7.892181545927229314e-01,-6.729767067306830462e-03,2.320776913335046571e-02,7.093411336308419468e-01,7.044510386296453097e-01,3.105850510031359785e-02,3.090060017598654160e-02,1.700098451946435024e-02,9.851426584042413670e-02,-2.068263237450786440e-01,4.695058265208790910e-02,-2.217034422842319510e-02,-5.655856338443171483e-02,-2.867275090751358890e-02,1.450154736990365567e-01,-2.041494427801717471e-01,5.471523597820568408e-02,-1.301903352312345358e-02,-5.673553752729363665e-03,-1.510403131186981857e-03,-1.031839272506013677e-01,2.482970418956354786e-01,-4.742868414525214793e-01,1.229323296780357122e+00,2.272185435131804931e-01,-1.052415152237825557e-01,1.206464353291630126e-01,-9.367696957733946672e-02,-2.676313717798127767e-01,5.652192215033393641e-01,1.125835927486849020e+00,-2.016051892854854310e-01,-9.631346759083292408e-02,-1.025185352874843081e-01
3.255658205855183627e-04,-1.649778393444073857e-02,7.892174849195306985e-01,-6.936666879039437780e-03,2.330983811990823898e-02,7.098030382097182400e-01,7.039802419441099079e-01,3.091923134074758828e-02,3.099513279564591189e-02,1.657801440744600258e-02,9.711502131206319055e-02,-2.064558395616627740e-01,4.675073302517895185e-02,-2.230818372341196107e-02,-5.657904035031954132e-02,-2.965098806105794654e-02,1.446354419607787378e-01,-2.037005293330763911e-01,5.462020208839656749e-02,-1.206974800134278172e-02,-5.805958618938277319e-03,-1.844272196711474465e-03,-1.041752677478371691e-01,2.483641721223041887e-01,-4.737439064706555070e-01,1.229504549172658390e+00,2.269539686061949890e-01,-1.057139997090686817e-01,1.195037335668908546e-01,-9.286195829874394070e-02,-2.673220859161621332e-01,5.649064224675601764e-01,1.126311129146877921e+00,-2.021181338090231594e-01,-9.669103922250589511e-02,-1.024440740545118217e-01
3.007545855123289159e-04,-1.643894179312521686e-02,7.892430944538086912e-01,-7.149756368812173676e-03,2.324890957259465388e-02,7.105355829386649225e-01,7.032407514966443340e-01,3.122925420694474749e-02,3.113738967786571638e-02,1.486416312527763517e-02,9.514571221846558624e-02,-2.055603957864687859e-01,4.645811716048094814e-02,-2.194980207714106527e-02,-5.640314372694942707e-02,-3.054444404254067283e-02,1.442826504564212464e-01,-2.031234550616065337e-01,5.345288979189520562e-02,-1.219291986976004695e-02,-5.511299520431492925e-03,-2.099706021920843407e-03,-1.035115686612093494e-01,2.486679268626865169e-01,-4.729966406556929126e-01,1.226973032853472478e+00,2.268020042046337559e-01,-1.053443423663245893e-01,1.199153328514074857e-01,-9.144818624756009817e-02,-2.677658493695428410e-01,5.647137939412437690e-01,1.125631807244346083e+00,-2.016308517942562162e-01,-9.637474289218199430e-02,-1.024175015520780718e-01
2.419573895355952686e-04,-1.632457268785062962e-02,7.892341542541277954e-01,-7.445255087821379091e-03,2.337958829865033339e-02,7.111332622352934951e-01,7.026289535524805618e-01,3.111886384997789717e-02,3.118205960254443951e-02,1.418189960221148682e-02,9.368368841807356295e-02,-2.052524299699631238e-01,4.507370292659031163e-02,-2.171692769413629404e-02,-5.650421933306855327e-02,-3.190232740604768968e-02,1.435032698802742313e-01,-2.029753420738934222e-01,5.396726992379652366e-02,-1.128447586863459522e-02,-6.024847510837001013e-03,-1.966934223533202408e-03,-1.043771435998998298e-01,2.489259323191242435e-01,-4.729768934629827726e-01,1.226372945409489823e+00,2.268514796828390856e-01,-1.061528761667502735e-01,1.181417895711030369e-01,-9.056845788313801215e-02,-2.675169898078935682e-01,5.648374309770064494e-01,1.126557872777885994e+00,-2.025651706525673501e-01,-9.663578767282547666e-02,-1.010993528874584574e-01
1.553697937656421462e-04,-1.620249081675434813e-02,7.891839395741181429e-01,-8.602762177166010937e-03,2.382890249380769862e-02,7.112084078479758986e-01,7.025245735881503473e-01,2.980889015538599335e-02,3.218727324832366260e-02,1.424437232013664456e-02,9.156123116262168682e-02,-2.063749397936002761e-01,4.482766656326161309e-02,-2.327304311958184463e-02,-5.536805470415225722e-02,-3.132508576230892683e-02,1.418406580081040813e-01,-2.020345369902352695e-01,5.714190724202215799e-02,-1.075935810525015246e-02,-7.067197867809496895e-03,-2.339686981660316079e-03,-1.057044996200982023e-01,2.492957281647568968e-01,-4.735526573380069992e-01,1.226779495098870187e+00,2.255853721780325949e-01,-1.071202179051720382e-01,1.160459506887597803e-01,-9.035950823865268600e-02,-2.670677527962940778e-01,5.646655756342997545e-01,1.126723666062890317e+00,-2.027184196527517801e-01,-9.658201976927960342e-02,-1.006696740434935983e-01
9.924151792388891027e-05,-1.611551666555302229e-02,7.891885786561453342e-01,-9.173469728997438871e-03,2.393787544287339503e-02,7.112911932347337762e-01,7.024298285231932448e-01,2.969638243996260835e-02,3.301039497499331371e-02,1.547229951222646449e-02,8.991149108100020271e-02,-2.064837456293880658e-01,4.362875892651502108e-02,-2.354782530906353311e-02,-5.490808813384624731e-02,-3.272069366036762378e-02,1.405950727547507495e-01,-2.011442238924374404e-01,6.053811579639228196e-02,-9.508220523097920401e-03,-8.323076707211113021e-03,-2.836524028538341818e-03,-1.071325166522818645e-01,2.502285064538781190e-01,-4.755827340433625428e-01,1.226318823891696219e+00,2.268491559486880416e-01,-1.085172956472215400e-01,1.136675211483740150e-01,-9.034917799781899683e-02,-2.663775332160005505e-01,5.645112817241411118e-01,1.128293039639041151e+00,-2.028171076546659846e-01,-9.645261076154282298e-02,-9.918402585517288594e-02
9.980807386068517718e-05,-1.603956353958059869e-02,7.891955828030081666e-01,-9.252080672412971857e-03,2.396160134631367816e-02,7.116963907567406267e-01,7.020174414129480844e-01,3.033408512370808219e-02,3.283981503027179338e-02,1.364091124829066443e-02,8.787046992161490211e-02,-2.057183596886492105e-01,4.334938059926243814e-02,-2.243880992570934652e-02,-5.487194463785536463e-02,-3.300211017356007720e-02,1.386196749582345733e-01,-2.005321962557875815e-01,5.948710194490900577e-02,-9.702595180879462072e-03,-7.647837510161896446e-03,-2.452487280546648135e-03,-1.070945485296362631e-01,2.499731629917326947e-01,-4.743985696234338523e-01,1.226501955426695378e+00,2.270447136724474679e-01,-1.079610537004611903e-01,1.151631042391772913e-01,-8.966327599862559949e-02,-2.669769631717521796e-01,5.648277095020225458e-01,1.127156586702262597e+00,-2.043485987883029154e-01,-9.675084443623402364e-02,-1.007871964462813824e-01
1.660972680826251421e-04,-1.600941802477403447e-02,7.892138518177708173e-01,-8.690793415366946176e-03,2.344288163850874115e-02,7.128226677869092809e-01,7.008985273914117853e-01,3.105070371756140854e-02,3.246556446699049026e-02,1.066399952652811317e-02,8.846268472733383181e-02,-2.050291095398355246e-01,4.302346611580202401e-02,-2.046634573489683473e-02,-5.521441310387580764e-02,-3.428574105609466516e-02,1.393166969091099994e-01,-2.007685857998277590e-01,5.541724075981401682e-02,-1.003024494906513790e-02,-6.420209288444944651e-03,-1.954889728514968422e-03,-1.064270980912818965e-01,2.491080207867625573e-01,-4.723428373593770990e-01,1.225144155347082098e+00,2.247390207243443183e-01,-1.065678250998953747e-01,1.182742521484297371e-01,-8.785721808965273050e-02,-2.676698282024961850e-01,5.639953202013472389e-01,1.126686021150344885e+00,-2.030874036040740960e-01,-9.625774857405695883e-02,-1.026740061263808762e-01
2.622740567280288531e-04,-1.605903530335600279e-02,7.892612893125505735e-01,-8.542970841894700212e-03,2.332294642553453187e-02,7.134407017559477593e-01,7.002752479541232145e-01,3.136181253607417396e-02,3.241121202647578164e-02,9.854505556720044579e-03,8.783952633664098009e-02,-2.041675966096565542e-01,4.228931321599221221e-02,-1.916460139135981941e-02,-5.540435631202862699e-02,-3.570166624676138212e-02,1.380353427275203271e-01,-2.000405927524281646e-01,5.524339138706838709e-02,-1.059767965782121291e-02,-6.065260065427725139e-03,-2.048678287846581597e-03,-1.059359219959700726e-01,2.494362635690523800e-01,-4.731428892376047801e-01,1.223538329849210626e+00,2.254950831836316505e-01,-1.071786976135657016e-01,1.180281960260188556e-01,-8.730037534134538202e-02,-2.676923440779548913e-01,5.642253926852172086e-01,1.126787782501406321e+00,-2.024239135147184176e-01,-9.632418916748676507e-02,-1.027007215916352079e-01
3.669306539497291784e-04,-1.615443473670299945e-02,7.892704947046474961e-01,-8.472186084813277535e-03,2.329310738566543054e-02,7.136699817562033310e-01,7.000434346177145661e-01,3.163186411988033048e-02,3.239288351238974600e-02,9.290952012881423250e-03,8.703904000062541446e-02,-2.037647554270335393e-01,4.256553455685066489e-02,-1.890047558249980178e-02,-5.538231658066262997e-02,-3.594593310162168959e-02,1.377363963844641104e-01,-1.998064057561770857e-01,5.495877238002359194e-02,-1.006137330081506576e-02,-6.398119517435921222e-03,-2.374826842404777899e-03,-1.065604522493641959e-01,2.498385391158504110e-01,-4.728560925955794803e-01,1.223961267208703241e+00,2.254378722510226030e-01,-1.071181118346818117e-01,1.159942311450462976e-01,-8.730897362901368641e-02,-2.668346175958378752e-01,5.636576122202093808e-01,1.128301579328701454e+00,-2.034023767545018735e-01,-9.614286573355086685e-02,-1.013419987746729256e-01
4.543255295684828676e-04,-1.625604605118121174e-02,7.892873935570952071e-01,-8.182515968498497994e-03,2.318801155178529597e-02,7.142208250442190209e-01,6.994883670411213838e-01,3.208951605319261546e-02,3.196552154108132232e-02,7.539308672961445024e-03,8.627787985514137614e-02,-2.027838708194442119e-01,4.218416367555772456e-02,-1.794567562876862171e-02,-5.580656548990332866e-02,-3.706089872038209609e-02,1.373028478235825689e-01,-1.997129099220924242e-01,5.313301492581055940e-02,-1.005951821653463911e-02,-5.978164055564904461e-03,-2.854379830140481300e-03,-1.065273686259130825e-01,2.499290466373546571e-01,-4.728392958605795449e-01,1.223027918052744134e+00,2.246781074503503839e-01,-1.073840264459425681e-01,1.134202958027429320e-01,-8.647139962077934894e-02,-2.664466558351359371e-01,5.616802745498303828e-01,1.128542740248621223e+00,-2.033253259795508583e-01,-9.538874688760726195e-02,-9.984626342099531260e-02
4.896408256070784249e-04,-1.635123163436964094e-02,7.893628192802554233e-01,-8.242397723647942182e-03,2.318222744985569406e-02,7.143318523418471511e-01,6.993744718962034979e-01,3.186887982991519486e-02,3.210785848934655240e-02,7.765971932114326681e-03,8.621615801884413566e-02,-2.022313128492544965e-01,4.248674898414141199e-02,-1.766235210366438185e-02,-5.565116805714234033e-02,-3.706824674304896178e-02,1.362170933953639473e-01,-1.983521650449994456e-01,5.366510421126578778e-02,-1.037700199650342173e-02,-6.734122329596130274e-03,-2.702520421844226139e-03,-1.068423639345233989e-01,2.504439712345850055e-01,-4.737486465889399478e-01,1.222924840779430200e+00,2.242458101426519357e-01,-1.073630997012975513e-01,1.141076723155851069e-01,-8.677530674635702823e-02,-2.659259232944442553e-01,5.620911854695864740e-01,1.128939167303846691e+00,-2.021653571197923327e-01,-9.515114201820880357e-02,-9.992566088649273981e-02
4.730623993959904064e-04,-1.641483338075761661e-02,7.893696976966008139e-01,-7.972920495417402942e-03,2.302231791030235480e-02,7.147002671499830262e-01,6.990063902086682823e-01,3.210777252266670823e-02,3.176454117189168869e-02,6.770504375683362996e-03,8.643688694204280931e-02,-2.018891338101856947e-01,4.215987571059581773e-02,-1.716500320602581259e-02,-5.597453287362390284e-02,-3.747161754528981897e-02,1.368189517304544967e-01,-1.987330135984454182e-01,5.153947417164003730e-02,-1.041627439102032517e-02,-6.017821842372856819e-03,-2.523308642610081615e-03,-1.063476518429494477e-01,2.504693454866069868e-01,-4.731599191893672285e-01,1.221537276440739506e+00,2.247991269448362528e-01,-1.075403033730932684e-01,1.143184295996410721e-01,-8.618893311792813483e-02,-2.663638114237827925e-01,5.614806035091537417e-01,1.128302948447693632e+00,-2.024246193418667850e-01,-9.539915277990426712e-02,-1.000316622616776174e-01
3.932933395509619089e-04,-1.646130253950258554e-02,7.893945332564251682e-01,-8.033930645248432700e-03,2.297880255727402857e-02,7.146200778115189278e-01,6.990891037486417492e-01,3.207873626683493962e-02,3.188928135286415999e-02,7.504236560362267938e-03,8.646347101391363421e-02,-2.019248256396705965e-01,4.269522811490533004e-02,-1.739076942012727708e-02,-5.603673744761013265e-02,-3.807257770590367213e-02,1.369396910416688928e-01,-1.979052021524415894e-01,5.374877449935565321e-02,-9.746254023231488983e-03,-6.730490331257520109e-03,-3.156943133195033724e-03,-1.070651579646343943e-01,2.507936943213492365e-01,-4.739447930745908644e-01,1.222233107421787812e+00,2.261821288297493071e-01,-1.076993706122115618e-01,1.139685301603510503e-01,-8.646238885024441767e-02,-2.655301066396030807e-01,5.603234180211682514e-01,1.130327087656272989e+00,-2.018940603197925399e-01,-9.527045145450328822e-02,-1.011641978194333935e-01
2.727514239732475735e-04,-1.647816534711267142e-02,7.894093640908151910e-01,-8.196603533900590627e-03,2.298468572564853901e-02,7.146481320072343157e-01,6.990583432955870258e-01,3.195398788679694457e-02,3.202051679812914498e-02,8.005311723052195572e-03,8.612074142267757415e-02,-2.018949904241346682e-01,4.214456670179479725e-02,-1.756151618460306124e-02,-5.592419972808830575e-02,-3.796635928930752052e-02,1.367534995130863518e-01,-1.977985296233865931e-01,5.333935071033267528e-02,-9.978438254830506587e-03,-6.983402120143915315e-03,-3.281654411000714533e-03,-1.067922598244517296e-01,2.508470233985171105e-01,-4.732218456476896540e-01,1.221380152104894812e+00,2.257917392381916799e-01,-1.082975015929878299e-01,1.134700245563628890e-01,-8.656149873633658953e-02,-2.654559052121157059e-01,5.597386560684670664e-01,1.130262550360799256e+00,-2.022873507418983530e-01,-9.526940346596871056e-02,-1.005787979941166754e-01
1.390675521404296654e-04,-1.647864914035755690e-02,7.894333289450516933e-01,-8.471916173542743886e-03,2.301170314929227786e-02,7.146973662284153983e-01,6.990038360843826570e-01,3.176927402581382343e-02,3.222291252168912185e-02,8.327102999918220561e-03,8.556069742421386348e-02,-2.019974224198951562e-01,4.248823056129823889e-02,-1.741358628401908429e-02,-5.566783614398228275e-02,-3.762470377061636478e-02,1.354349120097280146e-01,-1.968895990852146116e-01,5.498917835610907245e-02,-1.008799563767918267e-02,-7.771503427441185663e-03,-3.265796981986597569e-03,-1.070831990043504128e-01,2.513385630911280089e-01,-4.739611817001910810e-01,1.220554937404312312e+00,2.259546580611941358e-01,-1.082655331861805265e-01,1.122974848728387903e-01,-8.684764127439721648e-02,-2.655840591663242156e-01,5.600190521810737287e-01,1.130273080355573612e+00,-2.022156128956725529e-01,-9.516118811465042182e-02,-9.941150544509680387e-02
1.434065859237372651e-05,-1.646061069064730722e-02,7.894766386056678575e-01,-8.484917931587385165e-03,2.283603471477624325e-02,7.148958655742452262e-01,6.988064274683293275e-01,3.237239906859958744e-02,3.235292431224416621e-02,8.512498417753810998e-03,8.469800685126892270e-02,-2.016861857618873211e-01,4.224475113863152692e-02,-1.682107005347371897e-02,-5.561344782862084890e-02,-3.790706141469823987e-02,1.349474706461696871e-01,-1.959662833002134008e-01,5.498801133301312039e-02,-1.010251050596499070e-02,-7.716588795958507357e-03,-3.563903535269433154e-03,-1.074368198954515075e-01,2.511738839660573874e-01,-4.754391231236570481e-01,1.221174578146786205e+00,2.273864891172121816e-01,-1.086273549508159214e-01,1.118454117902506623e-01,-8.682087337251823134e-02,-2.656380411707228717e-01,5.613028568156352982e-01,1.131103453619411781e+00,-2.027303964958042937e-01,-9.467170111145886691e-02,-1.007896037779850706e-01
-7.785413217152952988e-05,-1.643080621113789455e-02,7.894711001317710197e-01,-8.426041197454032725e-03,2.254152842111839528e-02,7.152953213102644092e-01,6.984078211459429086e-01,3.267985644400070444e-02,3.252063747824657930e-02,8.012017687050176917e-03,8.484586142591264701e-02,-2.021019590731124860e-01,4.262079080775311307e-02,-1.630284038829271642e-02,-5.542989370958593953e-02,-3.807043051072711570e-02,1.355298323198042831e-01,-1.959717866333013370e-01,5.269454149982673308e-02,-1.061968179766897835e-02,-6.614279512413749271e-03,-3.612145454465049560e-03,-1.075746081005585914e-01,2.501562342013546325e-01,-4.756895440162596800e-01,1.222409594768228969e+00,2.267934187041535099e-01,-1.082499084152561825e-01,1.119462386949468397e-01,-8.702205266388912674e-02,-2.653320745600168395e-01,5.605875920145810820e-01,1.133556088897958780e+00,-2.030906329230743323e-01,-9.395493110773910084e-02,-1.023121482662262410e-01
-1.243114730281921873e-04,-1.643583664307389156e-02,7.894366080432203558e-01,-8.462369951581942551e-03,2.236133094618633285e-02,7.155318049015120252e-01,6.981708926527236958e-01,3.293047885838031735e-02,3.281251298910962261e-02,8.288224798412867356e-03,8.468157615773466707e-02,-2.028642899053970383e-01,4.279059319111858106e-02,-1.579629326376366313e-02,-5.522365525091465360e-02,-3.845000944890768907e-02,1.352751150082597276e-01,-1.961758100773035030e-01,5.335669025358495687e-02,-1.013588023701169488e-02,-6.947984814739882262e-03,-3.084620208464797231e-03,-1.084606198261280630e-01,2.499938981550038630e-01,-4.752799242949147795e-01,1.222483199079455352e+00,2.266879060486144681e-01,-1.082798907908167629e-01,1.128922083791938091e-01,-8.750149288014581750e-02,-2.654240667541168941e-01,5.620841227392269213e-01,1.134727088604938983e+00,-2.042709030043269869e-01,-9.426894217517473029e-02,-1.028151248909211224e-01
-1.379688275425969800e-04,-1.645082576553357281e-02,7.894569429265483329e-01,-8.600173809004213465e-03,2.240266597759798042e-02,7.152311217436961854e-01,6.984759122953371202e-01,3.288558234258182056e-02,3.303776300410789929e-02,8.866448784379470094e-03,8.462457885867774587e-02,-2.028734579574527630e-01,4.244246959593270946e-02,-1.633409690870774728e-02,-5.500276139020628119e-02,-3.800106297849184522e-02,1.354642889118460314e-01,-1.957549937332972723e-01,5.664357436358124359e-02,-9.484935300084535240e-03,-7.793391404527880151e-03,-3.518600017547720421e-03,-1.088372935543886200e-01,2.503198517905742548e-01,-4.758718142121858286e-01,1.223103005941282184e+00,2.290367086619556625e-01,-1.087574037340374444e-01,1.118511037009911890e-01,-8.773689571686853206e-02,-2.646421514988546719e-01,5.614926047626984662e-01,1.135992909377278037e+00,-2.053323614398032126e-01,-9.440561309044595562e-02,-1.020036775254645062e-01
-1.134252440404379288e-04,-1.646679199346695599e-02,7.894529578018660843e-01,-8.163406858286495482e-03,2.204940420852266603e-02,7.156705999269983298e-01,6.980421011390671726e-01,3.363071193915539991e-02,3.274542003092682785e-02,7.423278193097834765e-03,8.499171957998455373e-02,-2.027302909565399103e-01,4.308846369310460889e-02,-1.520250497853639290e-02,-5.529678402701269924e-02,-3.880303074100885374e-02,1.361375476909625071e-01,-1.960758858053874842e-01,5.473199841613957117e-02,-9.223071323710212502e-03,-7.618720740487252077e-03,-3.434118617345192220e-03,-1.088907568931248848e-01,2.503307321414253162e-01,-4.754762970091077068e-01,1.222606302289942493e+00,2.291368564932236562e-01,-1.085119314891496156e-01,1.141785368058586547e-01,-8.709608939377130876e-02,-2.647997850377046825e-01,5.614616179184562794e-01,1.136143729508344302e+00,-2.056312035140003547e-01,-9.449213056059070637e-02,-1.034374110553111514e-01
-9.846187922546792166e-05,-1.648098283776729123e-02,7.894598736101269276e-01,-7.902450748566117178e-03,2.193346267317240056e-02,7.160022791765103811e-01,6.977085428037794745e-01,3.391363587251657041e-02,3.243420338463103708e-02,6.731356660349581411e-03,8.510932032150181348e-02,-2.022212030837499674e-01,4.293218635207100842e-02,-1.475126368078176833e-02,-5.568641960675509150e-02,-3.963552277112566274e-02,1.367867813252224285e-01,-1.964729371993708396e-01,5.261135146602988893e-02,-9.926263829398315058e-03,-6.795471093321531902e-03,-2.899431960018010457e-03,-1.084168444796916875e-01,2.499989484131614759e-01,-4.748066208767006136e-01,1.221741948639156750e+00,2.271653462316772787e-01,-1.085971299949660962e-01,1.146432560824024449e-01,-8.679939218541310453e-02,-2.652995785818026420e-01,5.606027806073350384e-01,1.135362876745138028e+00,-2.056200311550789028e-01,-9.460051391521659414e-02,-1.052340934967282288e-01
-1.190356307811094212e-04,-1.647876483079738913e-02,7.894629469723600801e-01,-7.958478530405889081e-03,2.183179308255711604e-02,7.161017906054886195e-01,6.976089598922122770e-01,3.386026542025283997e-02,3.262725959834664874e-02,6.491892558308738626e-03,8.526223580075803499e-02,-2.024989719754683171e-01,4.328213407074651270e-02,-1.492992336081182606e-02,-5.543754834414360566e-02,-3.939172887209251711e-02,1.374244743852923722e-01,-1.965231813081982637e-01,5.232163386210578193e-02,-9.929766382750495821e-03,-6.931847725626360743e-03,-3.135879089124722630e-03,-1.079404890840615361e-01,2.503202504393144956e-01,-4.742200045240447803e-01,1.220718771248207268e+00,2.279603471284133986e-01,-1.081310948859765392e-01,1.152275633448133774e-01,-8.656097639137995403e-02,-2.650643871279614316e-01,5.601088785321436392e-01,1.135690830149076902e+00,-2.051073434617031177e-01,-9.444002310073848494e-02,-1.054993473772506962e-01
-2.061280588188528669e-04,-1.644591833389647331e-02,7.894537637632577098e-01,-8.055076078310014279e-03,2.187289005776024697e-02,7.159987727828267534e-01,6.977122972998108796e-01,3.358114028494681158e-02,3.253531336140946806e-02,5.990342606561858962e-03,8.557090603408548657e-02,-2.027629523934104117e-01,4.362537361467686697e-02,-1.533296984954473849e-02,-5.538574620882719124e-02,-3.893061497266252224e-02,1.377947529737993948e-01,-1.967237560251631212e-01,5.172929199586709381e-02,-1.006414208431549023e-02,-7.034217723880571531e-03,-3.386926101531215899e-03,-1.077415622191823241e-01,2.501515424163729406e-01,-4.739296164296600833e-01,1.220834706507114120e+00,2.270563816758696674e-01,-1.077772850515027886e-01,1.148421491169115405e-01,-8.673250972349200172e-02,-2.647538603503129528e-01,5.597171079039684471e-01,1.136276944507959241e+00,-2.038558900885371616e-01,-9.430618033640146558e-02,-1.061954491686307317e-01
-3.644852902004642493e-04,-1.638659459562499116e-02,7.894217889085306528e-01,-7.877354598324663726e-03,2.174281181576405431e-02,7.161912100151928140e-01,6.975208585525241034e-01,3.403017411805871195e-02,3.210332729784690087e-02,4.944530076965707177e-03,8.546730059392347589e-02,-2.028093745358990618e-01,4.361001761836483248e-02,-1.549573651694139895e-02,-5.588670117417776639e-02,-3.970582001788255239e-02,1.396486777666810231e-01,-1.977350803120668243e-01,5.082703583488577814e-02,-9.740325889093964448e-03,-6.995443948690710685e-03,-3.528068285246974134e-03,-1.075462940002140100e-01,2.501830170701181411e-01,-4.734774903100043564e-01,1.219695204917504938e+00,2.276496531153326952e-01,-1.077227876568743331e-01,1.149838651744718721e-01,-8.587033195248210127e-02,-2.655502878708215775e-01,5.598975234797149980e-01,1.135014980494111203e+00,-2.057130984398853890e-01,-9.404653824215321312e-02,-1.059294089361767777e-01
-5.932443812754662101e-04,-1.629240713074774430e-02,7.894012518788240396e-01,-7.866013475958114759e-03,2.185386413933160590e-02,7.159319939528878685e-01,6.977835728138186422e-01,3.382786767451714804e-02,3.160891652555222753e-02,5.244910740534895754e-03,8.617166845876081394e-02,-2.030066918114843411e-01,4.355076769154355570e-02,-1.569147592050602544e-02,-5.638820824366409801e-02,-3.937804817466012547e-02,1.397636488944061783e-01,-1.978433412656879775e-01,5.230742950529823632e-02,-9.124070234700177445e-03,-7.978092323553434909e-03,-3.831894348178266352e-03,-1.077421722813583227e-01,2.500313067364938746e-01,-4.728167707985909685e-01,1.220381731665375336e+00,2.287044491898154452e-01,-1.079973625043243179e-01,1.147978995568359056e-01,-8.615181244573022479e-02,-2.648030000577825671e-01,5.589619909640661799e-01,1.137021636748039244e+00,-2.068434647369613855e-01,-9.381948584309414418e-02,-1.059108891526625018e-01
-8.764487992336280047e-04,-1.622135622318440773e-02,7.893297972133876961e-01,-8.982222817336623505e-03,2.216589509197427685e-02,7.154550553971423810e-01,6.982492796091543941e-01,3.242122564117787958e-02,3.272325108420839901e-02,7.234153765475474784e-03,8.551432713289636167e-02,-2.052480725620746960e-01,4.459992581320485622e-02,-1.735906851200123488e-02,-5.511678947118256455e-02,-3.715776582175517317e-02,1.380593857598493013e-01,-1.968419002039365484e-01,5.817860846055036839e-02,-8.758320186130829493e-03,-1.115044412663430094e-02,-4.251654334255873524e-03,-1.088953061473181133e-01,2.515174023291767980e-01,-4.745261457661366089e-01,1.219527256445294583e+00,2.258229539323702573e-01,-1.080695673229460779e-01,1.110928037883565506e-01,-8.652180228623054803e-02,-2.642877669374389948e-01,5.600406753929311199e-01,1.136260630321605847e+00,-2.037463743005070438e-01,-9.312133547688494772e-02,-1.023711680343011854e-01
-1.161073999941039138e-03,-1.612315867861553384e-02,7.893072791433961566e-01,-9.138041719253683914e-03,2.228411268729499004e-02,7.153168240989248305e-01,6.983851055659079377e-01,3.204432988235976498e-02,3.238235548921360868e-02,7.521473621348737093e-03,8.590086337651602066e-02,-2.056939129886745099e-01,4.491874715336463542e-02,-1.775067105189541070e-02,-5.551017318799781469e-02,-3.734057947088643969e-02,1.381877147071045031e-01,-1.970907733722078170e-01,5.896706843166367451e-02,-8.066176418942703000e-03,-1.177577834195399874e-02,-4.715785848842170280e-03,-1.085916980692230166e-01,2.515893941326778904e-01,-4.733577032127591622e-01,1.218551928948216290e+00,2.263045617955264932e-01,-1.085044921893181524e-01,1.101123703939808351e-01,-8.600660694120856875e-02,-2.650336796284905039e-01,5.601339422011428759e-01,1.135507189128230010e+00,-2.048176863455294094e-01,-9.368197393328017708e-02,-1.016283418206773842e-01
-1.432812616092851970e-03,-1.601522367707676128e-02,7.893260607028927955e-01,-9.066312489254756482e-03,2.201863641353250106e-02,7.158328053443977490e-01,6.978655862134948151e-01,3.224887893177492970e-02,3.216737240462235609e-02,6.741855504241126007e-03,8.622123431780280567e-02,-2.058503306367134300e-01,4.526425330945346714e-02,-1.747268471315434335e-02,-5.577213207845115733e-02,-3.803377832832716826e-02,1.395710183480984024e-01,-1.970770972342787142e-01,5.548227895048410407e-02,-8.218624874288153054e-03,-1.095697034950262119e-02,-4.903618767018180086e-03,-1.078553143119640872e-01,2.507693085513726938e-01,-4.733723236522599520e-01,1.217872067461227337e+00,2.280856285866965649e-01,-1.073794981833165740e-01,1.129395823548097894e-01,-8.518182520460390594e-02,-2.656661251585585304e-01,5.603421568157533894e-01,1.136679440660835150e+00,-2.066767201573930512e-01,-9.304525656229904740e-02,-1.053274732981218514e-01
-1.682903664552246915e-03,-1.595674152936525300e-02,7.892473024654277358e-01,-9.181786173170704279e-03,2.221581213013026912e-02,7.155632103731228710e-01,6.981342596195790895e-01,3.225897230743252075e-02,3.160753655954012808e-02,6.189964170545007860e-03,8.560068156515418525e-02,-2.060618293282074076e-01,4.556514027217051233e-02,-1.840980388876045648e-02,-5.640651134477061429e-02,-3.887300513409666647e-02,1.406909731385656559e-01,-1.984795088049244871e-01,5.724269786523532300e-02,-7.609253818663785918e-03,-1.120101508569286766e-02,-5.173072360613227560e-03,-1.079614518654183064e-01,2.503262269507937621e-01,-4.719413628203418809e-01,1.218073872248421452e+00,2.273749546862515458e-01,-1.070893681862041813e-01,1.118177684412302447e-01,-8.522266098243491683e-02,-2.663656046499582319e-01,5.604076180986502509e-01,1.136480762163906366e+00,-2.086508818866166237e-01,-9.239402180591599345e-02,-1.048143077016235603e-01
-1.897382343006296952e-03,-1.590988350090135131e-02,7.892857655788865223e-01,-9.230223429253409800e-03,2.187632151347048207e-02,7.162259379767421663e-01,6.974644330012964577e-01,3.250596316340284564e-02,3.176722035354818258e-02,5.138762613694398962e-03,8.532427747912775529e-02,-2.059905592210453107e-01,4.554195796315541056e-02,-1.810314675017125896e-02,-5.633443475086883506e-02,-3.965393286622205526e-02,1.418180492064938236e-01,-1.980615494372025553e-01,5.616101890280261744e-02,-7.691176944975963888e-03,-1.085278596766022473e-02,-5.438387353391003348e-03,-1.079982674505698126e-01,2.495738662610358927e-01,-4.710973264968463248e-01,1.217372587849773202e+00,2.277182856083093399e-01,-1.064969982799387621e-01,1.115595966800754790e-01,-8.403989978926770799e-02,-2.670124459039173170e-01,5.600737657074418285e-01,1.136517037089656013e+00,-2.085641142367765377e-01,-9.224931449822387775e-02,-1.054333681095297043e-01
-2.091649699154255870e-03,-1.587269220992098412e-02,7.892705216267839052e-01,-9.268559063495912520e-03,2.167273650762229983e-02,7.165411024757324387e-01,6.971464944816248011e-01,3.294248798434722819e-02,3.179665854548660575e-02,4.649066606405474755e-03,8.475463360065088603e-02,-2.063205661196489960e-01,4.540510041298965321e-02,-1.804388700143857299e-02,-5.639048056137984516e-02,-4.034323959728107478e-02,1.427471556418436482e-01,-1.982631232272968891e-01,5.552067712308193098e-02,-7.673887999267799478e-03,-1.051859453935051827e-02,-5.563130267520768890e-03,-1.079799909446114009e-01,2.489197519775424861e-01,-4.704552049143541637e-01,1.217182223180840017e+00,2.275069935319670167e-01,-1.059622696715364909e-01,1.124935291953927941e-01,-8.342898516380833907e-02,-2.678182735909550027e-01,5.608126907716560750e-01,1.136311739698853795e+00,-2.090819368719981919e-01,-9.243969142919146453e-02,-1.062427677390185426e-01
-2.264533485195051668e-03,-1.585222430534521249e-02,7.892440221913072929e-01,-9.729099840017643719e-03,2.169063742945498419e-02,7.164905434040635956e-01,6.971916250764601530e-01,3.298748397602131732e-02,3.237340238298327955e-02,5.711799405471680580e-03,8.341002416258974650e-02,-2.068798286148937626e-01,4.511058859676046751e-02,-1.809602788965548881e-02,-5.579578687566402739e-02,-3.964751473343026966e-02,1.412165440429688501e-01,-1.974400264241912839e-01,5.776531502867199297e-02,-7.774382344360531230e-03,-1.158005900693499096e-02,-5.195968892606119688e-03,-1.086638480276490432e-01,2.488840873766252626e-01,-4.697335067066913394e-01,1.217417321148043241e+00,2.264251239871349353e-01,-1.058505579312946226e-01,1.110762762808467086e-01,-8.346175560636022450e-02,-2.682142674029617813e-01,5.619141676954171327e-01,1.135339311953100783e+00,-2.094084690533282722e-01,-9.244036216446292753e-02,-1.044666383672878535e-01
-2.393666149941544447e-03,-1.584354672635704744e-02,7.891771630292767625e-01,-1.007639490068233321e-02,2.182482582600792087e-02,7.166272063624495869e-01,6.970420291091633525e-01,3.252475438444740741e-02,3.259341795952879622e-02,6.596320721757358008e-03,8.286203333229993917e-02,-2.076900913763137790e-01,4.470095691424790657e-02,-1.819462842560496188e-02,-5.573937450333273091e-02,-3.996474590415083350e-02,1.400895760282258595e-01,-1.974628095290291985e-01,6.099656678592573628e-02,-6.736818937977753080e-03,-1.264377492904164915e-02,-5.622541791331692879e-03,-1.098341777068456149e-01,2.490288305718720840e-01,-4.682068777187982089e-01,1.217039578660685128e+00,2.243453378142690746e-01,-1.065732080399593440e-01,1.082390913660167542e-01,-8.267016724164313879e-02,-2.682396303588070463e-01,5.611482976936310596e-01,1.134579160151625077e+00,-2.081512962066645878e-01,-9.306312469082365924e-02,-1.027365509253091308e-01
-2.481248727071030252e-03,-1.578707190596246451e-02,7.892469866905709175e-01,-9.618919691636720198e-03,2.125836454486335070e-02,7.178007159637828094e-01,6.958575216829395726e-01,3.329500868322148033e-02,3.219102848987975829e-02,3.327251718253355917e-03,8.319253894648478975e-02,-2.071212181635830873e-01,4.522370926639882743e-02,-1.646732468962600754e-02,-5.605335176577291856e-02,-4.136808142180197628e-02,1.412935461651553259e-01,-1.973816950600147668e-01,5.594920548851958081e-02,-6.954858608454152040e-03,-1.112396802942891560e-02,-5.761917923496933519e-03,-1.097208708674400068e-01,2.475231147010462096e-01,-4.675197852302560575e-01,1.217126400103662132e+00,2.249706841825271364e-01,-1.059029214925043261e-01,1.115158644267815330e-01,-8.073148276816494162e-02,-2.692173757024040048e-01,5.613809238689040360e-01,1.134834713724459210e+00,-2.081137915488111279e-01,-9.305663526467554403e-02,-1.053861906027420414e-01
-2.542986837027924520e-03,-1.575015830337686551e-02,7.892513874190929535e-01,-9.649844882911330288e-03,2.127256108011583297e-02,7.179524035503830337e-01,6.957001544308115681e-01,3.349425727920485318e-02,3.208101234698322590e-02,3.145842253221869944e-03,8.256959804959318472e-02,-2.067757333194437108e-01,4.503783491611455109e-02,-1.598252387257232190e-02,-5.621958272241420196e-02,-4.196434867091902721e-02,1.404316198800507620e-01,-1.970068748834601646e-01,5.648706559639232044e-02,-6.740430538458627892e-03,-1.122084871795470638e-02,-6.248790893445974048e-03,-1.100101715143111669e-01,2.473301176033109727e-01,-4.677833465340272556e-01,1.217272516582540209e+00,2.259004947898076709e-01,-1.052206190963406313e-01,1.108346035817639463e-01,-8.060403313474019671e-02,-2.688635340856563305e-01,5.611677505281216227e-01,1.136233463207411809e+00,-2.084902588519384481e-01,-9.279044400102488821e-02,-1.053874949439926878e-01
-2.569195918360631277e-03,-1.570716349087525332e-02,7.892485207399094760e-01,-9.489992773457618311e-03,2.122189456217387846e-02,7.181091175699462203e-01,6.955421385446486360e-01,3.359375336100273168e-02,3.183067513035033741e-02,2.982005729732069288e-03,8.310386520882469263e-02,-2.069513405769597414e-01,4.443147164785519326e-02,-1.585288403223561113e-02,-5.653709973256725030e-02,-4.232856427289444917e-02,1.412611800091659597e-01,-1.975676968876814710e-01,5.628082009091944782e-02,-5.887110344008511000e-03,-1.142637283232171910e-02,-6.210890862371708926e-03,-1.107093609213427310e-01,2.470900546514129548e-01,-4.678445297604069131e-01,1.217858360369422854e+00,2.256993899959508221e-01,-1.053076844426055342e-01,1.113512640125779024e-01,-8.059781280269515125e-02,-2.682978390554927595e-01,5.612093558275096372e-01,1.137996491031953772e+00,-2.090428256042427546e-01,-9.260219278722967018e-02,-1.061968916043819211e-01
-2.573298161916446735e-03,-1.565782938327516666e-02,7.892474373016169498e-01,-9.528307652975066128e-03,2.112617877737800118e-02,7.181316790359022484e-01,6.955212343908783179e-01,3.382923563841289116e-02,3.215838803791840061e-02,4.009266242622482046e-03,8.310468984759930566e-02,-2.073321119044047589e-01,4.420544506162953080e-02,-1.563185313972690130e-02,-5.628412250117841020e-02,-4.198464837326848498e-02,1.411078377807668260e-01,-1.971716035684832058e-01,5.745298984153048016e-02,-5.481954363844847300e-03,-1.234355047115180855e-02,-6.303203118862607535e-03,-1.110602393652478370e-01,2.478297058599182590e-01,-4.684168898263778025e-01,1.217627964497494997e+00,2.276769039584948529e-01,-1.058233700723664739e-01,1.104024488425153078e-01,-8.077467034421723091e-02,-2.674208316114526918e-01,5.616402097143304850e-01,1.139346590814611204e+00,-2.095184938727160662e-01,-9.246527171040795634e-02,-1.045727562509657510e-01
-2.564483307043726162e-03,-1.558716821650727932e-02,7.892270647600533318e-01,-9.492026126043771536e-03,2.110972662371290998e-02,7.183370305521473709e-01,6.953101404549024700e-01,3.373970938764310479e-02,3.205482743754430736e-02,3.424447070508040980e-03,8.349264721482241303e-02,-2.078176970243524324e-01,4.407783953097936525e-02,-1.538731984725366653e-02,-5.642200304270415800e-02,-4.267735384885840144e-02,1.413174151713901816e-01,-1.976302538738435866e-01,5.660519066276797212e-02,-5.132628005311850976e-03,-1.186342576720550782e-02,-6.134369830168084209e-03,-1.108313418006563744e-01,2.476274718558853227e-01,-4.677622236106091513e-01,1.217240995521203573e+00,2.279002389394786110e-01,-1.055982843025772694e-01,1.108310004695594875e-01,-8.005283477285699001e-02,-2.678732277365072356e-01,5.618614450694527918e-01,1.138711141472909638e+00,-2.095132363855418678e-01,-9.263990676957954695e-02,-1.045396507004882208e-01
-2.547617290070895539e-03,-1.551715903072826801e-02,7.892365754411724277e-01,-9.227731146582346389e-03,2.090863444853701889e-02,7.185453498381227933e-01,6.951044944534539027e-01,3.398370913064940185e-02,3.189076745759108350e-02,2.788138777260806833e-03,8.448426472499737105e-02,-2.080648083787798863e-01,4.477681291404801700e-02,-1.514795663944258283e-02,-5.665741567078724783e-02,-4.331027969414536632e-02,1.428731927234426213e-01,-1.981845017843535950e-01,5.627236963870888009e-02,-4.600285466617956912e-03,-1.201228026558389186e-02,-6.327045932954640517e-03,-1.107997023454152519e-01,2.476869162122119772e-01,-4.678366850884831396e-01,1.216905400957817074e+00,2.282497137870056481e-01,-1.055309447411979240e-01,1.111730160032969039e-01,-7.890877395423155638e-02,-2.680676506188561792e-01,5.618113448973641733e-01,1.138019160818137809e+00,-2.092653682293248163e-01,-9.271186057996010088e-02,-1.049537028382207526e-01
-2.528620332825424425e-03,-1.543856524116820998e-02,7.892005710118560335e-01,-9.146048283386011210e-03,2.077925696284964319e-02,7.189829811295248563e-01,6.946567822507524470e-01,3.426784591287740378e-02,3.192321566875196137e-02,2.333022756269162445e-03,8.441911402942579856e-02,-2.085654785124517185e-01,4.416229155256735234e-02,-1.453159368575393517e-02,-5.667165511853694548e-02,-4.378268858852239070e-02,1.430702747271897501e-01,-1.988097855891348964e-01,5.495523127720060297e-02,-4.934191063027715089e-03,-1.140484880158769594e-02,-6.528335723636351923e-03,-1.108308006175770799e-01,2.470568959569450496e-01,-4.678464399977675936e-01,1.217716045515285561e+00,2.276429418419791961e-01,-1.058010072499457888e-01,1.121519918400601945e-01,-7.805203346903086259e-02,-2.685186861759279453e-01,5.624455971903778995e-01,1.137606092297463789e+00,-2.092093132868804439e-01,-9.292322847558669163e-02,-1.047479246920988843e-01
-2.508708435535784639e-03,-1.536758846356284236e-02,7.891983236949856595e-01,-9.340068905207218192e-03,2.070510279754339197e-02,7.191835820903507148e-01,6.944487289085344850e-01,3.424739384722223084e-02,3.246866311136165084e-02,3.270575000950431965e-03,8.426759917032558556e-02,-2.091077645520879880e-01,4.418215600828287459e-02,-1.416585738497207897e-02,-5.620965756889263060e-02,-4.368095825262816034e-02,1.423018337182373194e-01,-1.982378996184349096e-01,5.655312733956803506e-02,-5.044608531765589800e-03,-1.205214295891355973e-02,-6.602406492861111198e-03,-1.115428442160972949e-01,2.472471921211822077e-01,-4.685956028053980815e-01,1.218601501784347008e+00,2.287246360310441484e-01,-1.055524289874591320e-01,1.106566404551558025e-01,-7.784031042296996050e-02,-2.679319640157565852e-01,5.622561490304600618e-01,1.138270342605693486e+00,-2.085895194281716103e-01,-9.285250341847429978e-02,-1.038947262637102409e-01
-2.488368154548429960e-03,-1.528646000081587165e-02,7.891929256859726571e-01,-9.266051682606571069e-03,2.061384033031975552e-02,7.194463097264047757e-01,6.941802484183103861e-01,3.457509313113649174e-02,3.244408931137558738e-02,2.599782515166113028e-03,8.404146080273135200e-02,-2.091269393958804790e-01,4.380141865158877768e-02,-1.361605220601766475e-02,-5.615764727956056024e-02,-4.364017217877127347e-02,1.422107006004259544e-01,-1.983384911627638636e-01,5.489765821639218391e-02,-5.324811430297738020e-03,-1.144316191472537908e-02,-6.975425961233905348e-03,-1.110390078811024639e-01,2.470777501817390531e-01,-4.689390917851971041e-01,1.218491366651918817e+00,2.291215131558252405e-01,-1.054625483314534096e-01,1.116600428335356443e-01,-7.700431620128134202e-02,-2.680795144060296731e-01,5.618183322333144547e-01,1.137858533140475359e+00,-2.079043332929506882e-01,-9.294391888062807083e-02,-1.049530953232976072e-01
-2.458987416165365342e-03,-1.520716430857066773e-02,7.891931549480820651e-01,-9.335252745402341026e-03,2.065546853100545463e-02,7.195838451590282903e-01,6.940355138334720619e-01,3.461889198319247074e-02,3.250848826811843229e-02,2.622560769727527719e-03,8.374695457022326983e-02,-2.092166505457558057e-01,4.393431579807215159e-02,-1.330948806907938237e-02,-5.602925686938860228e-02,-4.336437868517058897e-02,1.415447606490110033e-01,-1.982064174955311953e-01,5.453860400768630740e-02,-5.730246035697232967e-03,-1.130815108368841970e-02,-7.538594272194217710e-03,-1.104969905352167214e-01,2.471064010877499495e-01,-4.694995540320924254e-01,1.218450120933135539e+00,2.290539077024012493e-01,-1.053059817498982476e-01,1.117918652965338155e-01,-7.647777858695786746e-02,-2.681949698382891656e-01,5.621286595226789862e-01,1.137567751028337071e+00,-2.069567544343892951e-01,-9.289914483434483228e-02,-1.050763933670814387e-01
-2.413621189417448215e-03,-1.513507095230187151e-02,7.891789342782137284e-01,-9.196401127926833938e-03,2.062117372917865107e-02,7.197301330653428364e-01,6.938866830816609044e-01,3.490284441919337677e-02,3.243279602466021816e-02,2.928760926089644945e-03,8.383132506426868580e-02,-2.092348362822040453e-01,4.387475837313240673e-02,-1.282801452095091305e-02,-5.623960177401712834e-02,-4.386420192206964830e-02,1.415484800770969165e-01,-1.985588971992227059e-01,5.476956819591846659e-02,-5.803290138191691608e-03,-1.116971631862678609e-02,-7.518918963010108591e-03,-1.103900420521946313e-01,2.470477299173381991e-01,-4.693512564829185330e-01,1.218426750349809851e+00,2.283212780918131846e-01,-1.054388593745442110e-01,1.117799569904812385e-01,-7.630917459991370944e-02,-2.683755394573836828e-01,5.627211710633919228e-01,1.137383556236846838e+00,-2.075146216805723032e-01,-9.268159015054040772e-02,-1.051907885632108741e-01
-2.352015849980402737e-03,-1.505131452643164620e-02,7.891821066047336464e-01,-9.002876888552271625e-03,2.063735344911753894e-02,7.198061693567336938e-01,6.938098632956517520e-01,3.504040805750026355e-02,3.216894663775875240e-02,2.924340771579256315e-03,8.431192271159287932e-02,-2.092019714934910124e-01,4.389190632438107198e-02,-1.250304603935364217e-02,-5.644444645500523022e-02,-4.347331128813834017e-02,1.417737232392043689e-01,-1.989181144185233063e-01,5.354801258510283324e-02,-5.748948848740087145e-03,-1.095969189821569684e-02,-7.912891143498430174e-03,-1.105058820989215096e-01,2.469074005723436716e-01,-4.705197969667914148e-01,1.219520271551131074e+00,2.280123606233339373e-01,-1.057655900397064530e-01,1.120372769718367550e-01,-7.619522247453482111e-02,-2.679474897786267018e-01,5.633271579092158365e-01,1.138168284254321261e+00,-2.071923971048411084e-01,-9.311856589444521271e-02,-1.062884536842767375e-01
-2.271328741133708633e-03,-1.495929495717977960e-02,7.891891204632337509e-01,-8.908426018504155344e-03,2.070401758518253255e-02,7.197973260498095049e-01,6.938182708845663793e-01,3.498981510222077401e-02,3.203678309347109815e-02,3.229855613345579413e-03,8.489300447934998439e-02,-2.092639794671686815e-01,4.426233508892822577e-02,-1.248289772088612484e-02,-5.654646458891682964e-02,-4.314502375171715143e-02,1.421127245560492858e-01,-1.991996855519125031e-01,5.360930097062669569e-02,-5.461243142050225922e-03,-1.144526977873683293e-02,-8.434047286062281573e-03,-1.103256328926430219e-01,2.472014735996191925e-01,-4.707676189955369295e-01,1.219973057933747773e+00,2.293464876558938548e-01,-1.058207489371789517e-01,1.122919468660548425e-01,-7.588267424136470318e-02,-2.670946496983432339e-01,5.629320050925379348e-01,1.139174476017341897e+00,-2.072958825114754045e-01,-9.298519294392706969e-02,-1.058577742833009122e-01
-2.175718823718763434e-03,-1.486934624106595049e-02,7.891901523925218820e-01,-8.833276885853421148e-03,2.070237376389969311e-02,7.198419124277694037e-01,6.937730219980658974e-01,3.531029369547196428e-02,3.205855553664702096e-02,3.287988339594899445e-03,8.474762465012553037e-02,-2.092591917803906798e-01,4.440081806054039376e-02,-1.224027315431609753e-02,-5.656609497492984251e-02,-4.343239901232741340e-02,1.422404415067169414e-01,-1.994382906041639869e-01,5.365944702680376655e-02,-5.261146213097513125e-03,-1.149263193935818814e-02,-8.464453616924362545e-03,-1.105298056307950916e-01,2.471304074832798847e-01,-4.707727822424460085e-01,1.220830587229113418e+00,2.295207051087094219e-01,-1.052582591559498848e-01,1.124000682428203807e-01,-7.581807295787026946e-02,-2.666005307448831574e-01,5.632013097059108686e-01,1.139806605497196035e+00,-2.075277472058592587e-01,-9.283311260215301730e-02,-1.057721267520456837e-01
-2.065922654426188571e-03,-1.477478593943678566e-02,7.892017059442608673e-01,-8.566734202560427960e-03,2.058436156009235685e-02,7.199146684745872937e-01,6.937043788526859878e-01,3.586307724022463894e-02,3.199388092894222407e-02,3.295593416551924337e-03,8.510014890534614573e-02,-2.091500998406623513e-01,4.406537930589180668e-02,-1.182362360600149737e-02,-5.664927177241325940e-02,-4.333375463621272350e-02,1.430137712185541865e-01,-1.998095385021135262e-01,5.313463049933138393e-02,-5.203946357539217943e-03,-1.164056529071907063e-02,-8.598430882289079258e-03,-1.105336919340943469e-01,2.472457064846279862e-01,-4.706842168340529819e-01,1.221666820019290167e+00,2.301068302002105270e-01,-1.049789075446709852e-01,1.130264104004360670e-01,-7.570655303007858827e-02,-2.657566545483967535e-01,5.627591332809861457e-01,1.140842661550441894e+00,-2.067567776351759701e-01,-9.258202256831501997e-02,-1.061677606033964993e-01
-1.944393522871110547e-03,-1.467238845576883562e-02,7.892232568811404780e-01,-8.234311614022424286e-03,2.054858014583556963e-02,7.199135831576070066e-01,6.937105914943265672e-01,3.571616512945079841e-02,3.168296783670981887e-02,3.164704860031994360e-03,8.699658754003289363e-02,-2.092051809502853410e-01,4.395010355099887578e-02,-1.109140528164449455e-02,-5.692731104339356085e-02,-4.325343006847262584e-02,1.430665075088423388e-01,-2.002172844210844405e-01,5.262762999239889439e-02,-4.717286347688138051e-03,-1.194037984752138390e-02,-8.589022743661536841e-03,-1.106088913989058536e-01,2.472866742984846933e-01,-4.707418514444154933e-01,1.222393613374817667e+00,2.317367931075007548e-01,-1.045882003839395530e-01,1.159570637590708470e-01,-7.558564228753775205e-02,-2.651040104830387212e-01,5.627837439192397984e-01,1.141866730688730236e+00,-2.052965352205584348e-01,-9.308102370482559951e-02,-1.073439543494366516e-01
-1.827575871185245591e-03,-1.457535748996578728e-02,7.892037131182844112e-01,-8.236986424787734462e-03,2.065641301891709899e-02,7.198537959400534980e-01,6.937693976578424015e-01,3.563400938308741023e-02,3.169773386685612038e-02,3.272991906874245238e-03,8.719169206205659717e-02,-2.093818039150599497e-01,4.431878338184300908e-02,-1.111578201472305724e-02,-5.697319197798439427e-02,-4.366847764330787640e-02,1.430439442624527879e-01,-2.006358688556595660e-01,5.291861661326474620e-02,-4.556389911260169852e-03,-1.225405656781281688e-02,-8.842928596127720003e-03,-1.105447015468994515e-01,2.476412667575687843e-01,-4.711678011453349080e-01,1.222807148306385150e+00,2.321449090694147066e-01,-1.042671330225579535e-01,1.156433607315181106e-01,-7.570595653063329211e-02,-2.647679279533035612e-01,5.635297351874295479e-01,1.142331873117839125e+00,-2.064132746195480317e-01,-9.266792594390671489e-02,-1.068349620691798341e-01
-1.713852182590012204e-03,-1.447495577195562211e-02,7.892122297475758774e-01,-8.129081096845017923e-03,2.054635059542114436e-02,7.200115300620887338e-01,6.936102378824730019e-01,3.600070355365873193e-02,3.181753738048411634e-02,2.750960089831611111e-03,8.724570700293235448e-02,-2.093471828084770281e-01,4.444339652039306504e-02,-1.075587135190313876e-02,-5.685231130564021018e-02,-4.395720393638235385e-02,1.434967449442181575e-01,-2.008141238901823278e-01,5.210825520598311167e-02,-4.771552045529481312e-03,-1.190756869773593185e-02,-8.776691825326931456e-03,-1.107046935238751306e-01,2.472315848701684970e-01,-4.706017769116542238e-01,1.224317299877788257e+00,2.319407883402726245e-01,-1.040000430836744705e-01,1.162502770585270018e-01,-7.529741748642918009e-02,-2.649351003740691990e-01,5.644004232605630555e-01,1.141701243388654863e+00,-2.070703766408520385e-01,-9.291854144268107962e-02,-1.062129931319653747e-01
-1.615995721251745239e-03,-1.438004390204095095e-02,7.891872853344924499e-01,-8.288800656966124544e-03,2.070765738446850648e-02,7.199380627828307899e-01,6.936798068747723756e-01,3.596071216067939225e-02,3.200997923141780249e-02,3.176519879105783872e-03,8.671700046641427073e-02,-2.094030891835813035e-01,4.422900348865399511e-02,-1.078363877964494399e-02,-5.664580095643953483e-02,-4.380617065858405379e-02,1.427498975592848551e-01,-2.009997523535596575e-01,5.261466765844260290e-02,-4.901026941515926154e-03,-1.187738524669698995e-02,-9.189143368952358559e-03,-1.104826765152574775e-01,2.474486746270089244e-01,-4.710119390969553232e-01,1.224740539150654950e+00,2.330447256830073532e-01,-1.040554209145352488e-01,1.156892643841704316e-01,-7.542853560962317627e-02,-2.645795213560266923e-01,5.645367874075257753e-01,1.142343393558231890e+00,-2.080789251425136654e-01,-9.277944906938374869e-02,-1.058244312755157179e-01
-1.531266670700007562e-03,-1.429521099611129505e-02,7.891758535287227705e-01,-8.265821515353034138e-03,2.071949513082339475e-02,7.200194249236027133e-01,6.935952756823570153e-01,3.628615211593282097e-02,3.207999478375133523e-02,3.183571662087290866e-03,8.623614298565591973e-02,-2.092290144197952173e-01,4.416932696362298877e-02,-1.060076262816182086e-02,-5.664245374707046338e-02,-4.424180503740652443e-02,1.427906879848967192e-01,-2.012243402048568552e-01,5.240267140931566259e-02,-4.913889135535788599e-03,-1.182030077345321006e-02,-9.651392120302963729e-03,-1.103256148962274696e-01,2.474485901077425887e-01,-4.704919826765304181e-01,1.225086153167346481e+00,2.331266402573847762e-01,-1.036302325144550091e-01,1.149894368930202693e-01,-7.502642685243827991e-02,-2.640998598353857529e-01,5.639797769902900049e-01,1.142518820416632552e+00,-2.074548330224845749e-01,-9.254316948066328152e-02,-1.056680248549711071e-01
-1.479381243438846437e-03,-1.422155716137188906e-02,7.891765489913757925e-01,-8.233031559356496915e-03,2.072756529296308076e-02,7.197773863955814200e-01,6.938465963467099762e-01,3.674902635310334925e-02,3.218522451251437655e-02,3.812498461251027926e-03,8.589240685928631325e-02,-2.092124757416319314e-01,4.440711001569910138e-02,-1.082055763336289486e-02,-5.651186738329559006e-02,-4.368561670973409444e-02,1.432649251730310491e-01,-2.013673513314230834e-01,5.212805545076631270e-02,-5.048109245834785097e-03,-1.194919334086539005e-02,-1.009134576265970432e-02,-1.101202551788333234e-01,2.473023208119806970e-01,-4.702622707023349502e-01,1.226525450227331948e+00,2.328833430011116312e-01,-1.037915185074984037e-01,1.149687029257308590e-01,-7.542240523124703333e-02,-2.630753941435201027e-01,5.634243703530563696e-01,1.144097696889828430e+00,-2.065818051457351257e-01,-9.250665520620141025e-02,-1.059679807411482155e-01
-1.447986872613816556e-03,-1.416378006604867082e-02,7.891247546889944564e-01,-8.297123868917344325e-03,2.075804549505262664e-02,7.197672965867732975e-01,6.938553884253526594e-01,3.686292310253905247e-02,3.230267787055481066e-02,3.978109100696611278e-03,8.561365267856640981e-02,-2.097571624648123800e-01,4.459132991003993129e-02,-1.105757726519995127e-02,-5.643894924778655731e-02,-4.388036633366061701e-02,1.437060290697788623e-01,-2.020934575105282072e-01,5.232768901877696277e-02,-4.810782868169343265e-03,-1.205418694723764741e-02,-1.015045393350630376e-02,-1.099527000453947717e-01,2.475420862309049008e-01,-4.701632585600989955e-01,1.226105255659506899e+00,2.330310654557563865e-01,-1.038582683193469691e-01,1.146412558165624401e-01,-7.534189074209604597e-02,-2.628891405391277636e-01,5.635435737197755923e-01,1.144308852718630032e+00,-2.064782618528678282e-01,-9.274673278046445535e-02,-1.052652115957221357e-01
-1.445693458177654735e-03,-1.411717770673831529e-02,7.891250828442403220e-01,-8.046175396577088038e-03,2.054126280507032401e-02,7.197625758008441288e-01,6.938696924209869499e-01,3.739602547151949646e-02,3.226024632925798136e-02,3.908001572300756621e-03,8.620729525021210427e-02,-2.099481916938116255e-01,4.495305998763890476e-02,-1.093286743839502403e-02,-5.652540893586711218e-02,-4.404672144399909839e-02,1.452164375039819433e-01,-2.027367504821369626e-01,5.182253508760310823e-02,-4.602493842793600569e-03,-1.204321029376660170e-02,-1.015852673546464163e-02,-1.097938159115787043e-01,2.476530730952857251e-01,-4.706614210422379596e-01,1.226345457639925529e+00,2.341590506828449825e-01,-1.033853806674932541e-01,1.161230269289791062e-01,-7.546579966800492922e-02,-2.626673972308259941e-01,5.640546983667200642e-01,1.145361731358705892e+00,-2.072872715670239507e-01,-9.256854291814646529e-02,-1.053366412240038241e-01
-1.475266292091214747e-03,-1.408378383653982255e-02,7.890733731269332640e-01,-8.111824808865221448e-03,2.057073626220149928e-02,7.198045554424663539e-01,6.938245059611073406e-01,3.718354763950316999e-02,3.230193571964787291e-02,4.197795475470895987e-03,8.642950379204834832e-02,-2.105822138365668339e-01,4.515833807963055141e-02,-1.113275619202389391e-02,-5.649091784557395968e-02,-4.379525663024132209e-02,1.454957325066549845e-01,-2.033020858618839743e-01,5.178810799265995413e-02,-4.442481267047022377e-03,-1.206459497618098467e-02,-1.018973655921866575e-02,-1.098570861633144102e-01,2.475328383530218945e-01,-4.703803997364854883e-01,1.226089827689195166e+00,2.336915702026001462e-01,-1.031550976893235855e-01,1.159217318641295735e-01,-7.559919390599141586e-02,-2.624823971643543974e-01,5.641316562801919066e-01,1.145856880792377686e+00,-2.066592193696397128e-01,-9.227792865778158826e-02,-1.055176596260334748e-01
-1.539807197611168989e-03,-1.405657819125074974e-02,7.890737190129722967e-01,-8.110072535640684005e-03,2.048067066095295846e-02,7.195821816574425878e-01,6.940578165353800122e-01,3.713219649349786683e-02,3.244381668238954797e-02,4.772543255704760068e-03,8.722777698974482075e-02,-2.110625274672396912e-01,4.556787847071883113e-02,-1.117774898421551241e-02,-5.635942624529576700e-02,-4.346030098133341069e-02,1.457384096024728626e-01,-2.032823865368885152e-01,5.225106917911388760e-02,-4.226604740778556676e-03,-1.222025253934110392e-02,-1.011859503780802513e-02,-1.097121951762292658e-01,2.473743034485257064e-01,-4.703937288729315158e-01,1.226273293476659143e+00,2.350717789065777108e-01,-1.031370320323266032e-01,1.166806103173744502e-01,-7.613692321111015238e-02,-2.622783185929282723e-01,5.643705173389224061e-01,1.146995673485143641e+00,-2.082387760702630042e-01,-9.240473006561258917e-02,-1.065514009483040231e-01
-1.620517242689118505e-03,-1.403092100216289662e-02,7.890486231029884001e-01,-8.297887432065501750e-03,2.045591956389503779e-02,7.198075300406924226e-01,6.938226143011465563e-01,3.698812162691453298e-02,3.261110008507914909e-02,4.366095837426947623e-03,8.680444108992164953e-02,-2.113095773412327905e-01,4.540684101071296164e-02,-1.129498424576811516e-02,-5.622743010147057685e-02,-4.398550059779889748e-02,1.458474727769112356e-01,-2.034801501480433816e-01,5.197779245272066140e-02,-4.318284912748000803e-03,-1.187901227241479514e-02,-1.016549070285874962e-02,-1.101303779379100012e-01,2.466385265653122938e-01,-4.700704229304120130e-01,1.226946243637231149e+00,2.349072311744444808e-01,-1.029158065248794995e-01,1.169028882050374279e-01,-7.606860406375390293e-02,-2.627059986694498805e-01,5.649860710956174925e-01,1.147167483614126349e+00,-2.090600181556323822e-01,-9.239861000980928440e-02,-1.065306045797045770e-01
-1.720621523167112799e-03,-1.401519717898634491e-02,7.890410811498431709e-01,-8.401560997745326220e-03,2.023422155099298750e-02,7.198581836984019322e-01,6.937753133496925573e-01,3.715930531452063534e-02,3.305586296232098514e-02,4.784144632371582773e-03,8.687024142451936493e-02,-2.119347933959495889e-01,4.579354903365826651e-02,-1.114440115309849391e-02,-5.580018924110560080e-02,-4.370924254595149466e-02,1.459739294696978940e-01,-2.031734094016577619e-01,5.222182520774933806e-02,-4.583216467619203108e-03,-1.179032363974387779e-02,-1.013026905423632801e-02,-1.102319171885874083e-01,2.465311285320061496e-01,-4.705973254370394154e-01,1.226974113661000843e+00,2.363037134411429818e-01,-1.029177839555108637e-01,1.173695380838413321e-01,-7.628990383649245088e-02,-2.628790183183647433e-01,5.651178578744457948e-01,1.147562130551986970e+00,-2.101017600406312469e-01,-9.248725817690245377e-02,-1.077912175850286314e-01
-1.830495541801618452e-03,-1.399772831334175453e-02,7.890235165984956778e-01,-8.522634791301679849e-03,2.024846859431970320e-02,7.195041190072454240e-01,6.941406103574448982e-01,3.732400859494133805e-02,3.308841603759976602e-02,4.726769199261161847e-03,8.651678103642647388e-02,-2.121515759383602595e-01,4.638839648733358856e-02,-1.143854273953851669e-02,-5.566422887071784120e-02,-4.327895597548619966e-02,1.458144605317593934e-01,-2.031392384265889306e-01,5.260112795335156188e-02,-4.960735927041682973e-03,-1.192434800302692548e-02,-9.893089341431012679e-03,-1.099041707515371336e-01,2.462791444081514625e-01,-4.698969336659678531e-01,1.227200865373967886e+00,2.347444841075883304e-01,-1.024814589488187710e-01,1.163930237350782604e-01,-7.698635374091755690e-02,-2.629783250734577527e-01,5.651950331039360398e-01,1.147594973756261849e+00,-2.092814467401031830e-01,-9.173451620346086133e-02,-1.071942333170244205e-01
-1.922360883040459458e-03,-1.398448326884551944e-02,7.889923276459921420e-01,-8.584659949941893936e-03,2.020975200160511631e-02,7.193816283926401933e-01,6.942679182194222420e-01,3.753475193580808195e-02,3.317664867166969511e-02,5.162581704733916477e-03,8.626431592008711180e-02,-2.125940017143588823e-01,4.641447513208168951e-02,-1.133976210565666026e-02,-5.559547982346975392e-02,-4.322270263654480471e-02,1.454949107353209203e-01,-2.033111043918621741e-01,5.297794353040416460e-02,-4.856489597328619151e-03,-1.228983413901601693e-02,-1.032160805241259111e-02,-1.098214629418149263e-01,2.461320408093091716e-01,-4.699374566415297494e-01,1.227564354185312290e+00,2.350569160341152153e-01,-1.021002958389786580e-01,1.179371193396703404e-01,-7.708483914086224076e-02,-2.627178201190896178e-01,5.650415232706113011e-01,1.148382902198393785e+00,-2.082326839165684063e-01,-9.143462478089356416e-02,-1.080505224868534148e-01
-1.992985273491973495e-03,-1.397440572227400847e-02,7.889726273178183646e-01,-8.633145764259461327e-03,2.022477918828268634e-02,7.191782066549018415e-01,6.944775980358451895e-01,3.794716223162343527e-02,3.316840442765949665e-02,5.591572791864271585e-03,8.553136000652922233e-02,-2.127177392790421395e-01,4.693532808362445297e-02,-1.151592830929632980e-02,-5.553135539758030648e-02,-4.267025564478480609e-02,1.454448389860166779e-01,-2.033481788172799842e-01,5.295045434797088224e-02,-4.917952096165648969e-03,-1.261605437029417881e-02,-1.049223553537309214e-02,-1.097655666728017260e-01,2.460724207057838064e-01,-4.701794774657145348e-01,1.228381110044343583e+00,2.354401657423300931e-01,-1.019697407540064715e-01,1.184998406950565353e-01,-7.765090516452871627e-02,-2.620283315497097254e-01,5.645014362446046929e-01,1.149945329716360654e+00,-2.076424983919187561e-01,-9.129382910998337652e-02,-1.082135508961012960e-01
-2.036995280810960200e-03,-1.398427960430678220e-02,7.889616224378807052e-01,-8.631052268104039138e-03,2.016441804499260679e-02,7.188546156541787413e-01,6.948143224879106405e-01,3.805133898965621514e-02,3.334321150860760502e-02,6.498009007777277857e-03,8.591317603537573788e-02,-2.131491735377085139e-01,4.698066856832198990e-02,-1.181090216931274944e-02,-5.535314350668855965e-02,-4.189538351824324824e-02,1.458060923156135891e-01,-2.032689146136640312e-01,5.332721234107601349e-02,-5.132477385925734818e-03,-1.290759594516014720e-02,-1.064788457481183337e-02,-1.094851138126691353e-01,2.459751103038322617e-01,-4.698981082187700942e-01,1.229092157262935636e+00,2.350536330235086790e-01,-1.022332379390186868e-01,1.191168928216596590e-01,-7.810107171493108069e-02,-2.617641657436131086e-01,5.644727390447112914e-01,1.150089483793695244e+00,-2.077341866348104971e-01,-9.159024975807095181e-02,-1.084885863491055480e-01
-2.041060031471902698e-03,-1.400679650211837483e-02,7.889680845350618421e-01,-8.592877424121622004e-03,2.011218412979147094e-02,7.186985491648283375e-01,6.949777391654162750e-01,3.816567022981244561e-02,3.335128044504383910e-02,6.318767606811964699e-03,8.609060803902113257e-02,-2.132162159136162249e-01,4.724623105562632264e-02,-1.192147157591925272e-02,-5.523717490310063594e-02,-4.141940757249992777e-02,1.461034220454039689e-01,-2.033582465313505949e-01,5.325706615018489798e-02,-5.177043673948712038e-03,-1.307705385342118609e-02,-1.048403341131939892e-02,-1.095786217653292316e-01,2.460149738424018684e-01,-4.700977501012996163e-01,1.229563926475186530e+00,2.350210585767440463e-01,-1.017782877309940659e-01,1.202227713753569044e-01,-7.845082524083726860e-02,-2.616877694583161773e-01,5.647098025566607005e-01,1.150180914156460954e+00,-2.071312398657354226e-01,-9.136978382852842251e-02,-1.087016292098565429e-01
-2.017201328706969346e-03,-1.404158877136926949e-02,7.889932870701451550e-01,-8.459126557499497059e-03,2.008928938303025657e-02,7.184682846814943735e-01,6.952180863130645871e-01,3.835705327126195247e-02,3.324856270685873361e-02,6.446155702139688692e-03,8.634960052181323009e-02,-2.129603046377437636e-01,4.714394848490041645e-02,-1.151081906456036599e-02,-5.532890959791955665e-02,-4.144519812779760143e-02,1.453969380613898410e-01,-2.029811496469101084e-01,5.307751290192214838e-02,-5.204290722176913193e-03,-1.288994076083615700e-02,-1.022446123594092371e-02,-1.094246086081756275e-01,2.458514082269451229e-01,-4.703852670836360383e-01,1.229905177730064691e+00,2.344813337925423513e-01,-1.027021574215348232e-01,1.200032050472513295e-01,-7.891551922421155552e-02,-2.617090396996515356e-01,5.652373541724027284e-01,1.150094916266616529e+00,-2.065413137549307609e-01,-9.209745426202942120e-02,-1.088121863778814674e-01
-1.970782271018886936e-03,-1.408678331167841427e-02,7.890027701283580663e-01,-8.318627922994516199e-03,2.000550295661925743e-02,7.183555220077852965e-01,6.953387119108593861e-01,3.843960161645677831e-02,3.329185474248420873e-02,6.900147824140404063e-03,8.690748488117573667e-02,-2.130105181478930965e-01,4.750615372309435758e-02,-1.151152802045879442e-02,-5.535675743087779821e-02,-4.158705711157918705e-02,1.458843265427844649e-01,-2.030997472930908265e-01,5.267553152377856679e-02,-5.340315632904467542e-03,-1.273905812063973186e-02,-1.037015137656047484e-02,-1.093650606041002005e-01,2.459213080319694322e-01,-4.713438452563807335e-01,1.230379470341408377e+00,2.355008568219545406e-01,-1.028942624812265866e-01,1.208940029461949561e-01,-7.921467210257732150e-02,-2.619044427375379902e-01,5.662440020355768988e-01,1.149907330494946089e+00,-2.072184518168623812e-01,-9.241519558850318228e-02,-1.089248463521067800e-01
-1.909955627782223414e-03,-1.412989335773338906e-02,7.890202197768417802e-01,-8.193022792130577603e-03,1.999850896884698692e-02,7.183682177899977095e-01,6.953272881785759196e-01,3.836164183863516319e-02,3.316427256693856712e-02,6.698214289454947068e-03,8.732928520218273538e-02,-2.127260018472246494e-01,4.752034562351922092e-02,-1.121476223338272946e-02,-5.546268159537945386e-02,-4.167394633835729001e-02,1.455889280881796366e-01,-2.029952770813730767e-01,5.221791451599969852e-02,-5.371236778227090995e-03,-1.247388336568517990e-02,-1.028348979810726413e-02,-1.095233611999270606e-01,2.457961495358489956e-01,-4.721789024924160638e-01,1.230939275736675942e+00,2.365531090880042819e-01,-1.031032674620806083e-01,1.216143932642373832e-01,-7.966469230116879352e-02,-2.615397798823430597e-01,5.663911588190235769e-01,1.151006400323734136e+00,-2.076458521924925138e-01,-9.235475331397552390e-02,-1.095212649466151683e-01
-1.851659989311929761e-03,-1.418140631080527965e-02,7.890043752393445242e-01,-8.038345089078748409e-03,1.988582912296063196e-02,7.182451114402225167e-01,6.954594874617379130e-01,3.867812807275863157e-02,3.328082218594647507e-02,7.320593589677279467e-03,8.761279867492643980e-02,-2.130438023630747413e-01,4.713558070973210973e-02,-1.076776544581264233e-02,-5.537774057407528899e-02,-4.146354811507921984e-02,1.452535315567330398e-01,-2.030422531781526652e-01,5.206501429402107112e-02,-5.240866617336927512e-03,-1.232299157944841995e-02,-1.010170768028118699e-02,-1.097373246172300698e-01,2.458039778205630410e-01,-4.726815001359824242e-01,1.231574246028254382e+00,2.371862393503004207e-01,-1.033754545471729236e-01,1.222506871912137499e-01,-8.023885647695509771e-02,-2.612265886414587568e-01,5.669580328188998930e-01,1.151642455234026974e+00,-2.080021881926911453e-01,-9.258474171087700821e-02,-1.103257893561425951e-01
-1.799636179762483619e-03,-1.422937883274948481e-02,7.889841308113141327e-01,-8.096208964216245613e-03,1.980563571700803480e-02,7.181143887832974748e-01,6.955960845322833874e-01,3.865268853726713805e-02,3.359134727443256058e-02,7.264039439574231094e-03,8.777423508791981632e-02,-2.135358375712782530e-01,4.763252565684614193e-02,-1.080711218107886090e-02,-5.498330016670176928e-02,-4.111788585762363862e-02,1.451463610007202587e-01,-2.031166697004792854e-01,5.262610090173468202e-02,-5.251719345185799394e-03,-1.249624853155398979e-02,-9.883475307829066997e-03,-1.096661907946532566e-01,2.463279245824749608e-01,-4.736095542403991887e-01,1.231180752201616269e+00,2.384062740716278717e-01,-1.027892811156635444e-01,1.227449266896400021e-01,-8.066604196796076098e-02,-2.612005291888608860e-01,5.674256902804564184e-01,1.151717755806650478e+00,-2.087254834050876195e-01,-9.203784649199470147e-02,-1.102478741638971277e-01
-1.753933672809017104e-03,-1.427338233917450905e-02,7.890207805612329262e-01,-8.038051104928618795e-03,1.976383725846783332e-02,7.179003618164435663e-01,6.958188348809440926e-01,3.867502778687260945e-02,3.367372477491117205e-02,7.633341449204231188e-03,8.821285375129525597e-02,-2.135097787915505863e-01,4.839385259140369100e-02,-1.094775231076609151e-02,-5.481669823310786338e-02,-4.048637532913026971e-02,1.453189767930206933e-01,-2.026894411950388442e-01,5.263167563792726239e-02,-5.169666411354884028e-03,-1.273459220254952867e-02,-9.725502598922977637e-03,-1.097745696235325336e-01,2.466681314834898442e-01,-4.749983284052864407e-01,1.231634897059064038e+00,2.388128573794183473e-01,-1.027421849105547014e-01,1.231432672377287818e-01,-8.147852714553538434e-02,-2.608378404336709755e-01,5.685676837578680365e-01,1.152662413563432908e+00,-2.089906988032067536e-01,-9.153432085437117338e-02,-1.107462429489120825e-01
-1.711844993160838851e-03,-1.431752250408243471e-02,7.890220254878871353e-01,-7.981666523164248142e-03,1.973027657707908042e-02,7.177950355647255698e-01,6.959290884165851843e-01,3.839522105051835360e-02,3.377037493365208504e-02,7.958625949611261574e-03,8.904273996783795830e-02,-2.137030439096130330e-01,4.811757040018199705e-02,-1.099373835218304257e-02,-5.476097787906111097e-02,-4.045750423439507804e-02,1.454632967446898295e-01,-2.028049683664345237e-01,5.230648724640164088e-02,-5.138333610406337591e-03,-1.267020935163266221e-02,-9.302586194487438148e-03,-1.102432241249423350e-01,2.464633496790229195e-01,-4.758774916362543683e-01,1.232653269570640031e+00,2.392370985360935953e-01,-1.026043484010020768e-01,1.244608835591518303e-01,-8.183292834471864174e-02,-2.610118073297553187e-01,5.695509144492737486e-01,1.152327486192066042e+00,-2.097026809244793011e-01,-9.177485973333918134e-02,-1.107641982147071213e-01
-1.666550800703442718e-03,-1.435073826350298509e-02,7.890272044269076579e-01,-7.880841162776245148e-03,1.964091416670079443e-02,7.178227155167546947e-01,6.959042146167928600e-01,3.840818533156718784e-02,3.383611743038883457e-02,7.957189030410177777e-03,8.948528700055385920e-02,-2.137169165220860756e-01,4.790468556438455539e-02,-1.074107236298578114e-02,-5.468237707163964290e-02,-4.031724039316529618e-02,1.454667074935239446e-01,-2.027487394856655190e-01,5.166718203320157937e-02,-4.951993523716134715e-03,-1.242690144803411736e-02,-9.681862144345926985e-03,-1.104137321748815265e-01,2.461153531801251737e-01,-4.761263652259565826e-01,1.233616067817024042e+00,2.400583972822497580e-01,-1.026480921622162090e-01,1.251559934633908466e-01,-8.205474352964586826e-02,-2.606709182728011442e-01,5.700152053944107511e-01,1.153504976598193732e+00,-2.103144111454952891e-01,-9.169834179184783995e-02,-1.110698588036102413e-01
-1.625647819895549703e-03,-1.438033888976408305e-02,7.890606039510874581e-01,-7.922216337016532023e-03,1.965069886545590255e-02,7.176332032998219423e-01,6.960988967410052242e-01,3.839927362298679869e-02,3.405393535332527921e-02,8.720902789860464355e-03,8.951066984650998815e-02,-2.135712786391980034e-01,4.768170665558630478e-02,-1.079112143964332596e-02,-5.446457541864650753e-02,-3.997365630195881536e-02,1.450839760542263490e-01,-2.022971077471792389e-01,5.169931608228065661e-02,-4.949491322083643917e-03,-1.249302326139375974e-02,-9.439997291560978804e-03,-1.103831825412887047e-01,2.462001293221910969e-01,-4.767573171429225765e-01,1.234112790663944637e+00,2.413711737373540611e-01,-1.032198219770251169e-01,1.259981373552102324e-01,-8.236903249701824081e-02,-2.606781592301763983e-01,5.708599559434643922e-01,1.153256248036817588e+00,-2.112253311354552465e-01,-9.210006298739827069e-02,-1.113570961967920020e-01
-1.574761056923280151e-03,-1.439838157234910564e-02,7.890964867389715920e-01,-7.911967456368716040e-03,1.971462648345418886e-02,7.177214949815969858e-01,6.960061708885690868e-01,3.783403170199789445e-02,3.390869474861511051e-02,8.053982406530137139e-03,9.027189821611640574e-02,-2.133102943236141746e-01,4.809063571111896890e-02,-1.084864526581938438e-02,-5.450991516730024217e-02,-3.988937605287497939e-02,1.450363806553020829e-01,-2.020827578275842251e-01,5.144464779164950596e-02,-4.684392466899244857e-03,-1.263659920659596786e-02,-9.268220809462195814e-03,-1.104427365706872055e-01,2.463852834860176255e-01,-4.769256109728504112e-01,1.233769646191658298e+00,2.426821105281329882e-01,-1.032830698346046960e-01,1.263810682440240918e-01,-8.206332257357629167e-02,-2.605426034694139914e-01,5.701910844952001733e-01,1.153099895764607252e+00,-2.107451050393910619e-01,-9.234125121070332898e-02,-1.115522048037848185e-01
-1.532124968536517423e-03,-1.441848741930432977e-02,7.890987266563008751e-01,-7.981729245302490033e-03,1.982222601832565531e-02,7.174861908094375407e-01,6.962448831781067327e-01,3.788893960837217550e-02,3.394826968628870956e-02,8.167886988923560299e-03,8.972617570018734390e-02,-2.130433185066908652e-01,4.798422605271643326e-02,-1.110519304229570445e-02,-5.444942989090947871e-02,-3.978957353523356749e-02,1.446817383216225661e-01,-2.020141348657958358e-01,5.184935871166827109e-02,-4.524896669548193404e-03,-1.244525386681493741e-02,-9.187151545179739198e-03,-1.104501119339666715e-01,2.463808787104311004e-01,-4.769609415756330684e-01,1.234221840053876473e+00,2.423497254273545010e-01,-1.036183726338502087e-01,1.262538224311161028e-01,-8.251387253550229728e-02,-2.605880176599571496e-01,5.706141245833856734e-01,1.153076398566019289e+00,-2.113187017988750194e-01,-9.239468671159123403e-02,-1.122975138685685936e-01
-1.480298314309478301e-03,-1.442970902695126997e-02,7.890898350738116962e-01,-7.864742336946521986e-03,1.984639787739220923e-02,7.175134252528914125e-01,6.962174594917366344e-01,3.758036257764237054e-02,3.375787998034477516e-02,7.811711857323669350e-03,9.054723352593446739e-02,-2.129865617159347191e-01,4.802414762715917496e-02,-1.105757835789400109e-02,-5.462747377711912877e-02,-3.983502469605662566e-02,1.448975354390078518e-01,-2.023687640204167582e-01,5.187858654070914149e-02,-4.371512355054370594e-03,-1.262703499522336431e-02,-8.764000841775355238e-03,-1.106508665522361323e-01,2.466396125557479835e-01,-4.774979477158417529e-01,1.234020068786554791e+00,2.423964244501609910e-01,-1.033889446905199988e-01,1.269990625310621346e-01,-8.259331086689986057e-02,-2.604952901485292904e-01,5.706199924869352902e-01,1.153117849224016611e+00,-2.112413616002049022e-01,-9.242286719074056800e-02,-1.118768826086321694e-01
-1.424106564710402641e-03,-1.443902377167981602e-02,7.891046890518839119e-01,-7.750397496505403647e-03,1.976780019581391226e-02,7.178222001100620364e-01,6.959026185057888281e-01,3.735788339996926749e-02,3.359288170784545391e-02,6.429740826934225717e-03,9.119758970839812739e-02,-2.130467695692782604e-01,4.841076790090919485e-02,-1.098528491579370617e-02,-5.467419925052947188e-02,-3.996056919004948443e-02,1.457114371268125042e-01,-2.026232983674483012e-01,5.108021598596092228e-02,-4.183638809109786923e-03,-1.219191956690013692e-02,-8.575929464688460818e-03,-1.106116685801913080e-01,2.467375606006111388e-01,-4.774703257594453132e-01,1.233382933203869936e+00,2.431478592910124858e-01,-1.028435778897830721e-01,1.282446263285710319e-01,-8.211358268332394350e-02,-2.607783358252135364e-01,5.704939119722823859e-01,1.152851635138469222e+00,-2.114948171849168057e-01,-9.207532858211715798e-02,-1.124896596518498715e-01
-1.370999899179103270e-03,-1.445803360813244752e-02,7.890917464508389045e-01,-7.909107262346486839e-03,1.990895208037694181e-02,7.178319913992143864e-01,6.958867090074442041e-01,3.678838039533302573e-02,3.374114182930779138e-02,7.030620260546689704e-03,9.142062834239107760e-02,-2.133148597341599784e-01,4.881733090178108636e-02,-1.104980762045601125e-02,-5.461727635960113986e-02,-4.046932692014990757e-02,1.449006412508094255e-01,-2.026818222039531436e-01,5.173358301297083239e-02,-3.918444936346284456e-03,-1.246794842941736058e-02,-7.777341023117837621e-03,-1.109335438838709442e-01,2.468125164763029233e-01,-4.772375982237065939e-01,1.232757205912740517e+00,2.422877707234327993e-01,-1.033145982933514617e-01,1.295370581115899977e-01,-8.251817684607082315e-02,-2.610585583307263313e-01,5.717197667091743485e-01,1.152458748214258311e+00,-2.129024612267683969e-01,-9.235956277988427443e-02,-1.126037564168306387e-01
-1.312941316210699313e-03,-1.448522217004593118e-02,7.890800792271435160e-01,-7.960622453920977726e-03,2.003850253331058984e-02,7.178041484552333262e-01,6.959111231808449149e-01,3.633999555395978770e-02,3.372600364004839368e-02,7.269381886952294702e-03,9.174442713695069029e-02,-2.133720419131592827e-01,4.841624816183894703e-02,-1.108161461100528808e-02,-5.474640845898029462e-02,-4.112258872666861576e-02,1.443238820962522151e-01,-2.026564213138742354e-01,5.260211235262837737e-02,-3.409231593057950819e-03,-1.253772247101236220e-02,-7.558539565891048834e-03,-1.111909089692232344e-01,2.471683181910315774e-01,-4.775241802830255122e-01,1.232251070770885581e+00,2.429240037461951884e-01,-1.038830158890291927e-01,1.302847861427496312e-01,-8.247236188367262910e-02,-2.612575639276101258e-01,5.721135117646687362e-01,1.151819293008379042e+00,-2.136027676898583916e-01,-9.283791734601855306e-02,-1.135659570149885333e-01
-1.256958188235189665e-03,-1.451315886950844958e-02,7.891163830900240761e-01,-7.710876452113039903e-03,1.991137921681971831e-02,7.177925487024754414e-01,6.959295484380787489e-01,3.643216089102650768e-02,3.351975704568289222e-02,6.360737870895756541e-03,9.256426998070044210e-02,-2.130642427853013388e-01,4.887418948611364777e-02,-1.116390937484193838e-02,-5.481710159417393924e-02,-4.076218396213606571e-02,1.455659113735462695e-01,-2.028305104313187779e-01,5.075961356713096922e-02,-3.898328844684933493e-03,-1.183538206962654604e-02,-7.076015390570324082e-03,-1.107330719688757459e-01,2.470101872572967872e-01,-4.772989178576902414e-01,1.232071174332089347e+00,2.417709576101728375e-01,-1.035463778462818729e-01,1.319722575647614971e-01,-8.257190677287076785e-02,-2.618526024518801898e-01,5.726407724383200115e-01,1.150630013248028272e+00,-2.132643833285410850e-01,-9.286006344624320175e-02,-1.142499263946157306e-01
-1.195785305739022414e-03,-1.454163475367553984e-02,7.891210647977865422e-01,-7.730760032188590918e-03,1.998351041578809786e-02,7.176516019505811972e-01,6.960726060394494263e-01,3.610722353117350181e-02,3.360169736353325887e-02,6.985549525707734908e-03,9.300352280520916837e-02,-2.131596562184343568e-01,4.932527982810904627e-02,-1.159078669890101568e-02,-5.473880123091248717e-02,-4.028670005002944754e-02,1.458363530445768164e-01,-2.028180987541580715e-01,5.112663454453979239e-02,-3.499384944290279131e-03,-1.234862739283625055e-02,-7.061262994083050692e-03,-1.109700212488600041e-01,2.473440696104447778e-01,-4.775943946428172215e-01,1.232133813856988391e+00,2.415066396546727001e-01,-1.037840267084048917e-01,1.315393517389698841e-01,-8.306785071548916655e-02,-2.612809233371792828e-01,5.730250720278959875e-01,1.151557671627675861e+00,-2.134709719908558789e-01,-9.271768330254627488e-02,-1.145784543886711471e-01
-1.126037925699175822e-03,-1.454532862098872198e-02,7.891435568746043572e-01,-7.595068253588137426e-03,1.997094427275201978e-02,7.176644806438080559e-01,6.960611823290610012e-01,3.597724195080155563e-02,3.346395065944631625e-02,6.626704996263652059e-03,9.367758037663737047e-02,-2.129841579058086298e-01,4.938866278563912304e-02,-1.172418953372377989e-02,-5.481048752514332267e-02,-4.003930253402002148e-02,1.466166615313868604e-01,-2.030695955528728502e-01,5.053226205215013284e-02,-3.184061567046044851e-03,-1.234506362212033082e-02,-7.001381722361602056e-03,-1.109297945747614728e-01,2.474035487358334784e-01,-4.771720904860530243e-01,1.232288802460147936e+00,2.423260609720796488e-01,-1.040098224679049527e-01,1.320634220920434421e-01,-8.283019638767263881e-02,-2.610876936223369138e-01,5.728712207881324625e-01,1.151422285836781079e+00,-2.140497018215693770e-01,-9.304316067441965876e-02,-1.141684711351716314e-01
-1.049730620113979935e-03,-1.452459232400701503e-02,7.891665365665904153e-01,-7.518100474987418971e-03,1.990875528123716223e-02,7.178426139044140619e-01,6.958800911732403449e-01,3.599461964746570458e-02,3.351176723875880920e-02,6.387652217022060652e-03,9.393243105906048940e-02,-2.128490580186883085e-01,4.956779825849770560e-02,-1.172405281807607086e-02,-5.478417289198828088e-02,-4.024681662671106275e-02,1.473434044426645551e-01,-2.031675737903005097e-01,5.013819380098681611e-02,-2.893691766999830720e-03,-1.252859089876707036e-02,-6.952216147361790083e-03,-1.109815136928373747e-01,2.476562117006437247e-01,-4.769326142186543493e-01,1.232143561972288470e+00,2.426935487989190232e-01,-1.042507457313759239e-01,1.324848779627310347e-01,-8.249042020664265618e-02,-2.606845695530435325e-01,5.726321898214481454e-01,1.151807232042907581e+00,-2.141083200024430366e-01,-9.333465480962366279e-02,-1.137409737816927752e-01
-9.780447499940728845e-04,-1.447238710593936814e-02,7.891483845902339533e-01,-7.675864992171661794e-03,2.000512537388634410e-02,7.177518919849005252e-01,6.959691786332871111e-01,3.572341382549309302e-02,3.372118484917641101e-02,6.374862115462419376e-03,9.394538560730726628e-02,-2.132831996370699867e-01,4.986116696662899750e-02,-1.231193047888772332e-02,-5.447069913039245814e-02,-3.959524528344779415e-02,1.477276284175796373e-01,-2.033371233707044201e-01,5.024213253078889385e-02,-2.847204065718292234e-03,-1.260643209452637532e-02,-6.950280312193603954e-03,-1.110978513665164535e-01,2.476461489858917675e-01,-4.765792680916943747e-01,1.233002791930082997e+00,2.426888392827435681e-01,-1.040864960004639073e-01,1.336310230471564053e-01,-8.243824050964530803e-02,-2.604577384247818150e-01,5.726437632397711752e-01,1.151591346585095321e+00,-2.133219235963043914e-01,-9.374310542129192514e-02,-1.147344874974954021e-01
-8.946860558815571997e-04,-1.439121872287681819e-02,7.891546138711241776e-01,-7.777944053881250333e-03,2.011037974127806091e-02,7.178626865954587100e-01,6.958507306936639880e-01,3.536838842223231916e-02,3.377852514755531887e-02,5.865738992658721396e-03,9.406755647800696396e-02,-2.131325309388677203e-01,4.966867222977941476e-02,-1.255034991448281470e-02,-5.442469032833729958e-02,-4.005063844837943032e-02,1.479740595218869692e-01,-2.035400300875466750e-01,5.015891062054469302e-02,-2.886468884452610215e-03,-1.247186280316527930e-02,-6.358126898143749012e-03,-1.112625410204287624e-01,2.478790997649981120e-01,-4.767201202575177543e-01,1.232975824126735898e+00,2.428075605355749511e-01,-1.041755042991724944e-01,1.334078715672225857e-01,-8.246366010445660422e-02,-2.605447363229274060e-01,5.730193863473144189e-01,1.151285370092524962e+00,-2.141540731728670266e-01,-9.366740314879117013e-02,-1.144869975799445161e-01
-8.035806105436980916e-04,-1.429130415180093067e-02,7.891644043273263742e-01,-7.817006263817000838e-03,2.010699732235372156e-02,7.179521437075409018e-01,6.957580918807168002e-01,3.533203775604096264e-02,3.395312770990694534e-02,5.653952403092431245e-03,9.423028730747530501e-02,-2.131777983382150965e-01,4.991342220217753062e-02,-1.278263115433695557e-02,-5.420528503665203446e-02,-3.986399745148640206e-02,1.487191305197393121e-01,-2.037456434649433379e-01,4.991860152921628185e-02,-3.088792763783966989e-03,-1.247355463661805643e-02,-6.129871840331677785e-03,-1.112791043616955661e-01,2.480674112485181382e-01,-4.768274858115815196e-01,1.233227448955005023e+00,2.428236576302104655e-01,-1.040409798486131993e-01,1.345152399236903273e-01,-8.244591684601697279e-02,-2.604964190547731095e-01,5.737153287039036265e-01,1.151111914460792862e+00,-2.141544258073118101e-01,-9.384114200889526192e-02,-1.148130790036420990e-01
-7.072467831841524298e-04,-1.418092822661524803e-02,7.891470502085640160e-01,-7.939071358747558371e-03,2.030564257274786524e-02,7.178048925488439425e-01,6.959028583492169462e-01,3.512150462018292368e-02,3.396497176612500724e-02,5.598529472974005106e-03,9.412055612748619626e-02,-2.132816457607254468e-01,5.013128393298865726e-02,-1.325657019184179122e-02,-5.411732046509559746e-02,-3.956517889312177738e-02,1.488488956385989048e-01,-2.041452861859860968e-01,5.015841617756851278e-02,-3.093197705822763738e-03,-1.250876924867445547e-02,-5.942972363990991352e-03,-1.112604213992871155e-01,2.484330678361663103e-01,-4.772839694382854936e-01,1.233581697609680283e+00,2.429861160566583467e-01,-1.043293195311507243e-01,1.343170091477576544e-01,-8.264689650300111046e-02,-2.604572345263268529e-01,5.743325599448263485e-01,1.150752760054495116e+00,-2.148106630706463904e-01,-9.396818970740224153e-02,-1.145450417357960493e-01
-5.990345748884630308e-04,-1.406747911031754061e-02,7.891615597998329346e-01,-7.913023149566251677e-03,2.036913672532278743e-02,7.178635971731220922e-01,6.958407419714399689e-01,3.490113397452429544e-02,3.389960824782018572e-02,4.908517060144904076e-03,9.464828936543281945e-02,-2.131177340769259132e-01,5.035116383324474143e-02,-1.363864974049125781e-02,-5.418254964673451662e-02,-3.992500083949273443e-02,1.499567135672416063e-01,-2.045312742431860120e-01,4.989761677612652990e-02,-3.051871174741084287e-03,-1.240201263641519183e-02,-5.527361942031315534e-03,-1.112953590409549581e-01,2.487741016326682209e-01,-4.779832233124004515e-01,1.233611193133758999e+00,2.435168861133888418e-01,-1.043167301149628273e-01,1.346747397640979671e-01,-8.262168655646401350e-02,-2.605626209824661310e-01,5.749097114364329908e-01,1.150432530671677611e+00,-2.158857005224746051e-01,-9.388652447034032122e-02,-1.140437072429582865e-01
-4.886480662407863490e-04,-1.395928752939581963e-02,7.891648507359602105e-01,-7.924287283079317276e-03,2.048062577057897099e-02,7.179273513035623333e-01,6.957715630071058532e-01,3.460976529876679669e-02,3.382671467864448167e-02,4.314237445979897390e-03,9.504157997746087716e-02,-2.131463865559409532e-01,5.052089998271216964e-02,-1.396621000341837643e-02,-5.417233049809613149e-02,-3.973892038874412419e-02,1.505938711742964287e-01,-2.048898274242927919e-01,4.907705674733599949e-02,-3.076508254131472310e-03,-1.225684567898728192e-02,-5.346134142916767612e-03,-1.111726225168550020e-01,2.488592237561725873e-01,-4.775561627364123818e-01,1.233728268118396754e+00,2.420960743948085692e-01,-1.044522435642541852e-01,1.345484106197732121e-01,-8.252008203548999443e-02,-2.604472657002168123e-01,5.750764119113647155e-01,1.150202113259176429e+00,-2.151607282695495726e-01,-9.392202290475563931e-02,-1.138864878960799965e-01
-3.868044443043000893e-04,-1.386115286803642210e-02,7.891608573041026808e-01,-7.899113832819562586e-03,2.053312357512295308e-02,7.177224023607964298e-01,6.959817152672552742e-01,3.460463142029298472e-02,3.388690186789879849e-02,4.438594491889262528e-03,9.548626132589665971e-02,-2.132876957757472713e-01,5.085302279993622609e-02,-1.445336374429477891e-02,-5.404169014147497396e-02,-3.907179449239134295e-02,1.515376438538479087e-01,-2.051852114081705869e-01,4.937144698849318253e-02,-2.961163570843356255e-03,-1.249964846695765866e-02,-5.284334166403815980e-03,-1.112386832455145719e-01,2.490829222163183643e-01,-4.775721530457961439e-01,1.234588120342295481e+00,2.420114349962939893e-01,-1.047800654053931829e-01,1.348608211268056689e-01,-8.260933038163643938e-02,-2.601984303443197755e-01,5.755125525079320958e-01,1.149893433644700869e+00,-2.155785776691922784e-01,-9.416766387060868104e-02,-1.143431115815200377e-01
-2.985331094542742264e-04,-1.376973010945302042e-02,7.891708900143588057e-01,-7.879527581193038893e-03,2.071503824424233975e-02,7.174508042517733220e-01,6.962565214876765829e-01,3.437016391506518553e-02,3.372262492376813109e-02,4.587910359106391056e-03,9.600614615988631306e-02,-2.131677827526406166e-01,5.086019533584761748e-02,-1.507470797817008282e-02,-5.416186145676366026e-02,-3.876098408855815913e-02,1.523074145594614792e-01,-2.055927311184559958e-01,4.913466373387252728e-02,-2.483061951233623502e-03,-1.240743780134551111e-02,-5.181129663104914324e-03,-1.108118028517150883e-01,2.495024447395931544e-01,-4.776116544094595184e-01,1.234326724659350338e+00,2.426493835076515837e-01,-1.048485550288134616e-01,1.350142034935045698e-01,-8.268215194928045519e-02,-2.601605763887903655e-01,5.758640664861370828e-01,1.149536433176828742e+00,-2.167445019673937823e-01,-9.410568508922734221e-02,-1.148496418627820287e-01
-2.304872556616388904e-04,-1.368657497692159566e-02,7.892002401449180748e-01,-7.816178495319988165e-03,2.078965893816583574e-02,7.173542738882521252e-01,6.963544666110942361e-01,3.413932931313284902e-02,3.360870840970969775e-02,4.713367915139342335e-03,9.684089106299743899e-02,-2.131780069712087000e-01,5.109342003076040861e-02,-1.534919980789521340e-02,-5.421027640353370813e-02,-3.828561512589735705e-02,1.529651525327132278e-01,-2.057185294592878133e-01,4.883881074279385059e-02,-2.438419288885316106e-03,-1.242896226120762324e-02,-5.400732276311756563e-03,-1.103482363674599120e-01,2.497291426379693868e-01,-4.781362086741261508e-01,1.234333574948310863e+00,2.434127971805248036e-01,-1.055257641600619856e-01,1.355902457939188732e-01,-8.260712743793660606e-02,-2.601083530159526980e-01,5.767315708103126770e-01,1.149370154274873324e+00,-2.170683590113555994e-01,-9.462986563077864510e-02,-1.149714762682887415e-01
-1.887073519434046302e-04,-1.361216324831597893e-02,7.892390726332533246e-01,-7.789970476167996753e-03,2.078922714667851349e-02,7.174248745937538141e-01,6.962820360376675843e-01,3.377427656979468951e-02,3.361055265264925596e-02,4.543417420371245741e-03,9.777656139220888831e-02,-2.129865910397144013e-01,5.127572166141639021e-02,-1.553332187318609559e-02,-5.424780994358743835e-02,-3.848534572420379829e-02,1.536888104081187700e-01,-2.055216216259777295e-01,4.863832981852195952e-02,-2.608651280864231637e-03,-1.230298284523230132e-02,-5.144401886816279967e-03,-1.101385827360510661e-01,2.497991803841319303e-01,-4.781384138597910005e-01,1.234296493460589561e+00,2.433102781854157015e-01,-1.055681208114927910e-01,1.360016929054781443e-01,-8.237293701224047970e-02,-2.602566079315397629e-01,5.765128270019922452e-01,1.148975265726651873e+00,-2.172083138383291978e-01,-9.435221928612955167e-02,-1.160998186644443264e-01
-1.802305758584542110e-04,-1.354469436693590129e-02,7.892351097643984792e-01,-7.862393957395456823e-03,2.094115131732907781e-02,7.171223875958182559e-01,6.965882084500393256e-01,3.351562638524016591e-02,3.358376218309999661e-02,5.290871621033525762e-03,9.823751042589325133e-02,-2.133842022622139400e-01,5.152535121735034307e-02,-1.627155981826963749e-02,-5.423522329408238252e-02,-3.783509114228547632e-02,1.543674020343553666e-01,-2.058380456364130306e-01,4.889189518518695377e-02,-2.463290228715275375e-03,-1.240348779843109678e-02,-5.000745467060373900e-03,-1.096215295114216504e-01,2.503326150980394460e-01,-4.788573975073561195e-01,1.233806089061391109e+00,2.444324908525722928e-01,-1.056638705702608455e-01,1.368370174225252422e-01,-8.250960652931964290e-02,-2.603451170121750535e-01,5.770929807496977260e-01,1.148386810830209770e+00,-2.174428094797382360e-01,-9.419583355647968836e-02,-1.167675964285245643e-01
-1.919894420527092917e-04,-1.348023327034271468e-02,7.892698302709950653e-01,-7.779818825646701158e-03,2.086327206163174006e-02,7.170868001008682269e-01,6.966281069688606831e-01,3.363648988139442131e-02,3.358578461722434849e-02,5.391659625797462496e-03,9.866865507065121499e-02,-2.131887567428622232e-01,5.185152079069586806e-02,-1.647972004397073656e-02,-5.419306258786758118e-02,-3.725738009939033590e-02,1.553698137564518966e-01,-2.056691118381614447e-01,4.834910419007291960e-02,-3.024100972693787547e-03,-1.229391587552147551e-02,-4.848236961649633747e-03,-1.090015458720710040e-01,2.503876312574158103e-01,-4.781582358876494965e-01,1.233751517653818075e+00,2.434078584882261032e-01,-1.058167054479226821e-01,1.374278219656074329e-01,-8.248994279360082060e-02,-2.602754203604333294e-01,5.765973115273501648e-01,1.148057471678024077e+00,-2.167753127539102931e-01,-9.422110124710417201e-02,-1.170423614495896686e-01
-2.176803316301775186e-04,-1.340649299818478211e-02,7.892663913000989018e-01,-7.870822430227079197e-03,2.102409459191662694e-02,7.169074476567657284e-01,6.968068233700944747e-01,3.329226580842020722e-02,3.344033216495762711e-02,5.450710373950160004e-03,9.902166777719524637e-02,-2.133025499083977816e-01,5.184785202308904439e-02,-1.686512407469669544e-02,-5.425312245224640784e-02,-3.684141199151529794e-02,1.553762589842834219e-01,-2.058619824531602027e-01,4.819230885904304817e-02,-3.232618377101869299e-03,-1.218424157237208219e-02,-4.821344911341975820e-03,-1.084109271178337192e-01,2.502751484158730610e-01,-4.775320967712869402e-01,1.233571020336315494e+00,2.429102949000395972e-01,-1.057211415289360107e-01,1.372394733574850700e-01,-8.235212615032749817e-02,-2.604619496414018465e-01,5.760881191242169796e-01,1.147321242758925885e+00,-2.155235902605268372e-01,-9.446361490107926806e-02,-1.174458273382995022e-01
-2.441990917712107590e-04,-1.333359724641278166e-02,7.892493428257888466e-01,-7.927753450149227846e-03,2.104267213910241546e-02,7.167692235002263157e-01,6.969478007120479823e-01,3.354416531299066195e-02,3.349963640806132015e-02,5.643657707090708742e-03,9.859531072157044773e-02,-2.133680731082189808e-01,5.231521642586720033e-02,-1.695936064886740050e-02,-5.413978495913048666e-02,-3.635529474974805164e-02,1.553340722520525630e-01,-2.059614135458023854e-01,4.840036762785884100e-02,-3.486741095212692564e-03,-1.253865761690446320e-02,-4.773736977559502742e-03,-1.078528795159288400e-01,2.507947413157634031e-01,-4.778762165002675699e-01,1.232817034039666471e+00,2.425736583405511404e-01,-1.051882166394180335e-01,1.380162953302390971e-01,-8.263103329359133831e-02,-2.606004383489399223e-01,5.766892984851125226e-01,1.147193567794867253e+00,-2.162482145346436568e-01,-9.376550123534858894e-02,-1.172660461160828088e-01
-2.578335806515658470e-04,-1.324968638000185647e-02,7.892711231642545178e-01,-7.822816542213756330e-03,2.102962359389632524e-02,7.163812545338064108e-01,6.973481602653109901e-01,3.380320080375029401e-02,3.345423686305998290e-02,6.498153568212768072e-03,9.920075698274123666e-02,-2.133916058018042183e-01,5.284111459712777237e-02,-1.681616129217738259e-02,-5.416459861219492800e-02,-3.577836177076174073e-02,1.552798360286667956e-01,-2.058832861185644347e-01,4.922743746970811851e-02,-3.506102863135044431e-03,-1.296185915547309712e-02,-4.624200751116296082e-03,-1.071526825707997677e-01,2.512778849491094091e-01,-4.780336642884659426e-01,1.232407191782506128e+00,2.436887156322130321e-01,-1.053339704399603449e-01,1.391710564148170015e-01,-8.301813290463717909e-02,-2.603046539359398226e-01,5.765168027189603306e-01,1.147232105788704493e+00,-2.166343649195656418e-01,-9.364933510496516178e-02,-1.181942115170895591e-01
-2.488945105573781599e-04,-1.315124911017979958e-02,7.892782415413825969e-01,-7.906481888953714385e-03,2.124400512671935012e-02,7.161009177640028645e-01,6.976285941443816085e-01,3.374609067254222272e-02,3.330957543368732315e-02,6.922373767342213102e-03,9.898368477298652435e-02,-2.132142828055767492e-01,5.285619197081577181e-02,-1.727310399871357510e-02,-5.424278377059386924e-02,-3.529573696844823943e-02,1.552399198073385056e-01,-2.060625314239304950e-01,4.896293720417158740e-02,-3.493908152973811999e-03,-1.273144480038651723e-02,-4.194348871541894730e-03,-1.065663272114877741e-01,2.513938206509890860e-01,-4.779240701934191482e-01,1.232077267321115110e+00,2.435897270129209202e-01,-1.051656403147376295e-01,1.393919729926068052e-01,-8.325636695015131705e-02,-2.605992698421021325e-01,5.769700753719830821e-01,1.146568608895801145e+00,-2.171647266013184141e-01,-9.348692051445023354e-02,-1.181044187019767017e-01
-2.207672000409774578e-04,-1.304904292032180689e-02,7.892857664793756500e-01,-7.837805354302854188e-03,2.129191245006415226e-02,7.155389083048977472e-01,6.982043354013793834e-01,3.424805121286681603e-02,3.328378317671167042e-02,7.534731295481274238e-03,9.895364222085856198e-02,-2.132034778082591286e-01,5.315269952425590722e-02,-1.769620350937349540e-02,-5.415375782704734409e-02,-3.429702961881310463e-02,1.558752672804631645e-01,-2.062948082760645008e-01,4.898872382589852109e-02,-3.435576568403473675e-03,-1.289207557010753000e-02,-4.172859812179602335e-03,-1.055136669384704740e-01,2.517891411177399230e-01,-4.773174074516052801e-01,1.231885437548425166e+00,2.437235234133062478e-01,-1.055394826915851264e-01,1.395903588553938646e-01,-8.345202390930034353e-02,-2.604994767456041971e-01,5.768749311529420831e-01,1.145937317099835484e+00,-2.174974012636888554e-01,-9.353118476100887035e-02,-1.184928307049969570e-01
-1.622891316637129497e-04,-1.293738916115244088e-02,7.893059758929921177e-01,-7.768506998178692155e-03,2.141576228332093407e-02,7.153247488934644238e-01,6.984207321130617707e-01,3.440561624656474082e-02,3.303697040173349947e-02,7.277156097201378793e-03,9.894683398876394365e-02,-2.126716852960349735e-01,5.316740676038787111e-02,-1.763125265251152402e-02,-5.425073858938971039e-02,-3.376455528393123434e-02,1.556313680780119502e-01,-2.063670748273030431e-01,4.804523225064818992e-02,-3.563754414562018968e-03,-1.234730251384960967e-02,-4.369290329051110644e-03,-1.046427573368885061e-01,2.517125628798050907e-01,-4.769755553348425936e-01,1.231761747975516075e+00,2.435125489988452796e-01,-1.055711542255947794e-01,1.398976196706873398e-01,-8.343468397541090043e-02,-2.605188207613586271e-01,5.764500649837092094e-01,1.145755355012956667e+00,-2.173272983027502159e-01,-9.353304974336844324e-02,-1.199194522189291900e-01
-9.467324597366463367e-05,-1.283699068427772948e-02,7.893515501624775998e-01,-7.679494524280666007e-03,2.146562893354581752e-02,7.148985086855590421e-01,6.988564762649784878e-01,3.468626229782758447e-02,3.304074142194041858e-02,8.015623665233735651e-03,9.925843108884974120e-02,-2.122602405923477986e-01,5.306940898152864156e-02,-1.783683086449881425e-02,-5.416954312517033299e-02,-3.283243817970231404e-02,1.559708203133327031e-01,-2.061300717228030932e-01,4.805037736147083072e-02,-3.877348719421263960e-03,-1.217031800181171339e-02,-4.291819664273745921e-03,-1.038073546815152237e-01,2.517274282176570344e-01,-4.761792502764510826e-01,1.232307592366226112e+00,2.439830314402273992e-01,-1.061861349810687694e-01,1.392993816392787410e-01,-8.383717037220014823e-02,-2.601248795765023769e-01,5.760902775544760601e-01,1.145695989469065701e+00,-2.174633468222670341e-01,-9.374941355578803037e-02,-1.200579621223744065e-01
-1.839449167142560588e-05,-1.275379929336491192e-02,7.893542464155643978e-01,-7.728236775482497101e-03,2.163203474601864754e-02,7.145770469473989861e-01,6.991795001321361447e-01,3.450797184562998110e-02,3.303355135241351631e-02,8.397606877754239252e-03,9.955234639469942581e-02,-2.122761492795189331e-01,5.295744543326207088e-02,-1.834819538607491626e-02,-5.411942236333307232e-02,-3.228671023407501950e-02,1.562416717825578227e-01,-2.063463422166740835e-01,4.831994433117509091e-02,-4.086400783272920931e-03,-1.205187614192531481e-02,-3.918536467065331097e-03,-1.032217237928926834e-01,2.521450694928333847e-01,-4.760688750295800631e-01,1.232034203899624147e+00,2.443789299486967548e-01,-1.063408510676492058e-01,1.398406916150077839e-01,-8.414886972558310863e-02,-2.603070874887778996e-01,5.765147435759944150e-01,1.144610102410598351e+00,-2.175615806298733801e-01,-9.364144510432867441e-02,-1.204312443046691161e-01
5.949219939400986743e-05,-1.269351865931532888e-02,7.893628524043149186e-01,-7.743548947203007272e-03,2.175016096735330959e-02,7.142819711600054688e-01,6.994771144386164874e-01,3.446648571371253855e-02,3.306819669779322707e-02,8.942359983391691414e-03,9.973212398623293451e-02,-2.121924176813616558e-01,5.291083057508507576e-02,-1.855614575700662017e-02,-5.404508938736778123e-02,-3.183506263511753920e-02,1.561000644529732528e-01,-2.064069114738904254e-01,4.836796785060988590e-02,-4.298686658647460704e-03,-1.198060701661400260e-02,-3.830967053172460585e-03,-1.025415209334430700e-01,2.524854263168657131e-01,-4.762016549841169288e-01,1.231724282950758420e+00,2.443254499923107337e-01,-1.066273242626683826e-01,1.401564659117527922e-01,-8.432968610336059878e-02,-2.603708351383299813e-01,5.767070754600099880e-01,1.143655696994483106e+00,-2.174290537492375441e-01,-9.385608852830505666e-02,-1.206991860053335808e-01
1.412510232597438014e-04,-1.266121463474594727e-02,7.893761852022808112e-01,-7.827306198090230871e-03,2.186321303117501683e-02,7.140694962378307808e-01,6.996895652618277950e-01,3.412556841351881143e-02,3.320484770210813813e-02,9.391497150536096128e-03,1.001704258948631909e-01,-2.123160602667228947e-01,5.307873217817185574e-02,-1.898565538376487116e-02,-5.384714904320886397e-02,-3.134405065690094860e-02,1.562077128358799749e-01,-2.064083545217846871e-01,4.821497465789569697e-02,-4.405163456092441726e-03,-1.189064715712762413e-02,-3.556835154639483021e-03,-1.022057093974684805e-01,2.527829619083370449e-01,-4.759863042699894464e-01,1.231851079600031262e+00,2.443305042128595117e-01,-1.066588330619882424e-01,1.407582638857087509e-01,-8.452201292969557800e-02,-2.606263271090319411e-01,5.776703458230028065e-01,1.142613796470451026e+00,-2.174702919454140349e-01,-9.415038497282007812e-02,-1.204036053894122910e-01
2.284206849309810303e-04,-1.266125019876030919e-02,7.894019924187398729e-01,-7.718822656286398673e-03,2.184231935578942463e-02,7.139687098886391414e-01,6.997942655966202796e-01,3.434790083187436865e-02,3.323803718475887986e-02,9.716021192992911615e-03,1.002051400863246400e-01,-2.119332536664801092e-01,5.329076542158476398e-02,-1.905921151030096766e-02,-5.382466798211432701e-02,-3.118855189374454898e-02,1.566244854349017890e-01,-2.063151849072368260e-01,4.782373839287032413e-02,-4.904277173072631169e-03,-1.165498463729995431e-02,-3.674764030394701148e-03,-1.017306916599309830e-01,2.528296115722091231e-01,-4.758348235753204758e-01,1.232118731877335449e+00,2.443389519889117290e-01,-1.065946259075974539e-01,1.413189305592744138e-01,-8.464721855042700582e-02,-2.605381095256767976e-01,5.775160342168667027e-01,1.142211776065708451e+00,-2.171152537263471294e-01,-9.401862144961642409e-02,-1.210268203004249421e-01
3.272937297236382711e-04,-1.269008236284372218e-02,7.894176411857766196e-01,-7.575845976266852404e-03,2.183331626986550339e-02,7.136995284298575104e-01,7.000706364199282827e-01,3.435382972038384525e-02,3.322271834709022986e-02,9.996726054296758979e-03,1.008848986072512222e-01,-2.118266702164416926e-01,5.367860135667560512e-02,-1.916778032174796739e-02,-5.379051406427920456e-02,-3.071606046683631602e-02,1.569520522389482309e-01,-2.063914615723083656e-01,4.803197433790239168e-02,-5.081143501975008206e-03,-1.196805073211682988e-02,-3.493160840672235312e-03,-1.012604122622104835e-01,2.534615992634028925e-01,-4.758969476204473747e-01,1.231714908046921186e+00,2.446363239940741452e-01,-1.063502822984807028e-01,1.419292971027250883e-01,-8.514275098104315265e-02,-2.603506838387509847e-01,5.780230745907909418e-01,1.141840163343288417e+00,-2.173085626735364040e-01,-9.386991555317500402e-02,-1.211954756085174972e-01
4.420006497124686230e-04,-1.272856395440648963e-02,7.894732929487006112e-01,-7.412203720314986498e-03,2.173610562047736602e-02,7.136988723581297878e-01,7.000760819676660196e-01,3.414366140728708476e-02,3.328151393197564811e-02,9.859201591604881132e-03,1.019488168685220159e-01,-2.114788995234945512e-01,5.414825119474380583e-02,-1.922288694675507170e-02,-5.367496968255988654e-02,-3.031485791932341314e-02,1.576649382360465479e-01,-2.060172957357567780e-01,4.731559467168872102e-02,-5.780854856469506628e-03,-1.166861907480689839e-02,-3.002000639717648106e-03,-1.012503100693686320e-01,2.536510651891377144e-01,-4.770843757797770812e-01,1.232297961137826414e+00,2.449518239580004142e-01,-1.063857667292673059e-01,1.424539340221848693e-01,-8.509734920228465005e-02,-2.608528372285572883e-01,5.789869979963504498e-01,1.139945471278781541e+00,-2.164587531437031365e-01,-9.437894971032777247e-02,-1.208067386939003646e-01
5.717476693313093983e-04,-1.276972589474645661e-02,7.894921596997379609e-01,-7.224621673412123454e-03,2.172545328858135547e-02,7.137114772891415271e-01,7.000655231525354516e-01,3.424513809810406095e-02,3.313785331281281915e-02,9.470511772552404894e-03,1.022076956228151617e-01,-2.110798021842529848e-01,5.393720716526793912e-02,-1.890643109716409406e-02,-5.373855606026541748e-02,-3.015726523569614917e-02,1.575881258200220181e-01,-2.062244731907779127e-01,4.696694361691788888e-02,-5.827505639699893068e-03,-1.143002541185266299e-02,-3.017064127803059659e-03,-1.009338708190285205e-01,2.539834096246976758e-01,-4.770653031875036754e-01,1.231883922733802317e+00,2.461205748221852174e-01,-1.061708334746999938e-01,1.441452989387618788e-01,-8.496509210531433265e-02,-2.609851694603311234e-01,5.789926161931707727e-01,1.139113326799454873e+00,-2.166647491736380104e-01,-9.437458300710276082e-02,-1.214110407078072412e-01
6.942419232490685144e-04,-1.280442365588291623e-02,7.895092342956945286e-01,-7.106180895715338841e-03,2.186046864128786404e-02,7.133016549724275901e-01,7.004801004435862177e-01,3.448700048791629447e-02,3.294316229305722238e-02,9.529923731616471438e-03,1.019282214808041598e-01,-2.104528333529120387e-01,5.383812323751634155e-02,-1.914864113076424068e-02,-5.384658243431393598e-02,-2.983589448201602601e-02,1.575292329522479662e-01,-2.064139295632969329e-01,4.677029104174604962e-02,-5.794099475452268305e-03,-1.168384619478217597e-02,-2.876776397681204966e-03,-1.004225832235695337e-01,2.545560992373916975e-01,-4.770008362087539977e-01,1.231644122827835641e+00,2.465278698040102023e-01,-1.061218676810486705e-01,1.449367536801265399e-01,-8.524640619742056280e-02,-2.609129447754424125e-01,5.792880528801223061e-01,1.137982176359268127e+00,-2.172149549829112403e-01,-9.456815661245873694e-02,-1.219753772305761930e-01
8.124437618813045055e-04,-1.282203828561526669e-02,7.895232082524757944e-01,-6.976105133774657824e-03,2.187869220016073687e-02,7.132323459265880183e-01,7.005514096116209899e-01,3.448045500988806966e-02,3.285726828088694068e-02,9.295075252191489779e-03,1.022887886434657723e-01,-2.102219388978101844e-01,5.369737288092681082e-02,-1.930647302780524530e-02,-5.382929375623192458e-02,-2.931852309903691320e-02,1.580569882702084761e-01,-2.065821376432999956e-01,4.630611783548384264e-02,-5.830621489483164312e-03,-1.162029098242399125e-02,-2.822941261066476415e-03,-1.001219314888320555e-01,2.549043093604526633e-01,-4.768865146127266863e-01,1.231343126525554110e+00,2.462440778550957776e-01,-1.061538989357000695e-01,1.454019108952611661e-01,-8.522556471293150915e-02,-2.607496121174019410e-01,5.792454695179964919e-01,1.137383985650745721e+00,-2.167197194276449523e-01,-9.453079322696793241e-02,-1.223823535523667905e-01
9.079884506492078185e-04,-1.282135200734535983e-02,7.895375005722052864e-01,-6.881879322345815439e-03,2.195628810255913221e-02,7.130347247437835989e-01,7.007510559815854911e-01,3.435618209659888067e-02,3.270777955171038504e-02,9.092859985976128878e-03,1.027725880092857924e-01,-2.099479115543163577e-01,5.379096791005000266e-02,-1.937202952156190719e-02,-5.389860989993713880e-02,-2.913319104039609544e-02,1.580703759726884150e-01,-2.067364205549142020e-01,4.603746518926388892e-02,-5.590573606395964415e-03,-1.174895081243667802e-02,-2.862328703774327798e-03,-9.995608832761804230e-02,2.551207937119551739e-01,-4.768154073826776917e-01,1.231419330443165094e+00,2.469501052867986990e-01,-1.066042783355434370e-01,1.456597593643697008e-01,-8.528399587066633203e-02,-2.604812719967298240e-01,5.792019998249012813e-01,1.137124700208685057e+00,-2.167334930488765132e-01,-9.495865991316597421e-02,-1.220981146015407554e-01
9.793821541702902450e-04,-1.280434599497166925e-02,7.895422749845714128e-01,-6.833221991480625465e-03,2.196730842718960797e-02,7.130613060491480804e-01,7.007241384833003961e-01,3.413080917217703458e-02,3.265214532399279140e-02,8.574953126930358327e-03,1.033265232693754421e-01,-2.100002554353845863e-01,5.413305232907242304e-02,-1.947264550730455970e-02,-5.383794858188149790e-02,-2.878912867074728127e-02,1.584811066935978008e-01,-2.069810886151773888e-01,4.560363657510306534e-02,-5.353023752964456566e-03,-1.196877838347085339e-02,-2.948768530508589364e-03,-9.993074161691406498e-02,2.554691365290761573e-01,-4.769667492777149853e-01,1.231415405371162120e+00,2.473026450798346820e-01,-1.065005042240571020e-01,1.461564283417291776e-01,-8.518320896777967222e-02,-2.601300134479970216e-01,5.793139731445610119e-01,1.137440760313724875e+00,-2.163877133272461006e-01,-9.499588175091541742e-02,-1.219466570325398874e-01
1.026863832192452790e-03,-1.278036892984188433e-02,7.895352810080856765e-01,-6.830720010545240223e-03,2.196141863612074280e-02,7.131871121180665130e-01,7.005963034903333053e-01,3.362092626163117048e-02,3.279730732806306753e-02,9.346171073623087133e-03,1.044712461665363579e-01,-2.105957555131742209e-01,5.465740838598403400e-02,-1.962851264995022979e-02,-5.380231601368468120e-02,-2.877577399403846714e-02,1.590046791639314616e-01,-2.071103828433843164e-01,4.610092351842952352e-02,-5.103566616201391480e-03,-1.262355778768202604e-02,-3.134445447669505225e-03,-1.000825958735767351e-01,2.560255519152492831e-01,-4.771582299117581583e-01,1.231140925611701187e+00,2.479496590784135424e-01,-1.066029342939722180e-01,1.464063266003159391e-01,-8.505291908457551786e-02,-2.594278612047831722e-01,5.789631444685455763e-01,1.138276997384140676e+00,-2.155383637810036335e-01,-9.509756805859422013e-02,-1.218879782629055109e-01
1.041855583100774430e-03,-1.274738190339485405e-02,7.895130455877232833e-01,-6.847745907702935085e-03,2.209586701772738720e-02,7.129298670724247833e-01,7.008536834980700903e-01,3.361666630944239870e-02,3.262172288605720560e-02,9.312030133423548905e-03,1.043970985968913912e-01,-2.108448000097348785e-01,5.502401278168996684e-02,-2.025530000857694857e-02,-5.387302299357749069e-02,-2.832076920806760045e-02,1.596747153208284697e-01,-2.076844190879166274e-01,4.612365998703953085e-02,-4.781473463162841039e-03,-1.299989153062021917e-02,-3.433930813614601008e-03,-9.986556078941785652e-02,2.563463246566655696e-01,-4.768259913205113998e-01,1.231412295081024455e+00,2.479304386503807522e-01,-1.064603560997850473e-01,1.456846946818300959e-01,-8.524226288712410948e-02,-2.589020011229733464e-01,5.787431319748277403e-01,1.138856506780837829e+00,-2.151383438184664709e-01,-9.489730492886247482e-02,-1.212140858674045085e-01
1.043520684517370125e-03,-1.271086532374180594e-02,7.895303927843798641e-01,-6.775341900955363962e-03,2.200905533607621506e-02,7.129420075078579666e-01,7.008447689438823680e-01,3.345285996578680615e-02,3.264101738517582313e-02,9.175511746721563833e-03,1.053413315245827070e-01,-2.110385897635178587e-01,5.531371695864789606e-02,-2.020058404244735525e-02,-5.387079800845997329e-02,-2.847419632577024434e-02,1.602127621870163554e-01,-2.077200613269808704e-01,4.566027088731334366e-02,-4.997808168368022934e-03,-1.274356202438191657e-02,-3.138699370014260553e-03,-9.981941209609734855e-02,2.561872454521675335e-01,-4.772342966235824657e-01,1.231630636733162865e+00,2.476895704920665242e-01,-1.067980091465142861e-01,1.460853991549476982e-01,-8.532674625944383640e-02,-2.591461339510140460e-01,5.790607033648118573e-01,1.138606841327028496e+00,-2.148946820534365920e-01,-9.543957602445857225e-02,-1.219054674301320307e-01
1.038171253307567689e-03,-1.267285154014225618e-02,7.895540352904406589e-01,-6.775964134835725690e-03,2.203668426192038204e-02,7.128465313624496869e-01,7.009410057781664261e-01,3.327007365302890596e-02,3.262851575583187308e-02,9.417875690556777590e-03,1.058457998597075178e-01,-2.109596481573420557e-01,5.517707358082718505e-02,-2.020642891569255500e-02,-5.388592065020902933e-02,-2.838740669043139653e-02,1.601725827808440916e-01,-2.076592702282201719e-01,4.572581328377306464e-02,-4.728313351411160201e-03,-1.301684744217754611e-02,-3.466359940424792313e-03,-9.990137533118326196e-02,2.561938649820788561e-01,-4.781472425400877801e-01,1.232290968200291159e+00,2.489712844179698403e-01,-1.072636645570264752e-01,1.467909365790039389e-01,-8.551444537193395035e-02,-2.587633766304013871e-01,5.794591552390356837e-01,1.139686299541688097e+00,-2.155605621477375000e-01,-9.544761417444666551e-02,-1.226790712942100459e-01
1.030655756351029663e-03,-1.263655875884376299e-02,7.895645135100664014e-01,-6.822473917866148443e-03,2.201291879090292586e-02,7.128483469962063612e-01,7.009394549037178956e-01,3.330336499792674321e-02,3.270450956157577166e-02,9.163868698374669219e-03,1.057857692067437766e-01,-2.108918936477146844e-01,5.522258386575237127e-02,-2.011151490547815474e-02,-5.371378479662265726e-02,-2.801069912933329756e-02,1.599757344308048723e-01,-2.074759764961037201e-01,4.564132580709025222e-02,-5.041924369253623917e-03,-1.300636134135919886e-02,-3.744312324539263159e-03,-9.961791025645969078e-02,2.561202788583998857e-01,-4.784837650341246529e-01,1.232559889931563957e+00,2.494898408064563644e-01,-1.073478259912019755e-01,1.461929082140099034e-01,-8.552922044796004708e-02,-2.588911354038418433e-01,5.803253117224889124e-01,1.139581215761142907e+00,-2.155158965317915953e-01,-9.569598836131293362e-02,-1.213565417512927763e-01
1.017960003453636511e-03,-1.261478911020670265e-02,7.895583050860410790e-01,-6.848974277150783954e-03,2.199652444774837304e-02,7.126473190684157188e-01,7.011440958092496345e-01,3.337290622851385447e-02,3.279828441503353231e-02,9.363737912599520707e-03,1.058956238490071922e-01,-2.111320753794620197e-01,5.552041646314169465e-02,-2.015439178326913078e-02,-5.361889044418124278e-02,-2.799737498332737634e-02,1.599352973524146571e-01,-2.075462666512782051e-01,4.606523742037810232e-02,-4.893104119758059055e-03,-1.324845116373463486e-02,-3.691850754563567871e-03,-9.953808882659305468e-02,2.563005363283714089e-01,-4.781660834597668552e-01,1.232676840303020604e+00,2.500558320901168363e-01,-1.078217806812663271e-01,1.475821609499183285e-01,-8.555608499704367431e-02,-2.590535886508759655e-01,5.806295725685705067e-01,1.138995259166121432e+00,-2.150813983429315235e-01,-9.633641341989158946e-02,-1.226497658143834435e-01
1.006891939648284304e-03,-1.259539559852555606e-02,7.895483132998832865e-01,-6.934039285644635897e-03,2.198227522228584849e-02,7.127423815000837326e-01,7.010470713788239383e-01,3.352317824475715968e-02,3.294052677422756870e-02,9.391681815608038386e-03,1.052692465871470917e-01,-2.111037210109589224e-01,5.570018573943562312e-02,-1.984132726081358142e-02,-5.347628139587896900e-02,-2.805972671121756412e-02,1.591942285130584778e-01,-2.073389991620044337e-01,4.575836237946732249e-02,-5.286637068980189029e-03,-1.306344070672760607e-02,-3.609330786649798256e-03,-9.910591300558105332e-02,2.564830786883557923e-01,-4.781308918546022246e-01,1.231800203140736683e+00,2.497953409104380351e-01,-1.078839496794747610e-01,1.475935457630591086e-01,-8.525540147876928265e-02,-2.595447456899049876e-01,5.810072945144013623e-01,1.137720639298414937e+00,-2.145797916986108833e-01,-9.627082276655833659e-02,-1.222292773885647471e-01
9.912249354916431027e-04,-1.259017684692625809e-02,7.895465751236405705e-01,-6.986542300309169992e-03,2.196793701220349504e-02,7.127970174722936259e-01,7.009914477743051098e-01,3.385431524811909759e-02,3.305065771068321084e-02,9.596549085529593182e-03,1.044176107382217972e-01,-2.109130973433822054e-01,5.525730277927319578e-02,-1.985933248590215569e-02,-5.335621171647304817e-02,-2.781682767086465433e-02,1.591534051722065524e-01,-2.072723919258344927e-01,4.549202824644323073e-02,-5.647110977881821849e-03,-1.300554802992591984e-02,-3.978583054708981215e-03,-9.892878558453258031e-02,2.562584256867941335e-01,-4.778975415558052164e-01,1.232031902029943060e+00,2.482935788243675335e-01,-1.075845151164947500e-01,1.478181448682138743e-01,-8.530808053308706895e-02,-2.593107357194358586e-01,5.811594691776610366e-01,1.138111820251289652e+00,-2.134092370723195686e-01,-9.588870671250404598e-02,-1.232226185327483375e-01
9.745118588766850040e-04,-1.260158077583396589e-02,7.895624510421768161e-01,-6.926859373972121120e-03,2.201562026247621054e-02,7.126783366854603230e-01,7.011112033785487085e-01,3.365596930047642932e-02,3.284603561357515855e-02,9.596337423139901512e-03,1.049634513504231759e-01,-2.108360542279845151e-01,5.540032517956228891e-02,-2.008139931468369208e-02,-5.353723341035127037e-02,-2.773784856741296975e-02,1.595041571708276373e-01,-2.073058110120158115e-01,4.542763060777441075e-02,-5.507645875710667424e-03,-1.319536378699270526e-02,-3.956964871271513584e-03,-9.897001595193087586e-02,2.563968197694542206e-01,-4.783546242167811546e-01,1.232220218394366018e+00,2.488084188144486786e-01,-1.079372386125285327e-01,1.483168861612951528e-01,-8.541787454685027814e-02,-2.592244448470360507e-01,5.814570986227797222e-01,1.138086624673305458e+00,-2.129370885209685149e-01,-9.626119571108042450e-02,-1.233400867982606952e-01
9.567824644642968727e-04,-1.263828801546290626e-02,7.895709432289756968e-01,-6.992951432784407992e-03,2.198863560493561145e-02,7.126307595699330477e-01,7.011597528732459450e-01,3.338053994174226824e-02,3.305871075156487093e-02,1.038691864153858807e-02,1.054728117563407536e-01,-2.112687140119955398e-01,5.565539284073620085e-02,-2.049756675507815804e-02,-5.333703991189515936e-02,-2.727461028436561213e-02,1.600472762704678031e-01,-2.072399705101030387e-01,4.577878254204478803e-02,-5.391070288798668550e-03,-1.348828565401620147e-02,-4.090092672152267905e-03,-9.909136463695034092e-02,2.565881335050760326e-01,-4.789600890573338376e-01,1.232350803801783634e+00,2.494722755733151387e-01,-1.084636263535231904e-01,1.489088037675434517e-01,-8.552345647129312722e-02,-2.592206904520565347e-01,5.820872472207889725e-01,1.138041631682740640e+00,-2.131562938883698188e-01,-9.690942398377620781e-02,-1.236094933714049771e-01
9.437041437454717595e-04,-1.269809278806489916e-02,7.895603243697170148e-01,-6.981694624096584402e-03,2.189213825504999350e-02,7.127435176942699124e-01,7.010482638218245022e-01,3.334595135879277888e-02,3.314337518815891476e-02,1.017915012563125332e-02,1.055725717617324588e-01,-2.114430804254606999e-01,5.595353351444717904e-02,-2.052786155188704095e-02,-5.327164279085356419e-02,-2.748145587444217330e-02,1.604013942344228172e-01,-2.072653597851773222e-01,4.575672701743745824e-02,-5.575324187083284186e-03,-1.361896308119180284e-02,-4.126646581505057088e-03,-9.932990140571001936e-02,2.565249388878739767e-01,-4.788247042078276894e-01,1.232566863560196291e+00,2.496397652436780634e-01,-1.082525404082689963e-01,1.492149271102806152e-01,-8.560945868760352906e-02,-2.592187202198806273e-01,5.821996843809177369e-01,1.138038011991540088e+00,-2.131479775495292162e-01,-9.688970486555219253e-02,-1.235710941543667896e-01
9.345158409241910869e-04,-1.278577773562556905e-02,7.895860970339808604e-01,-6.815046246534332830e-03,2.172570255277730955e-02,7.127733321702675040e-01,7.010247684213009034e-01,3.347033203385541694e-02,3.312761419616645081e-02,1.013373988007334331e-02,1.060787266173782023e-01,-2.113139122675211645e-01,5.606901634155693481e-02,-2.059729395576875843e-02,-5.327863716363842594e-02,-2.737397746199963025e-02,1.614027475495302122e-01,-2.073511268382311756e-01,4.510984600768996183e-02,-5.804034006019593260e-03,-1.348545517443814484e-02,-4.059914318056918880e-03,-9.941595878410838805e-02,2.565242248735675745e-01,-4.790556248654211924e-01,1.232670787953618508e+00,2.500475562585453559e-01,-1.084132509713668924e-01,1.499101582696039103e-01,-8.607354877614425970e-02,-2.591429066798930925e-01,5.825154171612084708e-01,1.138509662977183368e+00,-2.133054714313787070e-01,-9.696342771445957964e-02,-1.236549932451907891e-01
9.274515941803411403e-04,-1.289119694875903201e-02,7.895839930061315792e-01,-6.787957815064539144e-03,2.170725814806169149e-02,7.127659221448396920e-01,7.010331367356396060e-01,3.353708810725426759e-02,3.307277651126534768e-02,9.948311080865253342e-03,1.057387469581214240e-01,-2.111697621821612691e-01,5.608879195883138824e-02,-2.082690006148615880e-02,-5.329400438255194744e-02,-2.731415469079647926e-02,1.616938910407494101e-01,-2.073704925854258363e-01,4.477431063696791363e-02,-5.655867374059969817e-03,-1.349518215311811854e-02,-4.224414480042543163e-03,-9.984729477802659070e-02,2.563759696375109698e-01,-4.792915179007049553e-01,1.233314667786442165e+00,2.500519152521935573e-01,-1.086236482154428057e-01,1.495138673895606285e-01,-8.652200774539681172e-02,-2.588361219701788563e-01,5.826038873597702006e-01,1.139402585218581621e+00,-2.132485487258171108e-01,-9.693140875131396605e-02,-1.235697897806530554e-01
9.177998429948340531e-04,-1.301731874379147801e-02,7.895802880453757222e-01,-6.763230351411576337e-03,2.171574030355654522e-02,7.126485258222376995e-01,7.011524541650502318e-01,3.353629093797972499e-02,3.299901152574532398e-02,9.921471114770819000e-03,1.055416523322383754e-01,-2.111690385034602491e-01,5.612148231680275795e-02,-2.138295436843246772e-02,-5.333005854110620114e-02,-2.711668141722724940e-02,1.623913483083586073e-01,-2.075072568973045928e-01,4.484077567505688477e-02,-5.583877451001055189e-03,-1.328563068953161896e-02,-4.021718733992627609e-03,-1.002904658567121410e-01,2.562556297988041187e-01,-4.795802997461358630e-01,1.233843260809329934e+00,2.505231332460219895e-01,-1.087603695393401654e-01,1.497389554445303916e-01,-8.706806735684331777e-02,-2.587603822655329400e-01,5.825594078364003670e-01,1.139622823478144253e+00,-2.125918545900225554e-01,-9.721708161949729754e-02,-1.240002553546675768e-01
9.071043894631500380e-04,-1.315256774644836535e-02,7.895892287465249293e-01,-6.676592890050170141e-03,2.157662895832505867e-02,7.126916022041436261e-01,7.011137941431940801e-01,3.327926628733868242e-02,3.302945547192191050e-02,9.752224742851027528e-03,1.063556255969179964e-01,-2.115317409774295776e-01,5.691713590036173026e-02,-2.190122849568741994e-02,-5.319479773695438146e-02,-2.654186092440431743e-02,1.637820110374996752e-01,-2.076766043691438690e-01,4.441025896365751596e-02,-5.305817553145057534e-03,-1.361419979498127049e-02,-3.817752356915390249e-03,-1.007571772229647056e-01,2.563395313624714511e-01,-4.794052275323864576e-01,1.233944937332989600e+00,2.498302050309002542e-01,-1.080926283796162929e-01,1.505955144854506378e-01,-8.736989278896373223e-02,-2.585133852788706332e-01,5.822207117297226731e-01,1.140240752298780524e+00,-2.111291958392463586e-01,-9.672692743559734019e-02,-1.241541244169585001e-01
8.915289257430017260e-04,-1.328556950939257554e-02,7.896212863530208681e-01,-6.686320810350513191e-03,2.146910331047539866e-02,7.129310369729788821e-01,7.008735315573684233e-01,3.322507784240964768e-02,3.311178261112817517e-02,9.162773449465068387e-03,1.059919467786832603e-01,-2.110323179649197245e-01,5.693244937765878227e-02,-2.187036506744073974e-02,-5.308380732753077702e-02,-2.670597454276889271e-02,1.638115405129369762e-01,-2.071522460474747307e-01,4.379677132991476735e-02,-5.692382050494272996e-03,-1.333875790601892278e-02,-3.978496799987844834e-03,-1.012189722669174924e-01,2.559201816367929205e-01,-4.793598595674581908e-01,1.234621711500093255e+00,2.503739402771711919e-01,-1.076459271195120831e-01,1.507812306015644255e-01,-8.746247381266789023e-02,-2.586430779028557891e-01,5.822220821740206054e-01,1.140256655217115611e+00,-2.113065261567569630e-01,-9.673640883691946024e-02,-1.242987975713473470e-01
8.652584242745995453e-04,-1.342280183325084489e-02,7.895908765659778172e-01,-6.691278940928257341e-03,2.146760236856780704e-02,7.129436579703020138e-01,7.008606918600902569e-01,3.307659846546365245e-02,3.308237707750322221e-02,9.241158402231462732e-03,1.059011600103652306e-01,-2.113269056949353408e-01,5.682277367147511166e-02,-2.230229503462503871e-02,-5.317063109512578517e-02,-2.697356300597073681e-02,1.643453474022053551e-01,-2.074889510853430430e-01,4.408306365098960122e-02,-5.503052333684732220e-03,-1.339358837868718025e-02,-3.707684584540679035e-03,-1.018641040296904832e-01,2.559028567379938446e-01,-4.790159271931143659e-01,1.234831310025585882e+00,2.508732482801769859e-01,-1.076503437811929947e-01,1.506298525933698895e-01,-8.767762330217419853e-02,-2.587157758003091335e-01,5.818073421871590156e-01,1.139998860645714762e+00,-2.111898465403782010e-01,-9.668614069150904822e-02,-1.242667520524349395e-01
8.302924687148177706e-04,-1.355109907777793388e-02,7.895828056305543852e-01,-6.715830083628860671e-03,2.149136991184695533e-02,7.128188114376305951e-01,7.009867050852270909e-01,3.297938039305249591e-02,3.306317725543415215e-02,9.465411527069221564e-03,1.056955490382873175e-01,-2.113413204658136924e-01,5.669316507672679528e-02,-2.261498488169549903e-02,-5.316807951403359350e-02,-2.672232877725078462e-02,1.642934396479678316e-01,-2.074340248048791857e-01,4.440880726825624514e-02,-5.330552509899955278e-03,-1.369585793177963140e-02,-3.716154555778915236e-03,-1.022432021770551536e-01,2.559520752662013399e-01,-4.787724014071833567e-01,1.235202915295274151e+00,2.512633741139209675e-01,-1.077749835108642723e-01,1.515606469790870270e-01,-8.787017895513415944e-02,-2.588170222167319179e-01,5.821239946985761193e-01,1.139462390261424041e+00,-2.110245528980765894e-01,-9.688450945717930196e-02,-1.243835449683622224e-01
7.931118266035368019e-04,-1.367395903472798380e-02,7.896022557049621193e-01,-6.688506642428222043e-03,2.135691600531040152e-02,7.129139734024689812e-01,7.008942948441937437e-01,3.310119647069462850e-02,3.321975294666367623e-02,9.875161099197123094e-03,1.055191843953809661e-01,-2.113122100657616187e-01,5.694698618921571059e-02,-2.289333993064878239e-02,-5.315930879527942798e-02,-2.719072811252439340e-02,1.650974175411809020e-01,-2.071245822539797277e-01,4.475558788715704173e-02,-5.267645277580555382e-03,-1.389446063831785080e-02,-3.409419362118210756e-03,-1.029748893654794384e-01,2.557018692431100026e-01,-4.781243168809436450e-01,1.235870946044431706e+00,2.505463620573047945e-01,-1.079836434128462058e-01,1.516557000451727033e-01,-8.813218417096173318e-02,-2.588981715570381481e-01,5.823871819620941581e-01,1.139457524572087044e+00,-2.109475082781103739e-01,-9.701810058756905886e-02,-1.245359023626713968e-01
7.563901275016969312e-04,-1.378163832012507806e-02,7.896172204328616440e-01,-6.735877476127785993e-03,2.132925854397987528e-02,7.129997329920756410e-01,7.008074424817555270e-01,3.298869036580454744e-02,3.330880857041127602e-02,1.015592972152452866e-02,1.052673723069368072e-01,-2.111932613901540412e-01,5.682277536996158812e-02,-2.292806945304703276e-02,-5.312107800905048471e-02,-2.732404999922807137e-02,1.648243709859437134e-01,-2.066612596472502394e-01,4.459636518323870091e-02,-5.096921381552925456e-03,-1.367052192291097826e-02,-3.483998187981132699e-03,-1.032704207432272592e-01,2.555302092116484847e-01,-4.779285848007794879e-01,1.235831404584767368e+00,2.502998017625138183e-01,-1.086185181471377437e-01,1.513027354426799420e-01,-8.806843632145576473e-02,-2.591791925588194379e-01,5.824426126901577350e-01,1.139128754707729341e+00,-2.109714520722545117e-01,-9.761038626683285480e-02,-1.247396588187180688e-01
7.265339245281572829e-04,-1.388344831111862181e-02,7.896319402538691801e-01,-6.677432159531721673e-03,2.125943880899034896e-02,7.131463899304224530e-01,7.006608842303720941e-01,3.283700496684338610e-02,3.321556705571676593e-02,9.745055398145498204e-03,1.054812115996665856e-01,-2.110103383301369373e-01,5.696907580138858146e-02,-2.274310025061692872e-02,-5.326230918278476029e-02,-2.788587136334781322e-02,1.647135627587943685e-01,-2.064541609518708853e-01,4.463010882994059014e-02,-4.920384781070383587e-03,-1.367163745278484818e-02,-3.296912383978254507e-03,-1.035239053868441395e-01,2.555883546632507497e-01,-4.781462156405489883e-01,1.235186685681796126e+00,2.501617365375628510e-01,-1.089808975589345863e-01,1.517453684838682704e-01,-8.809008344649052469e-02,-2.595102203473332314e-01,5.826363370257980900e-01,1.138973311969229574e+00,-2.109484294694826678e-01,-9.761439509688334126e-02,-1.247481284081464192e-01
6.991968153738649079e-04,-1.397788401444656665e-02,7.896496926451742615e-01,-6.778265802711001299e-03,2.134851064025840295e-02,7.131844473159236752e-01,7.006184698627568874e-01,3.219681428423775554e-02,3.318336982329792018e-02,9.850704373795808599e-03,1.058833790931611174e-01,-2.110446735385392847e-01,5.700103742970506066e-02,-2.299395734617807122e-02,-5.332241352999992495e-02,-2.818692934479864742e-02,1.643972973702512164e-01,-2.062538926919509075e-01,4.455032422704465617e-02,-4.679422104509661264e-03,-1.354848735975346802e-02,-3.306536309460577500e-03,-1.036383399925669829e-01,2.555789314492571962e-01,-4.784352216458375162e-01,1.234639956352960866e+00,2.510188517383716844e-01,-1.092450615861351865e-01,1.527376115038861781e-01,-8.796697963734381731e-02,-2.599692843590832858e-01,5.826807600615085958e-01,1.138319361696508381e+00,-2.112428843010351054e-01,-9.786265417407528922e-02,-1.257054651248816213e-01
6.762456185756738790e-04,-1.407869632436059559e-02,7.896382893428297578e-01,-6.862317729361423410e-03,2.136023148696590199e-02,7.130083512934615175e-01,7.007965040523417288e-01,3.225801683224954058e-02,3.329618587410503039e-02,1.002092672053311179e-02,1.053409436595030141e-01,-2.111383496388387626e-01,5.721375375124515550e-02,-2.323417108166754910e-02,-5.320834265037812510e-02,-2.818486192712114924e-02,1.640788295105714834e-01,-2.060641110930750419e-01,4.531019861282743755e-02,-4.263863456028765646e-03,-1.378127112048738862e-02,-3.133978435020830927e-03,-1.037828784140224780e-01,2.559735276357270051e-01,-4.781709265716682089e-01,1.233995312676209322e+00,2.508207250553594614e-01,-1.095981986542809150e-01,1.512334599181379413e-01,-8.837037071245640307e-02,-2.601128135174587963e-01,5.825990101380286168e-01,1.138173542653309722e+00,-2.112813843223230181e-01,-9.801973634075994424e-02,-1.251800890026709689e-01
6.651667256307074519e-04,-1.417349966983041075e-02,7.896534286681934356e-01,-7.025605315391697872e-03,2.129408172109760813e-02,7.132042721135587460e-01,7.005975086970949173e-01,3.233650256734099671e-02,3.367599935545997208e-02,1.018743714036175751e-02,1.042755300768745258e-01,-2.108237858354143901e-01,5.694446393894370129e-02,-2.325109581470810940e-02,-5.285819739274867646e-02,-2.815282431170788857e-02,1.636160471704092012e-01,-2.054834349271527638e-01,4.499808761551258446e-02,-4.831882575346318348e-03,-1.343991532226259875e-02,-3.217757692261093844e-03,-1.036452787372085793e-01,2.562012726835841692e-01,-4.782702452184773301e-01,1.233074967869427274e+00,2.509778915354844431e-01,-1.096232807362189643e-01,1.509148571203025591e-01,-8.832573403889168451e-02,-2.604398101605011617e-01,5.824260363870568113e-01,1.137490339377235538e+00,-2.108290813882451875e-01,-9.758004997911809419e-02,-1.261658308615017932e-01
6.588182894989541398e-04,-1.425700599687266049e-02,7.896674474875977623e-01,-7.073630492937039299e-03,2.134044587588044065e-02,7.130899704939190897e-01,7.007119544452266036e-01,3.227293011034650799e-02,3.367746562995725668e-02,1.018947307143470288e-02,1.039044946350250742e-01,-2.103651564605665825e-01,5.708106663274629261e-02,-2.307946955148878002e-02,-5.289284208591457648e-02,-2.861074083291877818e-02,1.625996410425446237e-01,-2.050725569593258579e-01,4.517306148829373230e-02,-4.867789967700769313e-03,-1.334297692223613933e-02,-3.218533939030678720e-03,-1.032848763650949936e-01,2.562156394405736837e-01,-4.774102191049659494e-01,1.232415094534367705e+00,2.503143343958548761e-01,-1.093268302430519812e-01,1.501071391321454063e-01,-8.864204403293504675e-02,-2.606461359745986806e-01,5.823042319666700273e-01,1.137377452167775305e+00,-2.115417962015867515e-01,-9.696784989852785808e-02,-1.259140362786385081e-01
6.638147570928715603e-04,-1.434011607068198281e-02,7.896584564240981541e-01,-7.256272086468768152e-03,2.137307406076805957e-02,7.133794460385851632e-01,7.004143803422950842e-01,3.218844035764290012e-02,3.389257947998028375e-02,1.019087702534405421e-02,1.028146825157553595e-01,-2.102879605201376512e-01,5.694740436207252482e-02,-2.334967380159774439e-02,-5.271116565500889861e-02,-2.882861542931712193e-02,1.624686876757275855e-01,-2.049119252024100835e-01,4.484743301121130177e-02,-4.926532092253683819e-03,-1.330635321557930781e-02,-3.205870596559998870e-03,-1.034977470428372209e-01,2.565573640797991217e-01,-4.771493214856789566e-01,1.231344495222238100e+00,2.496074336322611775e-01,-1.092861289058163488e-01,1.494610508765406021e-01,-8.851273646828045072e-02,-2.608170138633227331e-01,5.824455674482034162e-01,1.136960509835915234e+00,-2.112059589883841515e-01,-9.658906360163686811e-02,-1.256105409060031264e-01
6.672679680217230352e-04,-1.440675057558063292e-02,7.896735256172109363e-01,-7.204721985381561805e-03,2.151243463911683279e-02,7.134762053969916362e-01,7.003120814817637152e-01,3.167900860878065938e-02,3.350562222299704324e-02,9.829262897919820163e-03,1.032067446205584410e-01,-2.099259203848495847e-01,5.710732950188419921e-02,-2.304423261881304724e-02,-5.301381206264302315e-02,-2.881276430768995103e-02,1.614187299221321592e-01,-2.047939684727950460e-01,4.372542197479714621e-02,-4.527830897462349277e-03,-1.323077726170142701e-02,-3.054113300520175378e-03,-1.034124966638101384e-01,2.566571996393681165e-01,-4.768200599846064147e-01,1.230514959700235611e+00,2.486644879600741487e-01,-1.098874037084559829e-01,1.491560665349805082e-01,-8.841451102973882370e-02,-2.611557959727738298e-01,5.832427614834067020e-01,1.136541937860571672e+00,-2.123506389328136956e-01,-9.685764170216597246e-02,-1.252611960479659559e-01
6.565012502647885832e-04,-1.447201246881778432e-02,7.896917141058720224e-01,-7.410000260096211849e-03,2.143893722663868864e-02,7.136804591058859559e-01,7.001040395235190728e-01,3.143651140120927445e-02,3.391109534771241663e-02,9.574179458302793655e-03,1.028144701880954470e-01,-2.099277424152376503e-01,5.700580045627228615e-02,-2.306062901947111832e-02,-5.258413594097267191e-02,-2.885444379392403808e-02,1.609766500278439483e-01,-2.041876500111483583e-01,4.372271006367908081e-02,-4.584225461997435899e-03,-1.320367683220487719e-02,-3.055690809709916966e-03,-1.035167524802403233e-01,2.567440858771836698e-01,-4.766629451980888277e-01,1.229947840803783166e+00,2.479531556175973983e-01,-1.093849023588503722e-01,1.486693886300500256e-01,-8.799797933348506296e-02,-2.615805253837180655e-01,5.836744755451551692e-01,1.135631758283436987e+00,-2.115646884251274062e-01,-9.692011444544985921e-02,-1.248631677129218992e-01
6.336091294131842005e-04,-1.453172293169299398e-02,7.896970019835130028e-01,-7.467392474896770993e-03,2.149385221264206447e-02,7.139654818289771221e-01,6.998110767367169416e-01,3.156343586549761882e-02,3.380971902703087950e-02,9.347195431151297806e-03,1.016557467588418001e-01,-2.094955777684884279e-01,5.676250372897011925e-02,-2.297172639946641615e-02,-5.275632908131196175e-02,-2.952369110107581213e-02,1.605192334589929659e-01,-2.039600775623670592e-01,4.298941753810343186e-02,-4.267188727182230981e-03,-1.299055561493986551e-02,-3.286408975742838301e-03,-1.036906519765278256e-01,2.568811115727214212e-01,-4.767494190906967355e-01,1.229217011573036533e+00,2.481218785686611639e-01,-1.093191844038945426e-01,1.480777315720975262e-01,-8.762465469162510068e-02,-2.617284156145484597e-01,5.837923342907089808e-01,1.135770674705156358e+00,-2.119053631997526166e-01,-9.673914585560182411e-02,-1.244984107646650573e-01
5.885389280779688547e-04,-1.459130858891702527e-02,7.897049475986493983e-01,-7.673741899363865047e-03,2.152649762117558527e-02,7.142240619200368457e-01,6.995439321156825541e-01,3.124883502328952914e-02,3.394789743399519860e-02,8.963370204322813894e-03,1.010408811160656284e-01,-2.093842419883931161e-01,5.654623836918927504e-02,-2.282500325551573700e-02,-5.258597133883760599e-02,-2.971930313158674744e-02,1.594991870837912384e-01,-2.034262132223550179e-01,4.311016168695373796e-02,-4.185998529330472485e-03,-1.296855674005040551e-02,-3.367200094072056449e-03,-1.041196790398444677e-01,2.568001149483824519e-01,-4.766486137381983901e-01,1.228940777000830931e+00,2.481265543182592237e-01,-1.092004531167323628e-01,1.476531508442707197e-01,-8.727847823636628033e-02,-2.621266801586135120e-01,5.841235986666127866e-01,1.135158689114846409e+00,-2.116077314957590938e-01,-9.684883302843759478e-02,-1.238541232109643675e-01
5.243796239399881650e-04,-1.465422525643560701e-02,7.897132887590386785e-01,-7.703735823075767881e-03,2.148763553916123448e-02,7.145093134491676823e-01,6.992534411554250928e-01,3.111738096621698840e-02,3.390052260918008376e-02,8.741860331928273664e-03,1.008258113730145511e-01,-2.092807707702281916e-01,5.646024348968850526e-02,-2.256595841754678242e-02,-5.267333773364319544e-02,-3.011911839602273919e-02,1.591041003713615232e-01,-2.031597157572821721e-01,4.307263063080800369e-02,-3.825561541181527435e-03,-1.306501770944101283e-02,-3.426647983627396227e-03,-1.045504056535403320e-01,2.567489303048314797e-01,-4.762919735463569393e-01,1.228427786845130099e+00,2.477672020036995881e-01,-1.094086709960463977e-01,1.477866881705525437e-01,-8.694947559150636995e-02,-2.622073702242599391e-01,5.837373048214703486e-01,1.135299947720938230e+00,-2.113206878848199466e-01,-9.686168773454351122e-02,-1.237900431673036594e-01
4.442367209704589323e-04,-1.471381115438145579e-02,7.897419309894454509e-01,-7.937163278699161523e-03,2.149114279243541717e-02,7.149689132514989165e-01,6.987807848707154879e-01,3.047642946695668792e-02,3.409250322225102631e-02,8.590188324656473917e-03,1.006514214472202795e-01,-2.092129654935347971e-01,5.611982279626989700e-02,-2.270933072736943531e-02,-5.253940633977449703e-02,-3.051015572847778565e-02,1.588505873954169367e-01,-2.025236003234977544e-01,4.240856347525564368e-02,-3.656461464593403418e-03,-1.277259298690066117e-02,-3.713038943331560537e-03,-1.047778922353096998e-01,2.564787906919758220e-01,-4.756607560131251300e-01,1.227648721175299551e+00,2.469445782453232596e-01,-1.093657873275557663e-01,1.462929865542862140e-01,-8.620924987499294090e-02,-2.625967021476601215e-01,5.834249583260827654e-01,1.134990948760132179e+00,-2.104444413172663897e-01,-9.672826518507764149e-02,-1.230459014057787154e-01
3.554349040869606902e-04,-1.477649116948702088e-02,7.897468188869136707e-01,-7.874282095147041097e-03,2.124397232408059208e-02,7.151776143914506667e-01,6.985754570515152473e-01,3.090639625455190651e-02,3.427887505151473724e-02,8.781824617094320662e-03,1.003450203987514416e-01,-2.092343087462415485e-01,5.622067259302588466e-02,-2.218826731846191766e-02,-5.241521087654147509e-02,-3.053637582009278290e-02,1.587533235156210476e-01,-2.020261779997585827e-01,4.263165380551400124e-02,-3.622669005169613671e-03,-1.290642163724157326e-02,-3.837602056041000687e-03,-1.047405774435632431e-01,2.565407001858396319e-01,-4.749048166167156304e-01,1.226740337692148852e+00,2.464437669977023737e-01,-1.094113697549009695e-01,1.455327890204050623e-01,-8.629103524447062634e-02,-2.622444268337988382e-01,5.828101808108855364e-01,1.136134335486130631e+00,-2.102710773782456855e-01,-9.635677443898617300e-02,-1.225854317873751737e-01
2.724479456399758726e-04,-1.483302816810174243e-02,7.897599714781485813e-01,-8.031702791313037604e-03,2.127471461298369171e-02,7.152796905170890618e-01,6.984682115903240174e-01,3.071167517075886616e-02,3.440515355924674001e-02,9.257083606065974468e-03,9.986334500209882725e-02,-2.091912059528636125e-01,5.569780547274550547e-02,-2.258143898469462674e-02,-5.235003260407981862e-02,-3.057235481591231985e-02,1.588407804386890165e-01,-2.016648310526579779e-01,4.225534043160100728e-02,-3.511878837572096276e-03,-1.265883068845509093e-02,-3.805223270990466117e-03,-1.048912091763200133e-01,2.564766307427673309e-01,-4.744917194840839736e-01,1.226297671333264283e+00,2.461269631401952485e-01,-1.092656851247971322e-01,1.454686989773716910e-01,-8.627118557482540973e-02,-2.623345843516961540e-01,5.824421352161697207e-01,1.136115049063780580e+00,-2.092748596395466731e-01,-9.632099314437281290e-02,-1.233448788702023596e-01
2.145111463253858018e-04,-1.488715424047237432e-02,7.897904836688942609e-01,-8.183571954263738069e-03,2.117268362656084951e-02,7.153852869152111937e-01,6.983613948976276076e-01,3.054476249723937428e-02,3.478710178345202630e-02,9.861167724978414650e-03,9.982156342766131119e-02,-2.093670382206612723e-01,5.609483279016866386e-02,-2.306907884213188140e-02,-5.211952074938833168e-02,-3.087881035119063866e-02,1.595399887502048641e-01,-2.009507879066211034e-01,4.382577259480983922e-02,-3.136330625469975833e-03,-1.320801001124704242e-02,-3.845406549478586761e-03,-1.054565559158101989e-01,2.569964358169818941e-01,-4.748138903383554155e-01,1.225700375460662128e+00,2.473967995409825926e-01,-1.090930178106322007e-01,1.456438613918274172e-01,-8.609320409283113817e-02,-2.624771261280170465e-01,5.823862637811462184e-01,1.135820445149683167e+00,-2.081731302385944338e-01,-9.629995005727863544e-02,-1.230575762171988441e-01
1.876293827359034108e-04,-1.491673339827722863e-02,7.898049690888812036e-01,-8.257639787327910111e-03,2.121978758277724350e-02,7.153959106274876412e-01,6.983482104634852750e-01,3.053395880766177073e-02,3.479232300646005471e-02,9.880528568754119723e-03,9.928948894643262191e-02,-2.090870157043325794e-01,5.578704055087990027e-02,-2.324629418064123876e-02,-5.210888596680130630e-02,-3.088408338922928389e-02,1.594043216083866066e-01,-2.007291223365735011e-01,4.334954520727758720e-02,-3.122656762259596284e-03,-1.294777808129116831e-02,-4.003448093586166323e-03,-1.054391356973228555e-01,2.567858726991254503e-01,-4.746077343128848325e-01,1.225818817639243052e+00,2.468490541237189917e-01,-1.095412693544038918e-01,1.452259536747376734e-01,-8.587055601031190477e-02,-2.628291103729327172e-01,5.824919037952259737e-01,1.135018101596215301e+00,-2.077693149589438792e-01,-9.639049065152224816e-02,-1.225841936471625537e-01
2.060319470696466576e-04,-1.492789220986568029e-02,7.898370035996519212e-01,-8.336929161626604329e-03,2.123946498471811217e-02,7.155040498910232305e-01,6.982358737051979070e-01,3.043140135917893341e-02,3.493208729733406070e-02,1.014291475358004846e-02,9.903519252496809089e-02,-2.087463374444494257e-01,5.554217671446533278e-02,-2.333465951899697452e-02,-5.198722275509924662e-02,-3.087781297344988768e-02,1.592974883056183510e-01,-2.003152154555923881e-01,4.309829756925878663e-02,-3.203692100117342539e-03,-1.270268649549072953e-02,-3.913531407949168844e-03,-1.055864985252410043e-01,2.566964821534324370e-01,-4.748124557412675695e-01,1.226165006665393742e+00,2.466249013515002253e-01,-1.094397321233998854e-01,1.452153835919580693e-01,-8.587529426117404552e-02,-2.629150610227500851e-01,5.827851259785732374e-01,1.135043865262289398e+00,-2.073354608161748214e-01,-9.634147351294361505e-02,-1.222658078622408107e-01
2.631138163927279291e-04,-1.493026435627864586e-02,7.898307586490713739e-01,-8.234987929584882196e-03,2.123885363650386202e-02,7.155252866682941804e-01,6.982153394249245304e-01,3.078719646651864247e-02,3.484406614198100327e-02,1.012627356066413131e-02,9.861660497154645100e-02,-2.085122559052944857e-01,5.513060104850828202e-02,-2.320443189009949170e-02,-5.204271962974198196e-02,-3.074075128921493344e-02,1.594078212355685142e-01,-2.006146730174399040e-01,4.265568662044560977e-02,-3.006657891012759921e-03,-1.257372388807326442e-02,-3.858892565875755160e-03,-1.055868681240098028e-01,2.567099910825836884e-01,-4.744942660812317414e-01,1.226192888663230951e+00,2.461817736936096901e-01,-1.093722739698256424e-01,1.456421762751851923e-01,-8.578662863649362536e-02,-2.627541276239909185e-01,5.823665494471030879e-01,1.135049879869476586e+00,-2.060649292658869869e-01,-9.632452835504357047e-02,-1.221661885538714021e-01
3.510403515861000232e-04,-1.492193006110037988e-02,7.898617881463019241e-01,-8.003286761467848925e-03,2.105872895062748176e-02,7.157180990801166320e-01,6.980258447830869351e-01,3.140014328971721391e-02,3.481364530364403076e-02,9.573866974575545585e-03,9.844507087572165749e-02,-2.080336427166311619e-01,5.532374920352592373e-02,-2.261804446204700864e-02,-5.202780997370248794e-02,-3.076147098224009738e-02,1.597190659938453605e-01,-2.004774199106183763e-01,4.182083312347211618e-02,-3.575544938174794740e-03,-1.221633325868441353e-02,-3.673349952416627567e-03,-1.053110879278439382e-01,2.566545982630834000e-01,-4.740233144584231617e-01,1.226211797370444723e+00,2.450472663908363768e-01,-1.092719068038588426e-01,1.458258721126128588e-01,-8.559358931358834743e-02,-2.627360671000206760e-01,5.817719655363492448e-01,1.134676180132690781e+00,-2.049375910600857720e-01,-9.637828276555703011e-02,-1.221769123352217101e-01
4.520214090917599667e-04,-1.490281434308560367e-02,7.898683240426781493e-01,-7.920360871753583804e-03,2.093604913253870742e-02,7.157717944562158596e-01,6.979754207644492947e-01,3.173381447359789609e-02,3.507280134978514596e-02,9.814195135818055971e-03,9.846614476041520847e-02,-2.080824050367115485e-01,5.499936582839744931e-02,-2.223794553068764515e-02,-5.177561697997815765e-02,-3.057464775288311690e-02,1.596802578697393282e-01,-2.003651647737875463e-01,4.164496746061349675e-02,-3.873301744191547796e-03,-1.192084601764641615e-02,-3.723257634660595561e-03,-1.051636442180041153e-01,2.563464855885629334e-01,-4.734264222540313094e-01,1.226982598591388030e+00,2.438633593787078724e-01,-1.093788498033784889e-01,1.464188742934640630e-01,-8.543069154323341963e-02,-2.625503071199264404e-01,5.816498988323780539e-01,1.134522833901940198e+00,-2.031834923925741887e-01,-9.666093777619835792e-02,-1.226754421540037082e-01
5.582480450042104402e-04,-1.487817867281686877e-02,7.898760521058210138e-01,-7.843960019000187356e-03,2.094047310933210698e-02,7.158289889641484827e-01,6.979174932868087433e-01,3.193389469500942240e-02,3.507443815333445569e-02,9.638914829931358175e-03,9.828508416001091597e-02,-2.078305946928181713e-01,5.477462806300279624e-02,-2.216909419150121449e-02,-5.180893059532812317e-02,-3.090155060436034634e-02,1.599529774498567869e-01,-2.005059295295680832e-01,4.165703552343084232e-02,-3.744598119015641116e-03,-1.171648067177438746e-02,-3.731889819596247160e-03,-1.051207160375836613e-01,2.565428911313615279e-01,-4.731038169241265634e-01,1.227156425198034695e+00,2.444320170682362514e-01,-1.093849844984244868e-01,1.462309518017594623e-01,-8.516775889023089907e-02,-2.623936169900039639e-01,5.812454419134869266e-01,1.134361580651340740e+00,-2.030149170320371121e-01,-9.678254390638403593e-02,-1.223372601944486410e-01
6.505506012114253269e-04,-1.484886480826321138e-02,7.898947622300961369e-01,-7.868226193112538847e-03,2.082692458867824170e-02,7.159847597253969909e-01,6.977608143695922527e-01,3.210742019678107517e-02,3.544753145206880340e-02,9.793180224917590049e-03,9.817124197596904800e-02,-2.079288135294846684e-01,5.476493499498381878e-02,-2.171132554045251961e-02,-5.140144089398727967e-02,-3.064603730267842149e-02,1.594667276781467913e-01,-1.999994993647713770e-01,4.130525369231533711e-02,-3.872989588408817623e-03,-1.126530223799101019e-02,-3.663207035834833286e-03,-1.051104443039393987e-01,2.562065282935288568e-01,-4.723412975535489222e-01,1.227733001448621852e+00,2.436650077895009259e-01,-1.097960260795980969e-01,1.465344163896656615e-01,-8.495657049036232922e-02,-2.623091178753530484e-01,5.810423405228598570e-01,1.134307464075955174e+00,-2.018266368670620370e-01,-9.730346607211021182e-02,-1.224572148543847383e-01
7.178526480763405826e-04,-1.482569323682025354e-02,7.898807471038485906e-01,-7.930542157509047965e-03,2.095614996529373761e-02,7.157571623980140130e-01,6.979897067691348544e-01,3.222570146075537378e-02,3.550818051930730579e-02,1.015886646708948071e-02,9.761958837914130882e-02,-2.077475935374122340e-01,5.419444981988318782e-02,-2.207193409040153487e-02,-5.126010687507184110e-02,-2.999542457159602715e-02,1.594245831175348516e-01,-2.002743972835429043e-01,4.117801247665395237e-02,-4.124968973199320300e-03,-1.091317492200788268e-02,-3.620731043335496946e-03,-1.047517993552072868e-01,2.561181082804128151e-01,-4.712284521460941011e-01,1.228358424143349836e+00,2.421579627856573769e-01,-1.097018385558634346e-01,1.456984492262501929e-01,-8.522450059185926463e-02,-2.621489686146641906e-01,5.806055096621929312e-01,1.134007846291645194e+00,-2.012764452251461222e-01,-9.713600081974102518e-02,-1.222787355137333887e-01
7.688308428973891166e-04,-1.481481417904998224e-02,7.898858256641076991e-01,-7.983207889625381151e-03,2.099860711331601182e-02,7.157067206655499669e-01,6.980395525221014807e-01,3.228861852679058148e-02,3.562050075769451069e-02,1.027060939710977561e-02,9.724262469346216242e-02,-2.075433059246136192e-01,5.407307335209696197e-02,-2.198776006329725141e-02,-5.111294646194193547e-02,-2.977456860506547121e-02,1.588583175635067679e-01,-2.000479455876373880e-01,4.132139629150404642e-02,-4.278368024120435958e-03,-1.104968500253038222e-02,-3.746786332992826235e-03,-1.046168712277489726e-01,2.564076421883784707e-01,-4.705529470172796214e-01,1.228347357648556626e+00,2.421497284299746755e-01,-1.093599284603747196e-01,1.463778092103125705e-01,-8.520296270934393790e-02,-2.620972715622755800e-01,5.803934548532406756e-01,1.133483574674044370e+00,-2.004591875017036617e-01,-9.688262312343902394e-02,-1.221392589498292020e-01
8.038770724518588991e-04,-1.480586662184661326e-02,7.898877267275438152e-01,-8.066502021726464078e-03,2.091495815508017178e-02,7.158529166387368470e-01,6.978911790604022114e-01,3.231744827950090021e-02,3.593587779451858089e-02,1.026339888008823836e-02,9.701420967390927963e-02,-2.075612114704249445e-01,5.440761575945503997e-02,-2.200592268529125498e-02,-5.077552474096826141e-02,-2.967820995727734473e-02,1.590427703189080944e-01,-1.999249979413147971e-01,4.111540496260385202e-02,-4.404103002917821724e-03,-1.100696648717790563e-02,-4.276654174130867236e-03,-1.042909261894907069e-01,2.566115723703960572e-01,-4.705569896054103696e-01,1.228061631647564322e+00,2.424920220962065720e-01,-1.088290395880269906e-01,1.465873850414749491e-01,-8.475117989655998885e-02,-2.620504316539726819e-01,5.799445074853002424e-01,1.133512707862123881e+00,-1.994215892081599439e-01,-9.666002925383668232e-02,-1.218011253063101818e-01
8.294987139730041099e-04,-1.481416960403077188e-02,7.898995724561296283e-01,-8.135862577666738010e-03,2.092469486204854776e-02,7.158158863876236122e-01,6.979280633991932214e-01,3.239632758392493872e-02,3.615930109855174795e-02,1.096468204408256736e-02,9.661653257516227000e-02,-2.073199119527535939e-01,5.417935745631449057e-02,-2.184897682324185575e-02,-5.059076118742698858e-02,-2.942386313122189248e-02,1.582976082083992764e-01,-1.994173463565435123e-01,4.172130466597057108e-02,-4.381700774694043815e-03,-1.128938255024605070e-02,-4.374885169013818798e-03,-1.040946889954308396e-01,2.569571800994513988e-01,-4.700948093970186981e-01,1.227773870965505054e+00,2.422600056841768545e-01,-1.086522201807071375e-01,1.466467729162423961e-01,-8.469808898453684565e-02,-2.619511883943795305e-01,5.793798285330813425e-01,1.133301411179244989e+00,-1.990836829697692767e-01,-9.624510697188069785e-02,-1.215442938877683426e-01
8.580853167738650275e-04,-1.482320952758866411e-02,7.899063831387809209e-01,-8.156496622911974664e-03,2.094533803879299397e-02,7.157831089920033696e-01,6.979608192864573679e-01,3.289117536069835479e-02,3.623994169859364595e-02,1.133323995295173331e-02,9.551484841129581627e-02,-2.069116200839344610e-01,5.365504170803950257e-02,-2.139402498112614320e-02,-5.049245238404390101e-02,-2.927654262511854288e-02,1.571299162976443342e-01,-1.990071939363244613e-01,4.173694224697437061e-02,-4.524344596412588175e-03,-1.114565139512472061e-02,-4.415528260708019570e-03,-1.037530372930983297e-01,2.570518439717189296e-01,-4.690918958438940467e-01,1.227465629967884109e+00,2.411823784186525044e-01,-1.088743177350528224e-01,1.457586274844120955e-01,-8.471612795394799222e-02,-2.619922164934672670e-01,5.791597782107509307e-01,1.132795315522538315e+00,-1.985562233417181577e-01,-9.622976992237095017e-02,-1.206425322028351343e-01
8.952551531284170302e-04,-1.482846909496497029e-02,7.899275054710052091e-01,-8.090567248798335998e-03,2.089205597568319014e-02,7.158427894284049575e-01,6.979019741640379859e-01,3.290426246360781543e-02,3.628526298752495632e-02,1.144144033611533412e-02,9.576485974278024782e-02,-2.067763927717748973e-01,5.379317407083356040e-02,-2.110897460815724588e-02,-5.045487741442258173e-02,-2.919518206869051169e-02,1.568712934241174861e-01,-1.986571305388681874e-01,4.142137080671631083e-02,-4.916248776261883564e-03,-1.095608376759196582e-02,-4.510831321842028591e-03,-1.036003219470181813e-01,2.572664417048732277e-01,-4.695028167344350023e-01,1.227508819510861660e+00,2.413345078341928018e-01,-1.083050007505666490e-01,1.462811219965810816e-01,-8.483099571997029797e-02,-2.618592523711824605e-01,5.786959425971548443e-01,1.133057791045750440e+00,-1.971253083441415754e-01,-9.560514572783482268e-02,-1.216366889579977573e-01
9.431304997899070831e-04,-1.480911430867782111e-02,7.899371930538791053e-01,-7.915258648501698191e-03,2.068258873702105011e-02,7.159757117792268089e-01,6.977738597467604276e-01,3.349471854367276624e-02,3.636898826606870666e-02,1.093525436845364102e-02,9.561712623053378324e-02,-2.065444249282161748e-01,5.369737944605115082e-02,-2.021095611599441760e-02,-5.029118682285445979e-02,-2.901821303415014208e-02,1.563948876354126494e-01,-1.984532076904521603e-01,4.041885053101262892e-02,-5.427593268634404305e-03,-1.070523736314135492e-02,-4.617509198743954130e-03,-1.030709280479310680e-01,2.572741168836293335e-01,-4.692356800593158184e-01,1.227429242943349319e+00,2.412996919066829615e-01,-1.076596595095819092e-01,1.466376816876170108e-01,-8.442099808915451420e-02,-2.620150272762837851e-01,5.784840494822079959e-01,1.132404398787827615e+00,-1.963293509652027091e-01,-9.528989772394300117e-02,-1.214631370220378842e-01
1.000273303660621262e-03,-1.475995419798683921e-02,7.899439346142287377e-01,-7.939510278520368544e-03,2.069228706143107915e-02,7.160411542962937803e-01,6.977061407116432745e-01,3.357522606737992077e-02,3.648487533993395593e-02,1.100239625030581536e-02,9.544622847361267093e-02,-2.064108143717490185e-01,5.320764861404864848e-02,-1.985507066466864548e-02,-5.015994616672365264e-02,-2.897740622651983830e-02,1.557571157413272789e-01,-1.982549597207599879e-01,4.021503733907201561e-02,-5.671956728849955783e-03,-1.030300618712883670e-02,-4.590926876968007275e-03,-1.026853008768695286e-01,2.573025642371719601e-01,-4.690549302626023098e-01,1.227235889727655627e+00,2.408124117901352390e-01,-1.076562903900272206e-01,1.467348320139580109e-01,-8.412499171450157909e-02,-2.621265495048775152e-01,5.782202732356971353e-01,1.131875242782797830e+00,-1.950983382820427325e-01,-9.552992224622723627e-02,-1.218128674675631601e-01
1.059152016922552172e-03,-1.468342222327981283e-02,7.899763028486210814e-01,-7.861192335092078570e-03,2.065879631030493116e-02,7.159774118236266194e-01,6.977734313861631010e-01,3.378612002296858818e-02,3.653298073131461265e-02,1.120534375923695758e-02,9.566258696661167349e-02,-2.060907375997653168e-01,5.323889145201412404e-02,-1.961412880383722745e-02,-5.014967608742619543e-02,-2.908653316282260731e-02,1.557526390148079587e-01,-1.978925133195229835e-01,4.042036407028296724e-02,-5.646702606247959791e-03,-1.021264283830928231e-02,-4.768741036493277102e-03,-1.025281231781689784e-01,2.573803629147913274e-01,-4.692832176837687941e-01,1.227864981804852818e+00,2.415852683848030424e-01,-1.078382500879460221e-01,1.470561363648700548e-01,-8.388195484134380875e-02,-2.620482729846765890e-01,5.779892439300594598e-01,1.131692766854300869e+00,-1.945199483877156355e-01,-9.546449223676439777e-02,-1.218107559484632868e-01
1.116404710499791474e-03,-1.458173159078115025e-02,7.899712843303570153e-01,-8.198417322868113699e-03,2.082472954716540342e-02,7.159449473545053122e-01,6.977979284508100122e-01,3.307291888565780380e-02,3.704076345729719749e-02,1.241189050519819759e-02,9.595440828847637271e-02,-2.066114388926748036e-01,5.304737282686794453e-02,-2.020633877458948013e-02,-4.973016779705073664e-02,-2.888176907808550492e-02,1.555409979144151966e-01,-1.976489786861384546e-01,4.085493379533203934e-02,-5.489341003887393891e-03,-1.035184450476093164e-02,-5.232113094585325724e-03,-1.023792089725063803e-01,2.578513956955154063e-01,-4.700551683769664257e-01,1.227811467899225795e+00,2.420818981435913231e-01,-1.077071272985398592e-01,1.463127981558335622e-01,-8.374056168228719010e-02,-2.620062643077591402e-01,5.787564762029797638e-01,1.131655068805813791e+00,-1.943963615355675245e-01,-9.521757908647035529e-02,-1.217709521691704710e-01
1.176243154174054810e-03,-1.446241308580160922e-02,7.899772533515330153e-01,-8.304371167272393481e-03,2.093681852800287693e-02,7.160029147970572438e-01,6.977338411253672934e-01,3.286686931677552936e-02,3.718067067846655277e-02,1.282940549060567620e-02,9.600274324259146230e-02,-2.065808948598843731e-01,5.216587311887780493e-02,-2.020127063795718395e-02,-4.976085520284756480e-02,-2.965647390844980066e-02,1.552751055135379865e-01,-1.975846048782739506e-01,4.081761236614412508e-02,-5.357829794435968115e-03,-1.020078168982785707e-02,-5.605198374940841000e-03,-1.022198198299651278e-01,2.581517373994409170e-01,-4.705151926170982324e-01,1.227947725178768268e+00,2.423985380046890237e-01,-1.078670712102171997e-01,1.465569119661350450e-01,-8.338247421751882049e-02,-2.620754002714861253e-01,5.795142765101161109e-01,1.131372290900150235e+00,-1.943010821128972332e-01,-9.521761245469498314e-02,-1.217698347113379681e-01
1.231247367147432232e-03,-1.433583760862678323e-02,7.900138128373414004e-01,-8.331388838847346087e-03,2.092815625417098965e-02,7.160665874047578150e-01,6.976684331674475326e-01,3.286166718992293567e-02,3.735260220908100115e-02,1.303560886725133039e-02,9.625265274204405919e-02,-2.063874120344844632e-01,5.193847797768892660e-02,-1.999725224241287458e-02,-4.958663835366568240e-02,-2.950848448257199774e-02,1.551998005034863071e-01,-1.973404670084172308e-01,4.038627234795356957e-02,-5.701151138279934166e-03,-1.003258378142102974e-02,-5.927134562871541612e-03,-1.015739210430865180e-01,2.583000770638587684e-01,-4.707931316927799203e-01,1.227859436120160019e+00,2.421588898318029481e-01,-1.080734342805161757e-01,1.461870640446653602e-01,-8.292349116254399410e-02,-2.621275226075719389e-01,5.797191737219523633e-01,1.131009073265998977e+00,-1.934230797039427630e-01,-9.515939796756911484e-02,-1.215421394335771538e-01
1.286749500519537067e-03,-1.422447698349050757e-02,7.900299754418609322e-01,-8.455522709171957307e-03,2.085420065370510376e-02,7.159833198511065255e-01,6.977546073984735031e-01,3.311984636399727122e-02,3.791254829424161449e-02,1.401723579348292809e-02,9.609591829728908463e-02,-2.066573827436904431e-01,5.140542558671313406e-02,-2.027462646265408563e-02,-4.930126925873649230e-02,-3.036733933487684167e-02,1.559291821356369179e-01,-1.970010183189579156e-01,4.200722570459508587e-02,-5.687154976115537178e-03,-1.003447265091673805e-02,-5.828105060816494293e-03,-1.017358693631149336e-01,2.587382128354992483e-01,-4.712734118611359158e-01,1.228504364067951160e+00,2.416459255541081597e-01,-1.085011840014074719e-01,1.453351378613538525e-01,-8.325404987990503436e-02,-2.619585759727550145e-01,5.810065925544484200e-01,1.131335393982508819e+00,-1.933663138451013896e-01,-9.596460995227558410e-02,-1.217431182570128390e-01
1.357449326791314434e-03,-1.410612302477493897e-02,7.900370620238688080e-01,-8.409759032913740467e-03,2.075491595756818325e-02,7.163045075838726516e-01,6.974283919024436562e-01,3.318905271631509418e-02,3.816235419904260434e-02,1.448625916638218714e-02,9.646837964758905870e-02,-2.067547952911961140e-01,5.053801585558603121e-02,-1.951942724809358279e-02,-4.917424213002571237e-02,-3.063165330942574371e-02,1.555053908253072326e-01,-1.969056829840626077e-01,4.113654663953719703e-02,-5.787611721579219784e-03,-9.708857299076230352e-03,-6.296938133774548918e-03,-1.011807660114431295e-01,2.589023919513306349e-01,-4.714248783874082083e-01,1.227941993774662288e+00,2.416297703999656377e-01,-1.084196394440585937e-01,1.465818233913108726e-01,-8.253198578498130433e-02,-2.616681651402715247e-01,5.806487995251846668e-01,1.131800007064542868e+00,-1.919143459884965763e-01,-9.594054127598697357e-02,-1.230597666724913136e-01
1.437919138912201363e-03,-1.398603261224883043e-02,7.900978780085876618e-01,-8.395119807316055519e-03,2.056802803578629615e-02,7.166352643279386703e-01,6.970942376090664139e-01,3.357356468975003505e-02,3.855609904895322682e-02,1.448932315690976830e-02,9.626906369757487480e-02,-2.062481908792374308e-01,5.042162990602119116e-02,-1.856650391855425852e-02,-4.875155253635850977e-02,-3.047245478546990044e-02,1.547563418012943004e-01,-1.959806027191192956e-01,3.986832357783336861e-02,-6.391553348564543886e-03,-9.271945977918723616e-03,-6.835763405464514303e-03,-1.003354156404073216e-01,2.589437569160107366e-01,-4.718267410126658623e-01,1.227687851089752202e+00,2.413988716553520653e-01,-1.081156632929098360e-01,1.462728690400656451e-01,-8.175421614482490662e-02,-2.616538699664844314e-01,5.807535106224411825e-01,1.131825553615005697e+00,-1.912617860056358698e-01,-9.505107576085668197e-02,-1.229122060752325940e-01
1.534074565405661814e-03,-1.387195349237729455e-02,7.901336747654416071e-01,-8.660323335974176584e-03,2.063444214497589524e-02,7.166977577302363622e-01,6.970247790871810789e-01,3.332317547545619874e-02,3.910528383505839506e-02,1.523433685384260883e-02,9.603947519154856782e-02,-2.062080420443749007e-01,5.019954449614772579e-02,-1.824460168658635292e-02,-4.819666929582846343e-02,-3.012350957614502722e-02,1.532613910820603276e-01,-1.948616206387033534e-01,4.037156523334571590e-02,-6.183978582904453569e-03,-9.432876984066276144e-03,-7.314366458476224964e-03,-9.997989430381454268e-02,2.594626614626486250e-01,-4.721956300889720293e-01,1.227525675248924308e+00,2.413563825113007599e-01,-1.084490013883868120e-01,1.446853338653307786e-01,-8.134871373281910012e-02,-2.614277536092141641e-01,5.812600603721078674e-01,1.132037793224231370e+00,-1.912855166642113414e-01,-9.510836301234995571e-02,-1.216137951751107976e-01
1.650002161044136165e-03,-1.375363927492567230e-02,7.901712720781114419e-01,-8.759997712392622593e-03,2.062160967685492535e-02,7.169667471036583750e-01,6.967472247537220831e-01,3.354953700002391570e-02,3.943685322663912501e-02,1.508668755756722296e-02,9.528325152161606915e-02,-2.056421304305086906e-01,4.948330891866534881e-02,-1.773648667823259778e-02,-4.792877936172591086e-02,-3.072939488209067149e-02,1.525317649411043752e-01,-1.942484390862054544e-01,3.976165200158987556e-02,-6.404139621757256456e-03,-8.805051217749292058e-03,-7.806647965896491154e-03,-9.934493064018395936e-02,2.596853698077583039e-01,-4.724037951801341451e-01,1.227079606626479524e+00,2.413031985478839292e-01,-1.087117694081764646e-01,1.436343740792728474e-01,-8.054884121511209083e-02,-2.615957939494543694e-01,5.814966552832018243e-01,1.131522388882716168e+00,-1.907180775057179534e-01,-9.499679543104758150e-02,-1.214812327757926746e-01
1.775550020472602217e-03,-1.363305551093715179e-02,7.901758751840628481e-01,-8.777626233615640899e-03,2.067931675719803658e-02,7.170684568783154411e-01,6.966406155876289086e-01,3.384515774806791388e-02,3.957758940935902220e-02,1.523128284663465698e-02,9.464987829122673002e-02,-2.053244259052294240e-01,4.875374355059510639e-02,-1.767376029271685786e-02,-4.782875571209309340e-02,-3.091644069277058385e-02,1.526197097678921311e-01,-1.944386275993699731e-01,3.887902126203864051e-02,-6.578859539149412017e-03,-8.555063481669993725e-03,-8.302261275978203847e-03,-9.852823747392952525e-02,2.601678197540167048e-01,-4.720507362607825885e-01,1.226774685639670848e+00,2.415578847998250955e-01,-1.080740444963589897e-01,1.441077379869401542e-01,-8.001486819201922285e-02,-2.614837352714812768e-01,5.815323837346235702e-01,1.131326890313919309e+00,-1.901913851809022282e-01,-9.432875536963578056e-02,-1.207895505944182463e-01
1.896347776762802567e-03,-1.351303805119693016e-02,7.901649685718058480e-01,-8.890530166133850387e-03,2.089104152190269376e-02,7.169336265926129492e-01,6.967716253682117999e-01,3.382201631400910680e-02,3.972074905952351076e-02,1.610635227265545810e-02,9.420203344596035644e-02,-2.052385817127457268e-01,4.764321998492422605e-02,-1.805181572265755763e-02,-4.781772797481931292e-02,-3.113310922291290250e-02,1.525867398528247543e-01,-1.946439174288560059e-01,3.918233481490929204e-02,-6.604200716412803387e-03,-8.354334503347504021e-03,-8.525921192733088710e-03,-9.805562596137376574e-02,2.605687825099414767e-01,-4.719329873030959632e-01,1.226924633513953866e+00,2.417324426301288576e-01,-1.081763010670018649e-01,1.442168631956814162e-01,-7.975862111958129108e-02,-2.614972636261155836e-01,5.818909452844762686e-01,1.130457484853231831e+00,-1.896800010913734791e-01,-9.402147147120658299e-02,-1.206778321326582859e-01
2.015556869177365009e-03,-1.338571735616315289e-02,7.901587528852741515e-01,-8.773696969629844397e-03,2.080382386574366679e-02,7.171701328629128680e-01,6.965322847387912519e-01,3.404970592443654076e-02,3.982243320528272568e-02,1.589906785771588033e-02,9.448440199384527949e-02,-2.053136246973102097e-01,4.773525565936598269e-02,-1.780837395780370327e-02,-4.777303607531306617e-02,-3.148250353417821057e-02,1.533847745188507972e-01,-1.951173965452900338e-01,3.821991015921666346e-02,-6.669635835605187621e-03,-8.149560539183248534e-03,-8.798527541493111198e-03,-9.748925665645910565e-02,2.607058513657327659e-01,-4.712888257342989218e-01,1.226704220164978043e+00,2.411802709180789206e-01,-1.077700933845127246e-01,1.452459604358214140e-01,-7.878159808975782052e-02,-2.614870756693109533e-01,5.814855756573469314e-01,1.129889394471397912e+00,-1.881027755840946614e-01,-9.369000029061975987e-02,-1.203142257341744403e-01
2.117741916312585078e-03,-1.326914749162094904e-02,7.901554519202668159e-01,-8.960009345647019369e-03,2.093847163121289462e-02,7.172454000327674883e-01,6.964483719344244372e-01,3.402155773687106505e-02,4.015357393262675850e-02,1.674434875368220610e-02,9.380875739895909449e-02,-2.052171984357596402e-01,4.696212323682110584e-02,-1.777142486584228423e-02,-4.759651668125629287e-02,-3.193990322581130581e-02,1.526515919660560716e-01,-1.947781733330238851e-01,3.847110254595614148e-02,-6.843692913121432811e-03,-8.006542691874261181e-03,-9.434515383485476969e-03,-9.711242996802459115e-02,2.611104937071097032e-01,-4.716284586787811151e-01,1.226960326053291972e+00,2.420926475926212518e-01,-1.078594916055686387e-01,1.455935371298793246e-01,-7.807578393463512900e-02,-2.615679558358354750e-01,5.815587139340807621e-01,1.128964356018058668e+00,-1.880446884927794438e-01,-9.346732914635239031e-02,-1.203565694830972671e-01
2.210484408085705392e-03,-1.317045427300382772e-02,7.901513123077498202e-01,-9.212165639943885667e-03,2.101140090032185478e-02,7.172931958565111898e-01,6.963936589418237011e-01,3.397893638346181910e-02,4.071663756153300756e-02,1.792474379409812746e-02,9.322135836170976353e-02,-2.054785845650240472e-01,4.627571163313103086e-02,-1.787545032108421236e-02,-4.713746846459988815e-02,-3.186458147436545263e-02,1.520881071983629096e-01,-1.943930971325787127e-01,3.906791344376202985e-02,-6.821956186613467414e-03,-8.094707207649008696e-03,-9.884225255742801891e-03,-9.677785581409253934e-02,2.615928164726896710e-01,-4.716082339564716119e-01,1.226946417718171922e+00,2.428142843645882953e-01,-1.078858492343022224e-01,1.446983482772697116e-01,-7.767734649587863804e-02,-2.613316792453636572e-01,5.819101336477120467e-01,1.128861042317775398e+00,-1.880430931449950105e-01,-9.301453859995394147e-02,-1.193467309236826285e-01
2.307166144211916098e-03,-1.309449425379895053e-02,7.901404288460539549e-01,-9.353374330976910178e-03,2.103556627076968652e-02,7.173836792423963216e-01,6.962978357692458653e-01,3.411989568920571758e-02,4.113891198875277433e-02,1.871582250053847180e-02,9.260929433965595092e-02,-2.055858661189603753e-01,4.566131767313865580e-02,-1.746857958893813581e-02,-4.682288557191535694e-02,-3.211257267019126949e-02,1.509962820036332420e-01,-1.940154680423397671e-01,3.957883599696496169e-02,-6.717332513255121901e-03,-8.204928363515903364e-03,-1.018899174054998039e-02,-9.664757735951681750e-02,2.620765586373057232e-01,-4.714129158725974822e-01,1.226858828066133000e+00,2.433662157901687051e-01,-1.078598647946804462e-01,1.446390041553783923e-01,-7.720541212338136172e-02,-2.612121127248838715e-01,5.823111037253302369e-01,1.128374035187032387e+00,-1.876092042675973903e-01,-9.270387299057587793e-02,-1.187650198811076308e-01
2.411517713987327335e-03,-1.304538531402877830e-02,7.901449491319543217e-01,-9.279073095989508538e-03,2.092401362827352521e-02,7.174097193838420150e-01,6.962753614696992610e-01,3.461780050591684033e-02,4.144845095960159737e-02,1.943098972782341533e-02,9.234617550894531901e-02,-2.055644661507108617e-01,4.553202111323145784e-02,-1.683562272305121413e-02,-4.661197827977889285e-02,-3.219237456072297776e-02,1.503607951525901820e-01,-1.935222602503834100e-01,3.992693355881418715e-02,-6.572068862501581794e-03,-8.498367191234212220e-03,-1.074996780955235834e-02,-9.655248912730962640e-02,2.621830341729893266e-01,-4.706350536239096161e-01,1.227426659586265956e+00,2.428781254515828825e-01,-1.079649206279126306e-01,1.447234577810928291e-01,-7.695752892253149291e-02,-2.606628421220346659e-01,5.826718299998312478e-01,1.128817955552120944e+00,-1.868560390497756851e-01,-9.254961761537518206e-02,-1.180397692887481115e-01
2.534545953007193587e-03,-1.300243631247294078e-02,7.901596125997369935e-01,-9.075669542365433565e-03,2.090227407969247331e-02,7.176609814045665781e-01,6.960197144694177940e-01,3.470765388851557165e-02,4.128999389510550760e-02,1.912126807345024965e-02,9.267774876966079767e-02,-2.051759267110892238e-01,4.479814503715354168e-02,-1.607761448774651034e-02,-4.677565149183336018e-02,-3.246595495718001406e-02,1.499134344441971911e-01,-1.936454389979007373e-01,3.826863293235804875e-02,-6.688519863517923374e-03,-7.918311970660046190e-03,-1.132798497121152367e-02,-9.595616039714241485e-02,2.621411754303252239e-01,-4.707854440217223990e-01,1.227654189963653275e+00,2.424432978415487216e-01,-1.081081571016787035e-01,1.463233993593598403e-01,-7.609758619642009725e-02,-2.608462597306713260e-01,5.830159290408311046e-01,1.128253729190937138e+00,-1.860037379485324771e-01,-9.246337686413905188e-02,-1.186700726523127886e-01
2.670366760677092468e-03,-1.297473186497747483e-02,7.901664579205063266e-01,-9.050708964931597489e-03,2.081714337768421699e-02,7.180873784797850989e-01,6.955826680394325834e-01,3.484374459775950450e-02,4.156513603382201716e-02,1.909737681406490500e-02,9.235130924839478339e-02,-2.049804412387491726e-01,4.409724517345774142e-02,-1.523814567097987391e-02,-4.663855273827512138e-02,-3.333015238477725350e-02,1.490324929409027332e-01,-1.932192605322288759e-01,3.783432006984538409e-02,-6.822745411692152442e-03,-7.378147713761072646e-03,-1.184884470114730762e-02,-9.584131006989096702e-02,2.620284367187860619e-01,-4.707500217500328321e-01,1.227903141611476290e+00,2.423128661863277467e-01,-1.083660242690486636e-01,1.454177371385852457e-01,-7.536403248772177710e-02,-2.606964332503463044e-01,5.833233878468012668e-01,1.128487600944667157e+00,-1.848202213217080558e-01,-9.230465255308933914e-02,-1.173585258655480690e-01
2.806578084969741423e-03,-1.295522730227624021e-02,7.901945916627828304e-01,-9.202631072777859439e-03,2.082799705655879671e-02,7.185980450802624819e-01,6.950527719006490690e-01,3.466605486994600582e-02,4.193562874212507924e-02,1.900885859639896841e-02,9.166897332002485466e-02,-2.046458011924638942e-01,4.320169668213675457e-02,-1.474754544573137274e-02,-4.634919371203206906e-02,-3.410471722894033858e-02,1.480245173318639473e-01,-1.925933286595611083e-01,3.696579690003647112e-02,-7.008714239189426168e-03,-6.869424124388613835e-03,-1.260849681095068536e-02,-9.586497185157517864e-02,2.620410966184615886e-01,-4.708583395963124030e-01,1.228234187760391505e+00,2.431494611833852626e-01,-1.085451215600996833e-01,1.447537603762426295e-01,-7.460091499682963700e-02,-2.604861101527338185e-01,5.832616930981190384e-01,1.128882733640874658e+00,-1.842529224322659032e-01,-9.188480780854205165e-02,-1.162382445685119225e-01
2.923791472376179642e-03,-1.294192232386980231e-02,7.902231117874946031e-01,-9.404650174455922440e-03,2.083221483527113171e-02,7.189101731011137142e-01,6.947270934632394646e-01,3.467652589552364106e-02,4.250214563687525898e-02,1.986642553613468531e-02,9.071161184233811348e-02,-2.044165036253366985e-01,4.213446902258081994e-02,-1.464281405511805648e-02,-4.592948786368443448e-02,-3.460996394091321593e-02,1.473926303878442812e-01,-1.918509123411267225e-01,3.623353603072613366e-02,-6.886500828507594388e-03,-6.590343900767484282e-03,-1.330755999450791358e-02,-9.586915183620350889e-02,2.622941352625964284e-01,-4.714477357020416259e-01,1.228504305435032196e+00,2.449256010815574758e-01,-1.089271456907433960e-01,1.441104850728139319e-01,-7.407043940318749908e-02,-2.602451273132493914e-01,5.837692942491368164e-01,1.129302054030841607e+00,-1.848304708876910563e-01,-9.169788737477176099e-02,-1.150754328348685129e-01
3.017365261399199312e-03,-1.293498237208505833e-02,7.902637403509430447e-01,-9.432020499407186773e-03,2.075931486067988593e-02,7.192581081498624629e-01,6.943686785105556147e-01,3.499078224708300489e-02,4.281134958542095331e-02,2.027079686174028395e-02,8.983222920726390004e-02,-2.038574138900520194e-01,4.149326155761348667e-02,-1.410036158695759240e-02,-4.567605923945875640e-02,-3.482743782627792384e-02,1.466823018847064619e-01,-1.911064590219764547e-01,3.533224569471403453e-02,-7.144878627749075284e-03,-6.375996264108805232e-03,-1.399477305024480339e-02,-9.597686005529444675e-02,2.622067305602983622e-01,-4.712791752815644886e-01,1.229327300269231760e+00,2.447333605059544281e-01,-1.091791921572712321e-01,1.429410994451992822e-01,-7.340009942835185042e-02,-2.598722374605373364e-01,5.832592409916623755e-01,1.129513744347576232e+00,-1.838244570992674243e-01,-9.132129297362509557e-02,-1.142599319594751056e-01
3.079508862506819336e-03,-1.294100269392219407e-02,7.902955837206617762e-01,-9.648463255107722625e-03,2.072286297901666102e-02,7.198335580089521013e-01,6.937702205132048050e-01,3.495408622382829844e-02,4.331683608773406052e-02,2.078426493120008600e-02,8.867526490148576468e-02,-2.035496902071736725e-01,4.024538315139490618e-02,-1.352093275395429076e-02,-4.540825128526536358e-02,-3.620644592276890672e-02,1.454744553777706229e-01,-1.903150566661699350e-01,3.492202718205431738e-02,-7.240595120460425332e-03,-6.041904959571189719e-03,-1.412563055076592085e-02,-9.644551965687922501e-02,2.622409931279160444e-01,-4.714536241954777052e-01,1.229446154553477832e+00,2.451363128915646783e-01,-1.093985487517359773e-01,1.421204991593146005e-01,-7.279109581814996455e-02,-2.600349237280839554e-01,5.836363975469175402e-01,1.129392947461723917e+00,-1.833398648468881620e-01,-9.124538915447243104e-02,-1.129757616724798575e-01
3.100610114044247741e-03,-1.296310809929061142e-02,7.903367834645561585e-01,-9.813370248915110824e-03,2.081654211321424044e-02,7.201344391826614011e-01,6.934527805423239544e-01,3.480262986413339837e-02,4.341558840085519427e-02,2.076321798285892667e-02,8.773027674826588962e-02,-2.028797417776112555e-01,3.903716888093180376e-02,-1.287512065806473843e-02,-4.539175804068670134e-02,-3.722687056815394274e-02,1.435601504964498232e-01,-1.894488888698830920e-01,3.456454865492666201e-02,-7.073047837461576490e-03,-5.763179424451300714e-03,-1.470803361707845834e-02,-9.666371448226859786e-02,2.620520017806485802e-01,-4.716472520141735680e-01,1.229558663087154669e+00,2.459677349367380417e-01,-1.095581553520855872e-01,1.409472725153268768e-01,-7.240714294293092157e-02,-2.601455162018825318e-01,5.837400502868287377e-01,1.129613212266282085e+00,-1.836918124812062791e-01,-9.080344294063411037e-02,-1.119122436179628699e-01
3.088196432308111701e-03,-1.301952032322281107e-02,7.903737067248781667e-01,-1.000462553521148240e-02,2.075705634608339054e-02,7.204520378560472782e-01,6.931218603022231139e-01,3.479120083719973444e-02,4.375491697738965319e-02,2.062958118508576022e-02,8.668669071160203798e-02,-2.023335242649898225e-01,3.851676672479509289e-02,-1.245579917182407584e-02,-4.506841448127082289e-02,-3.771956017817893608e-02,1.423257698692529938e-01,-1.884220056066311932e-01,3.399131214207855994e-02,-7.286073626881484772e-03,-5.852563916288402654e-03,-1.501490617276417770e-02,-9.720106218476148863e-02,2.617293509540660756e-01,-4.709717018794418175e-01,1.230325216966628776e+00,2.449563725961336202e-01,-1.091061768352023925e-01,1.391070032738772333e-01,-7.221941220987884713e-02,-2.602188841776714723e-01,5.841808767812328718e-01,1.129634019033741277e+00,-1.826689197588028390e-01,-9.046910484230806515e-02,-1.097403671224102262e-01
3.054816605752130008e-03,-1.312258772818166580e-02,7.904621725625660122e-01,-1.031172355917827840e-02,2.077085445591186214e-02,7.209209955582825957e-01,6.926291634963581689e-01,3.431169746993496805e-02,4.421260514966013355e-02,2.150225769448495944e-02,8.575851989864746727e-02,-2.014699486604922818e-01,3.735109887027143749e-02,-1.224129727860454736e-02,-4.480873662872770363e-02,-3.855216556787284532e-02,1.407942771613915900e-01,-1.865227117466545792e-01,3.449943634559205635e-02,-7.298646155090052559e-03,-5.978414194537351976e-03,-1.548687189645935047e-02,-9.816446033064858689e-02,2.615441886202173882e-01,-4.716842074540728014e-01,1.230732592095524547e+00,2.449246911529814885e-01,-1.095773797834307256e-01,1.364536859019921944e-01,-7.166620063692352716e-02,-2.608657727408397187e-01,5.851301649484269563e-01,1.128671911265414440e+00,-1.819829086325459311e-01,-9.000140963065479671e-02,-1.072096286416960448e-01
3.008409094257682471e-03,-1.326459602949422306e-02,7.905347166600187325e-01,-1.065049120756642737e-02,2.085930638117329539e-02,7.210873697792992143e-01,6.924481652218495986e-01,3.370893652317116101e-02,4.464189536650681189e-02,2.269431648471301188e-02,8.501432784913817708e-02,-2.007957393739108198e-01,3.591786202591965710e-02,-1.251434327651316028e-02,-4.458507899133477143e-02,-3.944110595919125828e-02,1.396067296818223891e-01,-1.849654072522254056e-01,3.480753535863050085e-02,-6.901720246423203101e-03,-6.202922526199510650e-03,-1.641528808630374897e-02,-9.885374375061556362e-02,2.612135871724114988e-01,-4.713393372548850269e-01,1.231571228519340089e+00,2.461650162003863607e-01,-1.095847858822587423e-01,1.343337480990334787e-01,-7.137409006507280940e-02,-2.611871343566082859e-01,5.861263499382686204e-01,1.128378085345860038e+00,-1.821916019519797536e-01,-8.969028874696825804e-02,-1.049831748832492501e-01
2.971676053534543904e-03,-1.344648157022868516e-02,7.905889448712866141e-01,-1.070940001637646355e-02,2.075605590718254678e-02,7.215187646638515639e-01,6.920008433032552864e-01,3.324356950282403994e-02,4.480017526229095742e-02,2.266687049130922116e-02,8.499556466861239723e-02,-2.001885909615138959e-01,3.519753882149486562e-02,-1.206596337506075922e-02,-4.454948149499796117e-02,-4.032041675066676267e-02,1.386200095994121195e-01,-1.837878194780047936e-01,3.475803385748943430e-02,-7.005971578778724326e-03,-5.895132006857530145e-03,-1.660815118403495202e-02,-9.930373272967560339e-02,2.605551850787617418e-01,-4.701526249544849545e-01,1.231365285985461355e+00,2.450026158134266940e-01,-1.096621142399073212e-01,1.317412304050486205e-01,-7.093529383518960840e-02,-2.621186425086567406e-01,5.865967916227536882e-01,1.127102408420695312e+00,-1.822807926773195308e-01,-8.934041167834265440e-02,-1.022063152228097627e-01
2.946747513686123580e-03,-1.366047144838283822e-02,7.906521426735261260e-01,-1.073848045924131328e-02,2.058400072039888451e-02,7.219636415785103400e-01,6.915413828473789826e-01,3.281649262925188937e-02,4.503551714918473114e-02,2.244716827151202465e-02,8.505307360400288230e-02,-1.995256812250987555e-01,3.431428480870598458e-02,-1.166845504002366266e-02,-4.447095741580366773e-02,-4.147127755444885572e-02,1.379724266570906965e-01,-1.825843487726741543e-01,3.445681351967034428e-02,-7.007543933939573873e-03,-5.412129960030875875e-03,-1.668027570988383015e-02,-9.978855543268050354e-02,2.598245278184682650e-01,-4.690168136628694029e-01,1.231275387430001089e+00,2.441289056758359777e-01,-1.097056147253226421e-01,1.295898446530775738e-01,-7.030221527210268884e-02,-2.634229338919601426e-01,5.875416735432629212e-01,1.125379631161178340e+00,-1.820343938161208264e-01,-8.928587698836287778e-02,-9.935177974316104776e-02
2.938271834665886432e-03,-1.389324589774719974e-02,7.907052645957779458e-01,-1.082284258212939596e-02,2.060348633862149267e-02,7.223520692363107898e-01,6.911337428451578280e-01,3.218892359123326496e-02,4.510146240359682451e-02,2.279290528106181490e-02,8.480061800284899309e-02,-1.987022440716944283e-01,3.344840212674066865e-02,-1.177663088319401766e-02,-4.463359764698708598e-02,-4.280420936464379711e-02,1.374859863061994592e-01,-1.816256839815665602e-01,3.451483263420680736e-02,-7.283338712702105977e-03,-5.100090445338795186e-03,-1.714011456928597049e-02,-9.993856040172288679e-02,2.595453721823007820e-01,-4.684058108141523902e-01,1.230719507045623828e+00,2.447304226673803207e-01,-1.099523485538740908e-01,1.274244879498112049e-01,-7.004261618538888678e-02,-2.642685323808721121e-01,5.881557291211784166e-01,1.124424965880394423e+00,-1.823330719990110260e-01,-8.881586624171929067e-02,-9.675090610625627918e-02
2.942222618991422334e-03,-1.413238229804067783e-02,7.907415416939561625e-01,-1.089146487016530440e-02,2.049173066095915166e-02,7.228344226549647811e-01,6.906314953667869183e-01,3.165080085406830196e-02,4.530882570554225358e-02,2.233375730248106372e-02,8.463587967357547037e-02,-1.981102132794861082e-01,3.249014291444290992e-02,-1.172561149882576578e-02,-4.454847956147527793e-02,-4.388290756762575767e-02,1.372237132333385401e-01,-1.808903137798236194e-01,3.380475130143856949e-02,-7.826150256500451555e-03,-4.578528813972865784e-03,-1.720947058847782998e-02,-1.001231011812234173e-01,2.590041962804742193e-01,-4.671492772749974431e-01,1.230202754412134558e+00,2.432335227962204860e-01,-1.105007230627909759e-01,1.248865606649251919e-01,-6.966818173786507029e-02,-2.653655717909627620e-01,5.889126619158459031e-01,1.122739946385475918e+00,-1.819339176896508925e-01,-8.908731414686772709e-02,-9.450137571125508118e-02
2.946306609883756443e-03,-1.436919317013261518e-02,7.907534729742604629e-01,-1.094509149991945360e-02,2.049904454339668974e-02,7.229640775143829634e-01,6.904947043740764512e-01,3.117485463715575361e-02,4.540959955711470347e-02,2.266978007361915293e-02,8.452823704717073172e-02,-1.977309381763037721e-01,3.158948110531439868e-02,-1.195301118305529958e-02,-4.458533783055404487e-02,-4.459334028244513193e-02,1.368787921471372182e-01,-1.804541153749825155e-01,3.387128113129195262e-02,-7.821388144265063735e-03,-4.154967801200866798e-03,-1.705121108540120362e-02,-1.005912139140164863e-01,2.584016175418696881e-01,-4.663630108111714856e-01,1.230492697057538498e+00,2.415351965896548048e-01,-1.107970006304503235e-01,1.232888020295372783e-01,-6.977551982115756668e-02,-2.662815883486399082e-01,5.897791866416336459e-01,1.121644756941505117e+00,-1.807828760936516788e-01,-8.909530888046104935e-02,-9.283113341671142549e-02
2.950816482683990202e-03,-1.459628719358271008e-02,7.907697481645152848e-01,-1.106519231959302713e-02,2.056083672005475094e-02,7.230427689939938896e-01,6.904085513069776470e-01,3.052399684745020492e-02,4.550335123400190557e-02,2.294733804128750582e-02,8.452944117601401963e-02,-1.973916931600708802e-01,3.105977634159651224e-02,-1.243079945246558168e-02,-4.457413976974194947e-02,-4.511292163420275309e-02,1.366157374532481761e-01,-1.799361831511547272e-01,3.432194381639381425e-02,-8.277210216903033851e-03,-3.732580210643501439e-03,-1.707796498536696614e-02,-1.006024677826268809e-01,2.579639331196328378e-01,-4.657187758152284696e-01,1.230322444965176620e+00,2.390774830636115678e-01,-1.112280927761809535e-01,1.219823953688571050e-01,-7.007071262646752396e-02,-2.672299020220351706e-01,5.903827147575183565e-01,1.120480888085679583e+00,-1.791068354060926515e-01,-8.939044619356267818e-02,-9.143787388423792184e-02
2.958805328914381957e-03,-1.481851700990505227e-02,7.907956272046080537e-01,-1.095473868858081595e-02,2.046179541097189677e-02,7.231610084452719800e-01,6.902894063313166351e-01,3.001593583364893514e-02,4.545948949544545425e-02,2.280128817451191475e-02,8.545039432603535046e-02,-1.973400950476817683e-01,3.102605216547632896e-02,-1.242930084338228144e-02,-4.465371834564738074e-02,-4.550311753228068745e-02,1.367102644235270170e-01,-1.795731708372548807e-01,3.390480383557632066e-02,-8.337105235406585754e-03,-3.296038054927525034e-03,-1.682655071400651625e-02,-1.011481425782614629e-01,2.573612365548448855e-01,-4.655568429698708210e-01,1.230790907568120263e+00,2.373974985411746730e-01,-1.122445582228513150e-01,1.214773800513207908e-01,-7.078042883619706238e-02,-2.677845728173633422e-01,5.913755053246511073e-01,1.120643174920219254e+00,-1.793245399727149414e-01,-9.007321936164068565e-02,-9.114316552543158534e-02
2.976618365303814427e-03,-1.503469605771590167e-02,7.908433626428249541e-01,-1.081871700001505419e-02,2.014410320456435505e-02,7.233157689596849682e-01,6.901387315915671339e-01,2.968264846110715838e-02,4.587700474275212964e-02,2.357417801017205883e-02,8.684546652309571568e-02,-1.974669517605155689e-01,3.097927596825518146e-02,-1.233602986045290520e-02,-4.443703877727032264e-02,-4.606060254543786064e-02,1.374195807154140192e-01,-1.788367564702849910e-01,3.423536059303942253e-02,-8.577989491794998228e-03,-2.962529667286367425e-03,-1.693972046463333367e-02,-1.013733849324279929e-01,2.567334682855161865e-01,-4.648777257587529133e-01,1.231354280913523835e+00,2.352084681949116463e-01,-1.131655065402121796e-01,1.212488642121224702e-01,-7.119895728600464380e-02,-2.682066979093433723e-01,5.922040886358278522e-01,1.120768380157481481e+00,-1.778588907420881049e-01,-9.071377779348681336e-02,-9.088472488228238610e-02
3.018767050263798657e-03,-1.524461434241139446e-02,7.909143500380865222e-01,-1.059698405138209329e-02,1.993181190391759422e-02,7.234799930508228893e-01,6.899761781818434248e-01,2.887961345016227394e-02,4.599314302813592437e-02,2.428707968271578282e-02,8.915526359584055593e-02,-1.974266423019140348e-01,3.133631086334590088e-02,-1.199438631706762140e-02,-4.452780711795299717e-02,-4.680587628185882421e-02,1.376337489803224901e-01,-1.780396479543570332e-01,3.486082440743860922e-02,-8.386901424974007799e-03,-2.910690296570444917e-03,-1.706562275011997906e-02,-1.021958815626246020e-01,2.561905862296451897e-01,-4.647662060601149281e-01,1.232391784646867716e+00,2.362445777951447112e-01,-1.145293993628677121e-01,1.212563754211454098e-01,-7.172645056659252005e-02,-2.681792891093383036e-01,5.926266019671739826e-01,1.121462255823061804e+00,-1.775498877520414742e-01,-9.190642971040516307e-02,-9.208054988378033823e-02
3.076277182627885128e-03,-1.544179184851658844e-02,7.909091192051362906e-01,-1.030113682793506839e-02,1.987432011377662788e-02,7.234301653479665584e-01,6.900345598915180734e-01,2.861060121972978237e-02,4.575744809122801737e-02,2.469706847048240561e-02,9.033272017768056994e-02,-1.972420677155763691e-01,3.075468757526822125e-02,-1.155048256610099675e-02,-4.490340678639240246e-02,-4.744066581090850693e-02,1.372935338711440689e-01,-1.781618251140734688e-01,3.463279620943859188e-02,-8.692809961690294365e-03,-2.243044491457837561e-03,-1.707712451599737585e-02,-1.020009931474960552e-01,2.557735372404720819e-01,-4.647144304591632746e-01,1.232493801796534338e+00,2.348509521120678567e-01,-1.154639319755412508e-01,1.205327816542752506e-01,-7.223174181721522813e-02,-2.684734905082948320e-01,5.924845069083792826e-01,1.121153730073895627e+00,-1.745437709874572974e-01,-9.234415779389161527e-02,-9.133908947249268218e-02
3.150955442578948305e-03,-1.563696930268091562e-02,7.909257567295672198e-01,-9.773089205147219086e-03,1.955482724632351399e-02,7.232440165844075119e-01,6.902464689758345262e-01,2.938276099952807224e-02,4.563438976580447282e-02,2.516091959821625812e-02,9.111214478537243977e-02,-1.969446178035717532e-01,3.078161391817202386e-02,-1.044231628580730500e-02,-4.519272906556336816e-02,-4.820891679019154163e-02,1.370350803724463828e-01,-1.779452568494741538e-01,3.470850559947166042e-02,-8.757458791440290991e-03,-1.763046496997747962e-03,-1.716819240597745183e-02,-1.022589042135275961e-01,2.546268844613310267e-01,-4.635191829956520349e-01,1.234398334733073366e+00,2.304233288839688532e-01,-1.161226913111231135e-01,1.203115171061402422e-01,-7.268965027813947821e-02,-2.689695339750440284e-01,5.930608308041040999e-01,1.120329848769865411e+00,-1.707885866818766862e-01,-9.337918039359444089e-02,-9.103225040635411214e-02
3.241076520307312712e-03,-1.580740750213074919e-02,7.909452783768184947e-01,-9.383234605066848033e-03,1.929289349902151354e-02,7.233566158603742524e-01,6.901412503682186061e-01,2.960252118193322513e-02,4.564879961210530079e-02,2.588630459667674855e-02,9.221459804581381980e-02,-1.968424564444668512e-01,3.023123230398577083e-02,-9.091242096105633247e-03,-4.526628295631485166e-02,-4.849819450181848401e-02,1.360464401559595138e-01,-1.777936689814152982e-01,3.431857326736707792e-02,-9.339460073031307513e-03,-1.059809313461227342e-03,-1.730748851694249163e-02,-1.020552762506086869e-01,2.540507232200326926e-01,-4.635759009901161409e-01,1.235030580760028807e+00,2.294595081218331889e-01,-1.164498455556388368e-01,1.199958150572424109e-01,-7.263064760747797721e-02,-2.694540189388338058e-01,5.924597617254198090e-01,1.119335915029499473e+00,-1.673016082925450898e-01,-9.353641219635601411e-02,-9.116664876428423603e-02
3.316613224494328015e-03,-1.596616199149933010e-02,7.909991019173436833e-01,-8.878014445181985070e-03,1.895419192077961446e-02,7.232458305164581880e-01,6.902734154729556204e-01,3.045457422844518799e-02,4.559335039239297699e-02,2.651472515544169017e-02,9.295367902206455590e-02,-1.965825858001025161e-01,3.000970344490591288e-02,-7.816516780368560485e-03,-4.535291371784699183e-02,-4.850995186066366094e-02,1.355789717598359645e-01,-1.773942464165307598e-01,3.325628896581629690e-02,-9.665542542093728470e-03,-6.295054212929671305e-04,-1.775227931064898498e-02,-1.020425458247358752e-01,2.531842338808356074e-01,-4.629333157259897802e-01,1.237178831484035291e+00,2.275228845275465428e-01,-1.162663132995008092e-01,1.207915494310372734e-01,-7.301859840412840141e-02,-2.693732416778683580e-01,5.922631685567133486e-01,1.119597778649420006e+00,-1.646562301080931046e-01,-9.349163082483225029e-02,-9.164877083899583554e-02
3.353538488616262560e-03,-1.611218575676848230e-02,7.910675677395960781e-01,-8.596753523875040950e-03,1.870946540590763194e-02,7.230273708511673059e-01,6.905124710916691333e-01,3.116120098400571720e-02,4.575131563476100838e-02,2.764610155293981825e-02,9.312921313170896553e-02,-1.962364573539069901e-01,2.955908451215124785e-02,-7.171813537458715526e-03,-4.528054475543129287e-02,-4.853105136530243280e-02,1.352493911249660896e-01,-1.766666814592195434e-01,3.247783895769795065e-02,-1.029947764542266803e-02,-1.917737118717728010e-04,-1.796548770259389499e-02,-1.014233239959274890e-01,2.526821431259342332e-01,-4.623333639183129784e-01,1.238097911359570480e+00,2.263159063656620673e-01,-1.160684293991326999e-01,1.206510383433564287e-01,-7.341630519705136249e-02,-2.695549794447909542e-01,5.921329577375543662e-01,1.119031271220875645e+00,-1.621938535409057081e-01,-9.314768779307847080e-02,-9.160026029482612464e-02
3.339694973398478397e-03,-1.624696601852445785e-02,7.910747664021270387e-01,-8.419466592722569392e-03,1.863777839879536199e-02,7.226985834327417368e-01,6.908606974658203503e-01,3.196258914539007456e-02,4.563002137952201775e-02,2.812809946086687607e-02,9.226967792917389888e-02,-1.957484907544730368e-01,2.940611474353826971e-02,-6.701331019794386223e-03,-4.546061040053400726e-02,-4.915339677384766154e-02,1.344022256140041949e-01,-1.764400499304568659e-01,3.196948654264895884e-02,-1.081589969894087601e-02,7.680069793889864743e-05,-1.840679536790233717e-02,-1.008064162124957946e-01,2.522564169833629300e-01,-4.606733287734192106e-01,1.239317456369335657e+00,2.241535139699894486e-01,-1.153096386819538466e-01,1.195148729574716656e-01,-7.376860551171167402e-02,-2.697651578695084429e-01,5.910755412233639206e-01,1.118348978888408674e+00,-1.591226938575235061e-01,-9.286695436181231778e-02,-9.015162288742470387e-02
3.268081148914782786e-03,-1.638183778234055671e-02,7.911175095426515869e-01,-8.362254266851195175e-03,1.854854860781886272e-02,7.226494945411922055e-01,6.909151410176789243e-01,3.183028564098153157e-02,4.569987441314942583e-02,2.928113544172500360e-02,9.271000695630021715e-02,-1.955432641120578852e-01,2.939483665778112875e-02,-6.799493749020325134e-03,-4.555171770359114219e-02,-4.955295523422568321e-02,1.346147486117455216e-01,-1.761003933775019958e-01,3.153140251350792372e-02,-1.121221632139911620e-02,5.238742505890624322e-05,-1.888720229283479685e-02,-1.001316256114229974e-01,2.521673833505758133e-01,-4.602787007182284063e-01,1.239155689029511009e+00,2.236366748296169105e-01,-1.148723968611207319e-01,1.188785756561793888e-01,-7.374026956736992600e-02,-2.707657907754077997e-01,5.918188049943994278e-01,1.116824175444907086e+00,-1.598577015193136663e-01,-9.185152966340798253e-02,-8.840208420379667975e-02
3.130190367717486377e-03,-1.651947544183903632e-02,7.911581544601274940e-01,-8.567986569277744394e-03,1.856917185331835585e-02,7.223035844729822630e-01,6.912736848168832271e-01,3.168722433629669877e-02,4.605989936900133780e-02,3.150987670909099342e-02,9.245821303470755370e-02,-1.954805751898657518e-01,2.866513830755951231e-02,-7.195848530927091702e-03,-4.534133744034873209e-02,-4.934033670920597026e-02,1.338776716342790218e-01,-1.751274359084723509e-01,3.270570036925229962e-02,-1.155652915517134047e-02,-2.756779102758519793e-04,-1.911707808804720410e-02,-9.950251937733492480e-02,2.520074963336685903e-01,-4.594683086016453921e-01,1.239288144125420432e+00,2.234091702654124045e-01,-1.147274359759617862e-01,1.181987049859200140e-01,-7.411056610045586857e-02,-2.716872489769658894e-01,5.929868172861695319e-01,1.115256494010993471e+00,-1.597536780396010270e-01,-9.144526994575935541e-02,-8.637429611415634034e-02
2.956051082448524041e-03,-1.666569521318964076e-02,7.912169508153256148e-01,-8.505353357800162981e-03,1.821494250543488624e-02,7.225663527515316931e-01,6.910092189726064760e-01,3.146514284982265819e-02,4.632528607591352571e-02,3.198187574659006743e-02,9.359050014875149037e-02,-1.956641045397228829e-01,2.851523618012056019e-02,-6.312362649857999192e-03,-4.513745810620247573e-02,-4.937127507996188353e-02,1.330852751418529767e-01,-1.738443979781486015e-01,3.271680244975740115e-02,-1.223512042548115762e-02,-3.542012628371421935e-04,-1.934896799868625339e-02,-9.905444488877190867e-02,2.516625859085746542e-01,-4.588816500193824699e-01,1.238626509415578392e+00,2.218537604409791253e-01,-1.153809975293386136e-01,1.169818378827523486e-01,-7.398523597061894275e-02,-2.727744320378724940e-01,5.937538682507850218e-01,1.114159483384193239e+00,-1.591837936445539003e-01,-9.126033750717112147e-02,-8.509182964881106814e-02
2.751277611970637683e-03,-1.680723891177191703e-02,7.912732404401734421e-01,-8.311478712303942140e-03,1.779091089858832880e-02,7.227564716162462322e-01,6.908237731490191047e-01,3.174292448377473430e-02,4.645652872996740290e-02,3.258550173703214647e-02,9.443880583523520111e-02,-1.956788162415823429e-01,2.878956418767282185e-02,-5.655323565679163528e-03,-4.511417936083767649e-02,-4.954893675152327592e-02,1.334051762621792925e-01,-1.729449591432027922e-01,3.261235327832596315e-02,-1.284436065550980700e-02,-6.483399602736737840e-04,-2.010208493477591216e-02,-9.815914209630501042e-02,2.514771228526625491e-01,-4.578935092423720987e-01,1.238148957247698911e+00,2.216778066901200217e-01,-1.152678094394262998e-01,1.172848488768753195e-01,-7.369827348888108309e-02,-2.736919827277674577e-01,5.940946932382695778e-01,1.113655873742162461e+00,-1.600973932062917937e-01,-9.048641525119192897e-02,-8.406974570102343502e-02
2.530012159235397757e-03,-1.693146060244324694e-02,7.913095761175346077e-01,-7.985756960688634651e-03,1.746931729650702536e-02,7.228403280538762132e-01,6.907480805459564888e-01,3.231113447306142861e-02,4.616681562872459316e-02,3.288485421393652630e-02,9.496239797260300208e-02,-1.953651717632396978e-01,2.817488246521398371e-02,-4.269873983360851499e-03,-4.539816410892368037e-02,-4.938713524752906536e-02,1.322839089056367656e-01,-1.720622659961028034e-01,3.198630594321479059e-02,-1.313661550706259409e-02,-6.743816022612221690e-04,-2.091385715703411585e-02,-9.733732631364035159e-02,2.504917827914677209e-01,-4.560492079830719137e-01,1.238669558728392461e+00,2.199352770209756225e-01,-1.162591196600411270e-01,1.159110245015687463e-01,-7.379560544643454234e-02,-2.737199137952450734e-01,5.935882511768575398e-01,1.115224560353245797e+00,-1.596043613628869151e-01,-9.054238447646828503e-02,-8.262432628073851371e-02
2.306255267860184231e-03,-1.705437392733127541e-02,7.912767718981945642e-01,-7.559623225862002402e-03,1.715144491872206897e-02,7.228998903706467249e-01,6.906985076978158222e-01,3.286709117154289900e-02,4.569587921602699665e-02,3.316569941095112023e-02,9.591885307002809280e-02,-1.957144645577305608e-01,2.817390694092908668e-02,-2.853214793193736137e-03,-4.603093297138663442e-02,-5.019485416324141747e-02,1.315515486091432540e-01,-1.720364688893999128e-01,3.292374026633498180e-02,-1.257579574262064799e-02,-8.644855916645896241e-04,-2.122135283929012239e-02,-9.745297247923995210e-02,2.492476240437523916e-01,-4.541608942858350595e-01,1.239262744092796575e+00,2.166262819689524777e-01,-1.173735294379570360e-01,1.163388271915407335e-01,-7.381747659201091938e-02,-2.744692718013116983e-01,5.938265720736952691e-01,1.115751302939237855e+00,-1.586346598382882278e-01,-9.083459981884932366e-02,-8.249232705647487063e-02
2.085545105577573007e-03,-1.714416756844692330e-02,7.912351207707933876e-01,-7.492242045859122575e-03,1.701744140177489581e-02,7.231810427529430374e-01,6.904081781091742087e-01,3.299353756369211021e-02,4.532048929101842316e-02,3.247159636724782084e-02,9.584712262619790590e-02,-1.961802082338446052e-01,2.838450279435298859e-02,-2.289492176632566822e-03,-4.626890488780255328e-02,-5.008724908123687869e-02,1.311194632369873936e-01,-1.722100752877115393e-01,3.327767204573351539e-02,-1.274344277778423351e-02,-8.822401587818666253e-04,-2.160587620884093368e-02,-9.741194377459247433e-02,2.482027466962661577e-01,-4.526675139272358095e-01,1.239951593069913649e+00,2.151127789461851347e-01,-1.176856007908339552e-01,1.165575323166630622e-01,-7.363772482528711805e-02,-2.752236094991846738e-01,5.938278966355844402e-01,1.116246389558694707e+00,-1.579256097222229149e-01,-9.050005621971630998e-02,-8.140528906878645443e-02
1.871312756854384262e-03,-1.722911724658073712e-02,7.911889183076551424e-01,-7.416352063786053883e-03,1.690222693621140637e-02,7.233732006267062919e-01,6.902104933002231046e-01,3.293379785581697361e-02,4.503422851247164405e-02,3.253195072657870390e-02,9.617528439504255400e-02,-1.965126297513297982e-01,2.846040307464382454e-02,-1.700676140765331606e-03,-4.660031358438798677e-02,-5.032722971525896427e-02,1.304583616329168527e-01,-1.721845624281325426e-01,3.445579036707575871e-02,-1.279482495940281912e-02,-1.161751584218535674e-03,-2.179783941366181255e-02,-9.728575552199969501e-02,2.473229908442327041e-01,-4.502225312118620093e-01,1.239956193167811138e+00,2.122486605155676498e-01,-1.181701443364376047e-01,1.156370090200600498e-01,-7.321902629920654104e-02,-2.765279043261302250e-01,5.939136347532384397e-01,1.114986828592381851e+00,-1.570674929265337139e-01,-9.019917377278467707e-02,-7.925319169036376676e-02
1.656108575933055256e-03,-1.730319801970099658e-02,7.911504984005666152e-01,-7.573568905005474347e-03,1.687493647153459272e-02,7.232721906832568770e-01,6.903153016972499723e-01,3.284454885466977364e-02,4.506313534399516291e-02,3.317136865619807473e-02,9.593767982802184346e-02,-1.969498875196230847e-01,2.866520558284981271e-02,-2.132659808892864439e-03,-4.661413905642575184e-02,-5.026215943486293802e-02,1.305914789729528125e-01,-1.721489817982484183e-01,3.610526880798906046e-02,-1.272652144447236969e-02,-1.302355454619922269e-03,-2.212060452297344437e-02,-9.687634042911362486e-02,2.468563197474087090e-01,-4.495102861594454935e-01,1.239521415113093772e+00,2.114735722303222598e-01,-1.190992848442644497e-01,1.141806815227431049e-01,-7.317927796299725229e-02,-2.781171181105545620e-01,5.951415592741001737e-01,1.113490323952149419e+00,-1.576698187666250861e-01,-9.003975849425857603e-02,-7.720268744497636726e-02
1.457287506588143215e-03,-1.736539495455846974e-02,7.911473194150949739e-01,-7.402539587608987157e-03,1.680207733310489990e-02,7.233232019724251671e-01,6.902654837765712648e-01,3.309804186600225767e-02,4.448339089923645379e-02,3.241523687080868910e-02,9.592676844375701284e-02,-1.966415501197438243e-01,2.911619043234946538e-02,-2.048636579372462713e-03,-4.716866626201974416e-02,-5.076210333732461555e-02,1.310910414763648280e-01,-1.722935142021360944e-01,3.556489611758531511e-02,-1.263837066116482895e-02,-9.746701072907834260e-04,-2.203109986433426579e-02,-9.657160795730640457e-02,2.458635594016211623e-01,-4.483112683711220070e-01,1.239609344857036222e+00,2.087745881009874238e-01,-1.196481248969512995e-01,1.141979451172717569e-01,-7.297129100270213775e-02,-2.795092986735917551e-01,5.954517510881343068e-01,1.112524789923273083e+00,-1.570587234021254552e-01,-8.983551836428420312e-02,-7.608221566562925475e-02
1.271250887364960402e-03,-1.742580257858219323e-02,7.911060685789631508e-01,-7.420929616937776627e-03,1.664866829015747979e-02,7.235544023515204648e-01,6.900266505617866919e-01,3.357886769678271321e-02,4.444665779841600745e-02,3.254830795681210726e-02,9.502043333975641881e-02,-1.966708457781909392e-01,2.890668993194889236e-02,-1.583359016541819458e-03,-4.733983744592634713e-02,-5.180112153377202516e-02,1.306573653980136474e-01,-1.720991203422777838e-01,3.658774030836912244e-02,-1.325640495058774855e-02,-4.014549812461363013e-04,-2.228872855609930620e-02,-9.621833204071406076e-02,2.445659059895050891e-01,-4.465341443651694719e-01,1.240085196561315772e+00,2.071452938438449465e-01,-1.198694415918814538e-01,1.133017456309587667e-01,-7.247720574924190751e-02,-2.806315082217017420e-01,5.941126484403729258e-01,1.111756247234172879e+00,-1.550771623464853588e-01,-8.993902394194283612e-02,-7.505390541203038612e-02
1.096962220813235038e-03,-1.748501734020144541e-02,7.911274277553199674e-01,-7.230155741595188298e-03,1.632776038884998365e-02,7.237805962407980465e-01,6.897990849471682395e-01,3.415099718178189747e-02,4.444673043971987536e-02,3.315101300230117315e-02,9.513834101638427021e-02,-1.964598763628425115e-01,2.902128536545612453e-02,-1.047742950815038626e-03,-4.753372670508251852e-02,-5.240369353448583178e-02,1.312335531126912480e-01,-1.716568923195120056e-01,3.763890605859539912e-02,-1.357589800233244444e-02,-2.580845502089044834e-04,-2.236926231200551257e-02,-9.540002894942471723e-02,2.440744253586518697e-01,-4.462233996403103808e-01,1.238930972774401562e+00,2.063242459434014298e-01,-1.209020001293698438e-01,1.120422284782400107e-01,-7.170893365042857459e-02,-2.819083100163661260e-01,5.937126381454176371e-01,1.110427168624977368e+00,-1.543919635745039654e-01,-8.982185158371382150e-02,-7.334810055209331492e-02
9.292276584104118293e-04,-1.753294631540276011e-02,7.911318028134183278e-01,-6.954613181628440700e-03,1.603247183676317564e-02,7.239417352855230803e-01,6.896397299417155180e-01,3.468286327847831807e-02,4.428420304707175043e-02,3.357004525834721143e-02,9.564494598696736405e-02,-1.965437740008625367e-01,2.865074496591890965e-02,-8.653979845302667284e-04,-4.788635604817842450e-02,-5.300585015944580397e-02,1.327928364238520620e-01,-1.720333796199387533e-01,3.708841345663495270e-02,-1.390086151826827252e-02,3.459446441183902914e-04,-2.243567596156656463e-02,-9.430434240984869598e-02,2.432497153224616182e-01,-4.450187360432835693e-01,1.238147412769496025e+00,2.054543141397009443e-01,-1.215042530103937757e-01,1.122904215427796421e-01,-7.090026604691326839e-02,-2.833293651566044513e-01,5.933639101323858744e-01,1.108762960561469058e+00,-1.532878817872766475e-01,-8.997220903039507278e-02,-7.298959294332177383e-02
7.679367239327623568e-04,-1.756319019537863277e-02,7.911065153109836379e-01,-6.828864337608075638e-03,1.600014027894386404e-02,7.239281851068010143e-01,6.896559612813372153e-01,3.483575558451582066e-02,4.389269707860947445e-02,3.385736965659495723e-02,9.585887985539344458e-02,-1.968346938506034816e-01,2.912769186240447145e-02,-1.082870450562715275e-03,-4.830857492492492133e-02,-5.308129278337362505e-02,1.336988155880082796e-01,-1.726356355748558391e-01,3.627013670637700693e-02,-1.405959507293599170e-02,6.239018232747734968e-04,-2.275458639651441184e-02,-9.347837297750857810e-02,2.424884516722132788e-01,-4.438673271508657425e-01,1.238004637825021126e+00,2.046046820631317598e-01,-1.218926302302719145e-01,1.118500934473981440e-01,-7.021824149223912515e-02,-2.844692066003709496e-01,5.931957523795250431e-01,1.107164741599190094e+00,-1.525227471402577917e-01,-8.979651943950110737e-02,-7.271127984456812743e-02
6.120752003874738775e-04,-1.757992575390637108e-02,7.911266869698672100e-01,-6.913823388008364518e-03,1.588917922036540975e-02,7.237717680761009964e-01,6.898218326248136689e-01,3.476808735513076121e-02,4.420712502254792176e-02,3.585545589347313017e-02,9.644546054504743449e-02,-1.972487560716854049e-01,2.943504010243661387e-02,-1.761654048894032570e-03,-4.828366097337338098e-02,-5.335706909943197657e-02,1.348895850612163994e-01,-1.721554153793229403e-01,3.789271272380024397e-02,-1.405235886386408707e-02,2.020468228407258909e-04,-2.352448777001033692e-02,-9.243678326761683994e-02,2.419630704701420942e-01,-4.420447724756404462e-01,1.237926087493253835e+00,2.033832845451031268e-01,-1.220530154999631550e-01,1.118906483119074258e-01,-6.943253012652811362e-02,-2.853092159992779986e-01,5.935789297490846605e-01,1.105825285954312065e+00,-1.514200055642233034e-01,-8.998369353181104313e-02,-7.143779496261429274e-02
4.678135587669280467e-04,-1.758205525811892128e-02,7.910898831722480429e-01,-6.886756445928283836e-03,1.594314290108404114e-02,7.238425302213820078e-01,6.897466058073767892e-01,3.486568885437309889e-02,4.383665243529330513e-02,3.602448440030246030e-02,9.623566111180674454e-02,-1.975916968243126015e-01,2.907448790611376344e-02,-2.028350311924019544e-03,-4.879240577212669294e-02,-5.424224271294207644e-02,1.355472043362513923e-01,-1.728245725281689349e-01,3.775165031748295430e-02,-1.411545452415878532e-02,5.629759686297487395e-04,-2.426241220983273855e-02,-9.119819715711514896e-02,2.415273251175904801e-01,-4.414270581163310947e-01,1.236808453871157676e+00,2.020564219161646302e-01,-1.225831823959926264e-01,1.113796986543719725e-01,-6.864693011548442247e-02,-2.863166012741794608e-01,5.936143691010188350e-01,1.104643539682744757e+00,-1.500869960224286148e-01,-8.993553352461480799e-02,-7.145526328137473404e-02
3.320014001955917345e-04,-1.756840823701592141e-02,7.911142251083090882e-01,-6.989660271758893137e-03,1.588872121818052374e-02,7.238715902348764608e-01,6.897163286730035869e-01,3.447840078061851360e-02,4.390472411303870948e-02,3.643970066735709168e-02,9.697662571880159843e-02,-1.979086848352948347e-01,2.971526082655460629e-02,-2.504257675231987695e-03,-4.868879329160630265e-02,-5.380558616489063140e-02,1.363466798142564662e-01,-1.725327713363231097e-01,3.771238827523155229e-02,-1.420269354639737414e-02,4.992702133149332176e-04,-2.555622861098465204e-02,-8.969023654422761394e-02,2.412280070858875414e-01,-4.404089614581763734e-01,1.236033819132578149e+00,2.021501012798804786e-01,-1.225300951766782748e-01,1.116449737158352468e-01,-6.747021697077924818e-02,-2.875854910067513481e-01,5.944179677070975387e-01,1.102772637610877959e+00,-1.502170266002448573e-01,-9.009930256633023882e-02,-6.982298308985167290e-02
2.093930486807985339e-04,-1.755024950495548061e-02,7.911138266896310389e-01,-6.865406841107490193e-03,1.563857752444919313e-02,7.240194136983716389e-01,6.895681182231262474e-01,3.468787110321677747e-02,4.393109097917693301e-02,3.668246487997936511e-02,9.773143145221779848e-02,-1.985003149042461057e-01,3.094126128370511264e-02,-2.229038661068598326e-03,-4.868356255720228398e-02,-5.390830554070513703e-02,1.371577113187876784e-01,-1.725576920767177280e-01,3.623672050150636426e-02,-1.429893486387198709e-02,7.226576385768750024e-04,-2.661038921121059581e-02,-8.845472429496117894e-02,2.408180844895888573e-01,-4.397834749759464978e-01,1.235744761781079948e+00,2.019784360062785167e-01,-1.224177574670942542e-01,1.127034307889961395e-01,-6.665225935266415325e-02,-2.883235971743909332e-01,5.948853451916782387e-01,1.102356826775761744e+00,-1.495428807301170948e-01,-9.044929876560629800e-02,-6.969082888046089497e-02
8.978013356511168643e-05,-1.754441019290481699e-02,7.911285650565220706e-01,-6.874577965576863028e-03,1.553301141719973244e-02,7.235861929975616613e-01,6.900249901542718778e-01,3.533461333597859300e-02,4.406271076332925890e-02,3.750626929624585604e-02,9.718848327139936738e-02,-1.982823722490804630e-01,3.180799043270741283e-02,-2.008027949645014437e-03,-4.848630030278316960e-02,-5.336555396333282630e-02,1.365180000146666850e-01,-1.720694061690618282e-01,3.652165911566548906e-02,-1.453395991985122031e-02,1.865696749142053967e-04,-2.736419436238015507e-02,-8.703251004359940923e-02,2.410171576135233251e-01,-4.391613065274727612e-01,1.235531514853528190e+00,2.011538932747412300e-01,-1.220266480613894505e-01,1.112211172284235938e-01,-6.678173693547101442e-02,-2.890507896246244934e-01,5.960179277473386383e-01,1.101347270961735791e+00,-1.495069676909456524e-01,-8.974802176655266583e-02,-6.910277508192588791e-02
-4.225175832095961429e-06,-1.753683351583849859e-02,7.911549949976595109e-01,-6.673092873727089203e-03,1.553979857268929753e-02,7.233052686797868391e-01,6.903212822967864648e-01,3.655378853604407396e-02,4.369938072471989121e-02,3.864571690187305897e-02,9.566310140877044843e-02,-1.971561338996140333e-01,3.136010852462998294e-02,-1.328658551867503007e-03,-4.903801571646396879e-02,-5.436214527131699725e-02,1.356163508235544990e-01,-1.717423434964717166e-01,3.743861820751822472e-02,-1.402414699948964158e-02,-7.873241986118420868e-05,-2.804056677299845285e-02,-8.678660206707951297e-02,2.406729639936469045e-01,-4.388296302579053343e-01,1.237259023009442238e+00,2.022917200209439770e-01,-1.218843179096267410e-01,1.116198916424659682e-01,-6.648139861338531187e-02,-2.894371667780835655e-01,5.966565296028601972e-01,1.101100057489966089e+00,-1.497291259521935092e-01,-8.951084829976320434e-02,-6.882976631673692891e-02
-7.508721540915329123e-05,-1.752618496411441004e-02,7.911774304089453924e-01,-6.547008097285174702e-03,1.552575916955093761e-02,7.231421217108745525e-01,6.904937069189530652e-01,3.731606015208545346e-02,4.342748527745594195e-02,3.914948989465622670e-02,9.481059924812493267e-02,-1.965700363488928626e-01,3.159040983297203842e-02,-1.282917465265376311e-04,-4.919363685630610133e-02,-5.426767211164997690e-02,1.335138772658220341e-01,-1.711571623630135930e-01,3.749802798836138207e-02,-1.366698960254912089e-02,-2.512736212236528054e-04,-2.901321615322469474e-02,-8.607452546900457024e-02,2.403611772049193684e-01,-4.376460977530546304e-01,1.238239828939005527e+00,2.043571706331445970e-01,-1.213913386744075035e-01,1.117934148994645521e-01,-6.584137316755450664e-02,-2.894983516544516466e-01,5.954142430065507696e-01,1.101097418094071800e+00,-1.498354561320059120e-01,-8.885043029868339159e-02,-6.833734246231551457e-02
-1.263212987656378117e-04,-1.752565206318310725e-02,7.912256617677526638e-01,-6.473586742809437147e-03,1.539581050455300290e-02,7.228850379411433380e-01,6.907664465030288747e-01,3.863004260269387730e-02,4.357834653671836811e-02,4.051892885614295781e-02,9.313659785101346955e-02,-1.956352895720797624e-01,3.157999767431655253e-02,1.207578263590473183e-03,-4.900637327719090108e-02,-5.398469054154714231e-02,1.310833641227608093e-01,-1.697685872178856525e-01,3.869802964645537718e-02,-1.386917537316232490e-02,-8.907385976415580636e-04,-3.004723733639984642e-02,-8.497123395421340986e-02,2.402992116332462458e-01,-4.365247415904325301e-01,1.239197588265519956e+00,2.052394742851630094e-01,-1.213974740945619746e-01,1.116640175566925991e-01,-6.580105969463279081e-02,-2.893606400656948963e-01,5.954469526959653702e-01,1.101591887829728611e+00,-1.512132182950116921e-01,-8.863626446831031347e-02,-6.810135803500798335e-02
-1.589360797532197729e-04,-1.753731925023379809e-02,7.912303971418349624e-01,-6.364129748500953546e-03,1.543901060278736644e-02,7.222906596674427693e-01,6.913879791848569489e-01,3.933978955857781595e-02,4.342191083602506274e-02,4.173832714738207050e-02,9.259043206288497529e-02,-1.953974513644815836e-01,3.220081216761329357e-02,1.219737333497488557e-03,-4.898215704921542180e-02,-5.262385916389103468e-02,1.305711572078736560e-01,-1.697404225794530708e-01,3.828240901135365748e-02,-1.367780239695590323e-02,-1.111788414365575111e-03,-3.099806083044708005e-02,-8.336092873141279225e-02,2.405917509891779271e-01,-4.352819115142068096e-01,1.239226679090700500e+00,2.067935862646149148e-01,-1.208443887995642452e-01,1.122846783478001764e-01,-6.584042324137598379e-02,-2.895387777434985099e-01,5.957384015279004741e-01,1.101063132070898343e+00,-1.521944243863485591e-01,-8.775873704749442838e-02,-6.784723885263553578e-02
-1.538841516994426863e-04,-1.755277418159617228e-02,7.912916161293660489e-01,-5.746812468005283413e-03,1.529702911487259599e-02,7.220829280844455189e-01,6.916134903366967235e-01,3.942517445832137424e-02,4.278739160400808761e-02,4.251506875653571910e-02,9.509849842848148993e-02,-1.948170230728606955e-01,3.264135243732561170e-02,2.154622277073817149e-03,-4.964795763627784936e-02,-5.212409351368303689e-02,1.308006761692976638e-01,-1.696825024912758939e-01,3.716906410850067538e-02,-1.299214454148075841e-02,-1.151780490870591388e-03,-3.240597538745573769e-02,-8.204236284813259950e-02,2.405406139486457595e-01,-4.355083948755209544e-01,1.239230179076592497e+00,2.084974459149609438e-01,-1.214846145631552771e-01,1.143143239276770973e-01,-6.562790698630770192e-02,-2.893098585920164667e-01,5.961515465671660685e-01,1.102108447602695440e+00,-1.542208862579193540e-01,-8.710084218763354535e-02,-6.681222041172897586e-02
-1.407704491053417782e-04,-1.758342143629218132e-02,7.913157212168205890e-01,-5.874209458496093550e-03,1.529127987908694697e-02,7.220366868013202710e-01,6.916608224671015881e-01,3.925610785459132668e-02,4.317433910381931333e-02,4.387871618087814396e-02,9.504791348003853446e-02,-1.948255201732493336e-01,3.239980632452613141e-02,2.202120917298650352e-03,-4.926808721660649870e-02,-5.166945016495028131e-02,1.299899948804929539e-01,-1.688929120033323683e-01,3.598926259766564717e-02,-1.288985846585599150e-02,-1.605339679263014657e-03,-3.361578171996802700e-02,-8.097864041591310014e-02,2.409411364603459282e-01,-4.343016932653968043e-01,1.239127453089183817e+00,2.094286586809646078e-01,-1.210945123323699801e-01,1.141142039898927069e-01,-6.581742845990981583e-02,-2.884962151782318740e-01,5.964786171322743469e-01,1.103763229154450798e+00,-1.544332934394188062e-01,-8.592630450117187679e-02,-6.538828414011749190e-02
-1.134866087491841354e-04,-1.761710507911356388e-02,7.913481223948096721e-01,-6.082055584861276870e-03,1.538652988387169060e-02,7.218697439488429568e-01,6.918311470794195062e-01,3.861454460292677165e-02,4.352774924504779208e-02,4.509890120321509432e-02,9.553937704660797614e-02,-1.951635379000457582e-01,3.278257799281587836e-02,1.500210802747800609e-03,-4.893932268640632799e-02,-5.137327087230773165e-02,1.301040508717711264e-01,-1.685900668857827911e-01,3.547839437806889207e-02,-1.209711230384339677e-02,-2.139310462673366803e-03,-3.403074412003332522e-02,-8.034727530865024003e-02,2.417874588466930041e-01,-4.339836222711985769e-01,1.238907880402497108e+00,2.120843794446904407e-01,-1.207462105437535210e-01,1.132362138305407495e-01,-6.587816063604076677e-02,-2.885109216289342138e-01,5.981706660758038252e-01,1.103955050455259546e+00,-1.566382967643693003e-01,-8.529452747243623789e-02,-6.306718038706311813e-02
-7.392270742088887783e-05,-1.764293748902638972e-02,7.913723544511489516e-01,-5.911783281718743267e-03,1.550623548672807467e-02,7.215697261988363032e-01,6.921428593237053395e-01,3.853993037355138429e-02,4.328745072440653985e-02,4.636559478791682509e-02,9.616549068394174282e-02,-1.948412002097810181e-01,3.188773325479032222e-02,1.902758343232396551e-03,-4.925615077545547615e-02,-5.136900931353129141e-02,1.291402375511392364e-01,-1.686451165787495043e-01,3.533847500033914651e-02,-1.172240632198585410e-02,-1.693080819739815760e-03,-3.468247415236701964e-02,-7.857509885153746154e-02,2.421947222455657078e-01,-4.326988735628439775e-01,1.237890299771982727e+00,2.149437953522436995e-01,-1.204867483297912129e-01,1.142031582980294335e-01,-6.573579411083886603e-02,-2.890529902355321590e-01,5.985283824495166716e-01,1.103211752684721603e+00,-1.591014447170148727e-01,-8.398353597038066276e-02,-6.197228803243872569e-02
-2.819857964574698592e-06,-1.764029846070210017e-02,7.914024173332300238e-01,-5.946965355859956323e-03,1.537461963441254936e-02,7.216610000715252271e-01,6.920503273967286706e-01,3.818153496403072639e-02,4.384482038241290652e-02,4.798001676222145295e-02,9.718981095430592743e-02,-1.953505753535636214e-01,3.292780874326269036e-02,2.751560274515367152e-03,-4.868027164918233701e-02,-5.062160192709487527e-02,1.277279997869319450e-01,-1.680938532545192821e-01,3.431565142884805686e-02,-1.158326859483836159e-02,-1.837359580689400425e-03,-3.504302506817853075e-02,-7.740085538165324130e-02,2.424661607218465131e-01,-4.311161388452086629e-01,1.237398530408772013e+00,2.177379759619460786e-01,-1.200832758285247104e-01,1.157358096392793467e-01,-6.524041539835140346e-02,-2.892424544555237675e-01,5.983638457936180099e-01,1.102817877781996136e+00,-1.623145404007297343e-01,-8.331108668271365592e-02,-6.130848746688193768e-02
1.267749079749599917e-04,-1.759037464574863055e-02,7.914690323884481238e-01,-6.051529234230986973e-03,1.529554828670964123e-02,7.219147551916065275e-01,6.917864637539382633e-01,3.694881221761043416e-02,4.445756921932772499e-02,4.866095537841867019e-02,9.945958476648855684e-02,-1.958006620852140722e-01,3.321753316553700125e-02,3.469743428860061138e-03,-4.795077242740009016e-02,-4.957848162732622632e-02,1.264621900912691055e-01,-1.675820619988712679e-01,3.227365209661320344e-02,-1.147308101402709155e-02,-1.708891665709136396e-03,-3.554346847179623570e-02,-7.555079069329850849e-02,2.430458993360961606e-01,-4.300691386815307382e-01,1.236231018827796957e+00,2.212769157729549963e-01,-1.197889068648764904e-01,1.156141557030518907e-01,-6.434847509739233251e-02,-2.898265168885952314e-01,5.993304217350526875e-01,1.102117954149935297e+00,-1.659400327623985205e-01,-8.238257214055916267e-02,-5.908236905214955120e-02
3.493421473525547358e-04,-1.749137150150037803e-02,7.915535808714985189e-01,-6.163247050792875284e-03,1.532135083483635203e-02,7.219321348850629150e-01,6.917667693772822091e-01,3.582549420013371455e-02,4.511576339234078803e-02,4.996016176670573655e-02,1.016214592563170899e-01,-1.960724722474311288e-01,3.414120758112524495e-02,3.305330862315341081e-03,-4.736889594476847987e-02,-4.942562988337033392e-02,1.266617624104963147e-01,-1.672891299972673607e-01,3.132587095125913962e-02,-1.134370103880313202e-02,-1.910910427819901072e-03,-3.609229546795844623e-02,-7.369745452606396574e-02,2.439391102566851877e-01,-4.292747116122906936e-01,1.236352896264288015e+00,2.255367737294276531e-01,-1.190215247680732474e-01,1.163316525248229566e-01,-6.380923430940607655e-02,-2.894956963414107576e-01,5.996562689036528671e-01,1.102562478045198580e+00,-1.696128955652303205e-01,-8.111103110250761361e-02,-5.826175671938296080e-02
7.243737487887161970e-04,-1.734974752947889345e-02,7.917049542441020327e-01,-6.013207533628908003e-03,1.527346764011090936e-02,7.219868284227755062e-01,6.917120658955037138e-01,3.426102340863498158e-02,4.571418350236466921e-02,5.099498431271327903e-02,1.058765268637744950e-01,-1.963205786297458066e-01,3.551651898680875663e-02,2.655091054182236870e-03,-4.681734026318216946e-02,-4.847894168024963896e-02,1.290432674785901845e-01,-1.674493150130226260e-01,3.007286203496930058e-02,-1.122829998777090735e-02,-2.343550436992184426e-03,-3.667181647798093552e-02,-7.089479377276443339e-02,2.451551476354292269e-01,-4.283868426240858840e-01,1.235908174313606889e+00,2.281176942853335443e-01,-1.179938179328817172e-01,1.188876697012425931e-01,-6.280583035536757563e-02,-2.893912218985746909e-01,6.012308029947052157e-01,1.102167071084037664e+00,-1.734861467132719770e-01,-7.970470506466734162e-02,-5.923705718141582255e-02
1.322451242930483550e-03,-1.718621803918100530e-02,7.919458121657023675e-01,-5.736932932404456738e-03,1.546380502399753720e-02,7.222717324580512077e-01,6.914126863362825004e-01,3.213807779672365333e-02,4.589780298526403152e-02,5.103278615591120421e-02,1.106400955565084165e-01,-1.951421300755168398e-01,3.574886860852952847e-02,2.253841206368272648e-03,-4.651587968192162637e-02,-4.734078987780165892e-02,1.308584454030718991e-01,-1.672692429285932980e-01,2.845895621713965748e-02,-1.116547529516062447e-02,-2.424068867728482526e-03,-3.673522722758448822e-02,-6.783757313909143105e-02,2.467109089067482386e-01,-4.282670889099353118e-01,1.235140573155976806e+00,2.328303100361880928e-01,-1.175620631135397970e-01,1.205336112302136387e-01,-6.157039742866967508e-02,-2.888261963928607789e-01,6.016094685409617560e-01,1.101954377604724256e+00,-1.777492012651821218e-01,-7.771722591890195542e-02,-5.836864707435316518e-02
2.206462013518890614e-03,-1.705556768370146414e-02,7.922588492772403290e-01,-5.484018138039151516e-03,1.559303585139226039e-02,7.228027262922694929e-01,6.908567157106181300e-01,2.862904772386063931e-02,4.642226185356686241e-02,4.893463050124399749e-02,1.178236182916864438e-01,-1.941157269250809447e-01,3.656794500152223126e-02,1.254607153078570250e-03,-4.562087933666810619e-02,-4.594140941079652429e-02,1.341697076176462111e-01,-1.673508744285031880e-01,2.624348646444087108e-02,-1.072496819955733038e-02,-2.817702228308432977e-03,-3.722382650117714992e-02,-6.380289434499997192e-02,2.485557674682477014e-01,-4.270260357856492384e-01,1.234301866341809051e+00,2.355686012411084274e-01,-1.162467242674059958e-01,1.230608936675331028e-01,-5.959892128671603895e-02,-2.880660945163647235e-01,6.023732162597416062e-01,1.102173874229679162e+00,-1.806940424112255250e-01,-7.564275930220619448e-02,-5.747005847445437604e-02
3.432694798101485964e-03,-1.703796497551881076e-02,7.928126991288716452e-01,-5.634528312190162369e-03,1.640557980586669976e-02,7.227168225730530304e-01,6.909265542818882055e-01,2.234023400314388841e-02,4.738339407262497083e-02,4.935259172538612737e-02,1.277540208981445269e-01,-1.916259479706507451e-01,3.523781613305366350e-02,-1.143397747967223738e-03,-4.461657138166053027e-02,-4.488603801980747821e-02,1.357786327902829604e-01,-1.645574262412372035e-01,2.774160448688148262e-02,-8.723462829090880555e-03,-3.443641931953878542e-03,-3.731850521553398831e-02,-5.859410107249948124e-02,2.510434947455308374e-01,-4.249664895991210889e-01,1.233260205875874371e+00,2.402790441459184967e-01,-1.167168954599046432e-01,1.267029572673036009e-01,-5.742435130296568574e-02,-2.877717560140252706e-01,6.038904933091744365e-01,1.100722550155355473e+00,-1.859965846665275757e-01,-7.577629913851600951e-02,-5.630471022027683931e-02
5.091692089310703023e-03,-1.719900948845669991e-02,7.930934381260270616e-01,-4.618391265792920995e-03,1.650918680486606824e-02,7.236629658084721139e-01,6.899405982622304201e-01,1.521559331662265986e-02,4.760892828927968529e-02,4.471394495096020494e-02,1.435746277446915686e-01,-1.923362409119837857e-01,3.671895715876257599e-02,-2.359933060757572407e-03,-4.363775175740765289e-02,-4.188949895866347917e-02,1.416883561198352959e-01,-1.673364002553188179e-01,2.326077826311952201e-02,-7.417898523869244018e-03,-4.184198925599802617e-03,-3.703119049941380747e-02,-5.111439723784105132e-02,2.542119128263151118e-01,-4.216367251621844225e-01,1.228894244047408657e+00,2.420489078533894223e-01,-1.147789353443728483e-01,1.324931946338356870e-01,-5.477446586554431118e-02,-2.871301806617701513e-01,6.021983516723753427e-01,1.101527079588048963e+00,-1.886210248430517378e-01,-7.262672528653453530e-02,-5.788849858335848308e-02
7.231053521728496650e-03,-1.760466769117797342e-02,7.936218669983723384e-01,-3.648239130253202490e-03,1.700919214736002286e-02,7.248417118805795534e-01,6.886957749629178949e-01,4.345783505156321051e-03,4.835037521286197904e-02,4.315774683574524762e-02,1.647944099238222437e-01,-1.910599517424810823e-01,3.640484046689584224e-02,-4.402673026112604443e-03,-4.291711897875045978e-02,-4.123989406246054285e-02,1.472056225152108544e-01,-1.676258705601555432e-01,2.053102736871356693e-02,-3.933147940087814570e-03,-6.239688794260483951e-03,-3.591931492111305468e-02,-4.245834110729536370e-02,2.579007256189019270e-01,-4.172597406138774945e-01,1.222512541295133204e+00,2.453929287081134114e-01,-1.140000173909923725e-01,1.384874802143153394e-01,-5.087807981456724665e-02,-2.889294902828049572e-01,6.020149061684627600e-01,1.100431989750140449e+00,-1.925640618656818959e-01,-7.102715806897227924e-02,-5.847636305393058564e-02
9.905002222997351044e-03,-1.829011004474882102e-02,7.941197005625908467e-01,-7.618846257839671787e-04,1.735887259451081646e-02,7.263699761795773258e-01,6.870842355773747467e-01,-1.021831480908489721e-02,4.734443246807495259e-02,4.236258881648247848e-02,1.985772779056839132e-01,-1.883351381390732937e-01,3.524282980299670021e-02,-3.685321767646321592e-03,-4.442008493716604473e-02,-4.094732019896587388e-02,1.536640974187019892e-01,-1.711847658351686174e-01,1.358504243392492060e-02,1.585610243466921854e-03,-8.510939072059076071e-03,-3.237451921461158982e-02,-3.388861894021238247e-02,2.605758294847428935e-01,-4.102097915065069933e-01,1.214591420515141351e+00,2.485646356775554344e-01,-1.130179604578606944e-01,1.459718850221039255e-01,-4.618065365442584197e-02,-2.917533246883339260e-01,5.989232841602564195e-01,1.099862916232194454e+00,-1.949766337496844915e-01,-6.913050917559339370e-02,-6.032592569001683780e-02
1.315847623334214476e-02,-1.929704597423624254e-02,7.945841024985661472e-01,2.682233203117280820e-03,1.863248909211931426e-02,7.281731384639823501e-01,6.851346702618330564e-01,-3.578425100108310192e-02,4.589473024971231496e-02,4.591544153556652991e-02,2.502731229879770480e-01,-1.806138101516350236e-01,3.625080403693780456e-02,-2.645683635556212929e-03,-4.757486859395602258e-02,-4.063905618261402786e-02,1.582588695905526588e-01,-1.778213699460410580e-01,6.856983244915635170e-03,1.013151760647996655e-02,-1.399998116627462590e-02,-2.312096874037531530e-02,-2.970817164233115898e-02,2.657153551004876046e-01,-4.014495959522903501e-01,1.201413015115006644e+00,2.493839349904785618e-01,-1.105419933813237693e-01,1.520218266614256353e-01,-4.292832398539191824e-02,-2.960462139449375751e-01,5.942007417907353428e-01,1.097014195081172261e+00,-1.983190869826875480e-01,-6.644364726336017546e-02,-6.132315826007730258e-02
1.697102600356496793e-02,-2.048746034811894934e-02,7.954010350549357566e-01,8.418610793002868214e-03,1.964259112814671637e-02,7.295517000129343455e-01,6.835917002234057627e-01,-7.250724631002308795e-02,4.201007755546618677e-02,3.874102045816676249e-02,3.241661004245978694e-01,-1.483638794322311438e-01,2.396643335265650696e-02,2.021766129353780653e-03,-5.298266026656077432e-02,-3.888222486679046574e-02,1.629600117520433322e-01,-1.835874587439171035e-01,1.228613839945359720e-05,2.428397338758679289e-02,-2.041579022221187700e-02,-1.139500642065602656e-02,-2.564661884183536134e-02,2.700979419868929643e-01,-3.870499432203652335e-01,1.182922703602275805e+00,2.456264042786251989e-01,-1.075169853876679488e-01,1.608789576333026494e-01,-3.863004775697790466e-02,-2.991590957165270459e-01,5.868392466483817183e-01,1.096429147865767284e+00,-2.019424940254019585e-01,-6.421414469981408246e-02,-6.401397718621615329e-02
2.129995368491476027e-02,-2.195874267299640151e-02,7.969954418434380683e-01,1.652291246872948302e-02,2.127152437867959461e-02,7.313639328835980224e-01,6.814552907500199819e-01,-1.267019319858561921e-01,2.951830651442095138e-02,1.046376059071628395e-02,4.311142278240487902e-01,-9.641700972491183685e-02,-9.385902457407106769e-03,8.950864524548782231e-03,-6.183182769882795277e-02,-3.144242148186443542e-02,1.683454580178883608e-01,-1.869422335319746997e-01,-8.283172654549992436e-03,4.307550465749707125e-02,-2.844257682398509957e-02,7.068040072762578341e-03,-2.705617009200500522e-02,2.754734778889181834e-01,-3.671452077284902971e-01,1.162873935616001164e+00,2.247964268603820925e-01,-1.051112644329641882e-01,1.639176536524045713e-01,-3.828934991210388578e-02,-3.003967178057674325e-01,5.757585476431178462e-01,1.096534019049417719e+00,-2.048528502633520931e-01,-6.122740040880546991e-02,-6.543333239127772927e-02
2.595760443142663965e-02,-2.362611937759778041e-02,7.988264443180478347e-01,2.825686352657543615e-02,2.409354961446978291e-02,7.337850960320931870e-01,6.783660393709191050e-01,-1.862500320423567390e-01,2.443555647453351382e-02,1.352561814687970598e-02,5.499630297519552125e-01,-1.046473894873262145e-01,-1.567067124367237801e-02,2.025961575513519908e-02,-7.942797920101238307e-02,-2.958989299401368345e-02,1.743022942938160513e-01,-1.924744926543306978e-01,-1.031765343014594098e-02,6.160119833850210419e-02,-4.398671431307105834e-02,2.715550498604854535e-02,-2.570435486887504006e-02,2.829343570526119400e-01,-3.431737045606880754e-01,1.139500903531334153e+00,2.027817087692710130e-01,-1.032725163977093880e-01,1.711343677591499468e-01,-3.645058568798602988e-02,-3.013081040650266162e-01,5.638085585612659933e-01,1.097483335908056024e+00,-2.069423623355426678e-01,-6.022878816250696460e-02,-6.652098093898518860e-02
3.089997371888008812e-02,-2.553664859849592156e-02,8.005016318905535666e-01,4.107884922343194023e-02,2.744137850238647855e-02,7.375516470788656687e-01,6.734813039599686357e-01,-2.626102295207417558e-01,2.906959213864842087e-02,3.115765846454491075e-02,6.954500706010982025e-01,-1.333495350709738569e-01,-7.202432719881784323e-03,3.338587914180833616e-02,-1.005343382844746947e-01,-3.354893305423303079e-02,1.800817954817968136e-01,-1.993362726037081201e-01,-8.917440697406639818e-03,7.691575026648765634e-02,-5.983895562358908238e-02,5.239414639441402483e-02,-2.507660857990969688e-02,2.919962622691922305e-01,-3.251130398481772432e-01,1.113571605010729382e+00,1.885924369581724325e-01,-1.037309463387753733e-01,1.777068618464027749e-01,-3.679203240339001812e-02,-3.044351374980311942e-01,5.568742359762445249e-01,1.091737641509932466e+00,-2.150405935692343007e-01,-6.064183689402828648e-02,-7.042224444002904982e-02
3.582800826035149877e-02,-2.752431251018306116e-02,8.021533411191126284e-01,5.419322601366347025e-02,3.026096346882993504e-02,7.416796011553566936e-01,6.678762891241172284e-01,-3.375290425180350051e-01,3.310410835703715693e-02,4.172783418209460166e-02,8.273397629041965295e-01,-1.485480349227530361e-01,-1.322733710501615423e-02,5.066729220189900018e-02,-1.203110309198452410e-01,-3.361499007217419455e-02,1.794351686805483737e-01,-2.033499968916092637e-01,-1.606350562936034732e-02,9.180141971087439623e-02,-7.293883206295836974e-02,7.385337762493458802e-02,-2.147435953784596757e-02,2.994832520850987390e-01,-3.014416550667784467e-01,1.087320200149948901e+00,1.782296072260832476e-01,-1.046319204921802998e-01,1.864283010808639451e-01,-3.320801372508729032e-02,-3.074216759599713855e-01,5.437003272658216257e-01,1.085837274179846990e+00,-2.186654058103747744e-01,-6.322260215610785161e-02,-7.571467152167138392e-02
4.045920704320687955e-02,-2.952359170885431386e-02,8.033943562409532335e-01,6.611881449621749562e-02,3.490126212014094814e-02,7.436336814271173878e-01,6.643938230591770466e-01,-4.244343095688356549e-01,3.668975335128818460e-02,4.999685334669873998e-02,9.790300638328194305e-01,-1.560984692454043810e-01,-2.713747025039849395e-02,6.455523106685481793e-02,-1.414119038703359754e-01,-3.197310234998025635e-02,1.745001202857740519e-01,-2.078466743632589042e-01,-9.715650120934601897e-03,1.084710950112804106e-01,-8.918925245784568856e-02,9.310345380821331840e-02,-1.913662529001085300e-02,3.097975190820430047e-01,-2.879445472878235379e-01,1.065714753679465332e+00,1.777371060323292840e-01,-1.050735807040062836e-01,1.912103812877250508e-01,-3.121693030037854533e-02,-3.093891869723982557e-01,5.331511848516156116e-01,1.079203407802019843e+00,-2.232340463408685471e-01,-6.452956619125579940e-02,-7.648464217144906874e-02
4.445573346243994473e-02,-3.128960788302469209e-02,8.044287320793398477e-01,7.759912947156366592e-02,3.674096490074228727e-02,7.459426213346682655e-01,6.604529372179234192e-01,-4.974411715300270376e-01,4.350021532039507338e-02,5.576278640195599101e-02,1.095210540797971532e+00,-1.644706575776610502e-01,-4.192946709587270365e-02,8.196495306486425991e-02,-1.580793871322059840e-01,-3.382275388344697931e-02,1.704614659737219151e-01,-2.088303816851117545e-01,-7.402715127388527494e-03,1.196894671346117045e-01,-1.005714012175381034e-01,1.065215377743922720e-01,-1.121362516928749858e-02,3.197538976155833712e-01,-2.731231238000537687e-01,1.042761449493787351e+00,1.807705288531752941e-01,-1.016622823641542828e-01,1.975086450848409225e-01,-2.743860175789741146e-02,-3.094400105677028723e-01,5.175918914560990736e-01,1.073684530915396174e+00,-2.216670654464783230e-01,-6.237586967219903994e-02,-7.915766779159105759e-02
4.756250245441485947e-02,-3.257315947681109491e-02,8.052963458808612973e-01,8.686398027660430232e-02,3.802025832649595649e-02,7.490664816392732517e-01,6.556740920395234262e-01,-5.564089502326917680e-01,5.307861130068344813e-02,5.981833899126508258e-02,1.168532051483968104e+00,-1.676815585446656542e-01,-5.295558528130067666e-02,9.642067355782348026e-02,-1.716013970236885400e-01,-3.801241280422366225e-02,1.689215457717710978e-01,-2.081679970038594896e-01,-6.381775531451119345e-03,1.300072124057501666e-01,-1.088614581220808120e-01,1.173401548978550424e-01,-7.247229536474136813e-03,3.266841536464629714e-01,-2.608351078232353792e-01,1.031069005128107285e+00,1.847211428378461029e-01,-9.520752869281101649e-02,2.015825715995668566e-01,-2.338619175466423450e-02,-3.087848760502063250e-01,5.035489576552575341e-01,1.073427047856443606e+00,-2.192651410033177040e-01,-6.130277477024988209e-02,-8.054410818246218740e-02
4.937806648754269889e-02,-3.305225921266286698e-02,8.053831776608973980e-01,9.362485147659309337e-02,3.932472502573603618e-02,7.503195932417020542e-01,6.532292562226863497e-01,-5.963865702643496025e-01,6.242081912699289775e-02,6.121637698727162846e-02,1.207045635281188245e+00,-1.610526612519839473e-01,-6.333794658988284310e-02,1.104419019315918404e-01,-1.815644301412929207e-01,-3.586812741969719331e-02,1.600188608355139208e-01,-2.109690301749042596e-01,-1.363573784357857178e-03,1.365262851284527179e-01,-1.179934337950124118e-01,1.206935232329287427e-01,2.952348053932477012e-03,3.307060026747306036e-01,-2.499981827950307489e-01,1.023774438178401747e+00,1.807922020674591623e-01,-9.095561136008281644e-02,2.060767561259096714e-01,-1.459511617676743922e-02,-3.098918915808085983e-01,4.981469927370728579e-01,1.067681651486803718e+00,-2.160164629415647075e-01,-6.100583183652786429e-02,-8.464752610566303459e-02
4.979881566291913253e-02,-3.282650309785013765e-02,8.055882192959901156e-01,9.673362683252417771e-02,3.859369441055553185e-02,7.501464782340016013e-01,6.530186776690972694e-01,-6.158590327302823075e-01,7.345955835334710970e-02,5.307540819787723296e-02,1.197412715310765874e+00,-1.455382172495510162e-01,-7.392071229700543367e-02,1.186953189135236952e-01,-1.832267396602436926e-01,-2.967081570687626207e-02,1.560920058986766668e-01,-2.075832764381412843e-01,4.399443471155986898e-03,1.382001736263518965e-01,-1.203302426333875685e-01,1.224994283152792129e-01,1.148504243139312347e-02,3.332326693071170354e-01,-2.413892364128286949e-01,1.024254361270140468e+00,1.686212898060055476e-01,-9.102745167037341878e-02,2.088281887170691520e-01,-1.271868239775542087e-02,-3.137622134994521583e-01,4.967592005700599000e-01,1.064387542608409287e+00,-2.112826773300054695e-01,-6.364902766990268579e-02,-8.580010452954593692e-02
4.881732430371039932e-02,-3.178593928024625592e-02,8.061004810507523821e-01,9.797461095446974300e-02,3.840559405801138859e-02,7.489919130309041773e-01,6.541690149859431536e-01,-6.212828282035389726e-01,7.723943491928167426e-02,4.179450129385323121e-02,1.161896993688745106e+00,-1.245026025682424153e-01,-7.933222121234011215e-02,1.226949925942176639e-01,-1.842846649452157815e-01,-1.943330766344055285e-02,1.536820956643409342e-01,-2.017969639565556639e-01,1.070022152739407220e-02,1.407752094519562069e-01,-1.208266092034087635e-01,1.230450667206041682e-01,1.812989737573553195e-02,3.318209044244068151e-01,-2.357939649575827024e-01,1.029281334200920828e+00,1.563757334084189821e-01,-9.152293240115792761e-02,2.113966072615235670e-01,-9.716260828616943290e-03,-3.192368798703052457e-01,4.959766472941568027e-01,1.061345100963042132e+00,-2.080123865415273998e-01,-6.639810595303721752e-02,-8.551061475364227227e-02
4.644799218592805812e-02,-2.996861168574377690e-02,8.064182961765561375e-01,9.746184658285207691e-02,3.702472678748658375e-02,7.467187123664763559e-01,6.569182008962191066e-01,-6.072862842948141271e-01,8.322674980031989633e-02,3.167035268866680298e-02,1.097456873409450528e+00,-9.666879041255652116e-02,-8.326396162156138314e-02,1.231883014318953112e-01,-1.814112386344933214e-01,-2.799854727899026702e-03,1.567132785740250889e-01,-1.962783217697857685e-01,1.951234835865251968e-02,1.394354840685106123e-01,-1.178015868461968624e-01,1.205370103727054082e-01,2.489736513867227621e-02,3.269628144127636471e-01,-2.304430021228839331e-01,1.041172495529187447e+00,1.418782513205312235e-01,-9.331718964393249938e-02,2.155438027132894896e-01,-6.682577481225047966e-03,-3.285035945100813204e-01,4.999613396475406923e-01,1.054162062005490119e+00,-2.072050991764658179e-01,-7.062490588873371333e-02,-8.804316094745572030e-02
4.284517632038971346e-02,-2.751895651207820689e-02,8.062957440223756933e-01,9.552689215639964537e-02,3.525012691519361502e-02,7.438507951879004265e-01,6.605437426285496461e-01,-5.817193994256091294e-01,8.448217657929678326e-02,2.352188673246041403e-02,1.015868868969114436e+00,-6.448741267059149296e-02,-8.952857544773465404e-02,1.233368114160337814e-01,-1.773992022046963490e-01,1.295685319534299260e-02,1.590411069740175487e-01,-1.939446549350380133e-01,3.245745544831139112e-02,1.370901210676049864e-01,-1.117767544215705622e-01,1.157612742159468827e-01,3.079634213420831546e-02,3.235581639214687444e-01,-2.328910119903298548e-01,1.051682122085022764e+00,1.362312171200155964e-01,-9.738026759727218262e-02,2.231258045662295464e-01,-5.083542717071197481e-03,-3.379847331710330027e-01,5.024520667805547625e-01,1.050695243282741220e+00,-2.064537730379643887e-01,-7.419330080233099700e-02,-9.110946797579699830e-02
3.825121827246734385e-02,-2.453727862725405690e-02,8.055164723772414437e-01,9.146813066868274278e-02,3.202022368337490571e-02,7.408730908117074909e-01,6.646166937854870449e-01,-5.382624813245671103e-01,8.774990748774791349e-02,1.746731010419081201e-02,9.160294732517220151e-01,-1.886415720965693016e-02,-1.002946763624638776e-01,1.209249329115565097e-01,-1.684253604748345845e-01,3.116471581843052729e-02,1.654829052007056878e-01,-1.941705897501166678e-01,4.582596193179003935e-02,1.312858727309367535e-01,-1.009355039564489576e-01,1.084244863136923920e-01,3.836652035681981099e-02,3.175366260720186573e-01,-2.336507252494569309e-01,1.058432066062570787e+00,1.335319858368189117e-01,-1.027568740811816844e-01,2.342190890207958565e-01,-4.226983527255361028e-03,-3.503608457066168524e-01,5.064964238031059995e-01,1.041897420925155915e+00,-2.081407060177613844e-01,-7.760220764535170901e-02,-9.662160330138869213e-02
3.292044882911179804e-02,-2.112711292528909879e-02,8.041649585542646195e-01,8.634565176309846879e-02,2.638351660771428089e-02,7.366249480712585562e-01,6.702477335672479830e-01,-4.823294185354439212e-01,8.736789715481750596e-02,6.485802128373706343e-03,8.075980763402060836e-01,3.249543100420388547e-02,-1.117354867985881767e-01,1.170925905495677488e-01,-1.545749368555429382e-01,5.080318918582497900e-02,1.784748176600924607e-01,-1.944135915081707244e-01,6.325291905347113497e-02,1.221183161392182526e-01,-8.672007572948002563e-02,9.972013896898754282e-02,4.681461639881201453e-02,3.097605687776527894e-01,-2.365697082955999786e-01,1.066774151953296723e+00,1.311923272857129230e-01,-1.049808490350792600e-01,2.465807055613648824e-01,-7.657443365714500239e-03,-3.641063866276182392e-01,5.145177361188553178e-01,1.031069511865817745e+00,-2.108121612353589247e-01,-7.870559463588677751e-02,-1.001708440439275094e-01
2.719010554441214297e-02,-1.739176572864299317e-02,8.020946519627988325e-01,8.022677631746114035e-02,1.928768397432711890e-02,7.301878115339657249e-01,6.782458326417147854e-01,-4.110833001897540306e-01,9.584527315040997086e-02,4.454278685007400512e-03,6.794389263300475434e-01,8.140905437958156909e-02,-1.194644981618851742e-01,1.089472699975915504e-01,-1.378415311066868154e-01,6.476172568781754513e-02,2.005141816379542030e-01,-1.989198532231467864e-01,7.753694158474949694e-02,1.094828605496456497e-01,-6.663404020891863788e-02,8.683791932011208914e-02,5.697953720992714188e-02,3.006899624815031480e-01,-2.352975398527743234e-01,1.077513233868259146e+00,1.304000259502877679e-01,-1.054496887075428990e-01,2.527391786129575824e-01,-1.223309746765727235e-02,-3.764229319244082328e-01,5.161930019369166400e-01,1.015287716656463779e+00,-2.112031348277960685e-01,-7.722074939439482755e-02,-1.059468221560002088e-01
2.138937029217684999e-02,-1.345144252695928272e-02,7.987597645527811929e-01,7.313282365516553252e-02,1.060281584433956509e-02,7.238349292343211339e-01,6.860044938779478185e-01,-3.396580365865548568e-01,1.082466288509768282e-01,2.246557383189348028e-03,5.395011803663082306e-01,1.195772756171464418e-01,-1.273518226917990381e-01,9.923037129218031938e-02,-1.189562126870690045e-01,6.597072894297834056e-02,2.299472872344147656e-01,-2.088009520976745470e-01,9.412909339354587346e-02,9.408149108770602620e-02,-4.181879936723287283e-02,7.461757649915033708e-02,6.986335508960869745e-02,2.930564178713246370e-01,-2.387862887942302226e-01,1.082592485452705589e+00,1.260019118866937682e-01,-1.069858651882450995e-01,2.527549931479698420e-01,-1.795044979152960601e-02,-3.868508727306939621e-01,5.214456722151460388e-01,9.965245980294992201e-01,-2.035663461028984489e-01,-7.764463619582880061e-02,-1.094459642595519561e-01
1.595924556909975728e-02,-9.607042800246707107e-03,7.943753835221307735e-01,6.398430412532718492e-02,2.544717906838082650e-03,7.186397630232994604e-01,6.924279198863870777e-01,-2.755859792902373706e-01,1.200277856243233132e-01,5.546822263215980126e-03,4.174294613137005117e-01,1.342197631153527471e-01,-1.240223808391539145e-01,8.044770566678149937e-02,-9.825169490223251145e-02,5.967921209714412145e-02,2.726481715550547191e-01,-2.294520639976501963e-01,1.000107018945138732e-01,7.369389344456227231e-02,-1.606308071484476713e-02,6.216018061014126628e-02,8.129540932195614134e-02,2.857224141164136366e-01,-2.367305853643131563e-01,1.088217802655505384e+00,1.219798161985363588e-01,-1.060834158070084049e-01,2.415383318939996193e-01,-2.224835240867262254e-02,-3.926925200967966156e-01,5.208745765903743941e-01,9.844072636982231783e-01,-2.039936923492743914e-01,-7.569815949536479183e-02,-1.094854327401844907e-01
1.126707600811463657e-02,-6.152259566384519346e-03,7.903084751478876013e-01,5.301817811482224807e-02,-8.455911777180327021e-04,7.141220666800985883e-01,6.980100512496150156e-01,-2.235799411411373006e-01,1.261210717176776408e-01,3.803975041428896142e-03,3.259676165621876454e-01,1.165476540049439486e-01,-1.053636885842898357e-01,5.214252030069718713e-02,-8.027334265515041756e-02,6.135198898241934345e-02,3.144619320894977976e-01,-2.501931002170256213e-01,1.030866781916130320e-01,5.144319507556225496e-02,3.511309185031316008e-03,4.984362116247439967e-02,9.022748703262728487e-02,2.808593497533143912e-01,-2.332171957624057379e-01,1.095472988612347542e+00,1.163931669382645695e-01,-1.040764870711065188e-01,2.248684472369293641e-01,-2.684059005739158899e-02,-3.933381018857998734e-01,5.171032912740987086e-01,9.749604002817924275e-01,-1.993303408720820680e-01,-7.689005565271112008e-02,-1.039456018405992554e-01
7.738547353278658197e-03,-3.414470199196146735e-03,7.867930570647597710e-01,4.366530232631633812e-02,-3.222298971423671714e-05,7.118460366038507070e-01,7.009768616051601509e-01,-1.949645987262849101e-01,1.303575918285637958e-01,1.993845873320932924e-02,2.806603865336975701e-01,7.208768863723860609e-02,-7.381506944127501357e-02,2.444095811796727358e-02,-7.288775753255674617e-02,5.571257668299124666e-02,3.484681365877476678e-01,-2.712872551110475650e-01,1.068021847631278193e-01,3.317130678162555357e-02,1.384541708610034089e-02,4.143131263514667623e-02,8.654255821145445671e-02,2.819818381023836973e-01,-2.406009726463090304e-01,1.105468887530741240e+00,1.178211857988798600e-01,-1.047077012956069697e-01,2.082411637907910507e-01,-3.288926323743592700e-02,-3.892978848855219720e-01,5.148607730835010887e-01,9.794208211216691717e-01,-1.942126796328019489e-01,-7.625479333569526452e-02,-9.665228924969772317e-02
5.497283131435975329e-03,-1.489866534117681354e-03,7.850545879268061578e-01,3.897358133833457583e-02,-2.661626451980999880e-04,7.113692170781066304e-01,7.017370063697595528e-01,-1.867938413592316049e-01,1.358101566466959065e-01,3.207067340961311519e-02,2.635133722146025259e-01,4.782258103953009043e-02,-5.180695310117502256e-02,3.621662327619071947e-03,-6.744489476836112996e-02,5.944325939912242784e-02,3.850949537254030330e-01,-2.775367560468173234e-01,1.086346920209438349e-01,1.697700517233787648e-02,1.946475643961691898e-02,3.716198815730333005e-02,8.402148887631114005e-02,2.820218246938889783e-01,-2.418638765643240651e-01,1.113435799755252198e+00,1.210488575781376724e-01,-1.041808081081207760e-01,1.995764245752137955e-01,-3.881145941711057479e-02,-3.878794064269928676e-01,5.130131540655584743e-01,9.801179544572786728e-01,-1.961483666879728915e-01,-7.461345163248288281e-02,-9.173918626216809313e-02
4.691225010117848655e-03,-6.001021912284158419e-04,7.840313877417076638e-01,3.644856783670004374e-02,4.861113230657491827e-04,7.109351256914053785e-01,7.023122615023750237e-01,-1.854892525798612635e-01,1.384732849073395944e-01,4.112975172152695535e-02,2.577467789049987523e-01,3.120241207021444418e-02,-3.708887633486934732e-02,-1.145370101122228368e-02,-6.729292167115284717e-02,5.775626364507135957e-02,4.115590969276121114e-01,-2.812929576883095861e-01,1.121596550015077631e-01,1.070765453751290792e-02,1.899820280675619533e-02,3.802663288751478854e-02,7.479890870417058024e-02,2.859971658756858548e-01,-2.407641291301813591e-01,1.119958168389888709e+00,1.202578565042481812e-01,-1.022714590668548917e-01,2.008308479398221991e-01,-4.558265831749901825e-02,-3.841391337815655005e-01,5.127742342958402366e-01,9.826353917638943614e-01,-1.910757472146571989e-01,-7.188974929151072113e-02,-8.842096848566995126e-02
5.217937143437259215e-03,-7.210895171853438750e-04,7.834784890881003605e-01,3.543392273313907687e-02,1.493422419435647130e-03,7.098568666388677117e-01,7.034525113288512266e-01,-1.880037506042867568e-01,1.393167844140315303e-01,3.906745112717345536e-02,2.591498611828210175e-01,2.660065083280221260e-02,-3.661275295557833015e-02,-1.953032893616316393e-02,-6.838776430125918793e-02,5.587937136632032536e-02,4.237900118096151747e-01,-2.833541326381175951e-01,1.112881152885856761e-01,1.225612088803027314e-02,1.736168361575817290e-02,3.917671974090443376e-02,6.530186630660830827e-02,2.905814561023304377e-01,-2.381724900132176637e-01,1.124157328117049603e+00,1.219120868828106607e-01,-1.011303296633387361e-01,2.045391708781647833e-01,-4.982392111352329511e-02,-3.787031941534709234e-01,5.108292336427768809e-01,9.876182430944586699e-01,-1.887872755244131284e-01,-6.981588103688594893e-02,-8.618783270004691521e-02
6.974335961849500130e-03,-1.821461047720264719e-03,7.825946881345196005e-01,3.706325517469431785e-02,5.054220692173011075e-04,7.093279357481755421e-01,7.039033592984331733e-01,-1.930422045422850452e-01,1.408996740612964427e-01,2.680881790116905472e-02,2.670427675745815077e-01,4.434854842511642276e-02,-5.237950997601212300e-02,-1.795659682793225922e-02,-6.856187703496149921e-02,5.210777580757507133e-02,4.268163686068988105e-01,-2.857504314749170771e-01,1.014636304669203071e-01,1.981449935138775154e-02,1.764079236174589255e-02,4.344393102734953743e-02,5.739045073996770774e-02,2.945317572911189674e-01,-2.322409485884788238e-01,1.122277231952785170e+00,1.227921521075959616e-01,-1.026778842444165118e-01,2.121551091649648280e-01,-5.170536935548020185e-02,-3.754873053860116050e-01,5.119460811399623168e-01,9.908204292206146402e-01,-1.892136364804169191e-01,-7.008738349933588130e-02,-8.653725243159655911e-02
9.769717519263636241e-03,-3.861025551898610714e-03,7.822309246560850138e-01,3.972949231719075797e-02,-8.931928008529144841e-04,7.097104613378770743e-01,7.033717585419646534e-01,-2.065351763918778782e-01,1.432593154891957099e-01,3.308275847365121924e-03,2.801072000292263997e-01,9.305532735993934934e-02,-8.576093460003725300e-02,-8.213809830252508104e-03,-6.625349039186992361e-02,5.333850759570669953e-02,4.149516187547652168e-01,-2.848584934720522766e-01,9.127290632346375665e-02,3.153068995149708315e-02,1.595509424019437086e-02,4.901939125908410383e-02,4.844080284889126092e-02,2.979884730582405550e-01,-2.254930628334806397e-01,1.120785781614003218e+00,1.229030017925975410e-01,-1.036898105598344638e-01,2.195204857363654283e-01,-5.342901321594234476e-02,-3.735098784556182827e-01,5.156371842134361838e-01,9.942455924303064130e-01,-1.975075980328384051e-01,-6.880297705511935480e-02,-8.966607877806830051e-02
1.353068261069047956e-02,-6.874671940773192588e-03,7.837859841943051187e-01,4.389143485533882755e-02,9.081790941133799106e-04,7.128980044582078346e-01,6.998922434179257746e-01,-2.345366542799835197e-01,1.467211102072737694e-01,4.426564733514187777e-03,3.056118327551058944e-01,1.330600066460034536e-01,-1.019496343543623840e-01,5.293783760754594558e-03,-7.034458670680664161e-02,5.634508105895586622e-02,3.913480483248427122e-01,-2.799583021288047924e-01,8.670901681203870004e-02,4.607871694975611970e-02,2.858855104049392790e-03,6.158456625200378620e-02,3.678704905900126443e-02,3.037503573230169729e-01,-2.185271611132478531e-01,1.109742262906329380e+00,1.132464732667241569e-01,-1.058004004588302405e-01,2.275784541922567794e-01,-5.820877725116996304e-02,-3.694719508678444009e-01,5.150761031218994423e-01,9.992458847801390931e-01,-1.977472599476679527e-01,-6.744763367447310920e-02,-8.863742393011957155e-02
1.785509887093919557e-02,-1.060049211456443562e-02,7.857696167869185899e-01,5.142574526430079146e-02,3.347851948466795333e-03,7.168246418516238672e-01,6.953464010445677967e-01,-2.780171546198659249e-01,1.491845136071331124e-01,7.205891114902863992e-03,3.457868380828350574e-01,1.351781605068546332e-01,-9.963459511946952396e-02,2.205450541735836517e-02,-7.902931759496512054e-02,6.721298167839404036e-02,3.678579474560006446e-01,-2.744916495068469020e-01,8.447625020777543847e-02,6.028728554036580367e-02,-1.490833944980630640e-02,7.734158613499125812e-02,2.978671977900557155e-02,3.101604026199454855e-01,-2.105441029373736894e-01,1.094632502307846922e+00,1.033923525016226669e-01,-1.059910504273524207e-01,2.417408037724683989e-01,-6.559150603041542793e-02,-3.679005920123326612e-01,5.122446003346255994e-01,1.002754624688981355e+00,-1.991531235111679288e-01,-6.542065865112088596e-02,-9.082408975138960006e-02
2.241952420223409376e-02,-1.489965278024114707e-02,7.887411631144822799e-01,5.940101145849000647e-02,7.539593598327843683e-03,7.204392424269002726e-01,6.909283409568850454e-01,-3.265220652196695883e-01,1.431176565798360223e-01,-9.578306948358691897e-04,4.016678573182730916e-01,1.190982800937352981e-01,-1.027178543891957702e-01,3.488799347926631322e-02,-9.107770565141797003e-02,7.895635008774665176e-02,3.453154101268948173e-01,-2.615326661116270657e-01,8.226110830496859150e-02,7.760434549452933928e-02,-3.306060231985665648e-02,9.424848400031271556e-02,2.052569147063244837e-02,3.177771696600608098e-01,-2.039744275422692155e-01,1.077889902316707227e+00,1.022740200698656343e-01,-1.034580233786778353e-01,2.541983432530162679e-01,-7.003247824928603149e-02,-3.677621900494720264e-01,5.087406120663366949e-01,1.002711931174156801e+00,-2.006498143107621479e-01,-6.513374774257121858e-02,-8.598691812218221819e-02
2.710968250924836870e-02,-1.969273887554794794e-02,7.917557087527175019e-01,6.631489289859190950e-02,1.255516366263737318e-02,7.246085789459997262e-01,6.858477310329976762e-01,-3.801708948323859749e-01,1.352650345343106575e-01,1.629392721168652913e-03,4.750486827929970568e-01,9.513802722428769953e-02,-9.934052414127744757e-02,4.640352113150231217e-02,-1.042756467849527968e-01,8.498373944014527004e-02,3.181660529611755051e-01,-2.458537831665202900e-01,7.920857677899154070e-02,8.976404804677109994e-02,-5.094148246420297788e-02,1.060082022207904096e-01,1.758365251740911378e-02,3.225298593330508390e-01,-1.990745602525074154e-01,1.059728218443762859e+00,9.957489125119974027e-02,-1.026881801645978809e-01,2.573273916406108586e-01,-7.126321361189322245e-02,-3.687636581177265449e-01,5.058757642883928707e-01,1.000872777089286902e+00,-2.024806118469315019e-01,-6.624035541422938766e-02,-7.711576451391093101e-02
3.167185300020496086e-02,-2.477676996954055952e-02,7.944215462542534301e-01,7.526188873177003247e-02,1.787803253433684764e-02,7.281108183869816619e-01,6.810805093416397726e-01,-4.373826025048961341e-01,1.238370038854080951e-01,4.153404675594649098e-03,5.775536677717034717e-01,5.129749964428240855e-02,-8.875285222648104932e-02,5.315816419897868850e-02,-1.235191730010452432e-01,8.122838121151090829e-02,3.030465303985580006e-01,-2.307924716962669598e-01,7.428997127681401247e-02,1.012273022414443419e-01,-6.937724038795380077e-02,1.176067568748231373e-01,1.502660446171403402e-02,3.273622469063334206e-01,-1.926450007471501025e-01,1.039311489251005804e+00,9.072536692275477710e-02,-1.032535272111719110e-01,2.596917150925935891e-01,-7.097317570846212176e-02,-3.688641641616555167e-01,5.002261465339195023e-01,9.986774111135314769e-01,-2.007343414766180612e-01,-6.855051560068892158e-02,-7.105303016084191237e-02
3.592443138957362309e-02,-2.994590516970465494e-02,7.968062632983540228e-01,8.139998434556491858e-02,2.576279145248731167e-02,7.316970695916950040e-01,6.762615762233159522e-01,-4.960128568328330823e-01,1.068302810046874024e-01,9.077866596483324946e-03,7.079150888810391562e-01,8.851275262978929026e-03,-7.839618843432255568e-02,5.465494453869310792e-02,-1.439568623649646328e-01,7.389771247082316252e-02,2.822298218789304203e-01,-2.190031853278645024e-01,7.237660199976723996e-02,1.120162149969875648e-01,-8.943512559938585071e-02,1.256676957757577873e-01,1.678201873289448393e-02,3.348894310849712119e-01,-1.876583062273281810e-01,1.012186408308755281e+00,8.171178501587611498e-02,-1.069161707445390325e-01,2.565931380662551664e-01,-6.992579860663279689e-02,-3.704310762017264391e-01,4.979919567652112966e-01,9.923047288175462777e-01,-2.051973458697442521e-01,-6.830711994123103703e-02,-6.646663584412264292e-02
3.950010994746761678e-02,-3.486350262945562412e-02,7.986289800748638257e-01,8.759131047363209743e-02,3.088785365304744235e-02,7.340220146620801689e-01,6.727446653951562050e-01,-5.403533224894084830e-01,9.302093405409188331e-02,7.272449943656233290e-03,8.409429707754698669e-01,-2.397607655785942427e-02,-7.432135414807104767e-02,5.316695228770462744e-02,-1.601941739788332875e-01,6.548891628494991901e-02,2.737292643364803157e-01,-2.047915208507215534e-01,7.013679615817328128e-02,1.189345623851180839e-01,-1.046175790809200090e-01,1.264255167411912351e-01,2.338910285126385644e-02,3.393442247004300749e-01,-1.803044397069659965e-01,9.906666953144894761e-01,8.228700283896356327e-02,-1.078433739147941356e-01,2.566203123906523609e-01,-6.721397838729195606e-02,-3.702054812010060481e-01,4.915723094646809455e-01,9.904959024524637723e-01,-2.074540830685722981e-01,-6.613810393856953129e-02,-6.861453765472980137e-02
4.221129174673503293e-02,-3.918814718364409949e-02,7.994731887794119807e-01,9.207471275998430071e-02,3.572570472501009065e-02,7.349351420070041607e-01,6.709070415006928023e-01,-5.766740214990336844e-01,7.367149700392258693e-02,5.339160137484200153e-03,9.593313356512802592e-01,-5.396430730674433435e-02,-7.830253176684071059e-02,4.769218854543787883e-02,-1.746384485477690263e-01,5.560076268273020372e-02,2.683232670547339715e-01,-1.968691078032968333e-01,6.996129649523678828e-02,1.243748086292600641e-01,-1.168680665329766138e-01,1.265318528794648900e-01,3.130504520034152471e-02,3.458510279377846053e-01,-1.791493729154115533e-01,9.634881002607948997e-01,8.768496929797561790e-02,-1.104215184414333861e-01,2.613125577157993096e-01,-6.684237965573321116e-02,-3.696886932363127043e-01,4.878413388750758029e-01,9.889518396640035736e-01,-2.076782414352428552e-01,-6.322620793839088538e-02,-6.811843175076472134e-02
4.387919369169571149e-02,-4.262915814466452374e-02,7.998122119654991202e-01,9.345781572455577613e-02,3.924640983974574115e-02,7.353646953257414465e-01,6.700478496817705576e-01,-5.911828125343550067e-01,5.416337335610448694e-02,5.597702706584491844e-03,1.045723222350211312e+00,-7.299278269686471088e-02,-8.603949255488885228e-02,3.791729699175880319e-02,-1.817932262628242368e-01,5.003407133298692910e-02,2.684638303265251547e-01,-1.927688859062565985e-01,6.760114778825833393e-02,1.256686482789028947e-01,-1.239204525797899803e-01,1.214980436149624976e-01,4.039401538189119067e-02,3.489006583474395518e-01,-1.760515516138056458e-01,9.402207654677384729e-01,9.137278959732168804e-02,-1.154038181001938029e-01,2.652395635284389708e-01,-6.476754942549234340e-02,-3.714723597149996448e-01,4.883512822798121711e-01,9.830036139464815026e-01,-2.115484429090784546e-01,-6.374585753591352488e-02,-6.717408932493280915e-02
4.443522637190891467e-02,-4.497745274830396850e-02,7.999068109314174668e-01,9.181007157308951339e-02,4.209769838532653741e-02,7.357520335991410976e-01,6.696772652577732687e-01,-5.927467129435268767e-01,3.535059627180812958e-02,1.123714679362682739e-02,1.108087692541303015e+00,-9.267862300976120737e-02,-9.158265398285546366e-02,2.741762144180079352e-02,-1.839562628663347077e-01,4.612021738536600107e-02,2.652982871959112532e-01,-1.901778779516113405e-01,6.130387189827571359e-02,1.241632954269987210e-01,-1.275042192710242606e-01,1.148629679618395349e-01,4.406538214558101269e-02,3.512245527483037755e-01,-1.768817391865685207e-01,9.304440934485760373e-01,9.987603345037705804e-02,-1.166957688399666015e-01,2.620353671648565919e-01,-6.589226643366066782e-02,-3.703716372445285954e-01,4.867972582332035225e-01,9.878423424854904100e-01,-2.126632303198845997e-01,-6.184778301149321950e-02,-6.346870769186405137e-02
4.383893823318258526e-02,-4.601509169039792735e-02,8.002851023995415369e-01,8.805727942266908248e-02,4.461833812309759506e-02,7.353067963697286213e-01,6.705065507929783841e-01,-5.751928205649704529e-01,2.134723579952050102e-02,1.675435663908988321e-02,1.127437351066781446e+00,-1.031851771131456624e-01,-9.319494229919439432e-02,1.492378361110492310e-02,-1.838088657490277167e-01,4.015733360531867358e-02,2.631953900897962551e-01,-1.845269809072837275e-01,5.581539407895725474e-02,1.191209396258166020e-01,-1.252416419995069363e-01,1.048392811862405294e-01,4.844387291440462040e-02,3.491599989274595806e-01,-1.805770757553961936e-01,9.303837797305387625e-01,1.119277102964125470e-01,-1.180422625852228374e-01,2.570483691947886840e-01,-6.468292301730679816e-02,-3.697703537392865725e-01,4.818678121813155246e-01,9.925206563050597008e-01,-2.168110657079422854e-01,-5.733898202762486435e-02,-6.337716370130322407e-02
4.208698900350486133e-02,-4.536221768889897588e-02,8.005949838972632460e-01,8.291934562147031118e-02,4.662540496344011465e-02,7.337507370729809963e-01,6.727260286168205150e-01,-5.319258653676005588e-01,5.219048556220139828e-03,1.432670591810843337e-02,1.082875035613351855e+00,-1.041454346001293441e-01,-8.630682592723112889e-02,7.329362961676327837e-03,-1.817796192181736770e-01,3.456667056578607844e-02,2.519732090361203047e-01,-1.757811158943046737e-01,5.237654126670635013e-02,1.119155870214744580e-01,-1.218845586577220197e-01,8.669525382899484489e-02,6.651338526551646424e-02,3.418573432755095398e-01,-1.901295520876070122e-01,9.296446239965971969e-01,1.194187344213302054e-01,-1.210942408252327351e-01,2.575336778738989141e-01,-5.357404434668816551e-02,-3.681296021665657614e-01,4.861787888444295547e-01,9.958117396545519417e-01,-2.162217415536837883e-01,-5.866986022123367450e-02,-6.733781461611564045e-02
3.944621742650489954e-02,-4.389938664787598060e-02,7.999756002515480136e-01,7.182712451653112951e-02,4.726336671474327955e-02,7.307155023817516470e-01,6.772458142576136542e-01,-4.720552292223271773e-01,-7.739522943079821249e-05,2.036892347801440295e-02,1.001547321323558615e+00,-9.922878418452364679e-02,-7.675186748325081576e-02,-3.293396626583369041e-03,-1.679540488175180757e-01,3.087882277063281472e-02,2.340736463099806208e-01,-1.729719775859262232e-01,5.446179932330587337e-02,1.021874867388579133e-01,-1.141267268755628839e-01,6.888160652293057185e-02,7.480082869534651624e-02,3.345132199173863063e-01,-2.028658199594699507e-01,9.397063150356851358e-01,1.297623211111899599e-01,-1.186322243050706299e-01,2.478364774956862970e-01,-5.099364568596542052e-02,-3.664044086355395802e-01,4.924279494578669980e-01,1.000547422909574768e+00,-2.159845117021845229e-01,-5.579677601135928089e-02,-7.105110182635213101e-02
3.619742936647288994e-02,-4.195971881867108927e-02,7.990015669030350320e-01,5.938513593211449532e-02,4.290036996618245418e-02,7.260328547539602884e-01,6.837464864296584066e-01,-3.969627680867618968e-01,8.109685631918286952e-04,2.005895472473839466e-02,8.802283511401370886e-01,-9.415117081457323456e-02,-6.519379506876939179e-02,-9.776542432087163836e-03,-1.432367695535409213e-01,3.009855920819703642e-02,2.195541349619234694e-01,-1.657392253868753551e-01,6.293006967032149790e-02,9.489301198518547420e-02,-9.411378367603517869e-02,5.960223806861236762e-02,5.990938751163022574e-02,3.258772997831682061e-01,-2.157593638717535400e-01,9.731943022325934001e-01,1.312849219975489312e-01,-1.168309614131189944e-01,2.255373805866728310e-01,-6.120106916380334966e-02,-3.696674887035932278e-01,5.012026553306024867e-01,1.002457459181766986e+00,-2.090708621554545066e-01,-5.315289269112462994e-02,-6.063931145498709097e-02
3.237551883125577151e-02,-3.928759149869010675e-02,7.978433669295974529e-01,4.867426624425227194e-02,3.912326586600184397e-02,7.212901413510717230e-01,6.898120888063008493e-01,-3.142606213963658468e-01,2.465733959841037715e-03,1.636358803498706369e-02,7.308248628210908260e-01,-9.975282665245951974e-02,-4.864354485001841366e-02,-1.232053323684943053e-02,-1.238778723640539536e-01,2.766594643199867323e-02,2.042678998257574374e-01,-1.592047661848511042e-01,7.042520340199222295e-02,8.569177983305775737e-02,-7.551081889172531203e-02,4.656751517840556492e-02,5.445395763970452274e-02,3.108371854736903250e-01,-2.296375056994386932e-01,1.009148675168028531e+00,1.399119873149761439e-01,-1.151804436334942505e-01,2.098225902974435730e-01,-6.159537664634438109e-02,-3.698513722427461126e-01,5.054699753240026183e-01,1.003287904354246862e+00,-2.018740939343396379e-01,-5.566942481533139475e-02,-5.641916359910532225e-02
2.833717823407398695e-02,-3.644181187539957678e-02,7.956932119690950378e-01,3.684926711907921676e-02,3.523246403971656143e-02,7.170724042450643543e-01,6.951316221124450578e-01,-2.348304397681962030e-01,2.321862262012772647e-03,6.476960997087149313e-03,5.735585227756673232e-01,-1.140593739962834363e-01,-3.503249173721802862e-02,-1.770991502698830364e-02,-1.026752902679165663e-01,2.701002734090530294e-02,1.935590707008111588e-01,-1.591168948011428830e-01,7.610667789328219579e-02,7.325519788863399384e-02,-5.531556073850209254e-02,3.236321175822022556e-02,5.111210491570765402e-02,2.965999151235149123e-01,-2.451335923528858429e-01,1.041319554297697625e+00,1.553747819187968060e-01,-1.123134143900639537e-01,1.987232721433761506e-01,-6.076969641077264311e-02,-3.692822404007474746e-01,5.072310220678640791e-01,1.001860840984373890e+00,-1.967446261800668283e-01,-5.869012432975873744e-02,-5.319779249619924905e-02
2.436502189132910140e-02,-3.371962130637043420e-02,7.938062499306623998e-01,2.636817646741577634e-02,3.163570930635391243e-02,7.140217179380685675e-01,6.989112157343272402e-01,-1.674680045277501528e-01,4.032399549668911828e-03,-3.478386810254745221e-03,4.344455749136387768e-01,-1.279319629102227407e-01,-2.565201510795545731e-02,-2.102328559146942125e-02,-8.502810264403304341e-02,2.370840820700107279e-02,1.828353138998539129e-01,-1.563189830769660671e-01,8.138356340859202731e-02,5.989149480138818843e-02,-3.692874791619232822e-02,1.826543795133851733e-02,4.615276708001025963e-02,2.825894257053280234e-01,-2.623976507299512484e-01,1.075572080572796851e+00,1.680801641753656983e-01,-1.112440253704126691e-01,1.844399964466512387e-01,-6.221964925899856058e-02,-3.680999784069430292e-01,5.139640372940659230e-01,1.003406071281754741e+00,-1.948514265910774035e-01,-6.331713251263462738e-02,-4.665800079137933515e-02
2.069236936948723807e-02,-3.132852346674878941e-02,7.926447850694234853e-01,1.849310449823358266e-02,2.932718251427214595e-02,7.127932006597026415e-01,7.005167910514976670e-01,-1.199589366298671189e-01,7.309127330297688838e-03,-5.071561145617492494e-03,3.392940685887358976e-01,-1.463002658289441760e-01,-6.729852991912772114e-03,-2.675711700614253480e-02,-7.384372881234060881e-02,2.081166033466632162e-02,1.818293730149517506e-01,-1.537375622027469524e-01,8.099473096190872023e-02,4.467348707602569746e-02,-2.366284551697772631e-02,5.634702635215746436e-03,4.199108673316159779e-02,2.724312098298344864e-01,-2.815275909458690440e-01,1.103177617555707091e+00,1.809485275273833849e-01,-1.100002267088748681e-01,1.672616944841651965e-01,-6.544083209309892180e-02,-3.624387447978694166e-01,5.144677939029606017e-01,1.016221442241463935e+00,-1.952292668445787249e-01,-6.502002998465315764e-02,-4.220254723938079294e-02
1.738341984401763421e-02,-2.930752929908630317e-02,7.919779250846573637e-01,1.271473779739642346e-02,2.828800827487874120e-02,7.134332266553687907e-01,7.000365384283109282e-01,-9.005314043876599950e-02,1.175030046153815490e-02,-1.510465641069221043e-03,2.766604589014565740e-01,-1.694984507078556579e-01,1.149564533979394870e-02,-3.039054403788360101e-02,-6.826181152891727666e-02,1.714917709808874008e-02,1.802157291520580240e-01,-1.521498061659068979e-01,7.803007252866470123e-02,3.192399584810947516e-02,-1.566258441365769166e-02,-1.622727890203991274e-03,3.410781908719223710e-02,2.660823119670761572e-01,-2.984681013170241703e-01,1.124999391607077959e+00,1.893668533864962256e-01,-1.109783942883376812e-01,1.542594813602834458e-01,-7.029863019889664999e-02,-3.606527349633758539e-01,5.204415492740304128e-01,1.022946397158264187e+00,-2.003710492339077776e-01,-6.896589696212086784e-02,-3.721963552020557398e-02
1.441454496653488647e-02,-2.770720895950784524e-02,7.920983142743276417e-01,8.648911419551447849e-03,2.760147310820766642e-02,7.130772277678447679e-01,7.004885596870500386e-01,-6.783822400745606607e-02,1.452491731098590894e-02,1.197391035175514318e-03,2.310259991689084524e-01,-1.793744360944004024e-01,1.989527703651780208e-02,-3.307267760835676251e-02,-6.491127719086946246e-02,1.590601416207769458e-02,1.784240277255835228e-01,-1.458866806461480703e-01,7.677285356417985762e-02,2.195659997214989903e-02,-8.976968850348727297e-03,-8.023782154032030323e-03,3.032695693161437805e-02,2.606107320176316300e-01,-3.085952685028492404e-01,1.142497670708232826e+00,1.962205180867862553e-01,-1.119952170807551745e-01,1.425323764074753752e-01,-7.331333486615765338e-02,-3.603037517741922158e-01,5.269997977051745774e-01,1.021120830134382151e+00,-2.046676677094495245e-01,-7.311394002528538716e-02,-2.980272046328009961e-02
1.183751736442582511e-02,-2.665777034264470158e-02,7.917382592453554579e-01,4.935626512804304478e-03,2.728392177456953616e-02,7.129845953567696126e-01,7.006312824785001503e-01,-5.509536942611752142e-02,1.643608407625635204e-02,8.518395967851699613e-04,2.011189412469180926e-01,-1.908352733913735444e-01,2.804373331350872717e-02,-3.959569990686251373e-02,-6.194304043770207380e-02,1.733403903017908046e-02,1.831640917078907194e-01,-1.460700223913784790e-01,7.858659163097103661e-02,1.565983811628860259e-02,-5.478887307024040733e-03,-1.005109042178708306e-02,2.316132750832299372e-02,2.580637870364950182e-01,-3.162435329760951985e-01,1.154889033033178913e+00,1.976693194410339138e-01,-1.112680648783758580e-01,1.322713653049156224e-01,-7.992756954214388920e-02,-3.577973996287541758e-01,5.323225825386549426e-01,1.023890428400423991e+00,-2.052296450867874822e-01,-7.408233508996002470e-02,-2.429425179828375442e-02
9.670745886381776693e-03,-2.617388550584224746e-02,7.914614925937546452e-01,3.636746455738730770e-03,2.665700267287525807e-02,7.131417469991745417e-01,7.005034096781252995e-01,-4.590325625024129635e-02,1.581610380752222073e-02,6.151428267247086024e-04,1.835083278871227630e-01,-1.957387443517988879e-01,3.100173363057829451e-02,-4.234017399549747096e-02,-6.189109611082110884e-02,1.858016086788690999e-02,1.872002086406525379e-01,-1.475214686000061448e-01,7.463020089888849906e-02,1.254231461266525072e-02,-3.498943407346691119e-03,-1.037507486034528956e-02,1.929619531501065854e-02,2.564549262011482922e-01,-3.210642030408712988e-01,1.159147971756281814e+00,2.029602089592275060e-01,-1.127286412018013440e-01,1.286744838122951540e-01,-8.346158000191991611e-02,-3.585512122972085436e-01,5.370883050117464252e-01,1.018944980296380143e+00,-2.066858453782938199e-01,-7.742611186973161197e-02,-1.952070893962912917e-02
7.878372314056060477e-03,-2.640249966421926928e-02,7.910557299690235133e-01,3.071651238088487189e-03,2.614851649524512628e-02,7.127531603573206143e-01,7.009206463248320862e-01,-3.904038720145036612e-02,1.470821425152135827e-02,1.366720543971376711e-03,1.706613969280371679e-01,-2.000326053235882140e-01,3.384575721668504900e-02,-4.587552707848419759e-02,-6.298541854919798011e-02,1.816596522537583872e-02,1.921847354056399615e-01,-1.499493386353235869e-01,7.453735925255330907e-02,1.064535435227927790e-02,-2.987092614917368980e-03,-9.383390314785449576e-03,1.523405228477454909e-02,2.562989130226536183e-01,-3.275324374123604887e-01,1.161539313677275365e+00,2.079014771988524357e-01,-1.148606226125046120e-01,1.231967036744938820e-01,-8.863969875696839362e-02,-3.579364089684164973e-01,5.395142030253576859e-01,1.013987399339913553e+00,-2.058914458203509601e-01,-8.057007095946944197e-02,-1.743573574911375101e-02
6.463184544191366739e-03,-2.742542905961137603e-02,7.906667801577330623e-01,3.084933738760107548e-03,2.569708236698232257e-02,7.125332077520682983e-01,7.011608738315331379e-01,-3.519639844348787516e-02,1.308108938936857618e-02,1.997311505937349185e-03,1.629354414704365095e-01,-2.032326855077173922e-01,3.570500009719500267e-02,-4.952554307286897994e-02,-6.506485637126137311e-02,1.539531096367126317e-02,1.969491283343092203e-01,-1.522784001094465989e-01,7.582149737365993791e-02,1.119668070994536344e-02,-2.805443451555277457e-03,-6.578682328124189904e-03,8.408448696659166777e-03,2.564666592616243745e-01,-3.318757069621781075e-01,1.164079273433898498e+00,2.105830085554005193e-01,-1.166199140074484913e-01,1.212908321320871341e-01,-9.456899350699048135e-02,-3.583646192276566111e-01,5.444261961641443381e-01,1.010131852962386168e+00,-2.067594198218960788e-01,-8.287029352248023728e-02,-1.426661344050556002e-02
5.378322082604121077e-03,-2.931261206949565754e-02,7.902598973435994711e-01,2.754229111914695358e-03,2.552290284787400720e-02,7.128332356488038535e-01,7.008635914403551492e-01,-3.609141790943002498e-02,1.172420072013010545e-02,1.206753615831251958e-03,1.596109873563394677e-01,-2.067846208987974832e-01,3.768549909201468484e-02,-5.627704643850291177e-02,-6.658685754560773884e-02,1.285192268483077022e-02,2.039893215716657160e-01,-1.549592438075067524e-01,7.644675451255028564e-02,1.108570110528574182e-02,-2.044147971806550661e-03,-3.146904605001082933e-03,7.772512151224958421e-04,2.563772182468942451e-01,-3.368252131574362429e-01,1.166364763904176760e+00,2.142336201290230002e-01,-1.188338610391616867e-01,1.194089311905720124e-01,-1.013461270041581958e-01,-3.576039325215507603e-01,5.465200302180129865e-01,1.008979768923495390e+00,-2.073971558373107760e-01,-8.509419509756002697e-02,-1.314588070007683546e-02
4.577752375631627402e-03,-3.215538535729073333e-02,7.899011805064737324e-01,2.412333125929802622e-03,2.544134074396665196e-02,7.132954339741127692e-01,7.003974176863591028e-01,-4.106054274551023536e-02,1.025615785272104841e-02,-1.535994638716030314e-03,1.613491554537855865e-01,-2.100770829194280043e-01,4.025349487156325984e-02,-6.563598524536487511e-02,-6.767584660050871004e-02,1.116465244829867309e-02,2.132093786385032830e-01,-1.569849355203643826e-01,7.631464338287935467e-02,1.145761913852464883e-02,-1.272215127185991708e-03,1.597000239775887842e-03,-8.249468744276414189e-03,2.568889979084175157e-01,-3.424956574033610757e-01,1.167528167625821123e+00,2.197328277122145290e-01,-1.192138925363840918e-01,1.184952492502557991e-01,-1.097446741771928580e-01,-3.566270246920364984e-01,5.469536467819415826e-01,1.008002383111121336e+00,-2.100226337848053737e-01,-8.494428717639899984e-02,-1.421708607974552993e-02
4.000439489321663648e-03,-3.603742736076251396e-02,7.894105084277043272e-01,1.800898294782421992e-03,2.548567968933674807e-02,7.144603717697938228e-01,6.992092777321187169e-01,-5.230641886941032881e-02,8.779936855508624349e-03,-6.219456503819935367e-03,1.711469515163288602e-01,-2.157797762255912188e-01,4.332053938740706989e-02,-8.144009115814043742e-02,-6.811509773381935196e-02,1.059363353672897190e-02,2.318617485089951580e-01,-1.611298448827781504e-01,7.422816954465107087e-02,1.158477829800484693e-02,1.391239111366818389e-04,1.078065708846532439e-02,-1.921467383546304752e-02,2.583785311962125686e-01,-3.475410946935048595e-01,1.164280866268200709e+00,2.235095154995744571e-01,-1.194807717985358897e-01,1.192096288625682649e-01,-1.203098486297419639e-01,-3.588613106901373251e-01,5.489555183700824958e-01,1.000864688350741938e+00,-2.105122666395805864e-01,-8.530051354128340146e-02,-1.478285802735807702e-02
3.582804786800213720e-03,-4.100237120291688048e-02,7.886741972706505788e-01,8.944071239922486011e-04,2.598983315151524170e-02,7.156949334255121586e-01,6.979287147536658020e-01,-6.954434377433937886e-02,6.811226684764251464e-03,-1.176509726268890055e-02,1.881627250493120851e-01,-2.234087980828626807e-01,4.719359496544628385e-02,-1.025897376737929384e-01,-6.856620513425970564e-02,1.032997965768691490e-02,2.558674255594531877e-01,-1.672969096071479644e-01,7.178056113708959629e-02,1.149747727170230896e-02,1.883750015444285615e-03,2.272658686860645760e-02,-3.321075262889337798e-02,2.599120740044796318e-01,-3.531609824890750149e-01,1.161844039680665297e+00,2.269676530078774124e-01,-1.177919719106083063e-01,1.217323790630178704e-01,-1.344128322717350887e-01,-3.601622580533374030e-01,5.484657527558916001e-01,9.943549330813191700e-01,-2.088643003005295207e-01,-8.436743861835099834e-02,-1.738290257737326247e-02
3.279879477271750200e-03,-4.703664313882578024e-02,7.874332960429910599e-01,-5.601452706012655276e-04,2.657946761111812731e-02,7.173637158139101189e-01,6.961914373018702751e-01,-9.340474853678000511e-02,5.054936963756031035e-03,-1.870142349148446598e-02,2.141940807055428275e-01,-2.352509627039454931e-01,5.203856864477589966e-02,-1.316893051303910656e-01,-6.816716691076331325e-02,1.019649338769225422e-02,2.908926897198882977e-01,-1.755814719175418370e-01,6.911127324587004739e-02,1.135050595413662072e-02,4.924756899499481595e-03,3.962738482006591956e-02,-4.891754882081002231e-02,2.616417924258607197e-01,-3.582229229790916958e-01,1.156060753892578230e+00,2.296402411277680133e-01,-1.166979787891939957e-01,1.259155368998874369e-01,-1.510688697503847766e-01,-3.629402282558350512e-01,5.468713191050683653e-01,9.838600931485445011e-01,-2.073496038604661085e-01,-8.496741056558729244e-02,-2.113978152678269717e-02
3.101500293805229368e-03,-5.412593055959642740e-02,7.851377138323718530e-01,-2.721591763116795216e-03,2.779299760328572330e-02,7.196367664065184133e-01,6.937889208242430383e-01,-1.289155111514556917e-01,2.306947129695242557e-03,-2.752500305282778309e-02,2.569211776836164418e-01,-2.544425309775787958e-01,6.204400179618582006e-02,-1.717476282767962104e-01,-6.777925486440558589e-02,1.049122485708755409e-02,3.404691259338070708e-01,-1.895901148688100279e-01,6.665159654280848611e-02,1.015836136221867289e-02,9.352169830754434449e-03,6.138649438660390839e-02,-6.720164370801634535e-02,2.646897178114255289e-01,-3.628643806651933312e-01,1.145715391438959285e+00,2.316049806787434662e-01,-1.155584835814126160e-01,1.332642075716978514e-01,-1.731752529772580262e-01,-3.661311277109174367e-01,5.429194840138480416e-01,9.726009655868078640e-01,-2.054939791910502522e-01,-8.457419009168161417e-02,-2.893727000048090109e-02
3.063336250222348754e-03,-6.214442488721139135e-02,7.813197602702571798e-01,-6.560555013455017515e-03,2.977294972994993030e-02,7.221008106399445792e-01,6.911157282651201328e-01,-1.764971740606212369e-01,6.338487835679321170e-04,-3.346600689127249284e-02,3.140895203855272877e-01,-2.828101041564399787e-01,7.683450127931376605e-02,-2.248427730305361250e-01,-6.623281351236225134e-02,1.084280715074562723e-02,4.046726054230904146e-01,-2.093857549825272613e-01,6.461024774704840490e-02,7.944497108205893915e-03,1.441249412772169919e-02,8.796689041421529298e-02,-9.051065618211062702e-02,2.686646646335132949e-01,-3.688701312863971182e-01,1.132110951221179107e+00,2.303750674907306950e-01,-1.155035137008922214e-01,1.432611929352645697e-01,-2.034166042741706315e-01,-3.718388923136061730e-01,5.412270354308050813e-01,9.596575915492412401e-01,-2.050008644456357831e-01,-8.506623310651693914e-02,-4.079893496330599945e-02
3.249724790850690766e-03,-7.091379828617609682e-02,7.753435268441972728e-01,-1.188543394654572108e-02,3.261550518691749140e-02,7.248319812596099032e-01,6.880505535384535687e-01,-2.407352432519598573e-01,-5.009381384291754918e-04,-3.683690906117039615e-02,3.938935139638854444e-01,-3.194035006778748742e-01,9.779978293289925961e-02,-2.952624903945147983e-01,-6.532624696559745370e-02,9.630761395706212424e-03,4.925977639421620369e-01,-2.354730589012340447e-01,6.385296383991784230e-02,6.680594266044516047e-03,1.915691783917198784e-02,1.151477029719243927e-01,-1.208250738644364164e-01,2.728236673789008471e-01,-3.768125887389184303e-01,1.116963925116252865e+00,2.264269533561670267e-01,-1.131848898697987160e-01,1.584691759847235148e-01,-2.378280605927563518e-01,-3.766118161339252479e-01,5.381367432749959434e-01,9.533840552803350965e-01,-2.007739228343863869e-01,-8.309765760119386391e-02,-5.836611377400044431e-02
3.714761201016435720e-03,-8.031453306297664518e-02,7.660368411581149894e-01,-2.015401122486253083e-02,3.840308038359665360e-02,7.270873141707631104e-01,6.851737420687870062e-01,-3.305381560137751196e-01,-1.945525614926169045e-03,-3.922380743937868564e-02,5.016218517037197566e-01,-3.649870452029495560e-01,1.203577359921499668e-01,-3.892857852050060075e-01,-6.733836902836209948e-02,6.169458652451866032e-03,6.042399358258581099e-01,-2.709016420172554174e-01,6.400790670687196704e-02,7.406885007530050573e-03,2.298889462354695989e-02,1.411597974204927830e-01,-1.595023513662762182e-01,2.781988728567422742e-01,-3.805817800284033714e-01,1.098252736900095616e+00,2.137604186492851055e-01,-1.102246749335211301e-01,1.765140117438234457e-01,-2.803485443691688395e-01,-3.848616084787916392e-01,5.371554268679468169e-01,9.472898135269888220e-01,-1.925023942586573111e-01,-8.397595604794613755e-02,-7.371970072625555481e-02
4.534885403308806275e-03,-8.979717494357628005e-02,7.540193324297733701e-01,-2.754291938715384275e-02,4.531552280145174916e-02,7.283240300388366117e-01,6.831778672153037135e-01,-4.247133308242820315e-01,-5.621607020161786122e-03,-4.051897814953193261e-02,6.167172974534623764e-01,-4.102177455044939691e-01,1.405037752246887650e-01,-4.866348196840956097e-01,-7.113212542236729830e-02,6.478721503511961077e-03,7.206714943872304380e-01,-3.115462008159027851e-01,5.708293091606062020e-02,1.075183037831415472e-02,2.512114492502757340e-02,1.635592180186762334e-01,-1.922709944501090062e-01,2.854571415010717095e-01,-3.803980280096759814e-01,1.072701646804784525e+00,2.054422936847139780e-01,-1.083848981489788782e-01,1.997061977989157411e-01,-3.201791242955902561e-01,-3.920315112420584280e-01,5.319299580935707983e-01,9.386038671942454892e-01,-1.858934506847067791e-01,-8.518978767431230337e-02,-9.677570792909165331e-02
5.671939370872514097e-03,-9.909847778595005929e-02,7.412522309103383167e-01,-3.260370052514983963e-02,5.165893909530559075e-02,7.286589358475632494e-01,6.821469841120093580e-01,-5.082224793905840698e-01,-1.056134969037991755e-02,-4.273273499200133663e-02,7.196899781017452868e-01,-4.464190890538110024e-01,1.528936514357596144e-01,-5.705128244811836780e-01,-7.780306300188066793e-02,4.269361906725999134e-03,8.206356156093541632e-01,-3.519984437485285111e-01,5.182542990334194910e-02,1.492614770499456692e-02,2.769681912170773516e-02,1.850039167311033073e-01,-2.169023568755854836e-01,2.913347453447187041e-01,-3.859852460249350581e-01,1.049089883765410569e+00,1.980217001931836029e-01,-1.093303271928175585e-01,2.190468994433233396e-01,-3.499573712938123249e-01,-3.990055703122729058e-01,5.277347781199230869e-01,9.347944818999537331e-01,-1.794811022628614305e-01,-8.771303629458160334e-02,-1.151081987411407270e-01
7.086277914092315930e-03,-1.082021002372010737e-01,7.277783369843194849e-01,-3.939402435454723156e-02,5.939565196369023942e-02,7.297173930177798251e-01,6.800241125874109116e-01,-5.952002076619108406e-01,-1.524849218783196764e-02,-4.589591093611972844e-02,8.167201218259537709e-01,-4.769594791984719806e-01,1.626359127469789445e-01,-6.566400727767114365e-01,-8.388090610133475122e-02,3.343014035096153469e-03,9.147084803823507526e-01,-3.879467499917961248e-01,4.358319946210493373e-02,1.707901523391063686e-02,2.939127169706182152e-02,2.021489266194154977e-01,-2.427027209413787079e-01,2.999445809218812542e-01,-3.846968496483711974e-01,1.020689312689987638e+00,1.861418410913449617e-01,-1.097446801754431156e-01,2.342055677539826020e-01,-3.839239199851762208e-01,-4.132626505346948531e-01,5.239689182113999033e-01,9.134201070872939310e-01,-1.717941242807020097e-01,-9.064601746279010719e-02,-1.317437798009392091e-01
8.690797530034943125e-03,-1.168014536711209223e-01,7.132926026611341452e-01,-4.548151530572273893e-02,6.733122041020331294e-02,7.303215454584732758e-01,6.782539190913047245e-01,-6.801745598713795360e-01,-1.947226300792846351e-02,-4.717704496078118509e-02,9.114890484917537172e-01,-5.040786705454094463e-01,1.687929746655275065e-01,-7.397092073389883726e-01,-8.950420884278370570e-02,5.352472563699917085e-03,1.004663213113478060e+00,-4.254115457205792650e-01,3.419629150853480126e-02,1.944742108019787211e-02,3.059619518368580926e-02,2.213623051752466875e-01,-2.700310089026822791e-01,3.061160485250502550e-01,-3.840430435894791605e-01,9.945759073292597119e-01,1.724433901897689247e-01,-1.096438873121355628e-01,2.476002216169581605e-01,-4.150521213611562676e-01,-4.263501870280905215e-01,5.192885607029745776e-01,9.008089465016019259e-01,-1.604571162614822910e-01,-9.326900476107893856e-02,-1.433772186529973514e-01
1.041676834201991746e-02,-1.247681384182683928e-01,6.971669786153963377e-01,-5.130313797734831205e-02,7.376673173083955759e-02,7.310340344916307354e-01,6.763990669259648536e-01,-7.647162361670093444e-01,-1.953444092331869247e-02,-4.615240311748692453e-02,1.010117359780229318e+00,-5.320541402793530494e-01,1.754320045062331412e-01,-8.210213327615101253e-01,-9.310465137047646556e-02,8.304878310562438526e-03,1.095837632549484741e+00,-4.603084542284140990e-01,2.781813589020197888e-02,1.953342247104739374e-02,3.430707210891839609e-02,2.378822144269612249e-01,-2.939738151148121315e-01,3.108050198129907460e-01,-3.814512328294721866e-01,9.733770821540184137e-01,1.589961387627501221e-01,-1.081043701149887182e-01,2.580241771556534558e-01,-4.386785579425185322e-01,-4.359699671000188959e-01,5.137096637694524848e-01,8.942316998634326497e-01,-1.522493372030161163e-01,-9.422570503755951787e-02,-1.527413758278229339e-01
1.224174309782690047e-02,-1.319860554962093979e-01,6.817291107208434120e-01,-5.694731468921723772e-02,8.145361067030670865e-02,7.318060898402801717e-01,6.742270830596590603e-01,-8.430687795946840701e-01,-2.106749515539714512e-02,-4.424922236264620251e-02,1.094679842936574499e+00,-5.553327133608979560e-01,1.779552881171815870e-01,-8.962441270806260629e-01,-9.825243337337485894e-02,1.258978224080260083e-02,1.174699713264592660e+00,-4.967811237205276287e-01,1.871717033702558625e-02,2.070852954845652655e-02,3.807929121068544254e-02,2.549539750982056652e-01,-3.178303927028679476e-01,3.123788074625003519e-01,-3.796485582336286413e-01,9.591188603646795263e-01,1.445809479728933922e-01,-1.062627286580592745e-01,2.666580579909642590e-01,-4.590555029787236618e-01,-4.467636884786506668e-01,5.097048847972378560e-01,8.901441924905324488e-01,-1.440028132040508668e-01,-9.530821635092388833e-02,-1.596533067914633064e-01
1.411906909482202148e-02,-1.384503917888749991e-01,6.636069913968555278e-01,-5.987294461058351169e-02,8.551574208864563820e-02,7.328730884072833796e-01,6.723089502952163121e-01,-9.173022400120490749e-01,-2.074761126460671068e-02,-4.366950677489283422e-02,1.190314516419788804e+00,-5.835035447630427807e-01,1.824072328366659890e-01,-9.685609312522851511e-01,-1.030213824030788428e-01,1.641657110696447680e-02,1.267082287502967253e+00,-5.311307921516338348e-01,1.258319249046583807e-02,1.904837430380972030e-02,4.198304709116228856e-02,2.733971881542732185e-01,-3.398812984776311552e-01,3.164602546414821416e-01,-3.793653120487768260e-01,9.441435418675212521e-01,1.396984468637172405e-01,-1.038854302332720414e-01,2.756946974715505649e-01,-4.777190750181504186e-01,-4.517546788073587560e-01,5.052720357544098206e-01,8.959678068269225637e-01,-1.435938745028760288e-01,-9.398705644257381031e-02,-1.689716799281532622e-01
1.607355420685054742e-02,-1.441214244652153365e-01,6.452394762223424562e-01,-6.203409391416003088e-02,8.957005704883094777e-02,7.339792745227996518e-01,6.703755668604739482e-01,-9.864295965891466400e-01,-1.915241574232610933e-02,-4.054434454845569358e-02,1.279675590116249762e+00,-6.115540431309010039e-01,1.803907927893003693e-01,-1.035018437115704071e+00,-1.086488899467220326e-01,2.108171113629504073e-02,1.352412289204843576e+00,-5.708420379389640420e-01,5.771498800482212539e-03,1.573503995512531145e-02,4.632542991655881626e-02,2.923325712690938438e-01,-3.623006556489984931e-01,3.216690883306694282e-01,-3.779991438794611525e-01,9.349175411253436430e-01,1.357251326900974220e-01,-1.044149124887334690e-01,2.812479453841086885e-01,-4.921513138220309225e-01,-4.565305194988317772e-01,4.980503783470416335e-01,9.021136157102916941e-01,-1.417412234397061321e-01,-9.628049957589776553e-02,-1.778768168916230463e-01
1.810409599593357233e-02,-1.489637674654493427e-01,6.252621741975933345e-01,-6.309153283707430449e-02,9.342065614935556039e-02,7.356987827545304892e-01,6.678617675405541521e-01,-1.055426708277852121e+00,-2.110525699712486811e-02,-4.068987700568286320e-02,1.371745596750378882e+00,-6.376733683390681806e-01,1.773847859855703091e-01,-1.103213073301152924e+00,-1.157494311218502936e-01,2.832437298872922393e-02,1.445151948092237237e+00,-6.065613262950362294e-01,-1.743884330390768796e-03,1.377406992459627444e-02,5.194778250809037323e-02,3.141451529674442744e-01,-3.852734108099996613e-01,3.298170192099841858e-01,-3.730304978069017841e-01,9.178704121387802894e-01,1.265911508895791182e-01,-1.046756167535807663e-01,2.923019541247546815e-01,-5.085076704937406822e-01,-4.657103694080890754e-01,4.954832176999432458e-01,9.095458378128816745e-01,-1.419107233755544373e-01,-9.807642790096762764e-02,-1.822279217729012857e-01
2.019510887688383619e-02,-1.530456850675894764e-01,6.046000923689343054e-01,-6.257643512538622887e-02,9.582555046116959796e-02,7.374121947399783217e-01,6.656762792037730359e-01,-1.117734455159946405e+00,-2.001513361250305267e-02,-3.864572166195029412e-02,1.462349696780040231e+00,-6.668835624949585039e-01,1.723703780665053753e-01,-1.164268764933654055e+00,-1.234145407151298335e-01,3.520726940652531278e-02,1.535362932584701356e+00,-6.467781514814064936e-01,-6.764729016888579652e-03,1.018031360525522948e-02,5.577085800947850086e-02,3.409105805928413502e-01,-4.090766021023917176e-01,3.442882117888735882e-01,-3.651424091667088145e-01,8.998574663139011776e-01,1.138419414501311011e-01,-1.072065765026567197e-01,3.049128596572887595e-01,-5.241096554140687314e-01,-4.761017862706840020e-01,4.850576552303827449e-01,9.090608876702140906e-01,-1.334942469499083573e-01,-1.044601881202080612e-01,-1.951700653051713641e-01
2.225444109727415035e-02,-1.565412735034444613e-01,5.837314804957074443e-01,-5.948820696766563693e-02,9.748071689066227508e-02,7.391806211323282971e-01,6.637549791969016288e-01,-1.174000601915459852e+00,-2.097375912356098590e-02,-3.681501959797069817e-02,1.550233250215840686e+00,-6.904778205815140790e-01,1.603723098816384196e-01,-1.221657424084187760e+00,-1.314830601733199267e-01,4.481914984480729613e-02,1.625899815364827417e+00,-6.815893516037323518e-01,-1.673993992599695849e-02,1.063703973662615855e-02,5.924743493627172841e-02,3.705054173637503112e-01,-4.408373251048319785e-01,3.621794082513019597e-01,-3.499146160084635748e-01,8.737429699082589485e-01,1.109066835069249385e-01,-1.073313455516946985e-01,3.235144264515493751e-01,-5.465831938719597494e-01,-4.903018067828033288e-01,4.692479001654278337e-01,9.175000260858798828e-01,-1.278249690916523351e-01,-1.089638553019445094e-01,-2.058455343682306649e-01
2.426025635208943834e-02,-1.591092994283333506e-01,5.628320304692742138e-01,-5.736769349731934281e-02,9.965883138059351831e-02,7.407235758382617608e-01,6.618954972410900917e-01,-1.229208137427971526e+00,-2.143041136414514450e-02,-3.679594763642476257e-02,1.632946911062350237e+00,-7.164387081646033106e-01,1.535972189362941609e-01,-1.279629036559452926e+00,-1.356644846779581637e-01,5.607242843991699227e-02,1.713683009781051592e+00,-7.108072675266647877e-01,-2.402368068218893593e-02,9.287099314945311199e-03,6.226320290459982226e-02,3.951078010527330764e-01,-4.604374883915829386e-01,3.822482747234483003e-01,-3.361992816647537130e-01,8.427634852578423930e-01,1.056367025643007024e-01,-1.096268602434658512e-01,3.392352320932811027e-01,-5.608167664049830137e-01,-5.072734910948718534e-01,4.626173938454089529e-01,9.052076011535910016e-01,-1.246219704345095103e-01,-1.159954784756893897e-01,-2.127883412608175262e-01
2.607283615844613670e-02,-1.610379755140995961e-01,5.414589709777318793e-01,-5.397660654583989748e-02,1.006115249346482832e-01,7.430471469655296479e-01,6.594276187592583716e-01,-1.280374143701910938e+00,-2.180604726523934986e-02,-3.636317694272976631e-02,1.715391037806205166e+00,-7.424755577484010161e-01,1.431855731096715878e-01,-1.331796167597528058e+00,-1.408233172148919965e-01,6.743766066804837700e-02,1.800907153773564806e+00,-7.428556354944179096e-01,-3.058085992958823468e-02,8.673149692430806926e-03,6.587035506282375164e-02,4.203510141470729877e-01,-4.857016256475907290e-01,4.010176735396537295e-01,-3.322379946063063194e-01,8.193754879682872971e-01,9.777668260676122824e-02,-1.105993784665760538e-01,3.575944550301188851e-01,-5.806904496152609507e-01,-5.208065605827656430e-01,4.587702977419931272e-01,9.074936238947195477e-01,-1.165517674698891559e-01,-1.198920054030327420e-01,-2.200336975668211181e-01
2.761775425905396361e-02,-1.623386534289713024e-01,5.216205048563958835e-01,-5.043788605318009349e-02,9.994212569218863251e-02,7.448956184325323804e-01,6.577219084101024738e-01,-1.324567274824289376e+00,-2.082534146702232775e-02,-3.868314586104772829e-02,1.791207895278797979e+00,-7.645766638266757731e-01,1.325920994536164133e-01,-1.375829925256982333e+00,-1.436574479737457999e-01,7.700649633067105371e-02,1.878515313092915306e+00,-7.704976691702737357e-01,-3.602716871247066410e-02,7.902731401836809999e-03,6.404820088426765867e-02,4.437356343473058962e-01,-5.060612504942343381e-01,4.188422749120387367e-01,-3.240255994591344502e-01,7.925827708814213723e-01,9.207336814132618952e-02,-1.120805729344365037e-01,3.726284787686427458e-01,-5.931039746971381588e-01,-5.333415003466067672e-01,4.523015461379155666e-01,8.932918566214262945e-01,-1.071287268709192886e-01,-1.244967545347717419e-01,-2.275342344193592714e-01
2.880280878763038024e-02,-1.631225559622097310e-01,5.019905332275770293e-01,-4.517874049843820239e-02,9.851749025610333221e-02,7.460357206509593553e-01,6.570265512393052010e-01,-1.363269182279842173e+00,-2.129928429311497146e-02,-4.099705179179358172e-02,1.865271395135346566e+00,-7.849201942127896903e-01,1.226940533761045060e-01,-1.414652796708046667e+00,-1.472299478961768271e-01,8.637558143343829209e-02,1.953336825576470259e+00,-7.993231572719615707e-01,-4.020302791463691017e-02,8.006038798545396518e-03,6.396969381932528231e-02,4.694305820351301062e-01,-5.272946716615178886e-01,4.368326610749742045e-01,-3.154272709816108300e-01,7.707322724679233072e-01,8.266389941405123676e-02,-1.140681568892792791e-01,3.831636200736747710e-01,-6.075824597745772548e-01,-5.463221733586628437e-01,4.466938353415475516e-01,8.889498146378631560e-01,-9.980500595682435805e-02,-1.306632786914985467e-01,-2.280809375406224193e-01
2.957147510056077483e-02,-1.633028327869129603e-01,4.850728441376800926e-01,-4.278971107256924339e-02,9.994076643857470466e-02,7.462942386251379956e-01,6.566778458459825440e-01,-1.402841581832527496e+00,-2.312513860823451478e-02,-4.335297751147385026e-02,1.926593244564322793e+00,-7.997327592018963482e-01,1.090786682616704667e-01,-1.453734997946997343e+00,-1.478710067094808622e-01,9.623165612047318573e-02,2.014171852692303588e+00,-8.276758347961226114e-01,-4.453874650569697446e-02,9.573390891315187654e-03,6.197999040880569632e-02,4.848163587023954779e-01,-5.410477064286737248e-01,4.559333378374327839e-01,-3.133770158041136455e-01,7.506404257698402471e-01,8.029683777814661250e-02,-1.166167504713218200e-01,3.926122621186096673e-01,-6.190603435035777480e-01,-5.574588443729864284e-01,4.433974974904809629e-01,8.812216075707356433e-01,-9.432804247593654101e-02,-1.358921262176601141e-01,-2.298064608644916629e-01
2.986809927798821443e-02,-1.632671417855943163e-01,4.655833072729708699e-01,-4.266851775385294143e-02,1.017100119771958272e-01,7.470991373883393294e-01,6.554977879214278769e-01,-1.454673740146214866e+00,-2.447175441350022546e-02,-4.579728254823067779e-02,1.996841643893222162e+00,-8.138709149445931823e-01,9.846805602536830293e-02,-1.504569846808649469e+00,-1.478514776057552049e-01,1.065208069519479328e-01,2.083328377498556261e+00,-8.492487359163901628e-01,-4.717844094555314477e-02,1.084067290608754786e-02,6.277519429831431019e-02,4.916261581052275842e-01,-5.488741741062213020e-01,4.723517099549044973e-01,-3.152842286911568537e-01,7.265432314720962070e-01,6.512182124424457930e-02,-1.230906173309712498e-01,3.942762971971813246e-01,-6.243373315548476077e-01,-5.691293909407405538e-01,4.434112275540670334e-01,8.843316063780578551e-01,-8.326658802357131406e-02,-1.435665993250123396e-01,-2.265138233162802550e-01
2.983393445798764726e-02,-1.628104567141774317e-01,4.493731317486940879e-01,-4.235636174091614997e-02,1.031894645406122718e-01,7.477430973489026522e-01,6.545518569181224544e-01,-1.497411400353602984e+00,-2.557231417849699026e-02,-4.712043160771904604e-02,2.053627640186856951e+00,-8.224156594378644325e-01,8.349023991810668177e-02,-1.545807294042822244e+00,-1.466040878502719580e-01,1.164963377233161346e-01,2.139629998755100182e+00,-8.682325796861832812e-01,-5.117506964562155980e-02,1.250597584281107517e-02,6.205993507965058137e-02,4.979266382352968145e-01,-5.519454165889009500e-01,4.863043920416905697e-01,-3.105364089120049575e-01,6.992592219848809965e-01,6.210630238572600881e-02,-1.259390003516405176e-01,4.040160776651548491e-01,-6.275599389576705933e-01,-5.767238061652816272e-01,4.402875228541288100e-01,8.723978774668806890e-01,-7.727211763357696994e-02,-1.488445842308720735e-01,-2.329041599354411685e-01
2.904133919642744657e-02,-1.641396682056259770e-01,4.326418433604113378e-01,-3.850315983593387281e-02,9.477783758844010586e-02,7.465731641792929807e-01,6.573911915382079085e-01,-1.524684758946765584e+00,-2.236718824605011743e-02,-5.990486237779284184e-02,2.117438532076139968e+00,-8.383702627373255112e-01,7.022702330999594511e-02,-1.569999956804470909e+00,-1.377572250312920632e-01,1.160719228796560087e-01,2.185617969697890128e+00,-8.696043681657464886e-01,-4.817895076008842092e-02,1.710472696972512724e-02,7.034411213090507875e-02,5.180864015633147579e-01,-5.458283482164596467e-01,5.020241236332289025e-01,-3.095133376075930864e-01,6.703114790402836531e-01,5.332342174838771570e-02,-1.299465136882700378e-01,4.195802439001108941e-01,-6.221581685483580371e-01,-5.857373339740503670e-01,4.409735665488580536e-01,8.605945474099335746e-01,-7.370624955725223193e-02,-1.520196199773887202e-01,-2.385564443545842017e-01
2.766162087199348224e-02,-1.652171263446690075e-01,4.169551489392610000e-01,-3.262307181685457358e-02,7.917022136591754522e-02,7.473926065326809143e-01,6.588414854381804409e-01,-1.539649921812769051e+00,-2.420253014784590900e-02,-7.891061131278150065e-02,2.181292196106525694e+00,-8.528713002876349147e-01,6.038455250133403091e-02,-1.569999999999986517e+00,-1.372535878650868735e-01,1.071872233336478297e-01,2.225382884419686125e+00,-8.713127532570155154e-01,-4.523693020103125573e-02,1.845574324854988568e-02,8.629640708680778871e-02,5.199999994020004790e-01,-5.168414657736045692e-01,5.132099496779984893e-01,-3.155242486382937583e-01,6.436718374426465550e-01,4.129350672963590096e-02,-1.367167429947280799e-01,4.326435103932288473e-01,-5.993493664894500306e-01,-5.879991910514110742e-01,4.502057232100243334e-01,8.533339615709844006e-01,-7.224239539164711843e-02,-1.534842270811236642e-01,-2.379448433960698606e-01
2.631986885813401497e-02,-1.655881616427134218e-01,4.049372743750300208e-01,-2.745062826646547244e-02,6.736223568305335641e-02,7.476352727536524911e-01,6.601138471098210170e-01,-1.549388573284902426e+00,-2.355851885902211090e-02,-9.035608663565128373e-02,2.229851265245084146e+00,-8.622772287691206072e-01,5.348266835508701939e-02,-1.570000000000000062e+00,-1.340155606746241679e-01,1.037416334365290627e-01,2.258276060351561920e+00,-8.722301281176809695e-01,-4.014369028926351168e-02,1.877046482310272199e-02,9.523140521068672315e-02,5.199999999999997957e-01,-4.946504779563561383e-01,5.230551336498262538e-01,-3.223265845201176427e-01,6.211503851277463406e-01,3.997202442470977612e-02,-1.403067648773230203e-01,4.414278663909691480e-01,-5.837936251739775928e-01,-5.870854949355670538e-01,4.555025871713193064e-01,8.508823985120523847e-01,-6.946002860663336165e-02,-1.526678651572846712e-01,-2.374759073159682099e-01
2.503471355811565102e-02,-1.661112197650531086e-01,3.954384062462223404e-01,-2.354252649060095681e-02,5.734377702775680929e-02,7.463900980740105773e-01,6.626154708273104266e-01,-1.556282606631378407e+00,-1.994830849607258372e-02,-1.019492360074873150e-01,2.266693520015917507e+00,-8.690966767302865659e-01,4.731495383087602757e-02,-1.570000000000000062e+00,-1.300754630958039781e-01,9.814356278259089850e-02,2.282070359178989261e+00,-8.726699972508007441e-01,-3.849096291216922566e-02,2.414222076763369515e-02,1.020577124531004548e-01,5.200000000000000178e-01,-4.731748062723506454e-01,5.307944464375617954e-01,-3.354369693997286128e-01,6.138613394897848297e-01,4.021573256607352542e-02,-1.450959799115418003e-01,4.394867998521750363e-01,-5.715407576019162494e-01,-5.891314288949910383e-01,4.536173255489553413e-01,8.416521304251913804e-01,-6.158531199919087262e-02,-1.567467736182000249e-01,-2.436708203647325321e-01
2.408114204433813715e-02,-1.667362026033715194e-01,3.866875645322916943e-01,-2.105982202776054968e-02,4.748806870698440985e-02,7.453489111119023791e-01,6.646475516624884561e-01,-1.566352120040709117e+00,-1.708993669634475965e-02,-1.170150490666893028e-01,2.299081259356369422e+00,-8.701761553313085429e-01,4.031780569350223997e-02,-1.570000000000000062e+00,-1.253964958297331955e-01,9.036413863876580077e-02,2.304358215503671037e+00,-8.726699999996562207e-01,-3.451529402771456173e-02,2.695570804386993036e-02,1.109268814667008080e-01,5.200000000000000178e-01,-4.542538470972560249e-01,5.346488744603345999e-01,-3.457766688291591395e-01,6.084311782817229952e-01,3.942191163495058215e-02,-1.509447059151424186e-01,4.361242290558650647e-01,-5.642303749210532127e-01,-5.903938571031420723e-01,4.480068431186324807e-01,8.261589859160612948e-01,-5.374103866369009386e-02,-1.630984916305322496e-01,-2.524153132185425474e-01
2.306750873725455994e-02,-1.667376700262244438e-01,3.807423792288774922e-01,-1.830242045277780116e-02,4.105916839055210460e-02,7.440015800927077816e-01,6.666639445149249443e-01,-1.569999544015005188e+00,-1.310860228620287088e-02,-1.236699787109671184e-01,2.322671663365804662e+00,-8.705044234696271976e-01,3.951168241965898748e-02,-1.570000000000000062e+00,-1.215775637788508445e-01,8.737248583791339118e-02,2.322232344523963654e+00,-8.726699999999998347e-01,-3.098260088396082718e-02,2.574975503396368173e-02,1.127940959576547303e-01,5.200000000000000178e-01,-4.380291407471350595e-01,5.388291503496739354e-01,-3.532377044958615042e-01,6.080120580701333655e-01,3.689309757279637947e-02,-1.542645991185279397e-01,4.329079460115178857e-01,-5.621250139714178973e-01,-5.944735809863741505e-01,4.388749722411650067e-01,8.042867454202098365e-01,-4.154223382180886187e-02,-1.705344617578554711e-01,-2.609987869886477574e-01
2.195959923539687539e-02,-1.665712811798727988e-01,3.772561077083655401e-01,-1.613963277329344762e-02,3.750423966251255348e-02,7.420488097142742268e-01,6.691012690638896698e-01,-1.569999999943001878e+00,-7.823185902516793799e-03,-1.256758632426784039e-01,2.338601160002843127e+00,-8.705001808137815544e-01,3.766303694415025494e-02,-1.570000000000000062e+00,-1.157303833407933857e-01,8.790551824125575342e-02,2.332008389467666198e+00,-8.726699999999999458e-01,-2.812706446443594827e-02,2.591440258836916893e-02,1.128205941022288883e-01,5.200000000000000178e-01,-4.205737978496642548e-01,5.415768024941960412e-01,-3.599663695995009571e-01,6.144326684727272614e-01,3.187489638875067727e-02,-1.550966808884896853e-01,4.266750882000403533e-01,-5.678626909803599077e-01,-6.013543839150784498e-01,4.239888210296440252e-01,7.699923118559498514e-01,-2.033278638528206519e-02,-1.815940111620445441e-01,-2.731010942269466724e-01
2.090082283487419354e-02,-1.665500036658943417e-01,3.749106828272983361e-01,-1.497947719967802210e-02,3.496813424181947211e-02,7.396027547983440309e-01,6.719677149574743158e-01,-1.569999999999992957e+00,-2.295800056283547885e-03,-1.281405579987839327e-01,2.350510101817255837e+00,-8.704422579672166371e-01,3.588320020452099440e-02,-1.570000000000000062e+00,-1.097095692335590122e-01,8.721635018122780858e-02,2.336919156943380482e+00,-8.726699999999999458e-01,-2.601686075109102200e-02,2.453391327796925273e-02,1.142487692302031205e-01,5.200000000000000178e-01,-3.968956945207093856e-01,5.435690115030998859e-01,-3.690261048463264193e-01,6.272682032195602275e-01,2.412381747534292353e-02,-1.551211543867319909e-01,4.163660331777295776e-01,-5.756026001576961537e-01,-6.110594637964369413e-01,4.011337632537405606e-01,7.179554056813189922e-01,1.277322405490753481e-02,-1.970444486188466793e-01,-2.895181219540005069e-01
1.965155611476441383e-02,-1.665285323695165631e-01,3.731324885716389983e-01,-1.185573668440845392e-02,3.469284672338213138e-02,7.390252914644637183e-01,6.726793191928535087e-01,-1.570000000000000062e+00,8.315953842728818213e-05,-1.164312433491047072e-01,2.359732038930373310e+00,-8.696388557335741343e-01,4.079910957700507573e-02,-1.570000000000000062e+00,-1.082374293599199094e-01,9.512796830931469216e-02,2.344418192064332551e+00,-8.726699999999999458e-01,-1.822359153803115861e-02,1.139950694031535185e-02,1.055260257711210098e-01,5.200000000000000178e-01,-3.646479810460544480e-01,5.510076622055795070e-01,-3.707863318814074716e-01,6.392158500892265449e-01,1.297668938729152135e-02,-1.554559140620028479e-01,4.014153270572372589e-01,-5.674996151421529689e-01,-6.278877379691579774e-01,3.606757478981932330e-01,6.103488278651453269e-01,6.547088222146039971e-02,-2.182389220128026497e-01,-3.156628184131897719e-01
1.901602360247086135e-02,-1.660201766153872327e-01,3.729269639439300454e-01,-1.239242379970213227e-02,3.498365392342203672e-02,7.370478416465735538e-01,6.748207546561240111e-01,-1.570000000000000062e+00,7.055551526609415980e-03,-1.158532539746466306e-01,2.362985184697728780e+00,-8.694218671319546843e-01,4.178375319777957037e-02,-1.570000000000000062e+00,-1.099645334660353246e-01,9.257090700181168363e-02,2.345929281540731104e+00,-8.726699999999999458e-01,-8.265701671392955419e-03,-2.984970603022610997e-03,1.036732620999792215e-01,5.200000000000000178e-01,-3.302130858693469451e-01,5.530730547479664194e-01,-3.636453000252037882e-01,6.487647380220824544e-01,1.517224274343579107e-02,-1.498654794301431392e-01,3.882919696394226405e-01,-5.711891622031455285e-01,-6.342075023353832552e-01,2.855744905582487392e-01,4.585494079305558746e-01,1.192546636120396242e-01,-2.565852950172780034e-01,-3.630360933800014234e-01
1.863300178486186967e-02,-1.656433112673011687e-01,3.721666356679675380e-01,-1.216629651478519369e-02,3.484805665242156347e-02,7.359300714268318666e-01,6.760506816403343278e-01,-1.570000000000000062e+00,1.048495768693326335e-02,-1.157028746410533743e-01,2.366823051268856837e+00,-8.693184146285940495e-01,4.664239347116816425e-02,-1.570000000000000062e+00,-1.127620165057638957e-01,9.106559395918739641e-02,2.350827906159467684e+00,-8.726699999999999458e-01,-1.994203552095390186e-03,-1.487718376934199851e-02,1.017032696759022775e-01,5.200000000000000178e-01,-2.943851537373891603e-01,5.562073614694167389e-01,-3.622307799613049828e-01,6.510278213444653517e-01,2.192563005450161653e-02,-1.444786427020981201e-01,3.820972837145492074e-01,-5.766549543093990593e-01,-6.388108591254588742e-01,2.109235935074586787e-01,2.850650839831267991e-01,1.385939031090334672e-01,-2.930067105304126063e-01,-4.111790778895862974e-01
1.859396165675461163e-02,-1.648230284011804325e-01,3.708241235369893474e-01,-1.029007437883865117e-02,3.561767518482554518e-02,7.369851349511987726e-01,6.748914034455233413e-01,-1.570000000000000062e+00,8.388588809727662299e-03,-1.097134394085940157e-01,2.371015187016440873e+00,-8.690796249283603281e-01,5.730763435709810422e-02,-1.570000000000000062e+00,-1.152108029840775566e-01,9.757797779597535137e-02,2.363232296454543580e+00,-8.726699999999999458e-01,7.632038227355270738e-03,-3.039536881099817386e-02,9.274713561561626074e-02,5.200000000000000178e-01,-2.520255055936141964e-01,5.589630320975489397e-01,-3.608770950503701336e-01,6.417118604829410433e-01,3.006025012424358434e-02,-1.339765757541525604e-01,3.820909653605265577e-01,-5.784471645754736269e-01,-6.409928194756573383e-01,1.307139630968325028e-01,5.898471202703267635e-02,1.028756992566523809e-01,-3.165736581326538679e-01,-4.520494590260304979e-01
1.822575995771767016e-02,-1.651994744218841515e-01,3.688361896129792039e-01,-9.148821810088091783e-03,3.313245718001747026e-02,7.352776617309273455e-01,6.768938613255406356e-01,-1.570000000000000062e+00,1.222930151441189994e-02,-1.135594933535431506e-01,2.381354465992095548e+00,-8.690126906565814879e-01,6.093972685089313335e-02,-1.570000000000000062e+00,-1.137556051452541794e-01,9.436993006951328866e-02,2.365657610378045117e+00,-8.726699999999999458e-01,6.120923878401261786e-03,-2.728426936083286694e-02,9.805398974937436229e-02,5.200000000000000178e-01,-2.226698559224115914e-01,5.604507959935162154e-01,-3.714134089856722665e-01,6.260907088286542521e-01,3.625310735469901985e-02,-1.316882042722016255e-01,3.901262317589940243e-01,-5.836015634623683557e-01,-6.417970822793518382e-01,9.562943858472985892e-02,-3.813410920590112885e-02,7.460605726334404442e-02,-3.111334770676627004e-01,-4.816425458049830577e-01
1.850064515092173650e-02,-1.649690178371274463e-01,3.680451283297364595e-01,-9.555694541883465176e-03,3.221277031960018133e-02,7.349547889646854681e-01,6.772831640518106600e-01,-1.570000000000000062e+00,1.438759463477268241e-02,-1.187024669837793978e-01,2.383535859922233158e+00,-8.693360056998524765e-01,5.632193007823676351e-02,-1.570000000000000062e+00,-1.144683268396204934e-01,9.134733472215536554e-02,2.368951266990837468e+00,-8.726699999999999458e-01,6.163417975666912740e-03,-1.919326440135978723e-02,1.092297624993207733e-01,5.200000000000000178e-01,-2.037039498400347592e-01,5.597691726550910740e-01,-3.835573641803777800e-01,6.068315062073573740e-01,3.868126131658210926e-02,-1.356251766867311304e-01,4.021346039527891048e-01,-5.896875542084289989e-01,-6.398950317988214564e-01,8.350550966387138008e-02,-6.933018859675486867e-02,6.961256463176901388e-02,-3.049687599485408906e-01,-5.009271207240506563e-01
1.846110580316020350e-02,-1.651632471324122053e-01,3.657567139546931689e-01,-7.601953641652559046e-03,3.025113277962824393e-02,7.346486377758775221e-01,6.777303728478050182e-01,-1.570000000000000062e+00,1.583248277434046170e-02,-1.198635505035340332e-01,2.392041885814072177e+00,-8.692897080506561958e-01,4.952951932430368909e-02,-1.570000000000000062e+00,-1.163054685552080969e-01,9.074317217617797193e-02,2.374978123810974395e+00,-8.726699999999999458e-01,2.579198495116327705e-03,-6.696573405979303062e-03,1.247532061090602662e-01,5.200000000000000178e-01,-1.806607436724118332e-01,5.557086068844222515e-01,-3.917756762964564876e-01,5.839028147927386447e-01,3.012598634944520931e-02,-1.441412982670475518e-01,4.184906496508326579e-01,-5.785643686672783392e-01,-6.392386906729216056e-01,9.005164736795005787e-02,-4.358340585002787315e-02,7.502172644229634924e-02,-2.935246809460102524e-01,-5.130555084730152871e-01
1.802457242615201558e-02,-1.656386715173301105e-01,3.646735149289920819e-01,-4.761224306940018206e-03,2.989729890087734765e-02,7.343810758991256016e-01,6.780618833283383884e-01,-1.570000000000000062e+00,1.693495466358067858e-02,-1.126074731822239161e-01,2.397381976526027358e+00,-8.637364601736633452e-01,3.895778329454987338e-02,-1.570000000000000062e+00,-1.199320391729794127e-01,9.397921001083416048e-02,2.375221687604664567e+00,-8.726699999999999458e-01,-1.053744805899113623e-03,1.404790803387228129e-02,1.444967999660318192e-01,5.200000000000000178e-01,-1.653165187457348861e-01,5.480710565090589625e-01,-4.030723350064692734e-01,5.639223206827718160e-01,1.716289299998064941e-02,-1.549283127712872965e-01,4.258011802629955156e-01,-5.845323322972812985e-01,-6.412537081825964158e-01,1.156413003039988563e-01,3.568309126773623607e-02,9.831086404279849866e-02,-2.830530390214571757e-01,-5.123236420679759817e-01
1.769276174438751473e-02,-1.669949073495855529e-01,3.613239502833647254e-01,1.992270454906332200e-03,2.753675392780979489e-02,7.346055134786270147e-01,6.779325170017708180e-01,-1.570000000000000062e+00,1.258671728440534376e-02,-1.049007220824390713e-01,2.407408529618544346e+00,-8.497433334967288143e-01,2.201214646404100334e-02,-1.570000000000000062e+00,-1.245577013323142523e-01,1.006348823366486345e-01,2.383192749132937660e+00,-8.726699999999999458e-01,-1.009924280534436891e-02,4.074459176166655983e-02,1.759093873524468776e-01,5.200000000000000178e-01,-1.542989062844581649e-01,5.420249940620667228e-01,-4.302799370016011093e-01,5.400987269489800902e-01,-7.519409697452874436e-03,-1.760089570477455789e-01,4.223288605271788287e-01,-5.935498423279215174e-01,-6.807978808841131935e-01,1.870754959637568327e-01,2.376297306320884761e-01,1.274677147221689455e-01,-2.578935069421742776e-01,-4.801681116962172036e-01
1.747216454636602023e-02,-1.680142178274569298e-01,3.576509651150441838e-01,7.970615442465908002e-03,2.457760421346073809e-02,7.356963804100007387e-01,6.768184738260456523e-01,-1.570000000000000062e+00,6.033833401476437763e-03,-1.002392029785359739e-01,2.418786912845340975e+00,-8.397441218749206460e-01,7.781838957580236582e-03,-1.570000000000000062e+00,-1.201679216801466304e-01,1.106255015416489629e-01,2.394633490034317358e+00,-8.726699999999999458e-01,-2.643447111974923242e-02,6.940149749095528287e-02,2.090924907322186943e-01,5.200000000000000178e-01,-1.575275916570804957e-01,5.374094708664808318e-01,-4.760143258277276801e-01,5.176114164430276610e-01,-3.150464724694594654e-02,-1.932650831789714807e-01,4.230748142911812670e-01,-6.211293767989742864e-01,-7.211800725384736044e-01,3.119488613046842440e-01,5.493059993607911640e-01,1.010216148859123392e-01,-2.101312859756410967e-01,-4.112584169251579658e-01
1.746840609626367641e-02,-1.682934080402355703e-01,3.546775326728344169e-01,1.055191600900820884e-02,2.160877818992270119e-02,7.355746444016949548e-01,6.770167356033358619e-01,-1.570000000000000062e+00,5.212442792262017566e-03,-1.044469524268786115e-01,2.429227730996151635e+00,-8.381157013227400476e-01,-1.857252584868691880e-03,-1.570000000000000062e+00,-1.168246577645709050e-01,1.127319479838786581e-01,2.402864522423374005e+00,-8.726699999999999458e-01,-3.251469048010049989e-02,8.671145653799594566e-02,2.316199454268147440e-01,5.200000000000000178e-01,-1.570081843950112410e-01,5.319331949850319985e-01,-4.997657003563341638e-01,5.064352268877434504e-01,-3.795531088375342366e-02,-1.994134555839924550e-01,4.262156820819165137e-01,-6.344134385144080124e-01,-7.341562271296115938e-01,3.837746896092522064e-01,6.858278285333978541e-01,6.431513659423900020e-02,-1.870810193479838790e-01,-3.644517491862129810e-01
1.763136625002406643e-02,-1.673231177803413405e-01,3.539182820557848497e-01,6.907372361059078633e-03,1.982536574921488215e-02,7.336072236264984392e-01,6.792493537155526173e-01,-1.570000000000000062e+00,1.153319401048595594e-02,-1.209631868694066720e-01,2.435183719514952827e+00,-8.481871601190376087e-01,-1.108047297298674766e-02,-1.570000000000000062e+00,-1.140017282729871989e-01,1.026114472690120294e-01,2.403574353299481103e+00,-8.726699999999999458e-01,-3.490218571785939222e-02,9.896892259782180679e-02,2.513649745549422221e-01,5.200000000000000178e-01,-1.580144305138790894e-01,5.238529361560181341e-01,-5.058284679453073363e-01,5.062300793935311516e-01,-3.782616794648171327e-02,-1.982158256278985786e-01,4.314119045296940236e-01,-6.476121529795340059e-01,-7.348013390798147082e-01,3.980433215521864687e-01,7.073055736127453752e-01,6.298691000535908135e-02,-1.896159776130051100e-01,-3.617388287983770434e-01
1.777739727307672130e-02,-1.667064949982216548e-01,3.542268032363166119e-01,4.518200627202888578e-03,1.931001479716754066e-02,7.317995543255870761e-01,6.812313274362076232e-01,-1.570000000000000062e+00,2.028406562009033021e-02,-1.277164611822858842e-01,2.436514017501796747e+00,-8.508850405169464670e-01,-1.080865690360016326e-02,-1.570000000000000062e+00,-1.133957073961130296e-01,9.369642302386571586e-02,2.402182891816954324e+00,-8.726699999999999458e-01,-3.539196588000332461e-02,9.799247886194685508e-02,2.611258357697971433e-01,5.200000000000000178e-01,-1.517015128025809845e-01,5.162415805256747037e-01,-5.022529273848025388e-01,5.074411786939027058e-01,-3.727177299139482897e-02,-1.942376564716339349e-01,4.337601507070831808e-01,-6.726876291971950472e-01,-7.285973140933779124e-01,3.688722982209959866e-01,6.514463048865399841e-01,1.003352231783568999e-01,-2.175651223972787929e-01,-3.883259935772269134e-01
1.765667772639257366e-02,-1.670607454154456883e-01,3.546865362259715715e-01,9.286430946288943070e-03,2.231847344391484078e-02,7.343065039783202019e-01,6.783875044239466856e-01,-1.570000000000000062e+00,2.003440093637741393e-02,-1.025177553250996021e-01,2.431032221356165923e+00,-8.385059447245852837e-01,7.147713007867755042e-03,-1.570000000000000062e+00,-1.203914933701943357e-01,1.066675566054147428e-01,2.406490456648814558e+00,-8.726699999999998347e-01,-2.649377876064959447e-02,7.119218957069120557e-02,2.414537956098616878e-01,5.200000000000000178e-01,-1.273040664426294266e-01,5.225283739321963106e-01,-4.857387969516496207e-01,5.054707292320764767e-01,-4.088019065274602071e-02,-1.887804248583621058e-01,4.311735977856804292e-01,-6.716113194779410600e-01,-7.209289758182101382e-01,3.080670660587053189e-01,4.650671166080707075e-01,1.705792223471906122e-01,-2.654826212255257945e-01,-4.356501045141726869e-01
1.781274464005923666e-02,-1.650821999283260677e-01,3.550185814292819986e-01,3.530271525960644585e-03,2.161377364989804789e-02,7.320194933513232138e-01,6.809315995937007537e-01,-1.570000000000000062e+00,2.840557127494643119e-02,-1.220426639466503926e-01,2.435403528440335030e+00,-8.498930244889622010e-01,3.008418905646820241e-03,-1.570000000000000062e+00,-1.188255329744819094e-01,9.500912698556254754e-02,2.408095818492081097e+00,-8.726699999999999458e-01,-2.015208530312895263e-02,6.888582167018034164e-02,2.407464059132917999e-01,5.200000000000000178e-01,-1.276999012628537433e-01,5.166176268423815499e-01,-4.709107217581517402e-01,5.119221086900739293e-01,-3.987889045753290063e-02,-1.832526898431171003e-01,4.375185506236285993e-01,-7.028238006969768081e-01,-7.160481774454213744e-01,2.711530993051764482e-01,3.580557322191267322e-01,1.788591047462688433e-01,-2.948116440590793919e-01,-4.522797555895037291e-01
1.737304609329207855e-02,-1.656098603191801522e-01,3.542256803028179801e-01,8.231164386576676067e-03,2.236278732086442039e-02,7.340736920422390455e-01,6.786515809511970421e-01,-1.570000000000000062e+00,2.712105618149387998e-02,-1.035747057643865154e-01,2.435392291256778474e+00,-8.407380138747964082e-01,1.146490469567579967e-02,-1.570000000000000062e+00,-1.249971007673376516e-01,1.056002817757179385e-01,2.414765852709168215e+00,-8.726699999999998347e-01,-1.996203969048480215e-02,5.974709598512364939e-02,2.311832528017047639e-01,5.200000000000000178e-01,-1.180994258055152180e-01,5.220260691608179515e-01,-4.650531002492959698e-01,5.097279664931781973e-01,-4.294804341543932008e-02,-1.818363917150419562e-01,4.385898174009573713e-01,-6.791701297148871053e-01,-7.113634843183685996e-01,2.514806129040254579e-01,3.088147770786517365e-01,1.789038091508916573e-01,-2.829041115894873615e-01,-4.675626537157850926e-01
1.652773794938671575e-02,-1.663195547875902514e-01,3.533824296791696629e-01,1.121158241898509607e-02,2.199333245082834426e-02,7.344866125629830877e-01,6.781740261268670578e-01,-1.570000000000000062e+00,2.119350228173694228e-02,-9.679067125722927434e-02,2.437465899376145551e+00,-8.340911174198513134e-01,5.420856002924870354e-03,-1.570000000000000062e+00,-1.263799322370437461e-01,1.131912949108420247e-01,2.415908603291904377e+00,-8.726699999999999458e-01,-2.426246375144187201e-02,6.900582176322717087e-02,2.416936870204061394e-01,5.200000000000001288e-01,-1.184056220259817466e-01,5.301359132288142595e-01,-4.758360683305027927e-01,5.000729666810461715e-01,-4.542986211973690236e-02,-1.880680372468769568e-01,4.356548249887362001e-01,-6.583127155707954037e-01,-7.273003638451667197e-01,2.751576499109967266e-01,4.023652945414467608e-01,1.754460015626892189e-01,-2.466155431806152099e-01,-4.500546938773923866e-01
1.581594808242269348e-02,-1.668861706370073639e-01,3.503092612883495494e-01,1.416437596612965880e-02,1.891804970056871343e-02,7.348981765404198896e-01,6.777655553114094733e-01,-1.570000000000000062e+00,1.535707297121254034e-02,-9.691853347803899843e-02,2.447608628221439098e+00,-8.354871762689028980e-01,-1.784827909341576979e-03,-1.570000000000000062e+00,-1.211325223071358231e-01,1.185503390651468647e-01,2.424435073861883616e+00,-8.726699999999999458e-01,-3.161104412748245301e-02,8.560064643286147135e-02,2.583858285080585238e-01,5.200000000000000178e-01,-1.167770836648827498e-01,5.392368136100005316e-01,-4.934225507905626862e-01,4.778585338997556331e-01,-5.068827462750686436e-02,-1.951268863547762356e-01,4.411859817720206745e-01,-6.404299652635684348e-01,-7.583949548880657421e-01,3.426462668926926747e-01,5.748873492005462937e-01,1.202851358969370676e-01,-1.938017711181969915e-01,-4.042492075914107530e-01
1.518466574595556465e-02,-1.675946254040287797e-01,3.492640219612164199e-01,1.421198670709784145e-02,1.652790018545146483e-02,7.330341376006467291e-01,6.798424825364869362e-01,-1.570000000000000062e+00,1.743318850498502826e-02,-1.033089224069994594e-01,2.452810545900238282e+00,-8.365106644276228964e-01,-4.116243240196347519e-03,-1.570000000000000062e+00,-1.116119150129602777e-01,1.170807405033599535e-01,2.420465473682695823e+00,-8.726699999999999458e-01,-3.652303066595850162e-02,9.420970303145313751e-02,2.725447061049182662e-01,5.199999999999999067e-01,-1.137995213524855276e-01,5.405515341958244679e-01,-5.026696422863541347e-01,4.676795513884627331e-01,-4.851564232039443092e-02,-1.956020094901745610e-01,4.412408426198333733e-01,-6.467948893201194149e-01,-7.706487833420349043e-01,3.739866519971055125e-01,6.307588503928569512e-01,9.803902927028279590e-02,-1.869212273035155969e-01,-3.809894270306051212e-01
1.480060691560234482e-02,-1.664923237419458912e-01,3.503628005885043861e-01,9.483780511637998276e-03,1.654908408916189871e-02,7.299440161434611607e-01,6.832407474817145943e-01,-1.570000000000000062e+00,2.514477059453977537e-02,-1.160249968085816791e-01,2.454399873388173781e+00,-8.416588058204612643e-01,-1.014292314578051080e-02,-1.570000000000000062e+00,-1.064846681075463652e-01,1.074281018680119659e-01,2.415138927748884168e+00,-8.726699999999999458e-01,-3.371815212381022719e-02,9.593694666643054481e-02,2.811587239854746456e-01,5.200000000000000178e-01,-1.107327134810099784e-01,5.350765012991692826e-01,-4.992847278072075068e-01,4.632111454606082090e-01,-4.752124311561101155e-02,-1.961771774327519813e-01,4.369110737569658065e-01,-6.721663064437479740e-01,-7.680234847035855017e-01,3.539523963961983544e-01,6.002103448708202560e-01,1.282457956976440494e-01,-2.100061627754248872e-01,-3.951170629810261126e-01
1.474228387820574956e-02,-1.656822712748405313e-01,3.531287466965608024e-01,9.418936568271156842e-03,2.106783940632966229e-02,7.312334656444549053e-01,6.817367882828918590e-01,-1.570000000000000062e+00,2.945790026436019560e-02,-9.866690552782050871e-02,2.443984688474586164e+00,-8.329234140447137058e-01,1.905055152289274190e-03,-1.570000000000000062e+00,-1.131585638739520394e-01,1.119276653788673914e-01,2.414336769342657618e+00,-8.726699999999999458e-01,-2.190977108527074335e-02,7.177425329046370484e-02,2.608452979768812185e-01,5.200000000000000178e-01,-9.313956628328184939e-02,5.372187186927616098e-01,-4.791035664253759929e-01,4.598767633699340496e-01,-5.130603161727274181e-02,-1.950903029483340989e-01,4.335701346766480113e-01,-6.907781589626289520e-01,-7.585998964527216337e-01,2.999371029260022303e-01,4.473404941183931061e-01,1.931258285662565133e-01,-2.611126308801101636e-01,-4.324739043767168445e-01
1.476781409686693698e-02,-1.640284708550774073e-01,3.535444774711371529e-01,8.762585887475020374e-03,2.296532464395608167e-02,7.315691706832464503e-01,6.813239754025908201e-01,-1.570000000000000062e+00,3.406285495493056870e-02,-9.535071391730734480e-02,2.444587878245405577e+00,-8.306796662341300319e-01,9.694443870936902963e-03,-1.570000000000000062e+00,-1.184257189722983938e-01,1.140194125553781190e-01,2.422428851057625288e+00,-8.726700000000000568e-01,-7.503953963872163346e-03,4.959269281505464255e-02,2.400875407898560576e-01,5.200000000000000178e-01,-8.068219387630704009e-02,5.388883239800260627e-01,-4.549847891827525359e-01,4.635399874600134584e-01,-4.506086443081617349e-02,-1.895152872621074513e-01,4.391829734265799146e-01,-7.036759435317350153e-01,-7.445626565580509837e-01,2.523871844005857734e-01,2.943945595186051589e-01,2.021919069745922171e-01,-2.887851896195315904e-01,-4.593910946815207841e-01
1.445658280303703178e-02,-1.631688104113254989e-01,3.539479200297406258e-01,7.266966895669059456e-03,2.368036678864918199e-02,7.315852259989770179e-01,6.812998521362814142e-01,-1.570000000000000062e+00,3.479530689093048024e-02,-9.730324573003465427e-02,2.444495789857600965e+00,-8.335580624187124421e-01,5.649277486191366104e-03,-1.570000000000000062e+00,-1.192307759945433199e-01,1.149609934841398229e-01,2.424019620915746742e+00,-8.726699999999999458e-01,-3.793487379325118092e-03,4.518718771607908857e-02,2.368699704878126089e-01,5.200000000000000178e-01,-8.009187112458406033e-02,5.402042866050458247e-01,-4.481779896897377102e-01,4.646032012317579118e-01,-4.380713999340900972e-02,-1.877712941762268994e-01,4.417991735084382809e-01,-7.027593717172976318e-01,-7.365608364512337136e-01,2.339952838042587968e-01,2.578356524071641065e-01,2.018846511725788107e-01,-2.861384461665658629e-01,-4.747267824206817255e-01
1.377403786199463478e-02,-1.638374738629854166e-01,3.543852978763035733e-01,9.509273219151917478e-03,2.449159552742213170e-02,7.320270993906744517e-01,6.807687281515222288e-01,-1.570000000000000062e+00,3.113909267732464792e-02,-8.773704242377564078e-02,2.442245115202186678e+00,-8.242675684558847804e-01,3.299841749297892368e-03,-1.570000000000000062e+00,-1.230937831610304928e-01,1.203994287012771502e-01,2.421509445217743917e+00,-8.726699999999999458e-01,-6.754726798170664070e-03,4.931170629429829089e-02,2.378752613892521350e-01,5.200000000000000178e-01,-8.260887220942522702e-02,5.467887410139934401e-01,-4.537788707004208888e-01,4.628391988031651527e-01,-5.218498616017120534e-02,-1.915119096213396266e-01,4.344107064037054378e-01,-6.875054008092459368e-01,-7.565046290795033324e-01,2.575850529902785069e-01,3.356759205676173585e-01,1.967512767521793771e-01,-2.561583048470379986e-01,-4.545167426897496199e-01
1.296225544052088258e-02,-1.651611339446719395e-01,3.526100466138092360e-01,1.313739138328209530e-02,2.275096406739084143e-02,7.321100437306511388e-01,6.806795769305494792e-01,-1.570000000000000062e+00,2.347733251477358840e-02,-8.313659912495233173e-02,2.447222454839393269e+00,-8.211397170993863792e-01,9.851788915216722065e-04,-1.570000000000000062e+00,-1.183058888871152681e-01,1.276283857474651284e-01,2.422656599922093257e+00,-8.726699999999999458e-01,-1.694268504501030004e-02,6.553860496463448371e-02,2.555661382555485250e-01,5.200000000000000178e-01,-8.971629850385262617e-02,5.533690276922099693e-01,-4.784207286419615013e-01,4.544456275919745991e-01,-6.722322251255719028e-02,-1.959644965345596901e-01,4.347534297044010621e-01,-6.861753016694998042e-01,-7.881871373450323182e-01,3.336625085245402689e-01,5.385298908648076255e-01,1.638162702959572448e-01,-2.079382033999239154e-01,-4.045216001074850576e-01
1.257788707370898276e-02,-1.654799781898376454e-01,3.511716503288272451e-01,1.239230760093828869e-02,1.997989317782658536e-02,7.301874193559175774e-01,6.828422710958020891e-01,-1.570000000000000062e+00,2.329573512342690556e-02,-9.470296949947243359e-02,2.454461470344342811e+00,-8.267990023007794065e-01,-1.558958763721467189e-03,-1.570000000000000062e+00,-1.084702552126298319e-01,1.242487790494199579e-01,2.421606503582786285e+00,-8.726699999999999458e-01,-2.207793311808029652e-02,7.498362512998217599e-02,2.670732094753802688e-01,5.200000000000000178e-01,-9.605106018531207879e-02,5.515953724287612214e-01,-4.894166758832703690e-01,4.560780806394413855e-01,-6.970969516105536556e-02,-1.957075382554483989e-01,4.348373038192713813e-01,-6.917346094127061473e-01,-7.977399480240785490e-01,3.739990701516971439e-01,6.195565540562478768e-01,1.428845581111874707e-01,-1.930502007684631316e-01,-3.708843085053227240e-01
1.244663781909470524e-02,-1.645308142787062500e-01,3.533162036197594058e-01,7.152063685802118390e-03,2.107543750388568560e-02,7.270608060602172795e-01,6.862122544884509123e-01,-1.570000000000000062e+00,2.848561385282340208e-02,-1.076884623534353491e-01,2.452021631158884496e+00,-8.312034537660579758e-01,-7.804420833085606857e-03,-1.570000000000000062e+00,-1.010445234462953173e-01,1.154524676407651662e-01,2.412745362228179147e+00,-8.726699999999999458e-01,-1.735638922080194602e-02,7.644481137551351058e-02,2.724489777443037664e-01,5.200000000000000178e-01,-1.017509368518946800e-01,5.406831573157665494e-01,-4.886967872353665809e-01,4.647232755937732440e-01,-6.834528914597980120e-02,-1.942645288523670577e-01,4.315676409546187475e-01,-7.216729153171989042e-01,-7.914702874088237472e-01,3.629542728162706844e-01,6.002043951992962478e-01,1.689045605319121623e-01,-2.148238762008588543e-01,-3.792901102178126149e-01
1.273790991640902717e-02,-1.637765553446388633e-01,3.559575334434280647e-01,7.900596959875265390e-03,2.590702584208841308e-02,7.289666542857002884e-01,6.840131749602557099e-01,-1.570000000000000062e+00,3.035748643474650565e-02,-8.976410979512480792e-02,2.440599992227575399e+00,-8.204424873883227054e-01,1.580493984176173372e-03,-1.570000000000000062e+00,-1.077584489113394411e-01,1.225307966766610024e-01,2.414434277435909326e+00,-8.726699999999999458e-01,-5.148019951069365829e-03,5.150162558860188478e-02,2.502095649306949054e-01,5.200000000000000178e-01,-9.460790818631867327e-02,5.360949330920058431e-01,-4.718972605027393352e-01,4.769582782566102463e-01,-6.499960407341273672e-02,-1.938604185195300089e-01,4.171779970588916919e-01,-7.412706111010755050e-01,-7.778063541883059040e-01,3.171661164532585953e-01,4.666926170188296918e-01,2.250395490028906376e-01,-2.658467153642910530e-01,-4.118604706517112191e-01
1.298114688358577296e-02,-1.625743167780188958e-01,3.565956376874315215e-01,7.631540511580943431e-03,2.796991019635794440e-02,7.302625558666497874e-01,6.825511286432230929e-01,-1.570000000000000062e+00,3.214419445018280863e-02,-8.468661158631993202e-02,2.438463311579618154e+00,-8.184120545937236813e-01,5.948004663490762123e-03,-1.570000000000000062e+00,-1.135913711566457485e-01,1.262575562652714645e-01,2.421940930449988816e+00,-8.726699999999999458e-01,7.728714751702940589e-03,3.293099234801319386e-02,2.321914179497100161e-01,5.200000000000000178e-01,-8.892484528693270218e-02,5.310700034883385490e-01,-4.474245503478978536e-01,4.883044166875556980e-01,-5.397186756718194006e-02,-1.892646221415003605e-01,4.169149602352722472e-01,-7.448280688014413675e-01,-7.589014910345769360e-01,2.728456521307012217e-01,3.450581702091614078e-01,2.270385974607630475e-01,-2.892535967598334756e-01,-4.387211140885268201e-01
1.298438949875975121e-02,-1.619333152197588999e-01,3.564305126011327873e-01,6.931793244099784118e-03,2.814191517574310061e-02,7.308749101889588928e-01,6.818957754004236760e-01,-1.570000000000000062e+00,3.268919360772232219e-02,-8.645605179609894275e-02,2.439402909113314699e+00,-8.209319714627498765e-01,1.338358206042507270e-03,-1.570000000000000062e+00,-1.161287263949476178e-01,1.274885120636765623e-01,2.426495047586408660e+00,-8.726699999999999458e-01,1.165819218912085564e-02,3.032466594411283717e-02,2.270623975746413614e-01,5.200000000000000178e-01,-9.169596780946429049e-02,5.294174976330506821e-01,-4.396380089968353055e-01,4.936406514610882645e-01,-5.090925716806559559e-02,-1.869289089767831313e-01,4.209225186397619889e-01,-7.440490855391699299e-01,-7.483579862104353664e-01,2.561498278241322035e-01,3.127120092123568673e-01,2.230040893409060698e-01,-2.889314099938995462e-01,-4.546672254772662902e-01
1.253734866266732750e-02,-1.632202432656021107e-01,3.564954260805952013e-01,1.009439005782141949e-02,2.838639679719797554e-02,7.312722254695829260e-01,6.814200232037485039e-01,-1.570000000000000062e+00,2.878231064640526804e-02,-7.729523073525867982e-02,2.437190935726934793e+00,-8.112785644885790459e-01,1.346348262549319774e-03,-1.570000000000000062e+00,-1.166853395386551473e-01,1.340710597265721282e-01,2.424186061285514171e+00,-8.726699999999999458e-01,8.209193715886159426e-03,3.593291300279752992e-02,2.282863322800517680e-01,5.200000000000000178e-01,-9.439988414927132088e-02,5.304017862930119342e-01,-4.394512522131044374e-01,4.945610301407670217e-01,-5.456005907624886936e-02,-1.880697479619222734e-01,4.156206875821540359e-01,-7.297285514388210936e-01,-7.562111636667091519e-01,2.693207123363098865e-01,3.691542899965586377e-01,2.127346061460053395e-01,-2.643920818186027422e-01,-4.403309117944648743e-01
1.191333936329834475e-02,-1.650540256181742826e-01,3.551702888257081137e-01,1.285029212348985650e-02,2.627321716440005755e-02,7.304582346700908557e-01,6.823308255200175587e-01,-1.570000000000000062e+00,2.302854404444097669e-02,-7.753456683495262014e-02,2.440314472905929843e+00,-8.093070418170603686e-01,-2.076417640769837036e-03,-1.570000000000000062e+00,-1.086454272786342157e-01,1.382989898917261762e-01,2.420654534329898411e+00,-8.726699999999999458e-01,-3.605862131521114788e-03,5.776430384925437811e-02,2.456644774643801932e-01,5.200000000000000178e-01,-1.014957138827768945e-01,5.371981271610744013e-01,-4.581726127341299581e-01,4.810761774087310982e-01,-6.102996744628975956e-02,-1.893603317919973217e-01,4.224579763400485577e-01,-7.262653409880678312e-01,-7.825585964385530779e-01,3.347233252871861797e-01,5.501588647830459866e-01,1.785368359482979173e-01,-2.126726305103767700e-01,-3.968891229291048317e-01
1.158714959375650722e-02,-1.660530399214152075e-01,3.535083740624993531e-01,1.417642511576824513e-02,2.397081709983294590e-02,7.300116736723961663e-01,6.828670333238613388e-01,-1.570000000000000062e+00,2.033153794776801360e-02,-8.031210662463039718e-02,2.444916377318421929e+00,-8.126300213499545455e-01,-2.033619285552075440e-03,-1.570000000000000062e+00,-1.020697176961648939e-01,1.392804588421178713e-01,2.422603156905255073e+00,-8.726699999999999458e-01,-6.796903992730328470e-03,6.532931465060556886e-02,2.550887093992927346e-01,5.200000000000000178e-01,-1.036048293609092841e-01,5.361461059995723533e-01,-4.665586911279303584e-01,4.731342439581314729e-01,-6.564861467911846382e-02,-1.876278266766895908e-01,4.291298606219186018e-01,-7.328861729345185205e-01,-7.880816112919589722e-01,3.807606087725803334e-01,6.464232634378517250e-01,1.551735548360962946e-01,-2.009072647124462430e-01,-3.640511397899025559e-01
1.143939363898675843e-02,-1.653242291324657776e-01,3.542607954085104094e-01,9.676801007874075156e-03,2.357588020339038831e-02,7.274172076304329382e-01,6.857220599033067021e-01,-1.570000000000000062e+00,2.342401620248607541e-02,-9.655773498803547905e-02,2.446509248877291931e+00,-8.203285358843140918e-01,-9.515952856729674447e-03,-1.570000000000000062e+00,-9.508266795244114944e-02,1.320048599088881058e-01,2.418562954644647434e+00,-8.726699999999999458e-01,-1.644456844053898692e-03,6.961169389856070033e-02,2.632880481408639284e-01,5.200000000000000178e-01,-1.092887924507150860e-01,5.270464562506228523e-01,-4.630427931068554770e-01,4.754945475712304415e-01,-6.207179501232167051e-02,-1.853433872902910118e-01,4.300749875923715604e-01,-7.515517623513665590e-01,-7.823723320289666106e-01,3.806870859133292262e-01,6.391092302516017121e-01,1.655075340920659499e-01,-2.129962166968907555e-01,-3.667912705275850338e-01
1.135986285942186189e-02,-1.655816765965878457e-01,3.555218240086445158e-01,1.030793359416951743e-02,2.529822610630638388e-02,7.276154740181228764e-01,6.854410756806714744e-01,-1.570000000000000062e+00,2.588679682325500941e-02,-8.782174476004055153e-02,2.441033140498478637e+00,-8.140829950659884684e-01,-3.998369644880539475e-03,-1.570000000000000062e+00,-9.817212663479908674e-02,1.335949739508179301e-01,2.418264126227745336e+00,-8.726699999999999458e-01,2.516005644939069141e-03,5.803220510713456154e-02,2.558807103602281363e-01,5.200000000000000178e-01,-1.063434766704082490e-01,5.242501663515828358e-01,-4.592378198820626367e-01,4.813419096731834657e-01,-5.754214517776219673e-02,-1.826486316800579601e-01,4.159924060842219995e-01,-7.663601893729400372e-01,-7.734273146697782098e-01,3.597211819155215484e-01,5.684665093695611127e-01,1.984878449964890823e-01,-2.424411809427971243e-01,-3.802084344381482239e-01
1.150566475420047516e-02,-1.648270979820750382e-01,3.557791698567798755e-01,1.147829446703697853e-02,2.708536809056474176e-02,7.295528148822327807e-01,6.832915350631373341e-01,-1.570000000000000062e+00,2.821173090199199929e-02,-7.761161702871734180e-02,2.439119466972988093e+00,-8.078233361728909268e-01,-1.175251689824255430e-04,-1.570000000000000062e+00,-1.070288964918189312e-01,1.388599543298372208e-01,2.428315465835634956e+00,-8.726589034236955644e-01,1.535493810168478412e-02,3.835776825375022264e-02,2.360180341777804169e-01,5.200000000000000178e-01,-9.982833495617593478e-02,5.201197272895466961e-01,-4.386896382045940568e-01,4.884556779828734263e-01,-5.390030672821433805e-02,-1.817448009735317949e-01,4.048115507315226402e-01,-7.705532448973382298e-01,-7.579291277396060789e-01,3.149652999640511486e-01,4.396168800149484190e-01,2.245909024810064381e-01,-2.757849281684223164e-01,-4.017126570289357157e-01
1.157385846292078267e-02,-1.646518356479588774e-01,3.547697727008144453e-01,1.361104184462948521e-02,2.659474194480062129e-02,7.309821901682029832e-01,6.817422510727141338e-01,-1.570000000000000062e+00,2.796358803818790872e-02,-7.297773871363064102e-02,2.441715365752093803e+00,-8.008869342788358381e-01,-6.773712882302482252e-04,-1.570000000000000062e+00,-1.129548107679905627e-01,1.423666974531735130e-01,2.439600525459331593e+00,-8.719232047714873257e-01,1.972402723856321247e-02,2.912527283601129210e-02,2.248707599099433740e-01,5.200000000000000178e-01,-9.522348657176182840e-02,5.204464376670061565e-01,-4.261756358757898266e-01,4.895897085138380400e-01,-5.354151479583020568e-02,-1.790731386120339996e-01,4.068885867080938579e-01,-7.665491843103784397e-01,-7.452592085152176526e-01,2.905174244773357506e-01,3.683709247103648665e-01,2.183546275804851278e-01,-2.809791118346250394e-01,-4.176677815553268558e-01
1.137705983693664338e-02,-1.654457789010898294e-01,3.542913047696601980e-01,1.472589256068879138e-02,2.574205394051755358e-02,7.313746665811456937e-01,6.813307506861364660e-01,-1.570000000000000062e+00,2.717551170063431387e-02,-7.154908321374044144e-02,2.442151843384567922e+00,-8.011784691483232468e-01,1.010409328667659368e-03,-1.570000000000000062e+00,-1.134844661923161274e-01,1.443432782805361136e-01,2.440161249744277505e+00,-8.719304386467829904e-01,1.920278260362107831e-02,3.143916989007582846e-02,2.229774358204033025e-01,5.200000000000000178e-01,-9.658876693561987969e-02,5.234546362313962087e-01,-4.247692742982548397e-01,4.880326153981724424e-01,-5.479078661919956766e-02,-1.789759186189243956e-01,4.006388111967418286e-01,-7.564066935772153499e-01,-7.445246683188524450e-01,2.873224630467365315e-01,3.842350616401974395e-01,2.158489549022935827e-01,-2.665772578249174796e-01,-4.158136291152584318e-01
1.066290326655318019e-02,-1.673304987154178025e-01,3.536484759082569873e-01,1.632494029137526725e-02,2.418246539954796090e-02,7.296750397835970459e-01,6.831713116111437500e-01,-1.570000000000000062e+00,2.455292290145393019e-02,-7.263166261293257930e-02,2.442999563584675293e+00,-8.023484760712755737e-01,-2.416119497926291770e-04,-1.570000000000000062e+00,-1.081189837978048934e-01,1.454863410036264515e-01,2.431413944824357465e+00,-8.726699997688870392e-01,1.201524687566853100e-02,5.043068787657974117e-02,2.359556851615634276e-01,5.200000000000000178e-01,-1.022983781379348811e-01,5.285290049751926178e-01,-4.366039054836141076e-01,4.810735646969747092e-01,-5.945989414136771539e-02,-1.815295234114062684e-01,4.002736396116435280e-01,-7.506543057133209240e-01,-7.677849155273345216e-01,3.327602256776812650e-01,5.185429297064422238e-01,1.872238755000575627e-01,-2.262953474657344866e-01,-3.847035525572677361e-01
1.024174253163607357e-02,-1.690737273743202762e-01,3.511341555917140700e-01,1.861169655657707658e-02,2.038098906264704940e-02,7.283843628540833670e-01,6.846126203816046418e-01,-1.570000000000000062e+00,2.201002987549995071e-02,-7.769148011487000960e-02,2.450663762715960203e+00,-8.063012619555607330e-01,1.121130565487619968e-03,-1.570000000000000062e+00,-9.809626346098945793e-02,1.453154437331352633e-01,2.431126463987374198e+00,-8.726699999999998347e-01,1.647229709517597507e-03,6.650488701122739266e-02,2.505976812936904219e-01,5.200000000000000178e-01,-1.036934020638622805e-01,5.311495233355065793e-01,-4.513493633795765958e-01,4.721908968843446242e-01,-6.901556911330183897e-02,-1.793060730169555306e-01,4.094565269688552056e-01,-7.487144526301460212e-01,-7.811672700958429694e-01,3.932349074891611229e-01,6.658984866326839169e-01,1.448139876599180698e-01,-1.911856755556851639e-01,-3.417034475458516352e-01
1.008615495669759783e-02,-1.694070618468600520e-01,3.513977331601695342e-01,1.724969102396245804e-02,1.975933860645852358e-02,7.265818046799312757e-01,6.865791271262673412e-01,-1.570000000000000062e+00,2.019450726629436199e-02,-8.579687389512416495e-02,2.451143597235869720e+00,-8.081128943267392728e-01,-9.209118005623212477e-04,-1.570000000000000062e+00,-9.053904154727029918e-02,1.422533769568656015e-01,2.426453616562707971e+00,-8.726699999999999458e-01,1.296816302329049930e-03,7.095153779014230777e-02,2.566517360089826116e-01,5.200000000000000178e-01,-1.051538081616868736e-01,5.260828815812387260e-01,-4.551706151798929900e-01,4.711316132294528503e-01,-6.977378066272145463e-02,-1.781960308227837630e-01,4.092827405235413551e-01,-7.561091726258772905e-01,-7.802150021892806375e-01,4.057636493739247840e-01,6.982618465332396385e-01,1.507233660312254364e-01,-1.951136416617613445e-01,-3.305465189228791179e-01
1.019876938288446708e-02,-1.684179479755850695e-01,3.530707762067163968e-01,1.306138302602210394e-02,2.098714020626520765e-02,7.246657299114515061e-01,6.886570409945095284e-01,-1.570000000000000062e+00,2.238099098808266074e-02,-9.658713024301002203e-02,2.448872990709921371e+00,-8.113596604405379775e-01,-8.775119407017660522e-03,-1.570000000000000062e+00,-8.465380952001387571e-02,1.370919461565968112e-01,2.422356641727617887e+00,-8.726699999999999458e-01,7.801927456851161236e-03,6.905729809678426423e-02,2.566652737014220031e-01,5.200000000000000178e-01,-1.064936559239676034e-01,5.192888890576637939e-01,-4.494859375305514937e-01,4.719478187890862042e-01,-6.517641839713957108e-02,-1.774186324892234878e-01,4.105156810832199521e-01,-7.813398701130378488e-01,-7.775679529369288190e-01,3.852729752940302066e-01,6.509135023521315233e-01,1.800352407027202839e-01,-2.202052977063664319e-01,-3.498925030221684551e-01
1.063606003041686100e-02,-1.677393982705727149e-01,3.556861968018214526e-01,1.383018711921701199e-02,2.535255951201633232e-02,7.263750158912128940e-01,6.866915682746349558e-01,-1.570000000000000062e+00,2.287609854765669526e-02,-8.060753906980340500e-02,2.438617617493954004e+00,-7.976289438501004136e-01,5.301155405135898890e-05,-1.570000000000000062e+00,-9.209666298634092141e-02,1.415133461933297532e-01,2.425212665614006724e+00,-8.724772339168278545e-01,1.739981653816766172e-02,4.596808956398881763e-02,2.322516730658777950e-01,5.200000000000000178e-01,-9.411438302676460033e-02,5.197036952659576103e-01,-4.315554139969759451e-01,4.745338827892138789e-01,-5.763363062264881265e-02,-1.781905759775684883e-01,3.982877465697190478e-01,-7.870658939840375901e-01,-7.679648959964885391e-01,3.345419887776344692e-01,5.138913186292221047e-01,2.268970468840573462e-01,-2.619144143824087556e-01,-3.838358955070481082e-01
1.095772941845500267e-02,-1.670644645574191067e-01,3.551802468126412649e-01,1.522736894960213111e-02,2.535812340998579162e-02,7.280715695069146509e-01,6.848626741820106334e-01,-1.570000000000000062e+00,2.206930175837767960e-02,-7.539841338208129462e-02,2.439851205730766193e+00,-7.915658565760574916e-01,5.644038739460705001e-03,-1.570000000000000062e+00,-1.019432422443215941e-01,1.413939702204112248e-01,2.437569767403080068e+00,-8.714586678660876107e-01,2.403493171603078571e-02,2.541358004106654064e-02,2.103142199146428304e-01,5.200000000000000178e-01,-8.230538889705196759e-02,5.237566013714398672e-01,-4.103385696667016802e-01,4.810088644207507480e-01,-5.040465759039790966e-02,-1.741532015152599533e-01,3.919328185533656472e-01,-7.821023308447804245e-01,-7.452370670918398998e-01,2.791710960419194199e-01,3.587116504162838893e-01,2.310536317886838498e-01,-2.843319349673906760e-01,-4.109593388972931916e-01
1.087205600965279739e-02,-1.666606396607250851e-01,3.548744297172753970e-01,1.404040620128963260e-02,2.475715847018607196e-02,7.282988781383615828e-01,6.846683096219575715e-01,-1.570000000000000062e+00,2.222126112812999876e-02,-7.896665021649498795e-02,2.441464859054866654e+00,-7.981725721114486527e-01,6.869924674862706859e-03,-1.570000000000000062e+00,-1.048586955666624965e-01,1.392537635502275883e-01,2.439645478726333749e+00,-8.713433935737999736e-01,2.403626407430380432e-02,2.106167096566499350e-02,2.030539885458167992e-01,5.200000000000000178e-01,-7.835722695487819245e-02,5.286520935680545374e-01,-4.034540299236291649e-01,4.835319728070962553e-01,-5.096227513104181761e-02,-1.730130904058848340e-01,3.920703788501174181e-01,-7.751289404633714408e-01,-7.364071177374101884e-01,2.586617080725364670e-01,3.229821424323888190e-01,2.277416071514154483e-01,-2.839135153862915595e-01,-4.270700951995611838e-01
1.070584053287967213e-02,-1.666193627772860342e-01,3.549155933766688364e-01,1.408751344770704100e-02,2.461181864394606719e-02,7.276851109709170373e-01,6.853248715894838528e-01,-1.570000000000000062e+00,2.192480094777583821e-02,-7.978653802908451664e-02,2.442369821477094138e+00,-7.957001363938916993e-01,4.179184995589536877e-03,-1.570000000000000062e+00,-1.061320264073687264e-01,1.380334767905965487e-01,2.438865771599993959e+00,-8.713656468318607962e-01,2.612442090502718403e-02,2.652318878946237357e-02,2.005719642491049226e-01,5.200000000000000178e-01,-7.940715003598187993e-02,5.269396126939447367e-01,-3.964696538323169150e-01,4.831921971757744405e-01,-5.535994518944378079e-02,-1.766303264540576567e-01,3.897652720592497677e-01,-7.727701434721583329e-01,-7.363996480875049100e-01,2.565293673686868670e-01,3.305261510702730554e-01,2.161081545451647434e-01,-2.752210550765558095e-01,-4.258125950598835030e-01
1.005898055185286410e-02,-1.674728606577811085e-01,3.551904985507313706e-01,1.459333021403278266e-02,2.460885415046441121e-02,7.258716180471896928e-01,6.872349184407178235e-01,-1.570000000000000062e+00,2.281243508288774424e-02,-7.933227176290050253e-02,2.441838552334325563e+00,-7.944604206237111388e-01,3.587522203339493787e-04,-1.570000000000000062e+00,-1.011464724479620020e-01,1.398734589829284669e-01,2.429074599398160839e+00,-8.722163052459102062e-01,2.197154397118683544e-02,4.312134325274824542e-02,2.098747765805582532e-01,5.200000000000000178e-01,-8.651029093521853119e-02,5.258675494068070222e-01,-4.074996832737728392e-01,4.780499010440183993e-01,-7.071759418854901835e-02,-1.848660819487192297e-01,3.898278106890295525e-01,-7.678894728268977898e-01,-7.549820538760569910e-01,2.993490891949483479e-01,4.464964827646470402e-01,2.014183696067863016e-01,-2.422606261514630710e-01,-4.014761860704504359e-01
9.311735680545338636e-03,-1.687241075747242525e-01,3.531696541224422781e-01,1.574301461073323791e-02,2.157724523951753959e-02,7.239769475607136240e-01,6.893068688033739955e-01,-1.570000000000000062e+00,2.216488478580791455e-02,-8.460075712927928038e-02,2.448912820550919189e+00,-8.011252717541014201e-01,-9.455318536635143323e-05,-1.570000000000000062e+00,-9.156778151837020874e-02,1.395767640719432212e-01,2.423600643490161133e+00,-8.726699998582203577e-01,9.989944038050223296e-03,6.504119765714133639e-02,2.299661114289808517e-01,5.200000000000000178e-01,-9.154546801923661714e-02,5.268491584108057069e-01,-4.334382358427553705e-01,4.654242560926850070e-01,-8.980893348340300564e-02,-1.878537370836132203e-01,3.992165281346019556e-01,-7.671110454157000769e-01,-7.730611223252181752e-01,3.728373793260949531e-01,6.268989763038794738e-01,1.736041635225157309e-01,-1.997938837072829599e-01,-3.574463228674323867e-01
8.904465567584769412e-03,-1.685823492513250921e-01,3.522064882075658931e-01,1.529230937919972416e-02,2.029253690049646203e-02,7.232001754606964816e-01,6.901708950931001452e-01,-1.570000000000000062e+00,1.987802638340376016e-02,-8.887482721539682884e-02,2.453393865556866782e+00,-8.060086441289620041e-01,2.846949623703867727e-04,-1.570000000000000062e+00,-8.752973761818964860e-02,1.379201643847320358e-01,2.424342491138511413e+00,-8.726699999999998347e-01,5.704440919016860734e-03,7.384013693291936742e-02,2.400863376277433958e-01,5.200000000000000178e-01,-9.429714995467225469e-02,5.185341114340553670e-01,-4.456903742999738238e-01,4.578592328270635892e-01,-1.071061941469341333e-01,-1.886120834166535032e-01,4.060102876774235869e-01,-7.772601449158751397e-01,-7.781559836715787881e-01,4.161293601708698220e-01,7.164016662071420738e-01,1.572276998435664930e-01,-1.930655173774822875e-01,-3.280048661968028023e-01
8.445521895603965226e-03,-1.673187319120742478e-01,3.526286722485806324e-01,1.056955639493283028e-02,1.967023189378977466e-02,7.204421734859889348e-01,6.931554234929159231e-01,-1.570000000000000062e+00,2.413040003233730968e-02,-1.047246886010265166e-01,2.457140700794806953e+00,-8.138112270988638874e-01,-9.193048675068558884e-03,-1.570000000000000062e+00,-8.056710143549036807e-02,1.310132215670854194e-01,2.419466170999390986e+00,-8.726699999999999458e-01,9.368135131096834434e-03,7.947887851712610863e-02,2.487368896614936820e-01,5.200000000000000178e-01,-9.890354475822926705e-02,5.092972285764139073e-01,-4.463064417125817696e-01,4.562733068306623618e-01,-1.072597312690581478e-01,-1.907567182305566489e-01,4.068164391157750304e-01,-7.964684190956924370e-01,-7.769952999699053509e-01,4.139390697454466972e-01,7.015274564924629530e-01,1.719128884587459161e-01,-2.083727062443525568e-01,-3.342631555968832990e-01
8.232846407881629774e-03,-1.669708823890641569e-01,3.518742274665215830e-01,1.118100421315446416e-02,1.900970207454137292e-02,7.204195377295304903e-01,6.931877855454416926e-01,-1.570000000000000062e+00,2.743013387707231299e-02,-1.004074530880286059e-01,2.460583263323649739e+00,-8.133543617916820789e-01,-3.440695258901317610e-03,-1.570000000000000062e+00,-8.011605099829610666e-02,1.297557288131296060e-01,2.424388525846002729e+00,-8.726699999999999458e-01,1.077506501453447119e-02,7.006723982370738346e-02,2.427512706694921196e-01,5.200000000000000178e-01,-9.143435921251225063e-02,5.089766521142492506e-01,-4.436301363244571361e-01,4.565976046715631287e-01,-1.067996725520674595e-01,-1.942930504275598436e-01,3.990142090156812427e-01,-8.057010887723174974e-01,-7.719021999476708418e-01,3.860951289670880859e-01,6.289163748542645482e-01,2.154774266919677050e-01,-2.379849543392824895e-01,-3.567676433827758342e-01
7.912411623619225107e-03,-1.660732845206485675e-01,3.499245369093357816e-01,1.254309734109974178e-02,1.778058452992229560e-02,7.210389542376168803e-01,6.925527763245129531e-01,-1.570000000000000062e+00,3.076005004138912535e-02,-9.576724835229480370e-02,2.468706378819697900e+00,-8.131258344812281047e-01,3.519609265202415516e-03,-1.570000000000000062e+00,-8.517646684182884897e-02,1.303041910645196255e-01,2.436388495440434454e+00,-8.726700000000000568e-01,1.663570452124701199e-02,5.293228282166118071e-02,2.266086479620786631e-01,5.200000000000000178e-01,-7.810331990763992593e-02,5.092938455872741965e-01,-4.290246278923061096e-01,4.652488387152419191e-01,-1.082944147459075496e-01,-1.984474025370126515e-01,3.898980481124522668e-01,-7.987126400622321931e-01,-7.578351582621025706e-01,3.360489354376759996e-01,4.909930708902703889e-01,2.471013743118157524e-01,-2.765901304224194224e-01,-3.867732688500886695e-01
7.791918729423587611e-03,-1.648306446731599151e-01,3.476887559939545458e-01,1.338013767173461266e-02,1.626211792097338044e-02,7.218609183076110103e-01,6.917176664338587910e-01,-1.570000000000000062e+00,3.184728699222191817e-02,-9.588188066354066952e-02,2.477347033788889874e+00,-8.146155136400236030e-01,5.879646201820729057e-03,-1.570000000000000062e+00,-8.974069688047450755e-02,1.304048778049814450e-01,2.450827747107199084e+00,-8.723651884049060667e-01,2.262818217786079916e-02,4.248589233163253820e-02,2.146236193696254291e-01,5.200000000000000178e-01,-7.018929122908147689e-02,5.079480570876867551e-01,-4.183318661040826836e-01,4.750535584603936545e-01,-1.072419505596880207e-01,-1.947774450539805080e-01,3.861901715712314220e-01,-7.964423273050229568e-01,-7.393900997362212735e-01,2.945169163604028362e-01,3.729584084481649131e-01,2.446362217636024461e-01,-2.958649628883378568e-01,-4.154627068105166687e-01
7.408890138954193211e-03,-1.645914528666764243e-01,3.455320177634175760e-01,1.399415295319398830e-02,1.406498208761994793e-02,7.225775418232723846e-01,6.910050911640489568e-01,-1.570000000000000062e+00,3.336666921314680734e-02,-9.644624369851736989e-02,2.484731422966992564e+00,-8.232560989943555896e-01,7.155773012551228107e-03,-1.570000000000000062e+00,-9.265875403250398157e-02,1.304273353442652883e-01,2.457629076988910199e+00,-8.724244257527317137e-01,1.998022554105618326e-02,4.114737788892506437e-02,2.126966586819105665e-01,5.200000000000000178e-01,-6.693794984549382432e-02,5.105444699871876102e-01,-4.213709485859295500e-01,4.818131086343282465e-01,-1.114421348865021616e-01,-1.945442256588532925e-01,3.892717473757033586e-01,-7.736724451354187737e-01,-7.321039412204083385e-01,2.787379781030896453e-01,3.523132473115128671e-01,2.367190810881659446e-01,-2.898622244197186504e-01,-4.406366833585428355e-01
7.135644649716915699e-03,-1.643800062311594756e-01,3.442821749310094326e-01,1.557876893914767261e-02,1.318469948982073717e-02,7.222572644027288602e-01,6.913233032924545052e-01,-1.570000000000000062e+00,3.327698891827381156e-02,-9.518297036312450832e-02,2.490058400709563635e+00,-8.192824177732977997e-01,4.611086818882517702e-03,-1.570000000000000062e+00,-9.314415775319193069e-02,1.323233898184133506e-01,2.461503072572900574e+00,-8.724972512494567622e-01,1.891718136344654883e-02,4.742138191119864982e-02,2.155608131127292881e-01,5.200000000000000178e-01,-6.964890433005850590e-02,5.060187307504614429e-01,-4.251105256599333471e-01,4.857601774654164428e-01,-1.221423445931798524e-01,-1.974966720885492633e-01,3.884887647820940426e-01,-7.606581930434604955e-01,-7.306816846446132496e-01,2.819891638578239657e-01,3.741043588578341628e-01,2.308192590134718614e-01,-2.795348347513509357e-01,-4.384756963518551265e-01
6.610725800733607480e-03,-1.653969274799428346e-01,3.433182288888739775e-01,1.748135623987876960e-02,1.174129364237717563e-02,7.212708589021663563e-01,6.923329345814408509e-01,-1.570000000000000062e+00,3.157492151300744787e-02,-9.450000705404082435e-02,2.492617152182494245e+00,-8.168392309834624498e-01,-5.404552827595193731e-04,-1.570000000000000062e+00,-9.108342438390809592e-02,1.332447040417377715e-01,2.455936815296672293e+00,-8.726699999460160173e-01,8.547842683381365325e-03,6.440148432775513743e-02,2.336526581338668196e-01,5.200000000000000178e-01,-7.125729160078017599e-02,5.082467561284276236e-01,-4.445284715142821530e-01,4.747948604219203173e-01,-1.426180221496675948e-01,-2.067247190249184019e-01,3.951957699477198771e-01,-7.330130702476742588e-01,-7.491222697685908649e-01,3.301686164411199442e-01,5.238952443527026270e-01,2.077122142192453502e-01,-2.406620918479726312e-01,-4.158592903031037569e-01
6.692358945569513995e-03,-1.656739840746250803e-01,3.430548385443463744e-01,1.809248619229247845e-02,1.173619260413927626e-02,7.217894190908650254e-01,6.917766678741142927e-01,-1.570000000000000062e+00,2.370147865194630055e-02,-9.377581999292777803e-02,2.492651880620986748e+00,-8.190569037561922228e-01,1.854445442983694570e-03,-1.570000000000000062e+00,-8.480047375831484269e-02,1.354007688251397112e-01,2.454482986968552716e+00,-8.726699999999999458e-01,-3.651050962431234836e-03,8.433716838980784281e-02,2.517377169220300082e-01,5.200000000000000178e-01,-7.966461775191113759e-02,5.054996315340574142e-01,-4.731568288270611711e-01,4.636472239111911753e-01,-1.701750018953981092e-01,-2.064497042481317490e-01,4.028781237923068081e-01,-7.349595061980267463e-01,-7.605573104923136762e-01,4.049680181796145306e-01,7.297250880167585052e-01,1.663654011985365999e-01,-2.024271239924331778e-01,-3.730445467104130941e-01
6.645312364471130800e-03,-1.658725373424528582e-01,3.419327912189781826e-01,1.917529720370598698e-02,1.057538902153917597e-02,7.218025584252544258e-01,6.917525104941437686e-01,-1.570000000000000062e+00,1.944494472802552054e-02,-9.596585277369015787e-02,2.495493989638978061e+00,-8.174117062558913238e-01,-6.835823968332571665e-03,-1.570000000000000062e+00,-8.307835342406504064e-02,1.364565312496342775e-01,2.454281836711683429e+00,-8.726699999999999458e-01,-9.783877878233093739e-03,9.987974084660089513e-02,2.688305051652842836e-01,5.200000000000000178e-01,-8.703609235400351640e-02,4.981655108804571852e-01,-4.953316817065359645e-01,4.555473572018395312e-01,-1.861863509428253738e-01,-2.069996838635830283e-01,4.008254966829478683e-01,-7.316888472035707469e-01,-7.578171286443091681e-01,4.574563641458477270e-01,8.540465574088597078e-01,1.252141954233449983e-01,-1.811981771280224141e-01,-3.311394664566321699e-01
7.039654907336686911e-03,-1.650457657410415446e-01,3.418567982833389807e-01,1.712168783074555917e-02,1.044369708538274780e-02,7.220662044652499389e-01,6.915332048182238900e-01,-1.570000000000000062e+00,1.932880982289496286e-02,-1.025766820127460843e-01,2.496807311982067734e+00,-8.221261975408553635e-01,-1.559718820476600765e-02,-1.570000000000000062e+00,-8.065053677650149688e-02,1.340586553068054132e-01,2.454452891061863706e+00,-8.726699999999999458e-01,-9.476861963062119254e-03,1.097341975667497083e-01,2.762615846615896764e-01,5.200000000000000178e-01,-9.292195889275303711e-02,4.887696332595320992e-01,-5.055559109832625797e-01,4.484910295282311110e-01,-1.975329517556754788e-01,-2.074951214994961712e-01,4.056508505417625310e-01,-7.236553115173744999e-01,-7.519918799405813647e-01,4.892448466114093786e-01,9.255995620794562617e-01,9.324838564872546531e-02,-1.693661256795287728e-01,-3.102402419383760712e-01
7.449093109424084758e-03,-1.642996172473114302e-01,3.413712828438962288e-01,1.646716868705809522e-02,1.053340379887561518e-02,7.227725011971279923e-01,6.908095188060813241e-01,-1.570000000000000062e+00,1.490519335112484856e-02,-1.056953671304257519e-01,2.498011215125861995e+00,-8.250091584121825861e-01,-1.947036750899158730e-02,-1.570000000000000062e+00,-7.949454841591985232e-02,1.336410016540769685e-01,2.458725880004530850e+00,-8.726700000000000568e-01,-9.567175534877479792e-03,1.115698052236089033e-01,2.799297834313194677e-01,5.200000000000000178e-01,-9.346558737602819744e-02,4.822795759923496073e-01,-5.156004734738571793e-01,4.392645454661046611e-01,-2.043078851755280867e-01,-2.064020367610784890e-01,4.074179716124597395e-01,-7.123612175172466809e-01,-7.429096594812052423e-01,5.032576370559229684e-01,9.643729067047032144e-01,7.328932826075341966e-02,-1.674493836642049482e-01,-3.057951517441437894e-01
7.774984732036404125e-03,-1.639163571686038934e-01,3.419021966006201563e-01,1.541228417936802222e-02,1.143408516563194227e-02,7.236110793641373773e-01,6.899411054678998845e-01,-1.570000000000000062e+00,1.438853878645382500e-02,-1.062741747821851629e-01,2.495046899609346891e+00,-8.282173102299449363e-01,-2.258185723385290958e-02,-1.570000000000000062e+00,-8.013411823482391450e-02,1.341511558902089285e-01,2.457226407016130043e+00,-8.726699999999999458e-01,-1.128700327565851369e-02,1.107258941711404820e-01,2.807293738284863949e-01,5.200000000000000178e-01,-9.195445649612861427e-02,4.799688733169428789e-01,-5.232286424474625885e-01,4.306422065949949141e-01,-2.075149687726409453e-01,-2.067213812412860285e-01,4.033976589524964074e-01,-7.050786849197692163e-01,-7.372096337336173644e-01,5.043863076409274004e-01,9.766564810252699180e-01,7.073070209647683293e-02,-1.728795611666603671e-01,-3.100744996972155110e-01
7.923670334546190075e-03,-1.636419596594221038e-01,3.425216264753657147e-01,1.460483008416261358e-02,1.215254426158356334e-02,7.240591936728075773e-01,6.894761044909873959e-01,-1.570000000000000062e+00,1.488870109014428511e-02,-1.060413993546439199e-01,2.492575488499855663e+00,-8.291822759545354193e-01,-2.317778414109535404e-02,-1.570000000000000062e+00,-8.273733741814449927e-02,1.336265449596532318e-01,2.455207545572293260e+00,-8.726699999999999458e-01,-1.591559262004025449e-02,1.101642694917215337e-01,2.813933346578920136e-01,5.200000000000000178e-01,-8.850675914140811174e-02,4.776327166230106558e-01,-5.250623587862616182e-01,4.252296410884284783e-01,-2.144752302051579074e-01,-2.082608562544516762e-01,3.985227731524101924e-01,-6.947658229800759422e-01,-7.310215762893990110e-01,5.006554327653474079e-01,9.770124048786619220e-01,7.208643046694081236e-02,-1.751838747526630879e-01,-3.122575267456753068e-01
8.027743675752249675e-03,-1.629607711907092860e-01,3.425516851944441221e-01,1.154510037965451874e-02,1.138119442324757834e-02,7.226119099898353770e-01,6.910638223865913643e-01,-1.570000000000000062e+00,1.789677964847213865e-02,-1.183642289010597981e-01,2.495136115743462391e+00,-8.371560590891147235e-01,-2.869057818954457925e-02,-1.570000000000000062e+00,-8.039376804708375790e-02,1.275911964009024957e-01,2.452378530736272211e+00,-8.726699999999999458e-01,-1.677086535269375206e-02,1.144144851513880790e-01,2.866903368097085680e-01,5.200000000000000178e-01,-8.977820901119208663e-02,4.746286812510813746e-01,-5.236912191312410592e-01,4.241069270626101062e-01,-2.176321575593752333e-01,-2.081504023016043925e-01,3.943274642360986015e-01,-6.918089845906303381e-01,-7.285672886202132492e-01,4.971450739892437354e-01,9.717959035169362325e-01,6.858355158776488492e-02,-1.765151958456147308e-01,-3.166681154698609557e-01
8.259579131067876570e-03,-1.631435688968271569e-01,3.420172631906838734e-01,1.313325453140659974e-02,1.120653277321493474e-02,7.241518965813171782e-01,6.894243699828849214e-01,-1.570000000000000062e+00,1.673108880026626111e-02,-1.112373923459197139e-01,2.495114025729591400e+00,-8.376159336149109347e-01,-2.195461280472048304e-02,-1.570000000000000062e+00,-8.512476466250654128e-02,1.277202008849898929e-01,2.456038008722242427e+00,-8.726699999999998347e-01,-2.039037124845563542e-02,1.083140151141696456e-01,2.833166102073872983e-01,5.200000000000000178e-01,-8.196093374058632808e-02,4.784889332565876452e-01,-5.241340033614972915e-01,4.195207014799951506e-01,-2.226427490167326995e-01,-2.088961440222419919e-01,3.888003809466962779e-01,-6.805820149299142141e-01,-7.262665053232747470e-01,4.902112420675464044e-01,9.625466756942038238e-01,6.523694760304731000e-02,-1.775557652244036111e-01,-3.241267599932552423e-01
8.147482991803440752e-03,-1.627332557776210165e-01,3.417204877567093790e-01,1.075217220975805375e-02,9.974690291444654466e-03,7.227211322556058581e-01,6.909841252427848524e-01,-1.570000000000000062e+00,1.996471373672176197e-02,-1.221387060662716406e-01,2.498588942867101093e+00,-8.451449743503198775e-01,-2.608583147105201713e-02,-1.570000000000000062e+00,-8.180300754494494730e-02,1.231638585978418465e-01,2.452890464688036509e+00,-8.726699999999999458e-01,-2.087608085335334457e-02,1.132000274802262840e-01,2.893554065023186128e-01,5.200000000000000178e-01,-8.355736189971844918e-02,4.769236737325366349e-01,-5.214285156282983946e-01,4.192135973507112312e-01,-2.201203321379735511e-01,-2.079781664899565119e-01,3.858384298002273116e-01,-6.783962596674675272e-01,-7.263756806429472190e-01,4.862510629502646564e-01,9.542856162409406595e-01,6.049145355279079289e-02,-1.783272181828194081e-01,-3.306948878802679070e-01
8.208385854428450201e-03,-1.628903662325559276e-01,3.407629990146163190e-01,1.320447967377513278e-02,9.581094998777411539e-03,7.241226524242457829e-01,6.894782292293534232e-01,-1.570000000000000062e+00,1.734517272404170751e-02,-1.141058851629049575e-01,2.500385269768924168e+00,-8.429744886876087140e-01,-1.841052384764223226e-02,-1.570000000000000062e+00,-8.447112936432529806e-02,1.256529966666284082e-01,2.458330647979020789e+00,-8.726699999999999458e-01,-2.422743582914113625e-02,1.086347421843909672e-01,2.854094578851417152e-01,5.200000000000000178e-01,-7.743972889647063318e-02,4.803155988519781650e-01,-5.223779499092459089e-01,4.158162130015161662e-01,-2.203660912572217301e-01,-2.078177531389298893e-01,3.796388484851074829e-01,-6.668868173105333419e-01,-7.254414516847774719e-01,4.805422324820665669e-01,9.445934190063517422e-01,5.779114874605682795e-02,-1.777898738491617281e-01,-3.327422456849183363e-01
8.002338240454192481e-03,-1.623248846078599872e-01,3.406712562831481494e-01,1.052108178396858607e-02,8.630690825147330561e-03,7.225968200439639721e-01,6.911357707978422749e-01,-1.570000000000000062e+00,1.966647298219278972e-02,-1.249623403867742566e-01,2.503691019020265252e+00,-8.503873812075734007e-01,-2.167475663004006514e-02,-1.570000000000000062e+00,-7.956411635425182649e-02,1.215400002811335561e-01,2.455177261826396062e+00,-8.726699999999999458e-01,-2.345964643782894737e-02,1.136176305557429628e-01,2.900332720368741235e-01,5.200000000000000178e-01,-8.022797722280290700e-02,4.786506377038889370e-01,-5.214018285543707831e-01,4.177416973728925176e-01,-2.185227851732197968e-01,-2.066920049048815711e-01,3.757352415828193459e-01,-6.663943961834358776e-01,-7.251361527179369659e-01,4.794942759610167915e-01,9.406438930841352075e-01,5.244680124164709939e-02,-1.762573285292377001e-01,-3.343319827445854764e-01
7.935507709201417709e-03,-1.624738950650570224e-01,3.396034478204819074e-01,1.288358539339416742e-02,8.051776196541507100e-03,7.238037537128002574e-01,6.898386102841391754e-01,-1.570000000000000062e+00,1.676403935612702512e-02,-1.173249819551453466e-01,2.506272369836345160e+00,-8.487881824516505525e-01,-1.274400373593351926e-02,-1.570000000000000062e+00,-8.186919468570738601e-02,1.237411441655199007e-01,2.460591667633819757e+00,-8.726699999999999458e-01,-2.595927058525621806e-02,1.089829120769308934e-01,2.861572872314830374e-01,5.200000000000000178e-01,-7.481343647801189101e-02,4.827759263320865468e-01,-5.234891112404113089e-01,4.167271711817692181e-01,-2.186875897369349453e-01,-2.063028576522028812e-01,3.715792860965178579e-01,-6.583354523570843497e-01,-7.249370450817053113e-01,4.797578279082977404e-01,9.352758258718470996e-01,4.552558916607918338e-02,-1.739226064137538719e-01,-3.321320017184394291e-01
7.578689186461329448e-03,-1.619700923956596539e-01,3.389030806079291747e-01,1.044598690747904415e-02,6.365883622383322962e-03,7.221673907956042138e-01,6.916101622696881890e-01,-1.570000000000000062e+00,1.916340553095778609e-02,-1.288530337982595475e-01,2.511613166765449101e+00,-8.576513951533086821e-01,-1.547079786699802686e-02,-1.570000000000000062e+00,-7.768715655025684730e-02,1.191997632624214321e-01,2.458893989270150460e+00,-8.726699999999999458e-01,-2.447100166710774322e-02,1.135810310401614009e-01,2.907889844949473890e-01,5.200000000000000178e-01,-7.726588326457009548e-02,4.831909172192703772e-01,-5.238918770448516282e-01,4.182800113895421279e-01,-2.155470617539629041e-01,-2.050987564477874392e-01,3.694550560964320884e-01,-6.585228313838390468e-01,-7.247796580322919402e-01,4.811436915563261363e-01,9.321071600716569483e-01,3.895631883102530779e-02,-1.714538273997862350e-01,-3.332007707722416390e-01
7.361635790117830591e-03,-1.616677563317910904e-01,3.378652257923902558e-01,9.831671172779801043e-03,4.893279891201215634e-03,7.215174625371616468e-01,6.923091399857381756e-01,-1.570000000000000062e+00,1.947459758696006016e-02,-1.337168476344237356e-01,2.516429470089186271e+00,-8.629030106681453427e-01,-1.457818638255153551e-02,-1.570000000000000062e+00,-7.581745620014848641e-02,1.162554951060145170e-01,2.461159434445411964e+00,-8.726699999999999458e-01,-2.536008382470280459e-02,1.161044293453369763e-01,2.937129517429006853e-01,5.200000000000000178e-01,-7.790906774654790534e-02,4.854624575944761489e-01,-5.270104774417563309e-01,4.184023742387514844e-01,-2.119818124729384579e-01,-2.038215748173695663e-01,3.679714289872137445e-01,-6.562281362966613241e-01,-7.261174304535595869e-01,4.825383882754103460e-01,9.292525366709544210e-01,3.073616805611194269e-02,-1.693239859063017105e-01,-3.344720322729179962e-01
7.206461956589742257e-03,-1.618254297226152938e-01,3.372107991976819319e-01,1.251141395464113598e-02,5.194067344940782663e-03,7.234590918559932193e-01,6.902343287581209630e-01,-1.570000000000000062e+00,1.578638332821863388e-02,-1.220862813984497086e-01,2.516373817212258945e+00,-8.598557065074285966e-01,-6.744599464519801524e-03,-1.570000000000000062e+00,-8.033421380736949224e-02,1.213230994086152287e-01,2.466366330303241927e+00,-8.726699999999999458e-01,-2.625662248466680004e-02,1.100052281508963892e-01,2.888063662747645255e-01,5.200000000000000178e-01,-7.192857410677255814e-02,4.902609861427810189e-01,-5.300882714482161306e-01,4.144844659420091060e-01,-2.077801677577572337e-01,-2.027274299633824162e-01,3.678625127328316591e-01,-6.480131526875470005e-01,-7.271032134557110505e-01,4.817278498038637391e-01,9.236105068528992490e-01,2.260098220625413393e-02,-1.682746046661631190e-01,-3.365290328441731260e-01
6.843888424949839434e-03,-1.610854912501428760e-01,3.368675165495543244e-01,9.817237550444748301e-03,4.250899154202162147e-03,7.222716538422113697e-01,6.915267238214992673e-01,-1.570000000000000062e+00,1.767175897999866130e-02,-1.323918126047985422e-01,2.520167337962543552e+00,-8.682229772270552148e-01,-1.054265423436856475e-02,-1.570000000000000284e+00,-7.762133358767915603e-02,1.183782132053103758e-01,2.465306822696874622e+00,-8.726699999999999458e-01,-2.409827922489683055e-02,1.145737013390892567e-01,2.933454682805366476e-01,5.200000000000000178e-01,-7.496906194466979034e-02,4.893826214444618738e-01,-5.298738573611161407e-01,4.140081092421696307e-01,-2.035600243788657782e-01,-2.018151476781035458e-01,3.708296819296367786e-01,-6.494556853158254262e-01,-7.281305838206377778e-01,4.820894021598184920e-01,9.223885987077655724e-01,1.495773587411557658e-02,-1.667716837230290294e-01,-3.412840177314061529e-01
6.867345744356359930e-03,-1.609102723247759215e-01,3.363864053516685271e-01,9.568587646549038192e-03,3.546532008795608149e-03,7.222589627959737912e-01,6.915474350339572140e-01,-1.570000000000000062e+00,1.764081148920479403e-02,-1.350976974719620416e-01,2.521008881394873224e+00,-8.693163378349471060e-01,-1.076242868407899234e-02,-1.570000000000000062e+00,-7.660422337087927080e-02,1.173123699885935678e-01,2.467468624181230474e+00,-8.726699999999999458e-01,-2.450734174462111670e-02,1.169097089970146108e-01,2.952117210141523840e-01,5.200000000000000178e-01,-7.630343691728219691e-02,4.891234852883128981e-01,-5.314258849902961934e-01,4.135689341461312174e-01,-2.008035288229447490e-01,-2.013988060151831738e-01,3.747739830899591840e-01,-6.483313261962102558e-01,-7.297864958152004977e-01,4.819017669172217522e-01,9.232168368520704549e-01,9.035173797081253941e-03,-1.653321497396481876e-01,-3.461143358958334582e-01
6.826774868879224509e-03,-1.606777421855230259e-01,3.359646746865694311e-01,9.690202010813241118e-03,3.220371482966687127e-03,7.225419269925680288e-01,6.912516856618636796e-01,-1.570000000000000062e+00,1.687371940948753646e-02,-1.356529348228616705e-01,2.521711414501353055e+00,-8.694343067906924460e-01,-1.066730193847685929e-02,-1.570000000000000062e+00,-7.694632103947142421e-02,1.178710119817998614e-01,2.470278643953623288e+00,-8.726699999999999458e-01,-2.464603476056666936e-02,1.181976326520375042e-01,2.953970478722673376e-01,5.200000000000001288e-01,-7.667143950339308511e-02,4.887007704745353065e-01,-5.316914341861552762e-01,4.121067436849008558e-01,-1.981815397651767729e-01,-2.012494864367797842e-01,3.792568992378068660e-01,-6.469540043258714679e-01,-7.312918247583041209e-01,4.818198968187596409e-01,9.243841468444361498e-01,6.556331945729780390e-04,-1.636753250512534286e-01,-3.509168321657405443e-01
6.827613599303956025e-03,-1.605560825061190244e-01,3.354713927853467115e-01,1.015144712203086899e-02,2.912772787106924013e-03,7.230867095471754658e-01,6.906765338074389859e-01,-1.570000000000000062e+00,1.534066734412627142e-02,-1.352507320878895414e-01,2.522102090530388807e+00,-8.695530589227234985e-01,-9.879995886426930912e-03,-1.570000000000000062e+00,-7.689849584336787280e-02,1.193819218554203754e-01,2.473410614445059608e+00,-8.726699999999998347e-01,-2.430869828635221636e-02,1.181841269977149667e-01,2.942800024322436148e-01,5.200000000000000178e-01,-7.710247017903687494e-02,4.892185208173359667e-01,-5.331732532395168089e-01,4.114727414458561605e-01,-1.958170114767326941e-01,-2.002129083798628861e-01,3.807216492813756403e-01,-6.455540603913006992e-01,-7.320279554582044268e-01,4.837626123978993609e-01,9.269152785141187012e-01,-8.027066468196326562e-03,-1.609884036973843191e-01,-3.517504481187145871e-01
6.916667770349047180e-03,-1.604819716751453573e-01,3.354258449438022871e-01,1.026833472579638702e-02,2.997303173481017519e-03,7.236862501201449804e-01,6.900462222653556132e-01,-1.570000000000000062e+00,1.411115512913065084e-02,-1.348186641595212065e-01,2.520873426441500254e+00,-8.696779572901705002e-01,-8.243821754609685637e-03,-1.570000000000000062e+00,-7.630598633581360535e-02,1.209126476559471558e-01,2.474545263400536488e+00,-8.726699999999998347e-01,-2.425287376950824303e-02,1.174842978717515196e-01,2.925691730828304249e-01,5.200000000000000178e-01,-7.733677298044794313e-02,4.898197445679347006e-01,-5.344466461940657886e-01,4.112665770697953027e-01,-1.941346096641544394e-01,-1.988551442924648416e-01,3.799803080228601471e-01,-6.449968530653561460e-01,-7.319904275309461195e-01,4.859739991056645225e-01,9.291503208713063344e-01,-1.477966343306855342e-02,-1.587292099773483234e-01,-3.512042848468221456e-01
7.055455669075550579e-03,-1.603471956193467107e-01,3.355168894187016138e-01,1.034467292608991923e-02,3.323923843689588140e-03,7.243868372218693619e-01,6.893080946369559703e-01,-1.570000000000000062e+00,1.299955559918414272e-02,-1.339304916050011451e-01,2.519156694505303218e+00,-8.697900164331637818e-01,-6.968650199023561365e-03,-1.570000000000000062e+00,-7.693021440434544278e-02,1.224737029735041560e-01,2.475797647220189468e+00,-8.726699999999999458e-01,-2.447361472166033336e-02,1.165714420094388359e-01,2.900074311499061808e-01,5.200000000000000178e-01,-7.810106734848928922e-02,4.892435697153779128e-01,-5.335891075349159518e-01,4.116187081908390111e-01,-1.945068593954053238e-01,-1.973740120211943394e-01,3.778392594294896489e-01,-6.444080574356302327e-01,-7.308799225484263751e-01,4.863966931579050135e-01,9.312680318696037185e-01,-1.890914300929284406e-02,-1.564940684407888916e-01,-3.498015907875718367e-01
7.283502446129057166e-03,-1.599624426552205270e-01,3.359298343915184115e-01,9.993873543327482303e-03,4.155111620159088540e-03,7.250142760261355512e-01,6.886487908196186059e-01,-1.570000000000000062e+00,1.210896771375943870e-02,-1.333694514126577968e-01,2.517295165224863851e+00,-8.698193950009693864e-01,-5.875546632860932650e-03,-1.570000000000000062e+00,-7.781201569907805760e-02,1.236312334638661609e-01,2.476788254230220865e+00,-8.726699999999999458e-01,-2.448890056212817135e-02,1.148845582505467755e-01,2.864673278061478090e-01,5.200000000000001288e-01,-7.980524127772617438e-02,4.879093759079954351e-01,-5.319975762482378467e-01,4.146793641336137815e-01,-1.946007771308612688e-01,-1.946329864938444454e-01,3.735909067948066653e-01,-6.441492032196834971e-01,-7.280753755553235340e-01,4.850202599199997522e-01,9.335092050494253613e-01,-2.104727843799565276e-02,-1.548548751017918557e-01,-3.495836323997423833e-01
7.662692853322430539e-03,-1.594962133912457003e-01,3.373826257941722195e-01,8.609046395665486892e-03,5.959201809810445172e-03,7.255268654376471060e-01,6.881141909321227823e-01,-1.570000000000000062e+00,1.212935934959177842e-02,-1.330119651457187802e-01,2.512484065803724409e+00,-8.698306639690479569e-01,-5.315432443072524993e-03,-1.570000000000000062e+00,-7.741207751250761548e-02,1.239945208719235303e-01,2.473923787718570022e+00,-8.726699999999999458e-01,-2.445918194205001089e-02,1.137055356400699380e-01,2.822520951824853963e-01,5.200000000000000178e-01,-8.319407102498482809e-02,4.848642297771769138e-01,-5.299480996170776725e-01,4.206928422272033230e-01,-1.931822109869543724e-01,-1.911926101836401715e-01,3.673976203088167303e-01,-6.444517213889956464e-01,-7.240115240514394257e-01,4.831447404300365789e-01,9.355622363291663524e-01,-1.854565283065538056e-02,-1.536890216893314343e-01,-3.463304104422994523e-01
8.096417088419363695e-03,-1.588240955461806270e-01,3.388425379120657555e-01,7.249869213310299043e-03,8.047869502997450145e-03,7.259524626112304757e-01,6.876595765504491808e-01,-1.570000000000000062e+00,1.144227379971339553e-02,-1.327501208451760673e-01,2.508426175876143027e+00,-8.697634552502516714e-01,-4.954825320645513120e-03,-1.570000000000000062e+00,-7.798434277568985773e-02,1.244642570569203799e-01,2.471648733014566002e+00,-8.726699999999999458e-01,-2.522658023762009566e-02,1.131602775547390360e-01,2.778060895200228919e-01,5.200000000000000178e-01,-8.923157240855027206e-02,4.809419407292981896e-01,-5.271688518138547552e-01,4.298035400002946371e-01,-1.938220937463203675e-01,-1.891218819511637783e-01,3.638112283948718995e-01,-6.453416784816210505e-01,-7.200123106218103697e-01,4.820083942800061361e-01,9.387824218275927501e-01,-1.345554190286703429e-02,-1.529187037706165597e-01,-3.434411303085531109e-01
8.502032639341641773e-03,-1.583669009147112006e-01,3.402925493010698355e-01,7.641983264310795235e-03,1.096791909155187331e-02,7.276959606437335415e-01,6.857695631226158328e-01,-1.570000000000000062e+00,8.196545637741969870e-03,-1.224171145759895829e-01,2.504150694207271322e+00,-8.691620295996707046e-01,2.852181781376882108e-03,-1.570000000000000062e+00,-8.331462458938963811e-02,1.276485271212429162e-01,2.470715354509698702e+00,-8.726699999999999458e-01,-2.564968650420655638e-02,1.054823462665560041e-01,2.667894416667047075e-01,5.200000000000000178e-01,-9.190484950415445109e-02,4.797285663042962223e-01,-5.236914338020958182e-01,4.412280051672259340e-01,-1.961758929337247548e-01,-1.890946869414730780e-01,3.579536391850056676e-01,-6.444331183196817525e-01,-7.134882309890872021e-01,4.841212775204206675e-01,9.410305136912147095e-01,-6.993467191210151618e-03,-1.554640059438442135e-01,-3.305777433484917149e-01
9.189012522939131108e-03,-1.573570771822807024e-01,3.433915317289862879e-01,5.064788963783348891e-03,1.514539598726290064e-02,7.287982053718977671e-01,6.845422855747064217e-01,-1.570000000000000062e+00,5.618867838098284828e-03,-1.205546517101475368e-01,2.494426181125469544e+00,-8.690239899006377833e-01,5.246411528713766648e-03,-1.570000000000000062e+00,-8.499901107536855793e-02,1.294979726387585350e-01,2.464244438469307408e+00,-8.726699999999999458e-01,-2.664562092494728029e-02,1.027831412837727637e-01,2.588520327509608032e-01,5.200000000000000178e-01,-1.025935880544870810e-01,4.715573215753310898e-01,-5.179003216006030641e-01,4.586827174638242188e-01,-1.974326883625503737e-01,-1.882905906616590408e-01,3.533278499789840876e-01,-6.489219069871687839e-01,-7.061999605615902897e-01,4.871936962570065921e-01,9.514410091187301965e-01,-5.823585804248785670e-04,-1.560006839694446368e-01,-3.167765749510868534e-01
1.000583817003194813e-02,-1.563866425531832971e-01,3.467000354269134110e-01,1.903865915634000289e-03,1.904838719029946364e-02,7.292097538482185115e-01,6.840224185892193054e-01,-1.570000000000000062e+00,1.872459074206883622e-03,-1.219953643100723517e-01,2.484380802886331008e+00,-8.689630839138889895e-01,8.857883245035849673e-03,-1.570000000000000062e+00,-8.720694836697974461e-02,1.274292266496588055e-01,2.457291048883760709e+00,-8.726699999999999458e-01,-2.610919533249516505e-02,9.890310236333929583e-02,2.502261584167350672e-01,5.200000000000000178e-01,-1.171337973207447203e-01,4.636241876868647527e-01,-5.129237195320084375e-01,4.809921549376455774e-01,-1.968785299446567938e-01,-1.860267929608385162e-01,3.472239097888364379e-01,-6.539407990586100228e-01,-6.949169959070090608e-01,4.900111003678892518e-01,9.604302637851863667e-01,3.173181632394599973e-03,-1.565420788201016822e-01,-3.012203202252782264e-01
1.077973709495610131e-02,-1.556674976877900629e-01,3.513052876355987064e-01,-1.879176745884102509e-03,2.404160317134976937e-02,7.296298848564330974e-01,6.834169306770925267e-01,-1.570000000000000062e+00,-1.438779978480408950e-04,-1.220503171386057018e-01,2.469045315755233005e+00,-8.689078558412293152e-01,1.434719665139178729e-02,-1.570000000000000062e+00,-8.886243858452107236e-02,1.269145800251300915e-01,2.444304878209966780e+00,-8.726699999999999458e-01,-2.988861646652766352e-02,9.503689131189496653e-02,2.413457586931162802e-01,5.200000000000000178e-01,-1.467446272187173384e-01,4.542916394780520672e-01,-5.124383419252506178e-01,5.166443040605995796e-01,-1.939906905666099746e-01,-1.800989699020895118e-01,3.358195325245728058e-01,-6.562209311217014340e-01,-6.811563046740096716e-01,4.968221098515586687e-01,9.718022376593070666e-01,1.661564723518001510e-03,-1.536409445554359210e-01,-2.846361090542253725e-01
1.183098776328851166e-02,-1.544134574087163425e-01,3.566139023652747375e-01,-6.565033175471572668e-03,3.010075728013232588e-02,7.306013893446017260e-01,6.821088290282611988e-01,-1.570000000000000062e+00,-2.713379814795816025e-03,-1.213771777978381317e-01,2.451199080686464082e+00,-8.688797560340115744e-01,2.061530903224675915e-02,-1.570000000000000062e+00,-8.978466589323272351e-02,1.267081049006044957e-01,2.432273442626024629e+00,-8.726700000000000568e-01,-3.066358344194265034e-02,8.886511832790197629e-02,2.269747569487715888e-01,5.200000000000000178e-01,-1.900345497654350180e-01,4.441663332095522887e-01,-5.067145926375260512e-01,5.604234117483190003e-01,-1.875861399075178515e-01,-1.723006253877475413e-01,3.243200222670982180e-01,-6.649813232251789996e-01,-6.723565320047075744e-01,5.025894756789437423e-01,9.780621759950935967e-01,1.313457753932039708e-03,-1.519223931106915837e-01,-2.627857997790368771e-01
1.256135515663966626e-02,-1.527687540499257368e-01,3.643670501636085968e-01,-1.359167888369391432e-02,3.819862363559845680e-02,7.302791519749038951e-01,6.819446396946633460e-01,-1.570000000000000062e+00,-2.991457969898136948e-03,-1.206331016174694293e-01,2.428822130510204680e+00,-8.664486395060496671e-01,2.506494984833370493e-02,-1.570000000000000062e+00,-9.012194590360189661e-02,1.250702687436683336e-01,2.410031557014806758e+00,-8.726699999999999458e-01,-3.095035358129122338e-02,8.692879512481820059e-02,2.147515639117075492e-01,5.200000000000000178e-01,-2.335614127459378908e-01,4.365974407127581336e-01,-4.955107632548422791e-01,5.942068434319753845e-01,-1.769695272943038467e-01,-1.664454605426521905e-01,3.080061294766067159e-01,-6.836260285119947211e-01,-6.672949620185240072e-01,5.103417424920316803e-01,9.869365903044903243e-01,-4.928016550627054709e-03,-1.464100275693894504e-01,-2.415833943087861702e-01
1.352419728693169364e-02,-1.518041693085538657e-01,3.718191389477366604e-01,-1.904677193685297074e-02,4.592731562136657258e-02,7.309673316077591743e-01,6.805987527764312262e-01,-1.570000000000000062e+00,-3.788376060251466559e-03,-1.170402212142736958e-01,2.402580783220818805e+00,-8.618813889750847057e-01,2.951468186331990956e-02,-1.570000000000000062e+00,-9.013846585369791886e-02,1.263958095456640951e-01,2.390312593022304366e+00,-8.726006856453842886e-01,-3.356050471765668897e-02,8.329396179637198194e-02,2.037210024529993724e-01,5.199999999999999067e-01,-2.665778003211634051e-01,4.298816935046170240e-01,-4.812662672428170141e-01,6.261137780348438042e-01,-1.617588503798747523e-01,-1.587819657444233812e-01,2.964954551918029257e-01,-7.007696453417099347e-01,-6.603794498408921410e-01,5.112823168441644750e-01,9.930548965419807583e-01,-9.037531723786485297e-03,-1.415867072768768886e-01,-2.262247624977374305e-01
1.462454815425377926e-02,-1.504162174117461004e-01,3.806256006259808866e-01,-2.513818216553243695e-02,5.495756187538573811e-02,7.327091190528359776e-01,6.778532916840807054e-01,-1.569714053873603632e+00,-7.178068497040557272e-03,-1.105891517470900254e-01,2.370762132741108807e+00,-8.550777709659689307e-01,3.701024007071607863e-02,-1.570000000000000062e+00,-9.607060215321573671e-02,1.275236479258228806e-01,2.370091157322248510e+00,-8.718476045166028143e-01,-3.456873390636329424e-02,7.517464777578181101e-02,1.886615079623960300e-01,5.200000000000000178e-01,-3.004295793049106544e-01,4.256631104022524092e-01,-4.648519162652659520e-01,6.576142554960621167e-01,-1.463888564450150087e-01,-1.521401506737850018e-01,2.893869845892200754e-01,-7.216800519424969584e-01,-6.554342123241502227e-01,5.133381435536521487e-01,9.967891785897365908e-01,-1.277454183742752006e-02,-1.384602881642799099e-01,-2.132818733663970345e-01
1.549276733372643641e-02,-1.493735551492786362e-01,3.901260417846093564e-01,-3.059873657722100154e-02,6.443522552686777038e-02,7.336683165878779000e-01,6.757533723676781845e-01,-1.565043399155395809e+00,-9.426092262831364810e-03,-1.021743396324600039e-01,2.335193448742388433e+00,-8.509056282519804615e-01,4.221085224120446622e-02,-1.570000000000000062e+00,-1.001892851944489599e-01,1.305239242230414320e-01,2.344821245157361567e+00,-8.713678766438659462e-01,-3.757823886225090254e-02,6.978839196905933795e-02,1.749840245654422921e-01,5.200000000000000178e-01,-3.297151439664948169e-01,4.229756848495800914e-01,-4.465348981688394558e-01,6.851081214378468287e-01,-1.296908142115554829e-01,-1.467837119227488885e-01,2.781750288928458992e-01,-7.399013776466630832e-01,-6.513909402067752374e-01,5.140239639761303714e-01,1.003979574872842173e+00,-2.065776111137037838e-02,-1.364669280939509732e-01,-2.021663300627346838e-01
1.654119120444621019e-02,-1.477544278178207771e-01,4.017790882464513658e-01,-3.739092149886824590e-02,7.600435595411467182e-02,7.356252203483850671e-01,6.720720140378237950e-01,-1.560690612201199867e+00,-1.216231951045870785e-02,-9.046499942377166092e-02,2.290916505003623982e+00,-8.416426717231813015e-01,4.761328337593666304e-02,-1.570000000000000062e+00,-1.056303367893846323e-01,1.357735839603994299e-01,2.316371606652031012e+00,-8.703554581151761171e-01,-3.665087494118655226e-02,6.099672937797848138e-02,1.547023927932140719e-01,5.200000000000000178e-01,-3.659542926436457622e-01,4.229554559554524751e-01,-4.264461049722753638e-01,7.106176827139507601e-01,-1.130686625481407553e-01,-1.390959368596567658e-01,2.710401383817687693e-01,-7.639205719814217144e-01,-6.459531167187567702e-01,5.105663906135686769e-01,1.003825026759382455e+00,-2.358063939406368839e-02,-1.324838560331217940e-01,-1.908340423411431785e-01
1.754325451028101307e-02,-1.458928256715361360e-01,4.135532676984401412e-01,-4.095651085144776105e-02,8.871820108527565807e-02,7.362464866873711378e-01,6.696213525982965820e-01,-1.548210745115689901e+00,-1.383314964108457723e-02,-7.319517324721110108e-02,2.244461219332758883e+00,-8.343135373549039890e-01,5.250371169090149726e-02,-1.570000000000000062e+00,-1.071880452532566474e-01,1.481229998617632493e-01,2.291537133552621341e+00,-8.689816631314223327e-01,-3.365520262729672363e-02,5.617471938291968003e-02,1.337027292591053962e-01,5.200000000000000178e-01,-3.997255206125374660e-01,4.238858878688078757e-01,-4.081820864443817531e-01,7.360995106664117715e-01,-9.238004005008476627e-02,-1.326967580012816117e-01,2.593684633803542972e-01,-7.811416249879112872e-01,-6.424580718027155246e-01,5.042753316440669042e-01,1.005637965312055293e+00,-2.915514201409989681e-02,-1.289248534135449542e-01,-1.824465050893649409e-01
1.815018293394851656e-02,-1.434325917658952343e-01,4.288004574891451925e-01,-4.761301319826213158e-02,1.027421376082553739e-01,7.363439396106046253e-01,6.670642073538382011e-01,-1.533629111807497170e+00,-1.071255846169049536e-02,-5.438544953512590430e-02,2.185265659859009890e+00,-8.242968418414020615e-01,5.758029585720846749e-02,-1.564025690140708136e+00,-1.082247472163171964e-01,1.578587902921462227e-01,2.251717352674924122e+00,-8.673655743817961783e-01,-3.483879583617575937e-02,5.425301693568448241e-02,1.128429784435821259e-01,4.919906089376719915e-01,-4.266001163562145870e-01,4.215346214088255827e-01,-3.959182917861135964e-01,7.713383510476945482e-01,-7.170276004351026911e-02,-1.237576342701599413e-01,2.502446097307448047e-01,-7.871096385409097618e-01,-6.336564731748417501e-01,4.947045767846880437e-01,1.008312910426287790e+00,-2.831620106758878097e-02,-1.244503488218189347e-01,-1.772899716533775649e-01
1.802499438504814519e-02,-1.424548673154174550e-01,4.443817670007137455e-01,-4.545862841465575510e-02,9.926494953946359001e-02,7.386689126164450725e-01,6.651678137354709586e-01,-1.484028687478728070e+00,-1.137451645300143616e-02,-4.972406986670198370e-02,2.133499896334760670e+00,-8.228664883328516977e-01,6.539968105764357165e-02,-1.513204453212664058e+00,-1.171513179892444689e-01,1.528079117657223374e-01,2.203559661957071203e+00,-8.554876744437900360e-01,-3.516324359628385243e-02,5.092485039104505118e-02,1.050624241210742632e-01,4.846816302123184705e-01,-4.390269476080355671e-01,4.184480718719461589e-01,-4.023055967042716841e-01,8.075616967575148797e-01,-5.733448388486600544e-02,-1.188236642142793120e-01,2.425386651031437024e-01,-7.745466211098831488e-01,-6.223942341247844512e-01,4.943691421542258935e-01,1.014179701012921653e+00,-3.149637204122867490e-02,-1.210822214773666916e-01,-1.728866591275531883e-01
1.782428786812835855e-02,-1.411162227458749585e-01,4.609845175865938116e-01,-4.352652126901726537e-02,9.461323983102733204e-02,7.402934529958649090e-01,6.641681867165534214e-01,-1.431194749085860085e+00,-1.111856382572481983e-02,-4.906561071169981969e-02,2.079011550948000941e+00,-8.174479669937514403e-01,7.176665905901562226e-02,-1.457727745271659048e+00,-1.242322467463304742e-01,1.436420842136362508e-01,2.149440671106162881e+00,-8.423537496458596285e-01,-3.341764704910782369e-02,4.592264854531440121e-02,9.949966779016676532e-02,4.775318047307930969e-01,-4.451680566703630215e-01,4.163349252398388933e-01,-4.066284116521216019e-01,8.315618527686953199e-01,-4.297171602637402804e-02,-1.139233247534034432e-01,2.369584401002382268e-01,-7.632267740774355547e-01,-6.113284742286357876e-01,4.899555293393807465e-01,1.014449392388910853e+00,-3.253877847087819492e-02,-1.220894401702081744e-01,-1.713634120243084646e-01
1.751556678917737600e-02,-1.393729597841492085e-01,4.796938365487493083e-01,-4.376965859192284702e-02,9.210314632388913458e-02,7.419255017387816897e-01,6.626822596792864006e-01,-1.380798483640939933e+00,-9.681406961757656193e-03,-4.635135515295538827e-02,2.015184313330668608e+00,-8.062410209440971087e-01,7.871968279749251562e-02,-1.404566392693238797e+00,-1.310608648945258137e-01,1.333196342291870229e-01,2.086093204452093453e+00,-8.245724633900872735e-01,-3.314296554949800605e-02,4.173182769544609566e-02,9.515257886360251049e-02,4.550593742132631458e-01,-4.426910676728313399e-01,4.061061538655013070e-01,-4.088377131114465102e-01,8.635480306429473840e-01,-2.457083565789690976e-02,-1.084248682573915046e-01,2.365002565523262323e-01,-7.396511754829558916e-01,-5.944273049395527586e-01,4.821263049225484321e-01,1.023959532114747217e+00,-3.383187134710071570e-02,-1.206466463731385580e-01,-1.750635839801758520e-01
1.706144852108802332e-02,-1.374557294804192864e-01,4.981128959361788566e-01,-4.470212329580271204e-02,8.864638776947203480e-02,7.447600515117620557e-01,6.599060567841985581e-01,-1.333626254160362068e+00,-9.002503416876687925e-03,-4.558902138374945623e-02,1.951927853564032089e+00,-7.891587415505056935e-01,8.195464651401518363e-02,-1.349664402606972624e+00,-1.427788002595284933e-01,1.183355463150986969e-01,2.019639772620215989e+00,-8.100087700290352632e-01,-3.602741318590708258e-02,3.687734322207970178e-02,9.126311948764079252e-02,4.310415035194415934e-01,-4.425350290833595657e-01,4.040021186842009393e-01,-4.222330538185554150e-01,8.914426725964884612e-01,-7.515321952363435663e-03,-1.075910796782641871e-01,2.214130468460215329e-01,-7.170411151489284318e-01,-5.825303789168521096e-01,4.750006129129072940e-01,1.027920959078248320e+00,-3.024570323283182552e-02,-1.242536853729966084e-01,-1.712450739111568421e-01
1.660497677895625412e-02,-1.351595456319177047e-01,5.211173922097740441e-01,-4.657651680698315227e-02,8.667530740765615194e-02,7.478801568655826237e-01,6.565007921812660019e-01,-1.281378323700854471e+00,-7.968792769028253120e-03,-4.214779428588977250e-02,1.870688561094042912e+00,-7.571877346953795884e-01,8.259740893541576978e-02,-1.288173245276018397e+00,-1.521410203907474779e-01,1.026988661297830036e-01,1.933994089335942856e+00,-7.872519682402953078e-01,-3.904702165061986474e-02,3.151709047900572852e-02,8.513171309169491330e-02,4.045249826168358376e-01,-4.291543619884923277e-01,4.008088536334183938e-01,-4.202265535388253204e-01,9.043031058932040622e-01,4.630505717319198869e-03,-1.028234717360339417e-01,2.175483580240870352e-01,-6.815954814330055234e-01,-5.668633252065127248e-01,4.619908976953949753e-01,1.024838983013907301e+00,-3.822695648932530194e-02,-1.185088867820745240e-01,-1.614109406933899038e-01
1.607825780760369777e-02,-1.326486750174616924e-01,5.408393423447546144e-01,-4.650485899421170216e-02,8.261116834174446477e-02,7.497218882840026577e-01,6.549273113735682994e-01,-1.225906629356484423e+00,-7.312212268213123811e-03,-4.338856526830238425e-02,1.798411378655428994e+00,-7.400898422756929662e-01,8.944443170807393761e-02,-1.230437147053940139e+00,-1.558949809395410724e-01,8.803835414563757067e-02,1.860243198419962773e+00,-7.596899606570050034e-01,-3.452780609110456256e-02,2.841519898025866159e-02,8.013049429991832284e-02,3.808446863228144852e-01,-4.176970144598943224e-01,3.929387449610278749e-01,-4.208258468726325807e-01,9.215762215835657800e-01,1.147304395213606318e-02,-9.951373483814204834e-02,2.169097348487184218e-01,-6.553724090865720164e-01,-5.508749490422744088e-01,4.472503004036040286e-01,1.021404107594698463e+00,-3.054799991238420220e-02,-1.199750028718645362e-01,-1.661957155410731801e-01
1.548280310399928299e-02,-1.298609279498994795e-01,5.602000900527622784e-01,-4.659378864237922330e-02,7.838307346408845966e-02,7.514286895577567682e-01,6.534830044949802019e-01,-1.171029960054869701e+00,-5.979011640741868638e-03,-4.556354765563166292e-02,1.726120474478811451e+00,-7.211065199194216513e-01,9.344490498978122450e-02,-1.172356867327085439e+00,-1.590615230316942963e-01,7.161240495690981978e-02,1.784233726556113009e+00,-7.342693740671513147e-01,-3.422578437995558304e-02,2.720510776450661000e-02,7.453220547833444565e-02,3.586443281380583548e-01,-4.070063847371254706e-01,3.889340417449592135e-01,-4.239174890861047151e-01,9.320048519443536739e-01,2.350314972997586196e-02,-9.716545895785239084e-02,2.132655364406436660e-01,-6.314171049425435500e-01,-5.388661270067479636e-01,4.372894205006820911e-01,1.019498404077468390e+00,-3.076815799991012429e-02,-1.160825782712226750e-01,-1.660290123422266950e-01
1.489451096481390902e-02,-1.265841209772249343e-01,5.791889881450533739e-01,-4.657143060373554466e-02,7.348830439121897817e-02,7.527370555271869490e-01,6.525469302705261265e-01,-1.114684822367205230e+00,-4.078981526088045276e-03,-4.978296433593702719e-02,1.653830391014671886e+00,-7.024551910084592121e-01,1.018380952059833588e-01,-1.113940515145766641e+00,-1.589754680144078725e-01,5.486540089600399489e-02,1.707563627387341354e+00,-7.040186308701751328e-01,-2.862889918051541790e-02,2.621490128192405580e-02,6.787451003302974462e-02,3.367473998789284328e-01,-3.951917392896620584e-01,3.806408575300008201e-01,-4.250851220444590295e-01,9.428056236125212930e-01,3.223068587904386051e-02,-9.219323383047738074e-02,2.130515609601015270e-01,-6.087413479477199463e-01,-5.268438507609642940e-01,4.256527200612542083e-01,1.013719951289516974e+00,-2.926963174382851696e-02,-1.128088995544551526e-01,-1.700235415848651011e-01
1.426177330337292590e-02,-1.228180782777821417e-01,5.969943922096668798e-01,-4.540246051122362458e-02,6.930481807007116135e-02,7.533100309815348172e-01,6.524258241320630702e-01,-1.057771338272469386e+00,-2.222903438870705434e-03,-5.225128138456304472e-02,1.582781676560295780e+00,-6.847371949250371514e-01,1.106723954797266540e-01,-1.058238173172113994e+00,-1.574729342904737928e-01,4.166000117296424221e-02,1.633896196984399918e+00,-6.739832297939772898e-01,-2.216235329258729042e-02,2.615027562878185358e-02,6.223334216431719579e-02,3.161339442405478595e-01,-3.853366537365668365e-01,3.735971230747388572e-01,-4.249391878277494206e-01,9.518970852120280934e-01,4.395610485083676494e-02,-8.793471911337423508e-02,2.118220479856325056e-01,-5.904586380962855152e-01,-5.170357182355236336e-01,4.183467465113109851e-01,1.003052936695896014e+00,-2.589035325962516995e-02,-1.116672514477596440e-01,-1.718398825862934298e-01
1.357098838020069122e-02,-1.184771058876764871e-01,6.151547369628936890e-01,-4.384135916489337315e-02,6.534214871593085894e-02,7.530559513859585996e-01,6.532343170026743140e-01,-9.959835756712691612e-01,3.276652038951314086e-03,-5.144143197446422733e-02,1.506231362919153050e+00,-6.692983605185331974e-01,1.137291354275746652e-01,-9.978423235795127466e-01,-1.545154976380739287e-01,2.819991001411520370e-02,1.552897990080499113e+00,-6.524136140656214833e-01,-1.943920620775165670e-02,2.446090369443987972e-02,5.664175706075117583e-02,2.980551730987719417e-01,-3.727071716275651703e-01,3.685896962932027066e-01,-4.217716906984549374e-01,9.596593222428595471e-01,5.358759998888732584e-02,-8.713083678698170520e-02,2.108177544659251001e-01,-5.719218463884307990e-01,-5.069568835148760000e-01,4.064228015065204924e-01,9.907708332839693099e-01,-1.797283911245341897e-02,-1.104182178218292149e-01,-1.749253026032316083e-01
1.277819549864374175e-02,-1.135489345871663336e-01,6.328455871210626471e-01,-4.178995871792917649e-02,6.112533143598177648e-02,7.513421628946881370e-01,6.557455661031406091e-01,-9.314820430955890185e-01,1.108804647522485497e-02,-4.969342657982891293e-02,1.428168287376822665e+00,-6.538104093365600944e-01,1.207563454305639467e-01,-9.381910002007831650e-01,-1.485469576530204783e-01,1.654025901606802698e-02,1.471960888631109299e+00,-6.245416656604031447e-01,-1.043651402583783798e-02,2.202933844051606707e-02,5.126844421822718267e-02,2.842476089744144785e-01,-3.563272183262721216e-01,3.682573384135297556e-01,-4.163360476313331948e-01,9.604781540217621760e-01,6.027993053558182435e-02,-8.500636434744002212e-02,2.141978780495517876e-01,-5.590869451587182626e-01,-4.982747889326276103e-01,3.987186733851444398e-01,9.802690184020266262e-01,-1.711684553766470995e-02,-1.073694063531925869e-01,-1.767608336945589720e-01
1.185902632055765502e-02,-1.079971848828914921e-01,6.499157857791540982e-01,-4.089347870559062459e-02,5.992226355324931780e-02,7.494905263675900597e-01,6.580281123289829504e-01,-8.736451830947670194e-01,1.303966255552654538e-02,-4.881529334075461468e-02,1.349496819134383907e+00,-6.309533493900975065e-01,1.227393605140455063e-01,-8.839871699564378904e-01,-1.439123672827070655e-01,8.121066184635372665e-03,1.389249210692190983e+00,-6.011468534763051430e-01,-4.069376479060535581e-03,2.223270385852228054e-02,4.612530011722160844e-02,2.687014436531070527e-01,-3.389195471931562009e-01,3.672227210386067031e-01,-4.088640274631297200e-01,9.620812780920368068e-01,6.924046767934600999e-02,-8.421286952251512414e-02,2.170818374292081410e-01,-5.439658713940724866e-01,-4.893547954709144276e-01,3.927072339680643953e-01,9.768613773612728757e-01,-2.093834370849475754e-02,-1.039807030317567160e-01,-1.787495735121067963e-01
1.076762938438215016e-02,-1.020430144884664769e-01,6.669005601074616818e-01,-3.918713332810939975e-02,5.692402628692109362e-02,7.469778771947575002e-01,6.612473627882580196e-01,-8.093587753320146128e-01,1.931449651783614940e-02,-4.570939526763036914e-02,1.266810872516701991e+00,-6.095591345646762527e-01,1.276411141022152085e-01,-8.239988467484571366e-01,-1.366459204365984281e-01,-2.526539791317047867e-04,1.301812968772241064e+00,-5.743907044427905007e-01,4.264409635139319865e-03,1.915876923536225657e-02,4.085956763438580719e-02,2.535833440136324723e-01,-3.180627265274979520e-01,3.639917858109752435e-01,-4.017316566247975951e-01,9.713437442915741071e-01,7.189091229921359960e-02,-8.287993450664501993e-02,2.104493983157058601e-01,-5.261109504758000321e-01,-4.799188103984076692e-01,3.875839330677863237e-01,9.600654177041955117e-01,-1.500421302445137731e-02,-1.036542592984368155e-01,-1.756618525631304939e-01
9.519532424778265334e-03,-9.566266705743614596e-02,6.861967404262875325e-01,-3.803074262254550753e-02,5.424834461821045201e-02,7.438372419512698785e-01,6.650691221279865228e-01,-7.358644140535350875e-01,2.225864272785563203e-02,-4.631957454649252709e-02,1.164085562613053071e+00,-5.824303889927392452e-01,1.339044136978490285e-01,-7.575787989344714424e-01,-1.259478810479326971e-01,-5.544851631943681358e-03,1.198357733653022006e+00,-5.352230479048656342e-01,1.494979170581280624e-02,1.813144462330297524e-02,3.656757745526600933e-02,2.389028077295039521e-01,-2.972878318736252856e-01,3.614428239807756515e-01,-3.925371443199324739e-01,9.815641110469414121e-01,7.659025602856389670e-02,-8.139903187315419841e-02,2.057577634470749706e-01,-5.079541025287627187e-01,-4.738509368648223807e-01,3.864868413920761192e-01,9.533699313069797787e-01,-1.625501348068179863e-02,-9.853572440790583920e-02,-1.689059509606231635e-01
8.167331534435514837e-03,-8.916511320906932159e-02,7.027682488934557936e-01,-3.673388922873217777e-02,5.156604082106860248e-02,7.406375110655428751e-01,6.689152726757030543e-01,-6.669944617206841064e-01,2.777772006831722221e-02,-4.192237892857051534e-02,1.069815902578457933e+00,-5.556971659344889236e-01,1.355520951982707445e-01,-6.951320217312806360e-01,-1.159308306371304997e-01,-8.600474741706234938e-03,1.102162428039495712e+00,-4.996784651040843683e-01,2.448526112054650108e-02,1.514274421002362314e-02,3.260397452411747249e-02,2.268600644751159745e-01,-2.767321397410166250e-01,3.583310760048296073e-01,-3.888788021995729371e-01,9.991540003356124133e-01,7.936171396123546662e-02,-8.083979667783047773e-02,1.936346487372587466e-01,-4.888654461499631343e-01,-4.664090172441633930e-01,3.866259160102924475e-01,9.453505324350247596e-01,-1.248826884649284139e-02,-9.534452993046070579e-02,-1.623194846291632354e-01
6.797628936807340039e-03,-8.269798936002406564e-02,7.185780881845230672e-01,-3.446891969584479215e-02,4.804443817437751424e-02,7.382301216155536805e-01,6.719523145841496126e-01,-5.938878098610113065e-01,3.197018251491670626e-02,-3.692762065422955375e-02,9.701154082045064797e-01,-5.270060939756132656e-01,1.341543341904007092e-01,-6.281033513810653224e-01,-1.079827797283799684e-01,-1.230248798370039975e-02,1.002970718580248777e+00,-4.638916207328571684e-01,3.330169919639161535e-02,1.340627011138489227e-02,2.927295719182314640e-02,2.152122476870507173e-01,-2.567758978129866532e-01,3.531922174374185208e-01,-3.807262672704519457e-01,1.020794993967156783e+00,7.558212741614291075e-02,-7.987955805784265062e-02,1.854094513163575542e-01,-4.681973705131823871e-01,-4.607941253012430294e-01,3.865521986469350746e-01,9.330081188981941276e-01,-7.562534386306613531e-03,-9.417184224219773969e-02,-1.547980945392516683e-01
5.449570674573774379e-03,-7.638805128283458756e-02,7.321348818684868531e-01,-3.151746985042249566e-02,4.478019926072610707e-02,7.357293731005906112e-01,6.750582733404654201e-01,-5.254427025976318166e-01,3.440597146138235640e-02,-3.111051254828375856e-02,8.778537169376597893e-01,-4.944236537096394768e-01,1.306194829396122303e-01,-5.656911796907275747e-01,-1.011619356427746474e-01,-1.343516905260839361e-02,9.126746176744123806e-01,-4.288491157233372819e-01,3.956242651916822006e-02,1.103642499481215407e-02,2.882170191908645443e-02,2.041504985835894959e-01,-2.355317735890544717e-01,3.519568468012276852e-01,-3.784892045474257394e-01,1.033173589113402402e+00,7.653360798056096925e-02,-8.105327693559119528e-02,1.788399655822089651e-01,-4.486381427399662170e-01,-4.565632774221963230e-01,3.912537356106173814e-01,9.279255195278528490e-01,-6.528253440763753107e-03,-9.177651664844345414e-02,-1.442206765241276500e-01
4.170649390530932477e-03,-7.035794176905808828e-02,7.444763763496576869e-01,-2.812079273364665594e-02,4.169730103856936904e-02,7.333403292556002206e-01,6.779989067759765176e-01,-4.585046428974461352e-01,3.570317821932251362e-02,-2.458868580376611518e-02,7.854635250624896203e-01,-4.573431434675979124e-01,1.232038328303923097e-01,-5.014514099556094395e-01,-9.633340597242252834e-02,-1.586990420977154453e-02,8.186900036102716660e-01,-3.974992575198778577e-01,4.422364865911103393e-02,9.101679314427462905e-03,2.708295874413285675e-02,1.917049674866769526e-01,-2.166103704377814188e-01,3.485886694062032554e-01,-3.773401471233385762e-01,1.053590939076744837e+00,7.515537004228965701e-02,-8.240076851583374995e-02,1.705130238541205101e-01,-4.267309033525429895e-01,-4.510463145776708593e-01,3.953813873471744844e-01,9.244641782100003757e-01,-1.548761290478267803e-03,-9.198717113139184831e-02,-1.317703193702395581e-01
2.966797728238714741e-03,-6.465936691590633278e-02,7.544630511983948518e-01,-2.509985121944957251e-02,3.866382925740213805e-02,7.319790289721075371e-01,6.797659942369633779e-01,-3.998526975061786892e-01,3.524219664967680188e-02,-2.076226396360567050e-02,7.044392525118660098e-01,-4.215883100736926847e-01,1.141299492061466636e-01,-4.424723264790819122e-01,-9.116485718765657276e-02,-1.645727910379699011e-02,7.341628124367964858e-01,-3.696903926970869780e-01,4.782019629689773094e-02,8.095764818809565375e-03,2.505381415617000812e-02,1.797047529962138013e-01,-1.993705016741895431e-01,3.466591740838452229e-01,-3.742323801006559036e-01,1.064460458688353039e+00,7.287269304734249331e-02,-8.464092847428177080e-02,1.628523454245176527e-01,-4.002051556684507738e-01,-4.442791296891798192e-01,3.944498328709872825e-01,9.269937692532577156e-01,1.904157708594186003e-03,-9.182836404858626955e-02,-1.200568684971806410e-01
1.771922436134929380e-03,-5.930731596299716052e-02,7.638610310341253928e-01,-2.140428087272346069e-02,3.568034540305202451e-02,7.300176130707403122e-01,6.821605781036752525e-01,-3.379641941807154382e-01,3.448196151791013686e-02,-1.538478454546884922e-02,6.161528837793062152e-01,-3.827242828750901937e-01,1.053497377235468047e-01,-3.823273376607502771e-01,-8.661545587355495845e-02,-1.551751261427996437e-02,6.467977425069499908e-01,-3.384610935543956312e-01,5.089325951715836099e-02,6.248579036746902161e-03,2.286709426778739049e-02,1.628316249470634358e-01,-1.808262695566075495e-01,3.433813315696512269e-01,-3.738291325434825452e-01,1.079916769948282784e+00,6.742364789605224951e-02,-8.676952745893942720e-02,1.548384362811816573e-01,-3.719664584319122835e-01,-4.356643745902800680e-01,3.971194264712907263e-01,9.332751848379985393e-01,9.181983851045457529e-03,-9.268289054283981865e-02,-1.057008355394550431e-01
5.885729515021986347e-04,-5.431348894311325420e-02,7.707658621282752476e-01,-1.759106748263552719e-02,3.255881042248246621e-02,7.287386923711035580e-01,6.837911936036829008e-01,-2.840959897809602341e-01,3.365649519650761035e-02,-8.830020619679426752e-03,5.428529894097260389e-01,-3.501146330221761027e-01,9.711026595140165307e-02,-3.293379606629183720e-01,-8.389486234117277119e-02,-1.558515134210620989e-02,5.749676703163930647e-01,-3.129744675477830196e-01,5.523775002799084788e-02,5.987113917641411279e-03,1.888268128682853847e-02,1.489257473356090655e-01,-1.642700298352035571e-01,3.392170596430537644e-01,-3.726416349336636458e-01,1.089337488662553977e+00,6.376206913561235923e-02,-9.080376973710906074e-02,1.482453687547697074e-01,-3.407732561277476147e-01,-4.274395500030699901e-01,3.984408445310406166e-01,9.385229153596502671e-01,1.380479847138529892e-02,-9.460918829870797186e-02,-9.336455010971574098e-02
-6.287687172927673186e-04,-4.963746215551283203e-02,7.769514617840616033e-01,-1.446468516347309413e-02,3.021666983248787880e-02,7.269640940399066942e-01,6.858578072196124253e-01,-2.320223449034702345e-01,3.231089388395352174e-02,-2.127430993417361860e-03,4.678253443735818640e-01,-3.170538786845860102e-01,8.943656172369651713e-02,-2.795418010052093671e-01,-8.075163944413993322e-02,-1.249500377921803490e-02,5.032288161595352971e-01,-2.855523991451673904e-01,6.029368041910548870e-02,6.589391521424041963e-03,1.443698321193474798e-02,1.314875849058849133e-01,-1.475999340145361105e-01,3.344406047586831465e-01,-3.688568980357888050e-01,1.097529279916101830e+00,6.457159733382324129e-02,-9.568668582025424696e-02,1.419978759117505041e-01,-3.081705098545677313e-01,-4.180954547280300027e-01,3.974192207992867654e-01,9.454660134473191757e-01,1.511258552701656363e-02,-9.644343317637889268e-02,-8.176086180247703339e-02
-1.859606153725859926e-03,-4.528685516735982824e-02,7.815020320824423994e-01,-1.143620581496781856e-02,2.763185141379172899e-02,7.255300666262509690e-01,6.875404107434799350e-01,-1.857205206297118383e-01,3.100968514685840949e-02,4.161099361709497124e-03,4.040325664022625385e-01,-2.895907355710010678e-01,8.205756902326827307e-02,-2.330720720343242569e-01,-7.852294570792037187e-02,-1.097694299533379797e-02,4.387178023419266992e-01,-2.638257035728618360e-01,6.517135733508692963e-02,6.895202734820471413e-03,1.001163615042540388e-02,1.134455223218311798e-01,-1.307886009027982854e-01,3.307705639056636171e-01,-3.658787038790201618e-01,1.103740682943971096e+00,6.935465590545374093e-02,-1.018352516479189285e-01,1.392122663912496450e-01,-2.770407757163516060e-01,-4.102011193655417665e-01,3.971337121176856666e-01,9.502985616779975331e-01,9.655146300302230866e-03,-9.915588182691008334e-02,-7.148836874942564312e-02
-3.119685807019085752e-03,-4.128282237977116964e-02,7.846546815606697534e-01,-9.517788784271017169e-03,2.573592068151491288e-02,7.234739200418264238e-01,6.898061764747013269e-01,-1.466650317025565142e-01,3.048702740282237950e-02,1.164386824466859260e-02,3.495962218236411401e-01,-2.696734390044497331e-01,7.740120512418126320e-02,-1.947517547031252239e-01,-7.643185944229211048e-02,-9.783605496089670117e-03,3.838736842484269940e-01,-2.466678720498627353e-01,7.176665059501115274e-02,6.012482556092944679e-03,6.534445660666084177e-03,9.427860897005342633e-02,-1.135999687484273157e-01,3.257427261978881328e-01,-3.628097671479674213e-01,1.112355350286536648e+00,7.063364344877424983e-02,-1.065780015437637063e-01,1.352848642617874020e-01,-2.461479095584255816e-01,-4.011715199861681236e-01,3.961620648563833336e-01,9.569239332166752376e-01,6.736547642533851493e-03,-1.015924880661465413e-01,-6.581788187530361600e-02
-4.331646739540205744e-03,-3.761615564485387697e-02,7.864882600480560537e-01,-7.910595720788256638e-03,2.444901609818339594e-02,7.222401496107345720e-01,6.911648387884311573e-01,-1.142592970391631962e-01,2.851694691312346014e-02,1.628550301803351197e-02,3.044681763850277112e-01,-2.567552612041779647e-01,7.397519622290167629e-02,-1.626281896218546297e-01,-7.591867994938347741e-02,-8.910159431663865204e-03,3.391569294740982565e-01,-2.376174079524638327e-01,7.479005306510125295e-02,4.621563857210449731e-03,4.115803034596072010e-03,7.803477369390039720e-02,-9.939571191475855827e-02,3.211294606081985248e-01,-3.572639304002392380e-01,1.117977767419473745e+00,7.168606761659282456e-02,-1.104645023806393178e-01,1.340136110634366218e-01,-2.186737729773870209e-01,-3.943659189650743913e-01,3.956742755780055520e-01,9.609579125223566276e-01,3.686664094567721362e-03,-1.045716531776011426e-01,-5.827880087396523218e-02
-5.482170673332499751e-03,-3.438010215940395103e-02,7.873945884383563021e-01,-6.377096315388976720e-03,2.319748562704307404e-02,7.209683408869810295e-01,6.925502586396473648e-01,-8.933292696777876685e-02,2.636481444090119086e-02,1.845088573258368836e-02,2.732624202354704268e-01,-2.499560930631444244e-01,7.340383147141193998e-02,-1.381589042492122887e-01,-7.603594075568201327e-02,-8.385327498365846566e-03,3.084196195234177318e-01,-2.338304579609357670e-01,7.672793621394154162e-02,3.585661679107788637e-03,6.735816610169433581e-04,6.561223655016862333e-02,-8.847198923131185944e-02,3.178701616535874463e-01,-3.522811463616297711e-01,1.121129406038799292e+00,7.139729426989104011e-02,-1.139754582209669687e-01,1.307273665654059558e-01,-1.940340205225494774e-01,-3.886155901557458714e-01,3.952023356626486739e-01,9.629583609934182498e-01,-1.263906384262288626e-03,-1.059829462914682607e-01,-5.208710852218345622e-02
-6.530930522349999955e-03,-3.159199308614886459e-02,7.879947056548631812e-01,-5.003115269223108036e-03,2.177153937658314609e-02,7.202722185111964937e-01,6.933317388896435007e-01,-6.609303389763220016e-02,2.489494254233125953e-02,2.104489683463132282e-02,2.438544611706833509e-01,-2.449123867051157810e-01,7.469967537421738635e-02,-1.160110285720466206e-01,-7.627087616754006649e-02,-8.799262267286028782e-03,2.814971285187725103e-01,-2.309724611093366686e-01,7.795281379558868795e-02,1.570356382552009350e-03,-2.526707772606578105e-03,5.426295765548926064e-02,-7.983435189823995248e-02,3.145625270592452005e-01,-3.469169587998791049e-01,1.124157083611267760e+00,7.104289098003530034e-02,-1.162795929340173368e-01,1.283487761993866716e-01,-1.702720288336159460e-01,-3.824703322941061523e-01,3.934402626964799143e-01,9.686562471034708688e-01,-7.859708376734716312e-03,-1.069741584568492110e-01,-4.523024411210738865e-02
-7.484506979387876499e-03,-2.925220506128207304e-02,7.883911121749483941e-01,-3.498294114092098065e-03,2.012770484635147822e-02,7.192955822128629384e-01,6.944037030755012552e-01,-4.596507472361162361e-02,2.402409188307388574e-02,2.387778205004348342e-02,2.209802549308720887e-01,-2.410013528225292967e-01,7.478290203269710723e-02,-9.737825052822512983e-02,-7.623851982226531598e-02,-8.244539908872208778e-03,2.607549633580161785e-01,-2.283010861901880739e-01,7.851784837228104053e-02,-7.993056152605284431e-04,-4.435801901239668464e-03,4.359187726372729110e-02,-7.342645398449840211e-02,3.101532923754272697e-01,-3.436190581745315331e-01,1.129040827988575080e+00,7.451962485553037530e-02,-1.189808738157406426e-01,1.281620962947361275e-01,-1.503156418836711361e-01,-3.752978018948819328e-01,3.934729222858093789e-01,9.793276947803888355e-01,-1.530425691129087828e-02,-1.068193361609753589e-01,-4.230484642586380961e-02
-8.325823831153640261e-03,-2.735590317769209801e-02,7.888479831006530718e-01,-2.072156262110224495e-03,1.854200598333990285e-02,7.185102431775672871e-01,6.952660862083330784e-01,-2.758619288758110827e-02,2.330701649776589085e-02,2.673133130497532678e-02,1.995754336451697752e-01,-2.355370873527453945e-01,7.510382983984324745e-02,-7.999299496487979888e-02,-7.645629501011109996e-02,-8.894312644299677550e-03,2.407198733300677240e-01,-2.239585417111088217e-01,7.900931254519955038e-02,-2.964790677111772167e-03,-6.034350976566967006e-03,3.332119495121216302e-02,-6.886359882744588767e-02,3.047820802584955691e-01,-3.435936738525621204e-01,1.134883540915537337e+00,7.886011144733602596e-02,-1.224194591903577933e-01,1.272540741716988444e-01,-1.329692548951356135e-01,-3.673969823125786127e-01,3.959540547799984544e-01,9.955311250245417742e-01,-2.346150069836268337e-02,-1.066902569170140314e-01,-4.032768086203361579e-02
-9.071469604146498861e-03,-2.585959811430750196e-02,7.892012554896797871e-01,-1.120704382405641368e-03,1.743285707385486272e-02,7.175268563004546518e-01,6.963117477132765298e-01,-1.286644598678951187e-02,2.264192823930566423e-02,2.898884466458934855e-02,1.815821284481300979e-01,-2.305963038044880897e-01,7.523596209444842475e-02,-6.673639703109032761e-02,-7.661573167925854466e-02,-9.139305877758324703e-03,2.242746778661414975e-01,-2.193715931552469023e-01,8.106664796444175425e-02,-4.641947351823500455e-03,-6.761587137033247055e-03,2.536651060892010021e-02,-6.559685136983037235e-02,2.984000940937029389e-01,-3.442426220498484568e-01,1.143171453202683985e+00,8.127933746479866495e-02,-1.249949110187748291e-01,1.250536388952074862e-01,-1.201663161759030235e-01,-3.591972209341059985e-01,3.950190909361488423e-01,1.013759843839861174e+00,-2.676392339136482793e-02,-1.059779245127839969e-01,-3.874073709219939821e-02
-9.720517599688074939e-03,-2.472827957165242563e-02,7.893686628719427389e-01,-1.254693752482378792e-04,1.627978758965056838e-02,7.168354426346869035e-01,6.970522942765523533e-01,-8.535298235612907847e-05,2.207920139651458474e-02,3.068746710481257134e-02,1.663555398903435456e-01,-2.266840303734561357e-01,7.421086622440392633e-02,-5.570510378134294061e-02,-7.682684844775843069e-02,-9.517444586278726859e-03,2.117450813851765035e-01,-2.162599537911079894e-01,8.127909506625616287e-02,-5.877327105169566530e-03,-6.824301848418342156e-03,1.937211885267574318e-02,-6.314316549591456051e-02,2.923659959304319433e-01,-3.441538175402936717e-01,1.149756599264812218e+00,8.133012997890506912e-02,-1.265756854888265559e-01,1.230487181096854288e-01,-1.102405119801126987e-01,-3.524233272525034155e-01,3.952329971245950313e-01,1.030534601514681015e+00,-2.982507149273705069e-02,-1.045960676306633419e-01,-3.722560237501855440e-02
-1.027438016527778067e-02,-2.391822245767099772e-02,7.896987633951496610e-01,1.941153801941100480e-04,1.541648387403042608e-02,7.161753427348129808e-01,6.977500790418122989e-01,1.030707251366232841e-02,2.260613682306329350e-02,3.496912839134305034e-02,1.521144219683671084e-01,-2.215407049002230955e-01,7.201440209503338907e-02,-4.709414082272653235e-02,-7.635969261734007474e-02,-1.005967662792033035e-02,1.999462771570801600e-01,-2.108010715533357171e-01,8.470896216569380466e-02,-6.803563367318184868e-03,-7.518430811865465038e-03,1.453894258325652555e-02,-5.973662372879774002e-02,2.875673964286972195e-01,-3.464866400198930996e-01,1.152764580465514666e+00,8.046254309987783959e-02,-1.277142419626239866e-01,1.185242294544490427e-01,-1.031966325156944142e-01,-3.462708516364513267e-01,3.950246132174708436e-01,1.044884141953792200e+00,-3.040565995934640248e-02,-1.023727898135842057e-01,-3.251071843453642862e-02
-1.073112048136182738e-02,-2.339789869450911372e-02,7.899942398225757723e-01,1.628467382750378029e-04,1.436468486414985840e-02,7.158288938169824478e-01,6.981279424908087838e-01,1.926781700078187415e-02,2.393115253537203557e-02,3.787519253045430745e-02,1.388273872945909593e-01,-2.173165183732153893e-01,7.159442236533695991e-02,-3.949828237515971840e-02,-7.452445952592696987e-02,-8.290922928099964118e-03,1.887771396344140318e-01,-2.049286580888039500e-01,8.474223776516764950e-02,-8.686433229678767673e-03,-7.804504450467566329e-03,1.010697097078541370e-02,-5.735170345718079016e-02,2.825224216916497055e-01,-3.462453745977663866e-01,1.156173290552586996e+00,7.902487088266546555e-02,-1.274623671241319478e-01,1.148650387605543166e-01,-9.613533538988684735e-02,-3.417506257932542701e-01,3.954743293709826468e-01,1.055604416064460205e+00,-3.446748243374133519e-02,-9.933241967866346389e-02,-3.037114850098143054e-02
-1.107130680831707251e-02,-2.311246617252963806e-02,7.902821577532761488e-01,4.677023925830784204e-05,1.371564219014891062e-02,7.153627090272572930e-01,6.986186896333659302e-01,2.598911407538371035e-02,2.487029417708263787e-02,4.060614703547947568e-02,1.280240067514707147e-01,-2.128437092776693795e-01,7.034852756475248881e-02,-3.366881402548396740e-02,-7.324561811861346472e-02,-7.442364814928111028e-03,1.789331849603423841e-01,-1.996710079141014171e-01,8.574302175084107247e-02,-1.006537877794845895e-02,-8.182343607964045334e-03,7.013759698971097634e-03,-5.448376798248381891e-02,2.785944776436739545e-01,-3.442204927682303572e-01,1.156966867061938187e+00,7.443262037903469741e-02,-1.264055431060611967e-01,1.099780449786622455e-01,-9.054065788406026605e-02,-3.384169990066905886e-01,3.973391432829179726e-01,1.062640062791343043e+00,-3.537734881361359607e-02,-9.704777058679943391e-02,-2.572860531131528766e-02
-1.128922494834410858e-02,-2.302041093633547600e-02,7.905855008794561156e-01,-1.539571921241964653e-04,1.335640547765423042e-02,7.149663730098105852e-01,6.990312354931625949e-01,3.070181626544108214e-02,2.564002438120294158e-02,4.311652170350548791e-02,1.193413996959049872e-01,-2.080052325637573030e-01,6.905456753416974736e-02,-2.981876323512238844e-02,-7.237528440035957689e-02,-7.542767579713373360e-03,1.713170255645451168e-01,-1.943734631871664176e-01,8.694750821280047837e-02,-1.112370065652430393e-02,-8.532560936952159752e-03,4.397427298266361889e-03,-5.192185659492618705e-02,2.762523102932780139e-01,-3.428361891141610274e-01,1.156276905184278503e+00,6.902557606252188172e-02,-1.268505585721675932e-01,1.035470051270069441e-01,-8.555772792263637017e-02,-3.362992770665357289e-01,3.991035211439148411e-01,1.065485534399329470e+00,-3.599888224128959535e-02,-9.592296585805454301e-02,-2.256900596879925572e-02
-1.139250482686031407e-02,-2.306435251487970808e-02,7.907249530339685029e-01,1.090889215412771222e-04,1.318552576851967501e-02,7.144649200847772441e-01,6.995470019791876215e-01,3.432076530910187218e-02,2.539779289418891625e-02,4.406666887274370004e-02,1.133655603068000062e-01,-2.044392396395612321e-01,6.773974102322712076e-02,-2.734464664413254267e-02,-7.232020196862767869e-02,-6.931611187726637036e-03,1.669077242599894539e-01,-1.919733042206378804e-01,8.480311816203806030e-02,-1.200047283439822920e-02,-8.143217690110424872e-03,2.618466247435363714e-03,-4.989885144383878618e-02,2.748251600490893010e-01,-3.435984098375247098e-01,1.156723628300148743e+00,6.636558743156226181e-02,-1.278947113507350464e-01,9.973843059773077058e-02,-8.212177483432192560e-02,-3.341105702130782173e-01,3.996570016300922124e-01,1.068314085051771389e+00,-3.463855831820148584e-02,-9.543429878166141689e-02,-2.147653039109822040e-02
-1.138894119037941327e-02,-2.323136867058853139e-02,7.909403187033106075e-01,1.345031306972123940e-04,1.289772233955747451e-02,7.142080898956610913e-01,6.998145718652568625e-01,3.671522463426703242e-02,2.593403566044486658e-02,4.520460212607083084e-02,1.089194133967721634e-01,-2.011285730233456082e-01,6.666820073757027953e-02,-2.600155146924150451e-02,-7.141292074382939170e-02,-5.250274987804219584e-03,1.641733700713240984e-01,-1.888441168845010343e-01,8.310427588324094395e-02,-1.345523821262363182e-02,-8.152419912289507117e-03,6.559307475505239682e-04,-4.819279141389019167e-02,2.744733752865982646e-01,-3.445411449660858993e-01,1.156694726154870567e+00,6.647150044474003927e-02,-1.278981709191990557e-01,9.720494180443331467e-02,-7.994997188488160711e-02,-3.317774772297619745e-01,3.996190417159360964e-01,1.071039823267053714e+00,-3.431031015366841491e-02,-9.459150052127747454e-02,-2.201455793361552921e-02
-1.130917435657649399e-02,-2.346263155416187032e-02,7.911504414196042223e-01,-8.911941700982719400e-05,1.290731431813491557e-02,7.138916858577414315e-01,7.001371681020900350e-01,3.796647909552736816e-02,2.651755855571013426e-02,4.658351852326586551e-02,1.049270233664566093e-01,-1.977843529323238814e-01,6.598246307834434998e-02,-2.590545474936449891e-02,-7.068893262091030527e-02,-4.862933562038297686e-03,1.619257038208244404e-01,-1.856825590870256337e-01,8.192453221319333234e-02,-1.428973421196638206e-02,-8.310163774695091682e-03,-3.227531277728880321e-04,-4.711721880625926312e-02,2.743835922924494630e-01,-3.453199606485601869e-01,1.155965369354695405e+00,6.471867381305443367e-02,-1.280970948216875460e-01,9.575572911977879575e-02,-7.819236148517308416e-02,-3.306512496201944318e-01,4.008567037182617643e-01,1.071221109151491824e+00,-3.365047996470942049e-02,-9.431279880172803443e-02,-2.155564756722406355e-02
-1.117609500339320286e-02,-2.373036704286919998e-02,7.912119368968368871e-01,-4.701229370703921030e-04,1.307306868014528924e-02,7.138925883993534338e-01,7.001330202812744430e-01,3.901992450980607680e-02,2.713864009055022564e-02,4.816293600506315470e-02,1.001108865145161481e-01,-1.957231026648313388e-01,6.429762988757689590e-02,-2.614800740177171401e-02,-7.010585900740570753e-02,-5.093711620784348304e-03,1.596742668420029765e-01,-1.837903048142982276e-01,8.201025342939569085e-02,-1.554042472942162960e-02,-8.180942360671758160e-03,8.335674927884700880e-05,-4.659937064671583473e-02,2.747497204216813871e-01,-3.450770896566404122e-01,1.154321688809517354e+00,6.286986885293108229e-02,-1.278463286586325742e-01,9.554115031185833606e-02,-7.633897810239673176e-02,-3.309517148587604596e-01,4.021128112743663219e-01,1.067488366226835739e+00,-3.209922256822163311e-02,-9.454560996380775850e-02,-2.152957009360969426e-02
-1.101204871091091518e-02,-2.399359379261859979e-02,7.912381142401546663e-01,-3.203690376329662234e-04,1.321477148930895289e-02,7.139778574652158039e-01,7.000434888116201515e-01,3.968257548965129639e-02,2.687008325343509529e-02,4.857295623800216011e-02,9.769963746429019547e-02,-1.938242133837788372e-01,6.372421895660407287e-02,-2.643767123619150672e-02,-7.052611297535660295e-02,-6.282252380707183115e-03,1.595417820562211597e-01,-1.833251784567647147e-01,8.095725841043134585e-02,-1.583287719148957981e-02,-8.163732098285279154e-03,3.074032158194781039e-04,-4.707567029185026619e-02,2.747006204500731519e-01,-3.451903348935309035e-01,1.154512766445336736e+00,6.029064550087824548e-02,-1.277944684134476871e-01,9.489349079762428307e-02,-7.478388240543951127e-02,-3.310644779368387969e-01,4.028066721697889374e-01,1.065307093300351893e+00,-3.022080084577448422e-02,-9.542582556321574372e-02,-2.073006835343449081e-02
-1.083806070457454460e-02,-2.425100975694757452e-02,7.912973702015363431e-01,-6.220535449494228424e-04,1.347492569414806586e-02,7.142648731919111205e-01,6.997454754059274640e-01,3.835080783376493968e-02,2.721911854597309013e-02,4.894857847007300783e-02,9.740506479598229350e-02,-1.927978630221462153e-01,6.205141249614197496e-02,-2.724191116030888829e-02,-7.020274549541177800e-02,-6.160071799506269818e-03,1.587600341363928913e-01,-1.822505402025963728e-01,8.044034541284518502e-02,-1.717049255432235091e-02,-7.873690738447331958e-03,3.662849949496727042e-04,-4.739977637863602294e-02,2.746026391308103443e-01,-3.455776804203979369e-01,1.155176960152861199e+00,6.008309763835219253e-02,-1.267683395172794214e-01,9.705555513356076136e-02,-7.354418891803023162e-02,-3.310576121934296068e-01,4.026911018417862476e-01,1.063349943679963827e+00,-2.800546801767133526e-02,-9.539391119560870769e-02,-2.101986609680825055e-02
-1.066473529151300802e-02,-2.449940239141484843e-02,7.913525533420875391e-01,-1.004718339224453146e-03,1.364897725422745643e-02,7.143895281418776166e-01,6.996143923921215313e-01,3.794729094011743686e-02,2.777987410117084902e-02,4.930279081240745293e-02,9.548960712324350286e-02,-1.917928467207624110e-01,6.164292073387449278e-02,-2.708120862463639020e-02,-6.947850111226434866e-02,-5.519934653679718639e-03,1.557779995141199414e-01,-1.804743649458391275e-01,8.049504280923448774e-02,-1.816218354053705103e-02,-8.203462522618850880e-03,5.649294546762433089e-04,-4.711364710017339891e-02,2.745988491015641797e-01,-3.434910148040472566e-01,1.154261751753623333e+00,5.752355372820188578e-02,-1.259044650901441076e-01,9.868253235542188972e-02,-7.206252553614361789e-02,-3.315071431236123467e-01,4.032729346894877165e-01,1.059755151019896147e+00,-2.703613097674449975e-02,-9.557762460565834284e-02,-2.207218160178492025e-02
-1.048994875791536656e-02,-2.472491625600247225e-02,7.914460853447921052e-01,-1.067584948186900201e-03,1.383645580443122400e-02,7.143470497081200188e-01,6.996539897166700328e-01,3.789106737634075073e-02,2.780666387318501617e-02,4.929901744854922607e-02,9.391907455033511598e-02,-1.896284291088363994e-01,6.064053927935416505e-02,-2.661612859719624316e-02,-6.938176813051247227e-02,-5.708385240430567664e-03,1.532059052191475090e-01,-1.789451713446133796e-01,7.986427736378218234e-02,-1.875998167390896879e-02,-7.950448257264281643e-03,6.793981584152612718e-04,-4.741820859259467114e-02,2.741590791361442347e-01,-3.431655815487132943e-01,1.154966228473734535e+00,5.720580277433116173e-02,-1.257778645260610728e-01,9.917049584841519660e-02,-7.156936856918190426e-02,-3.316736333939376835e-01,4.041934655844527380e-01,1.058025268016380860e+00,-2.697398234846529880e-02,-9.569120545339522554e-02,-2.232181985207413316e-02
-1.029048695966045673e-02,-2.491953579348422584e-02,7.914508406031062204e-01,-8.683608332893306449e-04,1.379876215858522916e-02,7.148334905515820736e-01,6.991580085346905671e-01,3.760061308281847925e-02,2.769426770891553549e-02,4.867908734532173931e-02,9.408358140120534618e-02,-1.890732765521918046e-01,6.088927253283057256e-02,-2.557753269165151735e-02,-6.946011206047177089e-02,-5.837077656432050621e-03,1.516712233832511192e-01,-1.784886309575374197e-01,7.903279045274495818e-02,-1.859198544733238131e-02,-8.034457649899601206e-03,9.141704659308795555e-04,-4.739744422529581364e-02,2.745175493819133061e-01,-3.435387219643172840e-01,1.153387136718135864e+00,5.746812971130356440e-02,-1.257346914139714500e-01,1.000744756912362310e-01,-7.081537950363162026e-02,-3.313015765616908470e-01,4.038144063843925879e-01,1.058826741328490861e+00,-2.626934490492207480e-02,-9.610684073207974298e-02,-2.385869727241191063e-02
-1.007651090282172049e-02,-2.508124488329848897e-02,7.914877032041364169e-01,-8.103101967620444414e-04,1.389000850618212282e-02,7.151426867496699646e-01,6.988400021818628183e-01,3.700724693682440336e-02,2.775491486959128992e-02,4.883350337512488981e-02,9.435578261304372605e-02,-1.884367579162038453e-01,5.981410484664315130e-02,-2.530325522960895357e-02,-6.945020683522314109e-02,-5.838528064438845699e-03,1.507682332432440930e-01,-1.777063448361660136e-01,7.928472201334337000e-02,-1.818810734457199790e-02,-8.264383758178405620e-03,6.449828584985765889e-04,-4.795141873581049152e-02,2.747934607932058237e-01,-3.440712951223216520e-01,1.153965971519444356e+00,5.875333729378626885e-02,-1.262777093398788075e-01,1.006226931836531058e-01,-6.973301585391811219e-02,-3.305559436713551569e-01,4.037869022102609229e-01,1.059153366538746477e+00,-2.616030393122501657e-02,-9.654730800561800441e-02,-2.606450258379381171e-02
-9.835971585602867190e-03,-2.521934194329931642e-02,7.915504096966269332e-01,-9.917764370570361643e-04,1.378742112075826906e-02,7.157292293610542089e-01,6.982410712902588079e-01,3.756502733635440350e-02,2.820377157975994045e-02,4.661331216430875113e-02,9.155739591282729961e-02,-1.869391320347661423e-01,6.029643052204884668e-02,-2.195688563928996709e-02,-6.855938089493121557e-02,-5.222094951253773709e-03,1.436881549516078604e-01,-1.755716005708047589e-01,7.822154836368888642e-02,-1.900936222369543210e-02,-8.158399093233490579e-03,1.877216737768104549e-03,-4.680036679456997528e-02,2.761220418110043040e-01,-3.429618357322468114e-01,1.148624586068830444e+00,6.052104850078745407e-02,-1.281312810362963406e-01,9.845743302392075125e-02,-6.828509418367323391e-02,-3.318674159805414803e-01,4.042362243398242017e-01,1.054435198194038970e+00,-3.033488286195535136e-02,-9.682578670975892920e-02,-2.332687687120077458e-02
-9.581652483828298136e-03,-2.524748733842844400e-02,7.915558533858509938e-01,-7.297802095674269657e-04,1.357432938673410090e-02,7.161949481837152076e-01,6.977678705691964245e-01,3.771973522460433936e-02,2.847879472349346824e-02,4.648045118643191059e-02,9.224124692813041870e-02,-1.868513894439220446e-01,5.907161972714997100e-02,-2.187432067580535877e-02,-6.860018606742063207e-02,-7.009394038985233832e-03,1.457728691678512878e-01,-1.762367707764557201e-01,7.843323356052434026e-02,-1.886779576406380499e-02,-7.572106406416791169e-03,2.003422530729461609e-03,-4.729095377905991743e-02,2.754721065064756336e-01,-3.437524822388275947e-01,1.151028473460699253e+00,5.888989137153001485e-02,-1.274030931784716214e-01,1.004119632987166971e-01,-6.767623288263134584e-02,-3.313553137876147359e-01,4.052407287791648383e-01,1.056820405071964508e+00,-2.843923929528465594e-02,-9.682739033668869011e-02,-2.513100147049276978e-02
-9.313135347783800186e-03,-2.519697173675864224e-02,7.914987631172188953e-01,-6.356767820629820320e-04,1.364623266407274417e-02,7.170263617198846529e-01,6.969121701103023758e-01,3.748249287688934506e-02,2.837462389361875004e-02,4.503723334054363786e-02,9.190322114665767927e-02,-1.866480751983242981e-01,5.776539648093984014e-02,-2.128575178210828645e-02,-6.889595835815313929e-02,-8.676185941751200781e-03,1.457584104304650297e-01,-1.768872015085855842e-01,7.726678789902524658e-02,-1.870183583712529962e-02,-6.215846650131286177e-03,2.079731369660834522e-03,-4.790561861255761278e-02,2.744644360819148421e-01,-3.445572242438343924e-01,1.152235343105217469e+00,5.871896260031088388e-02,-1.273731569306265354e-01,1.007221014405308701e-01,-6.603364599707890747e-02,-3.320290540519092448e-01,4.060904382173544103e-01,1.056588234033410512e+00,-2.785215171169743223e-02,-9.751677908585590360e-02,-2.574910358734754795e-02
-9.047151493165900282e-03,-2.506460823843556160e-02,7.915197814294077094e-01,-7.334812932542555345e-04,1.370955235455392426e-02,7.174358189383482909e-01,6.964893078028482343e-01,3.753909712143167071e-02,2.881114891536286013e-02,4.520293621103827625e-02,9.118165641264547316e-02,-1.860320309474076950e-01,5.665347953285543303e-02,-2.046275262264948824e-02,-6.861405119089150628e-02,-9.476930841212052870e-03,1.444571849579616152e-01,-1.765129721671254148e-01,7.814498629776503447e-02,-1.851919680156579803e-02,-6.045151058399017736e-03,1.995765609014928804e-03,-4.739148613602219007e-02,2.745525261706029951e-01,-3.441840101739435664e-01,1.151584066392462802e+00,5.637996022107710781e-02,-1.276118661096385942e-01,9.937932763812715176e-02,-6.462995750907947479e-02,-3.320934863695226280e-01,4.070063375578187315e-01,1.056134404445223440e+00,-2.784177147642019623e-02,-9.730717718872618216e-02,-2.444214259239559095e-02
-8.784801314369275471e-03,-2.481410300632953467e-02,7.915800854470331771e-01,-8.712777270665078566e-04,1.379679396174044066e-02,7.182189430816801057e-01,6.956798395455576767e-01,3.768457431460629781e-02,2.907830144581073639e-02,4.440911040782073022e-02,8.996914792862192867e-02,-1.849928459184985996e-01,5.568410137171135588e-02,-1.979476348093691176e-02,-6.842558958705510785e-02,-1.065280725558924446e-02,1.440744993139908281e-01,-1.762742758696530521e-01,7.755172492581227650e-02,-1.828966797450232856e-02,-5.271564490328593117e-03,1.070133380937348527e-03,-4.704512203045771446e-02,2.748462007977918731e-01,-3.451492875727382170e-01,1.152003381313171815e+00,6.246060364190154923e-02,-1.282439147858753237e-01,9.937482665150483563e-02,-6.233347591142910510e-02,-3.323917552747347459e-01,4.077408369152603074e-01,1.055966270352991954e+00,-2.976242098422372112e-02,-9.882255718845418813e-02,-2.270395970896732507e-02
-8.553835916789384944e-03,-2.445918029558144524e-02,7.916176417273531607e-01,-9.345128539982950136e-04,1.383738909176756779e-02,7.191318998110649563e-01,6.947351754611075236e-01,3.725655334514559047e-02,2.922628163975054399e-02,4.298074125330678813e-02,9.047507557634050512e-02,-1.846079074750807680e-01,5.501407962190447976e-02,-1.881384794538104241e-02,-6.826699074704500880e-02,-1.118300208957388048e-02,1.438549334454919670e-01,-1.764235833416061272e-01,7.639539721176830112e-02,-1.880076111487447021e-02,-4.738095376030150921e-03,7.458353045037661999e-04,-4.604046960117359061e-02,2.748709632377688283e-01,-3.459699623650974720e-01,1.150936796178735566e+00,6.298418870808687731e-02,-1.290944385565297170e-01,1.001219969789899356e-01,-6.028592836943173772e-02,-3.329519290581317015e-01,4.093528680530690300e-01,1.055650323665874746e+00,-3.127265816014394850e-02,-9.913672383365774998e-02,-2.135216794432853726e-02
-8.358815246736399016e-03,-2.401090746767358536e-02,7.915754656977197490e-01,-9.228002642834465686e-04,1.392597738866796150e-02,7.200025074542536485e-01,6.938311068646522140e-01,3.769289883013644121e-02,2.907166272827902548e-02,4.137453613005794700e-02,8.967258461687846460e-02,-1.845222626151649392e-01,5.414269751910907175e-02,-1.765110105886553288e-02,-6.853575609414698511e-02,-1.283125181370878970e-02,1.437112816890788458e-01,-1.773800268205848740e-01,7.574263931531147187e-02,-1.931753673225749396e-02,-3.581014248943561497e-03,2.758082359397735772e-04,-4.541162553078090941e-02,2.742073562772869844e-01,-3.457651051837635769e-01,1.151779472232146162e+00,6.291379626470366970e-02,-1.297454762716059584e-01,1.008972174335915906e-01,-5.866472416155496528e-02,-3.336637166818571254e-01,4.102492718683284911e-01,1.056310831846892562e+00,-3.171304557267887181e-02,-1.003759168577743194e-01,-1.963180576659580290e-02
-8.202575217384563619e-03,-2.349143249071392048e-02,7.915598577974509720e-01,-1.336385050341643010e-03,1.422007688058559566e-02,7.205540045150403694e-01,6.932517075823509956e-01,3.674966099576306572e-02,2.945949057045412281e-02,4.135931749533645896e-02,9.027149172314843928e-02,-1.849758116260472318e-01,5.361139997334551932e-02,-1.830017809419245620e-02,-6.833760609444278211e-02,-1.362893559015697365e-02,1.449370238607617378e-01,-1.779757541508292240e-01,7.608656081960321615e-02,-1.973501593993505152e-02,-3.042376087183194973e-03,-2.314911473241983153e-04,-4.460000132778599996e-02,2.744535364682160750e-01,-3.471319833751987383e-01,1.151608922324371953e+00,6.437240209216132936e-02,-1.305047759235481719e-01,9.987595020828633763e-02,-5.726197713381420834e-02,-3.337876247706967336e-01,4.111020733841266872e-01,1.056708648085663116e+00,-3.206402592316896089e-02,-1.010930811114373051e-01,-1.921791080232202603e-02
-8.078044385349588546e-03,-2.292309772423243436e-02,7.915455916366657130e-01,-1.552405740247260382e-03,1.460344762630234189e-02,7.207797887274480786e-01,6.930085320657010106e-01,3.664268168904742662e-02,2.932155014206240529e-02,4.116849787689284140e-02,9.001215583628972838e-02,-1.848683899602270864e-01,5.268331092420984463e-02,-1.838264828828059527e-02,-6.853791004362883021e-02,-1.400983442089972358e-02,1.452291414615546894e-01,-1.787128961624706580e-01,7.727303431169474379e-02,-1.948324466100397057e-02,-3.039220198438886879e-03,-1.405481328977876282e-03,-4.373685089868073472e-02,2.743581027281357110e-01,-3.475279120411867151e-01,1.152383005622168888e+00,6.459765878922783811e-02,-1.320789885256107576e-01,9.953609191164194958e-02,-5.507687492126939893e-02,-3.335085268962479921e-01,4.112822365697120230e-01,1.056174309591692451e+00,-3.182372713004757298e-02,-1.022064881679031201e-01,-1.922373734015755259e-02
-7.986948105645048923e-03,-2.233564661937201962e-02,7.915469448140780573e-01,-1.672152244685206225e-03,1.467031900764122904e-02,7.209741518495811352e-01,6.928046319214825610e-01,3.734635499230420930e-02,2.945247520338716007e-02,4.051188130017392003e-02,8.956411241940190338e-02,-1.851684610033268730e-01,5.278051063142918942e-02,-1.783150981305015037e-02,-6.829824017039237694e-02,-1.396996129239219675e-02,1.455794130345905713e-01,-1.793121526512958530e-01,7.688480714105082325e-02,-1.990361778302973325e-02,-2.285830672911097049e-03,-2.570325811632492158e-03,-4.245410077919158087e-02,2.737770535489190693e-01,-3.482259718823379480e-01,1.153885818713481060e+00,6.475351780399381252e-02,-1.322194766343521011e-01,9.939788254686394986e-02,-5.414436221626088563e-02,-3.332946239739876249e-01,4.116686647393626441e-01,1.058048175564071158e+00,-3.223294073313507507e-02,-1.023098194964744134e-01,-2.035449483046833374e-02
-7.904004682997229150e-03,-2.177343937330970466e-02,7.914858451550113028e-01,-1.905746780165321281e-03,1.487792824868536951e-02,7.214456194880940476e-01,6.923086259044272106e-01,3.793301481348142212e-02,2.944385883936889020e-02,3.979352409384304123e-02,8.821424360816287891e-02,-1.856645937239110589e-01,5.252417637187133809e-02,-1.668670582779242448e-02,-6.836602134426461586e-02,-1.512247048825781509e-02,1.442017993649991614e-01,-1.800215157081397621e-01,7.771713604145487342e-02,-2.009037915216788095e-02,-1.545282745305250928e-03,-3.271047458389800960e-03,-4.146460490715089819e-02,2.738225640924485393e-01,-3.493351753527356718e-01,1.153843404802605832e+00,6.737187941764403998e-02,-1.329652868058852355e-01,9.874446898575789389e-02,-5.292583975550636116e-02,-3.336072639455409661e-01,4.118416992217309169e-01,1.059005714978916712e+00,-3.407716917314325411e-02,-1.023263200710876342e-01,-2.081564398568977459e-02
-7.837738350672654453e-03,-2.125979919803461932e-02,7.914551245363572463e-01,-1.794229723318989823e-03,1.465065446772086978e-02,7.216084592222942184e-01,6.921440389414569294e-01,3.876117653685307030e-02,2.971495800923432823e-02,3.910053266297830454e-02,8.903492053688080721e-02,-1.866137496700950582e-01,5.226449077117909653e-02,-1.534237752078079081e-02,-6.801169402645770856e-02,-1.481088089143955955e-02,1.443646663417768039e-01,-1.806732739775364083e-01,7.803046692002431339e-02,-2.019372979304608073e-02,-9.289844598369331741e-04,-3.680940237628844286e-03,-4.024342200124550462e-02,2.735194905203354176e-01,-3.495553934594038958e-01,1.154303906466605856e+00,6.933949149587544103e-02,-1.334208681370969429e-01,1.003195187831578961e-01,-5.212227159423511724e-02,-3.333524246746754627e-01,4.118927231436642078e-01,1.060638473946160509e+00,-3.494473067880173728e-02,-1.026051307009362701e-01,-2.183372948983238263e-02
-7.779152070552851003e-03,-2.081101970399706555e-02,7.914453121343940634e-01,-1.714282535125597178e-03,1.469579241842580708e-02,7.218936696463601477e-01,6.918458098775298604e-01,3.854527403948145720e-02,2.956612104099252611e-02,3.860525706538707469e-02,9.069660781018892837e-02,-1.873984994381834857e-01,5.229789066830813765e-02,-1.536875702630371640e-02,-6.827150068508074099e-02,-1.533125090897741877e-02,1.463149739915727554e-01,-1.818196285034224258e-01,7.781059716656957281e-02,-2.055040670666435920e-02,-2.563421771206550633e-04,-3.722257651349088897e-03,-3.883784796096036857e-02,2.729132789742919618e-01,-3.498043905740392812e-01,1.153808345385873180e+00,6.774122753276583253e-02,-1.337008909253841193e-01,1.009230498827890371e-01,-5.146570780886435686e-02,-3.332333253848260290e-01,4.114914579217407442e-01,1.062094689395418845e+00,-3.516870577661935365e-02,-1.024731465119734231e-01,-2.368483384179057363e-02
-7.717156220431243760e-03,-2.043522880123127897e-02,7.913834658328799954e-01,-1.520946708657789151e-03,1.461744007808455682e-02,7.219661256665748095e-01,6.917723112098862481e-01,3.918949811694745489e-02,2.949307836457894932e-02,3.841469829625281107e-02,9.140451553477062230e-02,-1.882821443106907078e-01,5.191031582058019955e-02,-1.485471766102181707e-02,-6.845635919537068625e-02,-1.580736192266417664e-02,1.475622658754163763e-01,-1.831593424008163828e-01,7.895627569702116932e-02,-2.047871638586023363e-02,1.091124218815628551e-04,-3.698227735323172255e-03,-3.797782372074936380e-02,2.729477043438579553e-01,-3.502169735030238318e-01,1.153904519005221507e+00,6.977253777566183590e-02,-1.340664577200462448e-01,1.013024167133809994e-01,-5.115886975941028036e-02,-3.332017468574088315e-01,4.119071081497860387e-01,1.063264390328224840e+00,-3.585606854205535682e-02,-1.024149499884348252e-01,-2.386636273423011628e-02
-7.650167614831828063e-03,-2.012721884808232192e-02,7.913276297972678952e-01,-1.307404586482859097e-03,1.455057713924679842e-02,7.222173541189035317e-01,6.915118688841510597e-01,4.002340382163512011e-02,2.921669849567886529e-02,3.747336838371181922e-02,9.126568073544781556e-02,-1.888723283708498291e-01,5.277288124999085506e-02,-1.444272966731035071e-02,-6.870274541214117792e-02,-1.611478094196413385e-02,1.489122360830273384e-01,-1.844495605047260789e-01,7.857892411787796572e-02,-2.047107976364711743e-02,4.447308433228863017e-04,-3.428651348044552821e-03,-3.752433458853194487e-02,2.731780930626587223e-01,-3.509885828627175020e-01,1.153456146186630171e+00,7.102170711960986704e-02,-1.341275845448895998e-01,1.009928156481855049e-01,-5.052053878365684453e-02,-3.336404028441015690e-01,4.119670613503065293e-01,1.063090370011412489e+00,-3.601036086633757627e-02,-1.022445118974611294e-01,-2.403715718554165492e-02
-7.579675342334840291e-03,-1.985886214157327190e-02,7.912879000319964495e-01,-1.051843870975368222e-03,1.447491179492351593e-02,7.223788357139959704e-01,6.913452019544872318e-01,4.022456861681525386e-02,2.901261969985433065e-02,3.685552350741107958e-02,9.253177030952236537e-02,-1.895465004316456703e-01,5.240488887697426074e-02,-1.501214721727033713e-02,-6.900217907239890314e-02,-1.639663736419206749e-02,1.522573578224550028e-01,-1.861095719239619362e-01,7.824466937796206722e-02,-2.080256182375837121e-02,1.113140480865713010e-03,-3.204496585689230875e-03,-3.662534433384791871e-02,2.731197800275113052e-01,-3.515601737501616308e-01,1.153142211897516534e+00,7.212240915954880316e-02,-1.341975376656609209e-01,1.013512425171225473e-01,-4.927554061868093943e-02,-3.341828234218749416e-01,4.121041822429601376e-01,1.061448591060684121e+00,-3.480479923125461700e-02,-1.023344446307275918e-01,-2.441144166991149334e-02
-7.500138044506619688e-03,-1.961343703367643063e-02,7.912600666533968763e-01,-1.241592705203484279e-03,1.459253469459805518e-02,7.226567771766098103e-01,6.910518785007793152e-01,3.976797047095755044e-02,2.910063933518467622e-02,3.582539782009406398e-02,9.290849182815566487e-02,-1.901582823667529731e-01,5.247722772237485567e-02,-1.572104659861073978e-02,-6.889288004603796867e-02,-1.683820445776255254e-02,1.538903499474256753e-01,-1.869904181120397024e-01,7.870377928122117284e-02,-2.099578024977950125e-02,2.088000371010157504e-03,-2.715855557538685017e-03,-3.626055497144341222e-02,2.727983596900835361e-01,-3.515557212798172682e-01,1.152802639761854042e+00,7.341021233043745764e-02,-1.341726306408730918e-01,1.009696385490929382e-01,-4.837076649656773392e-02,-3.349184262997116912e-01,4.121072738477655761e-01,1.060170792680910079e+00,-3.476281069946018931e-02,-1.027076781225323143e-01,-2.378587625926832996e-02
-7.418365585385844514e-03,-1.939167312592676370e-02,7.911963970031535842e-01,-1.478352542262753415e-03,1.457698102423646107e-02,7.229065937716295798e-01,6.907904043771011526e-01,3.939097949770410667e-02,2.951375569953758327e-02,3.485593781375646155e-02,9.336590666551156104e-02,-1.913477334723552303e-01,5.300081506126528424e-02,-1.657943431558808051e-02,-6.848428204363735117e-02,-1.734527936015968844e-02,1.559858077960155631e-01,-1.880599042133227483e-01,7.914815947808087615e-02,-2.141670924102880708e-02,2.974254752411725333e-03,-1.876845859645481784e-03,-3.563693186886334602e-02,2.728408000916590637e-01,-3.517149294073724231e-01,1.151177632097404535e+00,7.309996846488532596e-02,-1.338355607496701516e-01,1.002925315194311967e-01,-4.845602548614773297e-02,-3.353818873985497939e-01,4.122601232301975616e-01,1.060243986640649672e+00,-3.385845723437653360e-02,-1.028789430077631101e-01,-2.283098176664272866e-02
-7.329215877053349253e-03,-1.918810621446407141e-02,7.911171387221652695e-01,-1.361764459987773249e-03,1.448642185484531539e-02,7.233661628938292676e-01,6.903112946777385517e-01,3.953479918554569927e-02,2.943215212918192172e-02,3.355644448880690939e-02,9.384637798696288113e-02,-1.923328013958358895e-01,5.338561821534079654e-02,-1.656199015175166545e-02,-6.865651824596359643e-02,-1.845982513618511789e-02,1.579105638499804787e-01,-1.896336965120813400e-01,7.825132594595424207e-02,-2.173626924012090136e-02,3.941414100335209614e-03,-1.237391310609771422e-03,-3.566291835257682369e-02,2.727320368813384022e-01,-3.525885635938089679e-01,1.150590976092371376e+00,7.218006133248633382e-02,-1.339276636874316695e-01,1.001069306713542190e-01,-4.784858151152902167e-02,-3.359978019427630191e-01,4.118098988281034267e-01,1.059545830982832060e+00,-3.262243045863001678e-02,-1.029957985870727788e-01,-2.235140496360938853e-02
-7.247457703789489045e-03,-1.899098407689095436e-02,7.910621440372577196e-01,-1.483609692273685525e-03,1.465585101642755128e-02,7.234521552106017994e-01,6.902173455183512329e-01,3.941126351325179022e-02,2.940383567239353638e-02,3.316064610853634853e-02,9.370148474066579414e-02,-1.929672596685776398e-01,5.356192259377491605e-02,-1.684933855974862435e-02,-6.873649026914467608e-02,-1.920764280657537293e-02,1.583729740344077541e-01,-1.905565454171662954e-01,7.817403185833039780e-02,-2.139623539863206442e-02,4.636175848489292907e-03,-1.119560727779918274e-03,-3.590114832645613374e-02,2.724148201267486136e-01,-3.532756531320951354e-01,1.151188263632829223e+00,7.215752475507457298e-02,-1.340480337094134833e-01,9.990347464554370782e-02,-4.767294733870347523e-02,-3.359381253374156273e-01,4.113454697460224296e-01,1.060178135717809278e+00,-3.175380026559147806e-02,-1.036692768077309146e-01,-2.193700927184087657e-02
-7.172753978889931381e-03,-1.881792487276014170e-02,7.909630728039960257e-01,-1.800812609606221130e-03,1.483327507377781018e-02,7.234469108651342406e-01,6.902182974858199760e-01,3.925618986448736053e-02,2.974118525403586510e-02,3.333319284715807046e-02,9.300664873151931467e-02,-1.939468115720688612e-01,5.370136416081048442e-02,-1.746483035988058430e-02,-6.854850549902924417e-02,-2.007305677543852473e-02,1.586454785287012836e-01,-1.913639016915004987e-01,8.007922159988281607e-02,-2.105353017161552473e-02,4.595658909646877649e-03,-4.754215020603101693e-04,-3.668454084393605458e-02,2.725157732535101740e-01,-3.525035751772191417e-01,1.151612310886666934e+00,7.027552915112779408e-02,-1.345699506934892598e-01,9.930455762274366383e-02,-4.799325311668985877e-02,-3.360517659540656066e-01,4.118589565952516796e-01,1.060191416299318679e+00,-3.073777509778763753e-02,-1.046426061216964437e-01,-2.131987830298383985e-02
-7.122451686655106168e-03,-1.864212671146740080e-02,7.909562250977580922e-01,-1.632724174793833164e-03,1.479164161122824804e-02,7.231872601535140888e-01,6.904916569386382319e-01,4.029226710036756809e-02,2.966621374689868904e-02,3.368759180255537916e-02,9.240965125433775462e-02,-1.939404057372661194e-01,5.420644859158234991e-02,-1.728442128484814280e-02,-6.864699110606757582e-02,-2.018281389285287927e-02,1.591722623726852248e-01,-1.915977069847990266e-01,8.014232732501985756e-02,-2.108790432156851941e-02,4.776275458405380460e-03,-7.396806321069530898e-04,-3.656866311458854824e-02,2.724605931594618058e-01,-3.532877838414608118e-01,1.153213870890029913e+00,7.113515138420732631e-02,-1.350297785984337917e-01,9.901008361439024574e-02,-4.832892644604830368e-02,-3.361440637820406474e-01,4.127199755904984446e-01,1.060571656408228591e+00,-3.147472951637984850e-02,-1.045967419652440028e-01,-2.145737665088549156e-02
-7.080002029513899307e-03,-1.843931502112364923e-02,7.909713585667630387e-01,-1.337566048564717454e-03,1.464789776981649180e-02,7.236304351710430849e-01,6.900309002516890056e-01,4.074687635106558764e-02,2.934510936850929716e-02,3.257089715216729409e-02,9.295833415765718255e-02,-1.937258786817057654e-01,5.420155159508127651e-02,-1.644845586293799261e-02,-6.900516917616723866e-02,-2.089118697934526023e-02,1.599960584843357070e-01,-1.919470563777996852e-01,7.829026035249592175e-02,-2.155854891495298173e-02,5.813935554236980205e-03,-1.031544381509444386e-03,-3.679730455457701915e-02,2.715358019292660186e-01,-3.542814036668449629e-01,1.155400042870373678e+00,7.165008878092948841e-02,-1.354511484019968459e-01,1.002925779663334932e-01,-4.750323960646191113e-02,-3.362436184093623992e-01,4.116731113513811269e-01,1.061340729700463781e+00,-3.029684543041603548e-02,-1.047074480810758351e-01,-2.159092394472772458e-02
-7.063162560475573504e-03,-1.823234437595039337e-02,7.909731156631515381e-01,-1.203170034620697736e-03,1.455787944779158259e-02,7.237702532858262261e-01,6.898863971600115441e-01,4.182231842972489178e-02,2.921581509295591295e-02,3.192063180224419261e-02,9.188894593699534208e-02,-1.934922892289682173e-01,5.437053905113310714e-02,-1.525649493071088922e-02,-6.909265815862708493e-02,-2.129464575824344466e-02,1.590130196755518421e-01,-1.918476399172312774e-01,7.677320950349916795e-02,-2.156204035246641823e-02,6.386647305928415050e-03,-9.984583991066962871e-04,-3.704747867047121501e-02,2.711695107485986300e-01,-3.560950199439066877e-01,1.156891112281161371e+00,7.269030593231431969e-02,-1.363080319265615459e-01,1.004712157897691693e-01,-4.708089929777923427e-02,-3.366864722954937550e-01,4.121382977887717569e-01,1.061447578594149288e+00,-3.057976913392768115e-02,-1.047609175705854490e-01,-2.260080682777761141e-02
-7.050740766052089603e-03,-1.800959211920910574e-02,7.910142147150004410e-01,-1.801864690464139666e-03,1.485894834189968247e-02,7.238681924655474553e-01,6.897759091722979186e-01,4.149204344338051909e-02,2.987628443357020006e-02,3.374549673614599121e-02,9.042830511070897026e-02,-1.932807677334730245e-01,5.260117353897191678e-02,-1.554700027573323318e-02,-6.888548592500884360e-02,-2.335657870134126915e-02,1.575665788627004238e-01,-1.908385473082916950e-01,7.871330064869115628e-02,-2.107004445278928481e-02,7.131141617275403230e-03,-1.375572291685615151e-03,-3.808152140558306031e-02,2.703573450105533071e-01,-3.561923255548430922e-01,1.158944505816015269e+00,7.478251970496911649e-02,-1.367879837096782347e-01,1.003136700325518299e-01,-4.532537999793102845e-02,-3.377814329250735659e-01,4.130213793521599341e-01,1.058560843844905452e+00,-3.111910843488886746e-02,-1.050786554197213202e-01,-2.233244615201900388e-02
-7.024189248671979836e-03,-1.775468454855079481e-02,7.910140936006307966e-01,-1.830947160270195639e-03,1.471105684276638806e-02,7.240886085359621305e-01,6.895476194053012930e-01,4.287529068877164729e-02,3.026997216551846961e-02,3.450955563495573808e-02,8.853454181347263086e-02,-1.929429611495704078e-01,5.242695724272845165e-02,-1.512692115270164797e-02,-6.859629487163876327e-02,-2.340713445413667576e-02,1.580335989349121728e-01,-1.907494935965879657e-01,7.926367783886527352e-02,-2.184706297102202363e-02,7.007642539133425094e-03,-1.759412289325208018e-03,-3.735276061178020857e-02,2.704207012881956196e-01,-3.562498752994752160e-01,1.159349834930907930e+00,7.507211336848404470e-02,-1.364605346114082240e-01,1.010612453310020253e-01,-4.437948122570131021e-02,-3.378771729744210472e-01,4.129241479878448806e-01,1.058084638400198729e+00,-3.092905376037902859e-02,-1.043515531560102322e-01,-2.213588239743434841e-02
-6.961937024162650686e-03,-1.748646171266417942e-02,7.910662720189737263e-01,-2.071123536526739070e-03,1.481479259826893984e-02,7.240548835909879077e-01,6.895801316131479064e-01,4.282592020020437040e-02,3.058059594440917101e-02,3.457612647541813411e-02,8.842754079902716280e-02,-1.929342970103126997e-01,5.272922771534031133e-02,-1.531938565442859251e-02,-6.828012772702590771e-02,-2.358389920242529372e-02,1.580600885762976637e-01,-1.902518539086471838e-01,8.002165998231397515e-02,-2.148083435312171316e-02,6.834716789888823849e-03,-1.888662089683367656e-03,-3.769733601619179586e-02,2.702650503586467301e-01,-3.571893201528025252e-01,1.160895866770405238e+00,7.555125849318784781e-02,-1.363839726083113657e-01,9.947995846500309880e-02,-4.401445732149956991e-02,-3.377618085321640318e-01,4.134442935140903996e-01,1.058653706017256724e+00,-3.156618358410090419e-02,-1.045236922413439046e-01,-2.203286789569375639e-02
-6.839460518100170736e-03,-1.723580026625158926e-02,7.910380549266115002e-01,-2.241977198214223279e-03,1.488897065301642876e-02,7.242563060528527386e-01,6.893664448127798661e-01,4.326515675573117115e-02,3.088941257420730127e-02,3.472871314315185975e-02,8.732407853952657562e-02,-1.931210287000806880e-01,5.313527513122480450e-02,-1.514146130096869977e-02,-6.800424470480836980e-02,-2.388626593649774768e-02,1.578857759195027577e-01,-1.906250101633342187e-01,8.024731454326961000e-02,-2.236720321223451338e-02,6.880145750000222354e-03,-2.122073073902500800e-03,-3.750898347206978178e-02,2.703002257762989746e-01,-3.572008536834283543e-01,1.161639978151438379e+00,7.445965122073934517e-02,-1.360924796927038272e-01,9.919431563012715003e-02,-4.374443595515539046e-02,-3.375392026319601890e-01,4.129978558376387054e-01,1.058606825958116060e+00,-3.041957235072782761e-02,-1.044827485098783482e-01,-2.256356695286684116e-02
-6.656603735916230384e-03,-1.701561483193492902e-02,7.909748671260448116e-01,-2.087283051204714187e-03,1.503911776128583414e-02,7.243329635143894718e-01,6.892831248136628286e-01,4.440563504222345276e-02,3.056486015634713935e-02,3.408991627692391224e-02,8.556547494156419020e-02,-1.928900142478074953e-01,5.279031356528966074e-02,-1.434046863680019102e-02,-6.836260755107907705e-02,-2.492807396836541414e-02,1.571424024854868318e-01,-1.916817162725560630e-01,7.864072944593988868e-02,-2.261229119960713602e-02,7.780723920567129276e-03,-2.264480176900063313e-03,-3.721894406642659719e-02,2.703647662927859963e-01,-3.585526457729337757e-01,1.162493325544401213e+00,7.466882296280014097e-02,-1.363946011139410275e-01,9.831932525303385684e-02,-4.323258791836614295e-02,-3.374447203654003524e-01,4.122860234028228321e-01,1.058161485640444432e+00,-3.002588225497006269e-02,-1.050028884166868959e-01,-2.344953350790571212e-02
-6.414022281895459358e-03,-1.686973583580393676e-02,7.909315674844619171e-01,-2.182728686817068595e-03,1.517942681748611286e-02,7.244613344834268664e-01,6.891448291436742535e-01,4.414000072736387614e-02,3.076052637459342903e-02,3.328521735007181070e-02,8.561052105457334083e-02,-1.933402755642141813e-01,5.291379791146160610e-02,-1.465082479590985171e-02,-6.821553118715205366e-02,-2.586246500386912492e-02,1.577498858879403665e-01,-1.926744220969278387e-01,7.808147631236102282e-02,-2.256527372540350837e-02,8.124994144856236347e-03,-1.913030830528610754e-03,-3.733609444045264680e-02,2.709579198611677398e-01,-3.596172931162993636e-01,1.162616316584885956e+00,7.497600323537248479e-02,-1.365564281921557155e-01,9.829302932155528638e-02,-4.293580830214037414e-02,-3.370401982025469367e-01,4.119612861637867440e-01,1.058013505917136055e+00,-2.863939539473865648e-02,-1.055308358466962859e-01,-2.436517956323254464e-02
-6.131995007401985602e-03,-1.682123560864639059e-02,7.908929065108776246e-01,-2.256573031288781894e-03,1.536139100783577918e-02,7.244559448107629196e-01,6.891462251023384722e-01,4.421483606167501967e-02,3.095536694645886419e-02,3.312861112473423214e-02,8.476924124358670154e-02,-1.933890805413088776e-01,5.320564076604919479e-02,-1.495066873890740777e-02,-6.795047933901073034e-02,-2.595230714157727506e-02,1.577481906806037226e-01,-1.934688973782648092e-01,7.725887163439183747e-02,-2.235102959343819237e-02,8.017837736651772448e-03,-1.475635113883311950e-03,-3.740312328263604991e-02,2.719849924723096168e-01,-3.600218307705050358e-01,1.162255913158386722e+00,7.536705393931586450e-02,-1.374641498182236077e-01,9.820408311250744537e-02,-4.292856095599686256e-02,-3.362512825400932326e-01,4.117611588555512570e-01,1.057758536845283315e+00,-2.831661428939181990e-02,-1.065507051788233267e-01,-2.461240119047801433e-02
-5.845003944449440186e-03,-1.690559180202910738e-02,7.909186228695634924e-01,-2.305791102273344051e-03,1.552611296194060519e-02,7.238584689682795448e-01,6.897699181948885316e-01,4.352200731611515633e-02,3.139331980891828244e-02,3.444072870539967995e-02,8.593640428578401547e-02,-1.935573335876837608e-01,5.389163402833858918e-02,-1.591574801977583414e-02,-6.766237170098390874e-02,-2.630956073502519268e-02,1.581478247580817009e-01,-1.933697684525038374e-01,7.892006055850274426e-02,-2.101687876648875714e-02,7.155639042814423111e-03,-3.384927598371716140e-04,-3.868207575588156200e-02,2.732503066501600908e-01,-3.610573878938577175e-01,1.162783958899487713e+00,7.598312127237417946e-02,-1.378163353207029762e-01,9.912811776837585076e-02,-4.383057223258642054e-02,-3.351222647322802395e-01,4.121478177754567263e-01,1.057448839311524447e+00,-2.785682327505074884e-02,-1.064473175095350249e-01,-2.619510910860267661e-02
-5.569807609588461710e-03,-1.707967524585004421e-02,7.907708973122268281e-01,-2.318927362945297221e-03,1.591494345876134225e-02,7.231876204796432450e-01,6.904643384966240305e-01,4.107015560828733425e-02,3.156026523598370881e-02,3.659024476512625496e-02,9.009624598657592354e-02,-1.958650260007659960e-01,5.351795702892091222e-02,-1.874233171752614363e-02,-6.804722424777939760e-02,-2.755309302565605439e-02,1.616469193523119574e-01,-1.958061985696651630e-01,8.121791554610907626e-02,-1.972118300922231018e-02,7.255315258057646460e-03,2.118452179467836261e-03,-3.977502392987473240e-02,2.746548159166101177e-01,-3.618842148896260769e-01,1.162036794517218752e+00,7.845167910840587788e-02,-1.389410641990972972e-01,9.820072556951781051e-02,-4.571406578836487156e-02,-3.347737584941197775e-01,4.126432995173462959e-01,1.056676473777569791e+00,-2.851145258870671495e-02,-1.069797277479638542e-01,-2.469371507960221868e-02
-5.307179943252797460e-03,-1.726438028224999005e-02,7.906804494422292606e-01,-1.677024088618154964e-03,1.536277376854973571e-02,7.240817156023109380e-01,6.895410371419211648e-01,3.799112004563349326e-02,3.165188447627637069e-02,3.375536145201073895e-02,9.846412967330370192e-02,-1.989060889025295042e-01,5.525790050685464722e-02,-2.309558916223093325e-02,-6.798327208854998416e-02,-2.602105610275568665e-02,1.746294414051724475e-01,-1.989447462625350549e-01,7.745260955752560073e-02,-1.976287780094021507e-02,8.858306867424031728e-03,6.539195121216371392e-03,-4.041535516280980733e-02,2.764721080453051982e-01,-3.677359292306863758e-01,1.157869409782950276e+00,8.462056046296394241e-02,-1.383509852450723332e-01,1.038399635451025260e-01,-4.532429020413594745e-02,-3.351947470104724713e-01,4.120604893229771748e-01,1.054599379612292553e+00,-2.447110944455792997e-02,-1.099065704289386020e-01,-2.986916899442828427e-02
-5.307179943252797460e-03,-1.726438028224999005e-02,7.906804494422292606e-01,-1.677024088618154964e-03,1.536277376854973571e-02,7.240817156023109380e-01,6.895410371419211648e-01,3.769529108751275975e-02,3.163329108412701873e-02,3.315015118436073077e-02,9.899375255212024272e-02,-1.996410568259103235e-01,5.489444742813722605e-02,-2.317958891477268912e-02,-6.736939136359983149e-02,-2.580862419356013890e-02,1.736627983374133544e-01,-1.997845094501848884e-01,7.635679864923877735e-02,-1.953783281642613306e-02,8.191649965420811502e-03,6.229826391393997881e-03,-4.307874245746609598e-02,2.755213361181459431e-01,-3.731375122646767850e-01,1.160796809033757926e+00,9.189894984813688772e-02,-1.363186219579605729e-01,1.046806425626663761e-01,-4.766349871851643244e-02,-3.320049707968575903e-01,4.196685883457340616e-01,1.057036670420321345e+00,-3.324934959719131472e-02,-1.089510787575364570e-01,-3.327279908600676295e-02
-5.307179943252797460e-03,-1.726438028224999005e-02,7.906804494422292606e-01,-1.677024088618154964e-03,1.536277376854973571e-02,7.240817156023109380e-01,6.895410371419211648e-01,3.739946212939204012e-02,3.161469769197767371e-02,3.254494091671071565e-02,9.952337543093679739e-02,-2.003760247492911706e-01,5.453099434941981183e-02,-2.326358866731444847e-02,-6.675551063864969270e-02,-2.559619228436459809e-02,1.726961552696542890e-01,-2.006242726378347774e-01,7.526098774095194011e-02,-1.931278783191205453e-02,7.524993063417591277e-03,5.920457661571625237e-03,-4.574212975212239157e-02,2.745705641909867989e-01,-3.785390952986672497e-01,1.163724208284566020e+00,9.917733923330984691e-02,-1.342862586708488404e-01,1.055213215802302401e-01,-5.000270723289691743e-02,-3.288151945832427647e-01,4.272766873684908928e-01,1.059473961228350358e+00,-4.202758974982469947e-02,-1.079955870861343259e-01,-3.667642917758524163e-02
-5.307179943252797460e-03,-1.726438028224999005e-02,7.906804494422292606e-01,-1.677024088618154964e-03,1.536277376854973571e-02,7.240817156023109380e-01,6.895410371419211648e-01,3.710363317127131355e-02,3.159610429982832175e-02,3.193973064906070053e-02,1.000529983097533382e-01,-2.011109926726719899e-01,5.416754127070239067e-02,-2.334758841985620434e-02,-6.614162991369954003e-02,-2.538376037516905034e-02,1.717295122018951958e-01,-2.014640358254846109e-01,7.416517683266510286e-02,-1.908774284739797253e-02,6.858336161414371052e-03,5.611088931749250858e-03,-4.840551704677868716e-02,2.736197922638275437e-01,-3.839406783326577699e-01,1.166651607535373669e+00,1.064557286184828061e-01,-1.322538953837370801e-01,1.063620005977940902e-01,-5.234191574727739549e-02,-3.256254183696278837e-01,4.348847863912477796e-01,1.061911252036379150e+00,-5.080582990245809116e-02,-1.070400954147321948e-01,-4.008005926916372030e-02
-5.307179943252797460e-03,-1.726438028224999005e-02,7.906804494422292606e-01,-1.677024088618154964e-03,1.536277376854973571e-02,7.240817156023109380e-01,6.895410371419211648e-01,3.680780421315058698e-02,3.157751090767897673e-02,3.133452038141069235e-02,1.005826211885698929e-01,-2.018459605960528369e-01,5.380408819198498338e-02,-2.343158817239796021e-02,-6.552774918874940124e-02,-2.517132846597350260e-02,1.707628691341361027e-01,-2.023037990131344721e-01,7.306936592437829336e-02,-1.886269786288389400e-02,6.191679259411150826e-03,5.301720201926878213e-03,-5.106890434143497581e-02,2.726690203366682885e-01,-3.893422613666481791e-01,1.169579006786181763e+00,1.137341180036557653e-01,-1.302215320966253476e-01,1.072026796153579542e-01,-5.468112426165788742e-02,-3.224356421560130581e-01,4.424928854140046663e-01,1.064348542844407941e+00,-5.958407005509147591e-02,-1.060846037433300637e-01,-4.348368936074219898e-02
-5.307179943252797460e-03,-1.726438028224999005e-02,7.906804494422292606e-01,-1.677024088618154964e-03,1.536277376854973571e-02,7.240817156023109380e-01,6.895410371419211648e-01,3.651197525502986041e-02,3.155891751552961783e-02,3.072931011376067723e-02,1.011122440673864198e-01,-2.025809285194336562e-01,5.344063511326756222e-02,-2.351558792493971956e-02,-6.491386846379924858e-02,-2.495889655677795832e-02,1.697962260663770095e-01,-2.031435622007843056e-01,7.197355501609145612e-02,-1.863765287836980852e-02,5.525022357407930601e-03,4.992351472104504702e-03,-5.373229163609126446e-02,2.717182484095090889e-01,-3.947438444006386438e-01,1.172506406036989413e+00,1.210125073888287106e-01,-1.281891688095135873e-01,1.080433586329218043e-01,-5.702033277603836547e-02,-3.192458659423981215e-01,4.501009844367615531e-01,1.066785833652436732e+00,-6.836231020772484679e-02,-1.051291120719279049e-01,-4.688731945232067766e-02
-5.307179943252797460e-03,-1.726438028224999005e-02,7.906804494422292606e-01,-1.677024088618154964e-03,1.536277376854973571e-02,7.240817156023109380e-01,6.895410371419211648e-01,3.621614629690912690e-02,3.154032412338026586e-02,3.012409984611066904e-02,1.016418669462029745e-01,-2.033158964428145032e-01,5.307718203455014105e-02,-2.359958767748147890e-02,-6.429998773884909591e-02,-2.474646464758241404e-02,1.688295829986179442e-01,-2.039833253884341668e-01,7.087774410780461887e-02,-1.841260789385572652e-02,4.858365455404710376e-03,4.682982742282131190e-03,-5.639567893074756005e-02,2.707674764823498892e-01,-4.001454274346291085e-01,1.175433805287797284e+00,1.282908967740016837e-01,-1.261568055224018270e-01,1.088840376504856544e-01,-5.935954129041885741e-02,-3.160560897287832960e-01,4.577090834595184399e-01,1.069223124460465524e+00,-7.714055036035824542e-02,-1.041736204005257738e-01,-5.029094954389916328e-02
-5.307179943252797460e-03,-1.726438028224999005e-02,7.906804494422292606e-01,-1.677024088618154964e-03,1.536277376854973571e-02,7.240817156023109380e-01,6.895410371419211648e-01,3.592031733878840033e-02,3.152173073123092084e-02,2.951888957846065392e-02,1.021714898250195014e-01,-2.040508643661952948e-01,5.271372895583271989e-02,-2.368358743002323130e-02,-6.368610701389895712e-02,-2.453403273838686283e-02,1.678629399308588510e-01,-2.048230885760840003e-01,6.978193319951779550e-02,-1.818756290934164799e-02,4.191708553401488416e-03,4.373614012459757679e-03,-5.905906622540384177e-02,2.698167045551906340e-01,-4.055470104686195176e-01,1.178361204538604934e+00,1.355692861591746290e-01,-1.241244422352900667e-01,1.097247166680495045e-01,-6.169874980479933546e-02,-3.128663135151684149e-01,4.653171824822752711e-01,1.071660415268494315e+00,-8.591879051299161629e-02,-1.032181287291236288e-01,-5.369457963547763502e-02
-5.307179943252797460e-03,-1.726438028224999005e-02,7.906804494422292606e-01,-1.677024088618154964e-03,1.536277376854973571e-02,7.240817156023109380e-01,6.895410371419211648e-01,3.562448838066767376e-02,3.150313733908156888e-02,2.891367931081063880e-02,1.027011127038360561e-01,-2.047858322895761418e-01,5.235027587711530567e-02,-2.376758718256499064e-02,-6.307222628894880445e-02,-2.432160082919131855e-02,1.668962968630997579e-01,-2.056628517637338893e-01,6.868612229123097213e-02,-1.796251792482756598e-02,3.525051651398269491e-03,4.064245282637384167e-03,-6.172245352006014429e-02,2.688659326280313788e-01,-4.109485935026100378e-01,1.181288603789413028e+00,1.428476755443475743e-01,-1.220920789481783342e-01,1.105653956856133546e-01,-6.403795831917982739e-02,-3.096765373015535894e-01,4.729252815050321579e-01,1.074097706076523329e+00,-9.469703066562501492e-02,-1.022626370577214977e-01,-5.709820972705611369e-02
-5.307179943252797460e-03,-1.726438028224999005e-02,7.906804494422292606e-01,-1.677024088618154964e-03,1.536277376854973571e-02,7.240817156023109380e-01,6.895410371419211648e-01,3.532865942254694719e-02,3.148454394693222386e-02,2.830846904316063409e-02,1.032307355826526107e-01,-2.055208002129569889e-01,5.198682279839789144e-02,-2.385158693510674999e-02,-6.245834556399866566e-02,-2.410916891999577427e-02,1.659296537953406925e-01,-2.065026149513837506e-01,6.759031138294414875e-02,-1.773747294031348745e-02,2.858394749395049266e-03,3.754876552815011523e-03,-6.438584081471643294e-02,2.679151607008721792e-01,-4.163501765366004470e-01,1.184216003040220899e+00,1.501260649295205474e-01,-1.200597156610665878e-01,1.114060747031772186e-01,-6.637716683356030545e-02,-3.064867610879387083e-01,4.805333805277890447e-01,1.076534996884552342e+00,-1.034752708182583997e-01,-1.013071453863193527e-01,-6.050183981863459237e-02
-5.307179943252797460e-03,-1.726438028224999005e-02,7.906804494422292606e-01,-1.677024088618154964e-03,1.536277376854973571e-02,7.240817156023109380e-01,6.895410371419211648e-01,3.503283046442622062e-02,3.146595055478286496e-02,2.770325877551061897e-02,1.037603584614691515e-01,-2.062557681363377804e-01,5.162336971968047028e-02,-2.393558668764850586e-02,-6.184446483904851299e-02,-2.389673701080022999e-02,1.649630107275815993e-01,-2.073423781390336118e-01,6.649450047465731151e-02,-1.751242795579940198e-02,2.191737847391829041e-03,3.445507822992638011e-03,-6.704922810937272160e-02,2.669643887737129795e-01,-4.217517595705909117e-01,1.187143402291028771e+00,1.574044543146934927e-01,-1.180273523739548414e-01,1.122467537207410687e-01,-6.871637534794078350e-02,-3.032969848743238828e-01,4.881414795505458759e-01,1.078972287692581133e+00,-1.122535109708917844e-01,-1.003516537149172216e-01,-6.390546991021306411e-02
-5.307179943252797460e-03,-1.726438028224999005e-02,7.906804494422292606e-01,-1.677024088618154964e-03,1.536277376854973571e-02,7.240817156023109380e-01,6.895410371419211648e-01,3.473700150630549405e-02,3.144735716263351993e-02,2.709804850786060731e-02,1.042899813402856923e-01,-2.069907360597186274e-01,5.125991664096304912e-02,-2.401958644019026173e-02,-6.123058411409836033e-02,-2.368430510160468225e-02,1.639963676598225062e-01,-2.081821413266834453e-01,6.539868956637048814e-02,-1.728738297128531998e-02,1.525080945388608382e-03,3.136139093170264500e-03,-6.971261540402901025e-02,2.660136168465537798e-01,-4.271533426045813764e-01,1.190070801541836421e+00,1.646828436998664380e-01,-1.159949890868430811e-01,1.130874327383049188e-01,-7.105558386232127543e-02,-3.001072086607090017e-01,4.957495785733028182e-01,1.081409578500609925e+00,-1.210317511235251831e-01,-9.939616204351507667e-02,-6.730910000179154973e-02
-5.307179943252797460e-03,-1.726438028224999005e-02,7.906804494422292606e-01,-1.677024088618154964e-03,1.536277376854973571e-02,7.240817156023109380e-01,6.895410371419211648e-01,3.444117254818476748e-02,3.142876377048416797e-02,2.649283824021059219e-02,1.048196042191022331e-01,-2.077257039830994467e-01,5.089646356224563489e-02,-2.410358619273202108e-02,-6.061670338914820766e-02,-2.347187319240913450e-02,1.630297245920634408e-01,-2.090219045143333065e-01,6.430287865808365089e-02,-1.706233798677124144e-02,8.584240433853872893e-04,2.826770363347890554e-03,-7.237600269868531278e-02,2.650628449193945246e-01,-4.325549256385718411e-01,1.192998200792644514e+00,1.719612330850394111e-01,-1.139626257997313208e-01,1.139281117558687828e-01,-7.339479237670176737e-02,-2.969174324470941206e-01,5.033576775960596494e-01,1.083846869308638716e+00,-1.298099912761585539e-01,-9.844067037211293170e-02,-7.071273009337003534e-02
-5.307179943252797460e-03,-1.726438028224999005e-02,7.906804494422292606e-01,-1.677024088618154964e-03,1.536277376854973571e-02,7.240817156023109380e-01,6.895410371419211648e-01,3.414534359006403397e-02,3.141017037833481601e-02,2.588762797256058401e-02,1.053492270979187878e-01,-2.084606719064802938e-01,5.053301048352822067e-02,-2.418758594527378042e-02,-6.000282266419806887e-02,-2.325944128321359022e-02,1.620630815243043477e-01,-2.098616677019831678e-01,6.320706774979682752e-02,-1.683729300225715944e-02,1.917671413821679313e-04,2.517401633525517910e-03,-7.503938999334160143e-02,2.641120729922353250e-01,-4.379565086725622503e-01,1.195925600043452164e+00,1.792396224702123286e-01,-1.119302625126195883e-01,1.147687907734326329e-01,-7.573400089108224542e-02,-2.937276562334792951e-01,5.109657766188164807e-01,1.086284160116667508e+00,-1.385882314287919248e-01,-9.748517870071080060e-02,-7.411636018494850708e-02
-5.307179943252797460e-03,-1.726438028224999005e-02,7.906804494422292606e-01,-1.677024088618154964e-03,1.536277376854973571e-02,7.240817156023109380e-01,6.895410371419211648e-01,3.384951463194330740e-02,3.139157698618546405e-02,2.528241770491056889e-02,1.058788499767353286e-01,-2.091956398298611131e-01,5.016955740481079951e-02,-2.427158569781553282e-02,-5.938894193924791620e-02,-2.304700937401804595e-02,1.610964384565452545e-01,-2.107014308896330013e-01,6.211125684151000415e-02,-1.661224801774307744e-02,-4.748897606210527277e-04,2.208032903703143965e-03,-7.770277728799789008e-02,2.631613010650760698e-01,-4.433580917065527149e-01,1.198852999294260036e+00,1.865180118553853017e-01,-1.098978992255078280e-01,1.156094697909964969e-01,-7.807320940546272348e-02,-2.905378800198644140e-01,5.185738756415734230e-01,1.088721450924696299e+00,-1.473664715814253234e-01,-9.652968702930866951e-02,-7.751999027652697882e-02
-5.307179943252797460e-03,-1.726438028224999005e-02,7.906804494422292606e-01,-1.677024088618154964e-03,1.536277376854973571e-02,7.240817156023109380e-01,6.895410371419211648e-01,3.355368567382258083e-02,3.137298359403611903e-02,2.467720743726056071e-02,1.064084728555518694e-01,-2.099306077532419323e-01,4.980610432609337834e-02,-2.435558545035729217e-02,-5.877506121429777047e-02,-2.283457746482250167e-02,1.601297953887861891e-01,-2.115411940772828903e-01,6.101544593322316690e-02,-1.638720303322899891e-02,-1.141546662624272519e-03,1.898664173880771321e-03,-8.036616458265417873e-02,2.622105291379168701e-01,-4.487596747405431796e-01,1.201780398545067907e+00,1.937964012405582470e-01,-1.078655359383960816e-01,1.164501488085603331e-01,-8.041241791984321541e-02,-2.873481038062495330e-01,5.261819746643302542e-01,1.091158741732725312e+00,-1.561447117340586943e-01,-9.557419535790651066e-02,-8.092362036810545056e-02
-5.307179943252797460e-03,-1.726438028224999005e-02,7.906804494422292606e-01,-1.677024088618154964e-03,1.536277376854973571e-02,7.240817156023109380e-01,6.895410371419211648e-01,3.325785671570186119e-02,3.135439020188676706e-02,2.407199716961054559e-02,1.069380957343684241e-01,-2.106655756766227794e-01,4.944265124737597106e-02,-2.443958520289905151e-02,-5.816118048934762474e-02,-2.262214555562695392e-02,1.591631523210270960e-01,-2.123809572649327237e-01,5.991963502493634353e-02,-1.616215804871491690e-02,-1.808203564627493178e-03,1.589295444058397592e-03,-8.302955187731048126e-02,2.612597572107576149e-01,-4.541612577745336443e-01,1.204707797795875557e+00,2.010747906257312201e-01,-1.058331726512843352e-01,1.172908278261241832e-01,-8.275162643422369346e-02,-2.841583275926347074e-01,5.337900736870870855e-01,1.093596032540754104e+00,-1.649229518866920929e-01,-9.461870368650437957e-02,-8.432725045968393618e-02
-5.307179943252797460e-03,-1.726438028224999005e-02,7.906804494422292606e-01,-1.677024088618154964e-03,1.536277376854973571e-02,7.240817156023109380e-01,6.895410371419211648e-01,3.296202775758112768e-02,3.133579680973741510e-02,2.346678690196053393e-02,1.074677186131849649e-01,-2.114005436000035987e-01,4.907919816865854989e-02,-2.452358495544080738e-02,-5.754729976439747902e-02,-2.240971364643140618e-02,1.581965092532680028e-01,-2.132207204525825850e-01,5.882382411664951322e-02,-1.593711306420083490e-02,-2.474860466630714271e-03,1.279926714236024297e-03,-8.569293917196675603e-02,2.603089852835984153e-01,-4.595628408085241090e-01,1.207635197046683428e+00,2.083531800109041654e-01,-1.038008093641725749e-01,1.181315068436880472e-01,-8.509083494860418539e-02,-2.809685513790198264e-01,5.413981727098440278e-01,1.096033323348782895e+00,-1.737011920393254916e-01,-9.366321201510223460e-02,-8.773088055126242180e-02
-5.307179943252797460e-03,-1.726438028224999005e-02,7.906804494422292606e-01,-1.677024088618154964e-03,1.536277376854973571e-02,7.240817156023109380e-01,6.895410371419211648e-01,3.266619879946040111e-02,3.131720341758807008e-02,2.286157663431052228e-02,1.079973414920015057e-01,-2.121355115233844457e-01,4.871574508994112873e-02,-2.460758470798256325e-02,-5.693341903944732635e-02,-2.219728173723585843e-02,1.572298661855089374e-01,-2.140604836402324462e-01,5.772801320836268291e-02,-1.571206807968675637e-02,-3.141517368633933195e-03,9.705579844136512195e-04,-8.835632646662304468e-02,2.593582133564392156e-01,-4.649644238425145737e-01,1.210562596297491300e+00,2.156315693960771385e-01,-1.017684460770608423e-01,1.189721858612518973e-01,-8.743004346298466345e-02,-2.777787751654049453e-01,5.490062717326009700e-01,1.098470614156811909e+00,-1.824794321919588624e-01,-9.270772034370010350e-02,-9.113451064284089354e-02
-5.307179943252797460e-03,-1.726438028224999005e-02,7.906804494422292606e-01,-1.677024088618154964e-03,1.536277376854973571e-02,7.240817156023109380e-01,6.895410371419211648e-01,3.237036984133967454e-02,3.129861002543871812e-02,2.225636636666051063e-02,1.085269643708180604e-01,-2.128704794467652373e-01,4.835229201122371451e-02,-2.469158446052432260e-02,-5.631953831449718756e-02,-2.198484982804031762e-02,1.562632231177498443e-01,-2.149002468278822797e-01,5.663220230007585954e-02,-1.548702309517267436e-02,-3.808174270637153854e-03,6.611892545912775995e-04,-9.101971376127934721e-02,2.584074414292800159e-01,-4.703660068765049829e-01,1.213489995548299172e+00,2.229099587812500838e-01,-9.973608278994908205e-02,1.198128648788157613e-01,-8.976925197736515538e-02,-2.745889989517901197e-01,5.566143707553578013e-01,1.100907904964840700e+00,-1.912576723445922333e-01,-9.175222867229795853e-02,-9.453814073441937915e-02
-5.307179943252797460e-03,-1.726438028224999005e-02,7.906804494422292606e-01,-1.677024088618154964e-03,1.536277376854973571e-02,7.240817156023109380e-01,6.895410371419211648e-01,3.207454088321894797e-02,3.128001663328936616e-02,2.165115609901049898e-02,1.090565872496346012e-01,-2.136054473701460843e-01,4.798883893250629334e-02,-2.477558421306607847e-02,-5.570565758954703489e-02,-2.177241791884476987e-02,1.552965800499907512e-01,-2.157400100155321410e-01,5.553639139178902923e-02,-1.526197811065859236e-02,-4.474831172640373646e-03,3.518205247689046300e-04,-9.368310105593563586e-02,2.574566695021207607e-01,-4.757675899104954476e-01,1.216417394799107043e+00,2.301883481664230291e-01,-9.770371950283733564e-02,1.206535438963796114e-01,-9.210846049174563344e-02,-2.713992227381752387e-01,5.642224697781146325e-01,1.103345195772869491e+00,-2.000359124972256319e-01,-9.079673700089582744e-02,-9.794177082599785089e-02
