1.358901049889730183e-03,-3.737261352513836232e-03,7.452348216895483546e-01,-8.188012857336612882e-03,2.340852978014438049e-02,6.582508888869446073e-01,7.523900347948052625e-01,2.088620677196721676e-02,-4.152740808665189576e-02,4.151859802063019578e-02,2.306748073624574347e-01,-3.503895671920278510e-01,6.583917428038854602e-02,-6.516790860164714538e-02,-4.077941967373092252e-02,-2.856444834650265913e-02,3.570615051454928413e-01,-3.627247038215783981e-01,1.116565396338519700e-01,5.842919273947397990e-03,-3.102374060987450263e-02,1.520298304995123910e-02,-4.575258731313307237e-02,3.049606326322431005e-01,-3.819200723818797494e-01,1.200308604877406093e+00,3.567614624865736439e-01,-6.706070458462611017e-02,-5.897104969926573320e-02,-9.501409957201641110e-02,-2.635066266130484669e-01,4.594670763931992252e-01,1.132940773381744703e+00,-1.971055394769135050e-01,5.585061795944601566e-03,1.149013139893879237e-01
6.318497655115100581e-04,-4.833979391948932045e-03,7.439094463410198532e-01,-3.451481958611520191e-03,2.314974881964847880e-02,6.591703259048048436e-01,7.516293354097024482e-01,3.891160571769935930e-03,-4.968213220613029030e-02,4.244090724603070963e-02,2.768781051554838890e-01,-3.718946949749080688e-01,6.647439897080074933e-02,-8.252177549637047804e-02,-5.126078083065201130e-02,-2.788351493229621406e-02,4.074857029540328024e-01,-3.864186578080468504e-01,1.131583254347129364e-01,1.946362427447017110e-03,-3.835855749782356161e-02,2.481874052322820962e-02,-5.812164151501059139e-02,2.942399477226819715e-01,-3.806579808691512579e-01,1.227637387437565231e+00,3.610856553735642960e-01,-8.168504569943679794e-02,-4.591067361749278514e-02,-1.071120107685487738e-01,-2.565439344200863836e-01,4.593467452396067241e-01,1.157669893980678877e+00,-1.981392448996460443e-01,-8.478763886115054868e-03,1.064016428619937032e-01
-5.807603262307546935e-05,-5.450548790501568222e-03,7.433011356853090890e-01,-2.872029786070317246e-03,2.373618159156946558e-02,6.601662982273487357e-01,7.507388386204356667e-01,-8.324519876603625468e-03,-5.235053133412765486e-02,4.272118065775330070e-02,2.992913772624318791e-01,-3.820898394796502506e-01,6.757204348974737984e-02,-9.452782879562753038e-02,-5.472516126707008266e-02,-2.704038484977439732e-02,4.313575399367988172e-01,-3.948944522870780904e-01,1.142663167818114556e-01,1.532524296238159498e-04,-4.244793883463809231e-02,2.630599684517170161e-02,-6.551493230007784940e-02,2.907394853154907088e-01,-3.796467394530447237e-01,1.237213231296533378e+00,3.616331232966446541e-01,-8.666460715457281749e-02,-4.294603162887104808e-02,-1.136006506592483478e-01,-2.539451595564325981e-01,4.578122768809568810e-01,1.168738865093576162e+00,-1.948631339026246356e-01,-1.263942862295120047e-02,1.048490695751373575e-01
-7.428582529877266827e-04,-6.010293040899142465e-03,7.431635676417743808e-01,-3.371112374807448860e-03,2.413761501041066654e-02,6.604165616952145657e-01,7.505038149014554572e-01,-1.674526828460449340e-02,-5.285773103806581247e-02,4.328364815241532437e-02,3.115946996240840372e-01,-3.862383218738307811e-01,6.870441827038882565e-02,-1.025833081778829425e-01,-5.546329018876160200e-02,-2.583573066084320774e-02,4.431337735597358218e-01,-3.961184467150387079e-01,1.156650446292497719e-01,-9.516768719218609250e-04,-4.486976287208598035e-02,2.577529509468163074e-02,-6.903439650917522763e-02,2.894525430975648517e-01,-3.783452591733968973e-01,1.240184723172790271e+00,3.604508792539555251e-01,-8.799291274311414612e-02,-4.294507672702829043e-02,-1.173351950421832601e-01,-2.525777054310988645e-01,4.552993112607797155e-01,1.173962085255652710e+00,-1.910081176446506435e-01,-1.327029676486378255e-02,1.039061035129543870e-01
-1.391035114041645152e-03,-6.576032429353431165e-03,7.430693807412975804e-01,-3.984745052793164412e-03,2.472047511695023292e-02,6.602211260685713068e-01,7.506537714616544621e-01,-2.336526151777583091e-02,-5.352145802636806143e-02,4.329136601011986107e-02,3.192593711087035602e-01,-3.886040066252468561e-01,6.882932583241613278e-02,-1.085524962217597200e-01,-5.602076512265280472e-02,-2.463589003096511298e-02,4.491041903489592646e-01,-3.967434712910084538e-01,1.156510867903660505e-01,-2.096744668003287446e-03,-4.586523329869757193e-02,2.525003727834966571e-02,-7.109608771866057775e-02,2.885463582883586175e-01,-3.778351530029368521e-01,1.241464168880135333e+00,3.579671811254857006e-01,-8.797071116508384248e-02,-4.419903713944541013e-02,-1.204005117773034594e-01,-2.522653212720351035e-01,4.536476718583848378e-01,1.175903530059162039e+00,-1.859221882034322593e-01,-1.318335321222756547e-02,1.057753589782978731e-01
-1.956637434242095193e-03,-7.150027932105770812e-03,7.431326519872881731e-01,-4.591061038477142059e-03,2.513918503984011871e-02,6.600685096432389320e-01,7.507706081829714773e-01,-2.802067840121055461e-02,-5.378165959304057747e-02,4.349609087534798968e-02,3.233365403886406808e-01,-3.886072621191328236e-01,6.876314804467910380e-02,-1.131162345935357305e-01,-5.618304300054037526e-02,-2.366235959778360473e-02,4.527909270072091874e-01,-3.957041182038775196e-01,1.156807721369719905e-01,-2.927825193742140172e-03,-4.689284936953693611e-02,2.457493831360733211e-02,-7.265930036739312592e-02,2.884642579407988849e-01,-3.782203044994279506e-01,1.240780472231163278e+00,3.558859532918103308e-01,-8.759851060415028978e-02,-4.555884908611296941e-02,-1.227286940754762079e-01,-2.527495813741597042e-01,4.531733793220378281e-01,1.175950960814498458e+00,-1.825563202963871312e-01,-1.197404411903526568e-02,1.073154121630699870e-01
-2.417040473643504266e-03,-7.726662967042764903e-03,7.431383974620613397e-01,-5.176726570451130327e-03,2.544926137460220422e-02,6.594830534980011816e-01,7.512706827412182209e-01,-3.119650881279618926e-02,-5.362540449830142941e-02,4.452488956776860102e-02,3.253947939896369435e-01,-3.893940607271290655e-01,6.884985877208463223e-02,-1.158430264888302558e-01,-5.588874857256762724e-02,-2.245259609098788217e-02,4.527591088766180216e-01,-3.948184965071478980e-01,1.166582404124940631e-01,-4.000807819403242628e-03,-4.810251415686268156e-02,2.377230173993135492e-02,-7.358729133281768919e-02,2.886636367853257501e-01,-3.776261820674569614e-01,1.240903943382458685e+00,3.549818500908314967e-01,-8.703441671477453456e-02,-4.676204358354868473e-02,-1.253227098384925298e-01,-2.523564981282088726e-01,4.515811916858258335e-01,1.176342613611452315e+00,-1.790133382000596296e-01,-1.097542383559626557e-02,1.095565409676476087e-01
-2.733540257735302299e-03,-8.312669758179579843e-03,7.434408185060101815e-01,-5.757861804067150070e-03,2.532367943108752850e-02,6.588792484079563083e-01,7.518003021447149381e-01,-3.377521724272368464e-02,-5.250787847906911165e-02,4.571601783475549852e-02,3.277352448155085307e-01,-3.880180645632579362e-01,6.951756769049813323e-02,-1.171943034242553944e-01,-5.482043670297996607e-02,-2.185203388355774767e-02,4.512360142621013592e-01,-3.901607092901806517e-01,1.198102861534032920e-01,-4.524825870955228625e-03,-4.890391011789639586e-02,2.324473622158006181e-02,-7.501838336524038753e-02,2.890985919205641963e-01,-3.782870446637960349e-01,1.241561586590676614e+00,3.602113621635886775e-01,-8.700635160941312674e-02,-4.745852669581115263e-02,-1.275520611194470022e-01,-2.516730878702247987e-01,4.489431787158486564e-01,1.177010997508576517e+00,-1.775949825116367731e-01,-9.646844387522965011e-03,1.112567518640154574e-01
-2.881878053630969501e-03,-8.913519486700591243e-03,7.435742385094840090e-01,-5.989807278841430618e-03,2.517252347706223567e-02,6.580111176758401959e-01,7.525635091376354779e-01,-3.508201062377726970e-02,-5.163429822626781213e-02,4.695601735946339922e-02,3.287203095855914525e-01,-3.873790803275125594e-01,6.914024443792288199e-02,-1.176049159105892611e-01,-5.395387208835053516e-02,-2.100182958359256974e-02,4.487553882730982990e-01,-3.876561960085614933e-01,1.203131430536353991e-01,-5.017297433069336891e-03,-4.903945957330653471e-02,2.327471938723493089e-02,-7.543885300516595116e-02,2.897128133171477660e-01,-3.776881584979980278e-01,1.241588559728534324e+00,3.628514823545298529e-01,-8.629283491121032823e-02,-4.702309236988121144e-02,-1.296509194746838789e-01,-2.516640699582819440e-01,4.483643193666816962e-01,1.175214208426401008e+00,-1.779054851346300037e-01,-9.079038788520768857e-03,1.125618888374658177e-01
-2.830598940388898838e-03,-9.494067980201206791e-03,7.437510991192763932e-01,-5.864665394333519639e-03,2.495870405699208983e-02,6.572118356680692886e-01,7.532697205180998168e-01,-3.590346682694653402e-02,-5.110751314614896124e-02,4.746476862763597537e-02,3.300401168217975689e-01,-3.857305591505894027e-01,6.882923404575258530e-02,-1.177834717589102687e-01,-5.334915519951138885e-02,-2.036036103457091948e-02,4.474082977782274928e-01,-3.852789252573793899e-01,1.204864243044551503e-01,-5.700116695128066950e-03,-4.899162029095087412e-02,2.393556451072041680e-02,-7.586197888030418723e-02,2.904535868690044098e-01,-3.774454869424840320e-01,1.242280816036524849e+00,3.658142195354086024e-01,-8.508850905444254042e-02,-4.593835283667066505e-02,-1.310563674310689097e-01,-2.518765920373826628e-01,4.480752059327561820e-01,1.171986496010232193e+00,-1.783050910914939502e-01,-8.017793590349311592e-03,1.133530325775182757e-01
-2.625618590315619439e-03,-1.007541965145718199e-02,7.437889803335930861e-01,-5.406339915235455588e-03,2.446672386537365740e-02,6.562311219568272014e-01,7.541437962930558347e-01,-3.667149756591742138e-02,-5.019812618452570291e-02,4.929104928986025036e-02,3.335787401204796665e-01,-3.859126972283628554e-01,6.919554954063932006e-02,-1.175102204068058931e-01,-5.251843234522883541e-02,-1.899405162055382845e-02,4.470611060558988270e-01,-3.843879971970337039e-01,1.211724852971373251e-01,-7.305569928493203802e-03,-4.953257844814211441e-02,2.521428153163170552e-02,-7.613634111659182968e-02,2.916410973682256325e-01,-3.781910652841128928e-01,1.243681563153316239e+00,3.677023587430263696e-01,-8.338194448856901808e-02,-4.389522118940042406e-02,-1.330755115116422360e-01,-2.516340921938725050e-01,4.488753993235422013e-01,1.168261037640888844e+00,-1.797059426438849528e-01,-6.265299737475668422e-03,1.133054620666593543e-01
-2.254723183162868697e-03,-1.056428947891249748e-02,7.438765116616128381e-01,-5.306131373433119018e-03,2.460540498309144591e-02,6.550360644150060585e-01,7.551782394449458868e-01,-3.771813752581325979e-02,-4.955520162820636898e-02,5.035392766006465542e-02,3.348468739376945225e-01,-3.850917835189499039e-01,6.813876016189653051e-02,-1.179711379254747977e-01,-5.182233459323494495e-02,-1.795585798098887909e-02,4.452159013228244588e-01,-3.833730638695502790e-01,1.221461091341170119e-01,-8.310382530317388800e-03,-4.932091039479170880e-02,2.628232687217588529e-02,-7.546129644853086238e-02,2.929875311197772669e-01,-3.776390146386678359e-01,1.243686177215886479e+00,3.698165774831584929e-01,-8.283372450040139834e-02,-4.288455752943962085e-02,-1.347390809756041641e-01,-2.509964598312176554e-01,4.483472701115885362e-01,1.164400272001976377e+00,-1.792813413271299172e-01,-5.513896597618814580e-03,1.132207411140533082e-01
-1.750105115102851359e-03,-1.096470026622197239e-02,7.440060298860569077e-01,-5.680830873728165767e-03,2.538816080861264896e-02,6.540429554422727554e-01,7.560099085909386396e-01,-3.979343586896510326e-02,-4.883225634183022829e-02,5.179100114600999893e-02,3.347420551506871678e-01,-3.836289357541321499e-01,6.706871862331573175e-02,-1.194163668090659075e-01,-5.122411745558665130e-02,-1.737420268791153161e-02,4.421571077173443998e-01,-3.818897889895659370e-01,1.236800828032543764e-01,-9.037805971187138840e-03,-4.947735398336708390e-02,2.631556593704122149e-02,-7.479969711677827982e-02,2.950049088035899825e-01,-3.781489460892648591e-01,1.243083718113928260e+00,3.720035097216330411e-01,-8.280029369257142779e-02,-4.294770232648404545e-02,-1.358540575898158631e-01,-2.499119122212439537e-01,4.472627421452355367e-01,1.160907215180871255e+00,-1.783475124299979953e-01,-4.778696256923967156e-03,1.141655928849340945e-01
-1.137748516635881703e-03,-1.127390295969569328e-02,7.441909634491109538e-01,-6.212624514779114225e-03,2.626636067687585299e-02,6.534402590288552748e-01,7.564967346087719813e-01,-4.176456059485648964e-02,-4.806594837772758949e-02,5.198075065285381879e-02,3.335064464577282006e-01,-3.812460054451338176e-01,6.534711795474663909e-02,-1.207022903240395073e-01,-5.049718071965672572e-02,-1.751708296333043952e-02,4.386159562042049598e-01,-3.798226644238222871e-01,1.235120327859669243e-01,-9.276700511092767637e-03,-4.910184425637217909e-02,2.567561222770441479e-02,-7.418704177028731528e-02,2.969462648397087068e-01,-3.795379915955212624e-01,1.241954277955443997e+00,3.736192168328645313e-01,-8.321555480831058227e-02,-4.386695599724623612e-02,-1.363789712089811257e-01,-2.493072670687463133e-01,4.473002252427669134e-01,1.157837655689974321e+00,-1.790288663519449541e-01,-4.324158492857946984e-03,1.140796038635236709e-01
-4.646914599206856695e-04,-1.151531588384306290e-02,7.443116121587025624e-01,-6.612329512503378401e-03,2.698968546820183431e-02,6.526108409690400958e-01,7.571835472502222997e-01,-4.282070141812443359e-02,-4.697325367412374247e-02,5.347508386568065875e-02,3.318531680334693146e-01,-3.794239503593067053e-01,6.440984777110958515e-02,-1.216712108380782337e-01,-4.963881089506397282e-02,-1.739045255611093577e-02,4.352954757246623174e-01,-3.781161227913927836e-01,1.246133767941672160e-01,-9.977922545718612840e-03,-4.906377155158134218e-02,2.509526116453798458e-02,-7.338917483657983465e-02,2.987569732841293124e-01,-3.804954187516955688e-01,1.241894878897291665e+00,3.737480709306865156e-01,-8.351971606861594011e-02,-4.386976531433263438e-02,-1.372801887063302972e-01,-2.479854975370832382e-01,4.470008879607605956e-01,1.155310200831715539e+00,-1.788794043938254086e-01,-4.231375150413710894e-03,1.139954473758284376e-01
2.510267628447270622e-04,-1.169473686797212891e-02,7.443308131054190424e-01,-7.025992603406929458e-03,2.795962010398278172e-02,6.520347824182456398e-01,7.576407708065681090e-01,-4.395149386179102863e-02,-4.624480091757293687e-02,5.414531545922151440e-02,3.293942004388656364e-01,-3.779059572912503162e-01,6.115171801389711337e-02,-1.222324076106379998e-01,-4.933881208203200197e-02,-1.829545202572618184e-02,4.309712999964380176e-01,-3.780025105740768554e-01,1.238735741877343421e-01,-9.705014055008207713e-03,-4.793395031270643314e-02,2.494931793423144431e-02,-7.273908275772479615e-02,3.000173988805339698e-01,-3.798680612591208150e-01,1.241486625935022792e+00,3.709069985901998767e-01,-8.368534593004525735e-02,-4.364174782483667275e-02,-1.373717184935995261e-01,-2.473435728085192076e-01,4.465179059465198552e-01,1.151851954426114766e+00,-1.772477592015020142e-01,-5.660074617709332651e-03,1.138912083617302784e-01
9.669933318382408893e-04,-1.180698961677758077e-02,7.443651171758816076e-01,-7.318277195829131325e-03,2.879601553918137782e-02,6.517065519935164586e-01,7.578890435919204416e-01,-4.447527641589903158e-02,-4.563796632126491254e-02,5.491147554407339870e-02,3.267646935833318222e-01,-3.765257978868986610e-01,5.932399481607186775e-02,-1.222723057009661579e-01,-4.908650843067517699e-02,-1.925779695065539532e-02,4.267907988765246019e-01,-3.777464110483196857e-01,1.232679635464780099e-01,-9.959895997204249590e-03,-4.757094444882453699e-02,2.396467069629194119e-02,-7.267429480084504345e-02,3.011582192547820336e-01,-3.801458782790111957e-01,1.242709084700880151e+00,3.702701499142446173e-01,-8.392549522094830405e-02,-4.321092498220163031e-02,-1.378485831577326848e-01,-2.458652721604999702e-01,4.454783452451430703e-01,1.151394110316238839e+00,-1.775981139025234468e-01,-5.641793687623531013e-03,1.124169032470185431e-01
1.660031764106891222e-03,-1.187321944543556426e-02,7.444039568758065162e-01,-7.466134806540114348e-03,2.947804946501665288e-02,6.518394727563282531e-01,7.577470575248327345e-01,-4.401399415856561970e-02,-4.520183761009106266e-02,5.567410749596333336e-02,3.229474563047929903e-01,-3.748280957934215230e-01,5.864271080468526354e-02,-1.228536283042087618e-01,-4.870688810723793061e-02,-1.937333328391546011e-02,4.252691775441913014e-01,-3.779075329338283384e-01,1.215736564153712534e-01,-1.149313886244919362e-02,-4.727823613338721920e-02,2.330633289795054630e-02,-7.256016030162942831e-02,3.025004045332378433e-01,-3.810283129889136533e-01,1.243885565116708891e+00,3.701238158484643770e-01,-8.369757884590099672e-02,-4.329943292950363953e-02,-1.386052179373677418e-01,-2.442060945130628269e-01,4.449390037441772194e-01,1.151182817636451361e+00,-1.786355124378099513e-01,-5.122155671690915325e-03,1.114569046271620678e-01
2.325977637716997171e-03,-1.191296900158174236e-02,7.444132373478791198e-01,-7.401056476818292790e-03,2.986896195967783316e-02,6.525014833236935097e-01,7.571623892764748343e-01,-4.272284742420843356e-02,-4.501281372872890929e-02,5.510871406740252415e-02,3.187775429111192604e-01,-3.732567176869223680e-01,5.759804119756577190e-02,-1.227032671403514713e-01,-4.849780557968995376e-02,-1.998809442770648273e-02,4.245650458108349845e-01,-3.786640522912763096e-01,1.191557784233259892e-01,-1.223825992261881081e-02,-4.700298423432672235e-02,2.330145716852711005e-02,-7.278936851632038241e-02,3.035179494001332134e-01,-3.796542884887352254e-01,1.243912968867439739e+00,3.690411558787690671e-01,-8.309900987929161320e-02,-4.356325072646734936e-02,-1.389164975930832213e-01,-2.424979049168631828e-01,4.437032019996324794e-01,1.152308536193514366e+00,-1.794820178089515106e-01,-4.529327438941401114e-03,1.103487152344970468e-01
2.951023839365421453e-03,-1.191576873580698498e-02,7.444711996939190612e-01,-7.417211685121300781e-03,3.032064348913934490e-02,6.526756456379059212e-01,7.569941513250714182e-01,-4.149725573378010984e-02,-4.496280308518572216e-02,5.408969724193238293e-02,3.146712393140808084e-01,-3.714559408127585671e-01,5.727743145190907631e-02,-1.223223682477685148e-01,-4.822759332372537899e-02,-2.057120732705076949e-02,4.226394679833411216e-01,-3.788637495881607142e-01,1.182850445778654697e-01,-1.259142089767934652e-02,-4.630734981893955965e-02,2.337541322855497816e-02,-7.291658730997752080e-02,3.044136808605283351e-01,-3.789559023778924507e-01,1.244332430911381016e+00,3.697045206201683420e-01,-8.281106720355231599e-02,-4.326132252159024805e-02,-1.394300143756150023e-01,-2.412164010020852178e-01,4.424848534362331165e-01,1.152889846443099220e+00,-1.797831465392009664e-01,-4.890227404004176062e-03,1.096321918404347256e-01
3.520619695978553440e-03,-1.190394995099200437e-02,7.445155556733052959e-01,-7.245715689559701668e-03,3.039701197555614090e-02,6.526857827527868805e-01,7.569840092495256911e-01,-3.958280376349569696e-02,-4.448153376194778630e-02,5.438733197713102596e-02,3.113476756880517171e-01,-3.703043769160904164e-01,5.687382425649329526e-02,-1.203366491910321245e-01,-4.773127324358686363e-02,-2.070864402435661569e-02,4.190638201340887159e-01,-3.786061516478769207e-01,1.191102263836882474e-01,-1.262404445506740830e-02,-4.683736314200147993e-02,2.334033163226870503e-02,-7.324855267247522284e-02,3.051606880470709160e-01,-3.771332002898467595e-01,1.246038173187344222e+00,3.704495506097683633e-01,-8.266903598155550537e-02,-4.206340282327911129e-02,-1.397965303131487036e-01,-2.385793616523906591e-01,4.397339934481320767e-01,1.154995474420865698e+00,-1.774098569896348510e-01,-5.638037574804384902e-03,1.088075647041473332e-01
4.056451924284129248e-03,-1.190486515263046788e-02,7.445455853494377108e-01,-6.755557415611582184e-03,3.008372670099392771e-02,6.526565793433647400e-01,7.570262355239759655e-01,-3.765276748985794952e-02,-4.393643230112596193e-02,5.477356446555976810e-02,3.102842871437261341e-01,-3.696675427473785081e-01,5.681568578102313971e-02,-1.177898703952352244e-01,-4.734120537960175013e-02,-2.107634223072265070e-02,4.166451423101097395e-01,-3.784123734115941717e-01,1.197409141013172362e-01,-1.277203356713172387e-02,-4.689964275181538605e-02,2.411378340399390058e-02,-7.342360359972474604e-02,3.058048206261182456e-01,-3.758315805830717005e-01,1.247756883389220750e+00,3.709531792711082687e-01,-8.307693625487214129e-02,-4.059550941565255588e-02,-1.405367370646442016e-01,-2.361598062144389665e-01,4.377436299380753071e-01,1.157238751333743210e+00,-1.754126284691949200e-01,-6.591612914785715226e-03,1.077986210687983532e-01
4.572269912682147205e-03,-1.189607290970123507e-02,7.445924744722985933e-01,-6.443346232487451135e-03,3.003616021395193181e-02,6.528617086801475899e-01,7.568539500512421192e-01,-3.604174744930615376e-02,-4.366786140679868727e-02,5.445088148579337733e-02,3.082214762479529302e-01,-3.685890658952393206e-01,5.551130109932303491e-02,-1.154914587362851769e-01,-4.715323030543075444e-02,-2.196112970686933674e-02,4.135254094351339949e-01,-3.782194283621042596e-01,1.188973403815598850e-01,-1.268402285024879290e-02,-4.620718658724311950e-02,2.496666163271939187e-02,-7.399082896512584884e-02,3.061832967517581494e-01,-3.752617413381798550e-01,1.249036044412768609e+00,3.709780784736430581e-01,-8.314225762952154319e-02,-3.986315405784267990e-02,-1.409884718144955584e-01,-2.349965304196033333e-01,4.375827593894254797e-01,1.158193213948111255e+00,-1.749433546702887921e-01,-6.793584487976416300e-03,1.067556728111263842e-01
5.055813429133779874e-03,-1.190038083068387445e-02,7.445949717948441293e-01,-6.327599118169673423e-03,3.002797316929879667e-02,6.532269071475417244e-01,7.565400783138991336e-01,-3.493720389125205134e-02,-4.324179236755429367e-02,5.388704484366961533e-02,3.063923522901324525e-01,-3.683622941038622312e-01,5.519863918990931817e-02,-1.141200447349026287e-01,-4.651008738250897445e-02,-2.194844066004784586e-02,4.116341107663329391e-01,-3.783739139467927615e-01,1.177750745516465969e-01,-1.307802768482838919e-02,-4.579002747420175823e-02,2.601119187831429924e-02,-7.448298118378053612e-02,3.067622404921332424e-01,-3.742030878503391778e-01,1.249796514421072313e+00,3.702198917831091562e-01,-8.264323762412607854e-02,-3.887817859720871239e-02,-1.414380739562529632e-01,-2.339960437284694106e-01,4.374383327766205865e-01,1.158873645965791566e+00,-1.747123420612455014e-01,-6.602855081505177096e-03,1.054702894072827302e-01
5.501125683973271188e-03,-1.193957140766624403e-02,7.446355807854305731e-01,-5.948004004541156305e-03,2.978694471014796397e-02,6.535592922623185697e-01,7.562655688782705665e-01,-3.404582828980366044e-02,-4.300452175534907884e-02,5.284673992580971036e-02,3.063398786886074032e-01,-3.676599651629657295e-01,5.506818102155685429e-02,-1.133453290248166573e-01,-4.618609329768301464e-02,-2.240952374808578146e-02,4.124623200000440137e-01,-3.785983811613305994e-01,1.160148061985454698e-01,-1.347249372754930757e-02,-4.510996135867725160e-02,2.705450971488625178e-02,-7.477766013760633879e-02,3.071317565267428495e-01,-3.742021177648259256e-01,1.250160055393500613e+00,3.699393860271600332e-01,-8.171711467704337317e-02,-3.848958801148426312e-02,-1.419484607995248893e-01,-2.332800949893701070e-01,4.378852201936337951e-01,1.159697436525922054e+00,-1.754464594526397858e-01,-5.726891465531351762e-03,1.048117181801325043e-01
5.890724089997261340e-03,-1.198036304011997760e-02,7.446484200437643031e-01,-5.689533790408554670e-03,2.968088110034463808e-02,6.540448338417782503e-01,7.558518570640915257e-01,-3.359537074801081935e-02,-4.281763145012686123e-02,5.190443328846811033e-02,3.062883098561371420e-01,-3.673029803569350382e-01,5.439358358110633201e-02,-1.120583956404871268e-01,-4.616218815284568733e-02,-2.364899790296248056e-02,4.116113312045531214e-01,-3.789438189455524020e-01,1.156726948629665380e-01,-1.347511747626708653e-02,-4.400584805862138571e-02,2.755058790981911726e-02,-7.553089039782895364e-02,3.071158327119489218e-01,-3.752274890231829252e-01,1.251036157578267360e+00,3.711716193968973565e-01,-8.226800484408536285e-02,-3.834639245780004091e-02,-1.419797768985581743e-01,-2.329301869751994880e-01,4.383711778568699646e-01,1.160483160711650585e+00,-1.762556125531468953e-01,-6.062865493022056088e-03,1.047325715112171624e-01
6.205527542740887567e-03,-1.201629338660615762e-02,7.446571693276975434e-01,-5.550294138426200945e-03,2.960407917184285781e-02,6.543578734889652360e-01,7.555849165609139773e-01,-3.372714410426876086e-02,-4.256891026448312437e-02,5.097913895894189140e-02,3.070719787075848473e-01,-3.672000430140356375e-01,5.407896321058605626e-02,-1.112314486461844082e-01,-4.603221421917531864e-02,-2.470776321893328187e-02,4.110676710118689181e-01,-3.791659843567194987e-01,1.155207074228874475e-01,-1.314663715793496987e-02,-4.299776625038963934e-02,2.779114974762738818e-02,-7.602640053407329346e-02,3.071115868706986163e-01,-3.763136999107314917e-01,1.251520106668734478e+00,3.724604192166313665e-01,-8.245226619251620759e-02,-3.780416228318779492e-02,-1.420280225047016176e-01,-2.327603793150517242e-01,4.390772536224819556e-01,1.161639219140424339e+00,-1.772863824828831425e-01,-5.815724360531753304e-03,1.049195690619280780e-01
6.442091992055489456e-03,-1.206641981706718832e-02,7.446124802984912527e-01,-5.311014423683731514e-03,2.927537498232510652e-02,6.548480913694065819e-01,7.551746306486206706e-01,-3.380770060549125738e-02,-4.220711845897925224e-02,5.030935575457107928e-02,3.087848814031025069e-01,-3.681112030426293424e-01,5.464138003477519989e-02,-1.109756891774226484e-01,-4.584825459875111614e-02,-2.560632089807537287e-02,4.128647825761901924e-01,-3.797601577732506728e-01,1.153244399444017937e-01,-1.345853369648915623e-02,-4.229809184429837721e-02,2.822291517091501251e-02,-7.626595449287859596e-02,3.071776799134634528e-01,-3.777034541712726012e-01,1.251434361902116210e+00,3.730030820012680826e-01,-8.258538626891720469e-02,-3.725745167419267784e-02,-1.419285112054762266e-01,-2.326613789954468936e-01,4.398021684432598666e-01,1.162210012845136475e+00,-1.779004038188979064e-01,-5.750036966223333150e-03,1.053385058312167194e-01
6.616066620243417698e-03,-1.208439654471771957e-02,7.445722165352477440e-01,-5.244393335238082057e-03,2.893520031690796634e-02,6.552844874760967997e-01,7.548095726700573271e-01,-3.393822519965773721e-02,-4.160617965028282073e-02,4.994903959517299485e-02,3.103363413644217861e-01,-3.692261128442184126e-01,5.574697909552591563e-02,-1.108589803622769543e-01,-4.521576523346763909e-02,-2.562609531404812929e-02,4.144252543882840367e-01,-3.800851429157810490e-01,1.157847017835403336e-01,-1.387091346265606137e-02,-4.234260389535113300e-02,2.888142087595453600e-02,-7.644801790030084088e-02,3.074671644968782203e-01,-3.783162500068557033e-01,1.251228596705141305e+00,3.724092789700417239e-01,-8.223702671340474279e-02,-3.708998361059666349e-02,-1.420747215193539359e-01,-2.321808547830854497e-01,4.401245676540392893e-01,1.163364800162610013e+00,-1.778907495447488996e-01,-5.371031098805705874e-03,1.059238166802153602e-01
6.758403192025757775e-03,-1.208433936883461339e-02,7.445170680652918316e-01,-5.039159216731865613e-03,2.880291735204949799e-02,6.554987031069902104e-01,7.546300080512656772e-01,-3.385703541253936438e-02,-4.162159252820846894e-02,4.957545775251819692e-02,3.112230145806665904e-01,-3.698040741519437735e-01,5.614509437213877768e-02,-1.114427735750142257e-01,-4.522204471039173446e-02,-2.570875630362755987e-02,4.170242529803469544e-01,-3.810906875082443745e-01,1.151967127107372257e-01,-1.425372025277707629e-02,-4.219891376767737068e-02,2.898316612816411592e-02,-7.625020783918481926e-02,3.080282422368063044e-01,-3.801193146085429797e-01,1.250755294139899831e+00,3.725755682700608862e-01,-8.218109667730751078e-02,-3.702649990182714512e-02,-1.420405205453065534e-01,-2.320557888587568285e-01,4.407027682128043522e-01,1.163430899183724554e+00,-1.785176387671749965e-01,-4.880390069470743469e-03,1.052898677539577249e-01
6.883011774635241879e-03,-1.204670597358446435e-02,7.444743142118492862e-01,-4.970702746370445069e-03,2.886409032966648011e-02,6.553315187011855558e-01,7.547733149763877769e-01,-3.364936037909098399e-02,-4.161759076412278879e-02,4.985849275915051754e-02,3.111458784434424363e-01,-3.701548448473934716e-01,5.652335924626320646e-02,-1.120772018678927867e-01,-4.515274726632857727e-02,-2.529088090334972658e-02,4.183765733942906295e-01,-3.818987097308191303e-01,1.152434465115984713e-01,-1.466967381014164240e-02,-4.242303816007704509e-02,2.878279201404148127e-02,-7.542605399049022441e-02,3.086733811643337932e-01,-3.817283568680223671e-01,1.250034705982272731e+00,3.733508988231071246e-01,-8.211787345033680352e-02,-3.683667910721869637e-02,-1.420370545293720699e-01,-2.319273130644107783e-01,4.416469894279475561e-01,1.163002546181524988e+00,-1.791547653371544646e-01,-4.502774038416727451e-03,1.052006901477194334e-01
7.015219558590337669e-03,-1.197472397070285105e-02,7.445236645912919338e-01,-4.993363745150697017e-03,2.899281663541272355e-02,6.548627249789047422e-01,7.551750090775364299e-01,-3.301160346218082881e-02,-4.167667348446685294e-02,4.954498881278709965e-02,3.098615829679241540e-01,-3.693054029778096714e-01,5.665193638977786966e-02,-1.119479103952256138e-01,-4.503083575919078485e-02,-2.514286680588071962e-02,4.174953795343647744e-01,-3.816353341013344336e-01,1.160828947064357353e-01,-1.472158918266038355e-02,-4.238644845336173722e-02,2.830566427834870294e-02,-7.416905538376650231e-02,3.095217212388463035e-01,-3.839349004166435764e-01,1.248413483406551894e+00,3.750867677350165352e-01,-8.253098159353977614e-02,-3.683170452263669070e-02,-1.422420546046278822e-01,-2.320235727314013119e-01,4.423966265519350127e-01,1.162688663443413928e+00,-1.798056623982699498e-01,-4.212899947562428679e-03,1.040162858196713447e-01
7.157913994652049215e-03,-1.189584781764124397e-02,7.445532503683890413e-01,-5.041926307825719301e-03,2.928200895015714220e-02,6.542470951100659571e-01,7.556969508149342651e-01,-3.236643494857674441e-02,-4.170023016035106361e-02,5.021736321549831461e-02,3.080532986437562459e-01,-3.683940316664209846e-01,5.628609729945769496e-02,-1.116386782638150998e-01,-4.504951346677084356e-02,-2.492675717231040283e-02,4.155009812171663319e-01,-3.815231921958561201e-01,1.161446043791103250e-01,-1.474864595991066778e-02,-4.239739214989730887e-02,2.784157505113427772e-02,-7.282908966118900596e-02,3.102560053023823983e-01,-3.852590110625162545e-01,1.247574355736426721e+00,3.762259213193728802e-01,-8.281551437667977744e-02,-3.759792088075768202e-02,-1.423188531356571196e-01,-2.321757695420078038e-01,4.437431432860741154e-01,1.161382360179483930e+00,-1.810747050019100579e-01,-4.160275476752504399e-03,1.036402749614901003e-01
7.316315834616044129e-03,-1.183440894338710220e-02,7.445928606452165699e-01,-5.096488280100824192e-03,2.938556269640621096e-02,6.539104957537823504e-01,7.559838477476014118e-01,-3.123426206101822741e-02,-4.147563920683231681e-02,5.057981807212185571e-02,3.056627895868757605e-01,-3.675293586259971157e-01,5.581026574428633868e-02,-1.108517158327504692e-01,-4.470953915496175823e-02,-2.456541483110222940e-02,4.133028654713253314e-01,-3.811013761496249153e-01,1.163215734572728144e-01,-1.469668194040497401e-02,-4.272462640708114823e-02,2.742530144455394836e-02,-7.162684558397856838e-02,3.111974860930316611e-01,-3.858774535838427888e-01,1.246110308215454099e+00,3.767315621784392832e-01,-8.303603146986460182e-02,-3.795377281898835303e-02,-1.420687662722510680e-01,-2.321608430506732212e-01,4.452719717688188306e-01,1.160243039623132910e+00,-1.817453160952354208e-01,-4.276327481520535156e-03,1.031775457298376442e-01
7.478450563571722477e-03,-1.181061204962168161e-02,7.446686072880870366e-01,-5.002378240629409660e-03,2.934147390796766272e-02,6.533442798159128095e-01,7.564755819936765935e-01,-2.994227865577424319e-02,-4.121920391289628921e-02,5.108382844214492957e-02,3.039319387970280673e-01,-3.663293931236781820e-01,5.559177799753964311e-02,-1.098853098495303215e-01,-4.430442008061047376e-02,-2.390851668568547833e-02,4.113565299089164684e-01,-3.802825033525817355e-01,1.162386528429513594e-01,-1.474169079337299057e-02,-4.287780534159372353e-02,2.705724433714870591e-02,-7.036697172137731937e-02,3.118998869436802046e-01,-3.859414525863616996e-01,1.245608597504613169e+00,3.770955830905514672e-01,-8.281613428979295310e-02,-3.807064309216464520e-02,-1.420473303334431892e-01,-2.319777154159571031e-01,4.466907693831558279e-01,1.159062125971827895e+00,-1.827878030315311653e-01,-4.257532692423886093e-03,1.021598451736418778e-01
7.631529051212938147e-03,-1.183905594216313160e-02,7.447278261504036712e-01,-4.768402359322568805e-03,2.926993072949093250e-02,6.526707048297440972e-01,7.570610837647612223e-01,-2.866232714635361112e-02,-4.121554517723192979e-02,5.147525763690801587e-02,3.026271225041055057e-01,-3.653157818589015671e-01,5.561663885655081241e-02,-1.089761951412095836e-01,-4.413609642122889171e-02,-2.336039411064112434e-02,4.097816816026632614e-01,-3.797465090103203100e-01,1.160321904638027674e-01,-1.462019008626846452e-02,-4.314835878318381418e-02,2.674715592399498285e-02,-6.951828240806984249e-02,3.124871156758159407e-01,-3.868733638842734024e-01,1.246074361034357203e+00,3.780556702644091716e-01,-8.259552144083194547e-02,-3.816060764856548521e-02,-1.420823615796791284e-01,-2.318741382563873910e-01,4.487717971239543191e-01,1.157697410776056701e+00,-1.845870726694239794e-01,-4.270949431200162828e-03,1.014326163283162524e-01
7.765503416442541031e-03,-1.191379713557383889e-02,7.447858536028533205e-01,-4.653574481811300657e-03,2.921657283215571554e-02,6.521166839685660355e-01,7.575411319567580959e-01,-2.758875146774077136e-02,-4.111295706706011299e-02,5.164016333657310553e-02,3.011010475250575635e-01,-3.644118960796704498e-01,5.582321472275066782e-02,-1.083321277417412937e-01,-4.367402098366017504e-02,-2.227336150991941766e-02,4.082789726914491935e-01,-3.791466264556723198e-01,1.162557572024032343e-01,-1.450732685931827894e-02,-4.346663906110050102e-02,2.672681208666254429e-02,-6.893346178683670833e-02,3.131444869331424519e-01,-3.878241292503369908e-01,1.246116184716169473e+00,3.785196976232229615e-01,-8.254881163867912319e-02,-3.825179153832240081e-02,-1.422875272854643991e-01,-2.319051222311260541e-01,4.511433485627890372e-01,1.156273632303842058e+00,-1.860066987142527661e-01,-4.498570773649666378e-03,1.014193460592662382e-01
7.871719431530570937e-03,-1.205362700915278695e-02,7.448089777140832757e-01,-4.306932742093737450e-03,2.900026468935805804e-02,6.514767948037264444e-01,7.581018538498405235e-01,-2.675878315781427333e-02,-4.105900589049869820e-02,5.232826291396187185e-02,3.012093688799001856e-01,-3.640558351483862976e-01,5.586697356387183844e-02,-1.075321810756542512e-01,-4.357657157013908322e-02,-2.170653055400019460e-02,4.074426814858677082e-01,-3.789056836779435278e-01,1.167027895968092005e-01,-1.408570395412683286e-02,-4.407708386927673694e-02,2.698201430829002406e-02,-6.838810187739106927e-02,3.138697345699514307e-01,-3.884883626093856290e-01,1.245706869861943789e+00,3.784506067351318115e-01,-8.288256424742880546e-02,-3.835656393322512542e-02,-1.423392436260617067e-01,-2.319595073567284060e-01,4.534589697758951155e-01,1.154288314643032054e+00,-1.867545597021077475e-01,-5.082341183406800800e-03,1.017552201577375526e-01
7.953390495005804861e-03,-1.221418844120680802e-02,7.448276156538323756e-01,-4.050826515296981727e-03,2.879761993777433735e-02,6.508344381515579480e-01,7.586625218148104199e-01,-2.644746603446503086e-02,-4.094730534913796488e-02,5.263401358936081742e-02,3.020235608852250841e-01,-3.640395763959198838e-01,5.593064521167970260e-02,-1.064205092754498538e-01,-4.327511591561929161e-02,-2.082001681196767734e-02,4.055574651569588962e-01,-3.784747865295728930e-01,1.173459521259897914e-01,-1.366811787878606174e-02,-4.455002108238526742e-02,2.728241154936860563e-02,-6.818105022428608275e-02,3.142005742526791101e-01,-3.889378272059424990e-01,1.246265910903643359e+00,3.787713150971269704e-01,-8.336169014783943731e-02,-3.831808011449831103e-02,-1.425513636228103176e-01,-2.320862817184032867e-01,4.559521118247568117e-01,1.152495142864352839e+00,-1.872534278797973739e-01,-6.150292413420081067e-03,1.021359267728682713e-01
8.018127405362156929e-03,-1.239324753068395471e-02,7.448373865303947738e-01,-3.749550680047651803e-03,2.861552847551166942e-02,6.503348432401911960e-01,7.590992583763468415e-01,-2.633328156538370518e-02,-4.104437651840774776e-02,5.247269538907620157e-02,3.030667762565875667e-01,-3.639961610067914410e-01,5.566636880026260698e-02,-1.053691267787962432e-01,-4.318995353970889184e-02,-2.027106367795376146e-02,4.039530449805520673e-01,-3.782633535331701991e-01,1.172053219487739634e-01,-1.342577320679389993e-02,-4.457087216965546078e-02,2.718437199615239552e-02,-6.782735510190367190e-02,3.144166286318996195e-01,-3.891936241039276601e-01,1.246442886910709369e+00,3.786981119921449257e-01,-8.386886322382905434e-02,-3.853551215620442533e-02,-1.424194183239766709e-01,-2.324269549715512750e-01,4.579016810301784202e-01,1.150334979677698488e+00,-1.869647022754207522e-01,-7.065757906211105055e-03,1.029551017746765107e-01
8.057450619295554797e-03,-1.256226681134059789e-02,7.448623365929635254e-01,-3.744381091878165417e-03,2.843815417200924386e-02,6.498338888388345280e-01,7.595348365375506061e-01,-2.683290765339057735e-02,-4.053424037142867864e-02,5.300534516974310384e-02,3.046045645219933595e-01,-3.644370605550991127e-01,5.586008489967614343e-02,-1.045583494068027947e-01,-4.255465799443078345e-02,-1.950621167811140283e-02,4.019159911670155960e-01,-3.773840195125006680e-01,1.176851048235801334e-01,-1.329134182447746192e-02,-4.477315151621866218e-02,2.718142490900764957e-02,-6.761948740976109207e-02,3.148703109332688932e-01,-3.901548026844347539e-01,1.246467118817967679e+00,3.789018306770236544e-01,-8.433590145216399159e-02,-3.883759581849952763e-02,-1.426903818996616835e-01,-2.329134344008523538e-01,4.607129614784160609e-01,1.148489116587710024e+00,-1.879186329521268239e-01,-7.766039577229470574e-03,1.037180283179417600e-01
8.085361604566236593e-03,-1.272330778445894539e-02,7.449039796326650809e-01,-3.686104236266532323e-03,2.826791644217379468e-02,6.490811784494312509e-01,7.601848204997742053e-01,-2.748903686387129883e-02,-4.010803492725717456e-02,5.376707577798401499e-02,3.067547421920832074e-01,-3.646961195311367310e-01,5.626831609316572391e-02,-1.041177646072102281e-01,-4.196242392556631673e-02,-1.837709603898839833e-02,4.004999230323419979e-01,-3.764212158309059864e-01,1.184143161766998409e-01,-1.277506500028528259e-02,-4.530449623181904972e-02,2.748985367613083347e-02,-6.695131057276001996e-02,3.158817418684089495e-01,-3.910919022537914236e-01,1.244815895171218934e+00,3.776617179894901644e-01,-8.550820450756915769e-02,-3.959815315050603524e-02,-1.428786550582931691e-01,-2.334062084456407504e-01,4.638841577801163241e-01,1.145669030258918974e+00,-1.884483101516961634e-01,-8.450068345576586260e-03,1.051146498955429220e-01
8.120102505808584822e-03,-1.283702466517986501e-02,7.449127363740921659e-01,-3.730894242328544608e-03,2.817515764640497397e-02,6.485266218168301844e-01,7.606612003478298023e-01,-2.773612273466340497e-02,-3.966528070434628683e-02,5.422790531032851274e-02,3.075633891932962327e-01,-3.651107985334107742e-01,5.551356436080900902e-02,-1.028748309626327240e-01,-4.144724653575002082e-02,-1.791718596949163841e-02,3.972472553032697640e-01,-3.756327853880985779e-01,1.187128181143250888e-01,-1.213230944247260974e-02,-4.566524886886013518e-02,2.744150998882810555e-02,-6.647052173110984397e-02,3.167188575282484653e-01,-3.914109536400504630e-01,1.243818207922490648e+00,3.766850788629934610e-01,-8.603175962135610477e-02,-4.005841367727000502e-02,-1.428188931964564090e-01,-2.337024923132707821e-01,4.658542320204729914e-01,1.143670327836542322e+00,-1.890282746685666981e-01,-8.769647117881815626e-03,1.059914918097315945e-01
8.165203707200171038e-03,-1.292157250980949940e-02,7.449188191001556714e-01,-3.646963771309204468e-03,2.778618530249776092e-02,6.480675373746193069e-01,7.610670762572639969e-01,-2.712716241921110660e-02,-3.895421514948862324e-02,5.501436283515620529e-02,3.081238375797980544e-01,-3.657738801182050525e-01,5.573481402659284656e-02,-1.016905586685833141e-01,-4.066624210951691465e-02,-1.733513719511523346e-02,3.957407166629408057e-01,-3.750976253748553035e-01,1.181064034023664028e-01,-1.182450836127718445e-02,-4.615127045265058486e-02,2.735927468700592724e-02,-6.589100535808521675e-02,3.176240683371876483e-01,-3.922990988789232247e-01,1.243107821699175330e+00,3.756305600033089109e-01,-8.598005533864581940e-02,-3.987346447695086504e-02,-1.427514865843827752e-01,-2.339292453311861142e-01,4.685784356320936705e-01,1.141917266515749541e+00,-1.898163548130084033e-01,-9.113506861934770470e-03,1.057670884809110978e-01
8.234794970965140029e-03,-1.295894751951101251e-02,7.449043148311340623e-01,-3.563504668167545922e-03,2.742789257890092952e-02,6.477967238571628039e-01,7.613109855394751824e-01,-2.654464294699861171e-02,-3.842840397085271059e-02,5.497573253897036771e-02,3.086747168716805212e-01,-3.665918178851861331e-01,5.610986910456504384e-02,-1.003734910970085492e-01,-3.997660986983822551e-02,-1.700261585162152200e-02,3.943114074310770656e-01,-3.749775485165677269e-01,1.177614560066914118e-01,-1.133027535012440593e-02,-4.594783004318260533e-02,2.760004603095711495e-02,-6.549926457962440551e-02,3.182866435296861640e-01,-3.935104520553245888e-01,1.242529862481189129e+00,3.764494546930587937e-01,-8.597581431838485777e-02,-3.983134914602622090e-02,-1.426567281072309012e-01,-2.340545926212069250e-01,4.702703461825988307e-01,1.141288910462450623e+00,-1.908164917358149693e-01,-9.522353317624285274e-03,1.053285548083195550e-01
8.314169712775739199e-03,-1.296248256385491848e-02,7.448910138527824465e-01,-3.249868344583733450e-03,2.693084827891183142e-02,6.474251252892031516e-01,7.616461612264456837e-01,-2.568456334131359597e-02,-3.803785606403613934e-02,5.519414477878618885e-02,3.100123673463730523e-01,-3.674615282452922127e-01,5.646560355767958617e-02,-9.863731199512637549e-02,-3.946595592592180152e-02,-1.652429190362716266e-02,3.931704146991082949e-01,-3.749164917884376114e-01,1.176850763207165362e-01,-1.094267340593183153e-02,-4.589097502347361940e-02,2.776630722362945225e-02,-6.520497620645407388e-02,3.185243436697532404e-01,-3.945148985193256408e-01,1.243084418157037074e+00,3.770219636178367972e-01,-8.633802079155489251e-02,-3.988977173716374419e-02,-1.428918716311665948e-01,-2.337495013074482042e-01,4.719801255127893391e-01,1.141647229734605418e+00,-1.919200775832900496e-01,-9.902944637966938288e-03,1.050657433295944243e-01
8.413245584889192386e-03,-1.291350196246382823e-02,7.448674939065001999e-01,-3.077694073969386782e-03,2.645905345673639497e-02,6.474037000447913082e-01,7.616816234212789860e-01,-2.468828211558836069e-02,-3.749196826938111515e-02,5.511244353275159685e-02,3.105208768591387058e-01,-3.684700425760822906e-01,5.683693263169155296e-02,-9.664665580478305762e-02,-3.883207826243938871e-02,-1.647281965451462965e-02,3.914690382723247097e-01,-3.747890835906310669e-01,1.171110463762991827e-01,-1.046804421256749239e-02,-4.586964524727414616e-02,2.781421508274575446e-02,-6.532946769780359486e-02,3.186880576390602737e-01,-3.952113359382039004e-01,1.243877763547268644e+00,3.775492380925697944e-01,-8.638923291120834125e-02,-3.938845832529560415e-02,-1.430331794619052188e-01,-2.332245307690845038e-01,4.734599268121259530e-01,1.142980709716264531e+00,-1.926376887760277434e-01,-1.052298322082040327e-02,1.039960224926351484e-01
8.519560283316931354e-03,-1.280750655234715735e-02,7.448437836872685569e-01,-2.995195304219341534e-03,2.608029138370585032e-02,6.471323187009923039e-01,7.619255930201505045e-01,-2.367272826030578786e-02,-3.683913733412281372e-02,5.549783400061454597e-02,3.108006243294882953e-01,-3.693968977803037124e-01,5.731427075966344376e-02,-9.437944115277198398e-02,-3.794623997439832558e-02,-1.556565362356408452e-02,3.885536349341263129e-01,-3.744786481163177028e-01,1.170205618619591381e-01,-1.020070390511736667e-02,-4.568118808061696901e-02,2.804884163831266111e-02,-6.555272115999168092e-02,3.183347831514407589e-01,-3.951773654330154595e-01,1.246528232963581173e+00,3.785059562197212735e-01,-8.665371129361645886e-02,-3.938302366486070433e-02,-1.437037331080411595e-01,-2.322485650955855574e-01,4.746154607051970009e-01,1.145200877046207655e+00,-1.934636045723440445e-01,-1.217809904777566489e-02,1.038404087656684543e-01
8.640199923551760558e-03,-1.267703462900200695e-02,7.448443909798455609e-01,-3.031510895177848795e-03,2.583154046215085931e-02,6.471798175819108989e-01,7.618935786405405253e-01,-2.278411961313750456e-02,-3.625641099969231784e-02,5.547275901386109626e-02,3.103347517749097118e-01,-3.698047392991802296e-01,5.752994871522579268e-02,-9.282384421810485620e-02,-3.718925602182213130e-02,-1.528231913585427135e-02,3.867025667735420336e-01,-3.742143918384931434e-01,1.164851600493590489e-01,-9.633797233020293532e-03,-4.535950717258971365e-02,2.841283907156320551e-02,-6.589207475955320692e-02,3.183606931557090292e-01,-3.950035019622369359e-01,1.247476985276863681e+00,3.786567776085772441e-01,-8.654409868835442887e-02,-3.915666449388378184e-02,-1.439807543767547549e-01,-2.318321967640403769e-01,4.762043512032751447e-01,1.146777634335811369e+00,-1.943532607639056886e-01,-1.270291601935107789e-02,1.027544430777511952e-01
8.757701969575678105e-03,-1.252796294566768838e-02,7.448420665356195736e-01,-2.906232378126210811e-03,2.562529544316013638e-02,6.470152087854171841e-01,7.620408241342311317e-01,-2.153357064152880765e-02,-3.597239200987035340e-02,5.564493232337876932e-02,3.095889442338835562e-01,-3.696880963552595656e-01,5.690710915246064566e-02,-9.074141692619490385e-02,-3.690439977203176236e-02,-1.530693134360344015e-02,3.839342813335557825e-01,-3.739830283002962275e-01,1.167917751855088448e-01,-9.164208893455592572e-03,-4.526172988472474540e-02,2.878445604602756711e-02,-6.556344937008937168e-02,3.183072232811909874e-01,-3.934373522033969284e-01,1.247724139543097355e+00,3.784586654648490200e-01,-8.684982059006053634e-02,-3.922552055413344035e-02,-1.443018845958806695e-01,-2.312214215403492479e-01,4.767432129261867657e-01,1.148179833429358920e+00,-1.948956390008934336e-01,-1.360198772707700565e-02,1.027399820991852092e-01
8.867825598288881297e-03,-1.236931791877993701e-02,7.448517053928042086e-01,-2.751899446962267903e-03,2.553090027743812676e-02,6.468879524477778586e-01,7.621525944050698831e-01,-2.017967580257360588e-02,-3.598438951911704653e-02,5.561469235552307655e-02,3.082517529171572845e-01,-3.691867225373717809e-01,5.649296801221143083e-02,-8.934420705700828191e-02,-3.694944990875902863e-02,-1.569323234711683321e-02,3.823876216597020261e-01,-3.740068541068405916e-01,1.162199820817026996e-01,-9.010522171977708092e-03,-4.482159195637219762e-02,2.903744740514740269e-02,-6.478853810383872203e-02,3.185456693695640773e-01,-3.932315930004611770e-01,1.246991245841832407e+00,3.789283683059988528e-01,-8.732011596295159717e-02,-3.968902739021063636e-02,-1.443457075560267422e-01,-2.310411976981098792e-01,4.774287737210234361e-01,1.148625377040337847e+00,-1.959217216727746069e-01,-1.410454184185798952e-02,1.028616424640717841e-01
8.959969703478249531e-03,-1.220767263741030957e-02,7.448063765142015624e-01,-2.446566448695223182e-03,2.542080699695257670e-02,6.468746044311463050e-01,7.621686447409679044e-01,-1.852716217691749434e-02,-3.631617345907681149e-02,5.555636655654498657e-02,3.067660903215108092e-01,-3.690437487688757456e-01,5.619975216012804142e-02,-8.815209269071902498e-02,-3.716370225336269179e-02,-1.552217964003884537e-02,3.818212402703486386e-01,-3.748512857823183553e-01,1.154977740570186096e-01,-8.822384753210153058e-03,-4.491071485027434140e-02,2.923731542294871755e-02,-6.407095979923030371e-02,3.187805302991108536e-01,-3.927105389008727632e-01,1.246416871370989110e+00,3.788464204325873164e-01,-8.744387173778699063e-02,-3.937211682704212790e-02,-1.442453827756621787e-01,-2.307085308479497887e-01,4.776065591740808469e-01,1.149496626815192046e+00,-1.965224750418163580e-01,-1.434147215472773157e-02,1.025173705687604381e-01
9.033023006931041946e-03,-1.204967314641037374e-02,7.448098906988779300e-01,-2.277441749649546272e-03,2.543823203680819003e-02,6.468971046846465622e-01,7.621494902973692254e-01,-1.746363871007614033e-02,-3.660443084051679535e-02,5.567897446244389481e-02,3.055359027405016858e-01,-3.684757262561915159e-01,5.641235192111644647e-02,-8.826277975100220441e-02,-3.742056767546601131e-02,-1.551106106024966597e-02,3.831540320202712624e-01,-3.754685573654655828e-01,1.152529632192455106e-01,-8.782458943680210295e-03,-4.498034868296999639e-02,2.914962188071689581e-02,-6.296215076935104960e-02,3.194097327994549484e-01,-3.934297624271357874e-01,1.244738232160806035e+00,3.792277606252641431e-01,-8.769436881178901966e-02,-3.995478203044909582e-02,-1.437744121868265446e-01,-2.307526698332702519e-01,4.781825196993536031e-01,1.149420543980566922e+00,-1.974691826889749535e-01,-1.397318831929498725e-02,1.023093379330067831e-01
9.084203042684882434e-03,-1.188993858016030442e-02,7.447738302004373034e-01,-2.239983773944276800e-03,2.551273735918808266e-02,6.470230533531315942e-01,7.620401899734187134e-01,-1.680108712719163497e-02,-3.664917559834804384e-02,5.628541190626720064e-02,3.045676624824875667e-01,-3.685346084242547837e-01,5.625128945289874227e-02,-8.820049449966087252e-02,-3.768144147807275801e-02,-1.587343100355115971e-02,3.835572183049888451e-01,-3.760527235224693787e-01,1.153645657037360023e-01,-8.677800359639007213e-03,-4.514044602664732397e-02,2.870256881759410822e-02,-6.219751367364041716e-02,3.193819691947327177e-01,-3.926307457604135687e-01,1.244227596719660767e+00,3.788065224513836871e-01,-8.750226546737313593e-02,-4.057656076375756871e-02,-1.433010377718109407e-01,-2.302715786462400938e-01,4.777526946320304613e-01,1.150506970822401609e+00,-1.972085895092610119e-01,-1.374357057984192977e-02,1.021187735236200461e-01
9.123434369428758128e-03,-1.172949210567609049e-02,7.447992187605996239e-01,-2.276372586663958329e-03,2.543787248652432803e-02,6.472883289158507525e-01,7.618172694423060998e-01,-1.653142898501157310e-02,-3.653102439506115268e-02,5.595825873022051283e-02,3.044969678172991800e-01,-3.683365556340034708e-01,5.689902871371650683e-02,-8.804420227653350639e-02,-3.742239572038322248e-02,-1.563599450045608658e-02,3.841380185528808777e-01,-3.759078936798385118e-01,1.150818247702393854e-01,-8.622071669427357546e-03,-4.511130715439201633e-02,2.845933551464151223e-02,-6.195519260748697660e-02,3.195944818219081940e-01,-3.934022628581215764e-01,1.243705454316463621e+00,3.795187236902816119e-01,-8.716980447014757716e-02,-4.019579319730377798e-02,-1.429233849213713547e-01,-2.302470180577309844e-01,4.782873250582079239e-01,1.151355233162535852e+00,-1.987057739200291384e-01,-1.313851674742562425e-02,1.011160862155509182e-01
9.145320914689275896e-03,-1.157187515070862149e-02,7.447926589464243241e-01,-2.289687292306499637e-03,2.552676038654511786e-02,6.472807208569448800e-01,7.618207205394094128e-01,-1.633473562091958264e-02,-3.672822874182250785e-02,5.577463899270246328e-02,3.042603835617121444e-01,-3.683806962495194126e-01,5.731821881891634857e-02,-8.794412558587061390e-02,-3.752275373099107220e-02,-1.555262215033944087e-02,3.840460097059306133e-01,-3.760664959942459085e-01,1.148753970108593037e-01,-8.486405245018355248e-03,-4.491217256627656751e-02,2.832109626007123931e-02,-6.131955169788839283e-02,3.192872065689409400e-01,-3.929014443702652515e-01,1.243217161822023575e+00,3.778158675889079499e-01,-8.730505070422732439e-02,-3.984963121453709983e-02,-1.426139989909932793e-01,-2.303466947348127292e-01,4.783944027007785982e-01,1.151583852373587513e+00,-1.999572926577023457e-01,-1.257818674666971379e-02,1.004749279582454746e-01
9.155138092808347977e-03,-1.140376779520931375e-02,7.448265112111608355e-01,-2.472492230336015631e-03,2.577016290611573376e-02,6.471894467757903779e-01,7.618894968878422436e-01,-1.606849915221162869e-02,-3.674058713305144996e-02,5.612437224040333489e-02,3.028953980964382842e-01,-3.677333844775214633e-01,5.682619437342299046e-02,-8.760525310621236628e-02,-3.764608638305169674e-02,-1.589891063544861954e-02,3.824164312935567356e-01,-3.756199063798373317e-01,1.146355689092166397e-01,-8.781470994869150157e-03,-4.427257817212591068e-02,2.745440571865978563e-02,-6.048670071365985779e-02,3.187858181192672058e-01,-3.930004633147014537e-01,1.243143744073788914e+00,3.772477970343768860e-01,-8.773071192728267020e-02,-4.091900940828886724e-02,-1.424028984391505492e-01,-2.304942581405001467e-01,4.782450294205266572e-01,1.151733493992828539e+00,-2.013018735305289464e-01,-1.252228640461360183e-02,1.003704555313766206e-01
9.147468426078353768e-03,-1.124880128348296551e-02,7.448463151031996521e-01,-2.509923150941077187e-03,2.594291322277017878e-02,6.468745052782921556e-01,7.621509299084117117e-01,-1.573980153909505450e-02,-3.686856189194222255e-02,5.665352340515728696e-02,3.021334738135611486e-01,-3.671255065314704136e-01,5.614925925410562541e-02,-8.696273417566681430e-02,-3.796354198281486764e-02,-1.635207246707565121e-02,3.805955523653723471e-01,-3.753422773420219682e-01,1.142939971610477390e-01,-9.001384941084902142e-03,-4.346249223585341159e-02,2.697751519620625663e-02,-5.966572003062302343e-02,3.178982783333403339e-01,-3.925141111015060247e-01,1.243863756685707811e+00,3.774593801216473699e-01,-8.814121904131677621e-02,-4.145770869147881454e-02,-1.423131474459567170e-01,-2.307548332419170345e-01,4.781197306925434876e-01,1.151729258686486901e+00,-2.030082886591992597e-01,-1.272996178419817659e-02,1.004275703858537871e-01
9.113765363731683028e-03,-1.110414723863401877e-02,7.448813168645227467e-01,-2.642538422837950249e-03,2.594781197858235522e-02,6.468988097933078274e-01,7.621296857702170024e-01,-1.536548896248321819e-02,-3.662979581809500118e-02,5.732410277003858329e-02,3.014550274895800852e-01,-3.669970778761253993e-01,5.659476507226184755e-02,-8.623571950736499958e-02,-3.784510918316881523e-02,-1.649705729223749362e-02,3.790602301676817554e-01,-3.745953235693223471e-01,1.143673683410020014e-01,-9.798671472725953985e-03,-4.306962215501243529e-02,2.643083957437866380e-02,-5.951521530501699409e-02,3.168192629320233378e-01,-3.925321121769351773e-01,1.245681204237825579e+00,3.770102685951840504e-01,-8.785584408743782325e-02,-4.190960281288182848e-02,-1.425000107224375923e-01,-2.303819201129451988e-01,4.778027057592597604e-01,1.153172473523147890e+00,-2.033111528877820373e-01,-1.240657734712441972e-02,1.000952655146603587e-01
9.047646736637828327e-03,-1.097503840367372238e-02,7.449164746376241153e-01,-2.788271812505008738e-03,2.589613707275561366e-02,6.467566094204925120e-01,7.622516013731405193e-01,-1.509837755849135522e-02,-3.617919890857807658e-02,5.852759872670984520e-02,3.012542922532645551e-01,-3.669068218953810967e-01,5.639878514881552923e-02,-8.556630001422926846e-02,-3.765475149042020464e-02,-1.663806103725739768e-02,3.775593191193570286e-01,-3.736250710101119421e-01,1.144458806947298013e-01,-1.047400516934287110e-02,-4.246728931436919569e-02,2.599687544932077765e-02,-5.965695956974149949e-02,3.152901588320883297e-01,-3.923012235078725540e-01,1.248503912208719591e+00,3.761683211220666623e-01,-8.766027231552744881e-02,-4.248773627200266162e-02,-1.433845061945815680e-01,-2.297637949355435527e-01,4.779562219875968521e-01,1.155825270545771000e+00,-2.028658453551331342e-01,-1.234746036253603872e-02,9.995050597371481216e-02
8.955736124561537032e-03,-1.084993557729340731e-02,7.449731554659436705e-01,-3.144512261851944990e-03,2.606499565940595398e-02,6.463719987595166749e-01,7.625706309998685484e-01,-1.475837673886400830e-02,-3.590323781547575394e-02,5.911183243279602428e-02,2.994775296277301102e-01,-3.661904669174043114e-01,5.635870891362854823e-02,-8.504722372332654268e-02,-3.725111109721562785e-02,-1.611474319449737735e-02,3.747055500488831736e-01,-3.722548356386877200e-01,1.144942942177990669e-01,-1.123531606735237061e-02,-4.167102348754755936e-02,2.559012156461908799e-02,-5.886801238475349030e-02,3.145419242317177289e-01,-3.917020436854037890e-01,1.248560130076552532e+00,3.733068984910986599e-01,-8.811656169732560995e-02,-4.290544177587520686e-02,-1.438986552073043823e-01,-2.303099706128384772e-01,4.778851788393507771e-01,1.155191022726241190e+00,-2.034184502124848914e-01,-1.250414806672218472e-02,9.813040786300908369e-02
8.843677569761159568e-03,-1.075550453477164443e-02,7.450067304071028573e-01,-3.391333376536233464e-03,2.618291177507661022e-02,6.459803173993399206e-01,7.628973610660582105e-01,-1.438754112505638734e-02,-3.568805976805750069e-02,6.027801306816309851e-02,2.981445321455388209e-01,-3.658387474803865280e-01,5.700442903904304887e-02,-8.446163022595297443e-02,-3.694958515939373439e-02,-1.528572684048509767e-02,3.720935307415604298e-01,-3.712788468599774183e-01,1.151728728935615120e-01,-1.183448383705829748e-02,-4.130937967255852300e-02,2.556212196324333941e-02,-5.821516788179553759e-02,3.140735230273969392e-01,-3.920163458829107328e-01,1.248395451284240565e+00,3.707051863668953118e-01,-8.877854386692893285e-02,-4.336467716637912306e-02,-1.443350132859866630e-01,-2.307854022988458376e-01,4.785230788427137227e-01,1.154526414892034669e+00,-2.040467397557172990e-01,-1.272864712263511305e-02,9.739060215123696018e-02
8.730852863697471933e-03,-1.069419587076534534e-02,7.450325018384477138e-01,-3.618824198131621872e-03,2.636064508462658204e-02,6.458457936091551721e-01,7.630040834618813106e-01,-1.398451362187604942e-02,-3.565673869892321823e-02,6.092622837660961743e-02,2.962183299657777935e-01,-3.652668519175844009e-01,5.670282051012410368e-02,-8.369744983572190156e-02,-3.708353546926297650e-02,-1.578661214206744656e-02,3.691993377847296309e-01,-3.704643397821555939e-01,1.150225985971718018e-01,-1.201979788961055583e-02,-4.059237769919980809e-02,2.542873901170356055e-02,-5.786258659246993480e-02,3.135245510238170996e-01,-3.925642208754870355e-01,1.247596266658788089e+00,3.677786535387952971e-01,-8.920806525051161451e-02,-4.356115077565234084e-02,-1.444770316829802614e-01,-2.315881217956488047e-01,4.791494714429567758e-01,1.153754452133860298e+00,-2.042696814521706150e-01,-1.272826448855779100e-02,9.562937040309635317e-02
8.616646447548031995e-03,-1.065605037270925259e-02,7.451101422814289110e-01,-3.900736745735001662e-03,2.659130230560508706e-02,6.454264177142139403e-01,7.633494784246133147e-01,-1.375463890078137616e-02,-3.564114491095155685e-02,6.155501814610098849e-02,2.944095773740812438e-01,-3.642545984176815410e-01,5.710183610708785551e-02,-8.300228465570126668e-02,-3.700978663715742689e-02,-1.560837416847234843e-02,3.657323417064222704e-01,-3.690118832575222663e-01,1.154816787651493648e-01,-1.227614903978202152e-02,-4.002290120651444405e-02,2.543583395628136803e-02,-5.756536576940322891e-02,3.127917185978105752e-01,-3.935199172863966255e-01,1.247742774285591549e+00,3.649994303370968085e-01,-8.965676953382711867e-02,-4.435154008612101489e-02,-1.451320666621653821e-01,-2.321750250130430737e-01,4.799559838365853315e-01,1.153540102294488001e+00,-2.036981391647574302e-01,-1.315010064172068491e-02,9.507408336898513779e-02
8.502362142494701222e-03,-1.067367691540237890e-02,7.451569691859745159e-01,-4.079942258835253174e-03,2.682276383753199114e-02,6.449989223675036687e-01,7.637016980183031212e-01,-1.309740929963014097e-02,-3.572998436618512325e-02,6.243256892056420898e-02,2.918328671716587941e-01,-3.631062180579535115e-01,5.641026329522163402e-02,-8.261092584027851515e-02,-3.719078805621436890e-02,-1.573185493043309860e-02,3.630102649048733143e-01,-3.680110061841737612e-01,1.150076270975277093e-01,-1.233818143130490513e-02,-3.942828762634327522e-02,2.521209520139031796e-02,-5.717234091550740110e-02,3.122759989688712601e-01,-3.942508020324025364e-01,1.247112201793012520e+00,3.620246610380171703e-01,-9.001785452772212426e-02,-4.528835629004531599e-02,-1.456647318480884801e-01,-2.331532311727979312e-01,4.810168967633706161e-01,1.152502529260307496e+00,-2.043966150548264527e-01,-1.297466693451087595e-02,9.364845792282687487e-02
8.394627734165445443e-03,-1.074471317265777992e-02,7.451869271826319086e-01,-4.207631645106112497e-03,2.692343434816240819e-02,6.449174240256194679e-01,7.637662867049045401e-01,-1.256112949304138450e-02,-3.569513987727956222e-02,6.321549446155853846e-02,2.897512418205349105e-01,-3.624054834853919216e-01,5.623422262141164474e-02,-8.197839188549760348e-02,-3.724244806615446823e-02,-1.573632654493040128e-02,3.605225659580004738e-01,-3.670964307903782364e-01,1.146418276539865888e-01,-1.263060505210269677e-02,-3.900730218681083827e-02,2.520899039339878633e-02,-5.706827444252623310e-02,3.118986818927835247e-01,-3.946962321929949891e-01,1.246162134236730390e+00,3.582849377938264190e-01,-9.006649924564508192e-02,-4.615453305679834139e-02,-1.459202674896414031e-01,-2.340977505979302542e-01,4.820168083159573347e-01,1.151192477234921796e+00,-2.048624060095357302e-01,-1.299995981217942284e-02,9.246289169958211984e-02
8.286667959986294615e-03,-1.086268944774390968e-02,7.452336305476429112e-01,-4.200119286827536970e-03,2.690143153797789830e-02,6.449068502558181759e-01,7.637760316167974128e-01,-1.224977934236859065e-02,-3.577245879510201898e-02,6.353721406024465113e-02,2.887353312455599452e-01,-3.617501559796381660e-01,5.625360526230169939e-02,-8.107727968199925084e-02,-3.738509002756690985e-02,-1.595597263524012668e-02,3.582699530327181359e-01,-3.660882023777181637e-01,1.143082507352983085e-01,-1.288422567347588185e-02,-3.841887245951905450e-02,2.563808928296472389e-02,-5.739247258986284600e-02,3.113636542545442643e-01,-3.949077718831245365e-01,1.245872039836683154e+00,3.555008647660623522e-01,-9.026210654814507961e-02,-4.636066083776300278e-02,-1.462190585961909151e-01,-2.349687879158625647e-01,4.826023352577415437e-01,1.150132017586539046e+00,-2.052063593968973809e-01,-1.328387886625202047e-02,9.107084996043558756e-02
8.158376667698950119e-03,-1.102584388473935688e-02,7.452640006723113553e-01,-4.248321724690683546e-03,2.677021574688253497e-02,6.446881246953019007e-01,7.639650052117850088e-01,-1.223302727805126305e-02,-3.560100621861360393e-02,6.385541267525514375e-02,2.886027345482795603e-01,-3.617710865792054253e-01,5.650567345536590402e-02,-8.052112364987654147e-02,-3.717087636411027518e-02,-1.574587916451508293e-02,3.566127764246205811e-01,-3.651817214809540135e-01,1.141092038851641982e-01,-1.298319528994014253e-02,-3.797697243563945280e-02,2.611174822832999787e-02,-5.778020818681350868e-02,3.107932234726479281e-01,-3.956703431010156757e-01,1.245951102825609613e+00,3.528071339378599514e-01,-9.003959235374060788e-02,-4.658013046579381755e-02,-1.468360409153664781e-01,-2.359003821860353733e-01,4.840914247287144700e-01,1.149166041505881308e+00,-2.056544642922073507e-01,-1.329554700928361685e-02,9.003365864233676963e-02
8.015704791140042598e-03,-1.122732857694207567e-02,7.452821235744385708e-01,-4.186782125910729763e-03,2.655531276861734444e-02,6.445881242720975512e-01,7.640572205447501153e-01,-1.217711870000212290e-02,-3.543055029719939519e-02,6.443213634128666656e-02,2.888493664948789674e-01,-3.620004940060456144e-01,5.656822721296687201e-02,-7.959946570503161067e-02,-3.713836298538268632e-02,-1.587378248527553798e-02,3.548223262490537433e-01,-3.642935374315692254e-01,1.140218003337618302e-01,-1.291146873086519882e-02,-3.740310558279483222e-02,2.644451116771245891e-02,-5.854437879405092332e-02,3.100404493974552866e-01,-3.959742966949058030e-01,1.246513622544655808e+00,3.503487816572119495e-01,-9.026321055325843556e-02,-4.612594799297527193e-02,-1.473449133994037541e-01,-2.366774063798669503e-01,4.850064469712825344e-01,1.148413455754185630e+00,-2.065564997797251501e-01,-1.375072779096279604e-02,8.870988711724983600e-02
7.849658416547521111e-03,-1.144997277478652584e-02,7.453061030609132720e-01,-4.209877924008424352e-03,2.633897947278813351e-02,6.443793537447919384e-01,7.642406581409028066e-01,-1.237652508737113917e-02,-3.507708153682766172e-02,6.529059063980262312e-02,2.894185097702010045e-01,-3.622963433532686572e-01,5.660975655177789834e-02,-7.891609901037348329e-02,-3.694370861134645134e-02,-1.579782592095065746e-02,3.531169418671097349e-01,-3.632643970878727813e-01,1.146381026136249065e-01,-1.300323964828729861e-02,-3.705147736332863040e-02,2.701765348245490500e-02,-5.949790119117304849e-02,3.092851175266818076e-01,-3.969248604328072805e-01,1.247694229924276810e+00,3.480123375335301694e-01,-9.046505766052541364e-02,-4.637204720107540590e-02,-1.482346594949969787e-01,-2.370881475325525567e-01,4.856081707681490500e-01,1.148394772702621136e+00,-2.062000565990501633e-01,-1.407053158068337362e-02,8.767033251887068612e-02
7.676814040380532805e-03,-1.170998965157465065e-02,7.453122715051649916e-01,-4.303748089690526309e-03,2.605114108074974705e-02,6.445884627524980370e-01,7.640736414031972235e-01,-1.321504619216497950e-02,-3.463765892949849379e-02,6.517283552507563416e-02,2.908784728192119751e-01,-3.631166897611565747e-01,5.659408437897302246e-02,-7.851763435923743428e-02,-3.659934287398924208e-02,-1.613533680479767307e-02,3.522940510645580781e-01,-3.625166580669514915e-01,1.143260419373485215e-01,-1.284075313517249982e-02,-3.657361542032554202e-02,2.757272236640135460e-02,-6.082190271600518283e-02,3.088000766796654695e-01,-3.974208375312921482e-01,1.247682787927423709e+00,3.455441553882290240e-01,-9.043859599956266537e-02,-4.608828153235942915e-02,-1.485390855959752565e-01,-2.381211436622816258e-01,4.869517223684506346e-01,1.147174962259470465e+00,-2.064617694888033206e-01,-1.397463128358141828e-02,8.712520847036006599e-02
7.497578519957427343e-03,-1.197941907656097094e-02,7.453130818172296612e-01,-4.396567732345351559e-03,2.569304663111264195e-02,6.448665216103273146e-01,7.638505788786064121e-01,-1.382838326116761843e-02,-3.393848838540725749e-02,6.593849234093522582e-02,2.921446853119570863e-01,-3.640655009156726907e-01,5.667048649765368817e-02,-7.822365550147312996e-02,-3.630513497586968646e-02,-1.694539194560250317e-02,3.519452879685303626e-01,-3.617078674201241184e-01,1.146024722517434563e-01,-1.301191978546645950e-02,-3.609886633085673119e-02,2.761855977435561174e-02,-6.186761759907083436e-02,3.083771194063467669e-01,-3.985112233540899496e-01,1.247841507422377427e+00,3.444044740298902729e-01,-9.077491494237667491e-02,-4.647036900643986695e-02,-1.486498319815894864e-01,-2.388189615357181605e-01,4.877080319392931296e-01,1.146392252740634943e+00,-2.060127664486849641e-01,-1.428242882858952491e-02,8.714725529216589550e-02
7.327839278609097652e-03,-1.224321385553177148e-02,7.453315196622827266e-01,-4.490554327796067099e-03,2.549979350819678997e-02,6.450560932809767944e-01,7.636964265818917408e-01,-1.454596335163886416e-02,-3.343256628563185534e-02,6.685869601145519314e-02,2.930882437250105221e-01,-3.644135411625903376e-01,5.613191139373633481e-02,-7.801965671478344744e-02,-3.628055571986947558e-02,-1.796568777697037794e-02,3.511917565315074707e-01,-3.609169702838043725e-01,1.148428936660561284e-01,-1.300615090764148732e-02,-3.570820616294393540e-02,2.767089203471387662e-02,-6.271918171097462524e-02,3.079158866585505749e-01,-3.986104214772653864e-01,1.247643642440189549e+00,3.426312971113251726e-01,-9.107270274884791961e-02,-4.661130577406825959e-02,-1.484258718500025831e-01,-2.397458451761773635e-01,4.881360197349211005e-01,1.144685821075958509e+00,-2.054916942582864503e-01,-1.483606964491992683e-02,8.684434484659026010e-02
7.178759748070658205e-03,-1.250147330415317913e-02,7.453361509370609594e-01,-4.508908924890561547e-03,2.534178383657086087e-02,6.452070094433756120e-01,7.635740819969087934e-01,-1.522543085317263484e-02,-3.315641149056305220e-02,6.762052100069040894e-02,2.940785720209105891e-01,-3.648418986462191316e-01,5.626971888228171625e-02,-7.802763586873225077e-02,-3.634014919077310085e-02,-1.858792771937841856e-02,3.509464367125162410e-01,-3.604485062662183825e-01,1.152082784658953751e-01,-1.320049165880049676e-02,-3.550209667567816307e-02,2.801820565503437485e-02,-6.365429977714040510e-02,3.076917395207429129e-01,-3.995888919941154582e-01,1.247574427583485912e+00,3.405648937253938913e-01,-9.146271624587459792e-02,-4.671581252016471231e-02,-1.483827642934176794e-01,-2.406681952004109670e-01,4.887775519007999114e-01,1.142856371263781812e+00,-2.049249137842425739e-01,-1.498846135885196183e-02,8.703312121737714901e-02
7.062685417601743953e-03,-1.274460479642273471e-02,7.453393728223870474e-01,-4.450130648232181532e-03,2.516716042182181104e-02,6.453008125847774501e-01,7.635009310085619783e-01,-1.533626307934620944e-02,-3.293001179101834319e-02,6.850370269852799898e-02,2.942740691115007245e-01,-3.650543277628379712e-01,5.599008198854567298e-02,-7.813904486906761426e-02,-3.653092010051976757e-02,-1.948692868358922053e-02,3.512264755584156295e-01,-3.601339216191431492e-01,1.151698077729304825e-01,-1.342824683190022711e-02,-3.512862682522346208e-02,2.777171716931129894e-02,-6.372939821688959616e-02,3.076485905542701849e-01,-3.999218708635730590e-01,1.246434358250620100e+00,3.391854772007133478e-01,-9.201542813312330038e-02,-4.681813779542959991e-02,-1.479623454856101861e-01,-2.417282417138982287e-01,4.887491856089170583e-01,1.140524473921639359e+00,-2.051173024175702575e-01,-1.495215305598793405e-02,8.576699128335049660e-02
6.993702643174833783e-03,-1.294590044251295834e-02,7.453293737313949618e-01,-4.575761555128719273e-03,2.512761176419070486e-02,6.454147753171142199e-01,7.634051567389210646e-01,-1.559651257096993093e-02,-3.250657879359092339e-02,6.939169094773063595e-02,2.939423574310208731e-01,-3.652988141315051673e-01,5.535686753516871894e-02,-7.766901502222557652e-02,-3.651624454036728196e-02,-2.045748681190414850e-02,3.495014737369752655e-01,-3.596490977339558692e-01,1.156564620275321725e-01,-1.367371038540243777e-02,-3.482452860720739590e-02,2.776711850610497773e-02,-6.383800694685769217e-02,3.077069640701760589e-01,-3.999102231090351789e-01,1.245143878205253296e+00,3.380078514185130278e-01,-9.284754658101215807e-02,-4.671781466069301059e-02,-1.475559013498920768e-01,-2.425186885600228159e-01,4.884935929547705724e-01,1.138228322252121005e+00,-2.041839231892186302e-01,-1.558581532852417253e-02,8.451934621387977020e-02
6.969584453132967802e-03,-1.312818523659592743e-02,7.453550001367179600e-01,-4.454239094275413459e-03,2.498081923551373831e-02,6.453714840478844694e-01,7.634472909128984242e-01,-1.515766333787939464e-02,-3.227657562045086609e-02,7.033759717258782074e-02,2.933754657220403739e-01,-3.647947698960994911e-01,5.430464119379502935e-02,-7.703312283303032082e-02,-3.675961240652958484e-02,-2.163398506477692829e-02,3.484698688961428981e-01,-3.590756141691975878e-01,1.153015884767365912e-01,-1.364532797060164816e-02,-3.449222901701397975e-02,2.798122341374097502e-02,-6.368434752798365905e-02,3.079719917110196326e-01,-4.002888872702453638e-01,1.243517642846297289e+00,3.366512194213823750e-01,-9.393384149947565931e-02,-4.742501024164752499e-02,-1.471712342682038877e-01,-2.434985988190770945e-01,4.889294049916666496e-01,1.135655243176459273e+00,-2.042474331223795847e-01,-1.597298543455344735e-02,8.386454993127458180e-02
6.991822337311999480e-03,-1.329375014139819525e-02,7.453632578671443021e-01,-4.347645222283122272e-03,2.491787482450368019e-02,6.454030626850538743e-01,7.634232667216810375e-01,-1.467490499927429255e-02,-3.214994805164842623e-02,7.110244886008730558e-02,2.924508851667159126e-01,-3.644305797472633390e-01,5.352672232460668061e-02,-7.626476728254899529e-02,-3.705425179728338847e-02,-2.283007499340494739e-02,3.470422750780906007e-01,-3.588721937245969995e-01,1.158701172617511294e-01,-1.338809430073033269e-02,-3.464317190157862464e-02,2.835167789971798635e-02,-6.352020687404842658e-02,3.085366139763510152e-01,-4.000463102722519593e-01,1.241397217752515214e+00,3.344744728153336011e-01,-9.484245842957056416e-02,-4.800029663344747982e-02,-1.464641094028642510e-01,-2.442072418372515097e-01,4.886348005560764984e-01,1.132995108428045850e+00,-2.032145803083589275e-01,-1.620155926433160601e-02,8.305833344309432320e-02
7.042213289618143995e-03,-1.344558682412133957e-02,7.453445060610288664e-01,-4.311624576157026614e-03,2.492854363755460725e-02,6.451338695680332025e-01,7.636506190279684914e-01,-1.424185975028487844e-02,-3.194698037161598780e-02,7.205078911646900508e-02,2.914878282515136476e-01,-3.645126095020971291e-01,5.300803954411031915e-02,-7.553070786719436047e-02,-3.719589166456502283e-02,-2.379647723490904004e-02,3.450453632353209787e-01,-3.588217329353844964e-01,1.162579218426201821e-01,-1.320441305403836571e-02,-3.468658461259114395e-02,2.881098543912452917e-02,-6.299610913192565942e-02,3.093421224576982098e-01,-3.997103096989929605e-01,1.239320901644359818e+00,3.334211276633559651e-01,-9.546379489033285370e-02,-4.737346137019178560e-02,-1.461741248748010813e-01,-2.447966884831000445e-01,4.884956035401357699e-01,1.130346311145444593e+00,-2.031092252880912774e-01,-1.627999647016839177e-02,8.228837294766937205e-02
7.113588192880602665e-03,-1.360157452876792003e-02,7.453779736574315251e-01,-4.190413934408870195e-03,2.490016734973393361e-02,6.447613960329190430e-01,7.639667298270873541e-01,-1.321757818816549079e-02,-3.183012008592047554e-02,7.299949080173122329e-02,2.896965746537262243e-01,-3.636664282451316232e-01,5.216718607994057927e-02,-7.460977590927757308e-02,-3.731881148275672383e-02,-2.446346531772163047e-02,3.429067406587529288e-01,-3.583531044813796362e-01,1.163656656694524172e-01,-1.305050642396100510e-02,-3.493682783709554929e-02,2.917635713166896391e-02,-6.199824703466981501e-02,3.104982553667862688e-01,-3.996153431916638632e-01,1.236086055811579598e+00,3.319938037627355731e-01,-9.671239657412612767e-02,-4.758165914654621798e-02,-1.459949536494155597e-01,-2.456724488813170904e-01,4.888894763810986421e-01,1.127136032282820333e+00,-2.040636743904985506e-01,-1.638951935941173818e-02,8.063824718482322240e-02
7.205118357024279004e-03,-1.378580587347850994e-02,7.454087995511365916e-01,-3.936598795226484843e-03,2.471200247235095376e-02,6.442606295368008551e-01,7.643965341055489748e-01,-1.179660065074678542e-02,-3.160850624609644333e-02,7.425319968668152304e-02,2.880476090791789789e-01,-3.628725726265930041e-01,5.172518306631931906e-02,-7.385554753418094309e-02,-3.728005517637297817e-02,-2.462647302010901457e-02,3.418242409777445534e-01,-3.579423220334523870e-01,1.160662844071144867e-01,-1.310604966034445082e-02,-3.540573115557775485e-02,2.952203761111402841e-02,-6.096970198877042779e-02,3.114987352133835596e-01,-3.991126942731367255e-01,1.234083070471508670e+00,3.301971510566626411e-01,-9.728848651678353998e-02,-4.754145303329269934e-02,-1.459096551472758296e-01,-2.461629348046249777e-01,4.898935208098065819e-01,1.124011022603031096e+00,-2.050384589341912867e-01,-1.649744290960823007e-02,7.963609225844768547e-02
7.309841464486383465e-03,-1.399880392150579245e-02,7.454425200172858368e-01,-3.713783314811463371e-03,2.445223379570716712e-02,6.436783133269899926e-01,7.648964145741634635e-01,-1.010530530156918821e-02,-3.111504598864577378e-02,7.602418958379465741e-02,2.860646622522184934e-01,-3.620204173242091428e-01,5.131752314564631823e-02,-7.281194031212569195e-02,-3.701203040768321489e-02,-2.467104507471533717e-02,3.401781507449316289e-01,-3.573073364011750130e-01,1.167104920194017015e-01,-1.324879542937266313e-02,-3.600717228789964558e-02,3.019916082649289069e-02,-5.999191525114662416e-02,3.126911369789431849e-01,-3.986896099622764811e-01,1.231982671894273240e+00,3.288950039012641380e-01,-9.828038226087022766e-02,-4.756983499689041578e-02,-1.460219473219768749e-01,-2.464224811962268946e-01,4.905644626684508292e-01,1.121057835109721568e+00,-2.051661778345531539e-01,-1.697878920207861186e-02,7.900471680306417332e-02
7.423507213803894056e-03,-1.426524161387152448e-02,7.454816519517644124e-01,-3.390646188384991398e-03,2.404712287970243306e-02,6.428486392316797859e-01,7.656081676925934332e-01,-8.656300276925316464e-03,-3.050209509858292645e-02,7.787002532298632762e-02,2.854291831428026893e-01,-3.617728786154866261e-01,5.157052776199932964e-02,-7.174477224749560567e-02,-3.663807871599129851e-02,-2.467401996697840202e-02,3.388685974181511185e-01,-3.563923598949173543e-01,1.167766934156636294e-01,-1.344394657702207597e-02,-3.631033418878542446e-02,3.062836507300620292e-02,-5.894905288361453055e-02,3.133949410997849960e-01,-3.972830525057442497e-01,1.231377657368084799e+00,3.278038947472259323e-01,-9.870980055880602955e-02,-4.670108942602634733e-02,-1.466598497368637455e-01,-2.462184172780359503e-01,4.907335074605075897e-01,1.119178868459366427e+00,-2.056441111756926177e-01,-1.708716632165609497e-02,7.725691858581207327e-02
7.556793372218584964e-03,-1.458235939631934153e-02,7.455172101676426077e-01,-3.058667851485992115e-03,2.367952422748014971e-02,6.423002460844451367e-01,7.660811435893684074e-01,-7.718072797897384749e-03,-3.000002049906769913e-02,7.909801375345368313e-02,2.853573847536113317e-01,-3.615027777190978342e-01,5.150687920147518223e-02,-7.082788912587259511e-02,-3.641435303577445631e-02,-2.514454182815638664e-02,3.379170296109581528e-01,-3.557320065388198116e-01,1.168256931199927878e-01,-1.353307819341540395e-02,-3.627743869559969109e-02,3.128730573126873443e-02,-5.856620789789001441e-02,3.140209960958080804e-01,-3.967855894077568779e-01,1.230986434589851797e+00,3.275619681982327447e-01,-9.926552972882803083e-02,-4.595849551952509854e-02,-1.470769695883519801e-01,-2.465596363650407741e-01,4.918919084744453052e-01,1.116698518105631699e+00,-2.067192752353270713e-01,-1.743854926801303301e-02,7.617610595679150109e-02
7.688332529928921036e-03,-1.495443433073804368e-02,7.455041326243787569e-01,-2.706885265886968713e-03,2.329068151281388915e-02,6.416280726317745708e-01,7.666574419763099169e-01,-7.141261439617782592e-03,-2.933481247632240344e-02,8.105471441690956236e-02,2.861877778686936491e-01,-3.620664845517265196e-01,5.164419946035857245e-02,-7.061392229728119529e-02,-3.616972091157276414e-02,-2.537859519333769687e-02,3.382745521652732457e-01,-3.557093893616894986e-01,1.172177771317571698e-01,-1.365940550093767622e-02,-3.665785735204318829e-02,3.242589307479780414e-02,-5.859572653759953509e-02,3.146743159753038199e-01,-3.965674698439299872e-01,1.231181547749326421e+00,3.264282376073862069e-01,-9.937485905647636120e-02,-4.480285254280334806e-02,-1.479513232105842402e-01,-2.466889802098058970e-01,4.933921718245877219e-01,1.114355226889445216e+00,-2.072693070601912546e-01,-1.734906201294382500e-02,7.502965984397814980e-02
7.825593078859754276e-03,-1.534898012848025586e-02,7.455596494138424513e-01,-2.433326505550737970e-03,2.278416120162084918e-02,6.409971742388886895e-01,7.672011362988291339e-01,-6.853131527829682892e-03,-2.842793491201379280e-02,8.233215339392027654e-02,2.875591945582308684e-01,-3.620795770057885221e-01,5.207958896886984157e-02,-7.031963359135184888e-02,-3.552425016197596069e-02,-2.540712848750713987e-02,3.385458214314721048e-01,-3.546772391244937817e-01,1.176489674434078314e-01,-1.352156455967111481e-02,-3.689484416184650450e-02,3.338653135167107128e-02,-5.857414398893486668e-02,3.154854727731440933e-01,-3.963548898821167010e-01,1.230684702787539830e+00,3.253170898588073068e-01,-9.957255368484292657e-02,-4.433642831870993756e-02,-1.483595219481575467e-01,-2.475917929447979948e-01,4.957345576390801423e-01,1.110480104907875409e+00,-2.089491244580433116e-01,-1.821366403441073908e-02,7.462209654152390792e-02
7.967645810577638626e-03,-1.578285613106554519e-02,7.455748297247247747e-01,-2.046281309072374953e-03,2.252196680849808536e-02,6.406057865097553039e-01,7.675368395289555723e-01,-7.242584061611073709e-03,-2.809151835858379395e-02,8.340013278298311072e-02,2.895344207788465019e-01,-3.622502243976608582e-01,5.187660046064484359e-02,-7.030394264829152584e-02,-3.560695277499469069e-02,-2.601296547759526095e-02,3.390353383981569713e-01,-3.547098561526611515e-01,1.180771530958165810e-01,-1.346734107251298940e-02,-3.720789327894895304e-02,3.427108497576901447e-02,-5.903461891936050143e-02,3.163168907729964063e-01,-3.968513807106139879e-01,1.230662141802910670e+00,3.251609851850576494e-01,-9.964747790394073990e-02,-4.369079399574187644e-02,-1.480073293150830915e-01,-2.489253712262827212e-01,4.983976459932833447e-01,1.105137049418071449e+00,-2.111252446398414750e-01,-1.885741288153854403e-02,7.444395566098446770e-02
8.100272867794810344e-03,-1.620957565229780989e-02,7.455771118317875423e-01,-1.985062717996335241e-03,2.250037711336691157e-02,6.403631479766666024e-01,7.677400805410479201e-01,-8.114123745871710744e-03,-2.757457059339870828e-02,8.439030888177490031e-02,2.905535408437265321e-01,-3.623852104782028238e-01,5.152224379863032389e-02,-7.077813470434443643e-02,-3.550035647106523917e-02,-2.680478050023593628e-02,3.389006143748530264e-01,-3.545763012800727809e-01,1.183074164977181431e-01,-1.375441051942920614e-02,-3.736353974268205591e-02,3.449698669102298915e-02,-5.901235032606150233e-02,3.173272684774451347e-01,-3.970744094708605898e-01,1.229483472546264000e+00,3.244998843388283150e-01,-9.975967681147716870e-02,-4.341960707748803577e-02,-1.472516173516432714e-01,-2.505685772451804461e-01,5.008691185956435366e-01,1.098936032046119005e+00,-2.114858343319474809e-01,-1.972286215886721872e-02,7.508707961906410655e-02
8.210933285059784925e-03,-1.665094493738419196e-02,7.456196576084824779e-01,-1.674497638363993228e-03,2.220505538923883693e-02,6.400599727308150522e-01,7.680021893723006920e-01,-8.379489985988634870e-03,-2.710057435669320502e-02,8.545494936033903866e-02,2.919926690698941840e-01,-3.620898239546927466e-01,5.163916055011671946e-02,-7.133474914018628210e-02,-3.537628332331207298e-02,-2.705987952308607641e-02,3.404249929606345537e-01,-3.543054567700748003e-01,1.184204815232495073e-01,-1.434697147665003197e-02,-3.770224048221402363e-02,3.526370889257297858e-02,-5.866258033344773359e-02,3.187121498680682841e-01,-3.993439929157213686e-01,1.227626413389869109e+00,3.245565829352978215e-01,-1.002348630661675094e-01,-4.249423570998828170e-02,-1.468581863487447570e-01,-2.528107690345011149e-01,5.055017487571401569e-01,1.092526417923152637e+00,-2.130319772259549604e-01,-2.048249915515796063e-02,7.615370174687556559e-02
8.290996473292592747e-03,-1.709424703802612730e-02,7.456217721535185472e-01,-1.400531514027788214e-03,2.211276007704023050e-02,6.396046257845615646e-01,7.683846608491371466e-01,-9.058415402257132334e-03,-2.681820146152281981e-02,8.709424546374631981e-02,2.936272203692985583e-01,-3.621514225924646335e-01,5.120317268570848818e-02,-7.181524784607323797e-02,-3.567012828471825825e-02,-2.785533588352839818e-02,3.409209107620383983e-01,-3.543869241228689293e-01,1.195204341150741673e-01,-1.452833872946809358e-02,-3.795941724475994372e-02,3.669538764120708341e-02,-5.766899336011913069e-02,3.204086757603514801e-01,-3.998401758240496817e-01,1.223081032412798752e+00,3.217507936322024920e-01,-1.017002963924722031e-01,-4.180542669373974590e-02,-1.459522700558557595e-01,-2.556108571897366399e-01,5.087881399956305506e-01,1.083657212698987182e+00,-2.128440820784351373e-01,-2.164411588184965429e-02,7.636306492368188925e-02
8.353073365336109377e-03,-1.752967544178857945e-02,7.456456895000025398e-01,-9.064672924560777945e-04,2.182397331948360622e-02,6.395146434356347998e-01,7.684685506492704432e-01,-9.388195614804513076e-03,-2.672518218954609420e-02,8.835042915342390668e-02,2.955868242999597495e-01,-3.619666544679778775e-01,5.121671992571850962e-02,-7.210951346501347226e-02,-3.618250817334695002e-02,-2.882777362518696915e-02,3.426458544472257284e-01,-3.544979245477277163e-01,1.196295302615359851e-01,-1.498086999995310725e-02,-3.868808334817363387e-02,3.775106418283797477e-02,-5.657402201667212360e-02,3.227489587502962443e-01,-4.014853170037309682e-01,1.218238388437583364e+00,3.202522817120178056e-01,-1.022601515256766624e-01,-4.063780673683635436e-02,-1.442850965072728364e-01,-2.587431887467792069e-01,5.131115409674955607e-01,1.074254747452527470e+00,-2.130664889214270996e-01,-2.248339803154167371e-02,7.776858251807126921e-02
8.387196998729511827e-03,-1.793682384513848801e-02,7.456585657310846882e-01,-4.289755488256479649e-04,2.166017294635400048e-02,6.392750464715123426e-01,7.686729264432028419e-01,-9.687764307872916147e-03,-2.692516054057449842e-02,8.926803167226440849e-02,2.971220940447645287e-01,-3.616889450412205664e-01,5.101113347854265012e-02,-7.207526779180649379e-02,-3.694728128506938325e-02,-3.005260783817113174e-02,3.432077110501138839e-01,-3.545368325337028836e-01,1.206816167057807171e-01,-1.571789725163235188e-02,-3.928987806731720767e-02,3.893523231901972748e-02,-5.494445909350068741e-02,3.251794631256411661e-01,-4.034498793616848045e-01,1.212267556584408990e+00,3.192989735167158227e-01,-1.033800518264627044e-01,-4.018467066994675652e-02,-1.424716466570166151e-01,-2.624554314725893178e-01,5.171188951997006678e-01,1.063239188966773385e+00,-2.127455722067412847e-01,-2.381929607929447051e-02,7.937533548379593906e-02
8.391257256205646164e-03,-1.831683853457517427e-02,7.456893729699233253e-01,-8.864579512527295813e-06,2.153394083572757536e-02,6.388945862876411752e-01,7.689928458222781149e-01,-9.757952512198433265e-03,-2.710437314222095481e-02,9.037115957853562864e-02,2.980303041214779070e-01,-3.610895174018406983e-01,5.045124771205016651e-02,-7.206621211816002792e-02,-3.766431275365683673e-02,-3.109478476587822920e-02,3.434717834031545958e-01,-3.544471056640768336e-01,1.213324838544178885e-01,-1.636983338765873874e-02,-3.967022618607306261e-02,4.039392729217611278e-02,-5.228758760996880806e-02,3.283227992878761103e-01,-4.061211847505110106e-01,1.203487704500754818e+00,3.173411943411548197e-01,-1.050184763979862823e-01,-4.015402567679816903e-02,-1.400800072706112620e-01,-2.671742410717095062e-01,5.211726262441814805e-01,1.050101029909230821e+00,-2.116050565826663177e-01,-2.543381179521038080e-02,8.100382250679113993e-02
8.378188309328642516e-03,-1.866417057152537640e-02,7.457128164106592294e-01,2.690689941725341386e-04,2.144450519096154778e-02,6.384368570512567453e-01,7.693753572590588119e-01,-9.624589369878047695e-03,-2.717806240015038441e-02,9.160751841972006315e-02,2.982072434565077312e-01,-3.607648472716779575e-01,5.088161342965118183e-02,-7.233846881245503679e-02,-3.791057691353857256e-02,-3.087394831433615261e-02,3.436865293341108685e-01,-3.542584726677254769e-01,1.221079689997684736e-01,-1.704513704425169793e-02,-4.029188053188081931e-02,4.176925118753427313e-02,-4.910917186094371223e-02,3.321680098829454808e-01,-4.094363927321271190e-01,1.193165507539210690e+00,3.155851215663218468e-01,-1.067825263613332853e-01,-4.123157292830594012e-02,-1.370220335972572312e-01,-2.723160407622950974e-01,5.249136826594856808e-01,1.035273206640812571e+00,-2.091205810066328052e-01,-2.751450185357132497e-02,8.279519220624642628e-02
8.369703748346108210e-03,-1.902704685897343984e-02,7.457253881528175254e-01,6.465351980685504416e-04,2.145617671941085769e-02,6.380156559378553638e-01,7.697241306149956719e-01,-9.271810784840739394e-03,-2.757097154364195057e-02,9.292050470124994799e-02,2.977313574311307165e-01,-3.600128748810961232e-01,5.055159159327366619e-02,-7.256075899407797569e-02,-3.868992163962519520e-02,-3.149153399935596120e-02,3.437528477203859456e-01,-3.544057024146300416e-01,1.231906746936434621e-01,-1.782513402000771713e-02,-4.114807849781017268e-02,4.353492821781876354e-02,-4.433538446568298375e-02,3.380250834417254380e-01,-4.136129752910164270e-01,1.176439780454894057e+00,3.134931095869191164e-01,-1.088735460960325863e-01,-4.160967364266030671e-02,-1.323949956160147823e-01,-2.790994504310130853e-01,5.278976347512840395e-01,1.015114438447047851e+00,-2.045720635126368203e-01,-3.002673778220510403e-02,8.371611379094349992e-02
8.370427828010782931e-03,-1.939472006169183638e-02,7.457223873108874690e-01,9.374128999011218169e-04,2.163578506290561587e-02,6.371562939108276202e-01,7.704303155974491224e-01,-8.743204276859459917e-03,-2.806142405064204065e-02,9.442703000522024992e-02,2.964134698755023223e-01,-3.593691037844776170e-01,5.010373676988504749e-02,-7.255170338556075904e-02,-3.929878248006492270e-02,-3.120187797286414974e-02,3.420862773911186316e-01,-3.543329381791143207e-01,1.251830298464168822e-01,-1.911799993796065023e-02,-4.173874876679103951e-02,4.481023699336402627e-02,-3.887244499534495829e-02,3.438035969583415619e-01,-4.187449446338895043e-01,1.157017222549677982e+00,3.097719810478210545e-01,-1.115892781662210093e-01,-4.336281420977243506e-02,-1.270362735661174081e-01,-2.869055485639473990e-01,5.308517972258189888e-01,9.914273916357184691e-01,-1.992838349390169128e-01,-3.313125093079190286e-02,8.416304004935881711e-02
8.414784753399290676e-03,-1.983838248446681551e-02,7.457385943177449183e-01,1.326519038983485239e-03,2.177804691335964021e-02,6.364434883134090226e-01,7.710146841684257790e-01,-7.880219015616449912e-03,-2.846925171472995675e-02,9.650785100135647609e-02,2.944620996913756561e-01,-3.581682331323950974e-01,4.914519093655887738e-02,-7.276623470524079540e-02,-4.009061627709589043e-02,-3.141719955998108216e-02,3.411828658612699461e-01,-3.542343992247430351e-01,1.269989782702030112e-01,-2.060054149798783152e-02,-4.265548151233366364e-02,4.618955761451760955e-02,-3.432733967181644114e-02,3.499893158178991048e-01,-4.238694059624960042e-01,1.127360783152456802e+00,3.061872134622513064e-01,-1.150753906671192067e-01,-4.457047752088744846e-02,-1.188390701819024287e-01,-2.958368892908889713e-01,5.317977780081889483e-01,9.603965619657514052e-01,-1.902954309043958514e-01,-3.711965556986471931e-02,8.416304124366830175e-02
8.526506939079319183e-03,-2.036358778709723705e-02,7.457457427587049770e-01,1.743735656967628032e-03,2.194162374494094264e-02,6.354961620614318907e-01,7.717902257340291117e-01,-7.009590634221036370e-03,-2.883493739520492927e-02,9.859390882887636431e-02,2.924026170371942790e-01,-3.567859479104044107e-01,4.855677661766669151e-02,-7.277740762389774132e-02,-4.091177835200747459e-02,-3.202910947888661097e-02,3.394885753184402333e-01,-3.538755928347878665e-01,1.302545639193106453e-01,-2.221777148339540084e-02,-4.363797195015226005e-02,4.730368613071003758e-02,-3.805375336718377910e-02,3.518415440905811042e-01,-4.304154451018123995e-01,1.084192863407800633e+00,3.001915294847930515e-01,-1.204572772372789896e-01,-4.706054499347653297e-02,-1.087302574473242578e-01,-3.054076742109404496e-01,5.319260726666671379e-01,9.189598935128884261e-01,-1.781653508720667245e-01,-4.258120276033160179e-02,8.473507199807149559e-02
8.707085570565023872e-03,-2.102027969880106498e-02,7.456940703749340704e-01,2.354450979635731162e-03,2.223288081517622514e-02,6.344918474434743105e-01,7.726061422866175032e-01,-6.276901888619448519e-03,-2.951784440222774211e-02,1.008487951963118051e-01,2.903941434998403848e-01,-3.552208312172288607e-01,4.683724938870540561e-02,-7.245856087995944383e-02,-4.226945246678723289e-02,-3.345987339815573169e-02,3.369531464978650082e-01,-3.545339648104304242e-01,1.323894673228274699e-01,-2.398207687381590306e-02,-4.465749145599410413e-02,4.749182569396387388e-02,-5.516675032400726597e-02,3.493279116226180037e-01,-4.368085836597933036e-01,1.016293212844263882e+00,2.913042180693021233e-01,-1.281504830828750496e-01,-4.808763810827650087e-02,-9.767864779616708404e-02,-3.160338297788098383e-01,5.290112347894858624e-01,8.553369023043357888e-01,-1.603130724647960637e-01,-5.059114759551724266e-02,8.492571880536249618e-02
8.977211907934918786e-03,-2.179491973825336062e-02,7.456451010641645949e-01,3.090170525389532383e-03,2.250399660582799027e-02,6.339588905147083286e-01,7.730330821641776540e-01,-5.979415096624959847e-03,-3.047667321244191055e-02,1.016842379130181440e-01,2.889114591052501790e-01,-3.534659665422498209e-01,4.546386523533524349e-02,-7.162794837623984168e-02,-4.397513301333665081e-02,-3.624700982194849208e-02,3.339089051551069609e-01,-3.548923027867599278e-01,1.347807037360030380e-01,-2.473410708901697952e-02,-4.491864964523209491e-02,4.861918689645611247e-02,-7.173310065930645074e-02,3.523578082547972334e-01,-4.402511386996633691e-01,9.410659986141997058e-01,2.785449476444587513e-01,-1.337166251348599622e-01,-4.833166455469283668e-02,-8.693714890556085428e-02,-3.313032815079929305e-01,5.204056613531117259e-01,7.760622388799525151e-01,-1.372926429880440280e-01,-5.781745245220425850e-02,8.493008167025740962e-02
9.321114706450417398e-03,-2.265386717791685600e-02,7.455904307543878007e-01,3.914096931505053369e-03,2.254860558798433071e-02,6.335598539715416866e-01,7.733551264889930721e-01,-5.657328600794099029e-03,-3.107234363800651794e-02,1.024983748229735536e-01,2.881489669665024955e-01,-3.520577493340590891e-01,4.361421434435010236e-02,-7.035866083248062952e-02,-4.555399807367211534e-02,-3.986046005387283708e-02,3.309516037531431421e-01,-3.552513472593574750e-01,1.364039599627049626e-01,-2.434051019290443471e-02,-4.440750828586342153e-02,5.159434331373418531e-02,-7.310736346567407729e-02,3.674296965160170902e-01,-4.408533711530825405e-01,8.706853992436165424e-01,2.599508985169145525e-01,-1.374045763929352404e-01,-4.697298081983596052e-02,-7.470223592632271870e-02,-3.513647447011962188e-01,5.078783424924445677e-01,6.985808338286236818e-01,-1.087706327905319098e-01,-6.249888817339097069e-02,8.509137965798743708e-02
9.764551889488826131e-03,-2.349977903370161977e-02,7.455846623104820381e-01,4.780971629915951177e-03,2.246283868398081182e-02,6.330531376325368997e-01,7.737675930937732982e-01,-4.826676551419818890e-03,-3.151105684311809874e-02,1.027707819481224472e-01,2.871135128357699684e-01,-3.500092277257550455e-01,4.144887933725480145e-02,-6.860124579597692840e-02,-4.654110633143800774e-02,-4.232383227385861507e-02,3.275926130705207884e-01,-3.551479135358011074e-01,1.378280628851206446e-01,-2.311742418113352932e-02,-4.376608317764405648e-02,5.414218131995490041e-02,-6.724926710297118859e-02,3.866373053567374041e-01,-4.387694095259183080e-01,8.014685499176528172e-01,2.373959175542924016e-01,-1.405852950246359312e-01,-4.644782714551502073e-02,-6.035876983692148312e-02,-3.705040028640584349e-01,4.942869435425530922e-01,6.293123066458465864e-01,-7.995993738397043360e-02,-6.418839486635161129e-02,8.650220048190065958e-02
1.028590682354788705e-02,-2.430211692440025634e-02,7.455712905235390986e-01,5.668462028660292869e-03,2.246287143041651030e-02,6.325021382813940107e-01,7.742120723773262547e-01,-4.423412405307906858e-03,-3.197055599698803846e-02,1.028091420974311943e-01,2.869163020573997080e-01,-3.479215720635389086e-01,3.841418700820635468e-02,-6.516570923203444943e-02,-4.752119106026619910e-02,-4.487886912943130080e-02,3.207166426285213978e-01,-3.545337360150925266e-01,1.398462699395834619e-01,-2.095071222762833613e-02,-4.335202959891007457e-02,5.620554782236497626e-02,-6.002466239701800821e-02,4.060684658962632199e-01,-4.325523704957721649e-01,7.332207437049134136e-01,2.087780625277082247e-01,-1.442526764375035020e-01,-4.544099721688964894e-02,-4.538041269714453152e-02,-3.883471639386156804e-01,4.795246036895984276e-01,5.616817840601788792e-01,-4.884685115315035714e-02,-6.643183631994482863e-02,8.810640715470188788e-02
1.086479767854987150e-02,-2.502767028436580013e-02,7.455706101506389682e-01,6.558619304003902688e-03,2.219814509448593196e-02,6.320147257607925395e-01,7.746106204337115386e-01,-3.930584221105106434e-03,-3.208043648588868729e-02,1.020203119730041519e-01,2.876413097256229623e-01,-3.467429807684311305e-01,3.620282813820021456e-02,-6.027626829586639479e-02,-4.801863234591563501e-02,-4.771738001557973563e-02,3.120019362603169144e-01,-3.528404994822262331e-01,1.414247467590703244e-01,-1.844131207518531768e-02,-4.239180698148567461e-02,5.792654601601309600e-02,-5.079777713702750969e-02,4.240968829547190899e-01,-4.208080004872283286e-01,6.614287647209080578e-01,1.710058128525707710e-01,-1.495626122722776008e-01,-4.403114884585208888e-02,-2.987720602092289526e-02,-4.042665398854091707e-01,4.622945958162857916e-01,4.937624819136641752e-01,-1.456162181753554302e-02,-6.910519606458354058e-02,8.817279186269574853e-02
1.148197339005740079e-02,-2.561518074611771750e-02,7.455494686798936899e-01,7.737446064446306185e-03,2.146955162056889480e-02,6.312733687000438021e-01,7.752245637566638203e-01,-2.371899416955871101e-03,-3.180135149975573533e-02,1.023055011911865181e-01,2.895603317660246367e-01,-3.461926780713212581e-01,3.496447703259344952e-02,-5.457516340133672372e-02,-4.819311235615461597e-02,-5.003127390131215102e-02,3.044543929625498357e-01,-3.517085834508195119e-01,1.434984981702580598e-01,-1.675008864320511395e-02,-4.206111212971919838e-02,5.857589228728793396e-02,-4.184650961997070373e-02,4.410632509194112871e-01,-4.102615381287172402e-01,5.952807321781493632e-01,1.339825048031771659e-01,-1.535446908046912973e-01,-4.377461505727319596e-02,-1.518316967974216170e-02,-4.189580803951167276e-01,4.452466898778227322e-01,4.266974596284501819e-01,1.745013138680307982e-02,-7.136145924384644512e-02,8.995981663795021843e-02
1.213066565678037369e-02,-2.603899647388925598e-02,7.455260837485663261e-01,8.744859838754670545e-03,2.083925301823125881e-02,6.306410013563333861e-01,7.757455641950676828e-01,-1.017603321003537724e-03,-3.128058985895955380e-02,1.026736492334630324e-01,2.915066034544683271e-01,-3.456611459556939714e-01,3.257259537261789073e-02,-4.937745067927866438e-02,-4.823149432672839410e-02,-5.235024952712867552e-02,2.978923131995858675e-01,-3.510388798033119429e-01,1.450371784264075370e-01,-1.469726413601889041e-02,-4.167823559490726332e-02,5.981123422974778808e-02,-3.402428696187662083e-02,4.563414256557214443e-01,-3.969512488831138941e-01,5.293381072139524690e-01,9.218872306420658469e-02,-1.563290534782878494e-01,-4.302439140223645458e-02,-1.056455967537613810e-03,-4.330253690571937986e-01,4.282059138191550152e-01,3.598481336117999585e-01,4.705252859866581455e-02,-7.189250712953547395e-02,9.138793676897964680e-02
1.281551317831552614e-02,-2.626170514939335510e-02,7.455070305571712685e-01,9.574165925949423839e-03,2.037442169631419053e-02,6.300699715141150348e-01,7.762119873356538857e-01,5.699643291339909559e-04,-3.071487540936143970e-02,1.032373604756185170e-01,2.925392240181685088e-01,-3.450252431343897586e-01,3.063346693270529997e-02,-4.446703472914075722e-02,-4.808950395337990152e-02,-5.426556560468631663e-02,2.915129210292876638e-01,-3.504825619931196123e-01,1.462458962407345020e-01,-1.306644543265167782e-02,-4.117114684465994490e-02,6.074168843782390415e-02,-2.767507966180134810e-02,4.695874471198379640e-01,-3.803132159472467633e-01,4.660104131824716611e-01,4.848992323385602210e-02,-1.588526731934590264e-01,-4.171658566672224039e-02,1.139283277197210113e-02,-4.471796167229272201e-01,4.116860002882735126e-01,2.912927469863793584e-01,7.635075672118338264e-02,-7.210322422256391917e-02,9.329620436526596394e-02
1.352216791835284156e-02,-2.625859052255571577e-02,7.455207774186276559e-01,9.889768323659750213e-03,2.004565403823126840e-02,6.295592976883979119e-01,7.766308356811330027e-01,2.751970019742530377e-03,-2.955679401780688526e-02,1.039610554672770470e-01,2.910994022292693328e-01,-3.442288727705662410e-01,2.902082769912715451e-02,-3.984687301474924837e-02,-4.705917481795356822e-02,-5.550290635899611524e-02,2.844125191455846302e-01,-3.489334754897844837e-01,1.477782348773145071e-01,-1.192718859540134804e-02,-4.072525594542117378e-02,6.053366363518949966e-02,-2.129795260653848110e-02,4.817047492976613832e-01,-3.641396854128197691e-01,4.068685668574358316e-01,6.623104799577136589e-03,-1.621287074349437030e-01,-4.289990907321017399e-02,2.274999789443827788e-02,-4.603616144839854929e-01,3.948497590018505421e-01,2.246434793820792086e-01,1.010692684180769657e-01,-7.251340381279311464e-02,9.532849501404061510e-02
1.426615602376300578e-02,-2.606944708916570513e-02,7.455476442125784642e-01,1.046147349679800269e-02,1.978057104896102647e-02,6.295283923795499392e-01,7.766551936150765112e-01,6.098898543648541282e-03,-2.920463609510192196e-02,1.038697694058193927e-01,2.879391280964064270e-01,-3.423488808594890020e-01,2.800166611206491435e-02,-3.500201381639968246e-02,-4.647310750934413592e-02,-5.574335818684655885e-02,2.781365852693383767e-01,-3.479401511834882554e-01,1.470896299893043324e-01,-1.201021850225144835e-02,-4.043455617911354688e-02,5.914441930957660409e-02,-1.610052392361130402e-02,4.925755632631340641e-01,-3.499417777515574368e-01,3.528841072828669545e-01,-3.066584556311293536e-02,-1.645440337566331790e-01,-4.612189231547403345e-02,3.279290736762734831e-02,-4.708810036180485215e-01,3.775359494147196293e-01,1.640530597481828501e-01,1.224013451234886030e-01,-7.039363952696693627e-02,9.993961500929765540e-02
1.504771843538500915e-02,-2.571770162772992960e-02,7.455876022220045973e-01,1.091040601026824902e-02,2.040921350765145456e-02,6.293217244367305119e-01,7.768002279844348212e-01,1.006017518161409115e-02,-3.004522594475171268e-02,1.042291886870179846e-01,2.804208013844696756e-01,-3.382237832845155223e-01,2.523838186090083396e-02,-3.139376407443812689e-02,-4.711287225677806417e-02,-5.683128972080979391e-02,2.714223120300224834e-01,-3.478443194080315659e-01,1.457137231623576445e-01,-1.228086274111949740e-02,-4.011600798721727534e-02,5.703220717589179561e-02,-9.862765865237439755e-03,4.993945182154133633e-01,-3.318252658980064274e-01,2.991604340305203391e-01,-6.942031531057096805e-02,-1.675575895535862392e-01,-5.009933403614436065e-02,4.215147912540605224e-02,-4.804234907360405149e-01,3.579749912996744166e-01,1.000941826746640784e-01,1.414846671170320314e-01,-6.859159962534600030e-02,1.052661426813042977e-01
1.584339746477347877e-02,-2.526433930157480356e-02,7.456718255211298718e-01,1.183261694520239965e-02,2.079817217215165076e-02,6.292127341039854826e-01,7.768646989353503729e-01,1.577516536577191347e-02,-3.150113909415049041e-02,1.046048653659884253e-01,2.715719872323460460e-01,-3.324534960610268097e-01,2.292491867170332737e-02,-2.764992628696151533e-02,-4.832001457483862256e-02,-5.743980893055695286e-02,2.670339735957530936e-01,-3.481208497684145087e-01,1.446620735927829360e-01,-1.263418056379315285e-02,-4.042570851993505798e-02,5.419058592491973747e-02,-7.186798881168795367e-03,5.061309770828188448e-01,-3.178006708451110995e-01,2.469808495805673465e-01,-1.045967474560678123e-01,-1.701915813626197482e-01,-5.537246082943418635e-02,5.120895653975472694e-02,-4.908482407487980703e-01,3.430399758285818113e-01,3.963039951888304435e-02,1.613402856188329848e-01,-6.658638751715452442e-02,1.130691896722998691e-01
1.662072436203089129e-02,-2.475525927511856156e-02,7.457329455850006950e-01,1.245869091966968732e-02,2.143166976301269511e-02,6.289315984206900190e-01,7.770653183997678903e-01,2.028891902823999616e-02,-3.280423740750408601e-02,1.050510107150329775e-01,2.638277463097466469e-01,-3.277777067431036917e-01,2.200087814820020360e-02,-2.453181145552052120e-02,-4.918843523845101151e-02,-5.704791146215580644e-02,2.621807334048736338e-01,-3.481661134960616355e-01,1.449592586451336484e-01,-1.240588886266422684e-02,-4.106546707918928146e-02,5.214121160742358346e-02,-3.952797129076878607e-03,5.073114392115790627e-01,-2.995431214034388057e-01,1.964239149869563550e-01,-1.448048247181779324e-01,-1.751940766081248879e-01,-5.919587864961594476e-02,6.072119575595093244e-02,-4.989705435364268360e-01,3.229566701407506346e-01,-1.923530852708360550e-02,1.794687322552243613e-01,-6.495980971538534154e-02,1.181577701069850689e-01
1.738565006045256559e-02,-2.424069464654916156e-02,7.458166338086615887e-01,1.319313689125568498e-02,2.180336999357613409e-02,6.289637970249266630e-01,7.770167927579674227e-01,2.500387079831134160e-02,-3.401247994189222218e-02,1.046967598156809953e-01,2.565689408807063088e-01,-3.227896653745463418e-01,2.072455285701980954e-02,-2.136223655966160151e-02,-5.014135823727292052e-02,-5.774061719376273605e-02,2.588287982587617608e-01,-3.482821222330065858e-01,1.442056535168430020e-01,-1.278818088029265790e-02,-4.103772599802302246e-02,5.012070587895972595e-02,-2.256692628393293376e-03,5.086110421122636005e-01,-2.840623740584283796e-01,1.474686559939165087e-01,-1.802133736429062383e-01,-1.804415488349364605e-01,-6.408193593066990879e-02,6.871031698075677485e-02,-5.068116298496707639e-01,3.032034019649883505e-01,-7.857641930587330736e-02,1.969427584342054727e-01,-6.333670053737859573e-02,1.252330466256567632e-01
1.809648122012355587e-02,-2.375185444919654387e-02,7.458783515532344532e-01,1.370939690847397877e-02,2.214286059080043320e-02,6.287346713151106270e-01,7.771836715008501040e-01,2.910007426918781448e-02,-3.468861488045237723e-02,1.050114994425361548e-01,2.503257979442063408e-01,-3.188150947318972861e-01,1.927008280799970968e-02,-1.928530907155839164e-02,-5.055442438425628016e-02,-5.734489188627315409e-02,2.569016117018935175e-01,-3.486686988274398380e-01,1.444991651380153896e-01,-1.324375511494762375e-02,-4.055250947675929918e-02,4.916354877407508317e-02,-2.595129967928995474e-03,5.070914820035249404e-01,-2.661731912244642562e-01,9.896570989939613983e-02,-2.176316393975410157e-01,-1.879019668819955358e-01,-6.654573019972340187e-02,7.448079294860088240e-02,-5.127503620585764921e-01,2.827963470092079157e-01,-1.348883390071646260e-01,2.125503008691414231e-01,-6.231827122297254468e-02,1.327052281967886771e-01
1.876266563238920826e-02,-2.333794361048012467e-02,7.459015364436208939e-01,1.488306886708445215e-02,2.220157451795199896e-02,6.286811517021431150e-01,7.772037016410097143e-01,3.383651699075728575e-02,-3.627010930265307798e-02,1.043507067712072800e-01,2.450975037550932878e-01,-3.143787740953117860e-01,1.731823481475606996e-02,-1.644807298973607196e-02,-5.200795551944083911e-02,-5.773090343216173703e-02,2.563827704761411086e-01,-3.506897860523504606e-01,1.438503037984976141e-01,-1.330570251053010342e-02,-4.034089685653290125e-02,4.929898135766996176e-02,-4.240903678881580152e-03,5.043892480786988930e-01,-2.518007244773525222e-01,6.114426436904386863e-02,-2.488012278123190035e-01,-1.932009632432575286e-01,-6.843806544032073058e-02,8.063841077775257826e-02,-5.163887669030239325e-01,2.628811140279829206e-01,-1.825791775158564501e-01,2.209416849352575096e-01,-6.067053772949262958e-02,1.362459622359588896e-01
1.931682222022552964e-02,-2.300869372270687024e-02,7.459436778262953371e-01,1.608784290461182445e-02,2.184785592015012906e-02,6.284212780309625934e-01,7.773998648188068517e-01,3.899472567305435622e-02,-3.751517109156565777e-02,1.035999200358901362e-01,2.404463334929195784e-01,-3.107158389874674076e-01,1.749474591944576510e-02,-1.402028345295262129e-02,-5.282795304852803964e-02,-5.663582524182612932e-02,2.576588613478908996e-01,-3.523979586098916483e-01,1.432840454024260357e-01,-1.361634543006202784e-02,-4.091184896706398511e-02,5.054828543378873940e-02,-7.044711875528728018e-03,5.028084496052090957e-01,-2.390671069820367867e-01,2.553434533614109408e-02,-2.750775189434341295e-01,-2.010160163326881466e-01,-6.690584059551445140e-02,8.400973897818223013e-02,-5.185873855946934174e-01,2.435633141285256653e-01,-2.270612087917954214e-01,2.304087476853173833e-01,-6.027983124732019110e-02,1.379480584052456271e-01
1.974186448508764846e-02,-2.277798513715441342e-02,7.459042705742157109e-01,1.706370906541277571e-02,2.203111108877132268e-02,6.279881555848785268e-01,7.777238175742248183e-01,4.233744664219076664e-02,-3.931269323652133996e-02,1.025748004317134920e-01,2.366570951919448329e-01,-3.077015712263788672e-01,1.672106964359616754e-02,-1.280315324157593575e-02,-5.412629969081206305e-02,-5.544156340951100076e-02,2.583044848382869962e-01,-3.549329294699513637e-01,1.428016270033107271e-01,-1.409508520460266319e-02,-4.119343586163250887e-02,5.175574313186021014e-02,-1.071809533828258290e-02,5.018374194090278184e-01,-2.272674118786184860e-01,-6.085977813456946994e-03,-2.982590838035033554e-01,-2.081422903276938519e-01,-7.022150821073062932e-02,8.504347517416695201e-02,-5.225561414796071613e-01,2.250994737702381177e-01,-2.664765993369759278e-01,2.340776037603514437e-01,-5.792901029397867080e-02,1.436402603253720267e-01
2.003130090299089228e-02,-2.265854671327018413e-02,7.458645490378797982e-01,1.787247765485699968e-02,2.259954831390550284e-02,6.280450914187537537e-01,7.776433617689358924e-01,4.442230308087155577e-02,-4.145108502216811319e-02,1.020506145856644314e-01,2.328699012797234569e-01,-3.045165132139537878e-01,1.484550661499179844e-02,-1.173763219527446458e-02,-5.611764871814468869e-02,-5.568702988633023737e-02,2.574270694192143938e-01,-3.570823032906768613e-01,1.431382538437985241e-01,-1.407283740682212236e-02,-4.195318047720518473e-02,5.343102507128939110e-02,-1.270729973318926107e-02,4.976813639753138729e-01,-2.151632823158189933e-01,-3.257385001746512104e-02,-3.253635839022653298e-01,-2.137889423997571259e-01,-7.274739552248796204e-02,8.467029432422346069e-02,-5.241904087193954842e-01,2.074448289748012653e-01,-3.005165490445235177e-01,2.369063897062544943e-01,-5.630726239504700581e-02,1.462083901130035168e-01
2.013272321979087121e-02,-2.268152607452189953e-02,7.459626641314029971e-01,1.835627122893906255e-02,2.224806431275819923e-02,6.277787781661605671e-01,7.778572340893322723e-01,4.656575867871624863e-02,-4.161764479130065919e-02,1.027879568087113060e-01,2.311868980261112816e-01,-3.026793236052881531e-01,1.520234896475431384e-02,-1.125184456038944361e-02,-5.604381608287328093e-02,-5.364442859096075350e-02,2.588508830563714391e-01,-3.565852690503044653e-01,1.430974950524362133e-01,-1.403386625727132131e-02,-4.332175436109178546e-02,5.434957027048750722e-02,-1.661383378264267088e-02,4.971703504090513870e-01,-2.080148914654346703e-01,-5.648853597961986384e-02,-3.456482918305094354e-01,-2.177287122264249808e-01,-7.607343846722842973e-02,8.309186958695699565e-02,-5.247059107541712786e-01,1.944575299855561545e-01,-3.287068179393038969e-01,2.448581524634710072e-01,-5.443142673184226538e-02,1.499653600751161275e-01
2.010635590103180409e-02,-2.284122998375770833e-02,7.460107462663037037e-01,1.922969710538091626e-02,2.177737830085645782e-02,6.273403156420412907e-01,7.782031180313525587e-01,4.919183744189439822e-02,-4.250771414975738210e-02,1.033688517318299693e-01,2.296202688778380963e-01,-3.005820116151241006e-01,1.536108693166544394e-02,-1.059527367809566870e-02,-5.673498109261797262e-02,-5.214794354512060359e-02,2.609126394369010171e-01,-3.575236261783185099e-01,1.420883140782769338e-01,-1.468947550168490067e-02,-4.486126718543861219e-02,5.495902250057159433e-02,-2.029026980498093921e-02,4.969965646711399510e-01,-2.009423302174248582e-01,-7.499378263241039677e-02,-3.618624234253655647e-01,-2.228725262573675592e-01,-7.726562832488989563e-02,8.135963804431731172e-02,-5.223185467746791488e-01,1.821738494410876930e-01,-3.500549973409163851e-01,2.552043021442351733e-01,-5.312193543571495230e-02,1.528762577279281221e-01
1.996289361009866842e-02,-2.311847455756965361e-02,7.460639746463308963e-01,1.970423348046169282e-02,2.106441855891288961e-02,6.271393338328619116e-01,7.783728472996698233e-01,5.135131518311143728e-02,-4.228572226856477934e-02,1.046563826751833182e-01,2.283020554128755986e-01,-2.996579056830407928e-01,1.562756900600029142e-02,-9.772816737809816856e-03,-5.649990690912118363e-02,-5.098222877121231372e-02,2.620444649794198555e-01,-3.571525080673073616e-01,1.421079403580815803e-01,-1.560462479248162816e-02,-4.658793552229330975e-02,5.566743531979986837e-02,-2.285489370351150018e-02,4.964592995941483622e-01,-1.968203220722387070e-01,-9.091876324495552775e-02,-3.752752374928353118e-01,-2.273226000261064361e-01,-7.893887467248149326e-02,8.034872530190032003e-02,-5.190081907753379964e-01,1.721453081611152014e-01,-3.675820836044655926e-01,2.620151833537185948e-01,-5.304182782478916725e-02,1.551753436019647214e-01
1.974767749302726999e-02,-2.349542509782873156e-02,7.460699138656038398e-01,2.024526041815683658e-02,2.022775597311263565e-02,6.268776459778288013e-01,7.785919241118467449e-01,5.325030164762596663e-02,-4.194709367488556190e-02,1.064215026553344268e-01,2.280110853958136896e-01,-2.994619886516990404e-01,1.516249349406857856e-02,-8.754809104925515006e-03,-5.635498755953506633e-02,-5.009994104404856541e-02,2.631231452638474466e-01,-3.573098612217044390e-01,1.428529027066995916e-01,-1.578647178684292052e-02,-4.798043434960437559e-02,5.694318835885141261e-02,-2.553362440363103614e-02,4.966346476355664175e-01,-1.936463258139961008e-01,-1.018070391830984828e-01,-3.887927315314103072e-01,-2.308510662503732436e-01,-7.854312776657311479e-02,7.955246306345746532e-02,-5.168572104665638545e-01,1.657526380078580830e-01,-3.803467638630158021e-01,2.704893313012228795e-01,-5.354402716768733722e-02,1.580597505639836919e-01
1.950476391755518596e-02,-2.394224565418195949e-02,7.460664816303091973e-01,2.094919442241677254e-02,1.960968104799798439e-02,6.266124077782322388e-01,7.788025950654069440e-01,5.490041583241959955e-02,-4.238963856588742751e-02,1.074064605287503582e-01,2.274941491000762317e-01,-2.986967732131403652e-01,1.450899151533014721e-02,-8.227323109054239525e-03,-5.681188948918580034e-02,-4.902289010980566408e-02,2.646651006155507635e-01,-3.581011465444068897e-01,1.425037080003612455e-01,-1.594491507684726861e-02,-4.924611584671534370e-02,5.834509439419523907e-02,-2.791389080209317683e-02,4.959621915145887017e-01,-1.912429506033080095e-01,-1.090971173913774794e-01,-3.995437197922075412e-01,-2.348273538335551303e-01,-7.788465702756032505e-02,7.833098090619573795e-02,-5.141931102911106999e-01,1.619908492119740417e-01,-3.883425667698028882e-01,2.800349051535555023e-01,-5.427725469286035637e-02,1.596333823319188716e-01
1.925753639816344884e-02,-2.442907592783311391e-02,7.460838877864055529e-01,2.153045610213104311e-02,1.889285193710006291e-02,6.263087197310882592e-01,7.790487065610983697e-01,5.603813064556716073e-02,-4.234209359797252992e-02,1.088741914723009990e-01,2.279858761948405921e-01,-2.985121102991373232e-01,1.461411713073758160e-02,-7.871090474036009088e-03,-5.704977318311233586e-02,-4.871869723198262586e-02,2.664134701363384261e-01,-3.581108386942298272e-01,1.428296982127296721e-01,-1.641007437794223672e-02,-5.015763128806504517e-02,5.947147353570179235e-02,-3.010542227788362904e-02,4.954825468926066234e-01,-1.902061466316209981e-01,-1.134017091029140695e-01,-4.089579244127832802e-01,-2.387180809140725113e-01,-7.741431987402631887e-02,7.673860420129829940e-02,-5.118006223131312815e-01,1.597453761661178362e-01,-3.929303071672711756e-01,2.899502001569972398e-01,-5.518906176243451589e-02,1.614447503943182982e-01
1.904210323933016799e-02,-2.492822794189108321e-02,7.460857003738761151e-01,2.204608518982592233e-02,1.817683000127515852e-02,6.260366802264064612e-01,7.792699455195265523e-01,5.681585756054654407e-02,-4.220096411783969687e-02,1.097357537741337485e-01,2.289582018011561415e-01,-2.986709590149208005e-01,1.485718354007286961e-02,-7.413612365387435565e-03,-5.717789288089934752e-02,-4.886124648603038662e-02,2.677633754584719528e-01,-3.581149384558218185e-01,1.432042532727653417e-01,-1.684218523691610042e-02,-5.084112214570136318e-02,6.073182845888128178e-02,-3.255048961192365253e-02,4.934996339179087421e-01,-1.895812986305512038e-01,-1.154800503721107457e-01,-4.188645153484861217e-01,-2.427389189527313640e-01,-7.751282222101184283e-02,7.446455738860063844e-02,-5.095641688922579737e-01,1.584757356553783414e-01,-3.955036391365929771e-01,2.972654306316084849e-01,-5.585550128267709885e-02,1.630984978083862003e-01
1.887192280041818243e-02,-2.541087976213039779e-02,7.460492340621274199e-01,2.241831054665180400e-02,1.749153599396151629e-02,6.255988957918774407e-01,7.796265048757563543e-01,5.739217600850529677e-02,-4.172984954631957233e-02,1.109475610930734102e-01,2.301752084553527755e-01,-2.996295812115095103e-01,1.510186699505523464e-02,-7.229939127677678656e-03,-5.683577653328746732e-02,-4.816936346307502254e-02,2.690413795150041754e-01,-3.583863983529460562e-01,1.435137440373353557e-01,-1.778503890841763579e-02,-5.165342457057073289e-02,6.202814628059893226e-02,-3.473423254488924861e-02,4.934703422902047554e-01,-1.889813545240187631e-01,-1.170286434237710893e-01,-4.252083793976457193e-01,-2.454975750207537832e-01,-7.684129302385343807e-02,7.129926438621503326e-02,-5.080867375868798330e-01,1.580560593580521422e-01,-3.970510739291619462e-01,3.032270447595138418e-01,-5.690160757687696969e-02,1.643780021880930642e-01
1.878325856317862239e-02,-2.585626815577796514e-02,7.459945066818731707e-01,2.296437935134443276e-02,1.689695815520909222e-02,6.252057293024724238e-01,7.799390528326369809e-01,5.804369791572297488e-02,-4.178774121449540385e-02,1.110378314575919817e-01,2.314272459900001411e-01,-3.004226966125622678e-01,1.527873107174033962e-02,-6.746360480870497792e-03,-5.684990090916892252e-02,-4.774371728109182839e-02,2.701853599828467067e-01,-3.594521772953288563e-01,1.427778968530893366e-01,-1.829132922532664823e-02,-5.221152200042185332e-02,6.327605519239375143e-02,-3.684709051601540303e-02,4.949133792839438550e-01,-1.888361806322835512e-01,-1.185080498746006739e-01,-4.277647780551071532e-01,-2.480443519831013466e-01,-7.736362658891686450e-02,6.780036642451278683e-02,-5.074295397893942017e-01,1.578103061388438644e-01,-3.984041219953383117e-01,3.047676790096081612e-01,-5.780029156343593350e-02,1.649606786147930770e-01
1.878310980030276425e-02,-2.624969746189287356e-02,7.459613915493800151e-01,2.349778059737546790e-02,1.626260684660759195e-02,6.250210872198963541e-01,7.800846251888367000e-01,5.849789555595776708e-02,-4.156248088945708324e-02,1.113415519407342374e-01,2.332712205051670484e-01,-3.011921237602347978e-01,1.569143060303580112e-02,-5.789054724105825722e-03,-5.674240169803354550e-02,-4.773507319426377460e-02,2.708747632364831848e-01,-3.600061025420966954e-01,1.426774122265824507e-01,-1.877233480455909459e-02,-5.292506827510187750e-02,6.473297836002893380e-02,-3.975284823168953596e-02,4.962482624863276404e-01,-1.882913552099204080e-01,-1.187431832352171396e-01,-4.279743137334159897e-01,-2.500016804491771993e-01,-7.690205336114808166e-02,6.450637578578624631e-02,-5.062962424667770689e-01,1.579039244605954795e-01,-3.992711609442073928e-01,3.075052097256281702e-01,-5.923505987625660857e-02,1.642861864983645448e-01
1.885210296568138461e-02,-2.657505467427772466e-02,7.459274503968554848e-01,2.386170133233550192e-02,1.565767190377940349e-02,6.246340928118915281e-01,7.803958653255054223e-01,5.900936989419126866e-02,-4.099233466051162289e-02,1.117286461250839857e-01,2.348753904107097612e-01,-3.022266357106864754e-01,1.572934213864210853e-02,-4.739247953600395080e-03,-5.620365541765908607e-02,-4.753008385436811867e-02,2.708342225296502259e-01,-3.601442683295225100e-01,1.425311852580937733e-01,-1.917129065229880580e-02,-5.342914274530847357e-02,6.663034779098951643e-02,-4.236078450845193188e-02,4.985795484125267185e-01,-1.882482784843866053e-01,-1.196374481421266095e-01,-4.275092576331699368e-01,-2.515346392204113601e-01,-7.656868910690176055e-02,6.047367931026784160e-02,-5.069680169300389005e-01,1.586404982879533743e-01,-4.002340951750536502e-01,3.076017607413444321e-01,-5.990108069970756510e-02,1.637828496795843969e-01
1.900034959560962036e-02,-2.683169446907840427e-02,7.459025821080845775e-01,2.419131628836958259e-02,1.515611797736982763e-02,6.242456279091362914e-01,7.807063906107210016e-01,5.933781187840320159e-02,-4.039184212730162482e-02,1.120685142380749566e-01,2.366114650312039214e-01,-3.028653306316294591e-01,1.535385705736298442e-02,-3.854906178972293540e-03,-5.568486785628076058e-02,-4.759225341461021525e-02,2.709006943322617711e-01,-3.602917554340012152e-01,1.421521607306989732e-01,-1.966807660244798694e-02,-5.349280959423115961e-02,6.779781631895676064e-02,-4.459765816368697899e-02,5.017490168547463769e-01,-1.888816602224842323e-01,-1.203236016620244930e-01,-4.256424089911871045e-01,-2.522511205017712310e-01,-7.632750979754013287e-02,5.651653435871692444e-02,-5.079251755452183215e-01,1.600277024566712503e-01,-4.011919872322791680e-01,3.077671430930717378e-01,-6.017141511720571628e-02,1.631352081893579775e-01
1.920590471359071016e-02,-2.704640432404515835e-02,7.458428211769082550e-01,2.464136708232326362e-02,1.464938855654256133e-02,6.237884000743595392e-01,7.810673660932864193e-01,5.964652732211615793e-02,-4.003299943156394397e-02,1.117609558524338270e-01,2.389387807142358544e-01,-3.039852669509749972e-01,1.568102811083987858e-02,-3.208554891532053657e-03,-5.524776570789637076e-02,-4.721781310568046175e-02,2.719548128948666710e-01,-3.613874736725985470e-01,1.412068503572526945e-01,-2.025727220646727014e-02,-5.355499193600409685e-02,6.941024003592949354e-02,-4.681032258348336028e-02,5.062228960186265780e-01,-1.906227450000408663e-01,-1.212704283504387054e-01,-4.238714715307615455e-01,-2.533050574635120622e-01,-7.667897271331589049e-02,5.262636786893616636e-02,-5.100947201826017130e-01,1.620971187412232339e-01,-4.027961224818126795e-01,3.066456812344827143e-01,-5.971697372152896810e-02,1.653457423188470221e-01
1.945014600770874139e-02,-2.720897931919671886e-02,7.457516350175493747e-01,2.497694068695717820e-02,1.446488600480620897e-02,6.234691024186782560e-01,7.813150439074082465e-01,5.980552266778087905e-02,-3.969379812775391397e-02,1.127881241026048864e-01,2.402792938654343957e-01,-3.046796931412231735e-01,1.514235176099871204e-02,-3.034971622847937311e-03,-5.518954528439297402e-02,-4.757737242597082084e-02,2.729397766697945760e-01,-3.630606898599892940e-01,1.408607068431857456e-01,-2.115388017861511566e-02,-5.337251116026971165e-02,7.087788530803110221e-02,-4.900629208639969980e-02,5.126985124093774715e-01,-1.927751603437069250e-01,-1.226378585859005804e-01,-4.211838540509789675e-01,-2.545165447211065191e-01,-7.537650721156223532e-02,4.871075192246783481e-02,-5.123258262593151091e-01,1.636948555835043839e-01,-4.043999704950033691e-01,3.064871047778381929e-01,-6.023050752778449229e-02,1.656733495374917153e-01
1.971510113601416744e-02,-2.734576694275391365e-02,7.456809559326549319e-01,2.526013020536313838e-02,1.434936142706819649e-02,6.230521610709038871e-01,7.816405991461289338e-01,5.991974249536344277e-02,-3.953294918042097456e-02,1.129907785238006002e-01,2.413847071236743802e-01,-3.052150003932457833e-01,1.543281725944843294e-02,-3.706751113006535869e-03,-5.489969359573662611e-02,-4.670854367300636412e-02,2.751477682537815661e-01,-3.649294988437982168e-01,1.394715348799332177e-01,-2.220020290447241584e-02,-5.363882390790777888e-02,7.243681394853890287e-02,-5.093856619865452795e-02,5.204969903879081983e-01,-1.957150446582253400e-01,-1.251693570200645145e-01,-4.191581025171185471e-01,-2.551952621533929433e-01,-7.637089486169088004e-02,4.458296635084002535e-02,-5.157427138138535039e-01,1.658307296709558565e-01,-4.057610609622017694e-01,3.059338847236972581e-01,-5.987187730906146088e-02,1.676368031527487590e-01
2.000661965253723237e-02,-2.748009760527668488e-02,7.455900586479711212e-01,2.557833299343076350e-02,1.447252921860272754e-02,6.232967771149547920e-01,7.814329289308223903e-01,5.956181099071494039e-02,-3.990471378930469937e-02,1.119039918196540473e-01,2.420331821810950690e-01,-3.052062773381533645e-01,1.456177382854180469e-02,-4.629394502726431881e-03,-5.525671093500281184e-02,-4.700430542121466354e-02,2.777635002622571569e-01,-3.674652692392878506e-01,1.375418840098540929e-01,-2.323437106453504417e-02,-5.371213978836227032e-02,7.405702742891812074e-02,-5.390235742692262022e-02,5.292916900268319624e-01,-2.008255742129416710e-01,-1.274497476736781987e-01,-4.221029516434472995e-01,-2.550673385519356962e-01,-7.882339977573168954e-02,4.198169661756452620e-02,-5.191132678364165365e-01,1.682026032293957585e-01,-4.080310089177490163e-01,3.094941368582813102e-01,-5.997469557694613124e-02,1.715789800090081196e-01
2.030305295421556966e-02,-2.762196638890719938e-02,7.454910847800126916e-01,2.602898627999155473e-02,1.440978239593048577e-02,6.238581877061210035e-01,7.809710696796469120e-01,5.962422891725138729e-02,-4.022099592089110887e-02,1.109190577793941757e-01,2.427054486175117265e-01,-3.053458568530636463e-01,1.406570820298469124e-02,-5.532314216439756724e-03,-5.554498883915932883e-02,-4.699586341549721880e-02,2.816048372828154900e-01,-3.704287351719220411e-01,1.355933794981928064e-01,-2.439982327343651058e-02,-5.438894561949762091e-02,7.532842149371977991e-02,-5.791112932816235015e-02,5.416101327093123530e-01,-2.078816578962408568e-01,-1.300067106954495288e-01,-4.177843379147604397e-01,-2.552712902771930858e-01,-8.066762705004404399e-02,3.975095514754537623e-02,-5.240773489040516653e-01,1.704038431764795802e-01,-4.091918855307097314e-01,3.106765956281133390e-01,-6.005401354213057985e-02,1.770816278361498353e-01
2.059632468770013561e-02,-2.776524715614273053e-02,7.453855955072934414e-01,2.637436987937137947e-02,1.422757481317763785e-02,6.245167796424698770e-01,7.804362630435619508e-01,5.919512978606825820e-02,-4.001299693121348339e-02,1.104394288900898691e-01,2.445821646473899658e-01,-3.062089679580961010e-01,1.353614879577337386e-02,-6.178959640220809887e-03,-5.541459211653664702e-02,-4.684003556283262287e-02,2.851743486018527007e-01,-3.731225964197915079e-01,1.342540935896775478e-01,-2.507042027820611738e-02,-5.500522820397796969e-02,7.671231829301584926e-02,-6.137171115304476676e-02,5.499639702435188404e-01,-2.132992011451119996e-01,-1.322964994691981366e-01,-4.176443139663051918e-01,-2.558982535915367840e-01,-8.160247506525018790e-02,3.837765494916210718e-02,-5.284610538655543088e-01,1.720189165119772601e-01,-4.098273703656174494e-01,3.118741805148707025e-01,-6.116806298519317231e-02,1.781963071276958521e-01
2.088381944542572546e-02,-2.792276218847790370e-02,7.453104610686914766e-01,2.682711979531759994e-02,1.392185995562727867e-02,6.250531602301518941e-01,7.799968168814301883e-01,5.908568432539995641e-02,-3.978432040637176759e-02,1.102869155275833235e-01,2.466139969835733359e-01,-3.069947010027296308e-01,1.334111813044437482e-02,-6.224427525474160103e-03,-5.576732146016484537e-02,-4.879924843320313649e-02,2.882072588414312797e-01,-3.750809716025094165e-01,1.342912886305020759e-01,-2.548455638841334858e-02,-5.472626543746089006e-02,7.850700117352060747e-02,-6.462055864010847472e-02,5.580923142271057014e-01,-2.188393687876969418e-01,-1.340479298499657190e-01,-4.183787342302092704e-01,-2.560625450458431374e-01,-8.398502150985044656e-02,3.716745411602200011e-02,-5.314165588070082213e-01,1.741048559908092153e-01,-4.098395545098483250e-01,3.160226818397057769e-01,-6.084879625347637544e-02,1.799594971181868175e-01
2.116481541553576207e-02,-2.809379656691926921e-02,7.452192516885551843e-01,2.737133999996871694e-02,1.373113228320863369e-02,6.259918736541723039e-01,7.792281051603348052e-01,5.867921998930999972e-02,-4.003873361352463384e-02,1.090866995220871327e-01,2.486339614017619715e-01,-3.076092499031702343e-01,1.310167976539722279e-02,-6.066762564201464911e-03,-5.638155904586553135e-02,-5.035749652808339111e-02,2.909330168812895301e-01,-3.776300829018581773e-01,1.326630829865917127e-01,-2.628983104442689234e-02,-5.427221496889817615e-02,7.899517166670354251e-02,-6.840022430563602596e-02,5.689561886246308209e-01,-2.251684927394186075e-01,-1.356551808675532378e-01,-4.137561252418361923e-01,-2.562090089559839745e-01,-8.880940919958230095e-02,3.616808498881753098e-02,-5.361413612406403795e-01,1.751025317559751493e-01,-4.097703839998406150e-01,3.142520175444128427e-01,-5.886199305938419335e-02,1.853850869984936811e-01
2.143367817405928896e-02,-2.825717962443956982e-02,7.451340525659004843e-01,2.763116935638781912e-02,1.386360885088902019e-02,6.266228639748767648e-01,7.787092558673943676e-01,5.805535279621651390e-02,-4.044289265377014331e-02,1.074244570182598668e-01,2.493186099224860564e-01,-3.079093612075747832e-01,1.239567966041618154e-02,-6.324862525641796254e-03,-5.700940570066737045e-02,-5.246034950368504840e-02,2.923202865416909546e-01,-3.796433758141062320e-01,1.319323445987009291e-01,-2.727089819413421046e-02,-5.299688253258608150e-02,7.952587599814237018e-02,-7.188679308071027618e-02,5.799616529156422784e-01,-2.315544976778972086e-01,-1.377184582506449095e-01,-4.096640251050813197e-01,-2.554558708328280581e-01,-9.446888558735820618e-02,3.422820907185476075e-02,-5.410171461871106091e-01,1.768372202699278195e-01,-4.104476316014218362e-01,3.104249101724305682e-01,-5.553680653476301965e-02,1.927234978439311408e-01
2.167751187487442291e-02,-2.842229898054724965e-02,7.450810136030251440e-01,2.775818544165000595e-02,1.393019721977839867e-02,6.274360896039019586e-01,7.780484472119773010e-01,5.781563529359649151e-02,-4.068876543029668197e-02,1.053012090250228794e-01,2.488664588468625372e-01,-3.079029037986946160e-01,1.196058362207833535e-02,-7.101562494431071237e-03,-5.707156330916688530e-02,-5.316105093460274378e-02,2.945906539388841172e-01,-3.813490755661118059e-01,1.302470786590133878e-01,-2.852675008213746699e-02,-5.255267671134538493e-02,7.994463897235963568e-02,-7.550091248527329713e-02,5.883889174853973447e-01,-2.350074747095413363e-01,-1.395486318095494893e-01,-4.049084462397486428e-01,-2.562106593171479818e-01,-9.698201623672758620e-02,3.330521794468115776e-02,-5.434934125478984024e-01,1.773496233024118851e-01,-4.098950589068161010e-01,3.094370465700813089e-01,-5.480632780582830182e-02,1.967510448356808439e-01
2.188641857807271940e-02,-2.862906593623371770e-02,7.450401930778994819e-01,2.814982480079373378e-02,1.362561087261516223e-02,6.286890331000305476e-01,7.770276891795946383e-01,5.806332845936947734e-02,-4.075147740937828944e-02,1.035002254857326914e-01,2.490573575763599945e-01,-3.077636011244497816e-01,1.055201183031686911e-02,-7.609044628623102061e-03,-5.730180182760336027e-02,-5.450714539466192110e-02,2.986664445358035991e-01,-3.833863471081547791e-01,1.282990425047114413e-01,-2.955543449863703293e-02,-5.223906044150127687e-02,8.090242340323958170e-02,-8.005567021947243567e-02,5.970549136309483140e-01,-2.393974250824795202e-01,-1.413826981038616704e-01,-3.995194601614348029e-01,-2.586944093810076839e-01,-9.790153777736948504e-02,3.318724240671457049e-02,-5.441130224865766696e-01,1.776596239525257137e-01,-4.083071930192646026e-01,3.083586400642678860e-01,-5.702664146470593637e-02,1.970887642286234531e-01
2.203897847713719507e-02,-2.883861416889678397e-02,7.450019427411241901e-01,2.833584736656514017e-02,1.323028114197171215e-02,6.301609045314155999e-01,7.758345660094492224e-01,5.850226036514883515e-02,-4.030856726880327479e-02,1.021504025118181169e-01,2.484784701454816891e-01,-3.078689038716122539e-01,9.367741357296618249e-03,-7.198517172423235175e-03,-5.711285703427360777e-02,-5.608836044008223137e-02,3.007647536080191863e-01,-3.846047154239851107e-01,1.273420597947590438e-01,-3.014672949983287706e-02,-5.198954322929216082e-02,8.195975949622162637e-02,-8.486528483920235955e-02,6.023662891692743715e-01,-2.431599676797827347e-01,-1.429129749302495145e-01,-3.979333243119476671e-01,-2.622849382033898835e-01,-9.817916524404912693e-02,3.354066968707154067e-02,-5.451780890985712391e-01,1.775161738819809321e-01,-4.063208748022619221e-01,3.076988909932461547e-01,-5.889868379407508375e-02,1.968008146526229740e-01
2.213389579107107388e-02,-2.906048083474357946e-02,7.449548590431813722e-01,2.867348302718914638e-02,1.311429095285097240e-02,6.317359089153987695e-01,7.745421796976118545e-01,5.850948038747352115e-02,-4.092057049881975272e-02,9.935868515006100743e-02,2.478908199692777814e-01,-3.074072454049299186e-01,8.092564829445548710e-03,-6.347533400511055565e-03,-5.805791199125396457e-02,-5.938163860545823958e-02,3.015182184558720113e-01,-3.861335694787589867e-01,1.268627726744039619e-01,-2.989412432777653963e-02,-5.088759250576306570e-02,8.329760468487232283e-02,-9.066321580678753100e-02,6.101842591669097704e-01,-2.496179418513450043e-01,-1.448701321082381532e-01,-4.013427339244899361e-01,-2.634328894789102482e-01,-1.035179857484220950e-01,3.466597128695868973e-02,-5.478767771747019566e-01,1.773633561357075561e-01,-4.056051682360702348e-01,3.083340862303288743e-01,-5.838195717306044613e-02,1.988039064067325667e-01
2.213379232348174075e-02,-2.929299889947373919e-02,7.449133717438215507e-01,2.865980472425587455e-02,1.313489219447673897e-02,6.332411759540039764e-01,7.733121641850696504e-01,5.743939000044296500e-02,-4.108595168637160788e-02,9.741382775682771999e-02,2.480535709531243582e-01,-3.076566332037220519e-01,7.614272697028554721e-03,-6.570938554822682715e-03,-5.825935224520017303e-02,-6.035320034142386408e-02,3.025646019658085883e-01,-3.871126236540052834e-01,1.255489454897240342e-01,-3.035028308019034615e-02,-5.032441154428096003e-02,8.414047681526656830e-02,-9.664510953431150464e-02,6.204124292269005414e-01,-2.562540482634689254e-01,-1.483415409448201883e-01,-4.055996382401474420e-01,-2.639830726618974110e-01,-1.109252490496618060e-01,3.544553549597398434e-02,-5.531131801635034151e-01,1.779306920530644986e-01,-4.059438989276010212e-01,3.096546513678131718e-01,-5.675499544627943260e-02,2.056455003339613397e-01
2.206794833235743714e-02,-2.954294962187194520e-02,7.448924427305754215e-01,2.853854632449647627e-02,1.305304874333734072e-02,6.344264375999413286e-01,7.723459487602917228e-01,5.659998032968322629e-02,-4.102905535832569034e-02,9.548317252248322839e-02,2.479305126587590391e-01,-3.078719188817711228e-01,7.072151393418270662e-03,-6.266517386876360035e-03,-5.840297752318419217e-02,-6.277197288360908400e-02,3.022839848183405120e-01,-3.873871142915703558e-01,1.252846833343556066e-01,-3.104080162533948833e-02,-4.881466813507928659e-02,8.454329485271995515e-02,-1.022589412825318511e-01,6.313628000857942624e-01,-2.623448557056755059e-01,-1.515403211315045628e-01,-4.070140798773376756e-01,-2.637959846428087340e-01,-1.181590128359919084e-01,3.552788964042520592e-02,-5.585748135651621427e-01,1.783889466529672840e-01,-4.062874125683362259e-01,3.099266266386003776e-01,-5.453222031388224589e-02,2.124586434141751967e-01
2.195345314305440637e-02,-2.984368173165084792e-02,7.448729138104579484e-01,2.854226332051501558e-02,1.270583979737526653e-02,6.365537609260372154e-01,7.705992540163154603e-01,5.561688537940746163e-02,-4.106645823233200099e-02,9.216463183937986803e-02,2.485776894076847654e-01,-3.086708369333160396e-01,7.102742064854967313e-03,-6.631778022510912904e-03,-5.848035830006290819e-02,-6.476976003780678115e-02,3.053575112481303755e-01,-3.887985427102643166e-01,1.225278174052379099e-01,-3.117751313300802518e-02,-4.824915407147589014e-02,8.510673678009268717e-02,-1.104664978928443786e-01,6.443867651124294271e-01,-2.708510056465940896e-01,-1.551713196494135250e-01,-4.044939443337311480e-01,-2.648073067642236489e-01,-1.215941945014551995e-01,3.859066733415673217e-02,-5.617826240799462800e-01,1.770405491661870279e-01,-4.053807458633208460e-01,3.090492703814164410e-01,-5.563831582313248647e-02,2.148424413649644982e-01
2.180053837017098886e-02,-3.016817467450667173e-02,7.448750482639935333e-01,2.845853892983958230e-02,1.234928304802574046e-02,6.388546379160690014e-01,7.687017356447852778e-01,5.437726876832824768e-02,-4.099494178964058905e-02,8.856915705378827497e-02,2.492168832241677401e-01,-3.090124298259211422e-01,6.226860103951436728e-03,-6.537840337041068289e-03,-5.857947442009905914e-02,-6.760621662004626109e-02,3.072616689582912675e-01,-3.891924414120930820e-01,1.211853926318624819e-01,-3.153109476319819471e-02,-4.777414272115177579e-02,8.592844176803983436e-02,-1.191481533281620597e-01,6.572361760758383964e-01,-2.824460161216307275e-01,-1.595632665146826390e-01,-4.069830008030977386e-01,-2.649098258880143719e-01,-1.264311008770512834e-01,4.066582960356861925e-02,-5.663032909687852889e-01,1.772698176285066873e-01,-4.041937518983971800e-01,3.089601068887425916e-01,-5.586741299437440744e-02,2.175552181472692470e-01
2.159916896988057361e-02,-3.052433376033363704e-02,7.448628611437589919e-01,2.848374475320431670e-02,1.199897330127677048e-02,6.402706467723254802e-01,7.675273283774955990e-01,5.317864267016237517e-02,-4.109551277277249254e-02,8.587374605757738810e-02,2.505724797741262222e-01,-3.095568272663751230e-01,6.637185364839042964e-03,-6.848652050210015177e-03,-5.870537967150704639e-02,-6.915383810725911351e-02,3.093686851032771412e-01,-3.898252249911045575e-01,1.197598646861615518e-01,-3.233099002407585632e-02,-4.651523977018791334e-02,8.671505195679413136e-02,-1.275121480985902944e-01,6.748993680747227275e-01,-2.951404920113067654e-01,-1.648707019133943685e-01,-4.054945816572387840e-01,-2.654829120457203318e-01,-1.327304418782063178e-01,4.060460832947374726e-02,-5.708032291709672634e-01,1.779603718283380986e-01,-4.037157469243550789e-01,3.113495093841116002e-01,-5.549245624385166359e-02,2.228918196576866184e-01
2.139525371695972025e-02,-3.088835876685144810e-02,7.449041767001716163e-01,2.867142499176783543e-02,1.169050426409812445e-02,6.412474979515093709e-01,7.667091546798693313e-01,5.299904181116852492e-02,-4.131277969165356168e-02,8.512343215234832727e-02,2.505228153840798333e-01,-3.089517758585469953e-01,7.241506775115277503e-03,-7.418266153229257157e-03,-5.915874868527989938e-02,-7.051505150902263874e-02,3.118726271829630470e-01,-3.899468774394654891e-01,1.185796265453799292e-01,-3.414382082092937837e-02,-4.555511652652564220e-02,8.699798321354754171e-02,-1.347949805912644072e-01,6.927925506199710259e-01,-3.066757430017919561e-01,-1.695034256504086567e-01,-4.021073744050541743e-01,-2.682518449814056405e-01,-1.343080499807448036e-01,3.864679961020635324e-02,-5.745025223410370474e-01,1.810851459062025604e-01,-4.036044634272445419e-01,3.161913969687732973e-01,-5.778326180735655904e-02,2.281375231669888759e-01
2.121221841047295914e-02,-3.130703636974938031e-02,7.448928374384552464e-01,2.904663405542196042e-02,1.149760687286958093e-02,6.430255065599282949e-01,7.652073549042727185e-01,5.260306183256346219e-02,-4.215484826743338270e-02,8.310960580618007021e-02,2.502333491003613242e-01,-3.083125650046389943e-01,5.837652180053887196e-03,-8.134335338374529267e-03,-6.041482322311292341e-02,-7.292919785690291090e-02,3.155360937093367180e-01,-3.913458611463648262e-01,1.177354383050035064e-01,-3.483269653445679459e-02,-4.538304332384261036e-02,8.845301171975133991e-02,-1.430587374700107439e-01,7.060443307773422994e-01,-3.174492634665868063e-01,-1.732032032530939347e-01,-4.026481051555767521e-01,-2.698306012039470847e-01,-1.377444903077973126e-01,3.847793734652048270e-02,-5.778331330052970394e-01,1.827201733042783660e-01,-4.030637037405224721e-01,3.184944245584854783e-01,-5.915894920379110439e-02,2.311091603553999951e-01
2.103358315938018072e-02,-3.171201807189079347e-02,7.448981826409640794e-01,2.902964708634515889e-02,1.171755795616449131e-02,6.441768581796553095e-01,7.642356664088458817e-01,5.178976990153468657e-02,-4.294294243756256041e-02,8.151709560300456070e-02,2.487509979022046736e-01,-3.073929147058576672e-01,5.027671980898183041e-03,-9.583384869133276113e-03,-6.153318436553577297e-02,-7.551647927954135975e-02,3.176970183607550346e-01,-3.920983038793401376e-01,1.168950950538501232e-01,-3.599994976146499159e-02,-4.395110744612924086e-02,8.923476856654803668e-02,-1.508801185485642848e-01,7.203936461448355866e-01,-3.275266060495280462e-01,-1.759323651779612363e-01,-3.983336114177227216e-01,-2.715759416785189506e-01,-1.435342430410816994e-01,3.715884150939718911e-02,-5.814562772493131471e-01,1.839355087573192327e-01,-4.036376685585952306e-01,3.233071495722849020e-01,-5.951189287507768072e-02,2.373097917995618256e-01
2.085577683618910008e-02,-3.213887733691044024e-02,7.449002792721545196e-01,2.897530313574535332e-02,1.163296173230609840e-02,6.450966121131428421e-01,7.634628131413280228e-01,5.138972558685590136e-02,-4.311954445414822173e-02,8.021286530693025330e-02,2.474452664310812788e-01,-3.069436711746621471e-01,4.218636418528326146e-03,-1.065431070278806923e-02,-6.193054065080565163e-02,-7.748402827557328287e-02,3.196108311563488069e-01,-3.924747603654703543e-01,1.161094987243574822e-01,-3.733053579366511082e-02,-4.309771682049380603e-02,8.979326618395619408e-02,-1.564957777464275612e-01,7.308731792558575968e-01,-3.346014391923672338e-01,-1.792050123400569517e-01,-3.929899351123153917e-01,-2.733573612279459608e-01,-1.470145325952612048e-01,3.537300609984141142e-02,-5.842562835569720114e-01,1.846031602245476189e-01,-4.031144561114149982e-01,3.248435943673803616e-01,-5.872904054826898895e-02,2.410047751292816731e-01
2.069019015598843811e-02,-3.258568019224225565e-02,7.449138057308432037e-01,2.918068167888869177e-02,1.146726458953549119e-02,6.464221892493478006e-01,7.623354530032485643e-01,5.090838154300719731e-02,-4.363935000375778611e-02,7.856329615140295042e-02,2.469838704761519732e-01,-3.063868710775053406e-01,4.136566350857037375e-03,-1.099556883385848643e-02,-6.242119097393102056e-02,-7.820496096357407168e-02,3.212997701161867115e-01,-3.931086665976728511e-01,1.144580486020558424e-01,-3.887686654700654026e-02,-4.296822133973449143e-02,9.077014182715407997e-02,-1.636151930746672367e-01,7.420364086592872166e-01,-3.425596652792590180e-01,-1.813340523010425753e-01,-3.919346278440024589e-01,-2.756723628826712735e-01,-1.465715310178792863e-01,3.474037401002746939e-02,-5.849520317470008335e-01,1.855340555564713445e-01,-4.027388667600088068e-01,3.276864004769538541e-01,-6.095515256904049384e-02,2.395126120270300585e-01
2.051306815845376635e-02,-3.305220452778959150e-02,7.449275667051757921e-01,2.955354233468013292e-02,1.093620242506736923e-02,6.476876769145671897e-01,7.612540054311701665e-01,5.062156362371741242e-02,-4.389038601052067112e-02,7.670281908378660807e-02,2.479021659970688241e-01,-3.061735537464332357e-01,3.900072167460679091e-03,-1.111347640783274734e-02,-6.291256228739522394e-02,-7.969519495393270758e-02,3.242166243382932911e-01,-3.933159420649814941e-01,1.133192535215364893e-01,-4.034017606259301253e-02,-4.273292662222618471e-02,9.215236486980657449e-02,-1.716994778520739562e-01,7.549869305643951423e-01,-3.520336218146311591e-01,-1.833051897038086853e-01,-3.872918885964641289e-01,-2.772901414308727719e-01,-1.484837063129476054e-01,3.370879220092017764e-02,-5.876334295606073788e-01,1.866091055289459399e-01,-4.019421428012335817e-01,3.270678698841779641e-01,-6.297121786371456809e-02,2.391904500985064241e-01
2.032200789287075954e-02,-3.350510240916999144e-02,7.449536317447889022e-01,2.966578280015395863e-02,1.075309478680473545e-02,6.486326338544687875e-01,7.604472490464893042e-01,4.970938913731276498e-02,-4.438359452579528769e-02,7.424808434065165164e-02,2.483282289012891109e-01,-3.058040055199165996e-01,3.701194033437096506e-03,-1.207912678278542408e-02,-6.327471732169140384e-02,-8.044039573823895395e-02,3.265969559767052388e-01,-3.935243014920110083e-01,1.113509342171314226e-01,-4.162065560254896851e-02,-4.283911021163131633e-02,9.319011423246689740e-02,-1.793951335632492372e-01,7.668914698654343276e-01,-3.618375999208290339e-01,-1.850476720341150683e-01,-3.878067787503240438e-01,-2.779524510870870491e-01,-1.503314458417175370e-01,3.287851179387715761e-02,-5.885861091147457369e-01,1.879658405034019542e-01,-4.014742475867318916e-01,3.304334020313466347e-01,-6.544638096929071558e-02,2.390146996278895708e-01
2.009226276618984730e-02,-3.396269587153280534e-02,7.449142504117003405e-01,2.977806980287450028e-02,1.047684359989294739e-02,6.492075867980912074e-01,7.599559273739472376e-01,4.868402874559839971e-02,-4.443051414000620536e-02,7.350588278552133703e-02,2.496602837168244993e-01,-3.062061463574472508e-01,3.112174144331784909e-03,-1.262318479948192768e-02,-6.359098824817041584e-02,-8.141626351254371841e-02,3.282139555040304857e-01,-3.941430286253536086e-01,1.104712109089455441e-01,-4.267794084905183333e-02,-4.251749778542173591e-02,9.393026874323438802e-02,-1.868310766657609312e-01,7.787368011920147159e-01,-3.714215038594434470e-01,-1.868950926133014778e-01,-3.879678036552884901e-01,-2.796707111242081045e-01,-1.530910613175722190e-01,3.108268858878847699e-02,-5.914706144455023074e-01,1.896634465130362379e-01,-4.016389100082635166e-01,3.322210535749695604e-01,-6.726520535363378350e-02,2.413472023750692919e-01
1.983345117440517280e-02,-3.440188115231204713e-02,7.448960855298050188e-01,2.977782769576223579e-02,1.004202373615087351e-02,6.498181823895825548e-01,7.594397728410741122e-01,4.760636102275474235e-02,-4.405522007378565724e-02,7.302595369913786327e-02,2.514711108173114940e-01,-3.070654653868367667e-01,3.083044850316339104e-03,-1.255818891674206905e-02,-6.327962850284010732e-02,-8.172107033501117834e-02,3.287067864885261925e-01,-3.938974567606415289e-01,1.100201029598448510e-01,-4.399041442259330609e-02,-4.257209242244147651e-02,9.513888222512437154e-02,-1.941322300069036333e-01,7.883055367328356544e-01,-3.792555475252441521e-01,-1.889141315942154675e-01,-3.872243050414025944e-01,-2.808371390419470148e-01,-1.565803572492926732e-01,2.911914772697540843e-02,-5.938111601285323005e-01,1.913065598874243989e-01,-4.011712574265943188e-01,3.338913492026454044e-01,-6.752211540832894765e-02,2.448830816494515228e-01
1.954215894512643936e-02,-3.483407733784404936e-02,7.448806163016399307e-01,2.976104127969095986e-02,9.533310688256172241e-03,6.500122452251272387e-01,7.592808949701407295e-01,4.668522818077920633e-02,-4.360621505566367184e-02,7.268059826710207560e-02,2.535543461817276745e-01,-3.083695107684195080e-01,3.795232533690739117e-03,-1.266233694135966530e-02,-6.279564513942938186e-02,-8.157862168861675090e-02,3.293703849975978537e-01,-3.935486047766272866e-01,1.096762781868881875e-01,-4.516596024821040861e-02,-4.240635309225380956e-02,9.675140853547799236e-02,-2.000605657960782546e-01,7.965240067152263848e-01,-3.855391768979302136e-01,-1.905347886320899742e-01,-3.863276062432921543e-01,-2.817970178105931311e-01,-1.580940418797107949e-01,2.670648956584954770e-02,-5.952853250732315082e-01,1.924528749118997184e-01,-4.001689466408520635e-01,3.367110883633648299e-01,-6.780577435512373519e-02,2.471825805495108941e-01
1.923162546591801123e-02,-3.526279450192857517e-02,7.448574902616721394e-01,2.965008690170617064e-02,8.931954350688192656e-03,6.500793104070624606e-01,7.592351300610871156e-01,4.527413346211625611e-02,-4.271420562069879606e-02,7.310168124794012845e-02,2.568807802732555601e-01,-3.103904334885606020e-01,4.839397612258923738e-03,-1.328032583206114822e-02,-6.203094799367567247e-02,-8.117463430285119796e-02,3.309239316587866409e-01,-3.929300837632914711e-01,1.096787949778847832e-01,-4.639720129702263468e-02,-4.259979066637351736e-02,9.809562151812596664e-02,-2.062730175746787797e-01,8.052549656674231615e-01,-3.935832928195864278e-01,-1.927028979522550922e-01,-3.880313454090462688e-01,-2.822099619020300154e-01,-1.602605537560165827e-01,2.439814021346158046e-02,-5.965612892260399036e-01,1.945157356790111480e-01,-3.985202388464448853e-01,3.406372625764535478e-01,-6.846351776960778179e-02,2.483393232043002719e-01
1.893713252483677362e-02,-3.569963508664573265e-02,7.448412483228853409e-01,2.978723301617889480e-02,8.049601627675056006e-03,6.501053879403659863e-01,7.592173004046870455e-01,4.475711174112750879e-02,-4.169357874006889703e-02,7.363312497880457330e-02,2.600079512121358238e-01,-3.118070723345609530e-01,3.746419342507525778e-03,-1.339263597011878214e-02,-6.156778033240106057e-02,-8.214263336838231733e-02,3.332501071480190591e-01,-3.924472022266470295e-01,1.093523253426200437e-01,-4.721111103773815293e-02,-4.285372729283500048e-02,9.906134691484533294e-02,-2.126651215023721009e-01,8.132778718784501315e-01,-4.004619980193320772e-01,-1.933502934630561554e-01,-3.827493841784894157e-01,-2.832561320260597593e-01,-1.618754475007591065e-01,2.196838867535192558e-02,-5.967148944706224256e-01,1.958584414798683060e-01,-3.956637357895187446e-01,3.437559215201566598e-01,-6.935658030398311746e-02,2.489563470708369142e-01
1.866642836087334389e-02,-3.611113670636421913e-02,7.448156350331748277e-01,2.984150802872862634e-02,7.376731455050057618e-03,6.501251771944970281e-01,7.592050593939915215e-01,4.358524943389468359e-02,-4.087915760615384864e-02,7.398350242732053272e-02,2.636457372589856574e-01,-3.134319264504650260e-01,3.768839957630392042e-03,-1.367580109585466233e-02,-6.087105870438323102e-02,-8.157985674005187315e-02,3.349209901167861103e-01,-3.921367823431916033e-01,1.087285231446118022e-01,-4.850221414985897428e-02,-4.315355978025623568e-02,1.003071550322207767e-01,-2.187735550507289295e-01,8.215045165421649420e-01,-4.077867550405323005e-01,-1.943946352959306512e-01,-3.791496268202851905e-01,-2.841956958455023607e-01,-1.645461068780419978e-01,1.878115427245544145e-02,-5.986838326481435102e-01,1.979362464649991049e-01,-3.938211773260154036e-01,3.451989549554353998e-01,-7.031239551169402024e-02,2.512037879225453851e-01
1.843728991405809911e-02,-3.651763884588852399e-02,7.447609216291011247e-01,3.003673142955293890e-02,6.555625654447096162e-03,6.500541435875182295e-01,7.592657169542194051e-01,4.264394618983195773e-02,-4.010817854219308337e-02,7.385057439728909268e-02,2.678906398433288372e-01,-3.156388659684467579e-01,3.985439864765209436e-03,-1.366133284431399024e-02,-6.031615814897980238e-02,-8.180104407418810342e-02,3.370528535842974849e-01,-3.923841338223406638e-01,1.079338507964707344e-01,-4.910219718411708983e-02,-4.324674415011001138e-02,1.020815044950187378e-01,-2.248672776737749568e-01,8.284892110351802508e-01,-4.146973852594342258e-01,-1.946736686356716761e-01,-3.774715340668250430e-01,-2.851087153362535376e-01,-1.659189297566449617e-01,1.625249104764630442e-02,-5.995663195667036982e-01,1.994421737735230793e-01,-3.922061244439050687e-01,3.462507041601972646e-01,-7.199884127843039772e-02,2.514302743859195277e-01
1.826094504759069245e-02,-3.687673651204680103e-02,7.447433260033334834e-01,2.987228354237941169e-02,6.216022271972940563e-03,6.499566038256993084e-01,7.593585588418952925e-01,4.110458379644788690e-02,-3.945917377592335351e-02,7.336054249235836322e-02,2.706885132953995576e-01,-3.170353620986378074e-01,3.754866467586211870e-03,-1.405310349752705683e-02,-5.949610617383591787e-02,-8.123354663271716014e-02,3.372240026077795161e-01,-3.919299504844060422e-01,1.068477273989253268e-01,-5.014933045258297695e-02,-4.311625959930542179e-02,1.029018357798173744e-01,-2.306198865968514533e-01,8.365310231759451876e-01,-4.225426803850754198e-01,-1.961009372393057726e-01,-3.768908014438066556e-01,-2.862725873419764699e-01,-1.701690443535109343e-01,1.397024049159489335e-02,-6.001758980717282199e-01,2.013478497815051893e-01,-3.918559490430901793e-01,3.497358655071318712e-01,-7.396070664062939781e-02,2.529764595892427526e-01
1.814115592412876912e-02,-3.723271152681988105e-02,7.447369490194393205e-01,2.967921454540174697e-02,5.624977200993429988e-03,6.498864689112193727e-01,7.594307614138121609e-01,3.983068464449432411e-02,-3.809779441606174488e-02,7.372134138348929167e-02,2.738256665522421640e-01,-3.186741880143763583e-01,3.784294104468699863e-03,-1.365792598075436792e-02,-5.826013186590912885e-02,-8.117642192435033099e-02,3.365777416631147156e-01,-3.906911455717576587e-01,1.068785340790482929e-01,-5.084477248029144886e-02,-4.359461794886051317e-02,1.040501265849855528e-01,-2.363179290965344848e-01,8.434149771946319873e-01,-4.291092149231290342e-01,-1.973875536269434905e-01,-3.758771306081140628e-01,-2.874186848316376275e-01,-1.733846348211149357e-01,1.199697645723283093e-02,-6.013404728104998487e-01,2.024046150294738222e-01,-3.906716409439630056e-01,3.500037518510705215e-01,-7.514283845348962432e-02,2.543641631403896208e-01
1.808143179562455780e-02,-3.756337829249668803e-02,7.447632279680886924e-01,2.935420712944842789e-02,5.270436221369778282e-03,6.494639314751293746e-01,7.598073142176940964e-01,3.859651406601696810e-02,-3.679175313255264590e-02,7.413754671831940257e-02,2.760349478011457913e-01,-3.197100255678334002e-01,3.351407580320346288e-03,-1.304453962924109756e-02,-5.681617847502215546e-02,-8.066520021015838315e-02,3.340229335999342908e-01,-3.889459696452948201e-01,1.065854537628876941e-01,-5.187372881871241820e-02,-4.309424696153384832e-02,1.046768719659782049e-01,-2.405120667596368222e-01,8.500901722312260711e-01,-4.346123899968475368e-01,-1.985810747502302631e-01,-3.724992276519774603e-01,-2.890078580876968006e-01,-1.780815400809419857e-01,9.122865492105877716e-03,-6.018366792500098317e-01,2.034530610069066880e-01,-3.905653633717262041e-01,3.488201908733595813e-01,-7.636426040982519092e-02,2.565758538723271198e-01
1.809177432134366145e-02,-3.790844996210213091e-02,7.447948592204940432e-01,2.893937269772962548e-02,4.834609672917277584e-03,6.492917431948183049e-01,7.599732702379773386e-01,3.702672553351211981e-02,-3.507999859001421222e-02,7.437156286705748354e-02,2.787821655615039251e-01,-3.210324774760153210e-01,2.860495152158400688e-03,-1.194975716747508770e-02,-5.508507713862292182e-02,-8.067310966080809553e-02,3.306187718048246849e-01,-3.865220781836589681e-01,1.070073123414258254e-01,-5.258003693821363539e-02,-4.262271574167560834e-02,1.057781610631466918e-01,-2.451247285002862708e-01,8.563430580277779924e-01,-4.399598631852070230e-01,-1.997769574302919182e-01,-3.702605023509320525e-01,-2.903036786748360853e-01,-1.827109790826519364e-01,6.572358711634416692e-03,-6.036666989034030761e-01,2.049882489531010821e-01,-3.908292264582043374e-01,3.472718263287292717e-01,-7.735860595331477130e-02,2.596318294773820035e-01
1.816622972140965672e-02,-3.827450814636466220e-02,7.448392445219532698e-01,2.867603229599671733e-02,4.424614739706483023e-03,6.491908483858299661e-01,7.600719376008099326e-01,3.592518158437044140e-02,-3.352502597472840906e-02,7.494551095338555791e-02,2.808459801368769493e-01,-3.217203508404968271e-01,1.971217595878116749e-03,-1.081367025777850779e-02,-5.374625693350727068e-02,-8.143979861128168574e-02,3.276163110176411042e-01,-3.843856029700536414e-01,1.071298832194755440e-01,-5.311591253604257268e-02,-4.206352665118618522e-02,1.070224250985723352e-01,-2.496051736773628738e-01,8.624915097440032374e-01,-4.452800473843448459e-01,-2.007321744126025209e-01,-3.685139078562211234e-01,-2.922853786777676599e-01,-1.863006110726591058e-01,4.011710201142174026e-03,-6.058184348614151782e-01,2.071926278513858133e-01,-3.913547988603848227e-01,3.463940729704034771e-01,-7.893187268112736299e-02,2.614418660263397309e-01
1.830050348563679735e-02,-3.867125905752473447e-02,7.448891522341248850e-01,2.858029139900138474e-02,4.165458041078476045e-03,6.491876693978309021e-01,7.600797233216182169e-01,3.438129476376549504e-02,-3.267401141588979069e-02,7.410669075350898027e-02,2.834607015221345949e-01,-3.220253426557095899e-01,1.587651660585426457e-03,-1.006707213324697231e-02,-5.262661747752712949e-02,-8.122868105076069822e-02,3.254193776351685385e-01,-3.828736940413095535e-01,1.063007563061352245e-01,-5.346331001151791162e-02,-4.117824113133371211e-02,1.084956472534443217e-01,-2.532738193865181620e-01,8.674289254787841408e-01,-4.498101278654071389e-01,-2.005164924740961141e-01,-3.687676041679744388e-01,-2.927480049225483771e-01,-1.885845823042705538e-01,1.514747640710384369e-03,-6.086496798112154272e-01,2.096500006051045251e-01,-3.927926265831127028e-01,3.458230649066759144e-01,-8.011198010404460557e-02,2.622888685941588416e-01
1.845954130701118329e-02,-3.912376044049702128e-02,7.449086284452087758e-01,2.871988706249494275e-02,3.693885149668153355e-03,6.493763670726062642e-01,7.599156908415573008e-01,3.288893154485630910e-02,-3.181720698697567545e-02,7.331123300122238673e-02,2.871264871856784029e-01,-3.228291361418950123e-01,1.237513770193642351e-03,-9.673183206695962558e-03,-5.183305319588397964e-02,-8.162286048104687441e-02,3.254987549163764204e-01,-3.820881938759583818e-01,1.054773063663150129e-01,-5.403916378502804374e-02,-4.040410898179079557e-02,1.097355324569475460e-01,-2.573881462185302338e-01,8.724164127958020654e-01,-4.548553414758048641e-01,-1.992748996942249329e-01,-3.673153514439422285e-01,-2.932015799565915737e-01,-1.901697080178472998e-01,-3.764778538912945394e-04,-6.096428403523308504e-01,2.116813563181483282e-01,-3.928800430281690348e-01,3.475435109706443981e-01,-8.044516036541267401e-02,2.627648941089528734e-01
1.862465013571105651e-02,-3.962535872057991460e-02,7.448717077577590162e-01,2.908424327609505575e-02,3.035431205767505792e-03,6.497831708005904483e-01,7.595569260396365374e-01,3.153135432672612287e-02,-3.096477466650889021e-02,7.289080794126430451e-02,2.916270647515339931e-01,-3.243469657361069403e-01,1.087887714137931137e-03,-9.322071898170828860e-03,-5.131608580012883558e-02,-8.242840295399858630e-02,3.271624647110324968e-01,-3.824383268073977549e-01,1.043120758936043613e-01,-5.432576958729879585e-02,-4.003091701531615032e-02,1.114809879754506267e-01,-2.629612520399723374e-01,8.781589622329614153e-01,-4.613179851614418459e-01,-1.983577579973212768e-01,-3.654583284410720112e-01,-2.939676870037762346e-01,-1.926229158754660387e-01,-1.767776895663396297e-03,-6.107979330433718212e-01,2.132864542487000192e-01,-3.930045331552569632e-01,3.474355841244258225e-01,-8.122483328895446775e-02,2.634786544139235964e-01
1.878376716779688385e-02,-4.016094682383616193e-02,7.447896041914411347e-01,2.955413160242922888e-02,2.355371086727501249e-03,6.504038766562487695e-01,7.590097514279987578e-01,2.985790868469884868e-02,-3.032186554727789654e-02,7.212781159889652960e-02,2.968955380472688144e-01,-3.261821411030828566e-01,1.356394832309718891e-03,-9.371290483161039825e-03,-5.106979805846721676e-02,-8.343389092996848777e-02,3.302157146993085490e-01,-3.836844560128882531e-01,1.031888503184630601e-01,-5.456148426716345146e-02,-4.006845131571871998e-02,1.134088602307796317e-01,-2.699107277829085882e-01,8.841618327418585555e-01,-4.688655893298636079e-01,-1.970682910983743430e-01,-3.650384605998197585e-01,-2.942197311641718827e-01,-1.942983760459003062e-01,-2.642224521363988748e-03,-6.125083141097127371e-01,2.142105213861262014e-01,-3.932758794642887690e-01,3.460795207134297335e-01,-8.174253787604143784e-02,2.638091546986995328e-01
1.891170259618744562e-02,-4.070984704099703949e-02,7.447213604828510913e-01,3.005927750289395101e-02,1.884746213899649372e-03,6.509773278598816049e-01,7.584994437572915027e-01,2.829216104730164841e-02,-3.006916634056284315e-02,7.152464808820788167e-02,3.012151114780959316e-01,-3.272063585263525476e-01,4.663396536429970096e-04,-9.550219095658729618e-03,-5.145834622508832501e-02,-8.534219735148118602e-02,3.329321111018786472e-01,-3.849482044075241971e-01,1.026915868416395650e-01,-5.500231336056855824e-02,-3.962066126342191075e-02,1.146898661890237286e-01,-2.767102832852462724e-01,8.898436129250834048e-01,-4.769342158711879498e-01,-1.953783452682118782e-01,-3.641501133049218075e-01,-2.952099638675780846e-01,-1.970373266058563222e-01,-3.849036054834831244e-03,-6.128972341153587911e-01,2.147945525885290863e-01,-3.937788009717383964e-01,3.448804696061208430e-01,-8.277685703256587590e-02,2.644878472098470268e-01
1.899633711244599205e-02,-4.125558494551702371e-02,7.447108640419780601e-01,3.024298097753630801e-02,1.464593519014192879e-03,6.517083850135336753e-01,7.578650262219962519e-01,2.659126231229747006e-02,-2.944535084985630546e-02,7.077901909464646979e-02,3.045426640521373685e-01,-3.279853919123361661e-01,-1.099791228519808248e-04,-9.418826634349383720e-03,-5.142569482213882326e-02,-8.768320452128348930e-02,3.338884176304146578e-01,-3.847762465989246761e-01,1.024068473616615987e-01,-5.590814738545833024e-02,-3.914976887312306836e-02,1.156508501314860299e-01,-2.834783919781772021e-01,8.943394790255093652e-01,-4.842003112126624931e-01,-1.929284959478305139e-01,-3.636874804196407740e-01,-2.953024379973901437e-01,-1.985740119874898069e-01,-5.381722499116163572e-03,-6.140360548834589149e-01,2.152554794452708198e-01,-3.936091413774766568e-01,3.434871855750025738e-01,-8.278693840282057292e-02,2.655574155322552587e-01
1.902427433568169846e-02,-4.177433606069955868e-02,7.447607624015202266e-01,3.006520258317949348e-02,1.352221321987283212e-03,6.522854374334159377e-01,7.573757080890729521e-01,2.460981422175579497e-02,-2.864704697395132824e-02,7.070822274227053783e-02,3.064704782640859104e-01,-3.279879316777194465e-01,-8.983730772592424599e-04,-9.634484165083887983e-03,-5.091738859636778247e-02,-8.863787277480705828e-02,3.330682205159823939e-01,-3.835032281439585411e-01,1.018356426949411087e-01,-5.701577365917692014e-02,-3.831576756551213075e-02,1.157307713657840104e-01,-2.899853967674969057e-01,8.988096324998782194e-01,-4.911143328599324454e-01,-1.905823045671818095e-01,-3.628988724750139561e-01,-2.960454355738957322e-01,-2.020761522565073520e-01,-6.834302483707629938e-03,-6.144219920579536698e-01,2.154726876716560047e-01,-3.933784680815420320e-01,3.432841589362370938e-01,-8.327441533179806565e-02,2.665523367978200331e-01
1.900019766076081404e-02,-4.228892278200634819e-02,7.447863294549480484e-01,2.967841457757795440e-02,9.744062809442265768e-04,6.526637523849841971e-01,7.570655642434885868e-01,2.311286998492840389e-02,-2.703556403694314103e-02,7.130522594323059071e-02,3.079962638636809524e-01,-3.289091239899359920e-01,-1.592219202287553214e-03,-9.399877300568777391e-03,-4.957471899408649740e-02,-8.923961705455080162e-02,3.312970196578793325e-01,-3.815971108065073780e-01,1.019069509596224332e-01,-5.826512829696737367e-02,-3.781165344116228094e-02,1.155626540363728638e-01,-2.962730883502780466e-01,9.031556893194709890e-01,-4.969651623060721279e-01,-1.890939204089459313e-01,-3.597003500866049475e-01,-2.965811796763119790e-01,-2.057122223547737105e-01,-8.572276622517235878e-03,-6.142134652240507364e-01,2.157017493550827114e-01,-3.920711562809548467e-01,3.423922850114078931e-01,-8.411597455339597795e-02,2.671534028167414365e-01
1.895692166458024311e-02,-4.280785504220448179e-02,7.447684441298121349e-01,2.935226795747861162e-02,3.699753506067002826e-04,6.532579268163019037e-01,7.565661825218318315e-01,2.165738422447902392e-02,-2.514672844096538934e-02,7.226109547942885514e-02,3.103288478048642496e-01,-3.304297179813744934e-01,-1.441657021297050763e-03,-8.891660563494135916e-03,-4.820726745812822095e-02,-9.040241181015312710e-02,3.300976896971691277e-01,-3.798928989771606091e-01,1.034331225849991487e-01,-5.991434453766005669e-02,-3.767571436568826343e-02,1.156257765148706873e-01,-3.032523158378190864e-01,9.081785499025506470e-01,-5.028126820109836137e-01,-1.879858648828054701e-01,-3.536803358136038078e-01,-2.980552759212135583e-01,-2.067610510435513860e-01,-1.061701808440195308e-02,-6.153447441127251061e-01,2.158222450010360838e-01,-3.902969915758143227e-01,3.395168016435664016e-01,-8.603143736040626266e-02,2.662037811329443504e-01
1.891368187688764399e-02,-4.331356131127764991e-02,7.447875136417371200e-01,2.913545310412828798e-02,3.262206889639724652e-04,6.532244524178315581e-01,7.566034851333303113e-01,1.986646392652909737e-02,-2.458867236272140738e-02,7.215887572120288640e-02,3.120185312009846612e-01,-3.307825711795454593e-01,-2.153608052786974009e-03,-9.068445739407482789e-03,-4.760166449956396151e-02,-9.052096995341314678e-02,3.282322402805347150e-01,-3.788573720057371030e-01,1.037193487791944896e-01,-6.006535619671064807e-02,-3.722678400374830610e-02,1.162103382052042666e-01,-3.083759159120542659e-01,9.117313854900982451e-01,-5.080952108976037884e-01,-1.869663193289062275e-01,-3.535591636133953442e-01,-2.990186046129973407e-01,-2.086841180040283905e-01,-1.273947566426986144e-02,-6.163612454100272364e-01,2.166095201464637576e-01,-3.903466071154039763e-01,3.375277176069518270e-01,-8.787791618515239378e-02,2.664816885631354215e-01
1.889859984333077531e-02,-4.384521348826311837e-02,7.447849503305994379e-01,2.929090891593583157e-02,8.533804348237559317e-05,6.533943991138981833e-01,7.564507879425352854e-01,1.791493256649460269e-02,-2.427597990857927393e-02,7.209473679489804276e-02,3.155408922853012443e-01,-3.314205429368008438e-01,-2.270807179434576693e-03,-9.528470887392163913e-03,-4.747660771060197016e-02,-9.071936689708937074e-02,3.289217047821977880e-01,-3.786293990873719761e-01,1.032715921535382053e-01,-6.057136752092526916e-02,-3.694387835090962025e-02,1.168083230728183125e-01,-3.123353256317549231e-01,9.141460700623688096e-01,-5.117754180128449848e-01,-1.849051417094819960e-01,-3.553385970529964188e-01,-2.987135801193454010e-01,-2.090827127571785460e-01,-1.409902962069436300e-02,-6.156411486661916843e-01,2.165838318672838325e-01,-3.899916724586433014e-01,3.369502173675021917e-01,-8.905873698861947740e-02,2.656419213894792852e-01
1.893316482185583918e-02,-4.437723666464563066e-02,7.447719354342180464e-01,2.945914276805481832e-02,-1.436550064713966804e-04,6.533552884241184966e-01,7.564780270165468723e-01,1.587233255089057563e-02,-2.381190499354671197e-02,7.240628879988042499e-02,3.194855953272350280e-01,-3.321453039697304099e-01,-2.489971559105865449e-03,-1.057683320842891725e-02,-4.754438836958930353e-02,-9.178080661182019817e-02,3.307916435897069185e-01,-3.786205213370333889e-01,1.027496187624396679e-01,-6.089521892480002918e-02,-3.642846620824505971e-02,1.169420315448113923e-01,-3.149648874837218671e-01,9.160696982306253400e-01,-5.146532046909542135e-01,-1.825235798455490388e-01,-3.578161422129754743e-01,-2.984244851079432825e-01,-2.100374667115938176e-01,-1.576679159179389736e-02,-6.159138975822888717e-01,2.170863943862647860e-01,-3.897953894307483735e-01,3.350809367950089435e-01,-8.903376661344887533e-02,2.653000978283068800e-01
1.902975235184436315e-02,-4.491114443949045104e-02,7.447126233774359338e-01,2.947257025480276918e-02,-3.025371252537929810e-04,6.538811641981674416e-01,7.560229488452799851e-01,1.314482801771352759e-02,-2.320996527811356944e-02,7.222622622434043960e-02,3.237817331753931605e-01,-3.336593281293709357e-01,-1.959990546410472420e-03,-1.217933836709329982e-02,-4.721574888927568270e-02,-9.186371015705982468e-02,3.334525586898733351e-01,-3.791803387131605918e-01,1.021987455742651291e-01,-6.133773333554183582e-02,-3.661765101577186404e-02,1.170466164793517172e-01,-3.190122996740997752e-01,9.183645911701707742e-01,-5.181366584745492609e-01,-1.807472004366799112e-01,-3.601296364621610069e-01,-2.980510941988226969e-01,-2.113007661357306499e-01,-1.635280863013220676e-02,-6.168913817405883293e-01,2.180300385941482955e-01,-3.897450700024333026e-01,3.337911114069729290e-01,-8.906362934333279802e-02,2.650722163448083202e-01
1.918830994564865375e-02,-4.543444468397647013e-02,7.446952644554324374e-01,2.951457415472392987e-02,-3.866134833853364849e-04,6.543572244542260608e-01,7.556092662527648107e-01,1.062082423858012881e-02,-2.275070345380376599e-02,7.157663607913156145e-02,3.274500575993928297e-01,-3.342907664195625683e-01,-2.509219525893269503e-03,-1.367932890259729306e-02,-4.701987398462210976e-02,-9.242679802633696484e-02,3.358169388189856108e-01,-3.794935297531513707e-01,1.012820590275135407e-01,-6.177928350939671659e-02,-3.639079887219751064e-02,1.170618380147047943e-01,-3.229421520174444171e-01,9.206812101891578282e-01,-5.223815979058842318e-01,-1.783155738679268743e-01,-3.618204565631411018e-01,-2.980683132385826273e-01,-2.124892224946414998e-01,-1.720934569086863056e-02,-6.178581941721700277e-01,2.194175551204112784e-01,-3.902324180435853829e-01,3.330050108239557272e-01,-8.954881605056186356e-02,2.647393037225534984e-01
1.939650888645199148e-02,-4.594363623425309906e-02,7.446848831451170492e-01,2.947075889339356020e-02,-2.446885730155036031e-04,6.550231379950142152e-01,7.550338424129838799e-01,7.684452409605549601e-03,-2.251146270238444172e-02,7.041211761321428120e-02,3.307233268120657321e-01,-3.343970854230086109e-01,-3.755721758052544840e-03,-1.528604311151548177e-02,-4.687349860581854072e-02,-9.282255440205713914e-02,3.375874593050231520e-01,-3.798792796172370534e-01,1.002383440961884392e-01,-6.249292487338675012e-02,-3.581957815290803815e-02,1.163146859617323059e-01,-3.276177169121831101e-01,9.236869706479502451e-01,-5.272715417066825561e-01,-1.752211640738966236e-01,-3.625398534294210218e-01,-2.976987133193271795e-01,-2.138630976560699504e-01,-1.827467751844718061e-02,-6.184955748130400721e-01,2.211773092807825525e-01,-3.909002988044906757e-01,3.322896680536544523e-01,-9.020749197017401133e-02,2.640830253742223466e-01
1.961840835023797441e-02,-4.644259115940400223e-02,7.446952570191262000e-01,2.951508656090749694e-02,-2.048057926370951349e-04,6.556308393246218502e-01,7.545044865647795307e-01,5.267863555532529933e-03,-2.213247173269417348e-02,6.984373915356906215e-02,3.336877580705263080e-01,-3.342394259356309405e-01,-5.113463804089261704e-03,-1.660569872509185668e-02,-4.699462658347992872e-02,-9.444289384193166326e-02,3.394388091221101633e-01,-3.800372185995888885e-01,9.912661080801137004e-02,-6.335229860146529557e-02,-3.521531111967133448e-02,1.153942883936455444e-01,-3.325423968593436697e-01,9.273517306034041452e-01,-5.330195275421131251e-01,-1.721694525326587788e-01,-3.641834826444613205e-01,-2.979861932653535272e-01,-2.164375462879022105e-01,-1.956826972610450563e-02,-6.195252214718981465e-01,2.228797633478269979e-01,-3.911332669852806143e-01,3.299824251248240081e-01,-9.092905733229741938e-02,2.642765287596275381e-01
1.983032530116148745e-02,-4.691201157045272324e-02,7.447366444361460669e-01,2.924434490856934327e-02,2.218052544046321753e-04,6.563744335848867850e-01,7.538682391700933794e-01,1.643329543144061641e-03,-2.206080805058324365e-02,6.814073835209187580e-02,3.366731123806701587e-01,-3.337466297204628729e-01,-6.378869356740381712e-03,-1.787188844843193292e-02,-4.667422361489761973e-02,-9.455219894850873386e-02,3.389772837778054493e-01,-3.798446612156602398e-01,9.711798881739412692e-02,-6.398051884397697175e-02,-3.429486553175130348e-02,1.147605709340465269e-01,-3.371421888322563842e-01,9.295469427641998017e-01,-5.376637417164502608e-01,-1.686650009886612456e-01,-3.671591712151431319e-01,-2.977964412618470669e-01,-2.167045066638200457e-01,-2.066947565179059337e-02,-6.215164296261914689e-01,2.242255678992838286e-01,-3.925964541719657586e-01,3.271404030552937936e-01,-9.152258594650668211e-02,2.637761212230045893e-01
1.998858998748499760e-02,-4.737335196697477907e-02,7.447449113691647637e-01,2.883319124231056851e-02,3.055576264382685835e-04,6.571158009069340000e-01,7.532379291537040222e-01,-1.606322119908316221e-03,-2.117606575254350407e-02,6.716721973652083066e-02,3.398392764506564800e-01,-3.344673738194898771e-01,-6.708742237052235657e-03,-1.880756437545962056e-02,-4.583022113940711517e-02,-9.522504067807069372e-02,3.384954700466646926e-01,-3.789225447278473657e-01,9.660846124324093398e-02,-6.456236623822204923e-02,-3.388814731535719216e-02,1.138878541819580981e-01,-3.422741225966556833e-01,9.313076540686479055e-01,-5.415022188461583452e-01,-1.655168650330982594e-01,-3.661021281756544621e-01,-2.981472093445428073e-01,-2.173617236379668249e-01,-2.112656481847828907e-02,-6.228639925067083194e-01,2.247185583227156447e-01,-3.925519050384629338e-01,3.250837216395149332e-01,-9.154437538562025523e-02,2.636337710663063660e-01
2.008544723551581104e-02,-4.782822733635331419e-02,7.447686152370824875e-01,2.855548197349690870e-02,3.277646826491206365e-04,6.578028317059056995e-01,7.526485976996615257e-01,-4.605180883243017304e-03,-2.046054310431747250e-02,6.653982676300622401e-02,3.432060777982283151e-01,-3.350020309330928869e-01,-7.139158761116296339e-03,-1.921897280450308304e-02,-4.532501424020912023e-02,-9.634576538396752432e-02,3.375610563893327587e-01,-3.780155566202910711e-01,9.614705897210473751e-02,-6.460760040121796277e-02,-3.347779338829683787e-02,1.134407989200041378e-01,-3.473984033027263663e-01,9.320124372368475685e-01,-5.451217169665153461e-01,-1.618809666703763805e-01,-3.661410113947898837e-01,-2.972852733547368120e-01,-2.192278580410465805e-01,-2.120602310361078754e-02,-6.236484185543471614e-01,2.246652762964630734e-01,-3.923115606908521014e-01,3.228503423044711274e-01,-9.127203395752132853e-02,2.635181185525477532e-01
2.012645859592045866e-02,-4.826412482906795864e-02,7.448047035954523665e-01,2.811843368767991819e-02,2.371783267056635515e-04,6.589145787816289568e-01,7.516920082736160413e-01,-7.065702963447459059e-03,-1.961666579523610454e-02,6.508025598316340143e-02,3.450488697767888358e-01,-3.355478946860101508e-01,-7.729247006391999630e-03,-1.926896739562868402e-02,-4.450326034404709918e-02,-9.772195596446736632e-02,3.361197410947602826e-01,-3.765483009769607370e-01,9.569947760686249583e-02,-6.520635138170070844e-02,-3.262563911851699278e-02,1.125399372877050053e-01,-3.529841887761577812e-01,9.325146732699850505e-01,-5.493886399924452490e-01,-1.586107402163150493e-01,-3.665262845932994451e-01,-2.959570715195314894e-01,-2.220128134798087238e-01,-2.058197221517497899e-02,-6.245781196837131288e-01,2.241081406564131573e-01,-3.922200232793246477e-01,3.198220586913291252e-01,-9.130159133486560885e-02,2.632477760934346378e-01
2.011675100002050659e-02,-4.869488337082358842e-02,7.448499263454340102e-01,2.775788665586816084e-02,1.019337733215530217e-04,6.600157018920962404e-01,7.507388111678988674e-01,-9.126590663151572247e-03,-1.880923100578388296e-02,6.410462422049918729e-02,3.464556274031056482e-01,-3.356438845336412458e-01,-9.124989725137254079e-03,-1.883177505194999490e-02,-4.387729939935377382e-02,-9.946277968761921273e-02,3.341333825519567369e-01,-3.750651372967566122e-01,9.539023199918288121e-02,-6.590942892615536675e-02,-3.167284464759086843e-02,1.118575026099546399e-01,-3.587186902271713995e-01,9.327143655559140267e-01,-5.532475352890315889e-01,-1.549476847862137907e-01,-3.658649420067870417e-01,-2.957628473479817499e-01,-2.242753386277550609e-01,-2.024358549253937878e-02,-6.255704075557315669e-01,2.236677382281404558e-01,-3.923563194683032385e-01,3.170610717801761180e-01,-9.161729984727529086e-02,2.636982258193855677e-01
2.007004538363714799e-02,-4.912680736912108936e-02,7.448951910084822270e-01,2.748532590799946523e-02,-1.280711520582066844e-04,6.608694125409464437e-01,7.499974400124950202e-01,-1.100661432572927478e-02,-1.819339633241653584e-02,6.263935600264330938e-02,3.482001682747690174e-01,-3.358601807616693469e-01,-9.486693520237824209e-03,-1.849438618423971531e-02,-4.331004986289639647e-02,-1.010110494530611080e-01,3.327096979550686062e-01,-3.736460848674984514e-01,9.484452292417973329e-02,-6.635004602005281638e-02,-3.097893240969567738e-02,1.113169264568361211e-01,-3.641271879446899007e-01,9.326259852369369607e-01,-5.572018070689619407e-01,-1.511553511070097000e-01,-3.669150198751007785e-01,-2.945070540073640442e-01,-2.269555526728307682e-01,-1.959444469754309873e-02,-6.258302962836704841e-01,2.227780869662662200e-01,-3.918910286657693587e-01,3.151118111003790023e-01,-9.142197879191439613e-02,2.642790594098651802e-01
2.001044719442505310e-02,-4.956480052459311114e-02,7.449272474020857127e-01,2.738332227303311509e-02,-4.843875916828893386e-04,6.618475382814011931e-01,7.491380080471167213e-01,-1.248453466460679173e-02,-1.766800390037041868e-02,6.131638691981812495e-02,3.499557328810205536e-01,-3.360238087047444644e-01,-9.973147402062265340e-03,-1.805180289968306984e-02,-4.286761468680715809e-02,-1.022961032742701754e-01,3.321343279410006177e-01,-3.726605199915701272e-01,9.421423659331830402e-02,-6.706949899226787026e-02,-3.031919160954951037e-02,1.108847775865840352e-01,-3.698973299311630880e-01,9.326503332328018869e-01,-5.614354622612459655e-01,-1.466610527925882868e-01,-3.699453763851558996e-01,-2.927499877709275888e-01,-2.295378796835619850e-01,-1.905585546371868499e-02,-6.259211699171516319e-01,2.220742206956060338e-01,-3.913672036630477247e-01,3.150782421223974894e-01,-9.165293061204249359e-02,2.647369477735825871e-01
1.995152035870588828e-02,-4.999305169142680833e-02,7.449524837126300092e-01,2.707628703282042790e-02,-6.280920040794826451e-04,6.625387152073057839e-01,7.485378621234893837e-01,-1.431412736645038160e-02,-1.703644348745235459e-02,6.041948180022454346e-02,3.514166782344687601e-01,-3.364096453166942613e-01,-1.033146437943895449e-02,-1.821465744838476897e-02,-4.227121471674309683e-02,-1.031767193899476021e-01,3.311830287806256656e-01,-3.713846118153065201e-01,9.421997957397845735e-02,-6.745517516252250156e-02,-2.958075256369485997e-02,1.103397400312477461e-01,-3.752760055615272372e-01,9.326730109240922717e-01,-5.646545146395111070e-01,-1.422748256963569935e-01,-3.719767898524163341e-01,-2.914035926192047876e-01,-2.327402230512636283e-01,-1.878139815904784904e-02,-6.260931705529321212e-01,2.212296631444654882e-01,-3.912164601910229078e-01,3.142140040976508786e-01,-9.158451135376659280e-02,2.656211593589346553e-01
1.990575552144944679e-02,-5.042995244015540529e-02,7.449579496666227652e-01,2.691628472538064656e-02,-1.014185309724865026e-03,6.631121908217346705e-01,7.480352314084811605e-01,-1.538088043015644127e-02,-1.606376011816977589e-02,6.030138682221956870e-02,3.526626438507253214e-01,-3.368035690748918398e-01,-1.116008828211989198e-02,-1.808436990299334621e-02,-4.158106760742534547e-02,-1.041482887046389916e-01,3.307760252871574935e-01,-3.702795872468704896e-01,9.483928953007811358e-02,-6.830731317139698833e-02,-2.912420037504680204e-02,1.096378591173398226e-01,-3.810575852384837647e-01,9.343618986362035583e-01,-5.685357672823813102e-01,-1.381371269465128115e-01,-3.712173936619505565e-01,-2.909396393564799843e-01,-2.364939782810986102e-01,-1.921481384127795081e-02,-6.260036281550112047e-01,2.215255419120046865e-01,-3.902890357632611829e-01,3.153992936824759896e-01,-9.175351539803756895e-02,2.676974948016693778e-01
1.988877260423553908e-02,-5.086254911960896158e-02,7.449546602122859573e-01,2.672434577231572531e-02,-1.143462907535859868e-03,6.634613330662193498e-01,7.477322792026681597e-01,-1.704613569308192564e-02,-1.552801659545952236e-02,5.962735115917177503e-02,3.543234104768333559e-01,-3.372017309647270533e-01,-1.178099775619990616e-02,-1.883893127058814537e-02,-4.107089900439461760e-02,-1.045990885177804641e-01,3.310801755301345239e-01,-3.697925450770931932e-01,9.426881402111564334e-02,-6.871256765257460764e-02,-2.873990826194112308e-02,1.090075253898740298e-01,-3.855575260213677247e-01,9.354477879629794490e-01,-5.716773238510712840e-01,-1.340959302050643565e-01,-3.727332314822074388e-01,-2.898713286248484899e-01,-2.408355804235134678e-01,-2.018082003901569901e-02,-6.271320131115304397e-01,2.217914773462014710e-01,-3.900931589016680689e-01,3.132372030514743999e-01,-9.105967363437231232e-02,2.707563199230567652e-01
1.989591012334675571e-02,-5.130081617271092798e-02,7.449503306661336977e-01,2.663307243707121325e-02,-1.258642533632646021e-03,6.637262688310109349e-01,7.475001908596410338e-01,-1.896352300629387810e-02,-1.499995603987506858e-02,5.954323712286314907e-02,3.568053297212525621e-01,-3.375010078417152726e-01,-1.213893271148873410e-02,-1.978652079651661844e-02,-4.069778297737060291e-02,-1.047318124064172684e-01,3.319168625247935211e-01,-3.694565538282061357e-01,9.383711811290458560e-02,-6.959262488922872414e-02,-2.833460178419556358e-02,1.082321083511449955e-01,-3.898360115571991025e-01,9.374333201594392539e-01,-5.750055205799402547e-01,-1.299340179030669118e-01,-3.746845700625596187e-01,-2.886620394602147366e-01,-2.449704440651984116e-01,-2.154338512869996211e-02,-6.282048022087173278e-01,2.226125260658982641e-01,-3.899892917152710248e-01,3.110324420732549777e-01,-9.047133671685418654e-02,2.734759644570880499e-01
1.993278638406475664e-02,-5.173413102231576299e-02,7.449488378413329226e-01,2.641707202888465139e-02,-1.271772921578688802e-03,6.639181881240820982e-01,7.473373805565286521e-01,-2.100578329218787121e-02,-1.431963325954562632e-02,5.966050418625688800e-02,3.589560090964702965e-01,-3.378640573958454074e-01,-1.287738447810652179e-02,-2.060843004237788642e-02,-4.018768624132117162e-02,-1.049908344747129685e-01,3.317194158487328792e-01,-3.687929538483425973e-01,9.395354404343855825e-02,-7.050166928108902997e-02,-2.805361382144696755e-02,1.075738109428414635e-01,-3.939409926112182880e-01,9.396701607362559772e-01,-5.776011445769284602e-01,-1.259938358593425956e-01,-3.750561158741536616e-01,-2.876083058185735508e-01,-2.494470931190369556e-01,-2.315387160416820800e-02,-6.290544672264972714e-01,2.237218617113784780e-01,-3.898416984936423635e-01,3.095926617016780402e-01,-8.957216842950685431e-02,2.766492207776376500e-01
1.999559140948375252e-02,-5.216681524469695547e-02,7.449722935961035075e-01,2.620994067564410071e-02,-1.439248622668472082e-03,6.641577457169799414e-01,7.471314853339552364e-01,-2.278463828157532844e-02,-1.351190840450002331e-02,5.913492885002104293e-02,3.610239652455977666e-01,-3.381082867830436101e-01,-1.327598694343123942e-02,-2.129383501870324782e-02,-3.940375011623552248e-02,-1.052225005226780086e-01,3.317908959822665205e-01,-3.676915785620444854e-01,9.358076954541373615e-02,-7.138023652365452221e-02,-2.763608147348366878e-02,1.068010878990225815e-01,-3.974453861955271061e-01,9.409438709530196787e-01,-5.794030337605809988e-01,-1.216189018809191724e-01,-3.752392483676519341e-01,-2.862905098369155077e-01,-2.526399386139974723e-01,-2.436402009625950743e-02,-6.290200789058062458e-01,2.242480056226188456e-01,-3.891567958335389044e-01,3.080138345396508104e-01,-8.943942481374875242e-02,2.784989300546650282e-01
2.007400772048033993e-02,-5.260219331547102278e-02,7.449910547780919101e-01,2.596656884490074549e-02,-1.372373982008386149e-03,6.644374921400240108e-01,7.468913394401849315e-01,-2.517722888884518090e-02,-1.305328640281583699e-02,5.840781284579334154e-02,3.633970389741107421e-01,-3.382847905045324732e-01,-1.355524241747046478e-02,-2.223998067693448363e-02,-3.883220195163578081e-02,-1.051674261292457890e-01,3.315329577470631506e-01,-3.669526341870039676e-01,9.318694961644734265e-02,-7.195226462383778887e-02,-2.726461710263431912e-02,1.063583180854825450e-01,-4.014177941091318091e-01,9.428020423482715850e-01,-5.822011656368802912e-01,-1.176734150143885077e-01,-3.783895610331990955e-01,-2.842265409504599605e-01,-2.558891460413577068e-01,-2.508272981572878813e-02,-6.291886405257168802e-01,2.251688470321901170e-01,-3.893971553119787155e-01,3.079277577277031996e-01,-8.888002451323105679e-02,2.803941075398416194e-01
2.014746983120961274e-02,-5.304418613607344429e-02,7.450077216897196264e-01,2.583153001082640760e-02,-1.409778539760665837e-03,6.645587374062716934e-01,7.467880751048130428e-01,-2.715759307071541687e-02,-1.252404454231303629e-02,5.801669282110722553e-02,3.656772864660088884e-01,-3.383324193018840131e-01,-1.437831070143144943e-02,-2.302650065758864856e-02,-3.834258531082310184e-02,-1.053499032334647839e-01,3.315480647571770190e-01,-3.662967022664584404e-01,9.252187921793206260e-02,-7.260344753188509304e-02,-2.685602368922875710e-02,1.055642130050721550e-01,-4.048002298201917593e-01,9.443021580919304103e-01,-5.842259757732616299e-01,-1.133129167104384438e-01,-3.816490594106137224e-01,-2.825367789342854707e-01,-2.593866220252879495e-01,-2.621372194498463801e-02,-6.288178283068563967e-01,2.258756373827704445e-01,-3.893641041813066805e-01,3.077453791019330587e-01,-8.821297992944565625e-02,2.821464157506619053e-01
2.020915234500958099e-02,-5.349635057973414765e-02,7.449950314360008763e-01,2.568001162923750497e-02,-1.456237701778096555e-03,6.647218832704832048e-01,7.466479989096748149e-01,-2.894801695341469791e-02,-1.193785194672762270e-02,5.794480894448220121e-02,3.675888521097169237e-01,-3.387824213037016197e-01,-1.468673069412852923e-02,-2.416708468899455425e-02,-3.793879704930494534e-02,-1.057467630521494728e-01,3.322722844540422216e-01,-3.659761107966415516e-01,9.241808617406448156e-02,-7.334471666301746462e-02,-2.682886652582243403e-02,1.050712818995844927e-01,-4.090947663798890077e-01,9.461821605601893337e-01,-5.864758349431691276e-01,-1.090044537111446166e-01,-3.843488332223001791e-01,-2.806691009441995011e-01,-2.623343915815621319e-01,-2.722381834923841629e-02,-6.286003269832983742e-01,2.266014970950368523e-01,-3.894439893430868271e-01,3.064348067417506094e-01,-8.771246818639437393e-02,2.828283790329864655e-01
2.024127564276466396e-02,-5.396343231718513100e-02,7.449996391274660290e-01,2.563385087623302333e-02,-1.559508664495894105e-03,6.649600622821114637e-01,7.464372640696285144e-01,-3.071443069483213370e-02,-1.147627559117513768e-02,5.780826012727695307e-02,3.697808255145561551e-01,-3.389190047842174924e-01,-1.556382198752626067e-02,-2.541481719106983284e-02,-3.764831456481827765e-02,-1.058373173897927400e-01,3.337088047171523630e-01,-3.656445333628370320e-01,9.163322328767639635e-02,-7.416583833144420324e-02,-2.697812869174132794e-02,1.050005824935304477e-01,-4.133280067816638703e-01,9.474388101710902177e-01,-5.882202453605346326e-01,-1.042020464162758953e-01,-3.864445851024520540e-01,-2.786304291286676449e-01,-2.653413986739855956e-01,-2.824221640402415495e-02,-6.285545935363798797e-01,2.273893756143599565e-01,-3.894754148437479246e-01,3.043435884516593748e-01,-8.721950128388789025e-02,2.846252912507151733e-01
2.024334316706660752e-02,-5.442524512931205816e-02,7.449828874807273849e-01,2.537290212981976184e-02,-1.581350409731596338e-03,6.651538286460898508e-01,7.462734749445684157e-01,-3.258179285098580097e-02,-1.082433138454935370e-02,5.765700433877649078e-02,3.712943077085307797e-01,-3.393012519594779675e-01,-1.616231067787999784e-02,-2.687102442558376644e-02,-3.717101774480181808e-02,-1.062425857187784262e-01,3.346689742759043629e-01,-3.652978599194313114e-01,9.127502129991457713e-02,-7.539372542619589279e-02,-2.621398205332671483e-02,1.038722089691599404e-01,-4.175235137864020118e-01,9.489266867813764827e-01,-5.902720875193068206e-01,-9.946933846824253245e-02,-3.872501243827616846e-01,-2.772537914289565086e-01,-2.693571079701416737e-01,-2.946860946371523265e-02,-6.276801972495288373e-01,2.280661522549804754e-01,-3.898265855004439118e-01,3.034710885035118988e-01,-8.722605325242158147e-02,2.865588625231277331e-01
2.021100114391155209e-02,-5.490514282220770870e-02,7.449436921959847746e-01,2.500927040190632430e-02,-1.607348332868936171e-03,6.655147691830012313e-01,7.459638361372478155e-01,-3.501562617070663741e-02,-1.004433911685107157e-02,5.755157069129794578e-02,3.735384127822737876e-01,-3.402282551586482962e-01,-1.624545137922795215e-02,-2.876250900576656638e-02,-3.656898657618831011e-02,-1.063200504012915826e-01,3.361758810330277569e-01,-3.649759464693219102e-01,9.127094680192372744e-02,-7.662671377992481825e-02,-2.592861820791372840e-02,1.031786214869287871e-01,-4.223952845152584845e-01,9.499996393239544812e-01,-5.918716103270603712e-01,-9.444815696280345341e-02,-3.883257642879193172e-01,-2.757516301294865024e-01,-2.719494584624046474e-01,-3.029498789118032984e-02,-6.270201919233479027e-01,2.284823611433042245e-01,-3.901339702662887654e-01,3.034745429799264316e-01,-8.728393098913642123e-02,2.879774659967629380e-01
2.015199913903087392e-02,-5.537407986635938667e-02,7.449310269944137142e-01,2.473004688781277327e-02,-1.615703851404169406e-03,6.657526449918690359e-01,7.457608396586148380e-01,-3.589862241494010120e-02,-9.340929172253415944e-03,5.832548171366933737e-02,3.729643523805485916e-01,-3.403074996118677920e-01,-1.646606549606561762e-02,-3.075847652393660231e-02,-3.612006235241549401e-02,-1.059870359673276419e-01,3.379765875832721478e-01,-3.645982500199517751e-01,9.165847490652345719e-02,-7.880813690277828354e-02,-2.564683638016462125e-02,1.019438311654183443e-01,-4.273449822465932302e-01,9.520999918737789169e-01,-5.937836773286028214e-01,-8.940504233070255269e-02,-3.854832039215462247e-01,-2.750109264360671157e-01,-2.751318600436795103e-01,-3.254352866099267938e-02,-6.271797934741247804e-01,2.296860189362257554e-01,-3.901802739352373539e-01,3.021024098222205856e-01,-8.788856834025009224e-02,2.896142490445620665e-01
2.007751641591544456e-02,-5.584362746397069505e-02,7.449489700967366623e-01,2.457526114113380011e-02,-1.562935510786468783e-03,6.658357089281987662e-01,7.456919085577619066e-01,-3.672047652042649546e-02,-8.821059992954403614e-03,5.973465766269175914e-02,3.724679209517087197e-01,-3.397700646366661470e-01,-1.669602045591798284e-02,-3.255946727469798824e-02,-3.594818701199192085e-02,-1.055047256829229341e-01,3.394014634012261222e-01,-3.640538965672118765e-01,9.192916237058947060e-02,-8.081498763092184734e-02,-2.553746099722534885e-02,1.010575981471775464e-01,-4.319403511717931354e-01,9.536029088763823269e-01,-5.952999821406105285e-01,-8.340625447377129908e-02,-3.842974752683656070e-01,-2.737472385616125936e-01,-2.771269060693863917e-01,-3.499420344571690933e-02,-6.262682948131768068e-01,2.312243539359326860e-01,-3.897528182250417639e-01,3.016686461443778278e-01,-8.805688451795033733e-02,2.904919465670144363e-01
2.000432103661790167e-02,-5.629939008522026611e-02,7.449801362293064777e-01,2.441863239310762199e-02,-1.304855206576000610e-03,6.659152710575507728e-01,7.456265013512386464e-01,-3.797181961142116757e-02,-8.823672826455915275e-03,6.021275830802209905e-02,3.721018529200587066e-01,-3.388479188644049067e-01,-1.782584606326526044e-02,-3.444638777037885291e-02,-3.602975754483485338e-02,-1.049230498003796003e-01,3.403875571711559855e-01,-3.636664271024694362e-01,9.150234158475069324e-02,-8.291905281015019002e-02,-2.523496038559203125e-02,9.995838980662975770e-02,-4.365335776217380559e-01,9.552186861636107196e-01,-5.967254648431014052e-01,-7.654617181716366625e-02,-3.838306877086380409e-01,-2.717786104518113421e-01,-2.787017599589444172e-01,-3.753915229871357395e-02,-6.253837362549192758e-01,2.325233573468548087e-01,-3.894451795350871159e-01,3.019259922029030041e-01,-8.709707662880854240e-02,2.921613510953549042e-01
1.995067224626987171e-02,-5.674134559645395426e-02,7.450120525185398579e-01,2.432859994311891566e-02,-1.293769048258864305e-03,6.663860746077994168e-01,7.452087257643091878e-01,-3.924437073314689800e-02,-8.631755595065827846e-03,6.023175084467710660e-02,3.725164205981735255e-01,-3.382776546689335584e-01,-1.865302273958551957e-02,-3.620260190215102841e-02,-3.601351235929777655e-02,-1.048574406496879385e-01,3.424862627096403878e-01,-3.631470589723931330e-01,9.046692679615803145e-02,-8.476316295113973942e-02,-2.530592939459820612e-02,9.900451351440510417e-02,-4.416898622302990463e-01,9.553678870594098926e-01,-5.979298743878559419e-01,-6.903535526470805372e-02,-3.833688422758926850e-01,-2.688405455268719213e-01,-2.800880884637506063e-01,-3.903595223081572640e-02,-6.237046611392325079e-01,2.339753589779826060e-01,-3.886019401530947381e-01,3.040997843282204904e-01,-8.681227004368093081e-02,2.928104916099207866e-01
1.990620670181643057e-02,-5.712327191618088440e-02,7.450509765553229302e-01,2.385788248983309115e-02,-1.021848811463440827e-03,6.669369816270664941e-01,7.447313742593938413e-01,-4.111177272112180592e-02,-8.220473865762061710e-03,6.026721865646464393e-02,3.722996899458519415e-01,-3.379612861479902031e-01,-1.923169704083812007e-02,-3.829949199287265016e-02,-3.555055820815081896e-02,-1.043455259246370281e-01,3.433760266796592742e-01,-3.621932015160648777e-01,8.963892604426615396e-02,-8.685645481549830738e-02,-2.515285658698899682e-02,9.759519148524599397e-02,-4.460219513685669268e-01,9.546968279969180182e-01,-5.984559917638672122e-01,-6.245965500843789903e-02,-3.843388166377051940e-01,-2.659529048043629551e-01,-2.833747001501034646e-01,-3.989721832270085727e-02,-6.221042889560801648e-01,2.350010344259355344e-01,-3.887258323031363427e-01,3.073299345515322356e-01,-8.668236036337420569e-02,2.955729612887065261e-01
1.988073410680692502e-02,-5.744442653419613853e-02,7.451153345148079366e-01,2.304558368555481226e-02,-4.207453807738113370e-04,6.674779035448142883e-01,7.442727808574862713e-01,-4.359321760778846894e-02,-7.737380157595739709e-03,6.006071173376510697e-02,3.713032464071409078e-01,-3.372796317236653740e-01,-2.012517122553727708e-02,-4.033396436438842908e-02,-3.488952852505156077e-02,-1.040400926233692458e-01,3.421375863892184288e-01,-3.607362966814539051e-01,8.888758465140708664e-02,-8.844665361718345720e-02,-2.432955479239359842e-02,9.538777637229001183e-02,-4.490946151363355288e-01,9.515941782657842962e-01,-5.962673252769384868e-01,-5.425672011226704422e-02,-3.850309060100652325e-01,-2.624865754547571206e-01,-2.842871482767699298e-01,-4.054359315230562921e-02,-6.217772989417130747e-01,2.352369004394801733e-01,-3.901998307911435093e-01,3.067163484122544803e-01,-8.761257008365117005e-02,2.962189203183580033e-01
1.985378271635808087e-02,-5.772520900963500762e-02,7.451615152174617673e-01,2.243650356771280385e-02,-3.314761947907049781e-05,6.682762390334103797e-01,7.435747914986433615e-01,-4.554363337193090971e-02,-7.230355708923232559e-03,6.017500698458248809e-02,3.705070557723104674e-01,-3.365500824843911110e-01,-2.140715830171328535e-02,-4.152400355866493753e-02,-3.464881128055206927e-02,-1.050284610612230995e-01,3.409380238990198930e-01,-3.595981560148147627e-01,8.913242753972322463e-02,-9.078581501103133444e-02,-2.386185222031403375e-02,9.350415740294786004e-02,-4.527109063745564099e-01,9.495809432362941616e-01,-5.945348242285090068e-01,-4.676702817801416806e-02,-3.836115162531524847e-01,-2.602004805332770454e-01,-2.866001754738671803e-01,-4.046259803112481346e-02,-6.208213311937182954e-01,2.347814647531703547e-01,-3.907882031192883576e-01,3.066891416705408990e-01,-8.793519140359995490e-02,2.991897293748724818e-01
1.984114579304296216e-02,-5.795056028684825167e-02,7.451803823294190776e-01,2.181959095949794272e-02,1.374113418431659054e-04,6.695314054675312043e-01,7.424631867380058203e-01,-4.717141565472161152e-02,-6.731838098772732586e-03,5.892425372483428569e-02,3.695943364624721950e-01,-3.363658345009576944e-01,-2.255331349167483818e-02,-4.222245719336914505e-02,-3.427105339257069394e-02,-1.068436730523719819e-01,3.401554497407801025e-01,-3.588086644238724365e-01,8.887702938302914635e-02,-9.294566267914333713e-02,-2.331300843515650423e-02,9.165906462991255110e-02,-4.574727343438468319e-01,9.472442600222455988e-01,-5.939067891592579862e-01,-3.921514253227457308e-02,-3.822407509574070605e-01,-2.580786678934531841e-01,-2.894675945671191242e-01,-3.918858933538259259e-02,-6.205819934454224196e-01,2.336951944566434125e-01,-3.909963975231450228e-01,3.070953361494895284e-01,-8.769079594651646437e-02,3.028481824344636530e-01
1.983256860534510224e-02,-5.813130653594316549e-02,7.452000796780536840e-01,2.125897613851095852e-02,4.695461539683604612e-04,6.707102537724654034e-01,7.414145877607389856e-01,-4.872504832998991731e-02,-6.672637989904322067e-03,5.750922112788023344e-02,3.682738131577469876e-01,-3.359258109456055852e-01,-2.315021498544011028e-02,-4.309330098956674210e-02,-3.407617969522590273e-02,-1.078840065289884409e-01,3.394332145107920029e-01,-3.585099156760469530e-01,8.833968520740818897e-02,-9.429082893588627834e-02,-2.302527671991573543e-02,8.995046655305495575e-02,-4.620121433375179443e-01,9.440929902844719113e-01,-5.928837755439045898e-01,-3.130237371151491782e-02,-3.816124519062945031e-01,-2.561066016735781270e-01,-2.894246031955779452e-01,-3.710480887845518660e-02,-6.210006196983903770e-01,2.324631577787293624e-01,-3.924894869935445230e-01,3.083647671079995378e-01,-8.816014497116143878e-02,3.047805901934238504e-01
1.981438795688268001e-02,-5.828090568179809805e-02,7.452465629873553654e-01,2.072129970111318692e-02,7.193252979688319424e-04,6.718930344202930227e-01,7.403579273616939238e-01,-4.965459806380970870e-02,-6.344391588986606455e-03,5.686100260438797793e-02,3.661377748309896374e-01,-3.350179511216829775e-01,-2.472888502748833359e-02,-4.383373854845119127e-02,-3.393440230498548371e-02,-1.093365140968507176e-01,3.388803503110695003e-01,-3.576923902850303039e-01,8.810634333047669131e-02,-9.566644547689523437e-02,-2.265167394160870137e-02,8.790608863401591644e-02,-4.668368761959159063e-01,9.402712319601659319e-01,-5.919165534650567828e-01,-2.224016939119714473e-02,-3.807114008277509010e-01,-2.539185854977650258e-01,-2.900728914548573734e-01,-3.476972295339628150e-02,-6.206204968438661096e-01,2.312083917009988554e-01,-3.931840404741467343e-01,3.113822750863806110e-01,-8.820264640626872266e-02,3.060991435183796350e-01
1.978222023448459807e-02,-5.842784744186327317e-02,7.452599205337073762e-01,2.035942127750756808e-02,1.061744746010345394e-03,6.730015943990246274e-01,7.393600074386698084e-01,-5.121205801236015237e-02,-6.588031209352798387e-03,5.580715710607747626e-02,3.655076551762009851e-01,-3.343226797942323580e-01,-2.585286783853273096e-02,-4.521742765765734973e-02,-3.418546769041340416e-02,-1.101000817556855582e-01,3.398445105322512316e-01,-3.578794476835207572e-01,8.702463340658152247e-02,-9.675434846687458457e-02,-2.238330837413884250e-02,8.616202059878014241e-02,-4.719709521511912254e-01,9.373670030432487144e-01,-5.919324599743869264e-01,-1.331917176171460403e-02,-3.813171574598073765e-01,-2.514976678354103323e-01,-2.900393598430496822e-01,-3.260897121717104552e-02,-6.213108045038391314e-01,2.305090991785154197e-01,-3.943874174714215863e-01,3.134687281470586173e-01,-8.798207307331337712e-02,3.071306199651648861e-01
1.972189165245133435e-02,-5.855679631522055922e-02,7.452497736879925005e-01,1.963280422509317696e-02,1.571149566820688459e-03,6.737813523664172299e-01,7.386682433207616416e-01,-5.360980908963901281e-02,-6.443659805537864729e-03,5.486502141670143023e-02,3.653234312083147306e-01,-3.344035270981912666e-01,-2.685621159362791555e-02,-4.695868267412746377e-02,-3.373917535455501354e-02,-1.097530286006566103e-01,3.395063140155212822e-01,-3.575945718349726743e-01,8.681427343721731527e-02,-9.848186807840096646e-02,-2.145599721930720183e-02,8.452905116393109874e-02,-4.767194147115893510e-01,9.361178572854974567e-01,-5.917209544061300397e-01,-5.661308567655290273e-03,-3.800482534759839215e-01,-2.502456327674451031e-01,-2.918554309463637919e-01,-3.197955895753364086e-02,-6.226124830424974999e-01,2.302765833929095729e-01,-3.963262243898181825e-01,3.167898955636662683e-01,-8.749287009717135466e-02,3.100875125677655109e-01
1.964201141489739511e-02,-5.870300645979297655e-02,7.452474926452078430e-01,1.926807202520035289e-02,1.621698588175765014e-03,6.746476895097689441e-01,7.378865810768288069e-01,-5.603288274067520780e-02,-6.277036945033041132e-03,5.361283611823542544e-02,3.676588224054647136e-01,-3.347542082669044960e-01,-2.682602834264301642e-02,-4.862043290550032565e-02,-3.337730220415081189e-02,-1.092758939893369863e-01,3.415980800232595871e-01,-3.574066487711562434e-01,8.524809346610805194e-02,-1.002107031489746503e-01,-2.119444938365721773e-02,8.351918238010795636e-02,-4.813429532021561985e-01,9.344582934692097220e-01,-5.921026536341328361e-01,2.314699942487509834e-03,-3.818933559138741884e-01,-2.477557005388624223e-01,-2.918043798909468189e-01,-3.099890070113027127e-02,-6.239582755243043843e-01,2.305230808715950652e-01,-3.973256994524489993e-01,3.212207993886813662e-01,-8.587132919877003834e-02,3.119822013635484836e-01
1.954592125322784230e-02,-5.883963575681380731e-02,7.452077105549738123e-01,1.892055508564403563e-02,1.401045996697220918e-03,6.752118472728111387e-01,7.373798281535808297e-01,-5.781618724841342677e-02,-5.388618932331695754e-03,5.340762157178067376e-02,3.700736652204824617e-01,-3.357230658881701357e-01,-2.811766254904767698e-02,-4.962466830131030682e-02,-3.274180724056804936e-02,-1.095282081203459157e-01,3.431716430413844776e-01,-3.569930852762986384e-01,8.488369230275216726e-02,-1.017556690059056579e-01,-2.075791249823585177e-02,8.217027678390273482e-02,-4.862652163834235708e-01,9.332127344088887444e-01,-5.929122847401254726e-01,1.036399850293612951e-02,-3.806895766150417137e-01,-2.455870850734475086e-01,-2.937740403563340319e-01,-3.052204978937136937e-02,-6.236278146255354038e-01,2.312240560528918132e-01,-3.971990472564551067e-01,3.270568444735961200e-01,-8.462059518225886756e-02,3.139458110687277093e-01
1.944699056304369927e-02,-5.894498702023134168e-02,7.452077394037955882e-01,1.852954108850371484e-02,1.322789739067866798e-03,6.754892697039207583e-01,7.371357764002637314e-01,-5.964243370218176576e-02,-4.795680517807536514e-03,5.285627689892540004e-02,3.723288138494065813e-01,-3.365778745628059121e-01,-2.783095792383466494e-02,-5.081219293091202016e-02,-3.183222179428404908e-02,-1.082749940489835527e-01,3.442333108848839585e-01,-3.563896019359094613e-01,8.343805246915710072e-02,-1.029499695170554285e-01,-2.067493638351099866e-02,8.133837701083351801e-02,-4.906647544960302532e-01,9.324855614451770247e-01,-5.931799501245837991e-01,1.754532557643223578e-02,-3.804417142646782657e-01,-2.430177283258369847e-01,-2.953107940199291570e-01,-3.051811287874307832e-02,-6.239009874222887220e-01,2.315997582134889377e-01,-3.974599367796720073e-01,3.278612584093205662e-01,-8.394360686238486191e-02,3.147097829733498386e-01
1.934629603244575335e-02,-5.901274527632814626e-02,7.452091099171660460e-01,1.787651783842292980e-02,1.720858664358517441e-03,6.753596350241803936e-01,7.372698502824019950e-01,-6.176503969468813415e-02,-4.329014550517967970e-03,5.308336078555442317e-02,3.732610443234307129e-01,-3.371078788850951913e-01,-2.785203238798141662e-02,-5.272721039487779371e-02,-3.087775588214029809e-02,-1.059760741906007886e-01,3.440408527272237893e-01,-3.557602325387668740e-01,8.276796772994561568e-02,-1.039766917815656555e-01,-2.059114292812867092e-02,7.982389732775342639e-02,-4.943967440036022287e-01,9.323793771299133670e-01,-5.924657695156752002e-01,2.442706907124867280e-02,-3.806408387882332933e-01,-2.405581921656689826e-01,-2.968760260333148104e-01,-3.091503022558386715e-02,-6.238161349960348323e-01,2.320207278747550284e-01,-3.980410965790512345e-01,3.272970433475377861e-01,-8.399733215247937035e-02,3.158750895298754746e-01
1.925698185258307993e-02,-5.905117035587226920e-02,7.452328729753550096e-01,1.715658660166041044e-02,2.222701529302731089e-03,6.751898718295560320e-01,7.374410811128430110e-01,-6.354705132384549926e-02,-3.866674554777300554e-03,5.360686481186470453e-02,3.730378641360860281e-01,-3.372324832622503044e-01,-2.759987852757654972e-02,-5.449251226838211504e-02,-3.013531038257570571e-02,-1.045731357294396591e-01,3.431072334896212994e-01,-3.547768589493466851e-01,8.293272561982338587e-02,-1.056075191037982031e-01,-2.043505105360723592e-02,7.805876877676928838e-02,-4.973802922451209807e-01,9.320239259885583216e-01,-5.910148792038353305e-01,3.161945824743222361e-02,-3.797825162935775101e-01,-2.383181175583919120e-01,-2.985306869988173517e-01,-3.200510930056228026e-02,-6.234468041108069958e-01,2.328147896205397249e-01,-3.986558601319910577e-01,3.278979587263251561e-01,-8.403892340592829246e-02,3.177013956162600405e-01
1.916845808541868534e-02,-5.908159323614108061e-02,7.452333291837043294e-01,1.660707345676599653e-02,2.424867090588699124e-03,6.748535262927788381e-01,7.377608306090774892e-01,-6.458096976737907891e-02,-3.073025761209033802e-03,5.444031566526780219e-02,3.730361822789005632e-01,-3.377723556210598388e-01,-2.782642376876740681e-02,-5.541435401168618574e-02,-2.940806237909961152e-02,-1.042460745223464935e-01,3.420562072476976412e-01,-3.539987040861642398e-01,8.310428890839592631e-02,-1.073876243809067099e-01,-2.012148153533451292e-02,7.610531732994635368e-02,-4.998163929412288153e-01,9.313893963567302370e-01,-5.893204056700135363e-01,3.950271292405064388e-02,-3.777755386868030807e-01,-2.362918735136928794e-01,-2.999781912613145307e-01,-3.325232912236156246e-02,-6.227088318274173195e-01,2.334182202763434577e-01,-3.986390878533470072e-01,3.275320474752477784e-01,-8.499885092152760502e-02,3.178344824607616248e-01
1.908506526467108888e-02,-5.910446144884401454e-02,7.452570259857661528e-01,1.623651308212356245e-02,2.615066390028595450e-03,6.745279764839228198e-01,7.380660851246411136e-01,-6.537464556063476984e-02,-2.568868946169707013e-03,5.539887942925069558e-02,3.731247332981718623e-01,-3.377869474384735948e-01,-2.771098890384207994e-02,-5.652260362440147956e-02,-2.885217213731520319e-02,-1.030807664044071370e-01,3.419532821660482003e-01,-3.534026598418268383e-01,8.263086076744037556e-02,-1.093271876831476280e-01,-2.013916601767347381e-02,7.457561389708380895e-02,-5.027658740336639065e-01,9.308588719489931940e-01,-5.876687656290063844e-01,4.873326468357844915e-02,-3.751612210645089984e-01,-2.342633964924991097e-01,-3.005324582687012303e-01,-3.425925883781057169e-02,-6.210698412542230429e-01,2.345464714366467529e-01,-3.983929604445364259e-01,3.278726459848831931e-01,-8.553940424108145979e-02,3.183152785693660891e-01
1.899602679976351502e-02,-5.913058583714193156e-02,7.452679014899872278e-01,1.569570239065768563e-02,2.848929795709268485e-03,6.741588770676325559e-01,7.384140687963572924e-01,-6.623311150248234469e-02,-1.683131948847160601e-03,5.701514569128944554e-02,3.727229241721747299e-01,-3.380716489256966328e-01,-2.745693874009774368e-02,-5.781202374368011460e-02,-2.803523522983276950e-02,-1.017545119014802157e-01,3.414191355535102224e-01,-3.524627470655369299e-01,8.326836558225632345e-02,-1.113271203986507668e-01,-2.040538438527873463e-02,7.258659601566866404e-02,-5.054357776472926389e-01,9.286293864579781010e-01,-5.844932432981343462e-01,5.901338615641037177e-02,-3.742568869920501196e-01,-2.311946909188983823e-01,-3.007158564081578445e-01,-3.510361042241565144e-02,-6.185144161103538485e-01,2.347451497951088539e-01,-3.974463469800688098e-01,3.300551709649564569e-01,-8.542954683694753415e-02,3.185385168644869758e-01
1.890009355732906113e-02,-5.916593041852172968e-02,7.452817886210313381e-01,1.508460255460203001e-02,3.087496223849021688e-03,6.736858477190188488e-01,7.388574292215946970e-01,-6.750125096751073694e-02,-6.408023989670401724e-04,5.868772179990595916e-02,3.729937556661425124e-01,-3.384416630915494939e-01,-2.685897948790956155e-02,-5.911245953892616672e-02,-2.713098523835789228e-02,-1.006684313927840579e-01,3.406070601458063840e-01,-3.513037174618394154e-01,8.383270486363303409e-02,-1.136946835488033825e-01,-2.020414781385270614e-02,7.083370911260550296e-02,-5.084847184181440216e-01,9.263172787294975397e-01,-5.806588136544038603e-01,7.064930127596408260e-02,-3.706133287848454305e-01,-2.289096671968497143e-01,-2.989735338808747755e-01,-3.639021536208846691e-02,-6.159079162407441466e-01,2.351551838521592219e-01,-3.969926764676176001e-01,3.335249013803706086e-01,-8.506885503053834841e-02,3.207222343231990180e-01
1.879841953344846966e-02,-5.921318526609643113e-02,7.452962216344782842e-01,1.456929332004745087e-02,3.215617084246845652e-03,6.730616893346701435e-01,7.394358375470322375e-01,-6.781777694415003221e-02,6.047104858300060559e-04,6.111954439386632632e-02,3.720931873198183304e-01,-3.383668920710705130e-01,-2.727162066309302829e-02,-6.017017610960343627e-02,-2.630713720219626101e-02,-9.998038465221456561e-02,3.398433399062016358e-01,-3.501143291710555605e-01,8.499988321912728406e-02,-1.168212116214846497e-01,-2.027288128720844407e-02,6.887756316371788923e-02,-5.128310742605809436e-01,9.273572328528546516e-01,-5.793863310466399463e-01,8.128779126194517202e-02,-3.640802427629170612e-01,-2.278266001593824142e-01,-3.001450006456127806e-01,-3.904042688734848943e-02,-6.146212695731433362e-01,2.373140161948641136e-01,-3.961020240213774524e-01,3.343728986312693996e-01,-8.493471035670401015e-02,3.240857309716188572e-01
1.870290173468621212e-02,-5.928377735828608414e-02,7.453601015037950583e-01,1.427009706242228504e-02,3.662216678149018967e-03,6.720709870206086345e-01,7.403401521624878301e-01,-6.853350459992445243e-02,8.788883253212482170e-04,6.304522209869581340e-02,3.717021690948874579e-01,-3.374508397372443236e-01,-2.753452334507522706e-02,-6.200235641788104379e-02,-2.603184361509737477e-02,-9.802615021791631633e-02,3.397619398271050084e-01,-3.490837369086596254e-01,8.447650689075944519e-02,-1.190561413779644834e-01,-2.065000838427844682e-02,6.728600463831685419e-02,-5.166602832422706459e-01,9.262521243878982791e-01,-5.769128670749440468e-01,9.464787801729881989e-02,-3.624584530037804897e-01,-2.254711199427074375e-01,-3.002001069858805660e-01,-4.221447529555037714e-02,-6.129675897831072806e-01,2.402366060996189989e-01,-3.956158946329897397e-01,3.355937040947367112e-01,-8.451464787878465446e-02,3.266810278744081697e-01
1.861512381051321635e-02,-5.937937599733843219e-02,7.453748519388581073e-01,1.375360710469513206e-02,4.011084860822105268e-03,6.716392691327802700e-01,7.407397934825923347e-01,-6.986933530621551591e-02,1.262946031796809577e-03,6.354901950467276017e-02,3.717121035769815340e-01,-3.377115333740142167e-01,-2.608354672357613910e-02,-6.489891227736814538e-02,-2.524849568101477509e-02,-9.548986185840543928e-02,3.418433559046288872e-01,-3.485081878736788763e-01,8.361317057387493423e-02,-1.221050322947094258e-01,-2.102467955387212969e-02,6.557683858796529985e-02,-5.217754135828476247e-01,9.241955276375098949e-01,-5.752615942582514075e-01,1.076808578883670237e-01,-3.642693365037042996e-01,-2.219579301055607801e-01,-3.001491450923008397e-01,-4.448515953369909515e-02,-6.114773880203361323e-01,2.429431727530083907e-01,-3.947942740295905528e-01,3.401530625379045047e-01,-8.356564625046992989e-02,3.278389523964025942e-01
1.854161423666829747e-02,-5.950271279096575744e-02,7.453547221691149138e-01,1.328662933415680064e-02,4.392277365886518986e-03,6.710710329135460839e-01,7.412609811428255702e-01,-7.124705397092438719e-02,1.828929339721752220e-03,6.511336708611464852e-02,3.719583982375287978e-01,-3.380834233799404065e-01,-2.487367759866124586e-02,-6.839337535706474513e-02,-2.462402798896968364e-02,-9.298783509506533540e-02,3.450711884792126982e-01,-3.486751678961961254e-01,8.273105546058065474e-02,-1.246554177368889571e-01,-2.140039256354721309e-02,6.355896795302472257e-02,-5.276366376709253903e-01,9.213178265067120121e-01,-5.733852534126532285e-01,1.222232515924781826e-01,-3.667344204300351240e-01,-2.181587350024049854e-01,-2.989436739556576295e-01,-4.656232462086217633e-02,-6.096791292479739610e-01,2.460482937185845265e-01,-3.941781711990199333e-01,3.446704404492116347e-01,-8.219800042219151115e-02,3.291036613764751761e-01
1.849044682461306599e-02,-5.963198633687823852e-02,7.453413703308389149e-01,1.260130083043324578e-02,5.203043187878024847e-03,6.700470863981514702e-01,7.421933963383899879e-01,-7.327467069536607036e-02,2.400410117549555983e-03,6.762262960764615916e-02,3.717992908962104992e-01,-3.380358661420966304e-01,-2.396997012981511715e-02,-7.248227394497912257e-02,-2.388285722679106896e-02,-8.951407546703976648e-02,3.469334242104845090e-01,-3.485723989368149645e-01,8.264250504227092786e-02,-1.271326779941047147e-01,-2.163515015885121573e-02,6.153826863489603866e-02,-5.336595844319681481e-01,9.189549033978813286e-01,-5.700256951135058703e-01,1.376537771708623570e-01,-3.678026375891059185e-01,-2.157502074052629337e-01,-2.978152219627954178e-01,-4.985359800885333370e-02,-6.074799667674430914e-01,2.490005253304824751e-01,-3.939393825904752289e-01,3.475570554852981386e-01,-8.180133595103059041e-02,3.301982054041668335e-01
1.847635768924212746e-02,-5.980823379490888408e-02,7.453068993963489763e-01,1.253823500314653686e-02,5.614511005547345550e-03,6.693603057702777193e-01,7.428109120013618449e-01,-7.386209998703696655e-02,2.530515010363566450e-03,7.002683521967176250e-02,3.714746692412586593e-01,-3.376517334109098156e-01,-2.339858892650450647e-02,-7.585910486951551179e-02,-2.410534407661927073e-02,-8.767340648464222452e-02,3.509211310758094116e-01,-3.496017888143883035e-01,8.234327164598563564e-02,-1.299690058662006931e-01,-2.239260524238548961e-02,6.031435675709184013e-02,-5.405189184573835348e-01,9.173790921944159349e-01,-5.689465672004240249e-01,1.532509743177832562e-01,-3.695109681659756173e-01,-2.127534989562552548e-01,-2.960822518955046889e-01,-5.310632391325791068e-02,-6.073692387829445760e-01,2.516422949271647780e-01,-3.935023741182208656e-01,3.460145843770369711e-01,-8.066491168619040197e-02,3.298997662152831079e-01
1.850262041940928595e-02,-5.997864577628850974e-02,7.453092362155693262e-01,1.232138461557230266e-02,6.296496941704733674e-03,6.685163014027031281e-01,7.435687542966480379e-01,-7.452276382633794827e-02,2.611879870941817908e-03,7.277735245560108812e-02,3.700844378222308273e-01,-3.369189604343568178e-01,-2.326454859977134318e-02,-7.912114245639319254e-02,-2.417410175058404276e-02,-8.528569709384832553e-02,3.530847993235065596e-01,-3.497650673048443015e-01,8.287946793111107546e-02,-1.330861355105926735e-01,-2.320598284950599333e-02,5.920822746744675014e-02,-5.473991309107104630e-01,9.151947502117677713e-01,-5.658680375850464461e-01,1.697334969735053989e-01,-3.697400526862236192e-01,-2.093554348476244775e-01,-2.943045002969310597e-01,-5.655430890884777240e-02,-6.052732922769720192e-01,2.537126117670098213e-01,-3.933919451375568754e-01,3.452411600304203243e-01,-8.018816367161012149e-02,3.305712047507111118e-01
1.857015725449366259e-02,-6.013825018228080577e-02,7.453495438936799111e-01,1.199865666395780531e-02,7.064823382583840933e-03,6.676551705358767519e-01,7.443404421133807958e-01,-7.490819818288083076e-02,2.984236142632280906e-03,7.621537796314756252e-02,3.675992913852046406e-01,-3.354902970041849231e-01,-2.406946998622707876e-02,-8.221638537038897243e-02,-2.425664001477493420e-02,-8.374186614287551511e-02,3.543379490424257705e-01,-3.492532092306940839e-01,8.347649925707040230e-02,-1.366411042427614075e-01,-2.372733680669777273e-02,5.755030415804372745e-02,-5.540161671385973596e-01,9.120172219058256813e-01,-5.613624312425516960e-01,1.875669331975506615e-01,-3.676326135531403083e-01,-2.060295440802196176e-01,-2.928018146137267297e-01,-6.096906079444321114e-02,-6.032379060477466304e-01,2.558643032556541796e-01,-3.927503960289225327e-01,3.420021764693914057e-01,-7.965996758551938117e-02,3.308107623532368091e-01
1.867813269151370401e-02,-6.027598048299723232e-02,7.454172175910098730e-01,1.154922271813521931e-02,7.674776145847107302e-03,6.670125108818084625e-01,7.449174609262854130e-01,-7.539209186433197540e-02,3.676614288461039267e-03,7.884011858287059971e-02,3.653191635401054072e-01,-3.340238643427766441e-01,-2.406118266461335434e-02,-8.465704532360668333e-02,-2.354084129589268867e-02,-8.135861357192364363e-02,3.546063187780756909e-01,-3.481429153695281276e-01,8.332637753296934235e-02,-1.397711488012450542e-01,-2.347886832678400953e-02,5.597576471845019941e-02,-5.613636856258464869e-01,9.082464158044615266e-01,-5.565157798810274059e-01,2.054389291892062541e-01,-3.675259919625631921e-01,-2.034217548872383763e-01,-2.924898736612238648e-01,-6.536727113808064871e-02,-6.020882053667619971e-01,2.587577743645200212e-01,-3.925048767247629189e-01,3.383216678907182140e-01,-7.991458755228177113e-02,3.317200060828137120e-01
1.879649922406171486e-02,-6.043400136643295451e-02,7.453844589333803450e-01,1.106586219276723543e-02,8.290272990739366854e-03,6.661255552043742201e-01,7.457114473919078668e-01,-7.645749252325835521e-02,4.388614327569764599e-03,8.098300248530729273e-02,3.643588587771723897e-01,-3.340785791117205639e-01,-2.401261148871713935e-02,-8.777725584843451556e-02,-2.306120965157017200e-02,-8.014052703910926057e-02,3.560395576746852031e-01,-3.481654501101685284e-01,8.422838876923824381e-02,-1.416892233608380847e-01,-2.317227855656056601e-02,5.471167571856327266e-02,-5.690505257950941864e-01,9.047135053159245377e-01,-5.534949384593046418e-01,2.219870435112377138e-01,-3.690578610589460018e-01,-2.010097025204587162e-01,-2.913536662158083268e-01,-6.913846139553805892e-02,-6.020275856725910701e-01,2.615736806902816403e-01,-3.922153186075035824e-01,3.351756386770406437e-01,-7.847137480513792507e-02,3.326846939882476262e-01
1.892683199216362369e-02,-6.059086967062504020e-02,7.453209889757889117e-01,1.071761166198792643e-02,8.781397263426292746e-03,6.658545971681879561e-01,7.459528639883056256e-01,-7.773706936223069575e-02,4.885168680368310798e-03,8.251430804347678616e-02,3.641538535939692900e-01,-3.343827006628447562e-01,-2.429155922880483001e-02,-9.122670029685421567e-02,-2.292931656962363118e-02,-7.945559548904485014e-02,3.595539071751154836e-01,-3.489758585848966033e-01,8.440347117523525067e-02,-1.436102731869944860e-01,-2.270057613409747627e-02,5.309718880139785435e-02,-5.789095665960415360e-01,9.009844421296130390e-01,-5.539065983421813666e-01,2.389068756616395950e-01,-3.715343204387121512e-01,-1.975592559132972048e-01,-2.910813659183497659e-01,-7.127088772562825691e-02,-6.014363780528305670e-01,2.647841693724701795e-01,-3.922146706171539821e-01,3.353894230942573995e-01,-7.656705386257008084e-02,3.320781642029023151e-01
1.904265063857833729e-02,-6.075033682373676136e-02,7.452535827284664238e-01,1.016050230588328232e-02,9.127096255160567495e-03,6.657121588469789852e-01,7.460836292736467978e-01,-7.983494467030692598e-02,5.812993405817673542e-03,8.324254695246778579e-02,3.653784495280520961e-01,-3.354943195815680568e-01,-2.401372050495475391e-02,-9.482466998191933782e-02,-2.202832625885992393e-02,-7.801581440102926812e-02,3.632107649270445715e-01,-3.492887615386143785e-01,8.394770508443037682e-02,-1.459965136118922535e-01,-2.238089640983879219e-02,5.142681172115776828e-02,-5.902619495920906623e-01,8.978763995248872920e-01,-5.561722778757501873e-01,2.552532643467960716e-01,-3.754670300521698034e-01,-1.952222895211156994e-01,-2.917422056387857787e-01,-7.351430275488847477e-02,-6.008455032690718234e-01,2.683925845041970626e-01,-3.921077063115138150e-01,3.383768595733728790e-01,-7.532110138120620690e-02,3.320025304654133924e-01
1.914085961332209762e-02,-6.092366397551573359e-02,7.451966179431253057e-01,9.575561321687811600e-03,9.680146457014489336e-03,6.654888849727890188e-01,7.462835569457629825e-01,-8.210830916499409216e-02,6.487405400095898160e-03,8.409280462878368501e-02,3.661120183207955958e-01,-3.359640865879840455e-01,-2.481766142106554482e-02,-9.881806317484152780e-02,-2.148790732744410709e-02,-7.694048381764745370e-02,3.667727009841232344e-01,-3.496763550329377024e-01,8.351196480494815777e-02,-1.482748636255605823e-01,-2.204726455010942721e-02,4.972446559627587137e-02,-6.023840609019294190e-01,8.948621581795400681e-01,-5.585643811933241887e-01,2.724602403399627448e-01,-3.801994088906569536e-01,-1.919688381814430855e-01,-2.934999923777550923e-01,-7.583014579542594891e-02,-5.999673284712612187e-01,2.719125549285069665e-01,-3.920511357787899720e-01,3.413262928821332864e-01,-7.389668900092107029e-02,3.328024449289681552e-01
1.920546727345614005e-02,-6.111694954501369764e-02,7.451332074852967668e-01,8.950213401700199412e-03,1.046450369265514331e-02,6.651496630645337138e-01,7.465830922058631636e-01,-8.481997322028862751e-02,6.996892998180235732e-03,8.568822575798001884e-02,3.668442831606069654e-01,-3.361457358315102506e-01,-2.552320628969922262e-02,-1.032085698615468755e-01,-2.121970551430076013e-02,-7.565593117920337007e-02,3.700481893575434111e-01,-3.502094475092307757e-01,8.350373602051126831e-02,-1.508448128492696494e-01,-2.181923118118549859e-02,4.809583198417906325e-02,-6.151912426821780633e-01,8.933656786570023378e-01,-5.619800909256918997e-01,2.886960694741019795e-01,-3.865388070008509147e-01,-1.891533368640050394e-01,-2.952313223815621890e-01,-7.819132595858008239e-02,-5.986702990495820220e-01,2.751871204447364772e-01,-3.924073318144840061e-01,3.444594216519442642e-01,-7.259917935886683882e-02,3.337348225676516345e-01
1.923476955149812373e-02,-6.134264481647124650e-02,7.450761690320628627e-01,8.386872299931163316e-03,1.140582780471612392e-02,6.648737398353548045e-01,7.468215834738999304e-01,-8.732666906543855301e-02,7.252298628764343447e-03,8.808753610127005584e-02,3.666126532931699433e-01,-3.356161896054128957e-01,-2.655289808022977260e-02,-1.080192543092803326e-01,-2.139865398095829735e-02,-7.423747453642465244e-02,3.737179144544018339e-01,-3.507455768207367042e-01,8.407841002114942175e-02,-1.542942588588425701e-01,-2.165281305989035648e-02,4.651057268061881134e-02,-6.288725625159325983e-01,8.925764672828649937e-01,-5.650443731786505275e-01,3.059310258010574102e-01,-3.873652939093378822e-01,-1.860266253224860111e-01,-2.944054496836220336e-01,-8.118984762138030387e-02,-5.973945811568592834e-01,2.779259761318396693e-01,-3.927515549604196354e-01,3.457333265615492035e-01,-7.118260228039999249e-02,3.343578617287060184e-01
1.923451000867501884e-02,-6.159018726320697468e-02,7.450438411361292035e-01,7.654244938841064938e-03,1.234374707190490604e-02,6.645603838002621666e-01,7.470933949151805642e-01,-8.983569395746561492e-02,7.493828995877060625e-03,8.962467577522874318e-02,3.658205078525685883e-01,-3.353188817127097376e-01,-2.667379468099947970e-02,-1.128880289549566568e-01,-2.123376621082785631e-02,-7.275575062365464973e-02,3.768624615573320513e-01,-3.506888053207348199e-01,8.474078111598347396e-02,-1.581242071440012997e-01,-2.140185347254294421e-02,4.507285063322950119e-02,-6.426638503448648398e-01,8.913230297032156413e-01,-5.674554712043081706e-01,3.226409684932459165e-01,-3.887119418469794363e-01,-1.838769934464744849e-01,-2.921784586972300257e-01,-8.493298195995535593e-02,-5.968729005221384831e-01,2.807330651690757573e-01,-3.929797863706753769e-01,3.456387357688697204e-01,-7.022790934959058373e-02,3.340919880382993701e-01
1.919195443383863581e-02,-6.187875927759516753e-02,7.450406367527800944e-01,6.964894852067633584e-03,1.289893924312246302e-02,6.639898859561704780e-01,7.475978457392813414e-01,-9.149736489463360101e-02,8.569485012388772249e-03,9.246889510990720373e-02,3.649349739384130098e-01,-3.352466932612102046e-01,-2.686992547140556672e-02,-1.173393832889722405e-01,-2.040834096257652594e-02,-7.057649997786545615e-02,3.800072811592654642e-01,-3.495008352165203114e-01,8.570966236849801578e-02,-1.618926221690728806e-01,-2.145319497403675585e-02,4.383987479354711780e-02,-6.571610800461337165e-01,8.889932668580942110e-01,-5.693127010427386780e-01,3.404403870392536113e-01,-3.873605327516108643e-01,-1.822112055558780808e-01,-2.884184658553455849e-01,-8.896902452372236481e-02,-5.959908738890097313e-01,2.835851899434355672e-01,-3.917982306944657878e-01,3.453926138153615710e-01,-7.000558581362222033e-02,3.324131918496686100e-01
1.915119110224031140e-02,-6.217930749856959149e-02,7.450431992819253058e-01,6.270881348029833102e-03,1.387284441296331161e-02,6.630297633129890178e-01,7.484382093373739275e-01,-9.336360881348687579e-02,8.725568679943344202e-03,9.410262194487892251e-02,3.632587337688180096e-01,-3.347434677718372775e-01,-2.717148404010163304e-02,-1.215931577280170844e-01,-2.008433514068781039e-02,-6.872522557904597873e-02,3.812274322220769451e-01,-3.490188267324428883e-01,8.605086034420302010e-02,-1.640636412064432614e-01,-2.093103587740128071e-02,4.256609428917787485e-02,-6.708282941286498602e-01,8.850404505427781343e-01,-5.703083804745844310e-01,3.585526238213054828e-01,-3.907994242057214462e-01,-1.807177657625457234e-01,-2.857749577052697831e-01,-9.252566379374127514e-02,-5.941486446872543681e-01,2.854281305843104355e-01,-3.911323956060523410e-01,3.463589647996269671e-01,-6.894824824987401402e-02,3.304098115488759424e-01
1.911620417272874919e-02,-6.251676138106301850e-02,7.450576241954768308e-01,5.738339429583568657e-03,1.443135544178397733e-02,6.628087174858591224e-01,7.486276854788732615e-01,-9.494823675013462638e-02,9.289510238578404383e-03,9.603004171249615584e-02,3.621261589975603989e-01,-3.340615663626534948e-01,-2.765697964854372040e-02,-1.248600580836994045e-01,-1.980888157806801747e-02,-6.775536300186711658e-02,3.827181807922893086e-01,-3.480146983242718428e-01,8.684360556973862166e-02,-1.666638289276081986e-01,-2.096859995349407285e-02,4.168387421648067637e-02,-6.858663888591328694e-01,8.809947899112426928e-01,-5.720653633474991340e-01,3.760619477261288313e-01,-3.913652465247642875e-01,-1.785076721976305569e-01,-2.835833666004948794e-01,-9.513925878104906309e-02,-5.940081136940165152e-01,2.871884435909785038e-01,-3.903563051899119896e-01,3.455480017331790110e-01,-6.848076230055033520e-02,3.290651746409826717e-01
1.909513403073996238e-02,-6.286056445437449014e-02,7.450964988145980517e-01,5.047086143582572154e-03,1.497502607454542778e-02,6.625692699749139436e-01,7.488339188367710841e-01,-9.639994937078748272e-02,1.003377720799048488e-02,9.751502159233935152e-02,3.603194913115598252e-01,-3.333829458318788297e-01,-2.785947260166210179e-02,-1.279203804596593941e-01,-1.904600875471364890e-02,-6.641068426817307857e-02,3.833534354499085195e-01,-3.466035951568699480e-01,8.743937174847898897e-02,-1.689765351069510424e-01,-2.094757717667356314e-02,4.076000899309032560e-02,-7.005622388177856763e-01,8.765434859020618807e-01,-5.733151476338431696e-01,3.928104731718811693e-01,-3.936489754721874679e-01,-1.759743185787224218e-01,-2.821181040334254098e-01,-9.750597236682101432e-02,-5.932667525684729437e-01,2.887238306731376158e-01,-3.893602883751281496e-01,3.480571910813619052e-01,-6.696225793727683673e-02,3.285578291199710566e-01
1.910075597815994938e-02,-6.321131047397988978e-02,7.451324753669618106e-01,4.366265166664993688e-03,1.526158395920936169e-02,6.628212402664050984e-01,7.486093929648859335e-01,-9.825138377101960696e-02,1.092099757395411860e-02,9.784239676820549736e-02,3.597608170184164456e-01,-3.330876718355929023e-01,-2.777104188494653597e-02,-1.305850072866948097e-01,-1.802825691752216880e-02,-6.538716734351704418e-02,3.844375015274428820e-01,-3.451247624965720351e-01,8.684709923532431264e-02,-1.711869993723282857e-01,-2.036630364552920874e-02,3.967811369037160113e-02,-7.154329804354385702e-01,8.720511474401630991e-01,-5.766015004164911639e-01,4.087335914070696075e-01,-3.965291273249462178e-01,-1.733705221333507185e-01,-2.825233200828629609e-01,-9.869924123322622311e-02,-5.926327985073733817e-01,2.901332403701080143e-01,-3.885214228785767721e-01,3.510979233318423653e-01,-6.567298184076476864e-02,3.276629599896447309e-01
1.912896194483369727e-02,-6.355304763850938565e-02,7.451870237444959688e-01,3.808021548338744611e-03,1.560640405093319943e-02,6.627321976752725829e-01,7.486841612382286737e-01,-1.000036964975289655e-01,1.164295709387557984e-02,9.827192603150627925e-02,3.594466165488498510e-01,-3.323368167793051553e-01,-2.796729973654717150e-02,-1.331642110458014228e-01,-1.716463694032800691e-02,-6.427957172046280809e-02,3.852559896473676249e-01,-3.435490946457639971e-01,8.596439015616368085e-02,-1.732442927415060729e-01,-1.966769378140165864e-02,3.839032790340692058e-02,-7.294496696561802995e-01,8.674593959471810223e-01,-5.790217302560963786e-01,4.258957246985415890e-01,-3.977764742821853217e-01,-1.705832962497586536e-01,-2.820942240824007019e-01,-1.002492193935442116e-01,-5.912556475613274243e-01,2.911418339055032445e-01,-3.876936265335546583e-01,3.528557753603330238e-01,-6.475349961004622790e-02,3.262355515783751381e-01
1.917792456333874268e-02,-6.386708722995997067e-02,7.452317215301816899e-01,2.976528500274816785e-03,1.594588706374800574e-02,6.627722042027532900e-01,7.486453594994502136e-01,-1.022743330555914293e-01,1.279710155438778391e-02,9.821347935523233597e-02,3.593461267248497237e-01,-3.319263175122771914e-01,-2.858689293419798896e-02,-1.355671480846518950e-01,-1.584215227292177716e-02,-6.357080290634861686e-02,3.851154001944919192e-01,-3.414856078845611154e-01,8.565232442145841174e-02,-1.759652254334410637e-01,-1.845401118247404909e-02,3.717489966306994353e-02,-7.442075846954234741e-01,8.629651981294865770e-01,-5.816176656523708299e-01,4.441975973408166523e-01,-3.954097817253638403e-01,-1.688185188373362566e-01,-2.813140159259454598e-01,-1.027295939679647857e-01,-5.908741620611041023e-01,2.934950801367812723e-01,-3.877986810334568268e-01,3.558541249175293797e-01,-6.390074024959346843e-02,3.264134035602830886e-01
1.922701571980394916e-02,-6.415673950348281529e-02,7.452492844946967399e-01,2.240969919245747437e-03,1.640975291563620889e-02,6.626395468612414907e-01,7.487553198466085913e-01,-1.042731111065130223e-01,1.382990428556766724e-02,9.923978955577901495e-02,3.588748514352320118e-01,-3.315173707877434595e-01,-2.965352464901194196e-02,-1.382968919237136940e-01,-1.489710832703684124e-02,-6.291130026289999677e-02,3.854771442602331621e-01,-3.400412241423313997e-01,8.574804956570217240e-02,-1.785570114301422429e-01,-1.737963408305108828e-02,3.627715402649879517e-02,-7.584480356130789414e-01,8.594202589957425920e-01,-5.841476197929390546e-01,4.624546225413321276e-01,-3.921165870914580243e-01,-1.667174059669322417e-01,-2.806244194583050189e-01,-1.050094733811108572e-01,-5.893582226127781487e-01,2.956574335590754221e-01,-3.879196542077286702e-01,3.586729705018968928e-01,-6.340652735222131187e-02,3.262163321235930780e-01
1.928423526406173455e-02,-6.440933633357592836e-02,7.452664703726715745e-01,1.513789496798022619e-03,1.715905988278506461e-02,6.627146332994366951e-01,7.486738875612607425e-01,-1.068379723179605778e-01,1.416186047503022877e-02,9.934723303432002606e-02,3.584027366231415379e-01,-3.305073733737924346e-01,-3.073634034949210628e-02,-1.414301274721862234e-01,-1.444737762354454322e-02,-6.218914104802596154e-02,3.860833342315290739e-01,-3.392443110761481084e-01,8.522460269234935493e-02,-1.818474489652574244e-01,-1.634683823165016675e-02,3.604166532526748012e-02,-7.727304664593177552e-01,8.556614847134172974e-01,-5.864559929322065157e-01,4.807963411780037388e-01,-3.940328877053800305e-01,-1.637840704070654130e-01,-2.797869863254214273e-01,-1.076274062850102464e-01,-5.890893646635053660e-01,2.983141731810365904e-01,-3.896839417960633600e-01,3.606768883126973413e-01,-6.279114074028085968e-02,3.254519010569292270e-01
1.932381538740436666e-02,-6.464682865795512434e-02,7.452235315167925478e-01,6.767444627484974634e-04,1.773716477137744080e-02,6.627146233467241521e-01,7.486616478792101903e-01,-1.099849101658238876e-01,1.515212642390938169e-02,1.003173226422468811e-01,3.597196951944924836e-01,-3.310945246596245228e-01,-3.036140786841418776e-02,-1.451551172921226596e-01,-1.336371085119302665e-02,-6.048896953277127508e-02,3.880342320706954284e-01,-3.386701096351696361e-01,8.529701964538974335e-02,-1.852593161438171043e-01,-1.633430766302413142e-02,3.585257463861794835e-02,-7.883412632802428988e-01,8.524341053686067537e-01,-5.890829177561954788e-01,4.991705633266927400e-01,-3.921405758926156393e-01,-1.616567526571780766e-01,-2.772711508592058949e-01,-1.093358913333793564e-01,-5.872905513254533805e-01,3.008531574706662659e-01,-3.901444175926144786e-01,3.653556894758001050e-01,-6.179299428575046882e-02,3.240590366618743556e-01
1.936697886651998421e-02,-6.488742925074433843e-02,7.451402228651132775e-01,-2.547718042985574333e-04,1.848235503048293801e-02,6.628852640961138132e-01,7.484927950809413533e-01,-1.140758012180654590e-01,1.601962230476684096e-02,1.010088007526210030e-01,3.619445126938292678e-01,-3.323507710555708150e-01,-3.035800428559085051e-02,-1.493302758651380846e-01,-1.259844694055844982e-02,-5.930832394169609223e-02,3.901729687779817990e-01,-3.384231278639112106e-01,8.590554378711567907e-02,-1.878890320102607203e-01,-1.661994021590523438e-02,3.577721015625056483e-02,-8.041718764253276142e-01,8.497390591550996186e-01,-5.927101451598811854e-01,5.165700472505106999e-01,-3.895651653891447075e-01,-1.587431662857241021e-01,-2.745807847689418768e-01,-1.104525154349176586e-01,-5.872428095838181372e-01,3.029743964573704540e-01,-3.916050896469975284e-01,3.691632799506800455e-01,-6.031970902744588497e-02,3.237190227062576864e-01
1.943505526876560321e-02,-6.511600858195067121e-02,7.450950328003305145e-01,-1.031229814640497247e-03,1.894509876401230530e-02,6.633016639017208504e-01,7.481115708656695951e-01,-1.172142686680486962e-01,1.691270612923147232e-02,1.011229438152387583e-01,3.634626671065385728e-01,-3.332683341691135004e-01,-3.093292383128903866e-02,-1.522697771112588305e-01,-1.180576450741029591e-02,-5.885694148032467876e-02,3.915658595069376191e-01,-3.379896942004514404e-01,8.555076478169167109e-02,-1.903384893921757914e-01,-1.655072439017870461e-02,3.521886590179350990e-02,-8.185440785585783585e-01,8.442831525680346560e-01,-5.944640098257623073e-01,5.356586843463899683e-01,-3.903793552648603948e-01,-1.549364360415325104e-01,-2.711629176404459218e-01,-1.104756655495498230e-01,-5.850561858050411512e-01,3.040586028562758392e-01,-3.915938043311815164e-01,3.761542811529913766e-01,-5.872926745716392644e-02,3.215452001123526582e-01
1.953535763081907378e-02,-6.533709281100255617e-02,7.450855558003557366e-01,-1.793017050809064469e-03,1.932851680602165612e-02,6.637574584279856138e-01,7.476959475008249090e-01,-1.195312425053557809e-01,1.788651862275294352e-02,1.011829440602876190e-01,3.635713887178761983e-01,-3.336334545301408161e-01,-3.214333317585704036e-02,-1.545078382710858567e-01,-1.096976110327096965e-02,-5.891252159728077586e-02,3.919467289393828713e-01,-3.370783718376490490e-01,8.519287046331235069e-02,-1.926656293238187545e-01,-1.604064765127736700e-02,3.491795610692839669e-02,-8.324498171010403791e-01,8.383561931966766467e-01,-5.958615116314327498e-01,5.558204583103070195e-01,-3.920348658357799554e-01,-1.514339685854049211e-01,-2.684595753092399173e-01,-1.106335241012548071e-01,-5.840896457063412539e-01,3.050190441871524216e-01,-3.920286101921588440e-01,3.812994169445393378e-01,-5.718669312971969010e-02,3.192415774003213857e-01
1.967331212416865635e-02,-6.555275328896656428e-02,7.451264922461983131e-01,-2.385641609552183878e-03,1.966492552456758358e-02,6.639779459337675771e-01,7.474897234957810221e-01,-1.208733388975530842e-01,1.865089510209937476e-02,1.012184216045866753e-01,3.625217825296990770e-01,-3.330028003752386612e-01,-3.289577288256527454e-02,-1.560273038602298656e-01,-1.013884988513035108e-02,-5.879022445603392100e-02,3.914328538512176769e-01,-3.359551956776898329e-01,8.462017192842587188e-02,-1.946469950064840249e-01,-1.505739737095255007e-02,3.411388537615107908e-02,-8.443795315467877982e-01,8.327288518067369472e-01,-5.968889107545076733e-01,5.752175039190909889e-01,-3.959791300728703889e-01,-1.492054176894158923e-01,-2.658078825797734468e-01,-1.111938202168074041e-01,-5.828522862931609927e-01,3.060886913150880906e-01,-3.922262561164932548e-01,3.879847941906746644e-01,-5.605632098415480602e-02,3.163923244932384526e-01
1.983943031263965887e-02,-6.577881102799441881e-02,7.452249867937905670e-01,-2.976875937518990746e-03,2.017649420398117191e-02,6.643617593270595423e-01,7.471328530021575931e-01,-1.220447598789431154e-01,1.915807793593668137e-02,1.014483649336055393e-01,3.602803698897416029e-01,-3.310959259221636364e-01,-3.410202867039564822e-02,-1.573985537898301701e-01,-9.573328519094689848e-03,-5.863238376145550601e-02,3.900752301497627528e-01,-3.343931530041246436e-01,8.432152240643209229e-02,-1.975381364586994704e-01,-1.434183752748016509e-02,3.363089520124178805e-02,-8.568287426850600408e-01,8.281135896004775399e-01,-5.982535407054482279e-01,5.952355063191618889e-01,-3.975667497201016976e-01,-1.474512385717099694e-01,-2.627874841197216371e-01,-1.119532968918566934e-01,-5.819665430247430438e-01,3.074891338089437154e-01,-3.926953881567096794e-01,3.940288598663135300e-01,-5.573341817691686295e-02,3.141421928542200148e-01
2.001281203484064214e-02,-6.601453067047713397e-02,7.453838126403423692e-01,-3.618062224562172691e-03,2.085692224129246514e-02,6.645843248320068009e-01,7.469133641915542965e-01,-1.231757024572224801e-01,1.923161099566588969e-02,1.007561159461559663e-01,3.571873612750054994e-01,-3.285066030057804953e-01,-3.412429509857257265e-02,-1.587902798846954622e-01,-8.897046907035832328e-03,-5.767547443183321937e-02,3.877696533018584191e-01,-3.320406119741656781e-01,8.388832592519306075e-02,-2.005239482419040875e-01,-1.325959338088034296e-02,3.295189465159903408e-02,-8.699509966025568142e-01,8.226865452173609539e-01,-5.990417103326033388e-01,6.177987748306800198e-01,-3.954913491691577909e-01,-1.450479350063079986e-01,-2.564799150491879343e-01,-1.138716783399365551e-01,-5.822890953591656205e-01,3.094864976077631447e-01,-3.933362948768171496e-01,3.977546295528678888e-01,-5.436428664017953216e-02,3.106999085572819119e-01
2.017469802606921755e-02,-6.628110190379826738e-02,7.455181700635225006e-01,-4.123141621512472869e-03,2.147171636355892088e-02,6.648460663838406948e-01,7.466603465522363425e-01,-1.243183649400042556e-01,1.930682703181496249e-02,1.006751186212609395e-01,3.547174448775166633e-01,-3.260684904233172032e-01,-3.485277712079994095e-02,-1.601726717584403825e-01,-8.494260200078398299e-03,-5.707174633108130779e-02,3.860722666252605073e-01,-3.299051151529655557e-01,8.394608950509115097e-02,-2.025667847997561777e-01,-1.238035368311253201e-02,3.265084687387637130e-02,-8.836097119890005125e-01,8.160778759327129706e-01,-5.987273609737155944e-01,6.414911761924683153e-01,-3.925651074040872879e-01,-1.418699365805374257e-01,-2.512310558519257886e-01,-1.154017068285529968e-01,-5.813105623394170252e-01,3.116402924159253907e-01,-3.937004451235273650e-01,4.045676316282274532e-01,-5.188822563757949924e-02,3.089555619371779915e-01
2.030487239572319191e-02,-6.658072920118297822e-02,7.455553418449997194e-01,-4.540806103369742115e-03,2.163458160686322976e-02,6.654189456042745032e-01,7.461427161002935904e-01,-1.255881366719052150e-01,2.028191738558719412e-02,1.019305341819289890e-01,3.541441956558395443e-01,-3.251162107729991257e-01,-3.588465278395217006e-02,-1.616601164715261441e-01,-7.867971800157257806e-03,-5.695355886388568656e-02,3.865089972145824282e-01,-3.285725275545153812e-01,8.388114973951142639e-02,-2.060021971744470104e-01,-1.182832704200806676e-02,3.234493474236201094e-02,-8.969269763384088989e-01,8.110610443884441745e-01,-6.011362984674093468e-01,6.640522269325515037e-01,-3.906016849234242305e-01,-1.383851220234618706e-01,-2.498213224442000502e-01,-1.166804740287480657e-01,-5.802081374802151581e-01,3.147317685767621609e-01,-3.933725313050906447e-01,4.139383924454931862e-01,-4.941517846281495707e-02,3.089628221712572009e-01
2.041894661534445626e-02,-6.689363985930890655e-02,7.455665712817621804e-01,-4.979841691362135551e-03,2.212685485930861173e-02,6.657901617549614182e-01,7.457942504344386991e-01,-1.278661592681368253e-01,2.040322213739042059e-02,1.013214531346535302e-01,3.544391142834122932e-01,-3.243342206496354629e-01,-3.745310182657055759e-02,-1.636553017196152038e-01,-7.650929649109159542e-03,-5.672999481590144250e-02,3.867410311990330252e-01,-3.281527600643565079e-01,8.364464308086924649e-02,-2.087999253918969012e-01,-1.166127409579952381e-02,3.352892223887311840e-02,-9.114968442984761055e-01,8.072068634670028775e-01,-6.042393484835304474e-01,6.870553954851007505e-01,-3.877848673177026195e-01,-1.355185539992775912e-01,-2.458768361378742828e-01,-1.188292529887579607e-01,-5.806531789596984794e-01,3.173984447163948897e-01,-3.940455561228964343e-01,4.219257528035075255e-01,-4.715618684425414847e-02,3.077098155122026113e-01
2.051847243796985770e-02,-6.721804687652958854e-02,7.455029045525940479e-01,-5.439391485722431044e-03,2.221806674370710791e-02,6.665289719159783743e-01,7.451281098757891463e-01,-1.306112706209983654e-01,2.106396148183426950e-02,1.003336957203817548e-01,3.566863410342643315e-01,-3.254543903506070257e-01,-3.718269903391941550e-02,-1.655956994546411987e-01,-6.930683003752076757e-03,-5.641465441629026079e-02,3.882983615786131382e-01,-3.278786362181485559e-01,8.365919880920022478e-02,-2.114433535780865236e-01,-1.180238263263548582e-02,3.422918460605643004e-02,-9.242767571290209094e-01,8.029336998120936153e-01,-6.076316616386800984e-01,7.072116879505729869e-01,-3.876354203562631939e-01,-1.327792836420074174e-01,-2.430928197586681716e-01,-1.189544719153996788e-01,-5.795772796665314974e-01,3.189614955667207097e-01,-3.942631010674171321e-01,4.310679521975032125e-01,-4.684258390915971293e-02,3.038555928770839687e-01
2.060976036340033193e-02,-6.750688399915386051e-02,7.454805605034486859e-01,-5.825135554183361909e-03,2.261648565659015592e-02,6.668000374699663002e-01,7.448706413884037536e-01,-1.321407201440542301e-01,2.148358591780840168e-02,1.010764277646859916e-01,3.562533630848914723e-01,-3.251565995412490917e-01,-3.840322094100959843e-02,-1.677201830527061399e-01,-6.853703867278723716e-03,-5.658888313169489065e-02,3.892403485501955140e-01,-3.275377370642579833e-01,8.460931456076470347e-02,-2.138835115466632686e-01,-1.165288557903337505e-02,3.438412372337702749e-02,-9.351282088417565141e-01,7.987779019029348504e-01,-6.083404911363626821e-01,7.274611792746040750e-01,-3.866082669581952236e-01,-1.309267721467444467e-01,-2.388637927604846112e-01,-1.202774422377555913e-01,-5.790737328442617793e-01,3.199385325821901271e-01,-3.946341803360760569e-01,4.365280473591844346e-01,-4.617812149369768249e-02,3.014567425088914843e-01
2.069676394523052576e-02,-6.774488564536541857e-02,7.455328379538127548e-01,-6.454246673477338422e-03,2.332973434287569092e-02,6.664829748025605793e-01,7.451271773957102162e-01,-1.324480075293338055e-01,2.220314903809630230e-02,1.037358534206471172e-01,3.523401863639692433e-01,-3.236935111175185398e-01,-3.939568162835928311e-02,-1.701370718330163512e-01,-6.336482574273485588e-03,-5.561970668489877451e-02,3.886294305447398068e-01,-3.263298573825994531e-01,8.568142342699755498e-02,-2.172590498822739580e-01,-1.174235724061198187e-02,3.453564766898709754e-02,-9.464934628296648444e-01,7.956183326376830012e-01,-6.077743664986059446e-01,7.495430884396243609e-01,-3.845942798300574506e-01,-1.297981698065023282e-01,-2.331492497224654237e-01,-1.230360085113441360e-01,-5.790220755412214260e-01,3.221515053236030379e-01,-3.952696924567327130e-01,4.422163832705036657e-01,-4.577634065234446881e-02,2.996507663079454042e-01
2.079919769963468196e-02,-6.796125540148038879e-02,7.456639613192036498e-01,-7.215150968941703817e-03,2.424299719478058973e-02,6.665783507119920070e-01,7.450057188005940745e-01,-1.338608344717216736e-01,2.201171010541094764e-02,1.031514546459146309e-01,3.488037920342750842e-01,-3.211582410986590919e-01,-3.863082880574914002e-02,-1.729838247664855777e-01,-6.052522106252239062e-03,-5.492830393748932699e-02,3.880640542885951394e-01,-3.243174646733420485e-01,8.512780719541868102e-02,-2.199958061493890171e-01,-1.027254153740172343e-02,3.402748119323195652e-02,-9.562427866554870093e-01,7.933050408437027912e-01,-6.101696030726079245e-01,7.686167542062664060e-01,-3.809394466201904694e-01,-1.282796787575737618e-01,-2.311109057700661551e-01,-1.247171727448281309e-01,-5.804609233821185210e-01,3.236658182526930272e-01,-3.968430234870492512e-01,4.466325604312149089e-01,-4.419976387390141953e-02,3.002467017529116267e-01
2.090564365252492104e-02,-6.816320924291015271e-02,7.457680423901904554e-01,-8.165930580890566615e-03,2.523997812517861025e-02,6.668389997605219666e-01,7.447294874519035934e-01,-1.355171804309957817e-01,2.246234864544768492e-02,1.043950376209042130e-01,3.449929932833699642e-01,-3.186410475372498663e-01,-4.112444705504682274e-02,-1.749868733867231685e-01,-5.952320387860003323e-03,-5.587140634547900497e-02,3.853195360776115463e-01,-3.223883213767510525e-01,8.634659787812065668e-02,-2.236442341990754756e-01,-8.302112537441622836e-03,3.384670747694552145e-02,-9.668291896187645174e-01,7.918654517560934636e-01,-6.118257495081790287e-01,7.889394980023778370e-01,-3.769181205559122838e-01,-1.275313067502799602e-01,-2.293976077224736676e-01,-1.268521859621668524e-01,-5.796692290428325789e-01,3.254697365762965755e-01,-3.984954115782963768e-01,4.524665041906766327e-01,-4.429768797007622994e-02,3.002619317272106070e-01
2.102088096566403011e-02,-6.839404810192434292e-02,7.458133886486331132e-01,-8.781415888274180653e-03,2.565512657216435094e-02,6.675029604906898006e-01,7.441132299265538208e-01,-1.373885079308974910e-01,2.296197024206727763e-02,1.040971986791021653e-01,3.441126744538561821e-01,-3.174554103823157281e-01,-4.234657823388889714e-02,-1.768819705334560011e-01,-5.596925649032516090e-03,-5.626054373244648160e-02,3.853820878914202552e-01,-3.210071230812301946e-01,8.655607744252376279e-02,-2.274177883608909934e-01,-7.217857028400248565e-03,3.441404038478741018e-02,-9.781913011101898148e-01,7.903880148897348690e-01,-6.149838180814162225e-01,8.096175536712767462e-01,-3.753598068695725432e-01,-1.253778405246562810e-01,-2.274260612128681802e-01,-1.282057143440436531e-01,-5.790143200141497637e-01,3.277444354093202450e-01,-3.988348610896677027e-01,4.596457407991247357e-01,-4.358320754103126721e-02,2.977944465182948974e-01
2.114954648399322221e-02,-6.860660985973300596e-02,7.458402832350536915e-01,-9.273563706848113319e-03,2.589565070269158817e-02,6.682575586540755452e-01,7.434213149974612245e-01,-1.390498136578987021e-01,2.352073175936541735e-02,1.038117947591021967e-01,3.438280901351669083e-01,-3.167228506127667265e-01,-4.261779438110162993e-02,-1.782387748191656129e-01,-5.344168745523304384e-03,-5.722514621030665161e-02,3.855667033186312431e-01,-3.199690450100666772e-01,8.691605099002043533e-02,-2.300408932197717249e-01,-6.125227578683960575e-03,3.489578788878563292e-02,-9.902495647535591861e-01,7.883508190850108122e-01,-6.186176850000322247e-01,8.300836150654822276e-01,-3.708842344983379613e-01,-1.231193845348357296e-01,-2.247602831253552591e-01,-1.290897685957214103e-01,-5.794844398494393145e-01,3.295712928543509390e-01,-3.994629513124309250e-01,4.645251953015447910e-01,-4.327837381595503463e-02,2.945585985995338718e-01
2.128672772586257672e-02,-6.877259534520140105e-02,7.458858188001861178e-01,-9.676949750309471465e-03,2.622821503643880947e-02,6.687523889675159872e-01,7.429594064481404025e-01,-1.407051912798698845e-01,2.387930875960456861e-02,1.037245224355993478e-01,3.438962617066080862e-01,-3.156475199125567954e-01,-4.313698586418983349e-02,-1.799693367614466355e-01,-5.074473832244030119e-03,-5.723575637083015699e-02,3.863516915805208507e-01,-3.188533929552907487e-01,8.700292896921811570e-02,-2.325965968481131796e-01,-5.194447060922110712e-03,3.476090608188472236e-02,-1.002645378655479647e+00,7.869577678323420589e-01,-6.231832330925048957e-01,8.515652699974237683e-01,-3.632989418132555604e-01,-1.213337253156918233e-01,-2.211781112151131601e-01,-1.307771688195812909e-01,-5.797854396531652021e-01,3.325684631816032688e-01,-3.994565333415863728e-01,4.700154196275730945e-01,-4.316071790525004281e-02,2.906940604189268695e-01
2.143414719073917160e-02,-6.889361172331454064e-02,7.459122915089979600e-01,-1.023061611853423591e-02,2.689596822528119574e-02,6.687957079858444231e-01,7.428891184872570275e-01,-1.427043767059773260e-01,2.427010665346302984e-02,1.045840015931794320e-01,3.437256258106312634e-01,-3.149886935971062951e-01,-4.327110704313429090e-02,-1.827089633978058736e-01,-4.823411670283082181e-03,-5.669269521389706801e-02,3.873734337348921919e-01,-3.178623236803013175e-01,8.759835980658145504e-02,-2.352911497568319077e-01,-4.485378473332721910e-03,3.502814424098107948e-02,-1.014441342147190506e+00,7.865143586024339051e-01,-6.268352460225745659e-01,8.723779678760689160e-01,-3.590219479227015897e-01,-1.195224934383151416e-01,-2.174360402178903418e-01,-1.331341624397150980e-01,-5.799467028536681168e-01,3.363624967763948481e-01,-4.001679135374718310e-01,4.752056549512079231e-01,-4.247997618713640622e-02,2.883297191055404496e-01
2.161608181359764638e-02,-6.893896179311968797e-02,7.459745021910207941e-01,-1.081284213665685903e-02,2.787574733339776012e-02,6.689821181926030036e-01,7.426768817554987301e-01,-1.445086194924845857e-01,2.399130664858297596e-02,1.047899752167720244e-01,3.420254440596661727e-01,-3.132373232813156494e-01,-4.358419482566583403e-02,-1.854756674240586878e-01,-5.261495277379485414e-03,-5.716528995998014506e-02,3.878353025370698259e-01,-3.172338062767092737e-01,8.831480748559526750e-02,-2.375259664076156685e-01,-3.882784208630419599e-03,3.457619500036094445e-02,-1.025498092019836216e+00,7.859783666048424378e-01,-6.305109190492163007e-01,8.909468963099489436e-01,-3.557196450818848610e-01,-1.193474887647920368e-01,-2.144525098586148315e-01,-1.351866389865257756e-01,-5.809338780982509221e-01,3.400199138850494851e-01,-4.016095461195330341e-01,4.813891514871795341e-01,-4.230260543604514450e-02,2.860699491266502914e-01
2.179811971740884882e-02,-6.892618025768944279e-02,7.460360824026022186e-01,-1.129563439086813878e-02,2.875313383384613813e-02,6.692203654043907823e-01,7.424215571132447566e-01,-1.463945816737639016e-01,2.380554439278768572e-02,1.053047356771102117e-01,3.412358509898983927e-01,-3.116589012327152242e-01,-4.415855751136728291e-02,-1.880791166675907511e-01,-5.804515443699739818e-03,-5.780296042526122252e-02,3.887695166611239705e-01,-3.164437664937392314e-01,8.854529040667469264e-02,-2.398718037554777305e-01,-3.137262328861178777e-03,3.402500939412532455e-02,-1.035705761751381626e+00,7.853963828162332517e-01,-6.347261384747237001e-01,9.089999313428887007e-01,-3.506758433879730297e-01,-1.192476308140063002e-01,-2.126338092607552022e-01,-1.372643546577496376e-01,-5.828456150511804879e-01,3.438886044078803828e-01,-4.028949560424534559e-01,4.853565083627701116e-01,-4.238476425239811468e-02,2.853701157989954051e-01
2.198150447554990394e-02,-6.886404871511839221e-02,7.460802273162812082e-01,-1.196621983808689865e-02,2.986323105744921602e-02,6.694351375676188542e-01,7.421735602966599288e-01,-1.489844310603726241e-01,2.346133123035971241e-02,1.054383394826361037e-01,3.407613810878707961e-01,-3.106209769659458164e-01,-4.406049118983131757e-02,-1.911608402590315725e-01,-6.260969249283447960e-03,-5.801530628263151801e-02,3.894903050539926803e-01,-3.160852593589322801e-01,8.857902429010121315e-02,-2.412595955617709009e-01,-2.742290897026208180e-03,3.330589247545973075e-02,-1.045752919155928939e+00,7.843740043647428051e-01,-6.387494515444146481e-01,9.250922948182170868e-01,-3.476429770308628875e-01,-1.192460441886660782e-01,-2.103931486250545935e-01,-1.382160546000055779e-01,-5.844948622688457274e-01,3.475592547885855144e-01,-4.044144940701912549e-01,4.896174747140543682e-01,-4.202217615823091584e-02,2.837173252016064740e-01
2.213452541891110237e-02,-6.878459478551533779e-02,7.461042726226230215e-01,-1.259938714578784889e-02,3.090553552490087411e-02,6.696604974942214072e-01,7.419170583112794093e-01,-1.519607803829857717e-01,2.316616003671069859e-02,1.054258981457604633e-01,3.414518603268380526e-01,-3.099486166198972548e-01,-4.436085843279505281e-02,-1.942709821608571696e-01,-6.693690416274909044e-03,-5.806436205321793831e-02,3.906772502288357041e-01,-3.160160367203220799e-01,8.817360531400762758e-02,-2.420924065297984373e-01,-2.298818332448408427e-03,3.285070045343676387e-02,-1.055106904565600079e+00,7.831089276351065331e-01,-6.439009119813698945e-01,9.391274065700599971e-01,-3.438447012330574926e-01,-1.188284584425105955e-01,-2.080236518007719249e-01,-1.389982174580324525e-01,-5.870761643099258187e-01,3.509832038382201813e-01,-4.062140012096897013e-01,4.913234102368597145e-01,-4.134157091206488305e-02,2.819458919571558586e-01
2.223749488539789737e-02,-6.871766738080092862e-02,7.460981297715443272e-01,-1.347894835644431258e-02,3.159295611763628803e-02,6.700674172348259905e-01,7.415051310916221938e-01,-1.556608700497647546e-01,2.384345150920224102e-02,1.053276595178644082e-01,3.439695980995171598e-01,-3.109177223862025774e-01,-4.435668067097836564e-02,-1.969152978252697306e-01,-6.148685326395477574e-03,-5.782260933268265624e-02,3.913485278420168467e-01,-3.154674954557017408e-01,8.731788678166324535e-02,-2.434508581146452577e-01,-1.213892911995164553e-03,3.255841728222180764e-02,-1.064024301514963078e+00,7.814734393242296351e-01,-6.512825640006372208e-01,9.532196755871327198e-01,-3.395216672781239953e-01,-1.177978808336908462e-01,-2.080295592768907076e-01,-1.389572931702601488e-01,-5.887706101808692916e-01,3.538620527652008296e-01,-4.069844422242089310e-01,4.939772129380651244e-01,-3.936383283427084823e-02,2.819707167606788634e-01
2.230181365554527104e-02,-6.868761213190655024e-02,7.461008974468392729e-01,-1.446259719474665695e-02,3.233364789147508134e-02,6.700602791878264020e-01,7.414611188397848274e-01,-1.596097118259483250e-01,2.499564644098784330e-02,1.063664331058746804e-01,3.468109087319612982e-01,-3.116964867966331432e-01,-4.529214468030596380e-02,-1.989693021481000190e-01,-5.402973426892814651e-03,-5.759978621668530863e-02,3.898899281747152390e-01,-3.142003986153290018e-01,8.803360758811137887e-02,-2.437058792371339377e-01,-3.034661128914033223e-04,3.264572606570530916e-02,-1.074248929682247278e+00,7.787919709773084564e-01,-6.592148289626896807e-01,9.697294407267063043e-01,-3.346198755937828118e-01,-1.161954158351770489e-01,-2.063988280924999585e-01,-1.402503068131614461e-01,-5.897434086959800759e-01,3.575431746311876213e-01,-4.071616428665399967e-01,4.947814142053200692e-01,-3.792199699928854723e-02,2.804293669251276544e-01
2.233328734581666725e-02,-6.872881792782493948e-02,7.460515819917041824e-01,-1.574868889455756371e-02,3.297886941399976596e-02,6.701091955355789054e-01,7.413622859499509055e-01,-1.646071623898946457e-01,2.670816838955368880e-02,1.067842590489284926e-01,3.509302769028910252e-01,-3.138516535302167676e-01,-4.595152780738086945e-02,-2.014036782997612463e-01,-4.211817911651118823e-03,-5.804286437544120547e-02,3.883507252442291446e-01,-3.123912979998970108e-01,8.925478882148712989e-02,-2.436132734800937061e-01,8.906768166384547436e-04,3.224489022316398557e-02,-1.084964543122267200e+00,7.748661836437829020e-01,-6.684280602757197709e-01,9.868906607992816715e-01,-3.315759030078803682e-01,-1.147562530073359677e-01,-2.045516569224454795e-01,-1.448748820303180918e-01,-5.939407606591784461e-01,3.637839833152188285e-01,-4.061906144601520885e-01,4.897531493110803269e-01,-3.586053105021497212e-02,2.797074776704902010e-01
2.235196305622077703e-02,-6.886467175528307449e-02,7.459404360258486966e-01,-1.721651450065413494e-02,3.353165062302559951e-02,6.698336308519670101e-01,7.415538598204554077e-01,-1.705552370950669805e-01,2.867884492047278674e-02,1.058846426058276391e-01,3.569261858064599613e-01,-3.180947906371215383e-01,-4.546567038766578805e-02,-2.044661858007262301e-01,-1.845470793086686698e-03,-5.612291524824583600e-02,3.871400424571951326e-01,-3.109683110439198650e-01,8.935260248106016712e-02,-2.409398695770982590e-01,1.220004931013355179e-03,3.188561218257090352e-02,-1.094309363601882357e+00,7.691921858642883914e-01,-6.751871903235545647e-01,1.000877560620838214e+00,-3.407476726592934546e-01,-1.137977995160773109e-01,-2.015260350883260887e-01,-1.502840749010899701e-01,-5.972409942792532567e-01,3.713741366066444227e-01,-4.024562420269264251e-01,4.915849255374031834e-01,-3.291908146623043901e-02,2.765581375542678910e-01
2.236607587892757917e-02,-6.906203766241528208e-02,7.458109016514379297e-01,-1.802686626724199839e-02,3.265339820368607510e-02,6.694263600930409064e-01,7.419414640596100341e-01,-1.735984014818740540e-01,3.218736236451173738e-02,1.063385908975982563e-01,3.640914043229809272e-01,-3.237883780511057186e-01,-4.284980983381998093e-02,-2.045138660942281972e-01,1.775038629945348972e-03,-5.379562047638231093e-02,3.861717937320719995e-01,-3.088613081116148296e-01,9.019627141725446162e-02,-2.375122891331953312e-01,5.873352566233176753e-04,3.169179673777359346e-02,-1.102179054071984021e+00,7.607678874292330695e-01,-6.790208340576059376e-01,1.014357775667467099e+00,-3.401722000422887082e-01,-1.115826894522644885e-01,-1.943586619847620933e-01,-1.598199129393210738e-01,-6.009074782076552212e-01,3.800495548440590565e-01,-3.924442014344394769e-01,4.881794878372684998e-01,-3.070113353529782541e-02,2.699966527201080879e-01
2.237901317366550527e-02,-6.922484015086435849e-02,7.458361700115359039e-01,-1.778623029752154222e-02,3.112638444847314403e-02,6.686608398041083978e-01,7.427028204574389614e-01,-1.744208629294294877e-01,3.506039714324818424e-02,1.064631159103312102e-01,3.724223102260688645e-01,-3.271243003960215834e-01,-4.025982949200657135e-02,-2.018666094165568192e-01,4.167231777817328314e-03,-5.406957267817818352e-02,3.852945259247140819e-01,-3.063327051140162793e-01,8.690970962783593767e-02,-2.327772587090522205e-01,1.823734400831224581e-03,3.227767185202028849e-02,-1.106177414093707290e+00,7.496015565422304849e-01,-6.799355816030211441e-01,1.027228251164546080e+00,-3.401205553548499738e-01,-1.106612963706259528e-01,-1.892597961753663960e-01,-1.730607441782084088e-01,-6.054616057624478964e-01,3.914355601477927382e-01,-3.787236662952661592e-01,4.790642035359102824e-01,-2.729513201132831648e-02,2.682159640701242131e-01
2.237845101481466745e-02,-6.929758155446229251e-02,7.457470924466877982e-01,-1.771749820534805619e-02,3.026960998522520985e-02,6.672261830374336400e-01,7.440289387100369467e-01,-1.754473970105857317e-01,3.719487664732204490e-02,1.062943620219730934e-01,3.793649888023037375e-01,-3.306429983843464093e-01,-4.050107510018587792e-02,-2.004802388770088872e-01,6.499490781288910432e-03,-5.266891159878597101e-02,3.844208727210731702e-01,-3.063371345638911114e-01,8.374654936850549347e-02,-2.289561443475003066e-01,3.233861327821463752e-03,3.392894295376327335e-02,-1.107152987376527786e+00,7.402152289260918172e-01,-6.736217805225295230e-01,1.035654000774618888e+00,-3.439547505518302239e-01,-1.142351275380544956e-01,-1.806231716829370948e-01,-1.885506294915906544e-01,-6.034411259314382825e-01,4.065320938634853776e-01,-3.607908963122638535e-01,4.864465747774667226e-01,-2.804338985765044909e-02,2.654054720319562466e-01
2.231278108249016082e-02,-6.923657815925500503e-02,7.456873737565463678e-01,-1.781835998597321516e-02,3.015504437956879197e-02,6.658358448535253160e-01,7.452756584338907642e-01,-1.764298003976592089e-01,3.835200437305745502e-02,1.069172160453012721e-01,3.832479475767390786e-01,-3.324689235442349622e-01,-4.268916682952782204e-02,-1.995881983899231993e-01,7.679215685220286414e-03,-5.145988304156084991e-02,3.819880080824117341e-01,-3.066895479278231029e-01,8.300820881993056788e-02,-2.258734492360255641e-01,4.873285107709273561e-03,3.424596863566799904e-02,-1.104955679178705408e+00,7.332056871878174231e-01,-6.682956000483213366e-01,1.040390121720211392e+00,-3.514224990109580116e-01,-1.174032305116387287e-01,-1.723221702787358089e-01,-2.010698483517117385e-01,-5.996093604637623420e-01,4.195621422987508842e-01,-3.419243415486323268e-01,4.937422108272055965e-01,-2.864257073990980271e-02,2.613648546447909782e-01
2.216481620379028364e-02,-6.901875483244539200e-02,7.456205182512118945e-01,-1.871067120478479492e-02,3.000565280074173058e-02,6.650304867042516888e-01,7.459785676123505960e-01,-1.781509045000734814e-01,4.056603739787909696e-02,1.078333808264996529e-01,3.864471735976182654e-01,-3.359612563724598266e-01,-4.248071765738424543e-02,-1.989417866678419577e-01,1.016919242560963832e-02,-4.904377549485530036e-02,3.782042335366931907e-01,-3.050523483782239254e-01,8.524851207913757001e-02,-2.249114517307568284e-01,4.115401448348748187e-03,3.451247421485823669e-02,-1.103657309678102605e+00,7.305953246458526396e-01,-6.677662025857625805e-01,1.036937133461584670e+00,-3.495193137140294448e-01,-1.221511139440780019e-01,-1.666135688369587142e-01,-2.066156448452028949e-01,-5.955747869149407014e-01,4.279508002353926699e-01,-3.282453140697333405e-01,4.999689844667095651e-01,-3.085545816114335094e-02,2.582359871108550475e-01
2.196955595959891594e-02,-6.867688178726109871e-02,7.455402091275934451e-01,-1.917757830159658866e-02,2.955331543386456594e-02,6.646735622580942637e-01,7.463028056174570990e-01,-1.798366502900120290e-01,4.269712230195879532e-02,1.096603115561876202e-01,3.919092165287952900e-01,-3.388941528910541789e-01,-3.993514417027525104e-02,-1.981181128778075617e-01,1.153717621414627505e-02,-4.853260590130438479e-02,3.772937469694394585e-01,-3.045813376128066463e-01,8.633417941700907705e-02,-2.255279843650382643e-01,2.896445120711103535e-03,3.553274640162786685e-02,-1.101302958980207913e+00,7.300096377512095280e-01,-6.684503689204108756e-01,1.028507964309725908e+00,-3.444590949388811052e-01,-1.228933901568540626e-01,-1.673273750965522111e-01,-2.080982838763548171e-01,-5.934376242057788353e-01,4.327774673711130005e-01,-3.244329696560726006e-01,4.985088366272191207e-01,-2.918974820438748757e-02,2.620554240505979515e-01
2.171858674652573512e-02,-6.821161808362419254e-02,7.455435473688319936e-01,-1.979360016751277249e-02,2.957933674490030584e-02,6.634083148038193434e-01,7.474106529072868099e-01,-1.814258744767224540e-01,4.489573710137917395e-02,1.137031203783435279e-01,3.966286088953290823e-01,-3.419864785776381977e-01,-3.734448999568906746e-02,-1.972886003385699027e-01,1.285496809471673059e-02,-4.695343791334124356e-02,3.737760750995338110e-01,-3.022860837353991137e-01,8.970932122930157238e-02,-2.262902109446362775e-01,1.895437110482081633e-03,3.583334998225336937e-02,-1.100034198731629331e+00,7.302004376316073575e-01,-6.691841746761019172e-01,1.021033351054368987e+00,-3.440675842239471205e-01,-1.198460483040296037e-01,-1.729641044236107095e-01,-2.063222255541873607e-01,-5.889166308606764710e-01,4.342615577479660427e-01,-3.263183995177302843e-01,4.952386679882467280e-01,-2.394684779211946404e-02,2.689471133734476771e-01
2.151260119481978109e-02,-6.766663883362322718e-02,7.455105215293792442e-01,-2.036620337673453185e-02,2.985483249767469788e-02,6.627873000455140051e-01,7.479350918595348841e-01,-1.829086468998055437e-01,4.633375445845773488e-02,1.171500519077184332e-01,3.998689398661180450e-01,-3.438989162127570332e-01,-3.527719744587433370e-02,-1.977010204085960787e-01,1.335228147752300087e-02,-4.610407599510902427e-02,3.728666202367770244e-01,-3.014517888890536623e-01,9.158177037137740784e-02,-2.280101659072746034e-01,1.834471045807939751e-03,3.434771632550433218e-02,-1.100627809901799647e+00,7.309609646529973137e-01,-6.729846169261090028e-01,1.013331900733863700e+00,-3.404650968473253436e-01,-1.173830068434921076e-01,-1.807344068214737365e-01,-2.047812453885758388e-01,-5.859599721897152946e-01,4.360472557398020754e-01,-3.322658075849014847e-01,4.930225798096477541e-01,-1.912563033483152819e-02,2.773303171854207827e-01
2.139537282962519424e-02,-6.713561933465231335e-02,7.455129455177867959e-01,-2.050970671909716284e-02,3.057968706112073817e-02,6.620554572576546892e-01,7.485498020739151936e-01,-1.848067957776549364e-01,4.595444274185010725e-02,1.183630487072445947e-01,4.034375293992712441e-01,-3.441506132749457825e-01,-3.485515469468577349e-02,-1.995111670964326012e-01,1.217941153510714893e-02,-4.651512092894264511e-02,3.747558990407269808e-01,-3.020950174572157865e-01,9.246654224392443500e-02,-2.295026632496859065e-01,1.270991734431630923e-03,3.271707140278441728e-02,-1.101366466417628365e+00,7.331008791504421973e-01,-6.777669045398356795e-01,1.006362561013823154e+00,-3.373012943987520051e-01,-1.141093325389491708e-01,-1.886496920318626869e-01,-2.023117111126672696e-01,-5.817118045384229719e-01,4.356539372703845392e-01,-3.410839395440624644e-01,4.892427026968682036e-01,-1.590758770199645136e-02,2.829959828491379059e-01
2.136910054910408710e-02,-6.662420522181773663e-02,7.455284874171729248e-01,-2.058799232956578379e-02,3.198293401858513796e-02,6.603457608790210820e-01,7.499978017251162088e-01,-1.872299379864665880e-01,4.556844588785658595e-02,1.222613823746191847e-01,4.069072729431660873e-01,-3.431033002969604562e-01,-3.748266682555916746e-02,-2.020912874378437141e-01,1.048216374585378939e-02,-4.628984148378112451e-02,3.754469122344974430e-01,-3.023654997673708156e-01,9.456035160173448251e-02,-2.303858714148908915e-01,1.280464796465955943e-03,3.120436389361016388e-02,-1.102813660691677633e+00,7.376158889461394974e-01,-6.801552694321586490e-01,1.004990620270608925e+00,-3.373505482241006548e-01,-1.135412550454955594e-01,-1.936593091598319549e-01,-2.057555361581250575e-01,-5.793281347703032047e-01,4.393326209517407488e-01,-3.539515382061587667e-01,4.911665955133279193e-01,-1.352300154394171436e-02,2.920205705324748213e-01
2.145511428667463624e-02,-6.617026992637516092e-02,7.455941194778050729e-01,-2.072215662325023119e-02,3.311936970592955359e-02,6.593411788516555516e-01,7.508281490765196242e-01,-1.891213513861123852e-01,4.483329122003387734e-02,1.232085764073803658e-01,4.089490091898942969e-01,-3.422760427385865833e-01,-3.644334023371774423e-02,-2.038248463413531997e-01,9.361635199625338924e-03,-4.595671849524441549e-02,3.754759296352345732e-01,-3.026323624528042266e-01,9.463725584611853980e-02,-2.313471701544045911e-01,3.011705129389013330e-04,2.884475911482133753e-02,-1.102378189986857215e+00,7.409659497655504135e-01,-6.827820447894726863e-01,9.998763817040591251e-01,-3.417694938439376773e-01,-1.127412661114866044e-01,-1.931528587118343243e-01,-2.077946639382930449e-01,-5.791671091765242529e-01,4.409769720917053881e-01,-3.682034754753501504e-01,4.958745170095890664e-01,-1.264893645310604352e-02,2.916926698884776403e-01
2.158397265867692538e-02,-6.573979049167281985e-02,7.456225387628352408e-01,-2.098535645390477850e-02,3.401722055529005084e-02,6.585204257383496795e-01,7.515006935496316709e-01,-1.897121936460847147e-01,4.490773041516622072e-02,1.255730537281914971e-01,4.086265634728847296e-01,-3.413589596979612617e-01,-3.601305841485220871e-02,-2.058914379776861370e-01,9.171320866333518979e-03,-4.448548761746371621e-02,3.764775355173028970e-01,-3.027521801508973320e-01,9.416634031258799831e-02,-2.341471000536748115e-01,-6.742998538068999126e-04,2.658940204259402709e-02,-1.101601339031957894e+00,7.458703051938444517e-01,-6.854269378626726139e-01,9.951313157271584053e-01,-3.412810547769282721e-01,-1.133585621759304052e-01,-1.931017246036458579e-01,-2.086387150189018824e-01,-5.798962501811794068e-01,4.427607734468268497e-01,-3.815290821427685941e-01,5.034882062390989566e-01,-1.402131151046687348e-02,2.912477389423964724e-01
2.171648389286422870e-02,-6.537973769310757854e-02,7.457125292959274621e-01,-2.056003436992849542e-02,3.511608327629846954e-02,6.568621091289548186e-01,7.529118907765369739e-01,-1.893433366820426456e-01,4.409834921902386351e-02,1.295529077070379231e-01,4.082013976505603492e-01,-3.383061342248634418e-01,-3.680802628732296466e-02,-2.075182159474591448e-01,7.893393041114313627e-03,-4.231297985873733181e-02,3.772518923666529078e-01,-3.033171855839142950e-01,9.378072111280048861e-02,-2.356314284725180841e-01,-2.025578343111420453e-03,2.490283427230711305e-02,-1.099290295208209534e+00,7.511628456549230837e-01,-6.848939539569530721e-01,9.926549693527044749e-01,-3.441016597841056179e-01,-1.156090952577787101e-01,-1.923545934801968726e-01,-2.092304624622795262e-01,-5.784483171109444655e-01,4.439893121189253389e-01,-3.914781874296522357e-01,5.095134461999654141e-01,-1.732399161255884085e-02,2.902740682303274200e-01
2.183800741711245871e-02,-6.509378913111059373e-02,7.457565610330094685e-01,-2.018937811182418621e-02,3.562216690262950958e-02,6.562594158998037441e-01,7.534235391063029974e-01,-1.878389037397756589e-01,4.356194509493981071e-02,1.323585630627313048e-01,4.062178760515938736e-01,-3.368215840042880216e-01,-3.609267025906381238e-02,-2.073015596925085469e-01,6.973779078095898934e-03,-4.131881662322880316e-02,3.767841625552301732e-01,-3.040704872620293431e-01,9.500981720455381474e-02,-2.376573619008340577e-01,-4.016695004541225716e-03,2.459840813070681906e-02,-1.097867817862331119e+00,7.545739718660938733e-01,-6.828481637597239029e-01,9.894227066712986129e-01,-3.469133326689800012e-01,-1.170099773319957098e-01,-1.900133512634119282e-01,-2.086324250054492346e-01,-5.776821618869589781e-01,4.429826779300535256e-01,-3.974365090138948786e-01,5.104728018683056812e-01,-1.951841218781816961e-02,2.871183359550682490e-01
2.191715456113436586e-02,-6.485013913383833040e-02,7.458006096574099075e-01,-1.989647537486565962e-02,3.598514464494766835e-02,6.554397636702633534e-01,7.541272544023377433e-01,-1.863580081435055325e-01,4.347275783608944844e-02,1.353608071160790072e-01,4.046621027972482354e-01,-3.357116020344649288e-01,-3.648894908732293330e-02,-2.068217749064318878e-01,6.423750611756645981e-03,-4.040089978149524752e-02,3.756941243880531633e-01,-3.040837547705844690e-01,9.611049062417972855e-02,-2.390492457838554741e-01,-5.583551631125440937e-03,2.416752685069406201e-02,-1.096752362699307648e+00,7.576813648900400100e-01,-6.815600711883599283e-01,9.877878224228823223e-01,-3.483847457904523659e-01,-1.171089206215380624e-01,-1.895246390183675245e-01,-2.083329262929443093e-01,-5.760605118248266487e-01,4.428637981820625069e-01,-4.008083191515886545e-01,5.115219946412106200e-01,-2.118782007426638775e-02,2.842290296251962500e-01
2.197482951096760284e-02,-6.464238885798510859e-02,7.458357769639071266e-01,-1.975274575608181732e-02,3.593003073571245792e-02,6.544453648232569920e-01,7.549967724353394694e-01,-1.849634513010248171e-01,4.404979873613446700e-02,1.370780132141909413e-01,4.042701960043898479e-01,-3.357944522479642258e-01,-3.489605145143313825e-02,-2.057207176101416013e-01,7.093235103540656769e-03,-3.863202182767404291e-02,3.739081544441926752e-01,-3.032250485524524142e-01,9.666528776109299670e-02,-2.396327531908488129e-01,-6.664098815885077624e-03,2.273846502019351637e-02,-1.094651014458194016e+00,7.589570411422656981e-01,-6.787208854677561076e-01,9.871111355777132390e-01,-3.517417569638815467e-01,-1.167878466090972178e-01,-1.871173183080259983e-01,-2.092778298694469019e-01,-5.765839330113184946e-01,4.431109835166949229e-01,-4.022749677291622139e-01,5.093692808429409746e-01,-2.274774467933276742e-02,2.801572636443606656e-01
2.203637328811946031e-02,-6.445998507600893268e-02,7.459248329183183479e-01,-1.942588149792435701e-02,3.591427260339263849e-02,6.533424177765034813e-01,7.559606373914915523e-01,-1.829317223216085919e-01,4.429204188348737775e-02,1.390491562686962668e-01,4.029283738168165652e-01,-3.345988181083984769e-01,-3.450609387052171878e-02,-2.041158306094765229e-01,7.281349308149840174e-03,-3.733875154682729514e-02,3.713876043847457176e-01,-3.020898605807101345e-01,9.751364351401678454e-02,-2.394344476980140024e-01,-7.199424272475970013e-03,2.112035047554930434e-02,-1.092412829144252084e+00,7.594351134972776585e-01,-6.755017394782800721e-01,9.877881685481171292e-01,-3.547757141434185746e-01,-1.160346686208733602e-01,-1.857795092916141033e-01,-2.089397866063206211e-01,-5.747945838654568984e-01,4.425716866959969464e-01,-4.028728418286522950e-01,5.097628951756680848e-01,-2.349851509321815649e-02,2.775442339469858521e-01
2.213034201698601405e-02,-6.431981354617181956e-02,7.459689030183174197e-01,-1.924004989485923744e-02,3.594613075107028211e-02,6.526205540437376440e-01,7.565871454126847917e-01,-1.818406602925771165e-01,4.444614012367410771e-02,1.400450825962304968e-01,4.025055183055719632e-01,-3.344028213069996092e-01,-3.340509186459713481e-02,-2.028409759562332659e-01,7.548080422741697965e-03,-3.619645615302745367e-02,3.692090674193339028e-01,-3.015795071429952512e-01,9.795742978972092618e-02,-2.388183370579606002e-01,-8.018354249151251820e-03,1.985020316326733744e-02,-1.091058571461834381e+00,7.593054244558495869e-01,-6.724437013189399348e-01,9.875762166146148102e-01,-3.609543397829279576e-01,-1.149908811516291290e-01,-1.837864156436961882e-01,-2.079988536885142569e-01,-5.731988607223087451e-01,4.418162191196835509e-01,-4.029322610074019262e-01,5.100092668504253579e-01,-2.349342100886682785e-02,2.737895311245524543e-01
2.227427828325618392e-02,-6.419439253922268329e-02,7.460834301367963439e-01,-1.890633091626034087e-02,3.586987149801641739e-02,6.522152445450372094e-01,7.569485965064324251e-01,-1.799208004890872625e-01,4.433885853338958433e-02,1.406844145528223511e-01,4.007140135462042285e-01,-3.329601608042925820e-01,-3.251861540378916948e-02,-2.007812864826554744e-01,7.436194649969305945e-03,-3.601177016604495407e-02,3.663821105394418076e-01,-3.003020570735600581e-01,9.900781801669282511e-02,-2.379285048165216132e-01,-8.769034601901593007e-03,1.821628818496744823e-02,-1.089963648935586393e+00,7.579077907863464025e-01,-6.702481776314259676e-01,9.875363237948618922e-01,-3.658503584414775633e-01,-1.132244592692164958e-01,-1.820405827266268206e-01,-2.065770387806398767e-01,-5.721716747402539882e-01,4.405958997002936695e-01,-4.029149975380970083e-01,5.093190428531831904e-01,-2.277532068881978414e-02,2.708784832861352854e-01
2.247122305170702605e-02,-6.409211008158241518e-02,7.461732804596754587e-01,-1.890622013213615060e-02,3.581608588553443495e-02,6.523597721879786926e-01,7.568265920691500392e-01,-1.790894130877666857e-01,4.434016864243702644e-02,1.395747249370440091e-01,3.994511813189088878e-01,-3.323505165048069587e-01,-3.164798048392580831e-02,-1.990738564867689797e-01,7.774410394018511222e-03,-3.608317542055564792e-02,3.635687498307814680e-01,-2.991135308544477511e-01,9.890725991763608949e-02,-2.363468731222787278e-01,-9.350965647969014527e-03,1.705625814164015222e-02,-1.089378623959071701e+00,7.568142799892356720e-01,-6.706732702026159121e-01,9.826914213283997057e-01,-3.731380002434005472e-01,-1.127031605446039836e-01,-1.819194349890704554e-01,-2.042997442220557125e-01,-5.722894805238277760e-01,4.395564358944229477e-01,-4.034164891273213649e-01,5.107657588566257845e-01,-2.169135356796136199e-02,2.683059216823849291e-01
2.272447973795182347e-02,-6.398563275724555854e-02,7.463089607723918384e-01,-1.901882219847731564e-02,3.598375594647606340e-02,6.525727923044168932e-01,7.566321460618650185e-01,-1.786109323669045901e-01,4.417836514505638773e-02,1.382422128361041058e-01,3.976064327764814443e-01,-3.308799163514177799e-01,-2.993608700730193001e-02,-1.977831151007197197e-01,8.022368369896896306e-03,-3.645354050600774914e-02,3.605976486281866067e-01,-2.975454161979079748e-01,9.777812186837360475e-02,-2.342392190245795314e-01,-8.597752114646462634e-03,1.568201334183170689e-02,-1.088573684983149770e+00,7.561344244902430400e-01,-6.712407499979776704e-01,9.781710688248532737e-01,-3.762756097813894640e-01,-1.114805845447727761e-01,-1.803884171258954283e-01,-2.029688034623108872e-01,-5.742223356145312874e-01,4.387131166068311550e-01,-4.048645385560092902e-01,5.063767168798146701e-01,-2.156714156996039286e-02,2.656420234079577836e-01
2.299324448597696302e-02,-6.390728403067284791e-02,7.463779604165377002e-01,-1.911813982400221990e-02,3.612028319913625218e-02,6.530730497424881431e-01,7.561913868666647609e-01,-1.779445795938284780e-01,4.405817762215316624e-02,1.372123924765258351e-01,3.952908940020460893e-01,-3.299288935120635591e-01,-3.005847636229324119e-02,-1.969207260469767184e-01,8.015371240792884197e-03,-3.756802792882034392e-02,3.588201486007698282e-01,-2.970154074965620783e-01,9.753553955819871391e-02,-2.329244506536363724e-01,-7.951183396960100763e-03,1.481103252196953532e-02,-1.087612003240820524e+00,7.557622650529238761e-01,-6.727125504378206333e-01,9.715706024221129056e-01,-3.800935313512484592e-01,-1.106271606541528729e-01,-1.806718001260134987e-01,-2.014079971235735733e-01,-5.755015488893048259e-01,4.379214507498157549e-01,-4.064511892022509842e-01,5.033409630803428181e-01,-2.065391616410416908e-02,2.631520715921628062e-01
2.327466505399564123e-02,-6.383716207983693158e-02,7.464630333858141009e-01,-1.892529794174361429e-02,3.611919747606760073e-02,6.540519503476361907e-01,7.553497752153994771e-01,-1.773269124696757737e-01,4.324116955423670805e-02,1.346234279950003776e-01,3.937702544653052250e-01,-3.284763307265588517e-01,-3.057707908515245807e-02,-1.954407720220556199e-01,7.390115647050206002e-03,-3.933338243685443464e-02,3.575418119025597363e-01,-2.969510468741183851e-01,9.690997764204629938e-02,-2.313489518383535226e-01,-7.238334992705024000e-03,1.416945962342710565e-02,-1.086015603571361954e+00,7.550306649583966578e-01,-6.748415590071481507e-01,9.631753454680744841e-01,-3.847081952404970973e-01,-1.107794071483948067e-01,-1.817645796880431319e-01,-1.994313142143995521e-01,-5.770014110311996181e-01,4.364329945203320182e-01,-4.080530231150346632e-01,4.999261438396827573e-01,-2.050063630232797779e-02,2.604917435804374182e-01
2.353787640233202805e-02,-6.374960339901691864e-02,7.465293402515725818e-01,-1.877030329581164114e-02,3.616640901088920973e-02,6.554950524230688247e-01,7.540993985028224822e-01,-1.768332206112689653e-01,4.218249219994690824e-02,1.318850341803848303e-01,3.918822582549020828e-01,-3.271894150566007631e-01,-3.140354829253328567e-02,-1.940642600037268406e-01,6.501400179938028948e-03,-4.144699935569622767e-02,3.566434908205681209e-01,-2.973492361810292639e-01,9.602968163585520744e-02,-2.294501981426607384e-01,-6.289778077023292467e-03,1.333078045180765420e-02,-1.084057160372614126e+00,7.542539485890730200e-01,-6.786230821669920754e-01,9.523440576034639671e-01,-3.884714694466744889e-01,-1.115348676587626792e-01,-1.839721296515940130e-01,-1.967302246084382256e-01,-5.791799555313029702e-01,4.352755585942066352e-01,-4.100730012853700535e-01,4.973439749622221573e-01,-2.057942491401452620e-02,2.588898988939324908e-01
2.377561122312279313e-02,-6.364258289269611457e-02,7.466377819059453191e-01,-1.835047258618371924e-02,3.641099344182770203e-02,6.571407408956718710e-01,7.526642985870463098e-01,-1.760785817146263976e-01,4.012760463514686293e-02,1.289995516815162779e-01,3.893000482051403588e-01,-3.245380201895638472e-01,-3.224173386696064375e-02,-1.929891250278435999e-01,4.606389435394226545e-03,-4.376859865156110252e-02,3.566782665097182337e-01,-2.981618327686411662e-01,9.555864132465605176e-02,-2.273295325231420860e-01,-6.871582869122273493e-03,1.268093072345683955e-02,-1.082109282572083719e+00,7.533952321828309984e-01,-6.806395742420763284e-01,9.403341352629737138e-01,-3.917037648958314189e-01,-1.124148525950221661e-01,-1.845116053672116729e-01,-1.920863152262669293e-01,-5.795988631232835697e-01,4.323113168641161130e-01,-4.117185462448959554e-01,4.943481059688994428e-01,-2.119300111385137922e-02,2.556131010060431752e-01
2.397542574437882060e-02,-6.349953969071975290e-02,7.467458148831858100e-01,-1.795886709920375968e-02,3.685763149020545443e-02,6.586971986041246785e-01,7.512902199846097639e-01,-1.748309157234956557e-01,3.775433093988618538e-02,1.265324819173662130e-01,3.851356027120252934e-01,-3.216456248064382129e-01,-3.300582224951848637e-02,-1.922473856151659666e-01,2.358682009493870066e-03,-4.631871642406525796e-02,3.567911542700549221e-01,-2.993112543658597025e-01,9.490336755620995546e-02,-2.246581049614206071e-01,-7.918045263784267290e-03,1.112274000508896299e-02,-1.078299777649648128e+00,7.537269128566583820e-01,-6.824626101671253942e-01,9.251834748412922638e-01,-3.940938813938795193e-01,-1.128134674487102085e-01,-1.861332399583279507e-01,-1.872397551930287118e-01,-5.809626723552271388e-01,4.287824372000032525e-01,-4.140536465382677611e-01,4.896539088158736175e-01,-2.240903221950607538e-02,2.523582829342245759e-01
2.413542225543752195e-02,-6.333844810053873564e-02,7.468025221542264891e-01,-1.768759172383069928e-02,3.704645185536701441e-02,6.604771489668795903e-01,7.497230456618769745e-01,-1.735806622129259236e-01,3.598308553653255942e-02,1.243475075331955532e-01,3.813987387644124927e-01,-3.197540008846826987e-01,-3.343303817818386175e-02,-1.907564334443253296e-01,6.127140309582675137e-04,-4.874390978207634312e-02,3.560299262840042056e-01,-3.003211127002152203e-01,9.482929352726160444e-02,-2.217324881704747230e-01,-8.745813230847819877e-03,1.014426127753642951e-02,-1.072871428300406604e+00,7.560356512706474241e-01,-6.849937260608064404e-01,9.057247357733209103e-01,-3.978732339567739862e-01,-1.143262155921721535e-01,-1.891878884448757459e-01,-1.810489826773742095e-01,-5.822676812239456767e-01,4.247467573399711371e-01,-4.165620746295256027e-01,4.862571606594676132e-01,-2.476189881974462381e-02,2.503439327878784759e-01
2.429269835601082644e-02,-6.317253821726891150e-02,7.468342902898161828e-01,-1.747145756551905099e-02,3.726101691877760358e-02,6.622367656765498767e-01,7.481636391692505494e-01,-1.719932834157735513e-01,3.393991475159501003e-02,1.210054504875074377e-01,3.767067922625159104e-01,-3.182663639628661167e-01,-3.333254771972294500e-02,-1.891149681591322296e-01,-1.006072355778623792e-03,-5.096688494818939208e-02,3.548863554574247514e-01,-3.021029713305483089e-01,9.480616124717733406e-02,-2.178420194167141055e-01,-1.042271821763108425e-02,9.365534381328529528e-03,-1.064951437588540273e+00,7.590700624874369140e-01,-6.842683804778757484e-01,8.824461422912350805e-01,-4.050577504022989661e-01,-1.146052307565272738e-01,-1.889176099774208251e-01,-1.745284367747106102e-01,-5.846329671972080311e-01,4.199325334823710287e-01,-4.193123109026097306e-01,4.838403878541018277e-01,-2.563581822885721562e-02,2.472325111034317235e-01
2.442585410685776254e-02,-6.294735846240083477e-02,7.469631432536789628e-01,-1.715475103979997515e-02,3.723699742972801791e-02,6.637822552390084674e-01,7.468013378195007546e-01,-1.691111606060581862e-01,3.230235169279500190e-02,1.186428120807868358e-01,3.707826937110678123e-01,-3.154553678228500524e-01,-3.417550970189311282e-02,-1.864478770353636128e-01,-2.448759426578949253e-03,-5.359679155592307620e-02,3.525671626974841155e-01,-3.018792978798586768e-01,9.450293986949605263e-02,-2.141958607280858851e-01,-1.038108638440365591e-02,6.933324723384540894e-03,-1.053013637353589660e+00,7.621776630074810210e-01,-6.810210048116352999e-01,8.608628844978351013e-01,-4.121103102452189915e-01,-1.140757887396524339e-01,-1.924177861166505576e-01,-1.691777938185756724e-01,-5.877209532358905753e-01,4.153505630154668005e-01,-4.214696440443198022e-01,4.791027329809982582e-01,-2.506644805028916331e-02,2.483807360087384453e-01
2.456500602589393664e-02,-6.267056067842105560e-02,7.471449962952675383e-01,-1.670609762023279876e-02,3.760175745541941700e-02,6.649124900226306423e-01,7.457870974684877030e-01,-1.652996273191267018e-01,2.990899493872651096e-02,1.168059067140759244e-01,3.624383558272371575e-01,-3.109461293914644320e-01,-3.587226731168041693e-02,-1.838065947986776971e-01,-4.646385754784787894e-03,-5.660444234819024534e-02,3.493161148157103435e-01,-3.017190222125195609e-01,9.457613096075670467e-02,-2.102329323417122531e-01,-9.854751345560701717e-03,5.182202453252143619e-03,-1.040674599086909957e+00,7.680322473959383389e-01,-6.776687992447204545e-01,8.400399170073269417e-01,-4.149464940134904856e-01,-1.141469381391577997e-01,-1.943567168279006496e-01,-1.641672599636381513e-01,-5.899787078994193079e-01,4.123208351971183183e-01,-4.243991734592179599e-01,4.785312699498758260e-01,-2.506174620906719691e-02,2.494875609593349419e-01
2.469290480104688670e-02,-6.234749933302390773e-02,7.472994795251252098e-01,-1.625727884904566711e-02,3.807439142171242796e-02,6.662363929238760418e-01,7.445905655768629838e-01,-1.615903553766345757e-01,2.737624862412427196e-02,1.153558775251838919e-01,3.538989297620687702e-01,-3.062520561979250044e-01,-3.797702957481454561e-02,-1.818047915067484699e-01,-6.990848495425109818e-03,-5.903479345324437466e-02,3.472900617049740069e-01,-3.022699235749607416e-01,9.392959444296751503e-02,-2.075541291044967207e-01,-1.015490646760843114e-02,3.933688212610508481e-03,-1.028490729570682216e+00,7.758106735646205232e-01,-6.742588449507769255e-01,8.183290880729126027e-01,-4.122702774917287871e-01,-1.145414679669170405e-01,-1.956698256388763046e-01,-1.594958808928853278e-01,-5.919627229937749480e-01,4.089366566244908019e-01,-4.272362357520735343e-01,4.741025144165982308e-01,-2.635354015454842089e-02,2.497768692017861281e-01
2.480083696697147830e-02,-6.196825803427927215e-02,7.473921402504221101e-01,-1.580782651205216507e-02,3.838275161008061070e-02,6.678926062683304687e-01,7.430991478207333856e-01,-1.580084727085478147e-01,2.477543546435759247e-02,1.128616080230561564e-01,3.460886060188975155e-01,-3.027783054582427469e-01,-3.941333344624080304e-02,-1.798409343276877459e-01,-9.131940782453329408e-03,-6.098325887667299661e-02,3.464217990828404314e-01,-3.038605436952990235e-01,9.287215416555066883e-02,-2.048389788963382585e-01,-1.075939767825660927e-02,3.572891354857062485e-03,-1.015958920101417862e+00,7.831438649713455824e-01,-6.699698526604054294e-01,7.937590317209255453e-01,-4.133915722539774906e-01,-1.158423241541854665e-01,-1.961202703811843751e-01,-1.533778000068932168e-01,-5.935482212835722082e-01,4.042001450958376263e-01,-4.305351512890371324e-01,4.678195400217264321e-01,-2.834384199219976141e-02,2.479021496529797142e-01
2.487396729391899014e-02,-6.148588866148665955e-02,7.474807299158049423e-01,-1.543855418555493964e-02,3.847541834532340610e-02,6.694649802137475625e-01,7.416858725196390223e-01,-1.547542279994766068e-01,2.255628111414523587e-02,1.098003534277836174e-01,3.398242263526574103e-01,-3.001153195404503427e-01,-3.988387337248767289e-02,-1.771465110548002264e-01,-1.070565437293453763e-02,-6.248833212424288741e-02,3.447042037406515824e-01,-3.047811044937452918e-01,9.231764652023488615e-02,-2.019995897849331534e-01,-1.132103608328952765e-02,3.256856770221134949e-03,-1.002788733396748899e+00,7.897190263868908433e-01,-6.641725625705716674e-01,7.688717046283870538e-01,-4.184861948914097018e-01,-1.174589386160108245e-01,-1.955176708192311874e-01,-1.463474274272503206e-01,-5.942424282969142046e-01,3.994561061279910397e-01,-4.335063418784120270e-01,4.665499603509788429e-01,-2.957599319775152530e-02,2.467540560879924461e-01
2.490338495939481769e-02,-6.090831911070517662e-02,7.475468222883960845e-01,-1.500852879926811365e-02,3.844309138338087434e-02,6.710562589255733013e-01,7.402569622401292682e-01,-1.516694036169705662e-01,2.026771253653190247e-02,1.058240567270169741e-01,3.346740138600953762e-01,-2.978746146452194155e-01,-4.049928535530066681e-02,-1.741827484006875648e-01,-1.244158480181373379e-02,-6.485704724544999467e-02,3.435125071468852487e-01,-3.063914057590532147e-01,9.048236964537598181e-02,-1.990103323098498522e-01,-1.128910130519993754e-02,2.334282794642876697e-03,-9.867631606522895282e-01,7.965432928087853304e-01,-6.579032609656687569e-01,7.397566898664585944e-01,-4.261066142636944498e-01,-1.191770573145232021e-01,-1.963555947235623711e-01,-1.388758933489196434e-01,-5.957317116108765687e-01,3.941817378888666790e-01,-4.362825350192409690e-01,4.646504958255775475e-01,-2.993367756185403433e-02,2.466728441491553847e-01
2.489321049451582654e-02,-6.018857891742088184e-02,7.475947530214934744e-01,-1.485951263846791749e-02,3.892700177560241837e-02,6.717773517244647330e-01,7.395803358168563379e-01,-1.474157153983946533e-01,1.813219585707863402e-02,1.044075506754178068e-01,3.259792524159345062e-01,-2.951834445470478685e-01,-4.095919531271375452e-02,-1.710481324005888315e-01,-1.423470543130885002e-02,-6.728342088273320254e-02,3.392467881460792256e-01,-3.077601002192614787e-01,9.051151981411885428e-02,-1.934337091869924585e-01,-1.162341285081549408e-02,5.273883818570271722e-04,-9.664737047807286929e-01,8.047112430727724197e-01,-6.472335011721156439e-01,7.047307439173657873e-01,-4.355611510616173576e-01,-1.236119734407161441e-01,-1.978071250302602946e-01,-1.295756355997491061e-01,-5.942340250423052694e-01,3.864095328783068717e-01,-4.403273224344942394e-01,4.620858078378489164e-01,-3.346918022400478809e-02,2.474478384615767246e-01
2.481866460865541843e-02,-5.940233365439383934e-02,7.476472918635757026e-01,-1.440791769659443070e-02,3.873016665526956420e-02,6.730527179443989150e-01,7.384391816298482292e-01,-1.422865287868578521e-01,1.634188476534260970e-02,1.027036443740674126e-01,3.184986135903840054e-01,-2.931330011226389032e-01,-4.164256685482595893e-02,-1.676005100776656043e-01,-1.555924568472074471e-02,-6.836404243508011069e-02,3.379785866700358854e-01,-3.094712235110363419e-01,8.876151768018629429e-02,-1.893074354100634238e-01,-1.239847727147780701e-02,-3.396792130184845366e-04,-9.425581317592318653e-01,8.118504194735582935e-01,-6.363525542938640589e-01,6.623159502787836495e-01,-4.472338107062427959e-01,-1.298713386142003878e-01,-1.961651125383725991e-01,-1.203923794138199999e-01,-5.941620979051700502e-01,3.792483407612669555e-01,-4.427649748800411289e-01,4.585551362608955017e-01,-3.569746901419269813e-02,2.452885031945828687e-01
2.474547196113278599e-02,-5.854247001542896289e-02,7.476306769962088872e-01,-1.434766337291719721e-02,3.845262641363105666e-02,6.753675653877102558e-01,7.363383676679544632e-01,-1.384362103387527243e-01,1.470187658054160698e-02,9.880645691426734323e-02,3.120456184599095795e-01,-2.924821993620787541e-01,-4.313520011342283217e-02,-1.642285382442428276e-01,-1.660741644933814293e-02,-7.062304957293275010e-02,3.371005008328670227e-01,-3.119698255935791087e-01,8.819133606487057631e-02,-1.852111114252001367e-01,-1.482999836470521096e-02,-4.143563086157743764e-04,-9.189277661985483237e-01,8.194439021963523251e-01,-6.259928468053858053e-01,6.156828868408974476e-01,-4.583869644001133947e-01,-1.353503435064971339e-01,-1.952679549817171178e-01,-1.086905381276022514e-01,-5.958190651285510953e-01,3.711791398785068696e-01,-4.452186355324919131e-01,4.528054101152352295e-01,-3.704605307118061241e-02,2.446355284478653469e-01
2.466083673425512046e-02,-5.758664940061731380e-02,7.476756888062123796e-01,-1.418425900460513686e-02,3.873226770200649538e-02,6.757443560856019049e-01,7.359811026470756135e-01,-1.325414907336725512e-01,1.272836517550955671e-02,9.734541599534976553e-02,3.018895095276802332e-01,-2.902475787281879605e-01,-4.333537348938478612e-02,-1.598062494050131455e-01,-1.786032566430281396e-02,-7.204575835439804010e-02,3.313098858656148837e-01,-3.129155751022527077e-01,8.991336748606801321e-02,-1.771620375171631123e-01,-1.646903695675944884e-02,-1.729772560557632510e-03,-8.865603461355381354e-01,8.277329135658878512e-01,-6.087873512729087278e-01,5.567659629862606874e-01,-4.809367195235305092e-01,-1.441971319929219453e-01,-1.932274854368321582e-01,-9.790216412849390981e-02,-5.947858885199007739e-01,3.614728949139546232e-01,-4.493366296198392784e-01,4.505406449093236620e-01,-4.054834721159047972e-02,2.440286780171211922e-01
2.456025920615335575e-02,-5.663631583949157999e-02,7.477316020311813860e-01,-1.365986136329558689e-02,3.808873398890749024e-02,6.774213055504170189e-01,7.344814710508538180e-01,-1.260540216189232066e-01,1.127419161584366711e-02,9.495954205231055267e-02,2.935523496065961524e-01,-2.886606002460626597e-01,-4.460696674385619676e-02,-1.551910657799548676e-01,-1.862938486993547665e-02,-7.276650241636767324e-02,3.300144222929638493e-01,-3.144103206751858171e-01,8.741214289948449900e-02,-1.719572890198112491e-01,-1.760044121771029563e-02,-5.741168594048176588e-04,-8.476451972556973136e-01,8.381155893470247920e-01,-5.905679042853290150e-01,4.879501723357774212e-01,-4.989211737876032005e-01,-1.543707327794565098e-01,-1.882770345905520337e-01,-8.636264783413877266e-02,-5.943184504622469611e-01,3.500146487027211983e-01,-4.518819829164231749e-01,4.396845076693717824e-01,-4.594182697780739566e-02,2.369358983785631034e-01
2.449738424400121212e-02,-5.562491279032209107e-02,7.477948874358798514e-01,-1.332820711030146058e-02,3.803251295858536829e-02,6.778479329138592524e-01,7.340967693006746897e-01,-1.193381667414592923e-01,9.858576433380474707e-03,9.443418263027947290e-02,2.835940807459682023e-01,-2.862339173238522827e-01,-4.639772235673231965e-02,-1.503035331187752566e-01,-1.956843028383286817e-02,-7.399804512118218769e-02,3.249208785441204950e-01,-3.149120839513233627e-01,8.730154309882214025e-02,-1.649784683259057361e-01,-1.888223395170225347e-02,8.471019214272065140e-04,-8.024657100634579043e-01,8.516760608425597567e-01,-5.669725915502461522e-01,4.133303160144107813e-01,-5.144233375443296730e-01,-1.638361523069119807e-01,-1.878623060270233069e-01,-7.543780044208084345e-02,-5.930912784822762740e-01,3.368612080113324025e-01,-4.557045645909530984e-01,4.225541293861161951e-01,-4.898609532704512742e-02,2.379194068086100677e-01
2.448925131908379071e-02,-5.460517524892204849e-02,7.478034736302561214e-01,-1.305415717457563546e-02,3.812583903847704958e-02,6.783001230599928766e-01,7.336790527436856113e-01,-1.141571741106439525e-01,8.414258984412493342e-03,9.341983114647681163e-02,2.761662817228510702e-01,-2.849573684673968321e-01,-4.760533855610669940e-02,-1.454540055890455597e-01,-2.039500853590675220e-02,-7.483350615559444807e-02,3.194586398959814999e-01,-3.166028723077827234e-01,8.573213196241906420e-02,-1.569443827116669410e-01,-2.030915167845661826e-02,1.869949186239451468e-03,-7.487557366186413654e-01,8.639447722496885751e-01,-5.393028584668302372e-01,3.348622290238360000e-01,-5.331965946878619578e-01,-1.751326071402414253e-01,-1.852479479066070633e-01,-6.310884347122520943e-02,-5.894606651276652620e-01,3.240344341920687321e-01,-4.598307898742393096e-01,4.083574547651360742e-01,-5.381357204641826902e-02,2.357120881104904364e-01
2.453678856333338029e-02,-5.356859466417314419e-02,7.477934984937716356e-01,-1.256958767819045530e-02,3.806549734215572411e-02,6.799012981798666644e-01,7.322071073890409343e-01,-1.084456385189743188e-01,6.579540264259054784e-03,9.164953157665238492e-02,2.677600524497466550e-01,-2.828026455820025209e-01,-5.064287819691791481e-02,-1.407307256905345749e-01,-2.199488049605391460e-02,-7.723487175584206610e-02,3.163907039970109691e-01,-3.192144237245815308e-01,8.287478263171006720e-02,-1.525130161350172764e-01,-2.210827450915105186e-02,3.241682751323546850e-03,-6.984348077267868993e-01,8.753196982043730534e-01,-5.094742979422384188e-01,2.572494459694778524e-01,-5.453304391708022614e-01,-1.860112509921360013e-01,-1.733422300401292471e-01,-5.003004476794187944e-02,-5.863207577662711278e-01,3.108066321770152074e-01,-4.640830805947522841e-01,3.943491959103681554e-01,-5.859335599824493784e-02,2.265311288919303334e-01
2.460459906439145181e-02,-5.251907591004464221e-02,7.478486499036588464e-01,-1.242882826532061384e-02,3.784289693186337206e-02,6.811028228562734377e-01,7.311035385477022697e-01,-1.034426317609467016e-01,5.969444440105303729e-03,9.106781335992146509e-02,2.609950868282641112e-01,-2.816233675962638849e-01,-5.197857724234976329e-02,-1.358571414471118344e-01,-2.247129519484088178e-02,-7.946919216160916455e-02,3.121450358021613525e-01,-3.198387172469603357e-01,8.162106188322211520e-02,-1.468853196903331104e-01,-2.463527867088858778e-02,4.383625346247024476e-03,-6.457184937153760407e-01,8.819984187367615469e-01,-4.760058305491072228e-01,1.841945334304448123e-01,-5.608633287575069959e-01,-1.943301594605169602e-01,-1.670816292985359552e-01,-3.685205876746126818e-02,-5.812144581356840645e-01,2.988186044778386452e-01,-4.661307942406582860e-01,3.871581510619002131e-01,-5.997222839834803060e-02,2.239405503894945637e-01
2.466475340654201293e-02,-5.145931964159344840e-02,7.478606094893324174e-01,-1.252863441451194590e-02,3.837555117666419796e-02,6.814059100255897006e-01,7.307915818985554202e-01,-9.993345540433666574e-02,4.756744218605512414e-03,9.000113600434403449e-02,2.545479556524063991e-01,-2.798087185863967763e-01,-5.482999145736837387e-02,-1.315147225053025781e-01,-2.327828229005977217e-02,-8.115160789177405798e-02,3.049878980409923557e-01,-3.203331496948189083e-01,8.052155556239638801e-02,-1.403965982881809071e-01,-2.527528641777180424e-02,4.493132108065255037e-03,-5.954740156520824668e-01,8.854960950098300643e-01,-4.396614915324770778e-01,1.137791834465348983e-01,-5.777588391395198641e-01,-2.048024339179135567e-01,-1.606955580304269549e-01,-2.506245990452132116e-02,-5.765977335429480766e-01,2.877854484651191647e-01,-4.697847849188166447e-01,3.818951013136266948e-01,-6.193039276241750490e-02,2.218294801324217080e-01
2.467756093395611847e-02,-5.044310393072587440e-02,7.478824045852165980e-01,-1.302099252882632507e-02,3.845939986178263659e-02,6.821453897360101326e-01,7.300883477893227447e-01,-9.670600063063036766e-02,5.050387753324905860e-03,8.999955272877645240e-02,2.485469558247573596e-01,-2.788287144807526374e-01,-5.819744523404128678e-02,-1.279471595602556799e-01,-2.305537214602806223e-02,-8.313014629425814761e-02,2.997769309474945798e-01,-3.197782659480438161e-01,7.987662488069466327e-02,-1.370865260304399980e-01,-2.547949378974959100e-02,3.775969541695453797e-03,-5.511288822964979239e-01,8.843282465759998434e-01,-4.053048023140455314e-01,4.181215567329749083e-02,-5.980447466343636886e-01,-2.154140403901382006e-01,-1.517728722040976586e-01,-1.412788370262002546e-02,-5.716133052564356110e-01,2.792348616151681950e-01,-4.717561761570727707e-01,3.826572056958347234e-01,-6.198675135048373197e-02,2.174456158798202254e-01
2.465886958649791960e-02,-4.945022827798343373e-02,7.479477057149546138e-01,-1.390537482893070172e-02,3.878390831719160520e-02,6.829148332409978872e-01,7.293351626967746748e-01,-9.362288196834699094e-02,5.381060811860400965e-03,8.930980016965972546e-02,2.405781142524542060e-01,-2.768633568406447809e-01,-6.172384311943119456e-02,-1.250608013163488630e-01,-2.247993878094221853e-02,-8.497603545887888465e-02,2.936639948106275488e-01,-3.183196426193203310e-01,7.920808619754494961e-02,-1.333465011128748268e-01,-2.601087126505683203e-02,2.311747223167841692e-03,-5.101594740148490681e-01,8.775904727188427179e-01,-3.685175569197964296e-01,-2.606252910349671909e-02,-6.176658631702011126e-01,-2.289601799554106254e-01,-1.371258290224237064e-01,-2.569890205160713093e-03,-5.651445916553913262e-01,2.709221403744274670e-01,-4.727860019888299736e-01,3.909358590785074750e-01,-6.191075730850616882e-02,2.113829253800186825e-01
2.454803716910767403e-02,-4.850053083250430164e-02,7.480122556930615119e-01,-1.458139980592484605e-02,3.931730417288401697e-02,6.832143487993127540e-01,7.290128160512734379e-01,-9.114977359703446691e-02,5.230598563963768412e-03,8.974031391849443540e-02,2.340042153619403820e-01,-2.745240413151289749e-01,-6.443173992145954931e-02,-1.237908141147205099e-01,-2.261234655890955597e-02,-8.601508099262597518e-02,2.902256614583271777e-01,-3.175656580273199525e-01,7.788665282507768739e-02,-1.299439318557914780e-01,-2.541292677719508147e-02,-7.159390750360846226e-04,-4.762010665107316298e-01,8.690438703638952989e-01,-3.353738492575360497e-01,-9.371690827476626684e-02,-6.320420867318057301e-01,-2.432298666075777271e-01,-1.209744304880942672e-01,7.883382263281477759e-03,-5.602903716555966973e-01,2.638090018796963587e-01,-4.739311043500645804e-01,3.966945353702098775e-01,-6.324188229039962028e-02,2.037198059817617035e-01
2.433706460908042699e-02,-4.760151123325474798e-02,7.480327169757781114e-01,-1.538201739894317494e-02,4.014057711314902160e-02,6.829914666555775282e-01,7.291603281072174259e-01,-8.867354874806129827e-02,4.993346428360930130e-03,9.162788776267732915e-02,2.264143389047008070e-01,-2.719843814524152692e-01,-6.743313315407414854e-02,-1.238068363921065312e-01,-2.288724326181618141e-02,-8.605757021252044559e-02,2.874751924167798234e-01,-3.173384409005862716e-01,7.790810711571624636e-02,-1.253708130938360477e-01,-2.521001745566498614e-02,-4.071033826756035104e-03,-4.500364119199365409e-01,8.597772354037784837e-01,-3.043313667503337872e-01,-1.585188338514565698e-01,-6.381503180334237024e-01,-2.605611082822831825e-01,-1.013197079331153716e-01,1.774724365060687675e-02,-5.558807884041575553e-01,2.574171804796057117e-01,-4.748209331265310640e-01,4.041212456269225872e-01,-6.486609002385229639e-02,1.949943875118052561e-01
2.399804633127163370e-02,-4.676514381702681633e-02,7.480279846514663600e-01,-1.653240576997248162e-02,4.096291516569452312e-02,6.824161341790654367e-01,7.296279455672493031e-01,-8.772327837415151708e-02,5.389096125049600353e-03,9.440541495962144480e-02,2.211636338224627352e-01,-2.713757640129942916e-01,-6.822845622997704418e-02,-1.255701905259098972e-01,-2.242610284007977642e-02,-8.419418024174382675e-02,2.863453350477896397e-01,-3.165079854580239438e-01,7.906891991544019727e-02,-1.213563413850633210e-01,-2.551420798189669645e-02,-9.093557116398176196e-03,-4.306844628732998670e-01,8.534938261175872842e-01,-2.814310400497624931e-01,-2.216910286190923451e-01,-6.363006159487957225e-01,-2.777175498937194398e-01,-7.878038902283297784e-02,2.722225501984886636e-02,-5.509227374202798622e-01,2.523610906109254870e-01,-4.732340097762349207e-01,4.185889354796869521e-01,-6.869486685920787872e-02,1.820100207860340102e-01
2.356444807636343119e-02,-4.600407091926612957e-02,7.479937179524993596e-01,-1.818025802472786334e-02,4.227546904301227038e-02,6.817399284007193971e-01,7.301458299268234198e-01,-8.904380846916902514e-02,5.665793874890041187e-03,9.668321473722905901e-02,2.172199313579462332e-01,-2.717059307282563840e-01,-6.885886276885401502e-02,-1.287933424556390039e-01,-2.198767611180528492e-02,-8.226168310614123680e-02,2.845627293038722749e-01,-3.152594455635533421e-01,8.074621521848862615e-02,-1.169540284238728411e-01,-2.503790164874972884e-02,-1.487783614643311755e-02,-4.161592904390861158e-01,8.444876507046892300e-01,-2.644391775740435047e-01,-2.762124370298345011e-01,-6.273654847782275112e-01,-2.940648383834001955e-01,-5.495282327620627794e-02,3.508246370827204641e-02,-5.477662384199194490e-01,2.494024594652857474e-01,-4.722654727174196432e-01,4.348038330762244996e-01,-7.326761343344211086e-02,1.704997966719706270e-01
2.303405923993423476e-02,-4.533641504263598299e-02,7.480101530179618097e-01,-1.999008622474541738e-02,4.318780734310800895e-02,6.810312883458529143e-01,7.307062296460936635e-01,-9.039172377612390841e-02,6.797993607779236232e-03,9.911855045331194325e-02,2.138605912307890988e-01,-2.722435961129383020e-01,-6.917783801850291292e-02,-1.309594070436554958e-01,-2.066569506561833150e-02,-8.079088117353230847e-02,2.811523334677858421e-01,-3.125030129188203221e-01,8.131492982273370862e-02,-1.136806239481046310e-01,-2.311603367804633893e-02,-2.052604582274769260e-02,-3.974461387794355760e-01,8.318393573178423095e-01,-2.512200585158577137e-01,-3.149129066993783810e-01,-6.216089529477026865e-01,-3.065701234497418270e-01,-4.059372235074507063e-02,3.912907795557860752e-02,-5.467338564611273766e-01,2.458199896190083611e-01,-4.698468311668954622e-01,4.426164676221297500e-01,-7.643045364966948030e-02,1.631514839521084337e-01
2.244790337378709671e-02,-4.481325822257118535e-02,7.480130865165924847e-01,-2.143241825845842996e-02,4.325479572278896623e-02,6.813088169763970026e-01,7.304026081585393015e-01,-9.129595679689680998e-02,8.142089924206081381e-03,9.949919968172074580e-02,2.122221395627529872e-01,-2.737017750276009576e-01,-6.975275061884100847e-02,-1.311747199326566693e-01,-1.913176615291425214e-02,-8.067927365604277146e-02,2.783398179084531354e-01,-3.105230758101699129e-01,8.019547809064529742e-02,-1.134331975074931026e-01,-1.930560090832662140e-02,-2.515876289472530544e-02,-3.761935925072154574e-01,8.156703685014002891e-01,-2.473103448450726660e-01,-3.300165655777144713e-01,-6.184385727761724239e-01,-3.104934137558998941e-01,-3.994903785883798658e-02,4.010981449954166556e-02,-5.475318297680307200e-01,2.429408787696885896e-01,-4.658011463298240562e-01,4.394740896381281736e-01,-7.739864656203480908e-02,1.606801105770243598e-01
2.183649850965811712e-02,-4.444778357886165071e-02,7.480102443863623218e-01,-2.242565736427971218e-02,4.281530361997033796e-02,6.818140161603406524e-01,7.299271107686138294e-01,-9.105140884465276474e-02,9.332363654765439553e-03,9.900422437918562912e-02,2.106873971536383228e-01,-2.751757630495781926e-01,-7.066418304705512909e-02,-1.304656919249417013e-01,-1.764414644319114989e-02,-8.060322706508524226e-02,2.766199321906736008e-01,-3.092361174903195398e-01,7.877813264330629783e-02,-1.157848069196115853e-01,-1.502370736737455165e-02,-2.766075134719648415e-02,-3.594365239527373967e-01,7.979853783327528483e-01,-2.527782894100407685e-01,-3.193948545899490399e-01,-6.176003593890186938e-01,-3.043943979599481597e-01,-4.732743501992499324e-02,3.733858432696798846e-02,-5.495425110469641661e-01,2.435656836196157526e-01,-4.608608454502836071e-01,4.280798163430102887e-01,-7.768996867020465380e-02,1.563329874522379204e-01
2.122886903580311138e-02,-4.428739663489515699e-02,7.479448468793388205e-01,-2.264443494449262795e-02,4.183963548899034129e-02,6.824088569050721365e-01,7.294208843224231353e-01,-9.102963739291509981e-02,1.028179375165928777e-02,9.911360875919558722e-02,2.135235531903786066e-01,-2.788903208542100609e-01,-6.960642567412607395e-02,-1.289801769519660912e-01,-1.658169936318512269e-02,-7.938893957824771919e-02,2.769139078770184170e-01,-3.092825206677861094e-01,7.909344235623230746e-02,-1.189218251697725381e-01,-1.227880515147759290e-02,-2.511333440166038655e-02,-3.500528093636224858e-01,7.808399706939916918e-01,-2.689620600493552449e-01,-2.869623592990454553e-01,-6.155918137294286163e-01,-2.892777397901867276e-01,-5.968456340946064892e-02,3.140719552417847726e-02,-5.528395046012668512e-01,2.479582713297354413e-01,-4.565222529219024050e-01,4.128451235157505894e-01,-7.847248087590810717e-02,1.495742516133594380e-01
2.067875228527875711e-02,-4.430805656294978245e-02,7.479319447269026089e-01,-2.177228269089468565e-02,3.965592392038821273e-02,6.830908163855974324e-01,7.289309377260000389e-01,-9.059808221744110324e-02,1.153021220294639729e-02,9.841834776226021653e-02,2.224337901427181907e-01,-2.840537144359431831e-01,-6.520107559235747974e-02,-1.257933147713949928e-01,-1.570857005380036850e-02,-7.920885144020843593e-02,2.807628050541138287e-01,-3.093569610478569265e-01,7.883591846876883413e-02,-1.211769501567385304e-01,-1.094006448852576779e-02,-2.122458582237195940e-02,-3.431821341185823382e-01,7.666692884408424780e-01,-2.901662048518783843e-01,-2.434708802623500867e-01,-6.084691507582166148e-01,-2.698901449996995439e-01,-7.344450454324191746e-02,2.495025991046304764e-02,-5.563901615543455081e-01,2.514002721494468795e-01,-4.498751047499243150e-01,3.896537702610248233e-01,-7.787984457350691225e-02,1.401425043483188471e-01
2.024522005539142189e-02,-4.440846676642599966e-02,7.478776040742236564e-01,-2.069695259758373013e-02,3.771193150751487450e-02,6.838211416744943705e-01,7.283804586712472329e-01,-9.061385015571253587e-02,1.221175964542014873e-02,9.714064617284126624e-02,2.318029700131243875e-01,-2.885397434032237474e-01,-6.313073420620629594e-02,-1.222788144106170538e-01,-1.573675049232592382e-02,-8.130311173816449910e-02,2.841584906850782577e-01,-3.105133980711816677e-01,7.824111489536308972e-02,-1.244878423431669545e-01,-9.553172803859668466e-03,-1.682251396834534563e-02,-3.470030719503524597e-01,7.548812973683101113e-01,-3.097716370337911251e-01,-1.939906361370095644e-01,-5.986585047228373258e-01,-2.522135018031975151e-01,-8.241757065113040903e-02,1.753176160033449033e-02,-5.603311644160076099e-01,2.559240227628406528e-01,-4.454247739014723928e-01,3.675303362016814068e-01,-7.764764082831698833e-02,1.340880280464838148e-01
1.993997121715192916e-02,-4.457664397507464515e-02,7.477213994354388049e-01,-2.005422281912073307e-02,3.631874594018061342e-02,6.844242117471212028e-01,7.279026550403460138e-01,-9.145282854476703693e-02,1.299634955628556701e-02,9.629825048670002940e-02,2.396850485192816294e-01,-2.937179073629886950e-01,-6.181456454614431273e-02,-1.201563513959250096e-01,-1.549584028455076000e-02,-8.280114806484240031e-02,2.870037439354223840e-01,-3.123835610258918205e-01,7.796773739162546346e-02,-1.281274006307838997e-01,-8.418131736995187672e-03,-1.212016460490644362e-02,-3.567720974365145015e-01,7.460132089310849146e-01,-3.241520885190445345e-01,-1.447069382740693577e-01,-5.804796103436791199e-01,-2.425437098334453645e-01,-8.177557180255377867e-02,9.630812476931774335e-03,-5.630665232468919923e-01,2.595784918627742077e-01,-4.421742851415753073e-01,3.486573880957424265e-01,-7.974823977797736163e-02,1.304245380093098372e-01
1.978212049000138001e-02,-4.477389244756927594e-02,7.476123116244227651e-01,-1.964684156052219632e-02,3.535180737967581754e-02,6.851318736079644589e-01,7.272953781635945747e-01,-9.244222205901055089e-02,1.382988552461536687e-02,9.653530409499605502e-02,2.454233561790107876e-01,-2.971531728975852493e-01,-6.090354150157139407e-02,-1.187157372670691879e-01,-1.524984737368196598e-02,-8.387405885166560049e-02,2.888158438624265356e-01,-3.134825089199381742e-01,7.763300686329477340e-02,-1.305253627460672694e-01,-8.103720010632657969e-03,-8.037885691343822289e-03,-3.644164531124202133e-01,7.388037894062793320e-01,-3.351196946124602172e-01,-1.080435326197616147e-01,-5.655574564783832914e-01,-2.379295841374656773e-01,-7.895057925140085142e-02,3.966076377979542433e-03,-5.627876642672491325e-01,2.617147951977497611e-01,-4.397149022726702938e-01,3.381935500406124118e-01,-8.405123381685655759e-02,1.240954207351303296e-01
1.975278509612436034e-02,-4.496506537625200028e-02,7.475380909994191470e-01,-1.946626300911279833e-02,3.451552352924205924e-02,6.858197597633279852e-01,7.266918193829714490e-01,-9.359603860817504450e-02,1.508188573233727563e-02,9.705385944134664600e-02,2.503263596613128361e-01,-3.000864286960376881e-01,-6.035744057047106453e-02,-1.173596239898963001e-01,-1.466001483306672570e-02,-8.525788844329051930e-02,2.895409761805729509e-01,-3.135435633249177290e-01,7.805811234802415011e-02,-1.327048359738202399e-01,-7.417330658151462773e-03,-6.272602101760100732e-03,-3.736830014304492464e-01,7.317850330710955475e-01,-3.453945390156257234e-01,-7.875291499983291810e-02,-5.598488701773538523e-01,-2.338686917458868975e-01,-7.531407166899622974e-02,-4.405714673862519415e-04,-5.623278549792319891e-01,2.652088689936588639e-01,-4.367908231781380546e-01,3.355901446514194530e-01,-8.690480206612560821e-02,1.177438113031771816e-01
1.985279996819120513e-02,-4.512341109907182929e-02,7.474920411637766549e-01,-1.957230013853334533e-02,3.396580853444853415e-02,6.869228179673773083e-01,7.256723028155653843e-01,-9.487445064320311483e-02,1.614642403350146152e-02,9.623345739569669210e-02,2.531392062890390759e-01,-3.017127228547735740e-01,-6.003829536143715645e-02,-1.162997533276185769e-01,-1.395714917781762897e-02,-8.703172501496678204e-02,2.894041824252528428e-01,-3.132346723899468999e-01,7.808792232853135895e-02,-1.345406428664318310e-01,-6.507139413061063110e-03,-5.577997449640425057e-03,-3.849235082458119517e-01,7.265030457997009306e-01,-3.532675983709998024e-01,-5.040327144900202949e-02,-5.560691263181497535e-01,-2.310784011485810252e-01,-7.171571037991769648e-02,-3.038386159769548844e-03,-5.618931456640557931e-01,2.678883653041447821e-01,-4.351039969957488096e-01,3.391023933122089828e-01,-8.957150225227783480e-02,1.125834191449775062e-01
2.002555285727335502e-02,-4.528844923441269210e-02,7.474243605437267401e-01,-1.960864726598160468e-02,3.386541730450431248e-02,6.874255633085043504e-01,7.251997858336525216e-01,-9.601111585369345724e-02,1.656626270006562873e-02,9.545408132679876478e-02,2.548332914104928237e-01,-3.026455220149645298e-01,-6.049365482719920584e-02,-1.163133217383584411e-01,-1.376654597362143503e-02,-8.817808016936379278e-02,2.897370835385593701e-01,-3.139119582222927307e-01,7.771802720096986083e-02,-1.359519887958366424e-01,-5.850526046497155942e-03,-4.561226779160180642e-03,-3.973527950550514998e-01,7.220346912140466200e-01,-3.583691378502694702e-01,-2.273502279469515053e-02,-5.503763980233746800e-01,-2.281301238269485554e-01,-6.726718052311632390e-02,-5.476975103249508148e-03,-5.616992533220382944e-01,2.702175910661323566e-01,-4.349299201335067311e-01,3.424344477201100023e-01,-9.084782590279789904e-02,1.108038376220323584e-01
2.024957929114634334e-02,-4.543960995471172520e-02,7.474080282079822446e-01,-1.970466695147882891e-02,3.381857203957080310e-02,6.882302694999147263e-01,7.244357296749039943e-01,-9.655488188786495729e-02,1.685463130141744842e-02,9.427759048897953187e-02,2.546300034866540440e-01,-3.024120493478784644e-01,-6.064306574765215840e-02,-1.163797531821709474e-01,-1.347138763632338074e-02,-8.892959897015051407e-02,2.899905712361868781e-01,-3.139703975484497978e-01,7.725365765610224533e-02,-1.383490996943048668e-01,-5.122515452671652994e-03,-4.684821441030383692e-03,-4.127658763955218135e-01,7.200744284396115580e-01,-3.633961407875414551e-01,3.104537151300637912e-03,-5.461976485591127917e-01,-2.247738264250011553e-01,-6.604743370731720742e-02,-7.312132668038043987e-03,-5.614324830411477896e-01,2.725076322372155246e-01,-4.344983990402432328e-01,3.462106017667768154e-01,-9.151414116775907770e-02,1.105988110446982087e-01
2.047950847282774961e-02,-4.563536431085198769e-02,7.474115017607130262e-01,-1.965304005134209386e-02,3.350469304184629238e-02,6.887681071162458091e-01,7.239403899358122230e-01,-9.660539467720576090e-02,1.751124212276729264e-02,9.374766727239207398e-02,2.549198839419632989e-01,-3.023900056380939283e-01,-6.062073884680835301e-02,-1.163397387556655838e-01,-1.289584415451546298e-02,-8.925157460167673640e-02,2.909631570939635314e-01,-3.136762430013123049e-01,7.780420076717102507e-02,-1.410593018507134699e-01,-4.992622188494577964e-03,-4.667858424393564118e-03,-4.337183769440148273e-01,7.183096212026129912e-01,-3.661621870440094906e-01,3.635921102382370235e-02,-5.399368551950183281e-01,-2.206903435186825801e-01,-6.216124964167150935e-02,-9.743463378181358575e-03,-5.611264404378384363e-01,2.755923995620258582e-01,-4.330525784242880705e-01,3.531772489454881314e-01,-9.256089866401051580e-02,1.100195591348985397e-01
2.069197975453384783e-02,-4.587082740572417244e-02,7.474177109259647622e-01,-1.969421610115704158e-02,3.341234353033101234e-02,6.890687601736175116e-01,7.236573753543636967e-01,-9.663343475995372911e-02,1.779917752541654297e-02,9.255703293124376008e-02,2.541038745113834429e-01,-3.018527727797117310e-01,-6.039674947692558193e-02,-1.170411238450455027e-01,-1.236369215183164179e-02,-8.888221785429240018e-02,2.920140847350827795e-01,-3.132536428800016259e-01,7.876711825443127868e-02,-1.444824258600541922e-01,-4.084392008841091111e-03,-4.271351719854253083e-03,-4.586376845142278169e-01,7.166924099431652984e-01,-3.697840958721567151e-01,7.108413097523259838e-02,-5.318137740019089899e-01,-2.171214863560574915e-01,-5.693074757037153849e-02,-1.312688145919755148e-02,-5.609615091362190054e-01,2.795071043226150520e-01,-4.327397632365921898e-01,3.624561232371391606e-01,-9.376563092438758296e-02,1.107679153220504503e-01
2.086392380320500547e-02,-4.617147223043343435e-02,7.474435944287030065e-01,-1.960450909097831776e-02,3.334075255258387577e-02,6.891269967484577874e-01,7.236076559814588194e-01,-9.595375688097275424e-02,1.784784594298606530e-02,9.167114277108880105e-02,2.521570783969487306e-01,-3.004998182655063133e-01,-6.022258885080536417e-02,-1.181129387940376557e-01,-1.208740783016058230e-02,-8.833848494396095985e-02,2.937585892487277750e-01,-3.129355419683024220e-01,7.922848476336971646e-02,-1.491448196351054523e-01,-2.675938916333373864e-03,-4.099163068018905030e-03,-4.886877733745326746e-01,7.152321885685346547e-01,-3.742457117837257319e-01,1.122163850813043540e-01,-5.215931305159132725e-01,-2.122404957069412845e-01,-5.283552349973740653e-02,-1.793314338521950074e-02,-5.621607024863729540e-01,2.839202272960907325e-01,-4.323645884221792302e-01,3.693847163933156041e-01,-9.226509740781174695e-02,1.167040910886084915e-01
2.099572440466047213e-02,-4.653804321252093951e-02,7.475175058384216920e-01,-1.987822156226223477e-02,3.346402184102216515e-02,6.894841077047907385e-01,7.232542296953919925e-01,-9.617519326249825140e-02,1.792421184412883867e-02,9.019441394109281585e-02,2.496728859894498664e-01,-2.985423054251641339e-01,-5.954910820136904287e-02,-1.197888335644750057e-01,-1.134574497323942617e-02,-8.650975494643771413e-02,2.947450414993666445e-01,-3.115039349322979989e-01,7.993662507023890917e-02,-1.554908821157761079e-01,-1.084481250143850065e-03,-3.597580602314132993e-03,-5.256732542800801600e-01,7.168314888103576310e-01,-3.807764192472072873e-01,1.601026303588849176e-01,-5.105208754955212758e-01,-2.061433709698455574e-01,-4.897006483844601465e-02,-2.344162514292799301e-02,-5.637445357336674512e-01,2.897709744857482894e-01,-4.320825200446753445e-01,3.792023949241337122e-01,-8.931226728087121591e-02,1.245887177886029623e-01
2.108091759502504423e-02,-4.702138587482349030e-02,7.476231391377476942e-01,-1.987668826494642590e-02,3.310082018217148231e-02,6.895618514417880540e-01,7.231968653161188199e-01,-9.567623036216935106e-02,1.852767016129763800e-02,8.946804467905104807e-02,2.481012498309760339e-01,-2.965933579313489443e-01,-5.891036043976945191e-02,-1.206288211544263439e-01,-1.045762899124746438e-02,-8.536122637649509737e-02,2.959116566165059803e-01,-3.091795778256917204e-01,8.166829261787904304e-02,-1.619477032243015202e-01,1.223225524084057061e-03,-3.316100089529872876e-03,-5.666908084802333434e-01,7.184990096693310013e-01,-3.897764505008112224e-01,2.127949366553582855e-01,-4.983325796404213803e-01,-2.014796813139578813e-01,-4.404503648881052252e-02,-3.085639598372501638e-02,-5.661606874687609148e-01,2.964465201449547060e-01,-4.311102697540011297e-01,3.892292931439830794e-01,-8.832587433412994460e-02,1.294811834777334636e-01
2.113999320311381672e-02,-4.760845295807102778e-02,7.477662826654112305e-01,-2.011828295981633874e-02,3.281387421280444749e-02,6.899822812769260683e-01,7.228021554158405859e-01,-9.590438481183144459e-02,1.906159058002631496e-02,8.760192354847270990e-02,2.462069301307714397e-01,-2.941956696666389037e-01,-5.728202755560201503e-02,-1.228445332267018020e-01,-9.416016207089893120e-03,-8.407740419757128714e-02,2.987019381137591134e-01,-3.067274499631810203e-01,8.223035660997604634e-02,-1.684326386649678542e-01,3.197643228508201957e-03,-3.068215194662857886e-03,-6.096952637169746891e-01,7.199414805748441948e-01,-4.024382523390894195e-01,2.661782791168760265e-01,-4.866530838206711840e-01,-1.939074861065115396e-01,-4.203924082882391777e-02,-3.814182572443847175e-02,-5.701048761160224521e-01,3.032030111496473168e-01,-4.293338550065863846e-01,3.948785207424422850e-01,-8.421863294542901446e-02,1.365577468515003501e-01
2.117877560561583911e-02,-4.826622157179316641e-02,7.478358285444305364e-01,-2.055577059881833618e-02,3.333947058830288857e-02,6.900014451953281336e-01,7.227474978333305877e-01,-9.766726679027895597e-02,1.901180955698072647e-02,8.789030774250949918e-02,2.445560011540982015e-01,-2.919720850943939849e-01,-5.646763539003397253e-02,-1.276967857282172991e-01,-9.231152618026570306e-03,-8.220790368828169437e-02,3.030772978354109859e-01,-3.057697137897797401e-01,8.280537139517962775e-02,-1.766018860992365491e-01,5.921780749447548911e-03,-3.409852520194579795e-03,-6.613092189061086090e-01,7.248676059952435802e-01,-4.220054836561772382e-01,3.276424004051824435e-01,-4.685539735823420204e-01,-1.861502426536450483e-01,-3.935815823940472941e-02,-4.629808390037730426e-02,-5.728694527670891157e-01,3.126750601236600868e-01,-4.285258997531437575e-01,4.079572138873603371e-01,-8.074451610709991456e-02,1.444253375048409338e-01
2.119948278298632721e-02,-4.903785995358968253e-02,7.478709369097392701e-01,-2.099602395316622211e-02,3.391027464153818088e-02,6.894755469911162393e-01,7.232100181504649283e-01,-9.979025571721426846e-02,1.913910587896048426e-02,8.909152556207911022e-02,2.436240121939080849e-01,-2.904506107322334385e-01,-5.470638281258977109e-02,-1.347869051744738644e-01,-8.974892640022663279e-03,-7.929675129965157998e-02,3.108661156019630334e-01,-3.050645651719751106e-01,8.400804084032406638e-02,-1.851423379514178236e-01,7.109116372657434818e-03,-3.559264161076875280e-03,-7.159738938320512336e-01,7.291660246404458867e-01,-4.452295519124157552e-01,3.936711902778828875e-01,-4.497610398050279068e-01,-1.748728537939863159e-01,-3.677492616532839625e-02,-5.685512584657945179e-02,-5.768974344138704247e-01,3.232159140547949394e-01,-4.264355327126018169e-01,4.175696975566794422e-01,-7.499773233367523773e-02,1.509483182427562298e-01
2.124457246153104231e-02,-4.985180958063202550e-02,7.479579089110622858e-01,-2.126362080035281918e-02,3.459818682702617276e-02,6.893086117875728558e-01,7.233287368923149163e-01,-1.017109890186711635e-01,1.861223163502785313e-02,8.891068406326242679e-02,2.415654760978347970e-01,-2.864924179209878408e-01,-5.580540511313797358e-02,-1.408166044721855803e-01,-9.713810318156853099e-03,-7.911968054359974634e-02,3.171711392367743132e-01,-3.042149363636367787e-01,8.422056570477427784e-02,-1.944404601101674401e-01,1.104130416091928836e-02,-3.975552708125775284e-03,-7.702226241789755790e-01,7.324932496355865963e-01,-4.712084280628898725e-01,4.570432425346730998e-01,-4.319033571334238153e-01,-1.668302703851786140e-01,-3.911521828162810299e-02,-6.877304861283657644e-02,-5.809140419654743592e-01,3.330058147709243910e-01,-4.250447710361385245e-01,4.251764292044127314e-01,-7.012929216436647462e-02,1.588223065318724869e-01
2.131287166707675901e-02,-5.068230693438418449e-02,7.480504562992765782e-01,-2.219402787638359575e-02,3.579803439298800960e-02,6.888810914451578560e-01,7.236496166720121082e-01,-1.046879632332326088e-01,1.848961478452987653e-02,8.972320179624734826e-02,2.381969955960224761e-01,-2.827210402476089679e-01,-5.635076541181446852e-02,-1.484682163323790272e-01,-9.793780323807236426e-03,-7.781602059923203862e-02,3.224293489511530497e-01,-3.022169251888050523e-01,8.655658426266317484e-02,-2.038786916057948040e-01,1.340508649738964345e-02,-5.056058170067570696e-03,-8.259386950032920893e-01,7.354307420442378618e-01,-4.983852175252075356e-01,5.261364736981345436e-01,-4.083154842375083526e-01,-1.548654391567223232e-01,-4.213672686438183629e-02,-8.024640901547309968e-02,-5.849765047193909995e-01,3.443764697536251806e-01,-4.233387168740535556e-01,4.361020522987175130e-01,-6.283887645633196017e-02,1.685230127115858179e-01
2.140571590360282328e-02,-5.155343439926403371e-02,7.481146313691867666e-01,-2.291134867514512535e-02,3.705504355549547879e-02,6.887547368001972758e-01,7.236842587650214043e-01,-1.084289016722638777e-01,1.802202490544523375e-02,9.129552829749661147e-02,2.365536540975721747e-01,-2.791460061101070367e-01,-5.572653698574529801e-02,-1.569769450155371060e-01,-1.030109711729387117e-02,-7.574237441130587944e-02,3.298911114139684853e-01,-3.011814073160087313e-01,8.903557840172007798e-02,-2.133500985739328615e-01,1.374628020000891009e-02,-5.182860759150536775e-03,-8.817056695335137029e-01,7.393548605114311778e-01,-5.275143472142685974e-01,5.951166064714112913e-01,-3.825224817004255762e-01,-1.441332352453034704e-01,-4.604169349309611414e-02,-9.100778426187580705e-02,-5.882166351584674491e-01,3.544836653081062661e-01,-4.212470981490350486e-01,4.469213193040049714e-01,-5.735554756794788989e-02,1.759000594196560574e-01
2.153977476050523282e-02,-5.240628986998435712e-02,7.481699820719284189e-01,-2.375942843957936160e-02,3.842286927058929935e-02,6.885621001199760949e-01,7.237688905690882191e-01,-1.125039920696737916e-01,1.752952135335381079e-02,9.192635063038483156e-02,2.348163383056560138e-01,-2.757494578932676577e-01,-5.500229180632689591e-02,-1.651755264145269853e-01,-1.117568451220801035e-02,-7.616319838656912533e-02,3.363123978739444575e-01,-2.998681310023434410e-01,9.227945803599052477e-02,-2.222812117858049830e-01,1.524186272864101743e-02,-6.583268445710467424e-03,-9.370997494300342678e-01,7.380558948578701539e-01,-5.554655196835937003e-01,6.691645536457446752e-01,-3.612000720880393922e-01,-1.356309433082901195e-01,-4.820880689036842470e-02,-1.017640952076643152e-01,-5.908937667598451737e-01,3.649535777140433535e-01,-4.189094222318429095e-01,4.592781859775724729e-01,-5.109731433076462187e-02,1.833676370647000231e-01
2.167473444024332896e-02,-5.324317182357975881e-02,7.481849729567294771e-01,-2.483164824891360284e-02,3.974663359157792203e-02,6.883616296485388641e-01,7.238520989753279844e-01,-1.170903716145820228e-01,1.791263679758465371e-02,9.449516142374138339e-02,2.338560853206875512e-01,-2.733928880912422921e-01,-5.726894263896628590e-02,-1.729661970013769423e-01,-1.144009497019880112e-02,-7.634526959444444538e-02,3.411974467917478493e-01,-2.980386453996831109e-01,9.499197257094976754e-02,-2.330672158463500676e-01,1.684637958650542222e-02,-6.805763856798172605e-03,-9.895851197341346550e-01,7.380960063700475748e-01,-5.821649759453638717e-01,7.417148304930499814e-01,-3.351259808618919367e-01,-1.288379729310161481e-01,-4.991975388777560030e-02,-1.128778766765389102e-01,-5.925780838632604963e-01,3.744357147083131054e-01,-4.170042337362462326e-01,4.662853287129248847e-01,-4.757999360809327810e-02,1.897015084014856134e-01
2.184589986051341595e-02,-5.407826137989714399e-02,7.481870086071346071e-01,-2.617092487024502354e-02,4.110019753534956827e-02,6.877713464597813298e-01,7.242902950080798430e-01,-1.227677625258431632e-01,1.875837322135634824e-02,9.631475949099581324e-02,2.346685209009397588e-01,-2.727509700121301117e-01,-5.620293153327806518e-02,-1.817796871292430005e-01,-1.051969989148314119e-02,-7.385768322779549810e-02,3.466725320620199224e-01,-2.960223418815091656e-01,9.712940543999709631e-02,-2.419040444051410443e-01,1.713351739627656800e-02,-5.927587676801544282e-03,-1.038174621431456002e+00,7.356481093939190030e-01,-6.064765304495525200e-01,8.125139400037529880e-01,-3.137247299640794074e-01,-1.221966448229000329e-01,-5.022766882492294555e-02,-1.234338513152680866e-01,-5.932308196550006851e-01,3.825218874571931771e-01,-4.146699607051504977e-01,4.717803652434063855e-01,-4.184954953823292328e-02,1.957741675339296772e-01
2.205144447982940528e-02,-5.489136744801956930e-02,7.482109374803266322e-01,-2.679004696476939076e-02,4.199892810392157755e-02,6.873239233975488860e-01,7.246407439187697586e-01,-1.270186180108318907e-01,1.922329997375495092e-02,9.821231653033923870e-02,2.362768692820413630e-01,-2.712857943532616112e-01,-5.555691833279730735e-02,-1.895457676199581998e-01,-1.034198346036931636e-02,-7.240807161324136487e-02,3.541310329070546103e-01,-2.950852039917775116e-01,9.744275608352950813e-02,-2.491592715284673409e-01,1.635412487085911165e-02,-4.430485439900475053e-03,-1.080080183200615052e+00,7.341966937867466791e-01,-6.264790131967817866e-01,8.716717742282924508e-01,-2.908637175625587989e-01,-1.186829960685184399e-01,-4.981680356340204702e-02,-1.339079052559179195e-01,-5.945578638381824321e-01,3.889388806982036484e-01,-4.122039538548636917e-01,4.678854159111751065e-01,-3.739374184846872701e-02,2.011472839061284601e-01
2.224910814913462834e-02,-5.557148277595801850e-02,7.482814471479148910e-01,-2.765271208118511362e-02,4.308055898376929316e-02,6.869642482402236183e-01,7.248858631480865622e-01,-1.310832219739828386e-01,1.997983786893655495e-02,1.011037934147719503e-01,2.364135810072666433e-01,-2.687264823685201476e-01,-5.828418439764897901e-02,-1.956137655143813658e-01,-1.005701211114996135e-02,-7.160722441083593182e-02,3.572780730714527619e-01,-2.925012177434452854e-01,9.884420060005083553e-02,-2.586282714714437381e-01,1.833355470616361213e-02,-2.317170556077638704e-03,-1.119363115353187776e+00,7.337335383013214862e-01,-6.422880107253635673e-01,9.331498592297775563e-01,-2.750754183345095472e-01,-1.166834102727390132e-01,-5.161590707154201790e-02,-1.447578648077865460e-01,-5.938912508214262420e-01,3.960178951290492244e-01,-4.114599547035062144e-01,4.623499786044241722e-01,-3.632206898504142245e-02,2.069334968420030452e-01
2.244215100602985069e-02,-5.619214850467258576e-02,7.483488649418534866e-01,-2.850648572836554304e-02,4.393370334199753896e-02,6.865383415702975833e-01,7.252050162098870878e-01,-1.343927938733406047e-01,2.104225186559959340e-02,1.034167958914912200e-01,2.360071565176646846e-01,-2.666044389084165633e-01,-6.089356699734003314e-02,-1.998497150735893124e-01,-9.443217043621388029e-03,-7.139899099709509644e-02,3.577302185799855483e-01,-2.898236676652956034e-01,1.001986518530941367e-01,-2.662997181351873799e-01,1.997774090124192214e-02,1.075834889802454279e-03,-1.153941294172033949e+00,7.342663546623264814e-01,-6.562382283383676462e-01,9.883102063389461733e-01,-2.586152515832561560e-01,-1.149376340917877548e-01,-5.279775999273281228e-02,-1.544011589369781445e-01,-5.937645679850250824e-01,4.005896064062980932e-01,-4.111926875642743506e-01,4.552672573860702676e-01,-3.592607118547633260e-02,2.128425296267797695e-01
2.258907050187592899e-02,-5.671294854874234237e-02,7.484062328207969905e-01,-2.943553043544016798e-02,4.450252220312182067e-02,6.862541024596408024e-01,7.254022207871015926e-01,-1.376933457133447669e-01,2.260096505484967752e-02,1.058613375984473748e-01,2.365985363220430848e-01,-2.657842509263961817e-01,-6.209926289727062121e-02,-2.039536294318599063e-01,-7.988419737620598357e-03,-6.941424029038716081e-02,3.587095760780438236e-01,-2.868378701779154549e-01,1.012175763243695487e-01,-2.736180096118240868e-01,2.047964950102240320e-02,4.905564890658436171e-03,-1.184374873928634164e+00,7.343517375107282419e-01,-6.679794598098219849e-01,1.034066807423174250e+00,-2.439793489403725424e-01,-1.125912832498760924e-01,-5.376250589026027038e-02,-1.620686442994282439e-01,-5.933656894051763109e-01,4.043617174697896610e-01,-4.106624829898714579e-01,4.484864229011520376e-01,-3.404227096141772962e-02,2.176196273764803846e-01
2.268414443381956691e-02,-5.710123050230210551e-02,7.484350829234168723e-01,-3.037590302054146013e-02,4.491482578283532978e-02,6.861125501688294381e-01,7.254719370460934735e-01,-1.401598557036945192e-01,2.414612721952024907e-02,1.076912253727332486e-01,2.363274530375984450e-01,-2.653504088446648201e-01,-6.316888157639116708e-02,-2.069405240502510956e-01,-6.508059989537254286e-03,-6.808797860108964373e-02,3.585829625006534682e-01,-2.843137687937586922e-01,1.028739417999016137e-01,-2.790557253749858524e-01,2.080092927190644453e-02,8.360028570415727056e-03,-1.210163196745503544e+00,7.353064023016070427e-01,-6.777692033788030868e-01,1.070169625130911184e+00,-2.302856311159975633e-01,-1.113467354047970453e-01,-5.340645031234481088e-02,-1.675159915716963321e-01,-5.934117984617173214e-01,4.056779785783579118e-01,-4.109080854248029491e-01,4.419864066368119349e-01,-3.334243256718784354e-02,2.198466128242736461e-01
2.270084787506767426e-02,-5.731966130164295459e-02,7.485013935256902284e-01,-3.136599485843691304e-02,4.529968571209150308e-02,6.862726557080551792e-01,7.252544069968417384e-01,-1.418124872096560851e-01,2.547633617561044159e-02,1.092203352301884534e-01,2.345280952654068274e-01,-2.640444292284339634e-01,-6.490608421086309365e-02,-2.097138223585918726e-01,-5.237835018021197095e-03,-6.739850387152238054e-02,3.588326152816845860e-01,-2.818905977053435818e-01,1.028731905047199913e-01,-2.857995516682388382e-01,2.189075046026492041e-02,1.087271478211370747e-02,-1.232457497915759870e+00,7.354599221690204525e-01,-6.851879821872360887e-01,1.104902001740535988e+00,-2.212839407286633642e-01,-1.107107498235529730e-01,-5.205012995726588515e-02,-1.731900106905224224e-01,-5.953368774419313114e-01,4.070156215943316336e-01,-4.114657861138384387e-01,4.324101597973864508e-01,-3.312506911467576892e-02,2.208856538813159798e-01
2.263921145301613091e-02,-5.742510597745918710e-02,7.485125485631917153e-01,-3.266476327532018276e-02,4.586089097509940538e-02,6.865724552534659963e-01,7.248779591119913768e-01,-1.438232365936939483e-01,2.680678991754339643e-02,1.107267888802335037e-01,2.320929015304996068e-01,-2.632593733487934018e-01,-6.619239196812594372e-02,-2.129053698866918143e-01,-4.041922420986880649e-03,-6.704378376305487885e-02,3.588390066691501401e-01,-2.797972012391349295e-01,1.044783866325495053e-01,-2.916680314330729606e-01,2.292865172967905110e-02,1.336856562913251410e-02,-1.252329050733441029e+00,7.352370801683202339e-01,-6.918862481486485194e-01,1.133871503273620851e+00,-2.147612695483246126e-01,-1.108201551304823784e-01,-5.008787596381517743e-02,-1.766232102483654975e-01,-5.966147507188463983e-01,4.074373291113627116e-01,-4.123993337107130230e-01,4.242307214363848500e-01,-3.412002874202747782e-02,2.192387183691552333e-01
2.249611331543244219e-02,-5.741993825361932369e-02,7.485233862596936127e-01,-3.421165035924129266e-02,4.657045358010723779e-02,6.868540523309687451e-01,7.244944904066336067e-01,-1.455790359773903586e-01,2.802872696585304371e-02,1.119661398562921406e-01,2.281947466976526617e-01,-2.623890028162347843e-01,-6.747300519002798203e-02,-2.160587989707093426e-01,-2.824859228017288088e-03,-6.688264451497830110e-02,3.578641998553375725e-01,-2.774634106472524953e-01,1.068820395777068943e-01,-2.969740848051972137e-01,2.473916770908159146e-02,1.535879503428139170e-02,-1.271765454496359915e+00,7.336920885919970825e-01,-6.978804021776958688e-01,1.160810957786943431e+00,-2.099198590081824967e-01,-1.100182959102330438e-01,-4.632554329096805895e-02,-1.800912384040787018e-01,-5.994127352937047570e-01,4.081111563278795318e-01,-4.138394834474831696e-01,4.179351117572235874e-01,-3.343810910306213580e-02,2.177044635914914539e-01
2.229743292904198815e-02,-5.736825111541119654e-02,7.485468346053332223e-01,-3.554278955036808268e-02,4.719553917262947484e-02,6.870499618401895159e-01,7.242041432694085179e-01,-1.474160856065082625e-01,2.904587844130118376e-02,1.133239959600533808e-01,2.256183088551105276e-01,-2.616663925279931191e-01,-6.865820264601235623e-02,-2.188496122700114288e-01,-2.019915406260834601e-03,-6.708202239174067272e-02,3.571743621890990927e-01,-2.753547244504399027e-01,1.085775085456998634e-01,-3.006127305731504662e-01,2.593999263081513129e-02,1.738753881158295461e-02,-1.287449104442271564e+00,7.318159203090167653e-01,-7.026480451482588485e-01,1.182325608734589695e+00,-2.075695332449063180e-01,-1.093646690193440935e-01,-4.346979620066847988e-02,-1.833809919735513716e-01,-6.025326756405231521e-01,4.093066022645368007e-01,-4.151266781885954993e-01,4.128858452845743376e-01,-3.225087753614309244e-02,2.152937124194486684e-01
2.206856911668600082e-02,-5.725077066367365020e-02,7.486147887110186083e-01,-3.693633791537133393e-02,4.757166994841684898e-02,6.876708874497245993e-01,7.235201405032407607e-01,-1.488240063007623404e-01,3.032704059679436001e-02,1.145871914651015455e-01,2.225765331762350474e-01,-2.605977612922689701e-01,-6.975978841600043168e-02,-2.206643139784306429e-01,-1.036628572547684118e-03,-6.794753917279938715e-02,3.555990851139737563e-01,-2.724188224473688136e-01,1.103111787690100598e-01,-3.056351936791362189e-01,2.725069537240957726e-02,1.944055478254646391e-02,-1.302410923537013820e+00,7.285252004199457287e-01,-7.060380665468785066e-01,1.205550357241503612e+00,-2.074569324184958596e-01,-1.081355343059711704e-01,-3.891005501228129299e-02,-1.861918434996480687e-01,-6.054879275008842043e-01,4.101192275318230052e-01,-4.149613803000896106e-01,4.071387484589001349e-01,-3.044942006739676313e-02,2.109431360407675315e-01
2.184333973430079359e-02,-5.710368624920185432e-02,7.486891662119019575e-01,-3.830086625902740655e-02,4.814806739866572816e-02,6.881361143077204812e-01,7.229685300447414864e-01,-1.503633290710434944e-01,3.115555988213315752e-02,1.152712660066976813e-01,2.193636687144729369e-01,-2.589708575097093290e-01,-7.044809460925549605e-02,-2.228288904738314480e-01,-1.809364789880918423e-04,-6.801585694709527674e-02,3.541739732892117964e-01,-2.699906776156821842e-01,1.114028537554309500e-01,-3.096593969916857092e-01,2.869835176288752093e-02,2.148640864404828543e-02,-1.315971845825944619e+00,7.262230379582976791e-01,-7.114711555732972093e-01,1.225396062840856448e+00,-2.035117083731385612e-01,-1.068627856867251230e-01,-3.538141944481618117e-02,-1.886416321037432675e-01,-6.084741795057880820e-01,4.107907637591557415e-01,-4.153934689859441476e-01,4.004640374930660274e-01,-2.879119180902495884e-02,2.069994895568433302e-01
2.165655539684380182e-02,-5.697664962145614076e-02,7.487046283756325638e-01,-3.942099068045535476e-02,4.861964301523453297e-02,6.885999458453434530e-01,7.224349315949731842e-01,-1.521511168718532037e-01,3.194104082007299256e-02,1.161701855705715020e-01,2.178207676922765956e-01,-2.585944451054510429e-01,-7.145468068825736041e-02,-2.249998565499023440e-01,1.966883830655311027e-04,-6.918716750648648550e-02,3.540131385653514373e-01,-2.685722008168698327e-01,1.122784098398255936e-01,-3.127261096396665718e-01,2.986690103822997600e-02,2.344975805519289996e-02,-1.327389531943336198e+00,7.237304900723861012e-01,-7.162943929805452026e-01,1.242429503484188347e+00,-1.999089132246145151e-01,-1.057769013226640825e-01,-3.259931067363187884e-02,-1.907781601153373530e-01,-6.106415648213524561e-01,4.117281104814581871e-01,-4.154926559778580608e-01,3.948888752685255077e-01,-2.701485646223551751e-02,2.035590422917343545e-01
2.153624332343127487e-02,-5.684982694733320407e-02,7.487145135055004452e-01,-4.039399459570721523e-02,4.912469489185884719e-02,6.891384686351692546e-01,7.218332637109200478e-01,-1.540720502420532823e-01,3.245789375752015926e-02,1.166262754064854301e-01,2.168436919386931561e-01,-2.580908378665996428e-01,-7.223502838809819915e-02,-2.268953293186984355e-01,3.000673982868802547e-04,-7.049633634958313300e-02,3.537703937162668399e-01,-2.675564253699397321e-01,1.132503709570728267e-01,-3.145099249411267839e-01,3.021708245595599446e-02,2.521150761703877877e-02,-1.337290528916911247e+00,7.209776045170795955e-01,-7.198448735209549421e-01,1.255694437868928981e+00,-1.958964244399797328e-01,-1.044084343646092539e-01,-2.997641674696953362e-02,-1.923459722634495439e-01,-6.134308855932215643e-01,4.124721895372998048e-01,-4.160146354431493165e-01,3.892644225886780496e-01,-2.469783853338541890e-02,2.006987325915771114e-01
2.147761797049711416e-02,-5.674152293306382322e-02,7.487098069492172936e-01,-4.115688600179036316e-02,4.966800661077114265e-02,6.896323102790520299e-01,7.212811355311646855e-01,-1.559409233337929468e-01,3.263791608803909977e-02,1.167575877594565215e-01,2.163391350163823001e-01,-2.579068926533710782e-01,-7.298956963832166356e-02,-2.284764581749559598e-01,1.885953854358669857e-04,-7.150554962939995041e-02,3.535273683343418405e-01,-2.673844646502436806e-01,1.136783079288658516e-01,-3.153694176622210965e-01,3.067336416324934270e-02,2.677071553401980455e-02,-1.344307564560922597e+00,7.184235625918182766e-01,-7.230927244791617303e-01,1.264202153368437109e+00,-1.932212199845589895e-01,-1.036271936000825733e-01,-2.679683468189523673e-02,-1.927426620920590916e-01,-6.152249549058143030e-01,4.123351688142868898e-01,-4.171959075266459260e-01,3.866406688724983720e-01,-2.216974874685906718e-02,1.980364973130818163e-01
2.148486970335636639e-02,-5.663643350485693395e-02,7.486837732189358663e-01,-4.165320995361104089e-02,5.001047765048470539e-02,6.901632229848730926e-01,7.207209500665733293e-01,-1.572476000323115852e-01,3.287640399534059316e-02,1.172058306098329034e-01,2.161536768006668829e-01,-2.576817677576137555e-01,-7.371729612024144340e-02,-2.297541638744410863e-01,-1.357390993844062588e-04,-7.311084082684458918e-02,3.542094700083910364e-01,-2.675287022537742310e-01,1.140199531717269732e-01,-3.165434021510172280e-01,3.117876733161568936e-02,2.783898523128654559e-02,-1.349541922643048508e+00,7.161928626503564210e-01,-7.264655187238469036e-01,1.271482810728260082e+00,-1.875937235338389075e-01,-1.029719945284357091e-01,-2.491907823729247809e-02,-1.935139684431741447e-01,-6.172765226008511963e-01,4.129051290861325274e-01,-4.181791470191935645e-01,3.816953297192069994e-01,-2.041736016371334742e-02,1.953144850111929731e-01
2.154263744643056949e-02,-5.654815563743797319e-02,7.487067352030040146e-01,-4.207376943575245193e-02,5.053777605840130416e-02,6.905472512198643775e-01,7.202917637660648520e-01,-1.584850489813013075e-01,3.275592443958553340e-02,1.174613566463291320e-01,2.155279745811306269e-01,-2.566783529411399978e-01,-7.498657665143405870e-02,-2.310206712356477066e-01,-6.027637063150438623e-04,-7.411047659824385181e-02,3.543347306653537032e-01,-2.675262963348439271e-01,1.144689526733207174e-01,-3.175255465471423233e-01,3.167674603164562230e-02,2.857913813710323200e-02,-1.353908625415512157e+00,7.141267164385424193e-01,-7.298782826109421196e-01,1.278320310665657766e+00,-1.818053372806928969e-01,-1.014774329997121943e-01,-2.355841031079658476e-02,-1.942966149491176242e-01,-6.188380419898426021e-01,4.140113634732441317e-01,-4.188802867434931465e-01,3.767500219003950268e-01,-1.817509376634884877e-02,1.925707370074608848e-01
2.163177297817764355e-02,-5.647494359672104031e-02,7.487195589173097909e-01,-4.244462317768251530e-02,5.120811287234902642e-02,6.905030291733001979e-01,7.202650552691385322e-01,-1.594207436502979580e-01,3.262268510967410162e-02,1.184304382347336204e-01,2.143341501846729447e-01,-2.552331510467907849e-01,-7.716708603712237047e-02,-2.324549113593547267e-01,-1.188028656591774701e-03,-7.516309266625068042e-02,3.541071815694187275e-01,-2.675948956615181173e-01,1.150374096672405477e-01,-3.192944956671649459e-01,3.220051797692789763e-02,2.851020664346255035e-02,-1.357009532956893860e+00,7.135379607718589368e-01,-7.331225252024479166e-01,1.285227284052425256e+00,-1.769362746590389945e-01,-1.003232223673194701e-01,-2.554341824885378656e-02,-1.962405575371584110e-01,-6.190803452000276375e-01,4.161069366644385981e-01,-4.189995593190102285e-01,3.716943405817837442e-01,-1.583724722241406160e-02,1.917111335713882203e-01
2.175183916788129765e-02,-5.643784277342529104e-02,7.487154580340360521e-01,-4.284038641934356101e-02,5.179529879720588120e-02,6.904804661747493411e-01,7.202212674901040668e-01,-1.606775006414327134e-01,3.275431607408833823e-02,1.195396412134840242e-01,2.139532703278994863e-01,-2.546936756085551590e-01,-7.789193081952877629e-02,-2.341547131035184859e-01,-1.422425095117391125e-03,-7.567892372108030175e-02,3.545475557345744155e-01,-2.677149511445986452e-01,1.151881922579751777e-01,-3.201194752044332348e-01,3.256664696820883720e-02,2.832811127152738695e-02,-1.359678633029635320e+00,7.124399681358487557e-01,-7.358148417244327888e-01,1.290919476836145829e+00,-1.734509654475896723e-01,-9.838320890274536434e-02,-2.625625910262595342e-02,-1.980895952013645711e-01,-6.194570264239429580e-01,4.184901623865378006e-01,-4.190873417504394904e-01,3.668182049547662471e-01,-1.374958842409792353e-02,1.894240139295539915e-01
2.188469538436679449e-02,-5.643264185783822967e-02,7.486866772073906828e-01,-4.278279027572491622e-02,5.203338731594055189e-02,6.902792466042869668e-01,7.204003894835647737e-01,-1.616315558293566490e-01,3.291722886774796353e-02,1.206478453864256867e-01,2.156855252752402641e-01,-2.549696763273952560e-01,-7.769989916411546016e-02,-2.350831697970592604e-01,-1.801174406246577181e-03,-7.622817558601875654e-02,3.557467294461614249e-01,-2.683443157065066309e-01,1.146695477521671169e-01,-3.203117968821335149e-01,3.262260550364752543e-02,2.785107912430913324e-02,-1.360097214759395490e+00,7.110285166378790267e-01,-7.370453435268832232e-01,1.295065230308180437e+00,-1.723782060995487642e-01,-9.668024629028215688e-02,-2.715644647308768436e-02,-1.999234742059760872e-01,-6.189972818131603827e-01,4.206939537922370631e-01,-4.183835144461128253e-01,3.632259148325112652e-01,-1.171852028076636985e-02,1.870240556057649606e-01
2.201814141774164485e-02,-5.643446247498716539e-02,7.486283725467274275e-01,-4.263896355449348780e-02,5.235488056981392468e-02,6.897188603466437584e-01,7.209221726023188337e-01,-1.625531197321096466e-01,3.302861053721815182e-02,1.222187437170349361e-01,2.178032939716135763e-01,-2.556665942880234077e-01,-7.791641524992660994e-02,-2.360871342865038802e-01,-2.221491181282175820e-03,-7.635847611227709886e-02,3.568765701960865955e-01,-2.693341538767609622e-01,1.145850401918825229e-01,-3.196483118258148237e-01,3.230643459583678462e-02,2.748156020283647541e-02,-1.359908342896940070e+00,7.099788581572196167e-01,-7.375177008396475165e-01,1.298342140136668155e+00,-1.713937105765195035e-01,-9.521478299136038048e-02,-2.764677121064133825e-02,-2.015270743596181968e-01,-6.176691161480852843e-01,4.227553366309775851e-01,-4.174119438973636909e-01,3.611248300954162938e-01,-9.721630645773499113e-03,1.859455320096772835e-01
2.214533766112889920e-02,-5.643459290775888759e-02,7.485704127494182680e-01,-4.242324054216810303e-02,5.260546451685760988e-02,6.891269132293302846e-01,7.214825231617769674e-01,-1.638178063937439088e-01,3.317291005654170177e-02,1.235930410435035903e-01,2.211551259863310526e-01,-2.568993997559544940e-01,-7.744355996852622659e-02,-2.371888079630720403e-01,-2.543912712288633193e-03,-7.601885150913090250e-02,3.586138884731552845e-01,-2.704307299285163002e-01,1.140915963689938528e-01,-3.188166118988923214e-01,3.201417922803764804e-02,2.713659862104724971e-02,-1.359221286404333373e+00,7.088510341703342377e-01,-7.385437270383152786e-01,1.301177582235277352e+00,-1.685207214462195457e-01,-9.352602783393715313e-02,-2.862141476863533374e-02,-2.034497502703330185e-01,-6.169626357248418902e-01,4.248523466822419214e-01,-4.162899529239338370e-01,3.577808911389113722e-01,-7.507773375153404573e-03,1.858610744319767194e-01
2.227729982606810669e-02,-5.643778773623718548e-02,7.485328606075843938e-01,-4.216599674585557594e-02,5.257344416412725041e-02,6.884966693760109502e-01,7.221013765014506758e-01,-1.646647620031266024e-01,3.374919883532953579e-02,1.250244403952409933e-01,2.249216616675764613e-01,-2.587575706504335327e-01,-7.602437844479145723e-02,-2.373804326719699820e-01,-2.457544258286516181e-03,-7.572809870717929492e-02,3.595079579061181141e-01,-2.709657315996880644e-01,1.143566765179672290e-01,-3.169916144218750675e-01,3.044546747148856383e-02,2.643346809871466654e-02,-1.357161730761313745e+00,7.069685297672898550e-01,-7.379265180584597683e-01,1.299549406203864388e+00,-1.690435409920942600e-01,-9.256322527879076723e-02,-2.903707849710920538e-02,-2.044607057608159029e-01,-6.159616259161386775e-01,4.263196282768288992e-01,-4.145454241161483089e-01,3.566657634637532270e-01,-5.058997840488540718e-03,1.849117560029171770e-01
2.241247192458427351e-02,-5.640695839599506323e-02,7.484917403604378627e-01,-4.183810984262784083e-02,5.252075930377528984e-02,6.877995349514405277e-01,7.227883107297277121e-01,-1.652563148780127056e-01,3.418319506223998355e-02,1.257893221627794655e-01,2.285387775569520663e-01,-2.602953620315265337e-01,-7.468703224669506757e-02,-2.368781682515960774e-01,-2.282915493340829938e-03,-7.506341387252918329e-02,3.593337939029787043e-01,-2.715259608003213199e-01,1.142563828384980246e-01,-3.148512789570798720e-01,2.941778827189058323e-02,2.597255878551553779e-02,-1.353488174662202725e+00,7.059976572788958515e-01,-7.381433991475410128e-01,1.294895669563321361e+00,-1.669286433448655127e-01,-9.196415139510963344e-02,-3.075783010909176329e-02,-2.051796352138473001e-01,-6.149740589806369506e-01,4.272443751095478248e-01,-4.135406120903055149e-01,3.543618739615527757e-01,-3.489082987872842677e-03,1.849294840849346200e-01
2.256807031871350955e-02,-5.635816437254628775e-02,7.484384183533751012e-01,-4.171095321616795359e-02,5.280581581129218521e-02,6.867409053717618006e-01,7.237808170209236724e-01,-1.661376172462300793e-01,3.461515600407554655e-02,1.272369487145762756e-01,2.315361966181091469e-01,-2.619252578338344684e-01,-7.293769167895233774e-02,-2.366099948977176959e-01,-2.022204300727137305e-03,-7.413341435131989843e-02,3.578303374715445795e-01,-2.722626115382636991e-01,1.143555652856319410e-01,-3.115542541793233644e-01,2.851372240995454430e-02,2.470130838147829161e-02,-1.347979624618323768e+00,7.057421585242664719e-01,-7.376411156277938863e-01,1.286530106579656163e+00,-1.643852473061789277e-01,-9.162485411206086616e-02,-3.353240992590602459e-02,-2.051207169131152308e-01,-6.126415204444919382e-01,4.277402196904556142e-01,-4.131928329933303168e-01,3.526278481725244607e-01,-1.465754956798750357e-03,1.854697694908222227e-01
2.273151788270170309e-02,-5.633528145217370914e-02,7.483981598699881443e-01,-4.109449834219319753e-02,5.264763928716048591e-02,6.851898991192553190e-01,7.252959881513459939e-01,-1.663089103454511442e-01,3.544804858893830374e-02,1.299119068075046957e-01,2.365593048437637791e-01,-2.642520964948403273e-01,-7.056285447276174072e-02,-2.361097339405713313e-01,-1.607009748695563400e-03,-7.244877986918488166e-02,3.581088907362612872e-01,-2.723872973458764668e-01,1.144808148540702453e-01,-3.068367441027857190e-01,2.657645705375057815e-02,2.227844154820854405e-02,-1.340086820062170059e+00,7.048559225165302866e-01,-7.370416070503573724e-01,1.276068913242043079e+00,-1.603947478241574964e-01,-9.204921637552768154e-02,-3.658199864328185585e-02,-2.054449493837278429e-01,-6.101361425966498331e-01,4.293351003902208807e-01,-4.114867487269896484e-01,3.501289217378039664e-01,2.582201476630992818e-04,1.871727010603478347e-01
2.291608062370965870e-02,-5.625665122892180986e-02,7.483937131353873840e-01,-4.105091928977738780e-02,5.312207014896452861e-02,6.838337386412222108e-01,7.265426935731456037e-01,-1.675198502494068264e-01,3.590231217604498287e-02,1.314660821942837954e-01,2.395905515997858726e-01,-2.651056423294688713e-01,-6.939803558310778109e-02,-2.362121255977948087e-01,-1.282191792199339347e-03,-7.123986208744570447e-02,3.561365617283808183e-01,-2.719611809991896445e-01,1.145430215613438829e-01,-3.046705680730485422e-01,2.608273893930913856e-02,2.070017442360224183e-02,-1.334297745067115182e+00,7.050467286029034053e-01,-7.353441924217719583e-01,1.270438717970313824e+00,-1.607266874768082943e-01,-9.134635412667013732e-02,-3.872603833601343665e-02,-2.060611469699787368e-01,-6.073196266014602163e-01,4.305955160379020819e-01,-4.111659767225348538e-01,3.461825598018802297e-01,1.590834744957094285e-05,1.860999439193377070e-01
2.311934010688615482e-02,-5.620657340932527779e-02,7.484170097276205968e-01,-4.080157793777468983e-02,5.334331964713302093e-02,6.826884175343980177e-01,7.276168263936669822e-01,-1.679991558344822167e-01,3.631324827475863187e-02,1.328680365128145080e-01,2.422860503911843932e-01,-2.657481254750247435e-01,-6.748216731885629815e-02,-2.358169516191295778e-01,-1.116952777751832604e-03,-7.061064692529885056e-02,3.546257157717400132e-01,-2.713978738784311728e-01,1.143449339773468659e-01,-3.021637081192315999e-01,2.514340717541085901e-02,1.827962686474811707e-02,-1.327963287743154641e+00,7.036423697811919897e-01,-7.332567116082607805e-01,1.264269876229586087e+00,-1.615269174421619103e-01,-9.074128760295702145e-02,-4.031654121284461434e-02,-2.068491311827438672e-01,-6.050214941299338900e-01,4.324536592013132896e-01,-4.098771636241510530e-01,3.405001767407669355e-01,2.749776330279787840e-05,1.840235277754641297e-01
2.331523291637895706e-02,-5.616881309302011044e-02,7.483960488951068024e-01,-4.050309572266030250e-02,5.356379786503463747e-02,6.813577653734034234e-01,7.288635087315853411e-01,-1.682653399040754116e-01,3.682234432723396206e-02,1.349941545260083531e-01,2.449841934061692816e-01,-2.670277905932189610e-01,-6.605081426706504999e-02,-2.353849069128788885e-01,-8.943807632080871817e-04,-6.964514283939868267e-02,3.531332671149259306e-01,-2.714053149124729947e-01,1.144131872668568972e-01,-2.989451612351960996e-01,2.441631013995819444e-02,1.626387024940460085e-02,-1.320616394878784794e+00,7.028344785687486995e-01,-7.315601085594195530e-01,1.254931501278818473e+00,-1.621783066756580238e-01,-9.081866605526572878e-02,-4.246435043632661860e-02,-2.075118564444521363e-01,-6.021212158067736908e-01,4.335580515592423190e-01,-4.087612619584422013e-01,3.346778798313970738e-01,-7.993254803055761630e-04,1.815844496656745799e-01
2.350813722470740733e-02,-5.611084833482801043e-02,7.483850586222325907e-01,-3.980116975562195125e-02,5.351116081575912897e-02,6.799982598885059293e-01,7.301744922296579121e-01,-1.672416801411854836e-01,3.708935135783959780e-02,1.373674432777166887e-01,2.473061377623317625e-01,-2.677874933103468469e-01,-6.380781606827817809e-02,-2.338036428253795207e-01,-9.562377681931813478e-04,-6.884633479153576263e-02,3.516073972590318952e-01,-2.719467984223589152e-01,1.142144431865896176e-01,-2.946406873104073787e-01,2.298166224396859525e-02,1.372488955738185995e-02,-1.311245863769945341e+00,7.014023691790873816e-01,-7.292294243170204249e-01,1.241288785497400404e+00,-1.645195124833125910e-01,-9.189403235754534105e-02,-4.504672651779244308e-02,-2.078665025555890278e-01,-5.993684585808561893e-01,4.342157464285870128e-01,-4.071301169438806267e-01,3.293067300407916953e-01,-1.516287526010138718e-03,1.796154725795737483e-01
2.367382380185092255e-02,-5.599763434855050542e-02,7.484018182165107502e-01,-3.906707526588308610e-02,5.335946563488544458e-02,6.788936858383387563e-01,7.312522782092134577e-01,-1.662169557552404808e-01,3.711304527642247941e-02,1.386410218060067923e-01,2.498478477354834082e-01,-2.684349643865705515e-01,-6.099788559458603487e-02,-2.320813447150162356e-01,-1.007132469737020974e-03,-6.773514247657204390e-02,3.505309415258867078e-01,-2.722151178160247542e-01,1.135753181921941440e-01,-2.904015761762286929e-01,2.157252641767962859e-02,1.147919196775996908e-02,-1.300414494908995966e+00,7.000670155573682774e-01,-7.270827377452706575e-01,1.224533198177062410e+00,-1.667475193359494456e-01,-9.238507971042281275e-02,-4.714267370562630344e-02,-2.070065259364013976e-01,-5.971787946101737576e-01,4.340859855048896931e-01,-4.058583200440471495e-01,3.244018666039841792e-01,-2.070238121087593364e-03,1.767166623411015047e-01
2.380531700613538332e-02,-5.581947121001990669e-02,7.484149874975790651e-01,-3.815542843881958995e-02,5.309302940102653134e-02,6.778238336319644119e-01,7.323115075363350046e-01,-1.648613824941426165e-01,3.679384167648439702e-02,1.392262948686588953e-01,2.526860231324553063e-01,-2.692188460609722389e-01,-5.758118031122718555e-02,-2.297326250114329615e-01,-1.314779470414619011e-03,-6.686220876462692364e-02,3.494148894502661085e-01,-2.728190256853160744e-01,1.130994505251175647e-01,-2.849662929456044935e-01,2.012891770725980592e-02,8.617806326701785841e-03,-1.287349162368599753e+00,6.984489493048989806e-01,-7.251028049807238807e-01,1.203449328707680843e+00,-1.674426877571800198e-01,-9.283963385234228483e-02,-5.047772203225762977e-02,-2.054294874920900849e-01,-5.960518460323092071e-01,4.334428958030057122e-01,-4.049419667833830672e-01,3.195196883882286953e-01,-1.847314154076000513e-03,1.754943811610534532e-01
2.387761253990076590e-02,-5.553781174500703466e-02,7.484710940142323965e-01,-3.720225289345888836e-02,5.273237158846426353e-02,6.769020251343053074e-01,7.332386635573605593e-01,-1.629811392091404798e-01,3.650035567728929925e-02,1.405532622829709366e-01,2.550210865112079173e-01,-2.693028970718142068e-01,-5.488312761189310940e-02,-2.269253533751476870e-01,-1.725961523055607322e-03,-6.598153408907649065e-02,3.481229403747132523e-01,-2.728699200273593251e-01,1.127207443680532800e-01,-2.804590977336384738e-01,1.862012448287383992e-02,6.066262547505363312e-03,-1.273446404752262007e+00,6.979175634825051100e-01,-7.231539149773049679e-01,1.179387762510051507e+00,-1.651285030060751224e-01,-9.203392635031325264e-02,-5.405961735963403514e-02,-2.029160609246007385e-01,-5.947278281113307363e-01,4.324860945090751030e-01,-4.043728130423202560e-01,3.140346015750852815e-01,-1.304529720561423915e-03,1.742627194750288877e-01
2.390153988045504510e-02,-5.517459512216670720e-02,7.484760440591723407e-01,-3.611916446398336089e-02,5.244998908006327093e-02,6.765420543671621934e-01,7.336451821395579831e-01,-1.613314525407558986e-01,3.546054261437236316e-02,1.408567276274247937e-01,2.576309971536490107e-01,-2.693506830080482639e-01,-5.395387017785495398e-02,-2.233710561724784882e-01,-2.997147216259134217e-03,-6.614769883265733674e-02,3.464587629287180781e-01,-2.747676399008862624e-01,1.115536875551348950e-01,-2.752147070407708340e-01,1.739930702356486114e-02,3.864422114120561261e-03,-1.258186970803737426e+00,6.972619964316252306e-01,-7.226680509580043488e-01,1.150193079098824400e+00,-1.669132876315286562e-01,-9.155270410309462870e-02,-5.946325131652396151e-02,-1.995097895003375421e-01,-5.940063395860845086e-01,4.304832258785076804e-01,-4.046409434024912377e-01,3.063605652076782926e-01,-5.888843577706449461e-04,1.718080779673377412e-01
2.387636081532121951e-02,-5.472822381721863250e-02,7.484894329548764658e-01,-3.503163745587731942e-02,5.237545630819770426e-02,6.760423587752025787e-01,7.341636909404665179e-01,-1.593126536382276914e-01,3.368621561789682944e-02,1.400873066685062729e-01,2.590671484222763499e-01,-2.692978541263215675e-01,-5.158524665658425351e-02,-2.211385531032979967e-01,-4.553097203700185933e-03,-6.561335193169601232e-02,3.469765292700199844e-01,-2.770660964120525427e-01,1.097155204699452324e-01,-2.684208999866792289e-01,1.578467844142087545e-02,4.302285716643631467e-04,-1.238655043991785831e+00,6.985221680704710723e-01,-7.213341050270338783e-01,1.110270211750839175e+00,-1.665266904129046321e-01,-9.287050894009096780e-02,-6.429115859349716910e-02,-1.940627786847620717e-01,-5.936196973938908661e-01,4.267098427023978680e-01,-4.059435670546638897e-01,3.004681399940969388e-01,4.886537139955110694e-04,1.702082494964891335e-01
2.381249200806887650e-02,-5.426489478867035920e-02,7.484960342165848379e-01,-3.390755160498888643e-02,5.242949365057553157e-02,6.758786308991320269e-01,7.343633313514601468e-01,-1.571483128806506480e-01,3.107028764428326414e-02,1.377797634629565615e-01,2.594227646636927398e-01,-2.690483519726795114e-01,-4.785386321367716966e-02,-2.187808867973701499e-01,-6.810346119382337457e-03,-6.598181844600260748e-02,3.474192824589233397e-01,-2.803442061293736076e-01,1.080006707859551551e-01,-2.578946422074273603e-01,1.265500411920817379e-02,-3.631507244548483858e-03,-1.213547905670054439e+00,6.991525575355663769e-01,-7.189200116689131725e-01,1.058332421369771348e+00,-1.691368538547091405e-01,-9.480615059682624690e-02,-6.970975106886168060e-02,-1.847556470437173304e-01,-5.940936651304440375e-01,4.193568662770492672e-01,-4.073835823631520858e-01,2.922003658508317003e-01,1.576639681608339987e-03,1.664070078082063586e-01
2.367557116293748584e-02,-5.377341923994684303e-02,7.484307793049950197e-01,-3.305032838707910869e-02,5.267874430145944725e-02,6.755170866061315227e-01,7.347171506066074720e-01,-1.542229631049236160e-01,2.856725713383355750e-02,1.367792957787666297e-01,2.571142460959277010e-01,-2.687628605565693385e-01,-4.514833863202797476e-02,-2.171780981981246972e-01,-8.877300536719368029e-03,-6.582249202426938839e-02,3.478333220269911319e-01,-2.838583856670955918e-01,1.078831841394430752e-01,-2.481676614082279353e-01,1.003883445255969453e-02,-7.753123575519876333e-03,-1.187030255759780495e+00,7.014052638511486526e-01,-7.145531789208492413e-01,1.004216068898372338e+00,-1.714574343596292350e-01,-9.720899540493119217e-02,-7.189923418657501175e-02,-1.749642714572728075e-01,-5.945891916719101555e-01,4.098419400680842206e-01,-4.097412514395518679e-01,2.812654916077174105e-01,1.901566765145161356e-03,1.626420656141571719e-01
2.351352723703105038e-02,-5.333871161461530008e-02,7.484308092116728206e-01,-3.167595280985721629e-02,5.238103353908173804e-02,6.758275968322867699e-01,7.345133904149477866e-01,-1.501096515013104482e-01,2.576355439645611894e-02,1.352759277071443333e-01,2.548297648829377926e-01,-2.675486090489825330e-01,-4.238874053838643380e-02,-2.149447593678987245e-01,-1.135272823644382575e-02,-6.594639874509715394e-02,3.505891710344675172e-01,-2.875730375660294214e-01,1.052698147722331140e-01,-2.396371387831160438e-01,6.783195821652134028e-03,-1.228588114060373548e-02,-1.158436128962142098e+00,7.062930041237475143e-01,-7.095333578903184613e-01,9.494713172828055381e-01,-1.733353011021549206e-01,-9.946700763285529212e-02,-7.543965845254470282e-02,-1.651945162194305983e-01,-5.955161008854596982e-01,4.021006697414292175e-01,-4.108307541199476831e-01,2.683414575600274188e-01,1.360923719698111864e-03,1.594190151128548338e-01
2.336268827085817568e-02,-5.298285578678391117e-02,7.484101053375906698e-01,-3.047193258741004440e-02,5.211396726415297442e-02,6.762855133605336633e-01,7.341617670234937831e-01,-1.464599747844585464e-01,2.284637534663601019e-02,1.322079780431662521e-01,2.522567708926331531e-01,-2.664004221159711472e-01,-3.755275518273553520e-02,-2.132820435258838687e-01,-1.325069886069955676e-02,-6.446904880422915651e-02,3.535663663370188781e-01,-2.911038299088939962e-01,1.033864167852006771e-01,-2.317845967754923742e-01,2.723694898443993276e-03,-1.550567056270805294e-02,-1.133165549319985921e+00,7.134831412489301972e-01,-7.037863619976512108e-01,8.971029690298543136e-01,-1.683962865236188766e-01,-9.826751280765697039e-02,-7.631071300240357957e-02,-1.570615330818619648e-01,-5.993398743659957839e-01,3.947920665328411016e-01,-4.130277489913781186e-01,2.494277419544989327e-01,6.537714447126983467e-04,1.553949875300383032e-01
2.320465715240271204e-02,-5.272146377247309557e-02,7.483669555575819254e-01,-2.947838420704716050e-02,5.184361274671590858e-02,6.762114034487788361e-01,7.342897265574015453e-01,-1.428417771171618667e-01,2.101381173784496598e-02,1.319156178498642751e-01,2.495898801989729077e-01,-2.655665239535495159e-01,-3.634447091124392432e-02,-2.100698734135248713e-01,-1.496584576550821950e-02,-6.526509231169197456e-02,3.522490847230790312e-01,-2.933581548060762989e-01,1.032654721987316671e-01,-2.238672249251496549e-01,2.337742854310841112e-04,-1.777213062454427103e-02,-1.106669269783788101e+00,7.199756942845418894e-01,-6.951490569736491487e-01,8.494005481662519896e-01,-1.711057906918097005e-01,-1.002652534148906205e-01,-8.022883088688019526e-02,-1.511540735837105798e-01,-5.994875814850858520e-01,3.878735236960393906e-01,-4.141903262424329046e-01,2.346393725383636442e-01,-4.998529834947656189e-04,1.553109789637848459e-01
2.308432766876166928e-02,-5.255841997498137547e-02,7.483832770437721660e-01,-2.829725646109474899e-02,5.122877006737415473e-02,6.758291702794143596e-01,7.347311147580440904e-01,-1.384983745113878284e-01,1.958795055830797258e-02,1.313301764209998113e-01,2.470670008093815984e-01,-2.647460941698934755e-01,-3.568299826260167701e-02,-2.063843946664573603e-01,-1.612565480067670864e-02,-6.554448757394686076e-02,3.510079681837103283e-01,-2.947947740386082649e-01,1.011346824715532861e-01,-2.149519387741968823e-01,-1.465811815653179570e-03,-2.015494255250827038e-02,-1.078094768100607892e+00,7.284164707320228693e-01,-6.873228978408141288e-01,8.006074394989168841e-01,-1.731195692068266956e-01,-1.041788374323874278e-01,-8.758304657905380264e-02,-1.459298183331882159e-01,-6.006048471266955957e-01,3.814519152138244884e-01,-4.145688134040327322e-01,2.168831969648362945e-01,-2.846716023683497007e-03,1.552008684726788323e-01
2.303561150839602764e-02,-5.244571347880735979e-02,7.483890427365927911e-01,-2.679845571505213089e-02,5.039969222822592715e-02,6.763533454365384667e-01,7.343622171050140368e-01,-1.341358337330442463e-01,1.778227734958467629e-02,1.300040872798066960e-01,2.451157025781400267e-01,-2.630008162603354460e-01,-3.462023074589907351e-02,-2.031050088298082812e-01,-1.771210183391450782e-02,-6.564156469793210047e-02,3.528368526678507533e-01,-2.973390434864753851e-01,9.770472519058201466e-02,-2.082104219565402703e-01,-2.717911219347878340e-03,-2.193626214452695788e-02,-1.051562740777990168e+00,7.382564361066132896e-01,-6.804288225617148855e-01,7.496989140881680225e-01,-1.664816410871809149e-01,-1.076949777740660030e-01,-8.872210413072612045e-02,-1.422743187845950663e-01,-6.047040916594526028e-01,3.764584592030675858e-01,-4.169894377507645244e-01,1.967343643684043852e-01,-7.020077861500716686e-03,1.524320567042741770e-01
2.302347907327729690e-02,-5.235059433119757660e-02,7.484038801824149933e-01,-2.555823114837016408e-02,4.959376664190018325e-02,6.768956082830227539e-01,7.339615593598840526e-01,-1.296540862134759053e-01,1.606871880205831479e-02,1.274340248057297398e-01,2.420232229292386683e-01,-2.618234812610001905e-01,-3.312163133699737305e-02,-1.982702892138509809e-01,-1.894183422586800947e-02,-6.693671534834262637e-02,3.508251498560752690e-01,-2.994097805758789699e-01,9.541461660378437737e-02,-1.986293629353560741e-01,-4.251191785678698834e-03,-2.323765800526031086e-02,-1.018299741775676726e+00,7.461778507132469374e-01,-6.703667409682919631e-01,6.944863630001071320e-01,-1.654040954807186603e-01,-1.119514057535776624e-01,-9.453283131602051303e-02,-1.366089552277545416e-01,-6.067690553964072420e-01,3.672115003214267981e-01,-4.184514472481860592e-01,1.752196456377227152e-01,-9.677999308066113915e-03,1.510158074355680280e-01
2.301951936612150335e-02,-5.220515720839692675e-02,7.484223771954587878e-01,-2.446740206451088889e-02,4.940008319799481240e-02,6.765880469984419943e-01,7.342953034543253654e-01,-1.255359068706764780e-01,1.388731971403454717e-02,1.255113260908773398e-01,2.380357991661280481e-01,-2.599072157320615473e-01,-3.254212457380351031e-02,-1.947984494850132364e-01,-2.067335932611806537e-02,-6.837369309571462994e-02,3.485052699382935604e-01,-3.012988418814192548e-01,9.388336091548189766e-02,-1.872605547753954103e-01,-5.331524898046885799e-03,-2.564060596197148198e-02,-9.820341813574829937e-01,7.589180150583947349e-01,-6.583701964185718625e-01,6.334068683014447698e-01,-1.686379463692980196e-01,-1.185879527255426086e-01,-1.026529494902960193e-01,-1.303886327872380846e-01,-6.077687873678990771e-01,3.588281221223491024e-01,-4.218292536107681734e-01,1.604780245359561652e-01,-1.386100580436524544e-02,1.531230645038181570e-01
2.300295570064836079e-02,-5.202879956004703016e-02,7.483731213913483726e-01,-2.366574820809808424e-02,4.922528817799572132e-02,6.771409660507146100e-01,7.338234906715987993e-01,-1.214781022997940690e-01,1.179386148139505847e-02,1.232322287753048473e-01,2.326134038478826216e-01,-2.585653615955697537e-01,-3.146557049087556068e-02,-1.932653241506647190e-01,-2.181523745632598862e-02,-6.743403994979232929e-02,3.496405865759389942e-01,-3.041965464039303457e-01,9.117383216884418495e-02,-1.781805024873408250e-01,-7.955822571866437432e-03,-2.788791964755736250e-02,-9.448121227557859658e-01,7.735154368364796085e-01,-6.454233056487369558e-01,5.695718138632736016e-01,-1.650409073925965531e-01,-1.234977857751849289e-01,-1.037640270154492200e-01,-1.245672773949822870e-01,-6.116601439443664079e-01,3.489998121080184479e-01,-4.254535573566273210e-01,1.369870209705654207e-01,-1.705167910050318578e-02,1.525366119999213288e-01
2.295250394316465312e-02,-5.177224261544365047e-02,7.483730621470147115e-01,-2.291506302900100239e-02,4.886161961826757105e-02,6.781701441532403951e-01,7.329206625507501682e-01,-1.185090238883663577e-01,1.000533935984844990e-02,1.205357832933642293e-01,2.296085780359090056e-01,-2.572644805939598434e-01,-3.124808463456025046e-02,-1.903479740425992328e-01,-2.327399365352645494e-02,-6.889295229118708175e-02,3.492705114340656780e-01,-3.062680595866121847e-01,8.978929974231322775e-02,-1.700824504080155897e-01,-8.953103191677129480e-03,-2.889441234813918194e-02,-9.119989295887337422e-01,7.885522537506747254e-01,-6.347126078452316467e-01,5.100753030993880888e-01,-1.587118445705542336e-01,-1.298330018903426641e-01,-1.046992460197459507e-01,-1.192363152074635002e-01,-6.164306863426601835e-01,3.395720548741804068e-01,-4.300071240600640277e-01,1.144882979958138647e-01,-2.148141104913540642e-02,1.531213654267187529e-01
2.286214083883124706e-02,-5.147111564755807445e-02,7.483483454557657844e-01,-2.245227598271052477e-02,4.895023211727824591e-02,6.776644207945857756e-01,7.333966886126498386e-01,-1.153524488630152806e-01,8.401822939730999376e-03,1.192241665193878308e-01,2.255184240274379914e-01,-2.566951998023002113e-01,-2.877056093776084178e-02,-1.891467173881601904e-01,-2.400618865107076796e-02,-6.795568540504057231e-02,3.485236454221243285e-01,-3.078893784141057965e-01,8.860165616543970446e-02,-1.595173976460822485e-01,-1.205953804501316146e-02,-3.002177265013634272e-02,-8.718383524901649473e-01,8.015725467733235687e-01,-6.155277916131937088e-01,4.503203978120869366e-01,-1.579935345607079156e-01,-1.350468879293590385e-01,-1.012086770111770839e-01,-1.154705272499842589e-01,-6.181306966926781721e-01,3.271209442245248122e-01,-4.344132458485850945e-01,9.519016009251095312e-02,-2.464873225937511472e-02,1.523544260738514400e-01
2.270463931443942110e-02,-5.113487905017161800e-02,7.482144023151755530e-01,-2.202727041707540703e-02,4.898363844282251078e-02,6.782326400381563092e-01,7.328819062507609949e-01,-1.133337428076100079e-01,6.642077376395992203e-03,1.171220965499104039e-01,2.228496262666845862e-01,-2.570786308019091804e-01,-2.906189299126563791e-02,-1.891021471079308569e-01,-2.493426434664431507e-02,-6.643052355798675923e-02,3.512878941286383117e-01,-3.118716667041110946e-01,8.379754889072188462e-02,-1.510905252799484566e-01,-1.379280590669943081e-02,-3.112463347834843602e-02,-8.290754376802541570e-01,8.164088509079396871e-01,-6.007058089675626489e-01,3.823857256406957839e-01,-1.503800926760605616e-01,-1.409827762714101207e-01,-9.836005160912386636e-02,-1.140083133003874788e-01,-6.254048942720514814e-01,3.144339067034182533e-01,-4.407590017535464866e-01,6.047526978886520743e-02,-2.824163919651160801e-02,1.505215839147250878e-01
2.252227995847429914e-02,-5.069428808948590881e-02,7.481387720511841755e-01,-2.187669858147854585e-02,4.933189281253604064e-02,6.784094927731552094e-01,7.326993479770391726e-01,-1.117934985789000996e-01,5.070827797810954427e-03,1.161739439885007275e-01,2.199641331668832078e-01,-2.567624101779664159e-01,-2.932101897163268481e-02,-1.882462694860176644e-01,-2.628933157042397800e-02,-6.717254171879941116e-02,3.506592471037207059e-01,-3.142775803739090712e-01,8.273021885336556691e-02,-1.430753775026968877e-01,-1.459389798823220244e-02,-3.254095372703111333e-02,-7.913516277503429563e-01,8.282701145317370450e-01,-5.835908674925099904e-01,3.261606796593652380e-01,-1.412697897971096905e-01,-1.431088299007909070e-01,-9.711419785811477301e-02,-1.133956666971143723e-01,-6.304610197068006849e-01,3.036443145206350613e-01,-4.479507265721747733e-01,3.715914482391847323e-02,-3.058355382323971194e-02,1.521846018237183462e-01
2.228557818807171825e-02,-5.021953086128288363e-02,7.480565334018496326e-01,-2.165816539287292869e-02,4.981016866981259616e-02,6.782920617342953484e-01,7.327821981715570976e-01,-1.100210924223502251e-01,2.981639513749627813e-03,1.146665975496224399e-01,2.165981602830881758e-01,-2.560691911809231391e-01,-2.794312629753886029e-02,-1.877569222329120158e-01,-2.815055164722274350e-02,-6.852925752900110301e-02,3.503847890484544925e-01,-3.168642411909655676e-01,8.173104905473084492e-02,-1.346999895195338248e-01,-1.556594758395055990e-02,-3.405656190568415176e-02,-7.516242984227696766e-01,8.382950445578087884e-01,-5.659772749106454226e-01,2.711604494340565386e-01,-1.345446395418132546e-01,-1.481687718269703580e-01,-9.691558478774778274e-02,-1.142844994569568173e-01,-6.344540192641338061e-01,2.902299038095261241e-01,-4.542547148771556853e-01,1.547092698300357727e-02,-3.341573157152259721e-02,1.515281371242089559e-01
2.199261742640251996e-02,-4.969690351278287926e-02,7.479979421644524784e-01,-2.157595784654690180e-02,5.014517811942300479e-02,6.786661248586588480e-01,7.324153399019622812e-01,-1.091015375223820527e-01,1.127715303202641867e-03,1.123034494310333475e-01,2.146957996934688584e-01,-2.555569270485276712e-01,-2.696760027976593047e-02,-1.874091204140775346e-01,-2.956258223510377023e-02,-6.887720886005344045e-02,3.509542757296997273e-01,-3.192226377155468198e-01,7.942221386472889111e-02,-1.281061176467130081e-01,-1.712939427737351222e-02,-3.530554126620910615e-02,-7.156298903517224197e-01,8.465711721629332054e-01,-5.491133835435376698e-01,2.237726480261602036e-01,-1.235339502047110571e-01,-1.517730768791058782e-01,-9.387512178184939660e-02,-1.174058569925773010e-01,-6.412564536952245486e-01,2.779832192875382746e-01,-4.588008595312536575e-01,-9.274248047551674964e-03,-3.466306519329027253e-02,1.514959582858707854e-01
2.165819926633663628e-02,-4.912409328848631879e-02,7.479705282336656103e-01,-2.159366740217713576e-02,5.057485805349264119e-02,6.787725613137621794e-01,7.322866291750437240e-01,-1.078989925238280911e-01,-7.446680358784718307e-04,1.103256195931194839e-01,2.121105725218398463e-01,-2.550331697783349005e-01,-2.563890134862066572e-02,-1.881131605111187044e-01,-3.087086806885335627e-02,-6.845041634135781705e-02,3.528747958572708288e-01,-3.212296187119920710e-01,7.892233051274648303e-02,-1.231250983538833971e-01,-1.922461851004074462e-02,-3.656239620255222894e-02,-6.896953782796430010e-01,8.485980746007607545e-01,-5.319438864039255366e-01,1.905075457207415501e-01,-1.127033875193201029e-01,-1.512419388632410266e-01,-8.728942610155603077e-02,-1.207500304824087461e-01,-6.464415260204191549e-01,2.689415447796673075e-01,-4.624133166353919244e-01,-2.553520390966985618e-02,-3.478110877708422838e-02,1.513323713683635552e-01
2.131720467932807575e-02,-4.852644471366641954e-02,7.479253519380431037e-01,-2.170279713481850989e-02,5.106905802115362797e-02,6.790588747431463013e-01,7.319835958147753452e-01,-1.064981129393173798e-01,-2.513300452216682933e-03,1.091263807048843126e-01,2.085360583261911260e-01,-2.541783867450936873e-01,-2.521433559899186397e-02,-1.890078179704992312e-01,-3.252464337368078662e-02,-6.925531532162727821e-02,3.549557944800814102e-01,-3.233190511382994514e-01,7.864943386287380489e-02,-1.166001690835439253e-01,-2.146701000479988436e-02,-3.726456201916951427e-02,-6.642759652825341865e-01,8.472221419993757330e-01,-5.137601285317379141e-01,1.569662890052911097e-01,-1.029286262149245457e-01,-1.525789234394733518e-01,-7.964655487687552493e-02,-1.244097453574355971e-01,-6.500956867388659743e-01,2.595102611340939780e-01,-4.665419855264534843e-01,-3.712316731880807574e-02,-3.542728652739503964e-02,1.500314214462420970e-01
2.100512717269302845e-02,-4.786702217591122521e-02,7.479079621424320479e-01,-2.170015650659300188e-02,5.154426332459700194e-02,6.789637823681236029e-01,7.320385743649611143e-01,-1.051523794975235959e-01,-4.245903776811823724e-03,1.078771531424486813e-01,2.058928057018608315e-01,-2.532777957334161334e-01,-2.409686479439528822e-02,-1.895395135511126761e-01,-3.399833574246802909e-02,-6.937653811927027570e-02,3.564391676340362691e-01,-3.250319949830029476e-01,7.715193042901016818e-02,-1.081068726009047076e-01,-2.355225942502542705e-02,-3.783520878500615942e-02,-6.322819836747494149e-01,8.415808142765317523e-01,-4.942643704078757416e-01,1.182990790711062473e-01,-9.625911919075347267e-02,-1.565518629315644228e-01,-7.450711078768626483e-02,-1.276639165563962508e-01,-6.504334082110334592e-01,2.483709593327260712e-01,-4.712795861043462264e-01,-4.716347009422187930e-02,-3.707224695909303730e-02,1.466043098591139349e-01
2.076331249460864822e-02,-4.708513995529254453e-02,7.479000006001867984e-01,-2.174111535355831293e-02,5.227160436754000467e-02,6.787485682130289799e-01,7.321853484117183397e-01,-1.039171630712222294e-01,-6.284636159379335812e-03,1.059463623715419245e-01,2.029392593688177371e-01,-2.518130756729720088e-01,-2.397489906331863249e-02,-1.893785671192672049e-01,-3.566953898072983131e-02,-6.978382132845262209e-02,3.559293852269551639e-01,-3.265156539342238262e-01,7.658560827075856781e-02,-9.903968245578995133e-02,-2.446855237193486243e-02,-3.898375102342993559e-02,-6.020100809500792405e-01,8.358753375023664223e-01,-4.758189103824072563e-01,8.246692757024257081e-02,-8.506233711650933171e-02,-1.608772691414344369e-01,-7.063285071315769659e-02,-1.332660150720111347e-01,-6.499565298000146152e-01,2.387922957061401064e-01,-4.749731913138838246e-01,-5.724292304374805490e-02,-3.778326529486670388e-02,1.476007509715217547e-01
2.062265582069443617e-02,-4.622871043747882325e-02,7.478616949979356443e-01,-2.184741638209672723e-02,5.305660828383056138e-02,6.786151195121129520e-01,7.322494153527223659e-01,-1.028957447627329852e-01,-8.111811171128850695e-03,1.041450632535552839e-01,2.001761212094706199e-01,-2.506376811679277283e-01,-2.363993390623759031e-02,-1.892660964660292655e-01,-3.750254621405421651e-02,-7.157238216230800421e-02,3.554592455306144760e-01,-3.281419729941860708e-01,7.528085450332429318e-02,-8.858565983459824877e-02,-2.499551194261599718e-02,-4.076899335220960513e-02,-5.686167942765445460e-01,8.267522835842298079e-01,-4.582833106804470868e-01,4.199820405228468084e-02,-8.176442218457873057e-02,-1.676334801907942706e-01,-6.962406062781970051e-02,-1.423753201459896645e-01,-6.495570710235608614e-01,2.308945109185375766e-01,-4.796620781768941577e-01,-6.192718953210467336e-02,-3.819335878905447124e-02,1.467982354498776065e-01
2.057665561109273122e-02,-4.531439032915628162e-02,7.478314279413579291e-01,-2.232021070041807428e-02,5.384242969384247374e-02,6.789157758628819872e-01,7.318990164247066721e-01,-1.025472593761435625e-01,-9.316023289643378391e-03,1.017750993439387741e-01,1.975584298731217214e-01,-2.498489929661398268e-01,-2.397384622489985920e-02,-1.897717665940438780e-01,-3.873964663284447385e-02,-7.322283349505279149e-02,3.557954917468134637e-01,-3.295838240409317832e-01,7.546202638625348902e-02,-7.986874875543739649e-02,-2.544863199574347659e-02,-4.280606257785151553e-02,-5.449535185640029811e-01,8.159804161362191888e-01,-4.450225709382493178e-01,1.130908041430734104e-02,-7.913750672106228956e-02,-1.719116546593724981e-01,-7.167840721529843140e-02,-1.572757078002283981e-01,-6.502327078886482870e-01,2.264627665226799091e-01,-4.853376940217176694e-01,-6.319136613881266851e-02,-3.565935281608198504e-02,1.480077024515956685e-01
2.065157818949198143e-02,-4.442830897205113372e-02,7.477866870777469810e-01,-2.291381966776659396e-02,5.523924904093580057e-02,6.796738711285030821e-01,7.310725074428811032e-01,-1.042378465237039642e-01,-1.138566459063139122e-02,9.773193229329366072e-02,1.959728487761887294e-01,-2.483867314971839324e-01,-2.374406650147178888e-02,-1.921088545283333449e-01,-4.047939091285265856e-02,-7.387052270837830836e-02,3.576463061434360657e-01,-3.322328918258375952e-01,7.290982480977735436e-02,-6.965682993626833019e-02,-2.694241061268194334e-02,-4.357672499552500689e-02,-5.274988331264738317e-01,8.060956293326577704e-01,-4.365507337462651294e-01,-1.363755233194673296e-02,-7.779825715134791597e-02,-1.758870464556936131e-01,-6.992656177119090100e-02,-1.837097601128507562e-01,-6.546062730687005615e-01,2.226569720665922958e-01,-4.919103760704794381e-01,-6.330424256910135994e-02,-3.115634431419821160e-02,1.474016830956948465e-01
2.080489099961435259e-02,-4.365083030721500501e-02,7.477406579385810215e-01,-2.418128406424571025e-02,5.771289001797975937e-02,6.791852798061696062e-01,7.312946352335641942e-01,-1.079633117205745646e-01,-1.365604930040432985e-02,9.383172337587369904e-02,1.935797084785744193e-01,-2.468919197135611698e-01,-2.203402611979273645e-02,-1.956594838650195234e-01,-4.237824408570719376e-02,-7.542948613562483473e-02,3.550805874594959999e-01,-3.336079016871510428e-01,7.372564503622994203e-02,-5.481004638771523607e-02,-2.874613578281321608e-02,-4.556921600393611799e-02,-5.123121004036264026e-01,7.940842937853630490e-01,-4.273046339534259941e-01,-3.360908671124176322e-02,-7.360509880839768981e-02,-1.822214007016291493e-01,-6.975970669110868883e-02,-2.215055635525761957e-01,-6.624778429317967898e-01,2.154514452459409812e-01,-4.964570396397431362e-01,-6.421775981174548953e-02,-2.527033795745665251e-02,1.475301640812372583e-01
2.095618817882096557e-02,-4.311211267020102073e-02,7.476990690936062833e-01,-2.561401360447590481e-02,5.984143665001750989e-02,6.804078084996963982e-01,7.299370787262225990e-01,-1.124911141749816712e-01,-1.549460824023812106e-02,8.926368010841040368e-02,1.910711525214232875e-01,-2.447274059588372408e-01,-2.354119930966108026e-02,-1.994211313089951920e-01,-4.412208339762760390e-02,-7.778704124118018814e-02,3.541169416855938223e-01,-3.343691827504740588e-01,7.163549410898722991e-02,-4.300334365598719455e-02,-2.981045326705777238e-02,-4.856427234103114637e-02,-5.073893200741171894e-01,7.852157828150577723e-01,-4.267811995367221667e-01,-4.726863924943174033e-02,-6.681929557039725798e-02,-1.860224080020946025e-01,-6.479500302857274519e-02,-2.748473473050347393e-01,-6.713564489873582453e-01,2.133351537810717624e-01,-5.036329525753535652e-01,-6.743888708573543556e-02,-1.831853350875925143e-02,1.465965934827971051e-01
2.114420068063730535e-02,-4.295013148616377840e-02,7.477354081168835487e-01,-2.664884175176917419e-02,6.239316078091985268e-02,6.809231410085168079e-01,7.292054640224183704e-01,-1.176658730880770637e-01,-1.853384008545397310e-02,8.397498885447261807e-02,1.889240615861803585e-01,-2.407900566060292846e-01,-2.250971311536130101e-02,-2.034089386275216849e-01,-4.751872429809717024e-02,-8.283479817717218086e-02,3.520507809038724845e-01,-3.353010756644129731e-01,6.964774547459910703e-02,-2.621142140192187636e-02,-3.343366023114080487e-02,-5.092623865955106521e-02,-5.056837678473844466e-01,7.733088803198659988e-01,-4.273232424941185159e-01,-5.661829127614676632e-02,-5.591263834231385843e-02,-1.877862345505320329e-01,-5.506388969884840057e-02,-3.402106084710220246e-01,-6.850378754166964734e-01,2.090243278289619089e-01,-5.030426972947003028e-01,-8.075961193261198268e-02,-9.158287365884854730e-03,1.391820421612730840e-01
2.123282021672580344e-02,-4.327027896206645657e-02,7.478015056889658618e-01,-2.676452665272581813e-02,6.342363505517185918e-02,6.825657389665766850e-01,7.275748171964551148e-01,-1.216195612269150989e-01,-2.132890768030331480e-02,7.662584718091325353e-02,1.895904081604642133e-01,-2.378397329466590271e-01,-2.137227655495883144e-02,-2.063565988562430231e-01,-5.078021383352146478e-02,-8.781623773865915306e-02,3.551217914952668475e-01,-3.357328266328170052e-01,6.676975385677699770e-02,-1.038176690358655688e-02,-3.716585080344350644e-02,-5.415315374199810433e-02,-5.142357102339311092e-01,7.651498629449809963e-01,-4.375250160665059562e-01,-5.810282743223880997e-02,-3.030036566359426906e-02,-1.847176810598721297e-01,-4.153690199334718336e-02,-4.119146849270719501e-01,-7.019383484267754936e-01,2.123339477942725873e-01,-4.877471781868426559e-01,-1.034472568586947971e-01,5.394282589889615696e-04,1.235640945643027427e-01
2.124390086820442114e-02,-4.410395946719956883e-02,7.477792601645917303e-01,-2.659775107950797940e-02,6.401415720122369257e-02,6.845436221905687457e-01,7.256685032668469537e-01,-1.268460659992675377e-01,-2.393259686251322793e-02,6.977949664035068555e-02,1.935382391522031953e-01,-2.367187476894091480e-01,-1.945598989361339154e-02,-2.087419651918933361e-01,-5.465897379431103320e-02,-9.560876474802862401e-02,3.585587776632145895e-01,-3.370263848326275902e-01,6.486646697084838542e-02,6.195342494035920196e-03,-4.092013507334927441e-02,-5.733339355920554631e-02,-5.301210046468856074e-01,7.558831782317386727e-01,-4.554959025927541871e-01,-5.535510672134690696e-02,-8.898041268386195843e-03,-1.821525967504500632e-01,-3.493540786226007056e-02,-4.828696981110108810e-01,-7.167473394659249486e-01,2.271741223569964108e-01,-4.553776434024746078e-01,-1.245271209849762584e-01,1.112362004829103683e-02,1.102229570053942231e-01
2.119850171831208149e-02,-4.539265827472393350e-02,7.477116659702454093e-01,-2.667697705809133138e-02,6.401782967632470289e-02,6.872727436316047323e-01,7.230810689263422741e-01,-1.333258187377626136e-01,-2.539910937177477374e-02,6.293881374719735577e-02,1.992792413067985269e-01,-2.372755784453907113e-01,-1.816514984587130899e-02,-2.114207860892314272e-01,-5.727471683093510180e-02,-1.024192906805525827e-01,3.627943837000038863e-01,-3.373221405931883243e-01,6.286543498459427892e-02,2.338563887822308826e-02,-4.688604718568831903e-02,-6.119396458682392625e-02,-5.533366991359789377e-01,7.476780690360407267e-01,-4.783420765582818146e-01,-4.540545220698943840e-02,2.184608733622225157e-02,-1.760054146849780177e-01,-2.928149452124542348e-02,-5.595960641437827121e-01,-7.343826679929935652e-01,2.509215480623028793e-01,-4.006174609568564082e-01,-1.521544395129330041e-01,2.527603598330155701e-02,9.749951100073436794e-02
2.116691087377775213e-02,-4.711383188410769168e-02,7.476196018182276193e-01,-2.640149864609235564e-02,6.320292000575802871e-02,6.904409695329654095e-01,7.201386112147889484e-01,-1.398396524338528790e-01,-2.619442409439094038e-02,5.638494547435934923e-02,2.074770588913480429e-01,-2.390082213841877579e-01,-1.722559803081970264e-02,-2.143502546909001050e-01,-5.946116693110294754e-02,-1.092479018584441297e-01,3.704269512092731031e-01,-3.379011172039271260e-01,5.998422168765220330e-02,4.231397779207666382e-02,-5.435670065266933609e-02,-6.618352650450823327e-02,-5.819559312163588016e-01,7.390483576554258693e-01,-5.079634686140058752e-01,-2.931135652198849778e-02,5.731900836002770672e-02,-1.674395514795737339e-01,-2.173586065714719351e-02,-6.445513474741493276e-01,-7.515832178000410035e-01,2.917045012359009704e-01,-3.141447214752052242e-01,-1.777559182481868727e-01,4.488934359758817855e-02,8.906984552631898311e-02
2.124389348717059534e-02,-4.915912996993208883e-02,7.476246590251633961e-01,-2.589179935898576826e-02,6.184602018253933936e-02,6.938896204011978375e-01,7.169531917866163173e-01,-1.450084978746757625e-01,-2.605993603632038302e-02,5.278957109873789327e-02,2.146522377776413082e-01,-2.396595774105373944e-01,-1.864372200660165818e-02,-2.165206019803458115e-01,-6.148162390965532242e-02,-1.176195484899478227e-01,3.784092708047251397e-01,-3.373221808239232899e-01,5.990769684637631959e-02,6.289731782175418673e-02,-6.446430772310852986e-02,-7.172068679570020588e-02,-6.142502207753944843e-01,7.284398588534553021e-01,-5.433025490839522575e-01,-8.394598444507362853e-03,9.708116692352780630e-02,-1.596312965265026529e-01,-1.779170044458764505e-02,-7.391960258303172937e-01,-7.657389498474049816e-01,3.522862564067626989e-01,-1.838677084351712787e-01,-2.055508714857633701e-01,6.954642818542486338e-02,8.444085344673790683e-02
2.164170735631335343e-02,-5.122345924787465726e-02,7.482275335701182861e-01,-2.696493717103826820e-02,5.990882280258447851e-02,6.959112697444735929e-01,7.151163050556216261e-01,-1.422709964940227778e-01,-2.115731104687087333e-02,5.286187306566760002e-02,2.047448428364531670e-01,-2.316638823031068606e-01,-1.990094198623144559e-02,-2.116074281885615138e-01,-5.702651786731045835e-02,-1.251392309497084965e-01,3.669285668673002432e-01,-3.253653688355575002e-01,5.959789527731459285e-02,8.840219607733856844e-02,-6.874434051877265084e-02,-7.042289278727874302e-02,-6.664805492367360529e-01,7.066096627182258949e-01,-5.837400391627650675e-01,2.997736278866393669e-02,1.320634656064352819e-01,-1.521695840018423562e-01,-8.616500334295628533e-03,-9.132837496312723458e-01,-7.577110241117461786e-01,4.708942097249392278e-01,6.974591510033513464e-02,-2.204745632401854116e-01,8.080730191460429312e-02,6.858442635648652475e-02
2.215489462367542517e-02,-5.357967594712560039e-02,7.483339436025249203e-01,-2.173875380532753684e-02,5.703190665235152723e-02,6.980664573345407575e-01,7.134269474522201282e-01,-1.360088418052048664e-01,-2.518234915636132290e-02,5.301810088006083527e-02,2.088331266618216331e-01,-2.279522884350706213e-01,-1.777113684471773661e-02,-2.057674181258142554e-01,-6.346372369812661174e-02,-1.325553499568807858e-01,3.764393320931660458e-01,-3.271702577126964773e-01,6.295289422330932472e-02,1.188840768014770427e-01,-8.229581641581029672e-02,-6.536938964841505773e-02,-6.972763946534886736e-01,6.833885796593022199e-01,-6.248912296408556388e-01,5.672169922252775359e-02,1.380573268935547659e-01,-1.473915707205596115e-01,-2.571506399711044957e-03,-1.054707008663876788e+00,-7.317894466303648260e-01,5.805489370716084840e-01,3.268529889233490748e-01,-2.294562709390549349e-01,1.047986543756861261e-01,7.679205931790253348e-02
2.284791944425073815e-02,-5.592804603198008734e-02,7.480375945234259971e-01,-1.474539620913076221e-02,5.473707709592149501e-02,6.965578082862001752e-01,7.152577475268313556e-01,-1.190277843841639066e-01,-3.187562984025880258e-02,5.420209270279517655e-02,1.983842626547623056e-01,-2.231218584786974213e-01,-2.013854359658654933e-02,-1.951356412332697632e-01,-7.098592890348034978e-02,-1.378451310573508559e-01,3.778544189062850167e-01,-3.356191416934664606e-01,6.391201498914603207e-02,1.485387737598251878e-01,-8.649406720901593737e-02,-4.455451589635895521e-02,-7.256312213094280317e-01,6.542900370622655171e-01,-6.442301556416935027e-01,8.553546042570028818e-02,9.219362823934677820e-02,-1.465417665493899402e-01,8.014456067616297641e-03,-1.220607078331994888e+00,-6.679705497125946190e-01,7.106766378322764144e-01,6.518121081404201211e-01,-2.038726835884391020e-01,1.062942216650350352e-01,1.016510092195807152e-01
2.344485047163426261e-02,-5.833281680422182369e-02,7.473359643662101925e-01,-8.930795696715424989e-03,5.305212120302604806e-02,6.983032907954935808e-01,7.137774354714971903e-01,-1.135844094823692807e-01,-3.976593920560417966e-02,4.624773642097908255e-02,2.013175289070900931e-01,-2.251253349880114329e-01,-2.276169822790811634e-02,-1.936722822648293540e-01,-8.001290555538777272e-02,-1.427174955858620253e-01,3.945346801837941175e-01,-3.500482397701334403e-01,5.980562623435000530e-02,1.694431104890370410e-01,-9.444905499635845858e-02,-3.115347297038754959e-02,-7.338074384082187152e-01,6.307338376126661039e-01,-6.578499597221371120e-01,9.523162462040327125e-02,5.118221462033935992e-02,-1.494633135511742594e-01,1.370053588639781085e-02,-1.281525980501207362e+00,-6.274161569533168725e-01,7.759807621050874848e-01,8.421546548850518121e-01,-1.995121917220714636e-01,1.157364437785913663e-01,1.381784131712697761e-01
2.408462354385441928e-02,-6.028658809052880874e-02,7.469370263236045915e-01,-5.023092507071814927e-03,5.163552701393925998e-02,6.994568009300897726e-01,7.127893970341468988e-01,-1.076799906170386734e-01,-4.453699636747838336e-02,4.007961860399393561e-02,1.991233937476335203e-01,-2.249143858274982033e-01,-2.182496011167129810e-02,-1.928280886401940453e-01,-8.483586736941126083e-02,-1.450598618839173404e-01,4.064195414090083780e-01,-3.586022069039950799e-01,5.596835208234847425e-02,1.854901230231738862e-01,-9.723758578078020576e-02,-2.136155815290557286e-02,-7.441992461688597960e-01,6.093560265912972840e-01,-6.632451825428494763e-01,1.077319321079401593e-01,9.364133916867143151e-03,-1.512971596802269170e-01,2.049950590248897711e-02,-1.327241722051267780e+00,-5.894862306677017827e-01,8.275023820911103778e-01,9.940689308333848784e-01,-2.074963480927936588e-01,1.093629579290270049e-01,1.615004164185774305e-01
2.462821654276879310e-02,-6.200499958685674190e-02,7.466739101650659016e-01,-2.955643010293375512e-03,5.093663606624913853e-02,7.015386684469566703e-01,7.108025182526584995e-01,-1.050726110960486653e-01,-4.816960422480463799e-02,3.157345781723548683e-02,1.952272169514115419e-01,-2.232156538408372748e-01,-2.176139207556677252e-02,-1.913240697961492431e-01,-8.822402266761558698e-02,-1.501076536895738500e-01,4.100677763056945202e-01,-3.639341330843968714e-01,5.374255924276540031e-02,1.981846199493014493e-01,-9.870434027365407315e-02,-1.374587851761100918e-02,-7.534823022436898388e-01,5.895823108687259229e-01,-6.657503261628472391e-01,1.171287615184677666e-01,-3.154418218037501054e-02,-1.539262360104842742e-01,1.620741067955221854e-02,-1.352162914230840673e+00,-5.638708858681391600e-01,8.568386141494528374e-01,1.099768945340740212e+00,-2.119945626246772519e-01,1.014830570586219283e-01,1.814430666057733066e-01
2.497813136928164063e-02,-6.350593466621959338e-02,7.464139346881847326e-01,-1.761151187919919505e-03,5.057409021808734195e-02,7.030630869997056553e-01,7.093246474242592692e-01,-1.035584560702637186e-01,-5.067339263203934907e-02,2.416933197395082500e-02,1.905709478957046399e-01,-2.211842033211826319e-01,-2.340824276144679722e-02,-1.908582886360006836e-01,-9.068374720010974332e-02,-1.546035185043972693e-01,4.117663432804667401e-01,-3.674983163555003984e-01,5.149119423676928875e-02,2.079752421292063724e-01,-9.856038947393258587e-02,-1.027445568982329402e-02,-7.603816136015185689e-01,5.753356651070838934e-01,-6.671445824081290166e-01,1.248606392203579357e-01,-5.430290210370913168e-02,-1.540130411741801320e-01,1.225776750939973174e-02,-1.362187304545930955e+00,-5.456029769741285174e-01,8.702318221302556278e-01,1.166317781161280376e+00,-2.143620156905152174e-01,9.496424642791231885e-02,1.924137980349327759e-01
2.513359862807454728e-02,-6.479273518437678181e-02,7.465510148034740778e-01,-1.485901727460607787e-03,4.975607401453904094e-02,7.047244384645465765e-01,7.077327115695200010e-01,-1.043300377083588582e-01,-5.096471083189493823e-02,1.838557944596779653e-02,1.898744652938077204e-01,-2.182423056299919173e-01,-2.305184648633294350e-02,-1.912710416681685510e-01,-9.084802827924741420e-02,-1.573217551382942725e-01,4.139553752523902341e-01,-3.654533050995765198e-01,4.983523481531593885e-02,2.149969618846602482e-01,-1.003227942737010964e-01,-7.465762000969611463e-03,-7.662683236057771241e-01,5.630598601701046757e-01,-6.690984447323511386e-01,1.300040365477095061e-01,-6.997732878394738454e-02,-1.534199969689197529e-01,7.553924699717057788e-03,-1.366684917899224638e+00,-5.343518406742377991e-01,8.740137465142299167e-01,1.205307882062946367e+00,-2.104563494633907850e-01,9.121445011968315475e-02,1.972609708622921065e-01
2.505986800910471948e-02,-6.591466152190979255e-02,7.466181180988200605e-01,-1.619954214595526083e-03,4.946839673237622692e-02,7.054496011506055098e-01,7.070297827599076879e-01,-1.051460459371107298e-01,-5.077098430002213031e-02,1.739619259376615559e-02,1.877883901906178821e-01,-2.162358364198793959e-01,-2.360911730369722947e-02,-1.927001730101690902e-01,-9.107920196656894840e-02,-1.592684601877756290e-01,4.146466668019418433e-01,-3.635304181234830789e-01,5.061852906797059681e-02,2.209608058836396993e-01,-1.011608502521655906e-01,-6.012346020578923991e-03,-7.722895088751120518e-01,5.578936107093072083e-01,-6.746916046851838544e-01,1.302659014382800129e-01,-8.089187767670380502e-02,-1.549980768788782326e-01,1.020289334052292517e-03,-1.369094354802989244e+00,-5.239389391324980050e-01,8.719293615561485300e-01,1.233803055724245423e+00,-2.013207633862243162e-01,8.859014821069584322e-02,1.973229264724811749e-01
2.484249573651214557e-02,-6.686423188957774100e-02,7.466256225773707511e-01,-1.996027656328472084e-03,4.911396628637722250e-02,7.063085801714855672e-01,7.061954571967704597e-01,-1.059181643998026862e-01,-5.053814577259908847e-02,1.450722130429409062e-02,1.851899890875252086e-01,-2.144577824521071430e-01,-2.464436546374295170e-02,-1.931967365532372971e-01,-9.133524300427832421e-02,-1.629360148890229842e-01,4.137351381922816373e-01,-3.618402518340109175e-01,4.993413347443983324e-02,2.237870515807615646e-01,-1.000231454167882506e-01,-6.084998950426493032e-03,-7.755412478957269817e-01,5.536713128650687654e-01,-6.778941400266131900e-01,1.306535213706220833e-01,-8.776248890368565370e-02,-1.558959542918601782e-01,-4.745499705527545485e-03,-1.368125084540369185e+00,-5.161615898761823251e-01,8.630043920933960777e-01,1.253994425856734818e+00,-1.864575608523387218e-01,8.708344915135730890e-02,1.969440298943480327e-01
2.450922040747812239e-02,-6.767385987227125810e-02,7.466852711260014708e-01,-2.127333069738206878e-03,4.814561595090479512e-02,7.075424773299263670e-01,7.050256143520949870e-01,-1.058243123006056691e-01,-5.005567664013160084e-02,1.127590292256695076e-02,1.838516594530022474e-01,-2.130752143265699505e-01,-2.583879897481560980e-02,-1.935708646141707234e-01,-9.158685729078408500e-02,-1.666231280402817316e-01,4.162849674875193640e-01,-3.602318767517604936e-01,4.904787261683006550e-02,2.248940736031042331e-01,-9.924084203529590087e-02,-6.410761809931639181e-03,-7.791120619758618027e-01,5.519359305515229019e-01,-6.835236093999548235e-01,1.301297938018129430e-01,-9.020251662648154367e-02,-1.572109443262165451e-01,-1.089696756578886587e-02,-1.365687382415483153e+00,-5.096442277192626547e-01,8.546961465957571003e-01,1.268005301437042931e+00,-1.734031972161659552e-01,8.428117095174599005e-02,1.945969818497719217e-01
2.407067378839156113e-02,-6.836351414028851714e-02,7.467181929233145388e-01,-2.400039462129759885e-03,4.729326939324404733e-02,7.085917967856992794e-01,7.040278772951342745e-01,-1.065478747200418741e-01,-4.958923641978036506e-02,8.635376986379714181e-03,1.840917543855399297e-01,-2.131149492990613292e-01,-2.641545497022043665e-02,-1.945674572436808247e-01,-9.168475152258956373e-02,-1.691398638944034694e-01,4.193695401244972865e-01,-3.590011290705125147e-01,4.919994634008530848e-02,2.237397701589260157e-01,-9.878655183654895533e-02,-6.219948757110792779e-03,-7.821886359242810061e-01,5.519762098799968486e-01,-6.882607325752229110e-01,1.288427842180319138e-01,-9.026753849312382783e-02,-1.583311504721300333e-01,-1.541423868746657003e-02,-1.363520999803194078e+00,-5.068931361736601637e-01,8.466683870708452408e-01,1.276106977531026976e+00,-1.616254502230620171e-01,8.119536064818928811e-02,1.911152308510346010e-01
2.355139988238214022e-02,-6.893717743540277165e-02,7.467547422608813434e-01,-2.569094572536005216e-03,4.685454657866958833e-02,7.088020555488099284e-01,7.038449383690746908e-01,-1.073912606624835564e-01,-4.968692030196607268e-02,7.094783455016268059e-03,1.847012866013469090e-01,-2.130117986307332734e-01,-2.676224910476100033e-02,-1.958193310939186083e-01,-9.195137667378178170e-02,-1.697231521570771173e-01,4.214058393909277944e-01,-3.581185451517598373e-01,4.998626657500775811e-02,2.226040420349246207e-01,-9.888579947327873210e-02,-5.631520685159923691e-03,-7.846872690640983583e-01,5.530290706445247784e-01,-6.908204057123865649e-01,1.277049512151776645e-01,-8.787961400358759723e-02,-1.591472021214500321e-01,-1.925158289723338106e-02,-1.361969503509464330e+00,-5.060329315666809435e-01,8.418646981192700052e-01,1.278126556926318713e+00,-1.531969076217243320e-01,7.844885829653354403e-02,1.907910055383747194e-01
2.296426921609322561e-02,-6.942576923400897715e-02,7.468273975760267858e-01,-2.574632481159984995e-03,4.637837668997450008e-02,7.088714158964255496e-01,7.038066021061373245e-01,-1.080554833299059575e-01,-4.987904248662589080e-02,6.962218796356132999e-03,1.860126579342786246e-01,-2.128468858882920089e-01,-2.615773656601434391e-02,-1.973214909942088424e-01,-9.230349163162816784e-02,-1.691700294000126614e-01,4.245295545436965634e-01,-3.569728271736030689e-01,5.010084341701784988e-02,2.199015490236884141e-01,-9.897077248553790008e-02,-5.315926669886153824e-03,-7.865027792223003855e-01,5.545837123711807592e-01,-6.926124557279415006e-01,1.280619774318765003e-01,-8.007466677092152374e-02,-1.577564970537779221e-01,-2.135137366948480775e-02,-1.359737223775004278e+00,-5.061551548430608394e-01,8.416260700408408901e-01,1.274348907589411883e+00,-1.521808714822106556e-01,7.625511853800472084e-02,1.903032047106689439e-01
2.233600039549206440e-02,-6.982921302625687276e-02,7.469531810416164541e-01,-2.829217913406394114e-03,4.602792566188613349e-02,7.088973193129842754e-01,7.038025406718331212e-01,-1.085173496156126155e-01,-4.993385035555142348e-02,6.990927996094513375e-03,1.861019205032846124e-01,-2.124389765644020545e-01,-2.514563622673172266e-02,-1.989414140411117082e-01,-9.232559112470212215e-02,-1.682223675333026358e-01,4.268472252394371891e-01,-3.551072818071974169e-01,5.106540384344197131e-02,2.172554201539337038e-01,-9.953718176737287593e-02,-5.476919286072676196e-03,-7.890374924718902561e-01,5.568134440722652956e-01,-6.951404733688506532e-01,1.272664667913711023e-01,-7.038716877864316379e-02,-1.577004683492710946e-01,-2.115252895790215373e-02,-1.355770720111019623e+00,-5.074464936789538916e-01,8.407359662874277495e-01,1.266805135808461547e+00,-1.490263279410015129e-01,7.347659669400753712e-02,1.879819762546534323e-01
2.168087535173074398e-02,-7.017178897335721310e-02,7.470034289568883157e-01,-2.681227040310854917e-03,4.588620844984848263e-02,7.082254423019338496e-01,7.044884596442199109e-01,-1.080664208463124748e-01,-5.053407367141437428e-02,8.790096632261990006e-03,1.856401701024824324e-01,-2.118691714080149502e-01,-2.428667978033657859e-02,-1.992974726065802060e-01,-9.297706487878697190e-02,-1.672145150877832886e-01,4.266568725374771387e-01,-3.541474903854130996e-01,5.191935536130763001e-02,2.148253909537016226e-01,-1.001653010149374107e-01,-5.872446357307090081e-03,-7.904034056994035939e-01,5.604175955067910442e-01,-6.973539288513850298e-01,1.268173323773644778e-01,-6.494549372739023829e-02,-1.573211640451180060e-01,-2.158022549524838546e-02,-1.351549000779516341e+00,-5.076450537970015331e-01,8.417727340973565342e-01,1.256259366387573184e+00,-1.458323710439294041e-01,7.090333704695796213e-02,1.867430529494574498e-01
2.100976136535379415e-02,-7.046058276373136364e-02,7.470296470465260796e-01,-2.483505265311932581e-03,4.553466909295614956e-02,7.078373724448887572e-01,7.049018940835016789e-01,-1.072498988457049607e-01,-5.117429569101789033e-02,9.229420255312835442e-03,1.851194918349863272e-01,-2.117160514421931872e-01,-2.380322965259140666e-02,-1.989380161762689669e-01,-9.363248943147335634e-02,-1.669329485275245772e-01,4.264841674384958758e-01,-3.534879314107340909e-01,5.240469386564408638e-02,2.114875316922141535e-01,-1.000452335083769351e-01,-6.460330658925480390e-03,-7.913748045136604903e-01,5.635165300900906171e-01,-6.988453698039320816e-01,1.272187876481905289e-01,-5.598177032149712767e-02,-1.564838386438613393e-01,-2.267529614268173899e-02,-1.346204689152678879e+00,-5.084993857127555472e-01,8.430319521730170740e-01,1.242202032280167456e+00,-1.421331899212556205e-01,6.819583572947417183e-02,1.854011252478233451e-01
2.028119891187901008e-02,-7.070131860199399543e-02,7.470938311672288279e-01,-2.100904036523181841e-03,4.487316702239629168e-02,7.069001114778491468e-01,7.058854138429369041e-01,-1.049299888924660473e-01,-5.108287984576426188e-02,1.244159581013240187e-02,1.838791081928719540e-01,-2.115314891699001942e-01,-2.339247882441753898e-02,-1.971940504640973812e-01,-9.381827879133905479e-02,-1.664306767750029781e-01,4.245212236008372719e-01,-3.517440560995500065e-01,5.370604588872159024e-02,2.069643102998117157e-01,-9.989991601510252173e-02,-7.152567411060888752e-03,-7.912187423660623775e-01,5.685449255443663086e-01,-7.002958022707879149e-01,1.266107218417384661e-01,-4.870220787283244257e-02,-1.564799286845478532e-01,-2.361217072106970918e-02,-1.340244957102834977e+00,-5.079588375558968805e-01,8.461552689569153962e-01,1.224965872600082051e+00,-1.403419901608768949e-01,6.549741400588554585e-02,1.821270909769668322e-01
1.950882741570066775e-02,-7.087991068824481267e-02,7.471693878834285707e-01,-1.832515476052765189e-03,4.428335177826743518e-02,7.059116689972144698e-01,7.069118348251637318e-01,-1.025931274317687519e-01,-5.108738707259872364e-02,1.517887636167952400e-02,1.823675409620553745e-01,-2.115869109985127061e-01,-2.285163101930295579e-02,-1.951413784852645827e-01,-9.386352212256103555e-02,-1.658570892321585000e-01,4.215595518819996168e-01,-3.499906656485712864e-01,5.591968511121090529e-02,2.022489614716075357e-01,-9.932401535715797147e-02,-7.588021500862176735e-03,-7.910359247365263968e-01,5.740665459093878820e-01,-7.020249306002545042e-01,1.257220486395446701e-01,-4.157249800317878996e-02,-1.564810057085900263e-01,-2.545602708214106044e-02,-1.334564577931188989e+00,-5.073928905466694728e-01,8.498113020013111640e-01,1.206142209131806142e+00,-1.404418139544850730e-01,6.258417021714832162e-02,1.807035202065574164e-01
1.865952384898327335e-02,-7.100109376374713621e-02,7.472728357922718834e-01,-1.823100181574701262e-03,4.375329839266295373e-02,7.045089926188761176e-01,7.083427168430739274e-01,-1.005906066256574971e-01,-5.071180665666234766e-02,1.795776772125310186e-02,1.809384883636634134e-01,-2.115741945226529697e-01,-2.249016418675451809e-02,-1.936442262320639540e-01,-9.321972136817686938e-02,-1.639899761053596472e-01,4.182398039175749815e-01,-3.472772512052747507e-01,5.813159903610073953e-02,1.978289169014049442e-01,-9.865859107390248517e-02,-9.140552053764700730e-03,-7.907534943415456263e-01,5.798341055952904721e-01,-7.039320850137152918e-01,1.248272792912415580e-01,-3.121200415919322957e-02,-1.572532786917363035e-01,-2.835383281381628415e-02,-1.328760998076469857e+00,-5.059121671900471684e-01,8.525784707207104685e-01,1.187814870386589838e+00,-1.406017706162948078e-01,5.981768863953374621e-02,1.800249803308565100e-01
1.773235374560234306e-02,-7.109880502754152565e-02,7.474820792408001235e-01,-2.256635758950215932e-03,4.301820269052447632e-02,7.030467524218405595e-01,7.098377319792402718e-01,-9.894692514273811801e-02,-4.920303876488777567e-02,2.198540470445611850e-02,1.797939133368181008e-01,-2.119376144974995380e-01,-2.150931149792051356e-02,-1.931393864559903806e-01,-9.121779902062601697e-02,-1.602499636826429930e-01,4.157773550916341598e-01,-3.425141828817904743e-01,6.167867615531174436e-02,1.931767890775941965e-01,-9.821436338075516248e-02,-1.014512764670978673e-02,-7.908032618618119347e-01,5.844355430225722792e-01,-7.055046404443960917e-01,1.246534508230341676e-01,-1.757719133013690635e-02,-1.579334529167735202e-01,-2.799626357037597255e-02,-1.323406829059435186e+00,-5.042285287390584347e-01,8.564827694192819196e-01,1.170090854482575438e+00,-1.406896860617786738e-01,5.586268876902159702e-02,1.781141628363043516e-01
1.677136707595268741e-02,-7.118835117911485877e-02,7.475953942676706321e-01,-2.665665345492438266e-03,4.248495423067234072e-02,7.018864635005630515e-01,7.110156926868469451e-01,-9.796969076921357988e-02,-4.839398896837907027e-02,2.498183401511658644e-02,1.792415011661082636e-01,-2.129710807138802120e-01,-2.046575196939913119e-02,-1.928899625520797689e-01,-8.999286571573722471e-02,-1.575457096296943027e-01,4.138487141600776242e-01,-3.398124033323589588e-01,6.388539488718299186e-02,1.885323491336866608e-01,-9.785119930368983698e-02,-1.065120766459590196e-02,-7.913746116649258422e-01,5.888045165820756655e-01,-7.074184646700162338e-01,1.240454574118800973e-01,-6.474528336475652256e-03,-1.587607665874223029e-01,-2.729238631501043622e-02,-1.318356031326252564e+00,-5.035275177589983997e-01,8.613315224640512024e-01,1.151340912259151583e+00,-1.408544867146316604e-01,5.138412797486649475e-02,1.772980906134375145e-01
1.578544606062718889e-02,-7.130675660802608673e-02,7.476817364795342868e-01,-2.655331773083601833e-03,4.189523132030827796e-02,7.005615891970193854e-01,7.123560897104339595e-01,-9.684204677120702986e-02,-4.816853199738177493e-02,2.814389591007797689e-02,1.798614608044742380e-01,-2.141605858297684906e-01,-1.921170134318798961e-02,-1.927241000530915405e-01,-8.946104822757697250e-02,-1.546057417240340182e-01,4.134069678789905056e-01,-3.379674485878672030e-01,6.584662971123839137e-02,1.833652173921041240e-01,-9.807657208233122592e-02,-1.000252162936419650e-02,-7.905417681363039462e-01,5.927593115998275319e-01,-7.073983379467791988e-01,1.233978939432777561e-01,3.798072562605581473e-04,-1.595532638249152479e-01,-2.559034529799181917e-02,-1.313193697697975226e+00,-5.026457626631832820e-01,8.652720505666817719e-01,1.130339299110413087e+00,-1.422284388083003837e-01,4.742935183606029892e-02,1.762047728416414605e-01
1.478545033412606222e-02,-7.144011896915523907e-02,7.478865858232731645e-01,-2.647095787945522982e-03,4.100162526929593265e-02,6.989516416798565723e-01,7.139877185233647339e-01,-9.493301630754040488e-02,-4.734088520928325661e-02,3.183710197257857977e-02,1.800489800240616667e-01,-2.147556147141897742e-01,-1.666273727151243791e-02,-1.926088010455356270e-01,-8.828523612446977087e-02,-1.509724094779398285e-01,4.135183205458550226e-01,-3.339914426899995847e-01,6.912031729994484730e-02,1.770366639562861721e-01,-9.801388298403528043e-02,-9.821161392368583931e-03,-7.883111941360141373e-01,5.973508989578285577e-01,-7.067477579320323722e-01,1.229669463334213120e-01,9.132494830795059165e-03,-1.603347893009545166e-01,-2.485140893023803088e-02,-1.307120331772504862e+00,-5.014946296667771586e-01,8.697470738391271938e-01,1.106039674203228795e+00,-1.449244636105542494e-01,4.304790327681948248e-02,1.773077342938080281e-01
1.381403989389593488e-02,-7.161419014258707527e-02,7.479733375208349466e-01,-2.449551189069538570e-03,4.020689424615336155e-02,6.971151574095001413e-01,7.158266987644278379e-01,-9.330069595254698867e-02,-4.691015268426205337e-02,3.461839386617353298e-02,1.809342390418059443e-01,-2.154595117268140458e-01,-1.560655185155230065e-02,-1.916482470676164895e-01,-8.760950307998464914e-02,-1.483808866926140668e-01,4.120442896412848111e-01,-3.314124056790106465e-01,7.178688771293247062e-02,1.690523558421568595e-01,-9.632418445187286571e-02,-9.969050762015645162e-03,-7.847620816469712546e-01,6.036110192022234866e-01,-7.057620067066239233e-01,1.222480882535608993e-01,1.579013915508124463e-02,-1.615203763566548656e-01,-2.420092013795800343e-02,-1.301179945293652995e+00,-4.996699891960078022e-01,8.728271155072833132e-01,1.077412048563703761e+00,-1.446781793143173123e-01,3.861466909947366966e-02,1.772593032699669446e-01
1.289183598008654744e-02,-7.181089887608821387e-02,7.481205114543654222e-01,-3.012866181296439561e-03,4.004384304459428223e-02,6.943904122047553917e-01,7.184771177356340521e-01,-9.252141466098612321e-02,-4.549357155685430920e-02,4.044622186633423794e-02,1.800062874604075602e-01,-2.163156333956857691e-01,-1.408523703103025868e-02,-1.916221410220323162e-01,-8.553866993654539452e-02,-1.440206107847479822e-01,4.068721599465012773e-01,-3.273511767890893154e-01,7.664379303701729373e-02,1.608365068987598623e-01,-9.532076267976727357e-02,-1.107405724200189422e-02,-7.804328861437930254e-01,6.112649507499599011e-01,-7.033390221451075730e-01,1.221143211082053870e-01,2.549560379824648490e-02,-1.613884575152404188e-01,-2.237874351104114645e-02,-1.295868811602847170e+00,-4.981352762895095987e-01,8.778023626403315127e-01,1.044246824829177411e+00,-1.481591408264116838e-01,3.356098894178453917e-02,1.752072909824957669e-01
1.204133004753207142e-02,-7.210129333339530822e-02,7.482706056502873571e-01,-3.288474613955272470e-03,3.962899043631618046e-02,6.917560944203650086e-01,7.210355295573136480e-01,-9.242663874917599054e-02,-4.393693627299296439e-02,4.671766215081178675e-02,1.818633813461178472e-01,-2.176818148598869684e-01,-1.305473229691726800e-02,-1.921770382351490059e-01,-8.352808902428543458e-02,-1.391635574639612238e-01,4.044345020770589993e-01,-3.238158962450150558e-01,8.026975669343099085e-02,1.522352732898564487e-01,-9.537129496365553960e-02,-1.154987127446513787e-02,-7.759754358176342848e-01,6.192293139649431843e-01,-7.008235883109341646e-01,1.230699591812400018e-01,3.584371174758915063e-02,-1.593423996660247310e-01,-2.054935662284586989e-02,-1.288906811884209747e+00,-4.975736134592970150e-01,8.834592643114388411e-01,1.007767865264908691e+00,-1.511803453661890728e-01,2.967761059656407949e-02,1.722888072536221948e-01
1.124688819886643897e-02,-7.246711862010475624e-02,7.483121309427701595e-01,-3.188081228706330077e-03,3.888507064324862872e-02,6.893534777788443701e-01,7.233737416393837272e-01,-9.154555268202133056e-02,-4.245455381481735152e-02,5.287175295917217327e-02,1.839998601984788595e-01,-2.196711480197253707e-01,-1.199895467066339552e-02,-1.931159759806311271e-01,-8.161403638856525034e-02,-1.335418748485809881e-01,4.049565157409497074e-01,-3.218171856446489509e-01,8.274313546318380619e-02,1.403248017558693661e-01,-9.490558864521130011e-02,-1.208871996251822262e-02,-7.712903067579655048e-01,6.284278237354941066e-01,-6.982400856388534249e-01,1.244819466418513598e-01,4.792730217453271269e-02,-1.581523880949220473e-01,-1.800475119679045138e-02,-1.278723896384701852e+00,-4.966574515276359625e-01,8.849073251466023082e-01,9.627472865701238725e-01,-1.496060486782542776e-01,2.420960755787642318e-02,1.678233878600573492e-01
1.050751759874298148e-02,-7.287670401259069286e-02,7.483321359188817024e-01,-2.743915261871082527e-03,3.829908029457614049e-02,6.866229064740760890e-01,7.259990603869390657e-01,-9.124253707512877676e-02,-4.161316693788262577e-02,5.866826490907600666e-02,1.877597865527740051e-01,-2.210982803123747731e-01,-1.058144556775092796e-02,-1.936405555646160404e-01,-8.073545963294644079e-02,-1.293501753436236135e-01,4.049603993226095211e-01,-3.200532554209984393e-01,8.681253245371381433e-02,1.268043038012645063e-01,-9.324821797864110695e-02,-1.259071738487452415e-02,-7.649188652762772822e-01,6.387617602888310264e-01,-6.945660037651493202e-01,1.267316153788418664e-01,5.622012342502703125e-02,-1.578232917564866000e-01,-2.159086742954565569e-02,-1.264187787380716577e+00,-5.000761409791012468e-01,8.852306573750591268e-01,8.993426389789273001e-01,-1.492678132386507373e-01,1.750967512577064969e-02,1.645946200058206743e-01
9.798664784785681217e-03,-7.326336744565979664e-02,7.483579082342934896e-01,-2.694360656628184796e-03,3.806159797396994893e-02,6.834923102545386042e-01,7.289597499198665620e-01,-9.180351841962949844e-02,-4.057075837399983648e-02,6.379198066528676825e-02,1.911574855827276043e-01,-2.227857396964442183e-01,-9.423137962245762070e-03,-1.941227858247033533e-01,-7.947325528964339914e-02,-1.258762639315186560e-01,4.023629475998804494e-01,-3.179185774975884504e-01,9.037367579769124692e-02,1.140495405828924891e-01,-9.025812914877298643e-02,-1.488157102057228662e-02,-7.560314798621824428e-01,6.466806352147709269e-01,-6.865203437930355035e-01,1.325078844807288936e-01,6.735543691501871821e-02,-1.564026037270572767e-01,-2.437494521867019162e-02,-1.247532667050139432e+00,-5.066022763768905923e-01,8.839954733756736349e-01,8.278939773554138126e-01,-1.571929171260460778e-01,1.255452001696376156e-02,1.595812272824281841e-01
9.065141775058672274e-03,-7.362352358329063429e-02,7.483306543892673801e-01,-2.773142272024225335e-03,3.795529907537306680e-02,6.798829164646439382e-01,7.323325234164937969e-01,-9.236126931314352084e-02,-3.883485953098798210e-02,7.255447497859043859e-02,1.945037799288102109e-01,-2.256300278045687280e-01,-9.691282975316656279e-03,-1.945376363251070939e-01,-7.729164886290119940e-02,-1.194581058346501634e-01,3.980051743872100589e-01,-3.158950757558247613e-01,9.532728542618396084e-02,9.954816294208340688e-02,-8.855876697897840932e-02,-1.631132286527248870e-02,-7.463352090639847614e-01,6.570044732647268848e-01,-6.778417494565457391e-01,1.363358740093533750e-01,7.692174529560674712e-02,-1.529828752750807264e-01,-2.842700523141532612e-02,-1.227232161588611481e+00,-5.166536160091403929e-01,8.788136940017639009e-01,7.429578091017177144e-01,-1.623947455339118939e-01,8.621305058459797013e-03,1.505635994139488398e-01
8.382997944452869749e-03,-7.387901560788605326e-02,7.483789957388161662e-01,-2.695099670487068923e-03,3.781840790981906564e-02,6.769327078398434949e-01,7.350677611741326389e-01,-9.333845915590391340e-02,-3.807427727781743931e-02,7.698692961272585178e-02,1.986703056533779821e-01,-2.272586912564742434e-01,-7.502232820619281033e-03,-1.958985539699013012e-01,-7.586386887851691296e-02,-1.135251988930357225e-01,3.970804566254407253e-01,-3.138785042939820635e-01,9.827607900564831744e-02,8.609485522033266669e-02,-8.666043158186044482e-02,-1.736732444251877505e-02,-7.350739855764207853e-01,6.650424603514445421e-01,-6.643900796608095405e-01,1.393441321031082814e-01,8.783119471435915648e-02,-1.502610158920426320e-01,-2.873346020832454051e-02,-1.199330616566033791e+00,-5.339628718451105982e-01,8.669969903576537629e-01,6.451306633115061473e-01,-1.677944533545537853e-01,2.076225426185003206e-03,1.429507106052102516e-01
7.693511760407769837e-03,-7.392809707482234094e-02,7.484323896455123970e-01,-2.528579545736851092e-03,3.804537976601357618e-02,6.732452128898717136e-01,7.384355345490991596e-01,-9.431897074712226881e-02,-3.759277001746158531e-02,8.358665117533846389e-02,2.031427759979441694e-01,-2.284763710232545209e-01,-5.389527112553382272e-03,-1.974881257484057961e-01,-7.476712246196411116e-02,-1.069153387025171542e-01,3.956224230521186991e-01,-3.119568251604682430e-01,1.034386041148160351e-01,7.432212946938047959e-02,-8.462030473904005867e-02,-1.915822045199083029e-02,-7.227047015063355895e-01,6.745479589330748427e-01,-6.519214823801038339e-01,1.405157219680910896e-01,9.397160490364910024e-02,-1.510666768307943886e-01,-2.974006189425616384e-02,-1.170555779548611230e+00,-5.555716397780536830e-01,8.531733287839170510e-01,5.512907514261887743e-01,-1.684874027022672527e-01,-3.523875181435576947e-04,1.401412650021932049e-01
7.019631597468148007e-03,-7.379632393888521658e-02,7.484465080684411520e-01,-2.809032327713933616e-03,3.805430121900525015e-02,6.695492361588217811e-01,7.417868965243693546e-01,-9.521417320955326280e-02,-3.581137303370363761e-02,9.091008513996462481e-02,2.077282870475929411e-01,-2.322350529857695189e-01,-3.906105885669127441e-03,-1.984961677638150679e-01,-7.270096042046303442e-02,-1.014250534258227671e-01,3.931836261421043366e-01,-3.100058269684008438e-01,1.081737703771839532e-01,6.153983707490826016e-02,-8.251533301708929846e-02,-2.123649668963164053e-02,-7.064608819590170175e-01,6.817786786945572164e-01,-6.356423086045172033e-01,1.402302041834553314e-01,9.554877970177369506e-02,-1.521359005405452103e-01,-2.776138281361900315e-02,-1.140317287534463819e+00,-5.807229605725866550e-01,8.371618597734097333e-01,4.584325821897620168e-01,-1.749541531796209026e-01,-5.249315371778277492e-03,1.332025378682534233e-01
6.425860096759903294e-03,-7.343319858992874982e-02,7.484442806587086050e-01,-3.265819278491097037e-03,3.849442596373726239e-02,6.670649335018126180e-01,7.439972366120636282e-01,-9.712529540088778168e-02,-3.529765639836819624e-02,9.412509386573023051e-02,2.118008721031124364e-01,-2.346311527938766961e-01,-4.247222660038752970e-03,-2.000459630415468426e-01,-7.155164583137960110e-02,-9.677361820891822175e-02,3.917100994865141961e-01,-3.094761935154679566e-01,1.097012198154191098e-01,4.980511915365168352e-02,-7.895497357537700767e-02,-2.172039395941295983e-02,-6.918583546262484507e-01,6.904746789936139217e-01,-6.221700477644602767e-01,1.352389397837581997e-01,9.224216019254377619e-02,-1.555402053519894801e-01,-3.044442791305761523e-02,-1.105675870811927863e+00,-6.087827251165983666e-01,8.196038087455205234e-01,3.693729589363053400e-01,-1.726547199570528102e-01,-1.070619626146815904e-02,1.331257442828570337e-01
5.911537092754326483e-03,-7.286527935635304931e-02,7.484226720919808784e-01,-3.944626213872345737e-03,3.930730378441204403e-02,6.646471209715381079e-01,7.461123108336160659e-01,-9.984386465851698145e-02,-3.516153945390772251e-02,9.605454451583289588e-02,2.160814744291916778e-01,-2.370057898357872950e-01,-3.552989636814161620e-03,-2.016487791871847124e-01,-7.053730352282761018e-02,-9.265445075379478979e-02,3.893321068946711261e-01,-3.096591275521696218e-01,1.111058529887490043e-01,3.887410157679582756e-02,-7.502965118670824884e-02,-2.240342299288589425e-02,-6.767760558234239276e-01,6.990659934277637655e-01,-6.077120146058611061e-01,1.278557291373398630e-01,8.312088125963806862e-02,-1.609022368466967445e-01,-3.471307805905565758e-02,-1.069335990088051691e+00,-6.359688693519239822e-01,7.982447166727196786e-01,2.895455176457494839e-01,-1.661812211195641542e-01,-1.340221013955102645e-02,1.404350814749456555e-01
5.461177246944891837e-03,-7.215193561969281133e-02,7.484200777002143479e-01,-5.237027118801739281e-03,4.007132700711556195e-02,6.623902071761371690e-01,7.480682293320577436e-01,-1.024282263089557610e-01,-3.382077800483077740e-02,9.871585310513994460e-02,2.190558919277065253e-01,-2.408862630264455018e-01,-1.644647271397596620e-03,-2.032320409219449953e-01,-6.819293754324286250e-02,-8.814006535014579091e-02,3.856480351566182740e-01,-3.083980475372931629e-01,1.132955629742636999e-01,3.083992054144229361e-02,-7.254348842460096869e-02,-2.348206076497286535e-02,-6.626707338595091423e-01,7.042428854440296870e-01,-5.943697697245940992e-01,1.199548369883073062e-01,6.752332155037313322e-02,-1.655266761253222918e-01,-3.629536936422538690e-02,-1.034808486006105310e+00,-6.556471967848841453e-01,7.764442928426626978e-01,2.258244389943830366e-01,-1.634500436259909428e-01,-1.408732435232708941e-02,1.423514264855373634e-01
5.069824446416563990e-03,-7.136630021827712611e-02,7.483712751925838402e-01,-6.265659100948234826e-03,4.099310083442682384e-02,6.602529158104516460e-01,7.498975892505629348e-01,-1.050057638537765098e-01,-3.311909332743179224e-02,1.007696294223718592e-01,2.221128139197744988e-01,-2.435235097070696519e-01,-2.554157773709185737e-03,-2.048799695415835231e-01,-6.681260883373719983e-02,-8.462941427738877864e-02,3.827956606414463225e-01,-3.084649303800248710e-01,1.133582798579240852e-01,2.297315580897451442e-02,-6.921059726355667518e-02,-2.449568418790457058e-02,-6.488523643386351347e-01,7.110370221494451970e-01,-5.814513259503968357e-01,1.120086495789995307e-01,5.567061845901333933e-02,-1.714446761364030736e-01,-3.740328895069484211e-02,-9.994033553431193040e-01,-6.743485701713441971e-01,7.543793004178931394e-01,1.632782432576360687e-01,-1.593381913885766610e-01,-1.752115536929481007e-02,1.464742903685830322e-01
4.709922848152044324e-03,-7.057748011222048090e-02,7.483028000310751882e-01,-6.719527367214568093e-03,4.173429408620367431e-02,6.583277095872347440e-01,7.515435605729803292e-01,-1.069648806436270388e-01,-3.334287258091116896e-02,1.012693992901357032e-01,2.257913009395310922e-01,-2.453919609820229830e-01,-3.399290333789358257e-03,-2.059902634213584827e-01,-6.649467919977751496e-02,-8.187483422116227649e-02,3.814283463380085948e-01,-3.095046631486718658e-01,1.124509351117972816e-01,1.363279041193070189e-02,-6.555055905800281912e-02,-2.421986572550971495e-02,-6.330711981809368227e-01,7.173046121403683362e-01,-5.662305534475295943e-01,1.042052577448695089e-01,4.001232220527863037e-02,-1.765361526298667993e-01,-4.086226716728301456e-02,-9.557188529598705795e-01,-6.948000781690746308e-01,7.308469960871151194e-01,9.450196989009226889e-02,-1.498184984671010744e-01,-2.251873766034732244e-02,1.566147798229671484e-01
4.361034466822744267e-03,-6.972201820789622473e-02,7.482949469137417653e-01,-7.073501226177561323e-03,4.199634430917026373e-02,6.563415460396171408e-01,7.532609425606731079e-01,-1.075167314690128190e-01,-3.295068599484104327e-02,1.027219224402050740e-01,2.290914319517045605e-01,-2.479764253214882808e-01,-2.315882263300984758e-03,-2.068585434885694685e-01,-6.551366400005909085e-02,-7.852569369137507582e-02,3.816800767440614583e-01,-3.096752512868814478e-01,1.129257667733551268e-01,7.571718763999354951e-03,-6.341410299998997968e-02,-2.481503005347958368e-02,-6.188646174833037916e-01,7.223859483795032066e-01,-5.538346698497269571e-01,9.685765501655745069e-02,2.858937634388598187e-02,-1.813218755383353142e-01,-4.114263172019532594e-02,-9.179660594072641677e-01,-7.117570164888622486e-01,7.098444974106871141e-01,4.085361178897774920e-02,-1.432970350428178219e-01,-2.384232137383360262e-02,1.661694442995295118e-01
3.986885983804982700e-03,-6.886965362574162808e-02,7.482881889609982462e-01,-7.098425819611509091e-03,4.197788599966684187e-02,6.545013625980382610e-01,7.548612030003883921e-01,-1.071218956759121266e-01,-3.260140356082773250e-02,1.052593604212510858e-01,2.323594991213970840e-01,-2.499074498399522781e-01,-1.333147456081058141e-03,-2.068247932728075889e-01,-6.484245348961968636e-02,-7.526098868605342329e-02,3.821773461906927127e-01,-3.102472671210398936e-01,1.137052943339011274e-01,1.209587915142216813e-03,-6.196777623510293237e-02,-2.492409103650019414e-02,-6.062918712035655355e-01,7.279085357085366415e-01,-5.440878135182706243e-01,8.948456543977452438e-02,1.717671095717775848e-02,-1.859651593326948626e-01,-4.107856353716114739e-02,-8.816137184447544461e-01,-7.250708945003471184e-01,6.893256393302943374e-01,-4.559688031150643805e-03,-1.362425804593700163e-01,-2.643900607363461330e-02,1.739187928490955881e-01
3.588561471934209688e-03,-6.799317786832809185e-02,7.483082078993682495e-01,-7.363284720839236713e-03,4.212447809556055245e-02,6.525026587554457747e-01,7.565788727557561932e-01,-1.063612822939450642e-01,-3.221503773123798875e-02,1.078194843756146160e-01,2.338358618908235598e-01,-2.517126237605558092e-01,-2.020368608724701538e-04,-2.067086627060786830e-01,-6.400073433642831933e-02,-7.236955719332593961e-02,3.812310281479783791e-01,-3.101509402688458206e-01,1.153104061214872550e-01,-4.712213891820730798e-03,-6.027263313668449612e-02,-2.508279493696330409e-02,-5.937574780777018502e-01,7.335646188838150783e-01,-5.346964299492374950e-01,8.161232743557834957e-02,5.250728141440841323e-03,-1.901490904391658077e-01,-4.157761612534287277e-02,-8.465560085231320642e-01,-7.365196313301618503e-01,6.680783035209404419e-01,-4.575343973614168225e-02,-1.280742010566897349e-01,-2.862427126650030421e-02,1.798463623198288674e-01
3.171907396531094270e-03,-6.710040983591802899e-02,7.483516537354938380e-01,-7.858763119434827860e-03,4.241703451328047991e-02,6.503794575132465505e-01,7.583835416661591777e-01,-1.055131265402891871e-01,-3.153348523581000346e-02,1.113216351618476485e-01,2.340941709176598273e-01,-2.530530084658174084e-01,-1.229170594138542100e-05,-2.063378402756228802e-01,-6.289718990800788334e-02,-6.934469320461467134e-02,3.784134647553525355e-01,-3.091601606980828865e-01,1.180961543151682613e-01,-9.850133989319814071e-03,-5.861452148231962450e-02,-2.511573117893811311e-02,-5.813629484993254604e-01,7.381669461958404455e-01,-5.244817905895771126e-01,7.340134298226978771e-02,-5.193704303868147167e-03,-1.948733212892164446e-01,-4.255701091188018176e-02,-8.131880885833530082e-01,-7.470798152352479127e-01,6.468456493058434287e-01,-8.452758547136349221e-02,-1.194301194397140858e-01,-3.185596463902951730e-02,1.849667386979970130e-01
2.766152455913402104e-03,-6.620630662294153812e-02,7.484011626220403723e-01,-8.363216442014697119e-03,4.261997554741941974e-02,6.485853991754663150e-01,7.599016872408445034e-01,-1.045860744679459747e-01,-3.090658640286136211e-02,1.140327575595565107e-01,2.341678507555990107e-01,-2.543924318945074425e-01,-7.192298470840800123e-05,-2.050291652859173031e-01,-6.182683438976759732e-02,-6.691973144689615516e-02,3.742767100009393721e-01,-3.078833593513449207e-01,1.204296768713492422e-01,-1.437546852612740962e-02,-5.653940140505178680e-02,-2.518308452093880045e-02,-5.699957650776833473e-01,7.424369781653720191e-01,-5.155637780971906725e-01,6.632529696708740208e-02,-1.466850832816830180e-02,-1.983570214636354301e-01,-4.604136999547059350e-02,-7.812058486690028891e-01,-7.570977843035305854e-01,6.257098331943009573e-01,-1.196499539815978341e-01,-1.110902464617623819e-01,-3.445082127015368367e-02,1.900942157904365881e-01
2.405991842485340725e-03,-6.532072671471486625e-02,7.484706558077465210e-01,-8.830563311552831751e-03,4.232071263972166097e-02,6.476722024105832087e-01,7.606915910261472513e-01,-1.036180494503781691e-01,-2.987929124578586268e-02,1.154040572637681783e-01,2.353355401360994470e-01,-2.560515246767978703e-01,2.793484773230487175e-04,-2.024434107311378073e-01,-6.055507319145849582e-02,-6.571827614233266557e-02,3.702821449930959186e-01,-3.064089623634267401e-01,1.218940932534142291e-01,-1.857928437274591199e-02,-5.455423904206904706e-02,-2.505426202065277538e-02,-5.603161359691055665e-01,7.452191683249121956e-01,-5.086753442657062640e-01,5.939710941553997398e-02,-2.334228692733093802e-02,-2.019503891811858520e-01,-4.911786097822221087e-02,-7.506634094267231605e-01,-7.658817293220738787e-01,6.057860132500546557e-01,-1.500806258517166647e-01,-1.026338199539759966e-01,-3.721973086207774201e-02,1.946409055513182995e-01
2.103035772632313657e-03,-6.444453604475647301e-02,7.485133600254646469e-01,-9.186135306299730158e-03,4.205036773722871379e-02,6.471262722537439727e-01,7.611668471828442195e-01,-1.022778748659274733e-01,-2.918859364200789702e-02,1.163939604790660276e-01,2.356972233390910165e-01,-2.572572098299577004e-01,-3.939258776449643465e-04,-1.997700440644286368e-01,-5.968600600391488209e-02,-6.497524890268110975e-02,3.667240990402516054e-01,-3.056507137735420820e-01,1.226000167457427376e-01,-2.196210822401801349e-02,-5.236288251291194851e-02,-2.476798254352097911e-02,-5.510209630319670149e-01,7.469023765558233663e-01,-5.013794909547614198e-01,5.334591216445264822e-02,-2.930108755870954387e-02,-2.048079051031328202e-01,-5.303132309455044907e-02,-7.212447324461416232e-01,-7.721902674518373866e-01,5.847403848203298615e-01,-1.760194672601628485e-01,-9.492249527359415684e-02,-3.955707852701193655e-02,1.971902601323764215e-01
1.867455033857453586e-03,-6.357729723580511638e-02,7.485573022943015076e-01,-9.438785875446192852e-03,4.203670026204003873e-02,6.466096850093460136e-01,7.616034009931882398e-01,-1.005965877060699121e-01,-2.904919473442354322e-02,1.172832139596158840e-01,2.346496605456658835e-01,-2.574621342956271985e-01,-1.487844485445277178e-03,-1.973282780143149617e-01,-5.927907839961841369e-02,-6.408014787357317610e-02,3.630796101456741920e-01,-3.053412437429558479e-01,1.230261108118429897e-01,-2.463701841509646426e-02,-5.058520160504832025e-02,-2.396809751253957746e-02,-5.418199296257493192e-01,7.485656611877535838e-01,-4.938893135397757761e-01,4.616992271810796411e-02,-3.517728884341474183e-02,-2.091449916738588877e-01,-5.431921056445317142e-02,-6.926898972178963110e-01,-7.782124965668394401e-01,5.635497354033460748e-01,-2.008457506925670211e-01,-8.741965182534430778e-02,-4.297522570363346978e-02,1.978933472803336147e-01
1.697001815693525376e-03,-6.270982569641588011e-02,7.485962900479776749e-01,-9.742042268821913750e-03,4.222479045433489425e-02,6.462695512733390713e-01,7.618778293010479707e-01,-9.870755810590803314e-02,-2.907150061473888145e-02,1.187865440546255758e-01,2.322865256376795418e-01,-2.573554998054432552e-01,-2.024636315934930358e-03,-1.951739920285183449e-01,-5.896808418733771873e-02,-6.279822221912881308e-02,3.592696096447327014e-01,-3.050593736989859472e-01,1.231162889930784293e-01,-2.687664455399214197e-02,-4.952161274456787915e-02,-2.338941057929902478e-02,-5.313931956004240842e-01,7.484633730817368269e-01,-4.846475231369831715e-01,3.827252103944527029e-02,-4.312213012872579548e-02,-2.118895684718293260e-01,-5.573995441799866474e-02,-6.639054739446836884e-01,-7.828826131781938535e-01,5.419158182473157170e-01,-2.241346572108459390e-01,-7.897829917879495287e-02,-4.583220506163905583e-02,1.982685160933959911e-01
1.592654139599706132e-03,-6.184684578791428688e-02,7.486056478747539211e-01,-9.917136902785974456e-03,4.255539025163516259e-02,6.460924395545443177e-01,7.620073810053550334e-01,-9.644538241362388131e-02,-2.963720298022958291e-02,1.197293770261259049e-01,2.287952053588458157e-01,-2.566044069450212906e-01,-2.887750315504359309e-03,-1.931365266885504417e-01,-5.923311204073422598e-02,-6.215102737366225150e-02,3.558522698549045904e-01,-3.055291291918423302e-01,1.236000774195296081e-01,-2.872449924807980726e-02,-4.862537142240444532e-02,-2.301474784977927679e-02,-5.220642065508867002e-01,7.499883432079835766e-01,-4.774000967240504267e-01,3.053855240236421839e-02,-4.688803871340421064e-02,-2.147144617058960037e-01,-5.754733251582714454e-02,-6.369370886191410008e-01,-7.873148959944337166e-01,5.210748168624320664e-01,-2.452188550691758173e-01,-7.323425974103975333e-02,-4.864222491042489993e-02,1.980279380929718114e-01
1.549269281805074321e-03,-6.098399182659570983e-02,7.486881789145175548e-01,-1.035314838494169956e-02,4.320355471435818884e-02,6.460324586254848622e-01,7.620159628123773787e-01,-9.432358877535404473e-02,-3.022579751173967710e-02,1.208025740108480683e-01,2.236202290046413188e-01,-2.546535965363077025e-01,-4.021159802035673830e-03,-1.916539525904595032e-01,-5.946680344671687046e-02,-6.165012671571050429e-02,3.518753451391324338e-01,-3.052590679210331892e-01,1.242938380066795079e-01,-2.987365359804235870e-02,-4.813275506165154427e-02,-2.277691203287209032e-02,-5.139108951621053079e-01,7.516599829055697901e-01,-4.724084368385159105e-01,2.301580088383713835e-02,-5.107178926949432901e-02,-2.172479612887996958e-01,-5.913749683975064175e-02,-6.128610978747697224e-01,-7.906245191345668832e-01,5.024511683172264709e-01,-2.628495350092764360e-01,-6.925163622045087120e-02,-5.020219839763746805e-02,1.969722247299459383e-01
1.562059324848576181e-03,-6.015386730945547489e-02,7.487573419934677732e-01,-1.060889265929099504e-02,4.355951952236829239e-02,6.462893098297238792e-01,7.617743416887602370e-01,-9.175910529332415022e-02,-3.073849051250197167e-02,1.213162190475654129e-01,2.187157659020131373e-01,-2.527503498240692981e-01,-4.677058148416251941e-03,-1.897277996330544725e-01,-5.967583506212120054e-02,-6.141608664928720207e-02,3.487856801736162748e-01,-3.053953020778643612e-01,1.243800786752435467e-01,-3.107950174541503421e-02,-4.777287146638577869e-02,-2.292619031201517318e-02,-5.065251544848297094e-01,7.529885118135343225e-01,-4.681491631726066860e-01,1.700086060138830679e-02,-5.503834772456774743e-02,-2.192055599974596924e-01,-6.157693274133912292e-02,-5.892036304383100331e-01,-7.935813666411670741e-01,4.843067724092795512e-01,-2.775551078255510951e-01,-6.769647119583717398e-02,-5.162990437868993088e-02,1.954694572760866944e-01
1.627162331448822738e-03,-5.934642709981424041e-02,7.488139687970268854e-01,-1.054079060698510928e-02,4.380617428095228555e-02,6.464080768560908075e-01,7.616603632876385310e-01,-8.832209601820951994e-02,-3.158065865800697980e-02,1.218896338837378857e-01,2.134129796777790578e-01,-2.505963682157551498e-01,-5.298814189710046932e-03,-1.876516952775857949e-01,-6.014969194376707656e-02,-6.095507612664934766e-02,3.464702693950225676e-01,-3.058486450439539261e-01,1.241666380644834561e-01,-3.192446941162128266e-02,-4.763484504273844677e-02,-2.267273156310516471e-02,-4.984019564182743389e-01,7.534908788118075407e-01,-4.622830221871868095e-01,1.213212591106733323e-02,-5.603152680921366646e-02,-2.202928481945527206e-01,-6.269581599667715943e-02,-5.666400272963779683e-01,-7.960565280328091298e-01,4.671295695466787246e-01,-2.912479972969578279e-01,-6.575650546589978385e-02,-5.302503561070170957e-02,1.938593197011844460e-01
1.739955916520896564e-03,-5.856063618670022397e-02,7.488676528342709249e-01,-1.033567385960516491e-02,4.393057792572351711e-02,6.468866177737798706e-01,7.612496186627485395e-01,-8.472700624976274575e-02,-3.261744222058011317e-02,1.214982154185103302e-01,2.082594254729607519e-01,-2.483016710438402663e-01,-6.367038636297627646e-03,-1.851867043074312824e-01,-6.089087889009790061e-02,-6.127429293541798716e-02,3.446928259199741329e-01,-3.068697692859543302e-01,1.236839115332662303e-01,-3.244175035784686162e-02,-4.694906215547217654e-02,-2.208639904202747833e-02,-4.909851078179781614e-01,7.540471516402753593e-01,-4.579565171953217662e-01,7.679837152013037696e-03,-5.719468527947303704e-02,-2.215923448052902478e-01,-6.501030683010529387e-02,-5.445825202938513465e-01,-7.985081457419338502e-01,4.505409640239521618e-01,-3.032381497117484503e-01,-6.479555918649911039e-02,-5.439816069656815134e-02,1.929952864773758214e-01
1.883320988964719972e-03,-5.780269938283125880e-02,7.489048621561928964e-01,-1.000466575971361433e-02,4.381576292259489053e-02,6.471493027400990750e-01,7.610373614649622587e-01,-8.061392429367478241e-02,-3.339523803733373403e-02,1.212887378197646804e-01,2.033735576896140151e-01,-2.465194553154475554e-01,-6.101732725765588589e-03,-1.825260208720781430e-01,-6.125226093097929647e-02,-6.093493503096134023e-02,3.433776767451386935e-01,-3.078745037529573847e-01,1.237939736103264160e-01,-3.335993349534296937e-02,-4.654679973503093871e-02,-2.093376787999898236e-02,-4.827208716846014824e-01,7.546575455805500932e-01,-4.523858181110475551e-01,2.761291442987924907e-03,-5.871057842907324853e-02,-2.229137461440361678e-01,-6.684323387844690045e-02,-5.215159821177377530e-01,-7.993170886698828248e-01,4.330403891777513392e-01,-3.143153625909021476e-01,-6.213771160731687559e-02,-5.502842061661811918e-02,1.924446881299190226e-01
2.038775062598106435e-03,-5.706859167937160943e-02,7.489413392501431677e-01,-9.535695626520693247e-03,4.375798482441459192e-02,6.471034764630996250e-01,7.610856719334530007e-01,-7.633932077611917111e-02,-3.437970382089740318e-02,1.212813978193902908e-01,1.985773139382198405e-01,-2.447064765123358465e-01,-6.374204803407326411e-03,-1.801514202829016253e-01,-6.177725002882744620e-02,-6.036028560148111455e-02,3.425402277165865428e-01,-3.091915428538508648e-01,1.235118924980160848e-01,-3.430562707906506525e-02,-4.580539579847628384e-02,-1.930917302714635006e-02,-4.722159979818998377e-01,7.554402450252779566e-01,-4.454741441380848932e-01,-2.894743403929616720e-03,-6.259002543377413519e-02,-2.243578608330032975e-01,-6.818995058263183084e-02,-4.968335805105077996e-01,-7.987077410970462310e-01,4.142688939544110771e-01,-3.261297349754866404e-01,-5.851644141690343082e-02,-5.621061719305842086e-02,1.908686271311839655e-01
2.206092764770111597e-03,-5.635567765455050393e-02,7.489600606224924295e-01,-9.146019347763018059e-03,4.413438410144971541e-02,6.473144680419602448e-01,7.608892731098464424e-01,-7.240712666725546143e-02,-3.620794092241261253e-02,1.199443287787859830e-01,1.923133643835064077e-01,-2.419132918562360568e-01,-6.741473085320984215e-03,-1.783120436828860567e-01,-6.287041051528495517e-02,-5.981311543599714120e-02,3.412373332977090001e-01,-3.111119230991868934e-01,1.228544339354552817e-01,-3.562840139652662108e-02,-4.481681624264382408e-02,-1.760310241842079695e-02,-4.607374172450919292e-01,7.563302402471254737e-01,-4.366474634689875289e-01,-9.148007222854796783e-03,-6.628447966305800465e-02,-2.258857145007026057e-01,-7.051997573991132529e-02,-4.684535537908436353e-01,-7.964567804340597634e-01,3.919267541631125673e-01,-3.383259552320910801e-01,-5.558373672352211192e-02,-5.700932208371954635e-02,1.883599401234713477e-01
2.364983687899165771e-03,-5.569642982459034608e-02,7.489562400438521950e-01,-8.684442850884887405e-03,4.451799967441522760e-02,6.478784679115522360e-01,7.603921481537920801e-01,-6.842380594448498055e-02,-3.846120191508574371e-02,1.172833898117402601e-01,1.855631735491905798e-01,-2.391621437136874639e-01,-6.636725066688913509e-03,-1.766843822437724754e-01,-6.422974728093923391e-02,-5.925134108235551728e-02,3.408199574597338688e-01,-3.138636971362858130e-01,1.211764520176919213e-01,-3.666956052099288460e-02,-4.469019769782540952e-02,-1.603943584606769626e-02,-4.490560609700814387e-01,7.559188914638734769e-01,-4.272812007671002443e-01,-1.402672471398472981e-02,-6.921389387050853881e-02,-2.248025207470534803e-01,-7.107488521068754117e-02,-4.355212371381193548e-01,-7.954316035274642260e-01,3.678711330370802446e-01,-3.497827555448312919e-01,-5.512776210376777591e-02,-5.692152164859678315e-02,1.848848859188768623e-01
2.468237763958119717e-03,-5.509831482709908607e-02,7.489658401013932210e-01,-8.255797498435187703e-03,4.442325084693684450e-02,6.487141414978020437e-01,7.596896598036757542e-01,-6.432025224934909136e-02,-3.973260854297498701e-02,1.159181183332512466e-01,1.798650337319061265e-01,-2.368037404956444547e-01,-7.592003242623652885e-03,-1.740435135912947184e-01,-6.533587749719756144e-02,-6.020995543922428445e-02,3.398245124534006179e-01,-3.151026443907656294e-01,1.214010774100139634e-01,-3.834136816757485744e-02,-4.470871154426357685e-02,-1.410289579880777931e-02,-4.376031916531650801e-01,7.536292922800840177e-01,-4.177893101089331096e-01,-1.861002027801741260e-02,-7.237569058183057624e-02,-2.236156981557540779e-01,-7.409753676849148429e-02,-3.958497144514693256e-01,-7.915069407108948907e-01,3.405554799126739862e-01,-3.589591929817658178e-01,-5.142826902388649563e-02,-5.670172182634408697e-02,1.797413928213232037e-01
2.510208557713221409e-03,-5.457624774206918522e-02,7.489702667387491131e-01,-7.811728355449223428e-03,4.397291150100851587e-02,6.491562147354549284e-01,7.593428532781232310e-01,-6.003644963882603242e-02,-4.033184094328738645e-02,1.154693774420350871e-01,1.754246025968981271e-01,-2.359481568826856113e-01,-7.554345472452118730e-03,-1.712557508705546683e-01,-6.575890568396379476e-02,-6.061390020696809378e-02,3.391992249575493390e-01,-3.160828430666364208e-01,1.223604378120356356e-01,-3.994595334989225338e-02,-4.564184079842024261e-02,-1.168692383123518842e-02,-4.256955150944843336e-01,7.522757779067107409e-01,-4.079079383189790353e-01,-2.331363895101407069e-02,-7.325701265457108813e-02,-2.214943676850487375e-01,-7.318833368285830587e-02,-3.523706499199171227e-01,-7.873420344411018457e-01,3.131223310112721259e-01,-3.655836138900700472e-01,-5.023137746520573571e-02,-5.556698492342005552e-02,1.718703925592037218e-01
2.503728224769709559e-03,-5.408713704635452479e-02,7.490707165657631839e-01,-7.803603518377210183e-03,4.383281279374702522e-02,6.495266122545697574e-01,7.590342339234893432e-01,-5.620731201461839216e-02,-4.078905598203502042e-02,1.147526662626291993e-01,1.693753361431541427e-01,-2.336129221348224871e-01,-7.837117801072228732e-03,-1.676326219502081161e-01,-6.589315862563938087e-02,-6.188642404449516687e-02,3.344162952775847075e-01,-3.155017901183921336e-01,1.237897475481112702e-01,-4.069106766754237992e-02,-4.587561362849410657e-02,-9.471877137570191424e-03,-4.126719154501645725e-01,7.491844551417271569e-01,-3.967997329329269185e-01,-2.704409502084023989e-02,-7.738169334249310471e-02,-2.182835868540721203e-01,-7.368254573554518239e-02,-3.055936004596673250e-01,-7.806655826070802995e-01,2.847657391402595994e-01,-3.716575766306849937e-01,-4.873006086868696130e-02,-5.387689972911464953e-02,1.657863350175384221e-01
2.439741934606006780e-03,-5.368769973726473382e-02,7.490814873965843113e-01,-7.051862252391717656e-03,4.298203249835441664e-02,6.502220273598700029e-01,7.584946481400541840e-01,-5.123965968416820116e-02,-4.160976104689174254e-02,1.129686981886515451e-01,1.650174546448457680e-01,-2.322502379577063847e-01,-8.860172404022963882e-03,-1.641269936687136666e-01,-6.653195394501613957e-02,-6.259698322856885322e-02,3.345522287875385414e-01,-3.169808228212911416e-01,1.224616183866314711e-01,-4.111306275314490638e-02,-4.613402272833882350e-02,-7.600875041052578863e-03,-3.994058944049432847e-01,7.477598748641363091e-01,-3.884381726741503171e-01,-3.018516156416981011e-02,-7.539497460511543347e-02,-2.166102424222010880e-01,-7.430765195659941313e-02,-2.598257887143115563e-01,-7.722591492074861730e-01,2.602016390800384049e-01,-3.750972033917833182e-01,-4.749907836118122395e-02,-5.356818180326328172e-02,1.608797599607992013e-01
2.341037629922135092e-03,-5.330901071520861845e-02,7.490637491266991521e-01,-6.328687998103221107e-03,4.187237051453184672e-02,6.514567764207628286e-01,7.575029509851335385e-01,-4.687758049554395512e-02,-4.222303581823740742e-02,1.097493662250195318e-01,1.622027968639350448e-01,-2.315893204814490347e-01,-9.618841495135154601e-03,-1.601534690197290167e-01,-6.716612095765556179e-02,-6.474816969934291122e-02,3.349850473856807453e-01,-3.183063135155647649e-01,1.206991276163727062e-01,-4.117542814025185877e-02,-4.688146118970138582e-02,-6.679127793992198359e-03,-3.851148175495958670e-01,7.424115001114702794e-01,-3.793060753303408861e-01,-3.322882710761086017e-02,-7.328416692855585501e-02,-2.154987572022539211e-01,-7.411850722228555122e-02,-2.184243712416139571e-01,-7.614361291299225343e-01,2.376790196142419820e-01,-3.773003046797245297e-01,-5.174801940182679333e-02,-5.449651807982772156e-02,1.538579996222377011e-01
2.161312958392375312e-03,-5.292145232669479005e-02,7.490467184186400118e-01,-6.017735646441127809e-03,4.103394548934959085e-02,6.517197991474041885e-01,7.573250989994551041e-01,-4.314588375841293955e-02,-4.205092885288876786e-02,1.096419433719216241e-01,1.596279046338386909e-01,-2.320962654545625226e-01,-1.146706660583416554e-02,-1.563002868858264782e-01,-6.728247095563497093e-02,-6.699683429214206565e-02,3.327460795981648234e-01,-3.186533116104710017e-01,1.218942475037145950e-01,-3.976638333844053491e-02,-4.752233322931383175e-02,-4.557917202837040438e-03,-3.700569968020802070e-01,7.376740411227914462e-01,-3.705369726908773198e-01,-3.748972088953655968e-02,-7.454223188223851881e-02,-2.168203610368154288e-01,-7.523926493841909258e-02,-1.860978400194074622e-01,-7.460841259710014883e-01,2.202174724204723766e-01,-3.775451930631408826e-01,-4.558138614842367764e-02,-5.443778924164115879e-02,1.470805289511746272e-01
1.954305779643728848e-03,-5.253991709775516356e-02,7.489721597124049390e-01,-4.850209728155252531e-03,3.945168811556695049e-02,6.524906458881128968e-01,7.567535905424821463e-01,-3.871346161405678221e-02,-4.248198451186972757e-02,1.076586332314474759e-01,1.602383462631349620e-01,-2.337672497959309981e-01,-1.150907574200533100e-02,-1.520551269493361224e-01,-6.775833358638759518e-02,-6.741478274620477107e-02,3.352349051919417677e-01,-3.213359819575618004e-01,1.201477617736895487e-01,-3.921303607456053109e-02,-4.854584164619566572e-02,-2.085112896556736914e-03,-3.564546512493149133e-01,7.396010373354412470e-01,-3.661016986081793156e-01,-4.122287880567530177e-02,-6.644932514931586875e-02,-2.206367235812851102e-01,-7.148626046305818493e-02,-1.622373974100857486e-01,-7.360880069084294597e-01,2.098639787679764945e-01,-3.777062395947474727e-01,-4.261934937829438275e-02,-5.941631688516510468e-02,1.408251006421631923e-01
1.734020844752449161e-03,-5.206147173103634063e-02,7.489984302338748012e-01,-4.057815864502688392e-03,3.815485266719239460e-02,6.536746692229732369e-01,7.558023340560627856e-01,-3.501072842279784325e-02,-4.276952116271112714e-02,1.062980434672733537e-01,1.604273980798707200e-01,-2.344854830601975915e-01,-1.253888434229013041e-02,-1.480914174956751705e-01,-6.838159658744313862e-02,-6.914510379777122351e-02,3.369240166400919168e-01,-3.224256514799970774e-01,1.200305833945803924e-01,-3.839843270860536506e-02,-5.014922788962965922e-02,-4.222130709431950622e-04,-3.436137766089679690e-01,7.398010926072103866e-01,-3.623595532342993031e-01,-4.609029188658788495e-02,-6.068456342730374486e-02,-2.237495707658249400e-01,-7.475117353344817861e-02,-1.446175586481166786e-01,-7.284627507102791055e-01,2.036611097893670508e-01,-3.754331743926144771e-01,-3.986756283335231993e-02,-6.241682311347093032e-02,1.403579650712767080e-01
1.493589926930353248e-03,-5.149493889073396280e-02,7.490758101986705331e-01,-3.797571636360278294e-03,3.720303919199744597e-02,6.543173752287972933e-01,7.552948330276356703e-01,-3.245451968221989975e-02,-4.258215789554530700e-02,1.051422347327499590e-01,1.608423062364853773e-01,-2.357460680049197621e-01,-1.283802740082561587e-02,-1.445171064735292499e-01,-6.821008542786646811e-02,-7.001304621634810155e-02,3.362545491095959571e-01,-3.220598490804189029e-01,1.209500943630516107e-01,-3.648266332887509927e-02,-5.142282577402752797e-02,2.109397726166345639e-03,-3.304337919024126768e-01,7.373570708145519292e-01,-3.556290320208617683e-01,-5.239470530368287721e-02,-5.922607525699920966e-02,-2.284129206373323451e-01,-7.673516985746435537e-02,-1.298530155138357400e-01,-7.207776488346772092e-01,1.973588313610080691e-01,-3.736350989239175524e-01,-3.397425289010778254e-02,-6.517704030327271802e-02,1.399887512793785149e-01
1.265874522821483104e-03,-5.083818841220634488e-02,7.490608900752746546e-01,-3.317451720591066758e-03,3.647489868930992724e-02,6.544627983768874779e-01,7.552066086975012249e-01,-2.960466847379733535e-02,-4.295830641178503134e-02,1.044153210787761576e-01,1.610158947479127522e-01,-2.367926814105132671e-01,-1.324994259129941461e-02,-1.410959049866020443e-01,-6.864319899906079492e-02,-7.085889711509536781e-02,3.355659382910044508e-01,-3.230084848891551785e-01,1.208410711991640130e-01,-3.529720740230602588e-02,-5.163679127869381935e-02,3.696763757562526211e-03,-3.165450467120517475e-01,7.373955849311345512e-01,-3.489562662792118908e-01,-5.860658101129558734e-02,-5.748005734959107244e-02,-2.317308215222460555e-01,-7.799986617107389220e-02,-1.188218961888343472e-01,-7.154179947208583190e-01,1.930151933673737719e-01,-3.732316582566005403e-01,-2.872438089805663328e-02,-6.714219651381833631e-02,1.413356106890264197e-01
1.075345083140132052e-03,-5.008966691567753871e-02,7.490725958781017102e-01,-3.045398211296791204e-03,3.603576345077265375e-02,6.547574058484485482e-01,7.549734358166951820e-01,-2.708165926452986774e-02,-4.357646869690640079e-02,1.027418343329704747e-01,1.603457538430714813e-01,-2.372877673211138128e-01,-1.366599581873101377e-02,-1.383464009726816657e-01,-6.911260763387733208e-02,-7.157891253472566107e-02,3.350080300300276037e-01,-3.235899346779160801e-01,1.203529135993109955e-01,-3.467685615002757960e-02,-5.153315980561128107e-02,5.303774509300626661e-03,-3.023338213382461559e-01,7.368305029036430476e-01,-3.411838267880965003e-01,-6.564435150319117285e-02,-5.665831315752632713e-02,-2.358180097233461558e-01,-7.902539120406158746e-02,-1.080050079217212827e-01,-7.101568795437068760e-01,1.886402153419134975e-01,-3.741215316804991642e-01,-2.335543614508964888e-02,-6.914815463164136755e-02,1.425182413142689897e-01
9.132413282666336767e-04,-4.929224363946717313e-02,7.490369425110094959e-01,-2.917411600102433854e-03,3.579834536951122248e-02,6.551222879423692635e-01,7.546686392182448966e-01,-2.471629284796421702e-02,-4.413690325102165302e-02,1.016571813114137135e-01,1.590195021452874835e-01,-2.379357220369221759e-01,-1.493853995316566513e-02,-1.363722411944719159e-01,-6.963402224066891910e-02,-7.221890401450048458e-02,3.351764163995573642e-01,-3.249099169026704592e-01,1.193616887436504820e-01,-3.440278343269881356e-02,-5.114665710272256471e-02,6.057504303974069887e-03,-2.874959384998767575e-01,7.377843554941964088e-01,-3.340796922973430783e-01,-7.359086834613816352e-02,-5.736980215386295462e-02,-2.389823518660054436e-01,-8.059820025466993276e-02,-9.668881092460807070e-02,-7.052493496713398979e-01,1.849065977077191392e-01,-3.755612069729989400e-01,-1.874203853488744936e-02,-7.083172182641320203e-02,1.419652934136468037e-01
7.771183690650051556e-04,-4.845865763176128438e-02,7.489951852750788008e-01,-2.929488982340085201e-03,3.574826347863977599e-02,6.553642219648959655e-01,7.544608779260273401e-01,-2.266804354542101968e-02,-4.473329931722421632e-02,1.006022084150505341e-01,1.574800751950573285e-01,-2.386540848344909094e-01,-1.509441697982641731e-02,-1.353540287502478234e-01,-6.984922765249770849e-02,-7.139652993097055089e-02,3.360320385018953360e-01,-3.262766170602411364e-01,1.184965851339830345e-01,-3.461616598092315256e-02,-5.097006418773033370e-02,6.922040635442851947e-03,-2.722381967785000856e-01,7.400731490698805315e-01,-3.274114517786222422e-01,-8.368054819599878014e-02,-6.040174515129864002e-02,-2.430689717631541458e-01,-8.172603567684538772e-02,-8.467923952647112007e-02,-6.995696716369118606e-01,1.822918824295971518e-01,-3.773873764761613292e-01,-1.126784907724381196e-02,-7.287049036807347058e-02,1.419799157596645656e-01
6.645335367768602942e-04,-4.762934286333863482e-02,7.489317307975903448e-01,-2.849430020727094538e-03,3.573117280375071037e-02,6.554425746298229161e-01,7.543939258777577761e-01,-2.061621468507598628e-02,-4.537427202948367266e-02,1.000943038547754960e-01,1.561706993013026457e-01,-2.393524950109333083e-01,-1.529426918813096316e-02,-1.345569211933218545e-01,-7.029889087461263508e-02,-7.083897750128734239e-02,3.373898627576371601e-01,-3.279688582640786221e-01,1.179445175494687748e-01,-3.488737942986955276e-02,-5.081233114264593898e-02,7.398578874768422034e-03,-2.573787398439931207e-01,7.437500251922417593e-01,-3.209531889048610753e-01,-9.405802305913794903e-02,-6.275780704734151838e-02,-2.469388154096789634e-01,-8.278930293323423506e-02,-7.242752845014116536e-02,-6.951895971837196431e-01,1.801385127711243872e-01,-3.794990605887089696e-01,-6.671544370044107074e-03,-7.452693925404602071e-02,1.429301238318309575e-01
5.784285972477208691e-04,-4.682762163796619359e-02,7.489030363524530332e-01,-2.751662636737334938e-03,3.556095329244996633e-02,6.557629822592656588e-01,7.541238346930172476e-01,-1.842416076279410758e-02,-4.585670420886499288e-02,9.939454836920007252e-02,1.549098700668515571e-01,-2.399590949859205236e-01,-1.459830904402863866e-02,-1.341087246563347213e-01,-7.057475218230119252e-02,-7.009254051480331982e-02,3.401129713599297943e-01,-3.293112199373154358e-01,1.176706941253334998e-01,-3.566622057185373645e-02,-5.145383008888949894e-02,7.585566467893307616e-03,-2.442983178906578123e-01,7.479919819515603585e-01,-3.156809985987042433e-01,-1.053492864056825573e-01,-6.411258421293650200e-02,-2.500347220590367625e-01,-8.397286265310895115e-02,-6.002694294408610770e-02,-6.900820274773554752e-01,1.777741043069796523e-01,-3.811973399542911145e-01,4.295041860668692008e-04,-7.488279215911516906e-02,1.437116359030279622e-01
5.248360303906509207e-04,-4.606525542083546310e-02,7.488309130500627742e-01,-2.523932013836981472e-03,3.543935643221104298e-02,6.560751923643087791e-01,7.538587558336088401e-01,-1.647276379197018525e-02,-4.653297428876266434e-02,9.869733616817150113e-02,1.542579358955134539e-01,-2.408176541327294307e-01,-1.416254082786463052e-02,-1.333338544563913153e-01,-7.107108810566301060e-02,-6.935770868300603076e-02,3.423746121961099842e-01,-3.312910264987579123e-01,1.170591743406346752e-01,-3.647880876694577917e-02,-5.206760660749831099e-02,7.811180333910843453e-03,-2.325721508817110150e-01,7.514960490035994534e-01,-3.105002940026101443e-01,-1.170836137678063632e-01,-6.678200607110841569e-02,-2.535355868401174551e-01,-8.541939511956873898e-02,-4.950601927925915580e-02,-6.876334262723775570e-01,1.745303705334603772e-01,-3.854404976834772678e-01,4.971926771296370298e-03,-7.575614916427513001e-02,1.459233310078693335e-01
5.051724050445922888e-04,-4.533732870847426155e-02,7.487707109480060685e-01,-2.556009744343522294e-03,3.556149252250049436e-02,6.561614702457794213e-01,7.537778001696902042e-01,-1.506677388676526397e-02,-4.707226332325677859e-02,9.809401673057847881e-02,1.531899366514573591e-01,-2.416190043246620456e-01,-1.325834866500965985e-02,-1.329777272591790016e-01,-7.108902845320970443e-02,-6.764255509741429195e-02,3.434459528228938074e-01,-3.326863798348500545e-01,1.170349166939998325e-01,-3.744628565803457404e-02,-5.287571223956018251e-02,7.686521408323813975e-03,-2.222978188354807760e-01,7.548435689662861270e-01,-3.051607581254546231e-01,-1.286900675674572669e-01,-6.936271481422820462e-02,-2.557810410645496857e-01,-8.770770068943918585e-02,-4.057743788341902635e-02,-6.867063087900778795e-01,1.698472792602299664e-01,-3.911126580057868174e-01,9.602258848340320535e-03,-7.620291572953141745e-02,1.486157868769801271e-01
5.329138706953740747e-04,-4.468312750844430359e-02,7.486888325043125070e-01,-2.354918421977513811e-03,3.564604686878328210e-02,6.561323817523603275e-01,7.537997819831407931e-01,-1.382017080310428241e-02,-4.777840597842674536e-02,9.765280237999846014e-02,1.531049351438586170e-01,-2.426635632629262906e-01,-1.231439635853113362e-02,-1.327211498733162354e-01,-7.147182232685284076e-02,-6.631311032484117629e-02,3.452758787605643143e-01,-3.346215466688531315e-01,1.165415118934473582e-01,-3.752000595196695182e-02,-5.367097815886372886e-02,7.693311152179255728e-03,-2.138498454711331154e-01,7.583648399981238741e-01,-3.007703540023347610e-01,-1.398109222034581711e-01,-7.093712470043243845e-02,-2.588307062562413829e-01,-8.775006572470440969e-02,-3.298022161371257782e-02,-6.878250472065834398e-01,1.649354291066875144e-01,-3.978836491552585342e-01,1.264047806537578825e-02,-7.745144261972027044e-02,1.494066082172264831e-01
6.102146982073202840e-04,-4.408204003376376551e-02,7.486002063954054764e-01,-2.219922553921855474e-03,3.577646116451580621e-02,6.560390650559038139e-01,7.538752296573850709e-01,-1.261465124049818316e-02,-4.831182719925673080e-02,9.730544399207333162e-02,1.526493727069961059e-01,-2.435089833276193327e-01,-1.219008494536312839e-02,-1.327657820050271720e-01,-7.172298943311979091e-02,-6.526583490277994282e-02,3.472091465843619162e-01,-3.365961915287551398e-01,1.151366433298679076e-01,-3.783756212151440090e-02,-5.408996425892853566e-02,7.257616360284942225e-03,-2.057587249081383740e-01,7.611790177848456462e-01,-2.960822330935493074e-01,-1.500214661542493000e-01,-7.148179551100898588e-02,-2.618528054008456007e-01,-8.830103074952108666e-02,-2.681828118505190720e-02,-6.886289801653370235e-01,1.591587372612999762e-01,-4.048920457860532562e-01,1.544822776424504066e-02,-7.877151195708918807e-02,1.514785417065972473e-01
7.390699209463955002e-04,-4.354933478508812156e-02,7.484690099589047518e-01,-1.881443511087478766e-03,3.600374423134983237e-02,6.558486744221403431e-01,7.540309720630581358e-01,-1.164235788270995796e-02,-4.930002094051899597e-02,9.669490922658655063e-02,1.527916091988802405e-01,-2.447788786818718421e-01,-1.073722977808017585e-02,-1.334957030087007557e-01,-7.244914723936966838e-02,-6.416144871856793719e-02,3.505110361206383862e-01,-3.394206940130933270e-01,1.140854720852318011e-01,-3.790357657988788209e-02,-5.466285337140382866e-02,7.707011025623277528e-03,-1.975537575243507815e-01,7.635023757703810476e-01,-2.902348290822028276e-01,-1.601272988543706033e-01,-7.111384524497435522e-02,-2.663421535282222696e-01,-8.645968457019462261e-02,-2.060066840133922828e-02,-6.902425270462161366e-01,1.513309874187095949e-01,-4.137586001038980887e-01,1.663574242273546319e-02,-8.116745844415174105e-02,1.520696098913746352e-01
8.880376090038724461e-04,-4.306812788745656428e-02,7.483773718822713805e-01,-1.299054391290732462e-03,3.587385800026960531e-02,6.556144831994108468e-01,7.542420222906142113e-01,-1.023545954898138523e-02,-4.996219576922841799e-02,9.667351065572421520e-02,1.539367275237156774e-01,-2.459415823050983829e-01,-1.007458035906487817e-02,-1.332624591871311714e-01,-7.309711693238125918e-02,-6.340970522266473064e-02,3.537143087913893202e-01,-3.418103521103382780e-01,1.136323451101511200e-01,-3.839294332565139356e-02,-5.540052536418067775e-02,8.293325702113092321e-03,-1.899408978242730917e-01,7.641323438018845504e-01,-2.837102075805398305e-01,-1.683903241745363655e-01,-7.019612718213212588e-02,-2.706163419262780923e-01,-8.361533530705862749e-02,-1.492339092222075281e-02,-6.927229132904765274e-01,1.437555651795532075e-01,-4.230835386668989617e-01,1.646566516577627898e-02,-8.391627189953400345e-02,1.528347713572659194e-01
1.041324769644185345e-03,-4.261332194536725931e-02,7.482849719443664949e-01,-7.907917668277053905e-04,3.569544746096821319e-02,6.555939545406369584e-01,7.542690345286042763e-01,-9.180216425393950691e-03,-5.033468662166729751e-02,9.679666408240998610e-02,1.555275283326853775e-01,-2.471520652576920107e-01,-1.064186101986133552e-02,-1.322536155887135689e-01,-7.373417922047650896e-02,-6.355789569749878409e-02,3.554410309465357298e-01,-3.436830776611941585e-01,1.139991673211944861e-01,-3.874393825016392290e-02,-5.509410348415928749e-02,9.073501607096058630e-03,-1.831866605185314967e-01,7.633413759714623437e-01,-2.777308656320838232e-01,-1.753082105054176443e-01,-7.056998045496078176e-02,-2.743786615145396568e-01,-8.271170179428244396e-02,-9.184420942740991606e-03,-6.939945873508873708e-01,1.360289166040428988e-01,-4.324264021284526804e-01,1.761347380337384069e-02,-8.620478646068338580e-02,1.541933889985706574e-01
1.189383138743507155e-03,-4.216481556472351233e-02,7.482111855326372130e-01,-4.982886457593291990e-04,3.563420670299214527e-02,6.556221641366114516e-01,7.542476601978296280e-01,-8.373438048875626177e-03,-5.074177696768029933e-02,9.564900121076441719e-02,1.565061794230923065e-01,-2.484395055315593293e-01,-1.002160801419768599e-02,-1.315813444692876810e-01,-7.392440471428406157e-02,-6.281123979483599351e-02,3.567415367477095312e-01,-3.453535893472127194e-01,1.129208755818413429e-01,-3.896804419180152634e-02,-5.492184144805806190e-02,1.051247377040546473e-02,-1.762921110535267122e-01,7.610821815641912735e-01,-2.696671004493637613e-01,-1.818957793898267061e-01,-7.172172122536556171e-02,-2.779604750325647688e-01,-7.930816846674697274e-02,-3.494412812177657285e-03,-6.952336421217802931e-01,1.261014148849448346e-01,-4.434471087772082765e-01,1.550477474906026415e-02,-8.867996335287949006e-02,1.545565936727779366e-01
1.318211533021741450e-03,-4.170372238034281837e-02,7.481761851717604328e-01,-1.963437049553136068e-04,3.562693194627927079e-02,6.557819511987246219e-01,7.541092199749572789e-01,-7.374208930862255484e-03,-5.124121774446202537e-02,9.502649858943119920e-02,1.568075704520321967e-01,-2.487441978997276260e-01,-9.734256101421472074e-03,-1.305395214396453674e-01,-7.451791212821616550e-02,-6.306320835391415747e-02,3.572957212940539584e-01,-3.465249111027614015e-01,1.125753623453857460e-01,-3.848316451515736841e-02,-5.518117187808906782e-02,1.180827844637500311e-02,-1.710979833033484110e-01,7.597494351452295236e-01,-2.642625215614431977e-01,-1.888007045967502739e-01,-7.365254811960028625e-02,-2.811592449934712801e-01,-7.542420756732429177e-02,1.021411963821616115e-03,-6.961654228259458455e-01,1.172597229133550689e-01,-4.553351023525585850e-01,1.759776316389284612e-02,-9.040425521052081193e-02,1.530576867876994873e-01
1.407725372862541052e-03,-4.122936485223091529e-02,7.481419831141403742e-01,2.278481910009209216e-05,3.553670110753369416e-02,6.559802509362159251e-01,7.539410140965308038e-01,-6.663606398332847479e-03,-5.158062492325898862e-02,9.405370568153220701e-02,1.577342472103471227e-01,-2.497269534458328721e-01,-8.699065773876610980e-03,-1.295960341170686314e-01,-7.474412353720792657e-02,-6.264737560880843936e-02,3.580810908932615666e-01,-3.475413195284023926e-01,1.118843046436428929e-01,-3.826951931842017401e-02,-5.565798945333463171e-02,1.231069230126802944e-02,-1.653445606946938873e-01,7.571009455600398175e-01,-2.574722741066666210e-01,-1.949896903968322548e-01,-7.357082278907907391e-02,-2.829445401052790854e-01,-7.045763763470441754e-02,5.528436806263106046e-03,-6.971013895605217003e-01,1.065906492809469142e-01,-4.678977526102067186e-01,1.599838477042036036e-02,-9.193010817565169801e-02,1.504210820618313849e-01
1.453065294194829217e-03,-4.071329454680303744e-02,7.481331969439798391e-01,-3.445052835318943019e-05,3.554043536827617561e-02,6.562904303973932096e-01,7.536708480734801707e-01,-6.108532290791131476e-03,-5.167535021913816085e-02,9.314801632963110034e-02,1.578878505477595562e-01,-2.504724232198579092e-01,-8.208248515097086098e-03,-1.284004981247021393e-01,-7.478587760408125784e-02,-6.285107364146000353e-02,3.574535777423441529e-01,-3.478512690363999571e-01,1.112625786194845340e-01,-3.805491165393359160e-02,-5.538131287776616035e-02,1.262138665107191519e-02,-1.591724324347219000e-01,7.528445265040075718e-01,-2.499096805175627656e-01,-2.008495623941047026e-01,-7.338875562672252106e-02,-2.841173886455947706e-01,-6.518947932931619393e-02,9.881602365197177801e-03,-6.969770114633815350e-01,9.539785645865281327e-02,-4.802305386055494840e-01,1.434679761086516368e-02,-9.288840322428039420e-02,1.467081011457040673e-01
1.454789754331418244e-03,-4.016523150034639195e-02,7.481193958766189089e-01,-2.029195761764713071e-04,3.564114300613854119e-02,6.564059703506441856e-01,7.535654383242973431e-01,-5.950231885592995040e-03,-5.155877798380562038e-02,9.371965220262007401e-02,1.585670581305438642e-01,-2.517530695098945115e-01,-8.139619913516867034e-03,-1.263759308992415398e-01,-7.483611926014624438e-02,-6.334968676444509283e-02,3.542601801645087756e-01,-3.475145393702090413e-01,1.125827242362490710e-01,-3.703761036436024889e-02,-5.530431921004198836e-02,1.309644260901121106e-02,-1.525508831841943524e-01,7.464230622015282091e-01,-2.418305349338501498e-01,-2.068990568377602757e-01,-7.626508166214257534e-02,-2.862742368219612921e-01,-5.792542315178991763e-02,1.442392053293720458e-02,-6.967644902159476628e-01,8.629747189557439302e-02,-4.920904131973161122e-01,1.483688307192511380e-02,-9.468576655140875653e-02,1.416710818008467820e-01
1.418154048883863132e-03,-3.958598746717632844e-02,7.481326090633362291e-01,-2.674703912342816375e-04,3.551885193441845640e-02,6.563180480241012082e-01,7.536477688248560680e-01,-5.366861895701422434e-03,-5.129320691462325305e-02,9.427136526805107719e-02,1.596295617077381768e-01,-2.529281797380033558e-01,-7.890533584520189117e-03,-1.240533255426754661e-01,-7.492678069780607519e-02,-6.457106390510056193e-02,3.515451569407785914e-01,-3.469932574501684019e-01,1.131109774074164354e-01,-3.619488698909233138e-02,-5.480818929491931835e-02,1.411500673464631365e-02,-1.444790984229539221e-01,7.401621237796707220e-01,-2.330619650652829555e-01,-2.129458718725507904e-01,-7.942842260968967227e-02,-2.877182333456386742e-01,-4.995467709610849211e-02,2.001913062304915697e-02,-6.960890679127572644e-01,7.608165429539527624e-02,-5.035760716559414263e-01,1.205322168731405054e-02,-9.622435194207402953e-02,1.375053740402185642e-01
1.359180636723503546e-03,-3.897625041935498524e-02,7.481337377524822640e-01,-4.606068835948766427e-04,3.519063950476204738e-02,6.563627965912999240e-01,7.536241012490193514e-01,-4.693062908317048761e-03,-5.045194283143605157e-02,9.556629729399579443e-02,1.610111468149524605e-01,-2.549331746953754640e-01,-7.651210021740111750e-03,-1.221069906833146396e-01,-7.455681249496980134e-02,-6.562212719502244496e-02,3.499939602713587616e-01,-3.461154442740701498e-01,1.144161359930325889e-01,-3.483134942641605974e-02,-5.460069402073348954e-02,1.457564374434368315e-02,-1.354141831348614489e-01,7.320530456128744312e-01,-2.250637860243958344e-01,-2.188416141821479255e-01,-8.433611231439114286e-02,-2.888234371987442040e-01,-4.428495887582060281e-02,2.690112835835158436e-02,-6.936372467091621585e-01,6.774681469524310162e-02,-5.119271712955291154e-01,1.294014782402573040e-02,-9.725118700464843724e-02,1.323775464985418038e-01
1.291648218177197287e-03,-3.834275422234044439e-02,7.481175377681930083e-01,-5.665850849073256201e-04,3.512247100307224618e-02,6.564274474572036056e-01,7.535708972862472654e-01,-4.654201382979355865e-03,-5.025998020575477010e-02,9.618557650695470918e-02,1.630515431035078344e-01,-2.568088258391104661e-01,-7.401049808030553748e-03,-1.211069753863067006e-01,-7.484652839883368380e-02,-6.680718654252532085e-02,3.499279712444695600e-01,-3.462878367297376192e-01,1.147981310419179807e-01,-3.305938960321892772e-02,-5.379129731712533474e-02,1.475743588366165183e-02,-1.239312790115538326e-01,7.232322525896047738e-01,-2.161291455801191419e-01,-2.235946796365750333e-01,-9.058052868647462064e-02,-2.898636719146102103e-01,-3.834175697629157997e-02,3.447380859971661826e-02,-6.926310769051009508e-01,6.022328100077396773e-02,-5.187419743162682284e-01,1.276599675135263977e-02,-9.882788580375784226e-02,1.263902780661279868e-01
1.219056552788809998e-03,-3.767715475623338583e-02,7.481092506005944109e-01,-8.484211333551821763e-04,3.559653485663734351e-02,6.569385174874060596e-01,7.531028821676556406e-01,-5.817570045558079217e-03,-5.103116792990539802e-02,9.437892350781906803e-02,1.647230905482235386e-01,-2.579836875964098830e-01,-7.793849230903024394e-03,-1.205457524536437397e-01,-7.568328820854897110e-02,-6.798511545989892324e-02,3.488284560984944438e-01,-3.467224062179399269e-01,1.139817307380845968e-01,-3.071851856796123728e-02,-5.259627236716793441e-02,1.518397935289849884e-02,-1.073218857732909648e-01,7.074410516957935213e-01,-2.045619094018711892e-01,-2.261822903734637680e-01,-1.061944438002772328e-01,-2.877796811849032688e-01,-3.407612963617616397e-02,4.686775343156053542e-02,-6.869729104593929048e-01,5.357761653984217942e-02,-5.211872671426879267e-01,1.378800086945378318e-02,-9.997874682156895898e-02,1.161989759627778118e-01
1.098092371012876402e-03,-3.701577677258517662e-02,7.480597026012149042e-01,-9.579636818064967210e-04,3.585564689897939583e-02,6.577487008205730179e-01,7.523829486769940678e-01,-6.530774597621111059e-03,-5.192724639620195648e-02,9.246875414563482387e-02,1.665949137967064897e-01,-2.602110209593688217e-01,-7.043738888143287122e-03,-1.198351909650312436e-01,-7.674370736614537225e-02,-6.936428056043029977e-02,3.490550586013774215e-01,-3.478894501354365953e-01,1.129571478156302794e-01,-2.805345734092209303e-02,-5.080332405508166532e-02,1.460952616009955282e-02,-8.719742813240929924e-02,6.910262154377018184e-01,-1.929003298310408843e-01,-2.212449502200142804e-01,-1.125107190364792176e-01,-2.839846176044847348e-01,-2.933845786552009144e-02,6.362845777205318465e-02,-6.804046787398585483e-01,5.243009448197046701e-02,-5.083312036001800260e-01,6.834287154622572212e-03,-9.828857463691970109e-02,1.043938622604661248e-01
8.958902389159611145e-04,-3.634069347919824389e-02,7.480687650732600336e-01,-8.181420594908462782e-04,3.563183453619959973e-02,6.577618829282538826e-01,7.523822222632809975e-01,-6.300320806431817036e-03,-5.252851703213111401e-02,9.054334836643318507e-02,1.694015875177362351e-01,-2.623861860624726594e-01,-5.676707657606925098e-03,-1.176043941183334829e-01,-7.717996193343479305e-02,-7.009896213342144133e-02,3.478867549783262736e-01,-3.483702420025397428e-01,1.113115621994300447e-01,-2.589670687555688591e-02,-4.882787262395658912e-02,1.445336586375108034e-02,-6.431464839976780423e-02,6.683419471881938412e-01,-1.820991431784102776e-01,-2.078558483125129697e-01,-1.147519098417330713e-01,-2.795532547695712688e-01,-2.327725521161308486e-02,7.881577487358559786e-02,-6.685347036599235127e-01,5.702445851518311154e-02,-4.867330303491325116e-01,2.656961266075616619e-03,-9.822137467684456669e-02,9.013351883182507684e-02
5.486954285297487724e-04,-3.566433751206070368e-02,7.481067177862267270e-01,-1.427144259301705957e-03,3.525915137679665884e-02,6.576492834149855193e-01,7.524972927042378190e-01,-6.166790666048754463e-03,-5.142295504274696505e-02,9.157118314331674780e-02,1.711386987971769136e-01,-2.657975203746705817e-01,-5.110896697864722796e-03,-1.143503352417698793e-01,-7.612837843694048034e-02,-7.098114904285530991e-02,3.425502564638313596e-01,-3.461824026268413568e-01,1.117379781525899146e-01,-2.344125664097862494e-02,-4.722862296801763615e-02,1.321963187417237416e-02,-4.267719507140280144e-02,6.411326166875771504e-01,-1.713662787946937660e-01,-1.851383120989523734e-01,-1.045615496464816496e-01,-2.734558746790940464e-01,-1.607157680631927585e-02,8.682596056713370869e-02,-6.547268097829538336e-01,6.890020667644956853e-02,-4.535753776750930388e-01,-7.984003651480163152e-04,-9.920380202020222249e-02,7.420468006045913278e-02
2.408773251079930622e-05,-3.507407567134876447e-02,7.481768814688034563e-01,-1.556600500824462628e-03,3.446454870986805086e-02,6.579874416164267492e-01,7.522381926970842514e-01,-4.769865133248308957e-03,-5.086817010317661730e-02,9.260167895601467691e-02,1.725223734485301086e-01,-2.681339364153175753e-01,-3.906404003943692201e-03,-1.106351101672338327e-01,-7.584874138021718837e-02,-7.246334406795726379e-02,3.392508608293773320e-01,-3.444961822171361820e-01,1.110646290443877415e-01,-2.098869863476066772e-02,-4.580156138091721202e-02,1.366471940434284965e-02,-1.831982668241035478e-02,6.175198523961872299e-01,-1.643985969405473146e-01,-1.596539271946257610e-01,-1.012772636833346174e-01,-2.684011032584754930e-01,-1.288006551559999456e-02,9.679089553488369468e-02,-6.417822248263468365e-01,8.132187277904630307e-02,-4.109205326444958506e-01,-9.393919691972760916e-03,-9.905608758298087291e-02,6.312737399463373700e-02
-7.302255171626340427e-04,-3.453654058956585893e-02,7.481469643009677206e-01,-2.096957748749714127e-03,3.421480279996779589e-02,6.571933935782358072e-01,7.529420917140184910e-01,-4.187976681664704222e-03,-5.054678391074959865e-02,9.420278597143953714e-02,1.730555997494005738e-01,-2.720130548250173641e-01,-3.941947829506142927e-03,-1.067209550201240476e-01,-7.524999895019526819e-02,-7.263155883106693633e-02,3.311602817626003170e-01,-3.427915353465262327e-01,1.106059477941590263e-01,-1.749174976025473852e-02,-4.327403337082127988e-02,1.210689268327298611e-02,7.262539808881817577e-03,5.896043401269291939e-01,-1.584178203231080828e-01,-1.173329326619580865e-01,-8.267579631125498985e-02,-2.605699198465407096e-01,-4.279651190785457512e-03,1.003911655229625111e-01,-6.344094101537864905e-01,1.073796261275032221e-01,-3.542901811602273132e-01,-1.812720381859880825e-02,-9.718468931739550343e-02,5.484486218530423146e-02
-1.723049291225256085e-03,-3.412271976114826522e-02,7.481515267089510202e-01,-1.860126772225889277e-03,3.363259807612493935e-02,6.574566177785363674e-01,7.527391208209183171e-01,-3.407900022107051598e-03,-5.152968896680203137e-02,9.603579052285129980e-02,1.752693329765986352e-01,-2.742902167206058284e-01,-3.301673778522069055e-03,-1.026257184564894342e-01,-7.655910975728805190e-02,-7.378118036955130798e-02,3.265787615797278720e-01,-3.414401485087434351e-01,1.108809202586264475e-01,-1.581227854699723129e-02,-4.146879932499328986e-02,1.197582221601874684e-02,2.627899304562323832e-02,5.699771188254028065e-01,-1.598749682700617847e-01,-7.024025871415355560e-02,-6.458110051974676191e-02,-2.495356915685176535e-01,-4.288526336736354048e-03,1.051634414825874525e-01,-6.254744085607053528e-01,1.338811817275196714e-01,-2.857342753716611283e-01,-4.052357989788560322e-02,-9.475525736837668578e-02,4.321920104353082354e-02
-2.952245487665714711e-03,-3.376887275892384577e-02,7.482111351442226610e-01,-3.227369116727177301e-03,3.265808111940764202e-02,6.568841808467348331e-01,7.532769787929916028e-01,-3.317561528611233899e-03,-4.923349975161812886e-02,9.937443176955884638e-02,1.761759918323524132e-01,-2.798196165203755137e-01,3.046799122086302214e-04,-9.893982438986455297e-02,-7.409682759040918387e-02,-7.369628970574353122e-02,3.181339474026044778e-01,-3.356950980096531922e-01,1.147573370681070071e-01,-1.455601940870306955e-02,-3.944629798380738100e-02,1.127685711030659843e-02,4.165094275173002875e-02,5.484090603599979241e-01,-1.689551187825736600e-01,-1.012865692448252156e-02,-5.034130731080542487e-02,-2.384510611894644083e-01,-7.469609930940214991e-03,9.935322303820315337e-02,-6.121382715917128570e-01,1.651161040442833405e-01,-2.091310005438211106e-01,-5.015123618983091669e-02,-9.295822710259345201e-02,3.994561829173711581e-02
-4.335878127407682102e-03,-3.359304079569577078e-02,7.483928420875745058e-01,-3.876380421463901556e-03,2.972895947792405374e-02,6.571193700559755380e-01,7.531900796880069970e-01,-9.203518663191941410e-04,-4.504456859723737078e-02,1.045252453509049884e-01,1.804919451181744017e-01,-2.859306834592096891e-01,4.504284124967492843e-03,-9.308012623999256663e-02,-7.064655770146585634e-02,-7.412447091135954125e-02,3.140738320103976799e-01,-3.284370745876323827e-01,1.206279909998357047e-01,-1.342002752493080472e-02,-3.938795937751152221e-02,1.071994636773315399e-02,4.870224403928793966e-02,5.290545605880341284e-01,-1.795163925137248928e-01,6.102182382540967398e-02,-4.417495962479543736e-02,-2.268555726505417924e-01,-3.023434011847942089e-03,9.087333178345201323e-02,-5.976041437346963914e-01,2.023719951570837894e-01,-1.231691377894164191e-01,-6.063555594393294640e-02,-9.310521983766498200e-02,3.339790656732199992e-02
-5.741607421399242892e-03,-3.349679506343922197e-02,7.483921145045309142e-01,-4.082600865706348219e-03,2.783717255304650473e-02,6.570102992512549811e-01,7.533564168918985837e-01,7.459107756707054199e-05,-4.355202547276992159e-02,1.068684031932802814e-01,1.849753312705796626e-01,-2.915452464993134596e-01,6.059449305573286031e-03,-8.901489443654062028e-02,-7.004053874792950940e-02,-7.669981264607463045e-02,3.112330491879129468e-01,-3.249418532458763220e-01,1.233101216666363242e-01,-1.312903797360549622e-02,-3.674658330663714556e-02,1.226685605761651185e-02,5.335468406596360902e-02,5.111533137883575995e-01,-1.940655951789418687e-01,1.369340758571989669e-01,-3.091711378164398172e-02,-2.180222622424275170e-01,-1.311671045761136347e-03,7.967500562053697610e-02,-5.810759606454177773e-01,2.379937643919087242e-01,-3.111767629251977960e-02,-7.180071706152091338e-02,-9.208515793236049518e-02,2.851427409892113435e-02
-7.070615641555594820e-03,-3.342415378827207073e-02,7.483357937985980479e-01,-4.152424216400131367e-03,2.664520228115021053e-02,6.568613259414257666e-01,7.535290233633979984e-01,-6.139279759299724748e-04,-4.384425485259110800e-02,1.048083776448395787e-01,1.902865761393984223e-01,-2.964330776020340785e-01,8.075410871829735021e-03,-8.506645824803381328e-02,-7.051508229672827366e-02,-7.929117271934478517e-02,3.067728734793221390e-01,-3.227375199093081015e-01,1.254322152720465100e-01,-1.208558541835144488e-02,-3.392630621984190492e-02,1.323553559530560308e-02,5.395681148247437331e-02,4.925649688242235702e-01,-2.066750439828392849e-01,2.210239207227606695e-01,-1.960062663133634031e-02,-2.080675704594225628e-01,-5.695076913549732694e-03,6.995704109308378826e-02,-5.645606309510149412e-01,2.688801865291085003e-01,6.506846348478449726e-02,-9.083871025535539268e-02,-8.830865833669955534e-02,2.880685007515940838e-02
-8.266294411429422201e-03,-3.333880179221523216e-02,7.483617595613941686e-01,-4.757727819835627127e-03,2.549362260156991938e-02,6.573076991232738031e-01,7.531759607859969119e-01,-3.697653347994835603e-03,-4.298273879474806547e-02,1.032585281170505520e-01,1.985846386525036700e-01,-3.023438489003453800e-01,1.339794494495341950e-02,-8.347580478537872106e-02,-6.967499091510694076e-02,-7.971984311069824081e-02,3.056721561563917611e-01,-3.195313898187377988e-01,1.272422791392737174e-01,-1.157640036236057789e-02,-3.336011207692057140e-02,1.233620977697323824e-02,4.721694323551079570e-02,4.769167642358153603e-01,-2.256626457048249990e-01,3.141725389689816184e-01,4.921083234976201398e-03,-1.958889648801072358e-01,-1.123511344415500240e-02,5.680387706647160861e-02,-5.439727412739555623e-01,3.026584079292819474e-01,1.745356809658608344e-01,-1.133986376253278139e-01,-8.224717380956381163e-02,2.991306461710065145e-02
-9.285602648053576519e-03,-3.324618386306482654e-02,7.482776172167264761e-01,-5.357903203674092146e-03,2.492012552987956167e-02,6.569652423991626522e-01,7.534898476397975386e-01,-7.695501858044916793e-03,-4.232345266900792990e-02,1.036986838178351744e-01,2.075385428199969795e-01,-3.087019755414114330e-01,1.587402311640540367e-02,-8.374423075665969607e-02,-6.942038987391656313e-02,-8.008870482318974915e-02,3.058609712853832541e-01,-3.183863793583073809e-01,1.291423250827794245e-01,-1.207021298763513197e-02,-3.252701568011712868e-02,1.120723917552923082e-02,3.778851791115631770e-02,4.608548813931335753e-01,-2.451516578932850243e-01,4.002931842439766963e-01,3.130717899276188460e-02,-1.882945241383345014e-01,-1.842094714086197835e-02,4.038859165400630197e-02,-5.187855043722403581e-01,3.317023267684754417e-01,2.780124566637400818e-01,-1.259202411424887869e-01,-7.807553411044895753e-02,3.127130094153230538e-02
-1.007148720231055596e-02,-3.309760012948816110e-02,7.482153691660559103e-01,-5.742816909323464163e-03,2.412477120329458227e-02,6.567417160530391040e-01,7.537077244290686373e-01,-1.044714217694483679e-02,-4.131675361842009758e-02,1.038493999332247564e-01,2.153850271650419868e-01,-3.139700618592092263e-01,1.714249613693647617e-02,-8.290604359800041179e-02,-6.876064627249052486e-02,-7.998144518886271537e-02,3.055524877303079090e-01,-3.169671213228222317e-01,1.312248469884337854e-01,-1.260784995734143092e-02,-3.154938464059943437e-02,1.016912823455730364e-02,2.641067767759435955e-02,4.448117905644951575e-01,-2.654628230903504083e-01,4.829171272329866871e-01,6.085173875725748138e-02,-1.825881675361445133e-01,-2.754811405844501820e-02,2.327309019466988413e-02,-4.949825375373938519e-01,3.578191945163619048e-01,3.709765427042946428e-01,-1.403178025731151579e-01,-7.693665223449104584e-02,3.495222614718039578e-02
-1.062554736391333951e-02,-3.284157851569900755e-02,7.481214499332903278e-01,-5.805930524515893337e-03,2.345880146820097933e-02,6.566020891489776634e-01,7.538499003976978363e-01,-1.163815197559945128e-02,-4.088830828177310306e-02,1.038136764930529532e-01,2.209376131564900758e-01,-3.182301678835989245e-01,1.852901294333810650e-02,-8.183154524775766714e-02,-6.851286690722163675e-02,-7.968869980423373689e-02,3.059188913589697689e-01,-3.170418838874916045e-01,1.319256219713641209e-01,-1.297893638733456541e-02,-3.027335835601010702e-02,9.125733458017351932e-03,1.460511241352395809e-02,4.285981422915913219e-01,-2.853926505876642206e-01,5.653057546472548545e-01,9.508693292525115248e-02,-1.755423891584728668e-01,-3.614787746279313208e-02,7.057908310515260963e-03,-4.696955809521979330e-01,3.821241958929602056e-01,4.663607668121608207e-01,-1.589958705690052154e-01,-7.344579335990820967e-02,3.946689765312953041e-02
-1.096330645045987331e-02,-3.248196834649898918e-02,7.480534338904512026e-01,-5.511278649520823074e-03,2.268217112259221166e-02,6.565311261875000914e-01,7.539376799628645376e-01,-1.200479692910609054e-02,-4.065268098235440275e-02,1.032556413552224994e-01,2.265991231657756011e-01,-3.219297708655210477e-01,2.003854495026165944e-02,-8.015309105539826506e-02,-6.836241992351824170e-02,-7.908979172158295268e-02,3.071097369200458393e-01,-3.176560607606873088e-01,1.313840432172263817e-01,-1.373038208363394630e-02,-2.902123293222399342e-02,8.122769672799855928e-03,1.434334598133971822e-03,4.105006688746939414e-01,-3.041776751377037735e-01,6.514800512734117977e-01,1.324088219910415920e-01,-1.682261902092576644e-01,-4.544616536771516752e-02,-9.988855394085862510e-03,-4.422376563341369193e-01,4.020481848408329895e-01,5.606743287070412585e-01,-1.764193020087629349e-01,-7.083607367841186775e-02,4.456305630764370584e-02
-1.113428953704188006e-02,-3.200946893320866238e-02,7.480032125508651042e-01,-5.281563078322795701e-03,2.196862561782890119e-02,6.559808977512735506e-01,7.544392264227434142e-01,-1.132830306604548989e-02,-4.019466562003369547e-02,1.032049087381378683e-01,2.304314169966080184e-01,-3.250067120696408240e-01,2.301669872618310533e-02,-7.940898308416063922e-02,-6.768203092219918227e-02,-7.728301716136416755e-02,3.095927972157078711e-01,-3.180207662178950456e-01,1.313526403295434686e-01,-1.496525112740228376e-02,-2.845986219834537381e-02,7.379634469150539965e-03,-1.395787827128646894e-02,3.893890130403068750e-01,-3.212784034375729125e-01,7.445160077561576717e-01,1.618175526194879366e-01,-1.588182874181202631e-01,-5.776001309826791358e-02,-2.715720241001007632e-02,-4.142571698229701171e-01,4.202923318928371010e-01,6.525569690355624841e-01,-1.894258924332269944e-01,-6.723222197882115780e-02,5.326929716849454488e-02
-1.117604974092218338e-02,-3.147540429070851131e-02,7.479327116940692743e-01,-5.118711498366687075e-03,2.146201258102656967e-02,6.550842891310293403e-01,7.552335764134584517e-01,-1.094145800036639554e-02,-3.978560077744775630e-02,1.028672187744391897e-01,2.343386073936932767e-01,-3.283039040145042664e-01,2.679370548233301827e-02,-8.042389234785503327e-02,-6.675642358024248824e-02,-7.424886780138477416e-02,3.146333171640909310e-01,-3.194745379157391540e-01,1.291421473712799084e-01,-1.596030815391975485e-02,-2.735767092740971212e-02,6.328971567185976213e-03,-3.027267797839448479e-02,3.679235791175921033e-01,-3.368391308894100322e-01,8.378305308714033561e-01,1.877289166465800074e-01,-1.499774717704595028e-01,-6.808826651727617474e-02,-4.459257586419582142e-02,-3.878979890913813455e-01,4.359192062428572378e-01,7.445977134645554996e-01,-2.053581576530141839e-01,-6.069292156472820554e-02,6.065468288771308503e-02
-1.109574712593819866e-02,-3.086985031230627188e-02,7.478729911467112412e-01,-5.651579262301600903e-03,2.145045786657152204e-02,6.541527471215211609e-01,7.560371161143641938e-01,-1.143130850348456247e-02,-3.897310869049089993e-02,1.017741753609084643e-01,2.365058127166512203e-01,-3.311993688637848710e-01,3.052259195411448356e-02,-8.201848447980764067e-02,-6.484362639599304534e-02,-7.022861073201154547e-02,3.171769554972547756e-01,-3.199623414999185345e-01,1.285906177996421207e-01,-1.633192837997599067e-02,-2.633178598947657698e-02,4.518043318344868060e-03,-4.591153514551646331e-02,3.466747156116447015e-01,-3.455645290745231746e-01,9.268045181959371215e-01,2.085874154970973615e-01,-1.412171368537120941e-01,-7.549775965204467976e-02,-6.064433948822746390e-02,-3.614574435449079970e-01,4.461025398182140167e-01,8.356532364382943667e-01,-2.149810984020690541e-01,-5.425586713754894375e-02,6.908238676767738951e-02
-1.090758519482439189e-02,-3.025485510268700190e-02,7.478291551725956277e-01,-6.673031361204043513e-03,2.205663525880729656e-02,6.535399521869070805e-01,7.565411465274369807e-01,-1.230953186708416518e-02,-3.814069388982908870e-02,1.010562576159655529e-01,2.356791518726249202e-01,-3.325242253436889173e-01,3.312390720820610618e-02,-8.456425627027000513e-02,-6.286339410536306849e-02,-6.669530479174340387e-02,3.183768468997553724e-01,-3.204097546454369727e-01,1.270198540518168717e-01,-1.808770115350379071e-02,-2.501178182380578430e-02,1.930599580952401494e-03,-5.846453025537769188e-02,3.259703954985097574e-01,-3.491207355876230212e-01,1.010036624308603193e+00,2.256954147367101760e-01,-1.319588426269091008e-01,-8.059395084764052475e-02,-7.380193272400392690e-02,-3.372342236308704666e-01,4.499895218371587902e-01,9.178691776222023258e-01,-2.198098534439106300e-01,-4.938107932549454238e-02,7.629419975732879000e-02
-1.061955978256315901e-02,-2.971947243167581340e-02,7.478130996980258960e-01,-7.590382934274228846e-03,2.289930780968259597e-02,6.534019183820767296e-01,7.566266852572486323e-01,-1.350971916319584909e-02,-3.773722769846496461e-02,9.982560763758784039e-02,2.341902718635145986e-01,-3.323281680005030769e-01,3.433340076107128935e-02,-8.757803841501350661e-02,-6.181831154163865139e-02,-6.528352298179743163e-02,3.203442036606477528e-01,-3.211942656373355520e-01,1.242462168221547397e-01,-1.949086878137314127e-02,-2.352773728981483528e-02,-5.635584457537876416e-04,-6.842461527226770257e-02,3.093865356946288170e-01,-3.484160637931213444e-01,1.075475187894399109e+00,2.379478405274965680e-01,-1.265313216850743050e-01,-8.170899292418230819e-02,-8.265159661846172012e-02,-3.181846187706219298e-01,4.477446931364165716e-01,9.869884281726654107e-01,-2.211058188791905355e-01,-4.669006050184171946e-02,8.031156363984472135e-02
-1.026763307115723459e-02,-2.926693771832335200e-02,7.478345037008772289e-01,-8.577156259031482738e-03,2.376503260938280654e-02,6.529623703950264701e-01,7.569688226497129913e-01,-1.461335994891341424e-02,-3.698413344471498942e-02,9.936137729178093347e-02,2.321311070450565173e-01,-3.315454026783395403e-01,3.500875854976741308e-02,-9.075420265195537073e-02,-6.062471276266354070e-02,-6.448240807822711029e-02,3.218713804431918568e-01,-3.214437041193802802e-01,1.224699614358197991e-01,-2.112565435103126721e-02,-2.258216527237003404e-02,-3.060898879763923434e-03,-7.622650763618614433e-02,2.973235423346395345e-01,-3.450071446712508760e-01,1.123415928573489264e+00,2.454501256143742649e-01,-1.227133604534144801e-01,-8.213313994199786250e-02,-8.829273150708753792e-02,-3.045824232866900516e-01,4.405397472410729209e-01,1.040182047494264461e+00,-2.174969474365905375e-01,-4.383157428791748661e-02,8.179426063157976823e-02
-9.867959058354065435e-03,-2.891824697068243535e-02,7.478275629513437828e-01,-8.839890531619206543e-03,2.458152825691952217e-02,6.521926517031036985e-01,7.576030292101652019e-01,-1.516906716979517580e-02,-3.707020204466980606e-02,1.001189518998478467e-01,2.311859565471829914e-01,-3.302910437351310735e-01,3.497798510395554866e-02,-9.367906771840811553e-02,-6.068735688857872235e-02,-6.406976249131088319e-02,3.246783024164021647e-01,-3.230136555291086564e-01,1.204056820435828457e-01,-2.259630435231033824e-02,-2.186960367527811949e-02,-4.453329955029141501e-03,-8.229471453797412850e-02,2.874183639333912632e-01,-3.400880578755567929e-01,1.161486264033554816e+00,2.479176556327287728e-01,-1.191756831564664276e-01,-8.186052425226256202e-02,-9.017227580689970989e-02,-2.946493589536575142e-01,4.331648792035018292e-01,1.080480913883406169e+00,-2.118070085233539623e-01,-4.187313006686351619e-02,8.395799016900167000e-02
-9.442615240154271158e-03,-2.864310374358870759e-02,7.478134644629207406e-01,-9.022957583846902968e-03,2.538511542380929298e-02,6.515115250047357476e-01,7.581602171951288272e-01,-1.536209701819427412e-02,-3.717099148384328533e-02,1.014293898472732880e-01,2.296013976931086387e-01,-3.289551391392376845e-01,3.428328387822188184e-02,-9.659267628393138072e-02,-6.080903920421022735e-02,-6.335455847732172907e-02,3.276488790000217088e-01,-3.245901332104318415e-01,1.194489097785735032e-01,-2.313665929586948208e-02,-2.174878119145307737e-02,-5.697097076693294869e-03,-8.773203296661394313e-02,2.804801231709452836e-01,-3.335788354428355085e-01,1.188516597976513767e+00,2.462450119285081451e-01,-1.167659884920960039e-01,-8.117063353679226934e-02,-9.067268883261674073e-02,-2.882179343132006410e-01,4.250145990160877352e-01,1.110431746523651508e+00,-2.049771385011310287e-01,-3.968907309677916634e-02,8.478064861709627698e-02
-9.002731551946729568e-03,-2.840851079209748623e-02,7.478365771457292643e-01,-8.991936577041359860e-03,2.624325046944167919e-02,6.508512821712583163e-01,7.586982571335080250e-01,-1.561515703042753479e-02,-3.786897631469625380e-02,1.015303071000920043e-01,2.282553797136429308e-01,-3.266503207716236479e-01,3.368287492216642809e-02,-9.974488880056171791e-02,-6.130657868672148569e-02,-6.220967614526311251e-02,3.314770143407294034e-01,-3.264164325063236283e-01,1.179147850223373761e-01,-2.321269691000391391e-02,-2.159722676475843428e-02,-7.526488170293666770e-03,-9.192353430550587179e-02,2.754904198479453670e-01,-3.279099280786263448e-01,1.208179271344527850e+00,2.444332263377134717e-01,-1.139976116784767596e-01,-8.124205364089696901e-02,-9.092126685482351811e-02,-2.825431963212802211e-01,4.148911161079978926e-01,1.134270072783084782e+00,-1.961166395366301107e-01,-3.714320289804191183e-02,8.490929682540060419e-02
-8.585549814022097603e-03,-2.818265799206444433e-02,7.478606164714740601e-01,-9.051858702867112902e-03,2.718602315593622240e-02,6.502692052473534323e-01,7.591633188622618489e-01,-1.585462262196764630e-02,-3.870331629237092064e-02,1.013278400232280330e-01,2.262204345841468123e-01,-3.244968942582562299e-01,3.409777407155281659e-02,-1.028724246499548994e-01,-6.167461009936401478e-02,-6.057310848777400225e-02,3.346369710903414618e-01,-3.279325265026876712e-01,1.159740500288989340e-01,-2.291344627905457856e-02,-2.163317976500936726e-02,-9.941288589383298624e-03,-9.545632031575367049e-02,2.718160251880403777e-01,-3.239204546797401219e-01,1.223323607653254097e+00,2.425052011834329113e-01,-1.121345889635911169e-01,-8.087660847673198983e-02,-9.338219466518681011e-02,-2.774829110561989332e-01,4.064889952263776030e-01,1.152454806417292810e+00,-1.905528735606141777e-01,-3.524156798241945970e-02,8.478569083486912905e-02
-8.207605935913055151e-03,-2.795576881643569572e-02,7.478727907620291715e-01,-9.060462976440109353e-03,2.809614789011308580e-02,6.495909057869060366e-01,7.597105827901418085e-01,-1.561331974745535159e-02,-3.965510351576812670e-02,1.011595192392114595e-01,2.234853155766658162e-01,-3.221556774933528877e-01,3.392380159600241057e-02,-1.054036674539531732e-01,-6.219167642281778902e-02,-5.930536230516206264e-02,3.367684391283808365e-01,-3.293790595699951362e-01,1.145509910708303464e-01,-2.216822332085639433e-02,-2.204234965049494885e-02,-1.180103760383293017e-02,-9.781002003697665537e-02,2.693133177708316728e-01,-3.184501409015959017e-01,1.233510454593982120e+00,2.393176028422678847e-01,-1.110254593358139252e-01,-7.987543683055733923e-02,-9.600632990342501671e-02,-2.733131984405897108e-01,3.987380868132889833e-01,1.164184522297323277e+00,-1.851727185722774893e-01,-3.450261345879254010e-02,8.419082143142646302e-02
-7.880471740390918717e-03,-2.770264837218405080e-02,7.479030469898225730e-01,-9.158812498300975685e-03,2.885165855843399921e-02,6.490934295506701757e-01,7.601061884146176340e-01,-1.507750147112034422e-02,-4.036140963425825789e-02,1.007572770355562031e-01,2.204614769477588609e-01,-3.201735090049234178e-01,3.399261450486622260e-02,-1.068778939946789380e-01,-6.235642295864217421e-02,-5.796182455486939555e-02,3.372397374679633186e-01,-3.300394069356730187e-01,1.137905223251536452e-01,-2.147136288225199099e-02,-2.230470972335811194e-02,-1.372141451903400623e-02,-9.979083813328171182e-02,2.673741867418411022e-01,-3.142010633677058129e-01,1.241826262612125920e+00,2.369943581911214958e-01,-1.095970686492892254e-01,-7.970396884212922750e-02,-9.858411944613565403e-02,-2.693386528667841562e-01,3.917933286435805185e-01,1.174385225990539405e+00,-1.794340530646581500e-01,-3.330117730276414834e-02,8.353266770810374720e-02
-7.603342044294874105e-03,-2.744156267943207925e-02,7.479140520943784454e-01,-9.101932018699122190e-03,2.921125330554978639e-02,6.487749212017706046e-01,7.603650170368718708e-01,-1.410560419863263540e-02,-4.074714653300740008e-02,1.007368413859864725e-01,2.183645474693703681e-01,-3.188967267808088257e-01,3.441486005260700060e-02,-1.076349439844236366e-01,-6.249055070299962961e-02,-5.732751296656329876e-02,3.382755009457550921e-01,-3.306827165132826263e-01,1.135883319467028696e-01,-2.084432544170467319e-02,-2.291616737318262140e-02,-1.515487162736703364e-02,-1.011946175959376748e-01,2.661285139995523408e-01,-3.100737249488050296e-01,1.248078547302633234e+00,2.345941072578525965e-01,-1.073924832912478144e-01,-7.941787915793913077e-02,-1.005367167563089026e-01,-2.660282837284987378e-01,3.861608721809460243e-01,1.182369375059709293e+00,-1.754449506386998037e-01,-3.208067875764962495e-02,8.228404307506315130e-02
-7.371212519890404415e-03,-2.715445025156565037e-02,7.479169433165547831e-01,-9.137388924792206116e-03,2.932736727291439943e-02,6.484669506384523885e-01,7.606227892866105345e-01,-1.306736408966340662e-02,-4.067165811800992070e-02,1.006571637627066834e-01,2.169163751806059970e-01,-3.186886518500913756e-01,3.556174311274244021e-02,-1.071380801620848977e-01,-6.209137739526495586e-02,-5.662416735789830430e-02,3.374171998802790728e-01,-3.306684461522534924e-01,1.142358140953060180e-01,-2.025705234660089143e-02,-2.332877690537540905e-02,-1.626800590562255469e-02,-1.027616550204129009e-01,2.650186004981153198e-01,-3.071438208716586460e-01,1.254817966565040299e+00,2.341986392678218343e-01,-1.051698853854474563e-01,-7.884176256457486875e-02,-1.024774398589546470e-01,-2.625491490207506606e-01,3.804699361027653604e-01,1.190889118819760117e+00,-1.706405759832746449e-01,-3.134351687748537091e-02,8.115242060764533971e-02
-7.164782245841038247e-03,-2.686666961553215577e-02,7.479032406808732159e-01,-9.265710194708348321e-03,2.944253403668072033e-02,6.481873658723467102e-01,7.608550601313993633e-01,-1.227450577984952503e-02,-4.048998053786832113e-02,1.002238201062859296e-01,2.157138681183145279e-01,-3.188643828037339700e-01,3.611107644810201273e-02,-1.068062209611815860e-01,-6.146666018019475430e-02,-5.563536727384361252e-02,3.366849346282351774e-01,-3.309031910235937790e-01,1.139259540459945930e-01,-1.994492651781028941e-02,-2.315174441439672715e-02,-1.719986734262457864e-02,-1.041344935017569917e-01,2.638598147100337243e-01,-3.045646721808336621e-01,1.261535460258827346e+00,2.360125829822707078e-01,-1.025001793670952538e-01,-7.772245230455680776e-02,-1.044821296992139575e-01,-2.595381678464989683e-01,3.752810709588689231e-01,1.198864637449090775e+00,-1.671809228321416152e-01,-3.042791847853312456e-02,7.971722510628072300e-02
-6.965268610064665605e-03,-2.659711133509213773e-02,7.479083781927180485e-01,-9.399557403175313672e-03,2.949741127428429782e-02,6.482002272872612325e-01,7.608403356772582837e-01,-1.207848315792974837e-02,-4.022368767123420813e-02,9.965065697636898978e-02,2.156631096407785608e-01,-3.190369518768420010e-01,3.697427029380040420e-02,-1.063434191082811703e-01,-6.080983179634397162e-02,-5.475483467770585894e-02,3.360328509785863726e-01,-3.308963602003041071e-01,1.134319711555213106e-01,-1.951247801356932599e-02,-2.338725996024543577e-02,-1.776849069132324654e-02,-1.056254598279063595e-01,2.629631032232718768e-01,-3.017971243624826272e-01,1.266532265791872280e+00,2.365790418776121951e-01,-1.002534339224250420e-01,-7.761901092343079234e-02,-1.056189293955682729e-01,-2.570888203427116880e-01,3.708274386271839806e-01,1.204612836319520541e+00,-1.637484050793089896e-01,-2.989426681994261648e-02,7.877391377798868832e-02
-6.770745224021784518e-03,-2.636246781827608632e-02,7.478959103718733070e-01,-9.409657660850587885e-03,2.945970228371915314e-02,6.481419494586712071e-01,7.608913178871037353e-01,-1.185680280015483784e-02,-3.990401059886258123e-02,9.955067842584448823e-02,2.162213785640031971e-01,-3.196082502258662528e-01,3.779781931616361945e-02,-1.057673664601094521e-01,-6.026147713447722182e-02,-5.404376957052225289e-02,3.356902763102982412e-01,-3.310932911689331570e-01,1.125421257103211281e-01,-1.978218807901703513e-02,-2.318525251693348554e-02,-1.819772112707278289e-02,-1.070834088693261160e-01,2.619424792190452322e-01,-2.994054540957744592e-01,1.272570951196529521e+00,2.382056850875880760e-01,-9.728942391982939308e-02,-7.742805121159557213e-02,-1.066835336889535302e-01,-2.550135321282577250e-01,3.670377209257294493e-01,1.209153237843286988e+00,-1.601282271772297705e-01,-2.946827438899636553e-02,7.852579836338387242e-02
-6.582337232578889044e-03,-2.616007285381147587e-02,7.479071024263321821e-01,-9.275198408192932703e-03,2.936856175501105851e-02,6.479332777200191851e-01,7.610741921113364228e-01,-1.180360101997819135e-02,-3.963521451145243790e-02,9.982872525882882653e-02,2.177569012767651413e-01,-3.199316747849056397e-01,3.791526825045744842e-02,-1.047972762093230259e-01,-5.992446307183720011e-02,-5.361728303237592308e-02,3.349366728731563714e-01,-3.311641593915090054e-01,1.119882768086161162e-01,-1.997602864960524791e-02,-2.280314902546085390e-02,-1.831960541836102560e-02,-1.084101539175858775e-01,2.607016754735225761e-01,-2.967584402991761960e-01,1.278291287997143533e+00,2.395957778644640657e-01,-9.503022465177973777e-02,-7.673339542073917552e-02,-1.080649117840961765e-01,-2.533123218062101611e-01,3.643119669337806510e-01,1.213842894988454324e+00,-1.568802958383529733e-01,-2.930629404352774747e-02,7.852383818835242946e-02
-6.396968688988845415e-03,-2.599059949010071313e-02,7.478966776285884688e-01,-9.059556784763479753e-03,2.932291578037968943e-02,6.479785823095889352e-01,7.610399778651945057e-01,-1.181323346031408830e-02,-3.967148742987406523e-02,9.937522382361871354e-02,2.191095142467713863e-01,-3.199021288683915887e-01,3.696972216237767034e-02,-1.034646310573825306e-01,-6.009056527668550640e-02,-5.425174912924442261e-02,3.337584972971124886e-01,-3.314867240307144414e-01,1.120956399597130421e-01,-2.013227690369487691e-02,-2.243951758888175496e-02,-1.772523681799739736e-02,-1.094033069076024850e-01,2.596684934459549399e-01,-2.942161449509394511e-01,1.281418075074625573e+00,2.403796532925012996e-01,-9.356043973421160342e-02,-7.633963607532175122e-02,-1.087251451763415061e-01,-2.521000896704473915e-01,3.610089048365244802e-01,1.216497594308376895e+00,-1.520596251300650181e-01,-2.994234837588318279e-02,7.889912578336111260e-02
-6.234007349103450751e-03,-2.583493807835979261e-02,7.479199810013910099e-01,-9.006789004211156885e-03,2.934310772761369174e-02,6.478865077420670193e-01,7.611182121500628117e-01,-1.172812292856707100e-02,-3.954899503442498715e-02,9.930559158522433982e-02,2.196292754010649717e-01,-3.196948906802054013e-01,3.655108664589076795e-02,-1.024713424118605248e-01,-6.014931579183972060e-02,-5.526244218947157921e-02,3.324320743361384167e-01,-3.313832603438245372e-01,1.126550467729509619e-01,-2.008740758755844097e-02,-2.217146080406965508e-02,-1.671311969658683533e-02,-1.101850379365490462e-01,2.591764290042387064e-01,-2.924379968203669189e-01,1.283330159880026633e+00,2.409566473321241298e-01,-9.195150351340510009e-02,-7.704086539822460611e-02,-1.090859641808844538e-01,-2.515348350567180868e-01,3.588393695762385760e-01,1.217310276447149953e+00,-1.488141371131053159e-01,-3.015209073761150604e-02,7.997001229293509983e-02
-6.099996180299445403e-03,-2.568085593623631313e-02,7.479328762342600800e-01,-8.819208515268593673e-03,2.922447986159520950e-02,6.481009910649784267e-01,7.609423478283863229e-01,-1.107456355841330252e-02,-3.957951408671016302e-02,9.896610841049788276e-02,2.196098847387881192e-01,-3.191715292058187603e-01,3.626292623726008746e-02,-1.016357000915474873e-01,-6.036486219343729920e-02,-5.615057917018512201e-02,3.325251859729976278e-01,-3.316140721421941828e-01,1.125897383854260608e-01,-2.042398957989161046e-02,-2.198383385050269034e-02,-1.590575665610775152e-02,-1.107455483762159049e-01,2.587142750121004808e-01,-2.906213980311293521e-01,1.284858638189613655e+00,2.412417384237799667e-01,-9.055864539046530604e-02,-7.774867716633290793e-02,-1.090692628337934234e-01,-2.511624701060325426e-01,3.565823298277177589e-01,1.217977939024267764e+00,-1.473238798462669086e-01,-2.964650002993877292e-02,7.996344038171299129e-02
-6.004641910261629759e-03,-2.552503821287697636e-02,7.478863666010779898e-01,-8.549213515935457502e-03,2.897412709594392871e-02,6.484034964758115249e-01,7.606972569066027257e-01,-9.618884267679672986e-03,-3.961416786997645073e-02,9.901272825227143415e-02,2.187080267257204280e-01,-3.192044994323376961e-01,3.556084528872298367e-02,-1.009751572016567289e-01,-6.061934064409169737e-02,-5.692472506273252297e-02,3.338043264403498522e-01,-3.327663871767526649e-01,1.124644989899066666e-01,-2.073525197761284453e-02,-2.241061246844586186e-02,-1.498985778510691924e-02,-1.106109786943668821e-01,2.586829762204019278e-01,-2.880680199953281617e-01,1.284396207210937835e+00,2.410818646880000249e-01,-8.925194812000465661e-02,-7.884811209338765670e-02,-1.083057938468554998e-01,-2.508634446882050950e-01,3.546773844060598924e-01,1.217199866273978692e+00,-1.471376063695267189e-01,-2.938910857075771946e-02,7.903678491540992723e-02
-5.954270401123500957e-03,-2.531902663536347159e-02,7.478768825047783508e-01,-8.411944561891638444e-03,2.887591731834774147e-02,6.483401187489438167e-01,7.607565385905780131e-01,-8.304975594413746554e-03,-3.972411708013033615e-02,9.906795114257432866e-02,2.174667914523235601e-01,-3.186970525751973149e-01,3.524508089470496097e-02,-1.004650619535029377e-01,-6.062636680276553558e-02,-5.651374987295286478e-02,3.341841226160796596e-01,-3.332627705821622488e-01,1.132454200463101773e-01,-2.075977530264091001e-02,-2.278046495791035200e-02,-1.413774222150729863e-02,-1.104826500543307222e-01,2.587842989867191190e-01,-2.875204346865019578e-01,1.284648011951772917e+00,2.407064912335125928e-01,-8.867171153561201336e-02,-7.923043087854073074e-02,-1.079857260594073165e-01,-2.506537251929600862e-01,3.537030495497133220e-01,1.217084413315956626e+00,-1.453349785646561032e-01,-2.925667864892049150e-02,7.754246303985296018e-02
-5.947790680590859386e-03,-2.508163498946694783e-02,7.478785145990634042e-01,-8.429778255115559504e-03,2.876151203540763812e-02,6.483713190548695549e-01,7.607340842180370100e-01,-6.956064671471834382e-03,-3.959860617808289712e-02,9.953530953563460848e-02,2.158151907651452150e-01,-3.183323228237558977e-01,3.551078464449976269e-02,-1.003246296439454649e-01,-6.042528517698125823e-02,-5.617775764197836808e-02,3.350031807221997560e-01,-3.334775429268404534e-01,1.132025488396285889e-01,-2.086130757811725800e-02,-2.344445533823725017e-02,-1.369966467841775802e-02,-1.099090197990964524e-01,2.592488117413835336e-01,-2.872352987209356168e-01,1.283723374576122511e+00,2.413399021063311611e-01,-8.827069493814529433e-02,-7.917556058451255541e-02,-1.076869354968114784e-01,-2.504851289193716912e-01,3.537367425074887106e-01,1.217392035288200169e+00,-1.465103051510770471e-01,-2.883897045780764098e-02,7.601451544076411049e-02
-5.975635321212128051e-03,-2.481410709251018892e-02,7.478679992344495764e-01,-8.458766450719266972e-03,2.903209670526758768e-02,6.481690293866672059e-01,7.608958509382043323e-01,-5.698094399915480841e-03,-4.006045504949214825e-02,1.001881219488957309e-01,2.131234036482233529e-01,-3.172563202312391750e-01,3.456296789351273602e-02,-1.003880690509815765e-01,-6.094081315784102837e-02,-5.648434632351542750e-02,3.348410093766476803e-01,-3.341029605963742877e-01,1.130903650122433574e-01,-2.088717973321744734e-02,-2.350415783850852078e-02,-1.365402218530351389e-02,-1.086610184479344654e-01,2.594060096561907613e-01,-2.873132987160462726e-01,1.282373122893039508e+00,2.417190497976818009e-01,-8.854097861279781878e-02,-7.959960535438048712e-02,-1.073497165839132073e-01,-2.506541128021436693e-01,3.536032997996277905e-01,1.217042240346681181e+00,-1.467634071308532018e-01,-2.869746151987570201e-02,7.482489055937042999e-02
-6.046481124335217720e-03,-2.452082855987988003e-02,7.478725701965094341e-01,-8.661542625143500707e-03,2.912206306683291432e-02,6.482012519563361552e-01,7.608626814901113811e-01,-4.077381817319167788e-03,-4.003606162295546278e-02,1.010742622085909065e-01,2.097581130567250929e-01,-3.162965427908127625e-01,3.403736956220025645e-02,-9.998421740312932182e-02,-6.092838412613787308e-02,-5.669834716884515624e-02,3.340353045173046764e-01,-3.338627301675829440e-01,1.134275167697055414e-01,-2.147829702446946501e-02,-2.390855369450754081e-02,-1.323846818793299879e-02,-1.076453489196756430e-01,2.597996422596103305e-01,-2.876849324349394221e-01,1.280836225127876205e+00,2.418063239947173537e-01,-8.832362391635292798e-02,-7.964741200600856941e-02,-1.071539668080528779e-01,-2.507330001252576213e-01,3.534724285268769362e-01,1.216995478660303442e+00,-1.465085540183952151e-01,-2.808006329742154805e-02,7.344177047272647252e-02
-6.154207824033417970e-03,-2.422814055972326991e-02,7.478950298269528840e-01,-8.928301104525356718e-03,2.913202298525918721e-02,6.482660601222040020e-01,7.608039997067630456e-01,-2.467971644583387761e-03,-3.987077986952658470e-02,1.018415901546080443e-01,2.065046244397786279e-01,-3.154164560223456926e-01,3.400334788758666016e-02,-9.959192401463234923e-02,-6.066111275326759034e-02,-5.662589836675579330e-02,3.333135971676949305e-01,-3.333804085835628261e-01,1.134637727764314513e-01,-2.184698092556878329e-02,-2.403107995525899376e-02,-1.293089878430291398e-02,-1.069068895439994754e-01,2.599642345901440055e-01,-2.883404428475641046e-01,1.279580972953813900e+00,2.414612345495683599e-01,-8.810877662014821032e-02,-8.002976456458674170e-02,-1.070818589582393232e-01,-2.508594204825148055e-01,3.540368736501529612e-01,1.217475532324335807e+00,-1.458940900074248981e-01,-2.761232281265323801e-02,7.223034316473873895e-02
-6.296331935358016364e-03,-2.396844014226000991e-02,7.479150681539445955e-01,-9.048092342859678783e-03,2.903273875354801109e-02,6.482272116236703630e-01,7.608394799272870657e-01,-1.256962143455783200e-03,-3.980810251588895454e-02,1.021818480624914205e-01,2.047699052670071129e-01,-3.149453020311130391e-01,3.387712991028934278e-02,-9.904225876174267695e-02,-6.054671526870969434e-02,-5.660084729385662927e-02,3.328827777146827205e-01,-3.330271235937198870e-01,1.132929759170403505e-01,-2.188445453279355343e-02,-2.391711123484878410e-02,-1.250541563768692126e-02,-1.061316666773304551e-01,2.599432981534625653e-01,-2.895033954110592389e-01,1.278435645201050797e+00,2.420115858106806905e-01,-8.826367987902582202e-02,-7.993989640838587707e-02,-1.067716730882448950e-01,-2.512284504092012205e-01,3.546995788349940337e-01,1.217466227896890629e+00,-1.454848498370791277e-01,-2.790258742001030037e-02,7.102026134769072463e-02
-6.470981658710983110e-03,-2.373158374431500253e-02,7.479560562548859259e-01,-9.273793237788749422e-03,2.887264092299961227e-02,6.483516398335545938e-01,7.607368260379241409e-01,-4.270857566957813461e-04,-3.956660761974534896e-02,1.022240791457247888e-01,2.035416072942608512e-01,-3.145425085396857945e-01,3.418140986033268991e-02,-9.871170181481875305e-02,-6.013061019841566684e-02,-5.622848862287146976e-02,3.328462608632973274e-01,-3.324231730187441336e-01,1.131126992817226701e-01,-2.202061572828372185e-02,-2.402799754208489319e-02,-1.173574395054716515e-02,-1.057575601102488522e-01,2.600350622863885075e-01,-2.908998025881231464e-01,1.277333606253687748e+00,2.424843441806282807e-01,-8.794456944063328008e-02,-8.047112085512495017e-02,-1.065064537193200211e-01,-2.516672558752634514e-01,3.553655584237750409e-01,1.217649281293614827e+00,-1.451149711205598214e-01,-2.784583545336612870e-02,7.049855103638384690e-02
-6.673771655137802732e-03,-2.355094086702278974e-02,7.479725451383685275e-01,-9.348103849126347328e-03,2.850440641034500400e-02,6.484162925211838235e-01,7.606946978668266413e-01,4.540598568122666823e-04,-3.927272113199009596e-02,1.020827425232937458e-01,2.032557618230312335e-01,-3.148769249944227688e-01,3.414785604596606156e-02,-9.824847313102737234e-02,-5.970915631376556842e-02,-5.583105537387413053e-02,3.334604126847200423e-01,-3.320669812707288115e-01,1.127038634499446801e-01,-2.188402897546192633e-02,-2.405807327423348588e-02,-1.141063878568047973e-02,-1.054326194209576628e-01,2.596820045447206793e-01,-2.910583645588016299e-01,1.276792849755951309e+00,2.424683876512356839e-01,-8.720708157571510633e-02,-8.141984094041847253e-02,-1.062781735052699267e-01,-2.518119206715719871e-01,3.557869356725772425e-01,1.218509366221789847e+00,-1.451130932600426526e-01,-2.758533801479177289e-02,7.031156444257675997e-02
-6.898482666537321048e-03,-2.341715741958166203e-02,7.479782383431110571e-01,-9.424922213024752859e-03,2.809905049617611797e-02,6.483906773003329516e-01,7.607306644223744696e-01,8.401466226340822616e-04,-3.891940255717814962e-02,1.018230295635951105e-01,2.040253543501225897e-01,-3.156526475453582670e-01,3.464770290937502217e-02,-9.841368965447126749e-02,-5.910702167286542574e-02,-5.476503972665280884e-02,3.352348739853331372e-01,-3.319703389845135577e-01,1.122442882496422351e-01,-2.205327574448120997e-02,-2.408239075527927875e-02,-1.068891827458617362e-02,-1.050670753593506146e-01,2.593731671842154363e-01,-2.911087134399913956e-01,1.275958015573000148e+00,2.420946545951293272e-01,-8.602533770167584970e-02,-8.335231812610997826e-02,-1.062680181582838640e-01,-2.519629188227672789e-01,3.553947039840585909e-01,1.218819024275041185e+00,-1.440306069103174935e-01,-2.664909168487552063e-02,7.008622888002703777e-02
-7.133887673103372733e-03,-2.332529183124913003e-02,7.480104648118288679e-01,-9.547620484114810457e-03,2.772643598219932254e-02,6.484772717182140100e-01,7.606689922401976833e-01,6.383035399944521522e-04,-3.852547202920985486e-02,1.015221432365077670e-01,2.056046509061896232e-01,-3.165735205196886226e-01,3.535781257377389186e-02,-9.789438479809275950e-02,-5.848140555030027776e-02,-5.371758546812561985e-02,3.352959213950079120e-01,-3.311560411003160453e-01,1.126719697080121457e-01,-2.226753196886300384e-02,-2.432536233633498385e-02,-9.924171476589315616e-03,-1.053605156700091888e-01,2.591282104832804967e-01,-2.920715591406686795e-01,1.275451589377353923e+00,2.405440584557665684e-01,-8.535573679027227967e-02,-8.393699892674499896e-02,-1.067615142000615802e-01,-2.516914391681516761e-01,3.548237927315841533e-01,1.220075892563131426e+00,-1.421230578730869332e-01,-2.589600278939182751e-02,7.073742767306784307e-02
-7.366184299717895047e-03,-2.327117668237006082e-02,7.480175514324517438e-01,-9.751140430315986124e-03,2.752224103562612642e-02,6.484640023095444850e-01,7.606851380284566089e-01,2.363004833232113661e-04,-3.818754048119886446e-02,1.015426567315227957e-01,2.066738212055947432e-01,-3.174449885064480337e-01,3.544473738277244962e-02,-9.748660969751363203e-02,-5.800602531674975415e-02,-5.307957564787314786e-02,3.345305434901161834e-01,-3.303582871719253355e-01,1.129387254109890937e-01,-2.178929457758054661e-02,-2.416957198545360494e-02,-9.190256102155954648e-03,-1.053783734517273474e-01,2.589064843931605520e-01,-2.925319896209728765e-01,1.274011854904099517e+00,2.392635083927288908e-01,-8.509682976505676677e-02,-8.527485551602254077e-02,-1.067999160192337482e-01,-2.520863414644948786e-01,3.552608948539620060e-01,1.219934128154942732e+00,-1.403641791681106976e-01,-2.573498389263670361e-02,7.126959157440952708e-02
-7.573310580043115733e-03,-2.327651429959754978e-02,7.480114173121574783e-01,-9.825710951074356075e-03,2.702589566322636389e-02,6.488033367203400736e-01,7.604125765848820384e-01,-3.624512301673675496e-04,-3.750797262738687216e-02,1.013949418809091396e-01,2.092157972413405953e-01,-3.189753301400225505e-01,3.529764054589719369e-02,-9.663820978278803153e-02,-5.744696381296034160e-02,-5.309269112125905576e-02,3.345362884562920747e-01,-3.298904236164593717e-01,1.125253990533609388e-01,-2.129875925764324399e-02,-2.402421696032142062e-02,-8.359660102562080017e-03,-1.058243655874759187e-01,2.587246224687137497e-01,-2.930044644828875833e-01,1.272837169828877624e+00,2.392759535676090565e-01,-8.448682993221980075e-02,-8.525929502577075936e-02,-1.068802104146163445e-01,-2.522348558857608336e-01,3.556690075288598263e-01,1.221215142626723038e+00,-1.404119013749192402e-01,-2.537817666831789984e-02,7.183723698066758756e-02
-7.752777127226070583e-03,-2.329223713514010433e-02,7.480472482615031504e-01,-1.012137599010045491e-02,2.670157854275893167e-02,6.489232290619431076e-01,7.603178455325199092e-01,-1.188991690321761045e-03,-3.670423790590034846e-02,1.012684901910404500e-01,2.111078038565316894e-01,-3.199465421469384063e-01,3.535540924689915820e-02,-9.570215963200935649e-02,-5.659216779836463013e-02,-5.299214331169875558e-02,3.329005724064817429e-01,-3.287042050939489313e-01,1.131273929170898140e-01,-2.097898915745584347e-02,-2.378238921578266010e-02,-7.049732587245247616e-03,-1.064101376658065506e-01,2.587619038967774454e-01,-2.943246793517114157e-01,1.271383990700634792e+00,2.390986319888970535e-01,-8.359074601085308975e-02,-8.543164322526555776e-02,-1.072783272624151796e-01,-2.525029089802809379e-01,3.563613145265347448e-01,1.221285234495861127e+00,-1.390517897433940220e-01,-2.524058252438325656e-02,7.136048369300346250e-02
-7.863894560110482046e-03,-2.333993625355933188e-02,7.481827553761449812e-01,-9.435871438084346766e-03,2.609372021675859452e-02,6.496233623179675787e-01,7.597496753708765649e-01,-1.167457353754418337e-03,-3.744236061802194010e-02,9.879106315197111465e-02,2.143605695938204103e-01,-3.188083862229486587e-01,3.532536469526916661e-02,-9.176030719865159446e-02,-5.758891343072326113e-02,-5.543814609631046719e-02,3.295806316516496359e-01,-3.272152226049996337e-01,1.130168135421970588e-01,-1.730518072454642620e-02,-2.423352717768343864e-02,-5.889167352151412904e-03,-1.053739998161187102e-01,2.606269673078808191e-01,-3.011301212275970807e-01,1.260479763742947901e+00,2.404381397866130199e-01,-8.600957139615178493e-02,-8.951162128771385229e-02,-1.045618727287754568e-01,-2.539444124155865734e-01,3.611864482339262605e-01,1.218668845091043451e+00,-1.392860384779202876e-01,-2.437789797935788552e-02,7.350939363617278732e-02
-7.863894560110482046e-03,-2.333993625355933188e-02,7.481827553761449812e-01,-9.435871438084346766e-03,2.609372021675859452e-02,6.496233623179675787e-01,7.597496753708765649e-01,-6.477414746833645189e-05,-3.764661299145343615e-02,9.592743989540405969e-02,2.151762814822522629e-01,-3.203874452714026155e-01,3.685105517452513108e-02,-9.043068726880136576e-02,-5.674843874287363588e-02,-5.409446120882007575e-02,3.309546753263417629e-01,-3.289906966658285858e-01,1.129487998467798016e-01,-1.614777572462173377e-02,-2.457303784929298907e-02,-4.834559832046279523e-03,-1.023929291909694284e-01,2.628436505740989193e-01,-3.051696187853111808e-01,1.257471205799670644e+00,2.462543059216110164e-01,-8.506212805557550327e-02,-8.798459270829143974e-02,-1.040844840709374969e-01,-2.544225231254596542e-01,3.661004796418899088e-01,1.214382441505578392e+00,-1.421770135278699332e-01,-2.287974999059276190e-02,7.557898965383354206e-02
-7.863894560110482046e-03,-2.333993625355933188e-02,7.481827553761449812e-01,-9.435871438084346766e-03,2.609372021675859452e-02,6.496233623179675787e-01,7.597496753708765649e-01,1.037909058817745216e-03,-3.785086536488493913e-02,9.306381663883703248e-02,2.159919933706841433e-01,-3.219665043198565724e-01,3.837674565378110941e-02,-8.910106733895115094e-02,-5.590796405502403144e-02,-5.275077632132968430e-02,3.323287190010339454e-01,-3.307661707266575379e-01,1.128807861513625582e-01,-1.499037072469704482e-02,-2.491254852090254296e-02,-3.779952311941147444e-03,-9.941185856582016034e-02,2.650603338403170750e-01,-3.092091163430253919e-01,1.254462647856393831e+00,2.520704720566090962e-01,-8.411468471499922162e-02,-8.645756412886904108e-02,-1.036070954130995508e-01,-2.549006338353327905e-01,3.710145110498535570e-01,1.210096037920113776e+00,-1.450679885778196343e-01,-2.138160200182763482e-02,7.764858567149429680e-02
-7.863894560110482046e-03,-2.333993625355933188e-02,7.481827553761449812e-01,-9.435871438084346766e-03,2.609372021675859452e-02,6.496233623179675787e-01,7.597496753708765649e-01,2.140592265103827101e-03,-3.805511773831643518e-02,9.020019338226996364e-02,2.168077052591159681e-01,-3.235455633683105292e-01,3.990243613303707387e-02,-8.777144740910092224e-02,-5.506748936717441312e-02,-5.140709143383929286e-02,3.337027626757261278e-01,-3.325416447874864900e-01,1.128127724559452871e-01,-1.383296572477235066e-02,-2.525205919251210032e-02,-2.725344791836014930e-03,-9.643078794067086457e-02,2.672770171065351752e-01,-3.132486139007394921e-01,1.251454089913116574e+00,2.578866381916071204e-01,-8.316724137442292608e-02,-8.493053554944662853e-02,-1.031297067552615909e-01,-2.553787445452058158e-01,3.759285424578172052e-01,1.205809634334648495e+00,-1.479589636277692799e-01,-1.988345401306251120e-02,7.971818168915506542e-02
-7.863894560110482046e-03,-2.333993625355933188e-02,7.481827553761449812e-01,-9.435871438084346766e-03,2.609372021675859452e-02,6.496233623179675787e-01,7.597496753708765649e-01,3.243275471389908769e-03,-3.825937011174793123e-02,8.733657012570293643e-02,2.176234171475478207e-01,-3.251246224167645416e-01,4.142812661229304527e-02,-8.644182747925072130e-02,-5.422701467932479480e-02,-5.006340654634890835e-02,3.350768063504183103e-01,-3.343171188483153866e-01,1.127447587605280438e-01,-1.267556072484766171e-02,-2.559156986412165422e-02,-1.670737271730882850e-03,-9.344971731552158267e-02,2.694937003727532754e-01,-3.172881114584536477e-01,1.248445531969839539e+00,2.637028043266051447e-01,-8.221979803384664443e-02,-8.340350697002424374e-02,-1.026523180974236449e-01,-2.558568552550789521e-01,3.808425738657809090e-01,1.201523230749183657e+00,-1.508499386777189255e-01,-1.838530602429739105e-02,8.178777770681582016e-02
-7.863894560110482046e-03,-2.333993625355933188e-02,7.481827553761449812e-01,-9.435871438084346766e-03,2.609372021675859452e-02,6.496233623179675787e-01,7.597496753708765649e-01,4.345958677675990436e-03,-3.846362248517942728e-02,8.447294686913588146e-02,2.184391290359796733e-01,-3.267036814652184429e-01,4.295381709154900973e-02,-8.511220754940049260e-02,-5.338653999147517648e-02,-4.871972165885850997e-02,3.364508500251104373e-01,-3.360925929091443387e-01,1.126767450651107866e-01,-1.151815572492297102e-02,-2.593108053573120464e-02,-6.161297516257499031e-04,-9.046864669037230078e-02,2.717103836389713756e-01,-3.213276090161677478e-01,1.245436974026562282e+00,2.695189704616031690e-01,-8.127235469327036277e-02,-8.187647839060183119e-02,-1.021749294395856850e-01,-2.563349659649520884e-01,3.857566052737445017e-01,1.197236827163718820e+00,-1.537409137276685711e-01,-1.688715803553226397e-02,8.385737372447657489e-02
-7.863894560110482046e-03,-2.333993625355933188e-02,7.481827553761449812e-01,-9.435871438084346766e-03,2.609372021675859452e-02,6.496233623179675787e-01,7.597496753708765649e-01,5.448641883962073405e-03,-3.866787485861092333e-02,8.160932361256884038e-02,2.192548409244114982e-01,-3.282827405136724552e-01,4.447950757080498807e-02,-8.378258761955026390e-02,-5.254606530362555816e-02,-4.737603677136811853e-02,3.378248936998026197e-01,-3.378680669699732908e-01,1.126087313696935294e-01,-1.036075072499827859e-02,-2.627059120734075853e-02,4.384777684793839114e-04,-8.748757606522301888e-02,2.739270669051895313e-01,-3.253671065738819035e-01,1.242428416083285470e+00,2.753351365966011932e-01,-8.032491135269408111e-02,-8.034944981117941865e-02,-1.016975407817477528e-01,-2.568130766748251137e-01,3.906706366817082055e-01,1.192950423578253760e+00,-1.566318887776182445e-01,-1.538901004676714035e-02,8.592696974213732963e-02
-7.863894560110482046e-03,-2.333993625355933188e-02,7.481827553761449812e-01,-9.435871438084346766e-03,2.609372021675859452e-02,6.496233623179675787e-01,7.597496753708765649e-01,6.551325090248154639e-03,-3.887212723204241938e-02,7.874570035600178541e-02,2.200705528128433508e-01,-3.298617995621263566e-01,4.600519805006095253e-02,-8.245296768970003520e-02,-5.170559061577593984e-02,-4.603235188387773402e-02,3.391989373744947467e-01,-3.396435410308021874e-01,1.125407176742762722e-01,-9.203345725073586170e-03,-2.661010187895031243e-02,1.493085288584515991e-03,-8.450650544007372311e-02,2.761437501714076315e-01,-3.294066041315960036e-01,1.239419858140008213e+00,2.811513027315992175e-01,-7.937746801211778558e-02,-7.882242123175700610e-02,-1.012201521239097790e-01,-2.572911873846981945e-01,3.955846680896717982e-01,1.188664019992788923e+00,-1.595228638275679178e-01,-1.389086205800201153e-02,8.799656575979808437e-02
-7.863894560110482046e-03,-2.333993625355933188e-02,7.481827553761449812e-01,-9.435871438084346766e-03,2.609372021675859452e-02,6.496233623179675787e-01,7.597496753708765649e-01,7.654008296534235874e-03,-3.907637960547392236e-02,7.588207709943474433e-02,2.208862647012752312e-01,-3.314408586105803134e-01,4.753088852931691699e-02,-8.112334775984980650e-02,-5.086511592792632153e-02,-4.468866699638734952e-02,3.405729810491868736e-01,-3.414190150916311395e-01,1.124727039788590288e-01,-8.045940725148895481e-03,-2.694961255055986632e-02,2.547692808689648505e-03,-8.152543481492445510e-02,2.783604334376257317e-01,-3.334461016893101593e-01,1.236411300196731178e+00,2.869674688665972973e-01,-7.843002467154151780e-02,-7.729539265233459355e-02,-1.007427634660718330e-01,-2.577692980945713308e-01,4.004986994976354464e-01,1.184377616407323863e+00,-1.624138388775175912e-01,-1.239271406923688965e-02,9.006616177745883911e-02
-7.863894560110482046e-03,-2.333993625355933188e-02,7.481827553761449812e-01,-9.435871438084346766e-03,2.609372021675859452e-02,6.496233623179675787e-01,7.597496753708765649e-01,8.756691502820317108e-03,-3.928063197890542535e-02,7.301845384286770324e-02,2.217019765897070838e-01,-3.330199176590343257e-01,4.905657900857288839e-02,-7.979372782999960556e-02,-5.002464124007671015e-02,-4.334498210889695807e-02,3.419470247238790561e-01,-3.431944891524600916e-01,1.124046902834417716e-01,-6.888535725224205659e-03,-2.728912322216942021e-02,3.602300328794780151e-03,-7.854436418977517320e-02,2.805771167038438874e-01,-3.374855992470243149e-01,1.233402742253454143e+00,2.927836350015953215e-01,-7.748258133096523614e-02,-7.576836407291220876e-02,-1.002653748082338869e-01,-2.582474088044444671e-01,4.054127309055991502e-01,1.180091212821859026e+00,-1.653048139274672645e-01,-1.089456608047176603e-02,9.213575779511960773e-02
-7.863894560110482046e-03,-2.333993625355933188e-02,7.481827553761449812e-01,-9.435871438084346766e-03,2.609372021675859452e-02,6.496233623179675787e-01,7.597496753708765649e-01,9.859374709106399209e-03,-3.948488435233692140e-02,7.015483058630064828e-02,2.225176884781389086e-01,-3.345989767074882826e-01,5.058226948782885979e-02,-7.846410790014937686e-02,-4.918416655222709183e-02,-4.200129722140656663e-02,3.433210683985712386e-01,-3.449699632132889882e-01,1.123366765880245144e-01,-5.731130725299514103e-03,-2.762863389377897064e-02,4.656907848899913098e-03,-7.556329356462589131e-02,2.827937999700619320e-01,-3.415250968047384150e-01,1.230394184310176886e+00,2.985998011365933458e-01,-7.653513799038894061e-02,-7.424133549348979622e-02,-9.978798615039594089e-02,-2.587255195143175479e-01,4.103267623135627429e-01,1.175804809236394188e+00,-1.681957889774168824e-01,-9.396418091706642411e-03,9.420535381278036247e-02
-7.863894560110482046e-03,-2.333993625355933188e-02,7.481827553761449812e-01,-9.435871438084346766e-03,2.609372021675859452e-02,6.496233623179675787e-01,7.597496753708765649e-01,1.096205791539248305e-02,-3.968913672576841745e-02,6.729120732973360719e-02,2.233334003665707890e-01,-3.361780357559421839e-01,5.210795996708482425e-02,-7.713448797029914816e-02,-4.834369186437747351e-02,-4.065761233391616825e-02,3.446951120732634211e-01,-3.467454372741179403e-01,1.122686628926072572e-01,-4.573725725374821680e-03,-2.796814456538852453e-02,5.711515369005045611e-03,-7.258222293947660941e-02,2.850104832362800877e-01,-3.455645943624525707e-01,1.227385626366899851e+00,3.044159672715913700e-01,-7.558769464981265895e-02,-7.271430691406738367e-02,-9.931059749255798097e-02,-2.592036302241906287e-01,4.152407937215264466e-01,1.171518405650929129e+00,-1.710867640273665558e-01,-7.898270102941517060e-03,9.627494983044110333e-02
-7.863894560110482046e-03,-2.333993625355933188e-02,7.481827553761449812e-01,-9.435871438084346766e-03,2.609372021675859452e-02,6.496233623179675787e-01,7.597496753708765649e-01,1.206474112167856515e-02,-3.989338909919991349e-02,6.442758407316656610e-02,2.241491122550026138e-01,-3.377570948043961963e-01,5.363365044634080259e-02,-7.580486804044891946e-02,-4.750321717652786213e-02,-3.931392744642578374e-02,3.460691557479555480e-01,-3.485209113349468923e-01,1.122006491971900000e-01,-3.416320725450129690e-03,-2.830765523699807842e-02,6.766122889110180727e-03,-6.960115231432732752e-02,2.872271665024981879e-01,-3.496040919201666708e-01,1.224377068423622816e+00,3.102321334065893943e-01,-7.464025130923637730e-02,-7.118727833464497112e-02,-9.883320883472002105e-02,-2.596817409340637095e-01,4.201548251294900949e-01,1.167232002065464069e+00,-1.739777390773162291e-01,-6.400122114176389973e-03,9.834454584810187194e-02
-7.863894560110482046e-03,-2.333993625355933188e-02,7.481827553761449812e-01,-9.435871438084346766e-03,2.609372021675859452e-02,6.496233623179675787e-01,7.597496753708765649e-01,1.316742432796464378e-02,-4.009764147263140954e-02,6.156396081659951808e-02,2.249648241434344664e-01,-3.393361538528500976e-01,5.515934092559676011e-02,-7.447524811059870464e-02,-4.666274248867824381e-02,-3.797024255893538536e-02,3.474431994226477305e-01,-3.502963853957758444e-01,1.121326355017727566e-01,-2.258915725525440302e-03,-2.864716590860762885e-02,7.820730409215312373e-03,-6.662008168917804563e-02,2.894438497687162881e-01,-3.536435894778808264e-01,1.221368510480345781e+00,3.160482995415874186e-01,-7.369280796866009564e-02,-6.966024975522257245e-02,-9.835582017688207501e-02,-2.601598516439367903e-01,4.250688565374537431e-01,1.162945598479999232e+00,-1.768687141272658747e-01,-4.901974125411268958e-03,1.004141418657626128e-01
-7.863894560110482046e-03,-2.333993625355933188e-02,7.481827553761449812e-01,-9.435871438084346766e-03,2.609372021675859452e-02,6.496233623179675787e-01,7.597496753708765649e-01,1.427010753425072762e-02,-4.030189384606290559e-02,5.870033756003247005e-02,2.257805360318663190e-01,-3.409152129013041099e-01,5.668503140485273151e-02,-7.314562818074847594e-02,-4.582226780082862549e-02,-3.662655767144500085e-02,3.488172430973398574e-01,-3.520718594566047965e-01,1.120646218063554994e-01,-1.101510725600747878e-03,-2.898667658021718621e-02,8.875337929320444019e-03,-6.363901106402874985e-02,2.916605330349344438e-01,-3.576830870355949821e-01,1.218359952537068747e+00,3.218644656765854428e-01,-7.274536462808381398e-02,-6.813322117580017379e-02,-9.787843151904412897e-02,-2.606379623538098711e-01,4.299828879454173913e-01,1.158659194894534394e+00,-1.797596891772155481e-01,-3.403826136646142739e-03,1.024837378834233814e-01
-7.863894560110482046e-03,-2.333993625355933188e-02,7.481827553761449812e-01,-9.435871438084346766e-03,2.609372021675859452e-02,6.496233623179675787e-01,7.597496753708765649e-01,1.537279074053680798e-02,-4.050614621949440858e-02,5.583671430346542897e-02,2.265962479202981994e-01,-3.424942719497580668e-01,5.821072188410870291e-02,-7.181600825089826112e-02,-4.498179311297900718e-02,-3.528287278395461635e-02,3.501912867720320399e-01,-3.538473335174336931e-01,1.119966081109382422e-01,5.589427432394194345e-05,-2.932618725182673663e-02,9.929945449425575665e-03,-6.065794043887948184e-02,2.938772163011524885e-01,-3.617225845933090822e-01,1.215351394593791490e+00,3.276806318115835226e-01,-7.179792128750753233e-02,-6.660619259637776124e-02,-9.740104286120618293e-02,-2.611160730636830074e-01,4.348969193533809841e-01,1.154372791309069335e+00,-1.826506642271652214e-01,-1.905678147881019989e-03,1.045533339010841500e-01
-7.863894560110482046e-03,-2.333993625355933188e-02,7.481827553761449812e-01,-9.435871438084346766e-03,2.609372021675859452e-02,6.496233623179675787e-01,7.597496753708765649e-01,1.647547394682288835e-02,-4.071039859292590463e-02,5.297309104689838094e-02,2.274119598087300520e-01,-3.440733309982119681e-01,5.973641236336467431e-02,-7.048638832104803242e-02,-4.414131842512938886e-02,-3.393918789646421796e-02,3.515653304467241669e-01,-3.556228075782626452e-01,1.119285944155209850e-01,1.213299274248633933e-03,-2.966569792343629053e-02,1.098455296953070905e-02,-5.767686981373019994e-02,2.960938995673706442e-01,-3.657620821510232378e-01,1.212342836650514455e+00,3.334967979465814913e-01,-7.085047794693125067e-02,-6.507916401695534869e-02,-9.692365420336822301e-02,-2.615941837735560882e-01,4.398109507613446323e-01,1.150086387723604497e+00,-1.855416392771148670e-01,-4.075301591158946371e-04,1.066229299187448909e-01
-7.863894560110482046e-03,-2.333993625355933188e-02,7.481827553761449812e-01,-9.435871438084346766e-03,2.609372021675859452e-02,6.496233623179675787e-01,7.597496753708765649e-01,1.757815715310897392e-02,-4.091465096635740067e-02,5.010946779033133291e-02,2.282276716971619046e-01,-3.456523900466659804e-01,6.126210284262064570e-02,-6.915676839119780372e-02,-4.330084373727977054e-02,-3.259550300897382652e-02,3.529393741214164049e-01,-3.573982816390915973e-01,1.118605807201037278e-01,2.370704274173326791e-03,-3.000520859504584095e-02,1.203916048963584416e-02,-5.469579918858091111e-02,2.983105828335887444e-01,-3.698015797087373935e-01,1.209334278707237420e+00,3.393129640815795711e-01,-6.990303460635496902e-02,-6.355213543753295002e-02,-9.644626554553026310e-02,-2.620722944834291690e-01,4.447249821693082805e-01,1.145799984138139438e+00,-1.884326143270645404e-01,1.090617829649231148e-03,1.086925259364056595e-01
-7.863894560110482046e-03,-2.333993625355933188e-02,7.481827553761449812e-01,-9.435871438084346766e-03,2.609372021675859452e-02,6.496233623179675787e-01,7.597496753708765649e-01,1.868084035939505255e-02,-4.111890333978890366e-02,4.724584453376428489e-02,2.290433835855937295e-01,-3.472314490951199373e-01,6.278779332187660323e-02,-6.782714846134758890e-02,-4.246036904943015222e-02,-3.125181812148344201e-02,3.543134177961085318e-01,-3.591737556999205494e-01,1.117925670246864844e-01,3.528109274098015745e-03,-3.034471926665539832e-02,1.309376800974097407e-02,-5.171472856343163615e-02,3.005272660998069001e-01,-3.738410772664514936e-01,1.206325720763960385e+00,3.451291302165775954e-01,-6.895559126577867348e-02,-6.202510685811054442e-02,-9.596887688769231706e-02,-2.625504051933023053e-01,4.496390135772719288e-01,1.141513580552674600e+00,-1.913235893770141860e-01,2.588765818414353465e-03,1.107621219540664143e-01
-7.863894560110482046e-03,-2.333993625355933188e-02,7.481827553761449812e-01,-9.435871438084346766e-03,2.609372021675859452e-02,6.496233623179675787e-01,7.597496753708765649e-01,1.978352356568113465e-02,-4.132315571322039971e-02,4.438222127719723686e-02,2.298590954740255821e-01,-3.488105081435738941e-01,6.431348380113258156e-02,-6.649752853149736020e-02,-4.161989436158054084e-02,-2.990813323399304710e-02,3.556874614708006588e-01,-3.609492297607495015e-01,1.117245533292692272e-01,4.685514274022708169e-03,-3.068422993826494874e-02,1.414837552984610745e-02,-4.873365793828235426e-02,3.027439493660250003e-01,-3.778805748241655937e-01,1.203317162820683128e+00,3.509452963515756196e-01,-6.800814792520239183e-02,-6.049807827868813881e-02,-9.549148822985435714e-02,-2.630285159031753861e-01,4.545530449852355770e-01,1.137227176967209541e+00,-1.942145644269638316e-01,4.086913807179478816e-03,1.128317179717271690e-01
-7.863894560110482046e-03,-2.333993625355933188e-02,7.481827553761449812e-01,-9.435871438084346766e-03,2.609372021675859452e-02,6.496233623179675787e-01,7.597496753708765649e-01,2.088620677196721676e-02,-4.152740808665189576e-02,4.151859802063019578e-02,2.306748073624574347e-01,-3.503895671920278510e-01,6.583917428038854602e-02,-6.516790860164714538e-02,-4.077941967373092252e-02,-2.856444834650265913e-02,3.570615051454928413e-01,-3.627247038215783981e-01,1.116565396338519700e-01,5.842919273947397990e-03,-3.102374060987450263e-02,1.520298304995123910e-02,-4.575258731313307237e-02,3.049606326322431005e-01,-3.819200723818797494e-01,1.200308604877406093e+00,3.567614624865736439e-01,-6.706070458462611017e-02,-5.897104969926573320e-02,-9.501409957201641110e-02,-2.635066266130484669e-01,4.594670763931992252e-01,1.132940773381744703e+00,-1.971055394769135050e-01,5.585061795944601566e-03,1.149013139893879237e-01
