2.863720931139116920e-03,-5.098961619698523344e-03,7.336582887698247513e-01,2.647183310475355322e-02,-9.120491867911429892e-03,6.660772069588509758e-01,7.453571043802138529e-01,1.463343224480304072e-02,-9.931485343893872719e-02,-3.783257950871740660e-02,3.709093254526243943e-01,-3.639028325520122231e-01,6.398567184512117534e-02,-4.538182297550753114e-02,-9.586520414562212100e-04,1.555581816053131297e-02,4.873561019559186080e-01,-4.120322782338563528e-01,1.134153758377889482e-01,2.095846799975592187e-02,-5.873072996699638115e-02,9.057044726780595634e-02,-1.690618077738727243e-02,2.315855228327469428e-01,-3.580106053026146928e-01,1.208212713641704905e+00,4.023991059284833804e-01,-1.827152963986732742e-02,-3.190952994316355318e-02,-3.708348822653819571e-02,-2.121178161144093022e-01,4.420741750207273224e-01,1.148724513336280451e+00,-1.550080363562998109e-01,2.985580721365037674e-02,9.290538851105664686e-02
2.901751517220703055e-03,-2.018168920188143436e-03,7.311176897929940743e-01,2.069931220041484887e-02,-2.307327166202043957e-03,6.686033062172120900e-01,7.433275412839150942e-01,-1.063042857905284293e-02,-1.042669135760557059e-01,-4.468263468222727353e-02,4.052555806740976152e-01,-3.969748078421160842e-01,6.297880866173267977e-02,-6.561463517937743406e-02,-2.217623995606843659e-03,1.219406087698469976e-02,5.120139440362185823e-01,-4.404225650216657684e-01,1.150828523064512249e-01,1.371111470067348098e-02,-6.164085979052544295e-02,8.917147267604860761e-02,-5.552018414830361959e-02,2.516145939776379681e-01,-3.481840432073366465e-01,1.236618019701767990e+00,4.021701147837498103e-01,-3.977323492763640278e-02,-2.780242876013695394e-02,-7.264596962404462621e-02,-2.279224330484232730e-01,4.350688292068090601e-01,1.169859080487091640e+00,-1.526627916767305526e-01,8.994411029221381290e-03,9.611060002989657569e-02
2.852734022255940145e-03,-2.278602966049337979e-03,7.303750013176927292e-01,1.756846346336676454e-02,6.058057940952709351e-04,6.704920606431865604e-01,7.417084189257455717e-01,-3.188618915991170422e-02,-1.051341418766974511e-01,-4.798488540408978043e-02,4.278113265027174705e-01,-4.069615921592545371e-01,6.449696786545355831e-02,-8.030362267568809387e-02,-2.235722991551889957e-03,9.014206073421952847e-03,5.233919793156383005e-01,-4.462530497027203946e-01,1.187927686868174987e-01,1.142044491278807611e-02,-6.202195866464992047e-02,8.814675115929627991e-02,-6.906983566599161906e-02,2.519763675470103603e-01,-3.450431771306704531e-01,1.243666804523433811e+00,4.011079434567964008e-01,-4.978171611446935430e-02,-3.197260127403110663e-02,-8.374514137502463151e-02,-2.275140747317851986e-01,4.318681019131092036e-01,1.178740455374607032e+00,-1.527586795231308248e-01,2.248081407117427308e-03,1.033843981478188845e-01
2.791462057703637638e-03,-2.501317730357817057e-03,7.300026239375856374e-01,1.527671379458095391e-02,2.605988422517193596e-03,6.711684204104484408e-01,7.411428892485733000e-01,-4.686965640273840078e-02,-1.056858356847666242e-01,-5.082924388973224239e-02,4.434019548014563883e-01,-4.123186146231431759e-01,6.518773121500653911e-02,-8.953857788388194794e-02,-2.044319619856833567e-03,7.032278339799746814e-03,5.278563103426825442e-01,-4.479522768090343221e-01,1.197854975505007885e-01,1.085303807453923998e-02,-6.225068299936480781e-02,8.412961029277862823e-02,-7.496158220849619136e-02,2.516017096471795389e-01,-3.424069439681883820e-01,1.248471274913437457e+00,4.007054723984647682e-01,-5.322720327061548906e-02,-3.193711343033486805e-02,-8.721290152630825632e-02,-2.272884928591363818e-01,4.303017904203470523e-01,1.180614581294082921e+00,-1.530808796852406728e-01,-1.284164895894366037e-03,1.050996281861264203e-01
2.715754657687048830e-03,-2.636846606838012981e-03,7.298631131418139573e-01,1.318594454688181913e-02,4.129838097434354247e-03,6.711827645090189254e-01,7.411631209995040992e-01,-5.672017785380074895e-02,-1.047617710611058878e-01,-5.063955775552143185e-02,4.513927493748585706e-01,-4.154213568091802422e-01,6.474986022533185670e-02,-9.676037496792422310e-02,-8.681446895152152704e-04,6.944472965426298078e-03,5.300794087130014098e-01,-4.475593864040560699e-01,1.198921361925595064e-01,9.691765614078530836e-03,-6.162402307703099269e-02,8.052090996308543247e-02,-7.661562037393754299e-02,2.515567474989904850e-01,-3.437938761275031729e-01,1.250018433445849952e+00,4.010671087495628617e-01,-5.414744372520473997e-02,-3.222494120028522591e-02,-8.911450632964969254e-02,-2.274406591140601397e-01,4.307388516740265350e-01,1.181548027606747153e+00,-1.538814715174110226e-01,-1.538504124540789574e-03,1.057679261827563361e-01
2.679932705061441843e-03,-2.768958592648583170e-03,7.297436192629475071e-01,1.171696256340704415e-02,5.144881319560535606e-03,6.713810374394484359e-01,7.410018525963512070e-01,-6.360294894539289534e-02,-1.041126813457099315e-01,-5.107243998040635058e-02,4.568450229838758592e-01,-4.174568189539850094e-01,6.426933578491909882e-02,-1.026317118533232320e-01,1.433582073068952883e-04,6.880731324266774196e-03,5.333977226492518930e-01,-4.475348822844218422e-01,1.186174303887739950e-01,9.695646460904251002e-03,-6.105794693177062776e-02,7.722535019219148311e-02,-7.705234946362543580e-02,2.515009841830270210e-01,-3.431757855559431913e-01,1.249840706360831888e+00,4.010876145256926373e-01,-5.400404270633541587e-02,-3.206298210317501396e-02,-8.894282280340186364e-02,-2.274470750156221410e-01,4.303738057408750817e-01,1.181176426600763829e+00,-1.540945293221084866e-01,-2.063256848398362271e-03,1.058156543714413589e-01
2.661345663129205917e-03,-2.876129158413764583e-03,7.296666788447309093e-01,1.064203098700013811e-02,5.960305854164450051e-03,6.711993751545655140e-01,7.411765111784888171e-01,-6.804582668580452798e-02,-1.035290949195424859e-01,-5.071748462031083760e-02,4.596352993673662457e-01,-4.187557168593771251e-01,6.417811422551812639e-02,-1.070823446595137729e-01,9.401741081787751836e-04,7.448906520860363450e-03,5.356553599729022563e-01,-4.476201052372061895e-01,1.192861795773204753e-01,9.194595026849819094e-03,-6.131206407233373568e-02,7.423667936993277872e-02,-7.636648732563661168e-02,2.519453385976373472e-01,-3.430412768045828509e-01,1.248997627989362424e+00,4.016209597074262283e-01,-5.385079017684345215e-02,-3.236441495981355609e-02,-8.878214798484383719e-02,-2.270368739516857581e-01,4.296210539292856234e-01,1.180574399311938194e+00,-1.521058876980952157e-01,-2.382403212488314222e-03,1.049520961406863878e-01
2.637348043614018943e-03,-2.970099932139619314e-03,7.296439281800357612e-01,1.004423373326855835e-02,6.492512504905857337e-03,6.704604467987944627e-01,7.418488727014720396e-01,-7.049241935393139868e-02,-1.032222236333241172e-01,-5.001948199846725784e-02,4.610259789948278897e-01,-4.191623811829385260e-01,6.444881149666556452e-02,-1.102819590500041663e-01,1.508443324673557073e-03,8.764190165446432423e-03,5.373036207129774366e-01,-4.471959349567539155e-01,1.200978741805824868e-01,8.823983330818283011e-03,-6.202723625101882327e-02,7.195010187443270921e-02,-7.550179972957904440e-02,2.523936392764057346e-01,-3.437416737175802428e-01,1.248964294280196397e+00,4.037383690310763495e-01,-5.405334369902598662e-02,-3.305469223911672305e-02,-8.988069291561043284e-02,-2.263471051217033347e-01,4.304112990186765297e-01,1.181827000220651458e+00,-1.533348035944989418e-01,-1.624450017941680416e-03,1.063450908844683629e-01
2.633019513950839250e-03,-3.079441797481026998e-03,7.296512873343863337e-01,9.825869161255940121e-03,6.696765552959777282e-03,6.702417071352290145e-01,7.420476127869475302e-01,-7.196851238973485387e-02,-1.030629880348913341e-01,-4.963340339310865629e-02,4.623269248315012292e-01,-4.189437292915971778e-01,6.432397741138043412e-02,-1.128854060632398515e-01,1.738508707216026780e-03,9.215300944835785185e-03,5.405720293133648990e-01,-4.467314586223278816e-01,1.195238821973735183e-01,8.800460880713584927e-03,-6.257299328425315610e-02,7.023407119193232628e-02,-7.472178166436455049e-02,2.526339435756912444e-01,-3.428597686409826650e-01,1.248674151427164647e+00,4.038206883230534006e-01,-5.441768519846347518e-02,-3.364210317860660132e-02,-9.022570795895436258e-02,-2.255628386553278908e-01,4.301737394269758430e-01,1.182947758298632968e+00,-1.540112165268233968e-01,-1.219961728497693035e-03,1.066155054156565363e-01
2.623331655602751788e-03,-3.191894367128904342e-03,7.295751141021793451e-01,9.698095175814054614e-03,6.754194558357880587e-03,6.696802984605025877e-01,7.425554697527180226e-01,-7.295744393388300941e-02,-1.027613823685841199e-01,-4.878140354606767815e-02,4.636199015683808433e-01,-4.196605953277472434e-01,6.482426268075772158e-02,-1.148299570723622792e-01,2.112084185562943667e-03,9.933026397496848986e-03,5.430057712241294077e-01,-4.469758546472829552e-01,1.200188834295477652e-01,8.756667589375734945e-03,-6.356602516840645367e-02,6.925368759876925073e-02,-7.367629661668334551e-02,2.534008584222240956e-01,-3.427717473881289334e-01,1.247435936615330032e+00,4.038293066468067183e-01,-5.472027896461963831e-02,-3.341836191758346813e-02,-9.071503022139601469e-02,-2.248090724304092625e-01,4.296524088057241952e-01,1.183047033219746913e+00,-1.536373203249072061e-01,-1.365749441817883146e-03,1.068479203835362296e-01
2.618967776327286133e-03,-3.258068206891545811e-03,7.295755529970295861e-01,9.446296181398305958e-03,7.129694480403543991e-03,6.690375380903524904e-01,7.431343805605205022e-01,-7.375822952773010421e-02,-1.028593596763013734e-01,-4.882741038862120631e-02,4.632629431393097685e-01,-4.193687663589343306e-01,6.406065793754540938e-02,-1.166453101780092205e-01,2.205294444185199043e-03,1.055647627057514082e-02,5.439962620526092030e-01,-4.472680967147568687e-01,1.194288131815836873e-01,8.528341928142705100e-03,-6.354202902828974542e-02,6.828613004919480145e-02,-7.287738170881427613e-02,2.537205985567913546e-01,-3.433336331411992459e-01,1.247362447991164469e+00,4.041625798552310744e-01,-5.428367806181520761e-02,-3.396410479426992951e-02,-9.131345067426763218e-02,-2.246366425749683204e-01,4.291873674490762069e-01,1.182448431102546715e+00,-1.535967392526690067e-01,-1.496848906146483428e-03,1.063601650059550902e-01
2.598114137644186306e-03,-3.314447114714383705e-03,7.295947837429554994e-01,9.275310631999086897e-03,7.284802251473833021e-03,6.684637841747543829e-01,7.436511746212758345e-01,-7.396139473782617491e-02,-1.025943870406574310e-01,-4.811535372337794741e-02,4.626933207894328159e-01,-4.190356882010631834e-01,6.399285344953464794e-02,-1.181046587526388136e-01,2.510723927499602590e-03,1.138879509296987155e-02,5.451621127074119944e-01,-4.469545298008176237e-01,1.194234022868543021e-01,8.379306798519472327e-03,-6.456324037441124597e-02,6.707680514542652128e-02,-7.179196242390137317e-02,2.541201745599973028e-01,-3.430719237049370540e-01,1.246798851943228037e+00,4.031184175153542104e-01,-5.424466397534380424e-02,-3.415261671242184049e-02,-9.172372744149347168e-02,-2.241146242948976741e-01,4.292748616205616097e-01,1.182667834729435929e+00,-1.536606042724400767e-01,-1.099710985154360486e-03,1.065831286077230100e-01
2.565981585872985273e-03,-3.363544125972014499e-03,7.295918996542297696e-01,9.242415272498335013e-03,7.397921175398777111e-03,6.679324444722065657e-01,7.441277431621502458e-01,-7.396044106032680088e-02,-1.026057625703474668e-01,-4.749095763474536769e-02,4.622910991676575931e-01,-4.189296539782828011e-01,6.471069432779601172e-02,-1.194016561754793482e-01,2.713922750025420799e-03,1.257891521429977885e-02,5.466035796491167664e-01,-4.468552547678966702e-01,1.200041382311202581e-01,8.252351194331127363e-03,-6.566094884039501423e-02,6.625434840140721759e-02,-7.094663374432615133e-02,2.546233659617192502e-01,-3.429573727465203281e-01,1.246831635708113284e+00,4.028295331256888656e-01,-5.419229473911840039e-02,-3.424117364600041957e-02,-9.209003079715344375e-02,-2.234337287831648922e-01,4.288884473965396960e-01,1.182956460949466271e+00,-1.535124994809888010e-01,-7.975109064249508032e-04,1.071016464205803848e-01
2.518123270096663500e-03,-3.392871550378986738e-03,7.295867374260576188e-01,9.276741674164418541e-03,7.338321952180221902e-03,6.674182056298648691e-01,7.445891685276169181e-01,-7.359893581176117638e-02,-1.024459262764279982e-01,-4.669157784000279449e-02,4.620484239624181866e-01,-4.190644927736964509e-01,6.511991356495350214e-02,-1.198226595508472131e-01,3.025671734397602369e-03,1.376600210250311998e-02,5.471288465164775294e-01,-4.466846415880207921e-01,1.208262537436615019e-01,8.470510340948884248e-03,-6.687248319452673839e-02,6.584279717432660328e-02,-7.029992083699584948e-02,2.549349754089039743e-01,-3.421706263774269563e-01,1.247208991866513239e+00,4.012467723401190733e-01,-5.417842864952832072e-02,-3.453652549399850724e-02,-9.242472264752066291e-02,-2.226355755112578161e-01,4.288004969983104653e-01,1.183447846143343529e+00,-1.529256537300646701e-01,-1.057999612105585191e-03,1.076482077216884548e-01
2.467821933389691309e-03,-3.398201921273920866e-03,7.295803096689025269e-01,9.316968365250368270e-03,7.372753028201166348e-03,6.668246852006612935e-01,7.451199070084656428e-01,-7.323355769697999229e-02,-1.024634053494982572e-01,-4.598438248901984271e-02,4.616068858636640515e-01,-4.191124369023520035e-01,6.532448316749045469e-02,-1.197323200127502624e-01,3.110084325884294315e-03,1.472402818446948494e-02,5.464141968597836518e-01,-4.467908336423633275e-01,1.213537882892238712e-01,8.095003130689332541e-03,-6.734902093289361902e-02,6.582598651727716854e-02,-6.969535652934430447e-02,2.550440419115462265e-01,-3.415310503666182940e-01,1.247603359300808012e+00,4.003523240385956639e-01,-5.398059614272974344e-02,-3.499037073179402102e-02,-9.319807357388323887e-02,-2.222315099794487936e-01,4.282928209224074467e-01,1.183168254773296235e+00,-1.513206500285154410e-01,-1.780148973038685276e-03,1.076299393004286203e-01
2.423113461878987490e-03,-3.388452035784389471e-03,7.295545552112201459e-01,9.242213416880917798e-03,7.576217097298562977e-03,6.665623511861322736e-01,7.453534828568696424e-01,-7.318140529998579114e-02,-1.026018255337956958e-01,-4.586981743971255826e-02,4.606439819401357272e-01,-4.191317015468282170e-01,6.443356517616161128e-02,-1.202144134038775902e-01,3.128232229796803002e-03,1.547022609522046704e-02,5.462604411800744408e-01,-4.472977717788328977e-01,1.192421403753926856e-01,7.809608570958320554e-03,-6.734133420673220349e-02,6.508479836495108251e-02,-6.901034984920653703e-02,2.548355868510305267e-01,-3.408623622084299143e-01,1.248040350288892819e+00,3.978008922478505349e-01,-5.380963057552373002e-02,-3.564608519389412394e-02,-9.314626619776879279e-02,-2.222817646421537674e-01,4.290492303052799161e-01,1.182402948767328876e+00,-1.505256969295548919e-01,-2.589985900687440806e-03,1.081936544232598302e-01
2.374347418092742027e-03,-3.378054410082644184e-03,7.295560154460912772e-01,9.363455770674501341e-03,7.508060930782498379e-03,6.661029839210821368e-01,7.457632127750202233e-01,-7.241897158185058025e-02,-1.024798047796954825e-01,-4.489559464906177355e-02,4.599992461262825683e-01,-4.190545180688723392e-01,6.395538198604988622e-02,-1.203233364535499367e-01,3.382569574051185260e-03,1.689083329030465971e-02,5.466529414235425932e-01,-4.472324904239493026e-01,1.198207092677050639e-01,7.300837933527213990e-03,-6.782847719674367504e-02,6.507085529808914748e-02,-6.808413054262670017e-02,2.548533119392673574e-01,-3.394846350510344890e-01,1.248060750589288226e+00,3.973112970272879019e-01,-5.359978200237945634e-02,-3.539505142972750734e-02,-9.359431597144506065e-02,-2.221374976872484419e-01,4.290179495312827496e-01,1.182529358754961235e+00,-1.499627247523986073e-01,-2.680617537277310905e-03,1.087406858148445149e-01
2.314968582013186491e-03,-3.365803851267022695e-03,7.295201572609246732e-01,9.464861714725001166e-03,7.446598974529592893e-03,6.660315660861330089e-01,7.458263320192483059e-01,-7.199542891992334603e-02,-1.023586783353495899e-01,-4.384159360277970624e-02,4.597674637351036875e-01,-4.193643372213893272e-01,6.384238248093958290e-02,-1.204692813816984898e-01,3.329781912316963702e-03,1.734354938212520972e-02,5.473736746346068438e-01,-4.474193023211922027e-01,1.200432823242931907e-01,6.672691433169923234e-03,-6.833871477135460004e-02,6.490965402813070328e-02,-6.763948292061836010e-02,2.547935987125004020e-01,-3.387191180955584913e-01,1.248164799685684612e+00,3.962149034182048668e-01,-5.355748075884524118e-02,-3.553020616112389368e-02,-9.390413843922013060e-02,-2.216589901784790928e-01,4.284031428034608679e-01,1.183093666925368881e+00,-1.483813597644859927e-01,-2.482070511504286259e-03,1.087539301976424427e-01
2.249813635453620959e-03,-3.337263326150266551e-03,7.294903850207015150e-01,9.469476078834039232e-03,7.515254700258554993e-03,6.658757878371117656e-01,7.459646674889420792e-01,-7.189303944249272882e-02,-1.024992042042146140e-01,-4.355592710929187539e-02,4.595090304793676972e-01,-4.197011383134464091e-01,6.387197756229821832e-02,-1.204447473353472686e-01,3.095658345867682848e-03,1.737774379836161051e-02,5.470652669333357920e-01,-4.477734349234403499e-01,1.202507387755437640e-01,6.605021595750746460e-03,-6.832001278119127774e-02,6.489515437725146274e-02,-6.744616563077671101e-02,2.545361707450504163e-01,-3.382496364334956485e-01,1.248304587579976754e+00,3.953300262410109900e-01,-5.373116001624916177e-02,-3.641929698459620696e-02,-9.418804778999090299e-02,-2.215988599633684775e-01,4.281578940986147108e-01,1.183358218641582971e+00,-1.474999440758489322e-01,-2.765086802191794695e-03,1.086267004311092244e-01
2.166172357350702477e-03,-3.291647017048103356e-03,7.294979417285737400e-01,9.427861601518157386e-03,7.551127772081168456e-03,6.658377957353461829e-01,7.459987437424324686e-01,-7.178840566748921626e-02,-1.026840500859819288e-01,-4.374569028844534774e-02,4.591672652280024969e-01,-4.196942540216229700e-01,6.412173812808842632e-02,-1.204437634778788568e-01,3.201619826408971803e-03,1.803655379574441511e-02,5.468823326912204408e-01,-4.477851766613282769e-01,1.195875276239651286e-01,6.165098347964411557e-03,-6.808115659586295998e-02,6.468525294404021964e-02,-6.762059188061292359e-02,2.541240082646510356e-01,-3.385318784524731783e-01,1.249470279871544465e+00,3.957339524983712886e-01,-5.348055330366145027e-02,-3.662987388303792780e-02,-9.443950283086753605e-02,-2.219397615395380385e-01,4.283800276622931058e-01,1.183583617761327700e+00,-1.477663938684949385e-01,-2.768092677018921602e-03,1.077539146240640011e-01
2.058235481593792895e-03,-3.243973814236346571e-03,7.294884588999813735e-01,9.310919369714506372e-03,7.495957707597191919e-03,6.655779643503365595e-01,7.462325983028336163e-01,-7.136449116785643920e-02,-1.023391371548404843e-01,-4.293913280451268355e-02,4.583960724597693770e-01,-4.200137864920863162e-01,6.422256334693111912e-02,-1.205808444691006120e-01,3.486653112733164098e-03,1.849296619860613805e-02,5.468335992322719274e-01,-4.475930924557208201e-01,1.191350249141771012e-01,5.832181688526018835e-03,-6.805338018054031546e-02,6.426659139320188563e-02,-6.700496986924667220e-02,2.538674835541669950e-01,-3.383925587637176546e-01,1.249208007204683168e+00,3.961033697752821547e-01,-5.354820002663852885e-02,-3.724527026501350119e-02,-9.492680725308784428e-02,-2.219250443651568927e-01,4.280108260322520453e-01,1.184524788486190472e+00,-1.477004709294864604e-01,-2.610322478643626893e-03,1.068617197633175420e-01
1.946246842944622524e-03,-3.186293380492103734e-03,7.294982048403674257e-01,9.174503937115321625e-03,7.571727376281697092e-03,6.651847295861812448e-01,7.465840695778376279e-01,-7.103826745681068866e-02,-1.021994831450911134e-01,-4.223158050549642023e-02,4.574869817498986579e-01,-4.200498184206284957e-01,6.419524833623782567e-02,-1.203993307978836885e-01,3.707754094271913797e-03,1.945956615483693600e-02,5.455714992610807279e-01,-4.475348627391733114e-01,1.194293180557067374e-01,5.758271268083421483e-03,-6.781717696902599124e-02,6.419713385841577247e-02,-6.645000775789483560e-02,2.535022442011735100e-01,-3.374898050534660965e-01,1.249154255604381980e+00,3.951198743874351771e-01,-5.357002876446970846e-02,-3.743771855862704917e-02,-9.553216075587223077e-02,-2.219408979541321325e-01,4.278156413435820205e-01,1.185082212445780492e+00,-1.473448182580190113e-01,-2.912015844545453539e-03,1.074590277057060894e-01
1.828062000495973578e-03,-3.153691113777880480e-03,7.294954601708529829e-01,9.060742729962340675e-03,7.480541623652406033e-03,6.647702655331607646e-01,7.469554461285953240e-01,-7.126956613487114844e-02,-1.020652972160972227e-01,-4.199963387539504961e-02,4.582816551393349980e-01,-4.205895971756286045e-01,6.552083075241929566e-02,-1.202689880704183450e-01,4.167363429910003747e-03,2.039883364063715954e-02,5.449892382471304142e-01,-4.472485352486041954e-01,1.201087872544649854e-01,5.603351680839478016e-03,-6.751351539335415097e-02,6.456320230605683275e-02,-6.648758684742317460e-02,2.530633967323924205e-01,-3.373730589377227918e-01,1.250168883759078087e+00,3.947922532106116211e-01,-5.293635729404483348e-02,-3.740936911507276863e-02,-9.633171769054635347e-02,-2.220807923348370461e-01,4.273252198070400243e-01,1.185622772507062050e+00,-1.462503623373133665e-01,-2.959455220180077020e-03,1.074188668028474986e-01
1.704371735163569442e-03,-3.137851819574340347e-03,7.294690255887877894e-01,9.005864138744289205e-03,7.388661967967480836e-03,6.645173837837383690e-01,7.471820050929047774e-01,-7.109076100848765734e-02,-1.019474934878819572e-01,-4.162137619537599476e-02,4.582174244962408660e-01,-4.210259464475125668e-01,6.575322476651691839e-02,-1.201951622231472588e-01,4.365719329410048394e-03,2.088009720124740440e-02,5.447078736512601660e-01,-4.471741105283124629e-01,1.198270308450582050e-01,5.533625472597163142e-03,-6.735303113030609301e-02,6.445058685890150962e-02,-6.635807248938882519e-02,2.527784229905015168e-01,-3.377185770723614144e-01,1.249986650422833190e+00,3.945512862119701647e-01,-5.292727496716959773e-02,-3.735981230741588360e-02,-9.699075107117152705e-02,-2.222728592036190276e-01,4.275372266270906496e-01,1.186079448788427637e+00,-1.460923830997745421e-01,-2.929242721060619503e-03,1.074041258761135043e-01
1.596552006065558209e-03,-3.129896079649942091e-03,7.294840416604330136e-01,9.030228362024746505e-03,7.288595821709493994e-03,6.640029400590545805e-01,7.476399045928523446e-01,-7.096796589970333358e-02,-1.020284657791113436e-01,-4.163315006844523630e-02,4.586084629455038364e-01,-4.209276331997741094e-01,6.619409068305816268e-02,-1.201484518931846823e-01,4.574415430624565598e-03,2.159211385073294201e-02,5.446398369924101424e-01,-4.470552673392024223e-01,1.189402764587565581e-01,5.562264822458115425e-03,-6.676654427689104887e-02,6.437147684076999221e-02,-6.598545663866921263e-02,2.523365491748045808e-01,-3.386424102954481152e-01,1.250469835165859189e+00,3.956414080849203763e-01,-5.271017421032129363e-02,-3.698124960662513283e-02,-9.772099096458450318e-02,-2.225602902558214691e-01,4.275382926743959700e-01,1.186748716693546424e+00,-1.467275890724722975e-01,-2.887625107878146087e-03,1.068251327630961311e-01
1.492550087718795809e-03,-3.149028852102268849e-03,7.294593832710433157e-01,9.057606262956430232e-03,7.245096395847487949e-03,6.635968412409292139e-01,7.480004683434773316e-01,-7.097126842972802108e-02,-1.021110457547921568e-01,-4.128533996255388805e-02,4.589230896796311354e-01,-4.212226700796484202e-01,6.618543253106567992e-02,-1.202289294807636771e-01,4.568785413447145130e-03,2.199631079640072123e-02,5.446255454338183588e-01,-4.472292810158504661e-01,1.191329474467834604e-01,5.736436013416618650e-03,-6.646785138252210567e-02,6.467617417642518296e-02,-6.572644354914228271e-02,2.518669577525330383e-01,-3.387388392612536991e-01,1.250308929221993548e+00,3.952002951617175630e-01,-5.274191850196881248e-02,-3.700921652262358780e-02,-9.809842592593276400e-02,-2.228185159325174747e-01,4.270197322207269774e-01,1.186512251149502317e+00,-1.461127206856915328e-01,-2.943214188072587872e-03,1.066805877530624391e-01
1.389227890524283478e-03,-3.173683249744434394e-03,7.294377226088730737e-01,9.022452636016324926e-03,7.188577597835638447e-03,6.630776297586542523e-01,7.484617402474197378e-01,-7.133851774039473570e-02,-1.019951839526522658e-01,-4.052005906958220521e-02,4.599779565372232315e-01,-4.217941078447589032e-01,6.702573942456153955e-02,-1.203819929017249102e-01,4.750579108264709263e-03,2.263373531347321471e-02,5.445059611120028897e-01,-4.471904617931102832e-01,1.202145691545851158e-01,5.864055664292571433e-03,-6.649450284411437262e-02,6.466471371874421559e-02,-6.545575463093107615e-02,2.515696402508912355e-01,-3.386009876436152921e-01,1.250597162136657392e+00,3.945470803675687477e-01,-5.267173987156405918e-02,-3.723474691819035620e-02,-9.859511438592317989e-02,-2.228369704481182878e-01,4.262600004966333178e-01,1.186617447424358707e+00,-1.451102235831376874e-01,-2.561600281980313046e-03,1.067520611507822847e-01
1.284375446601660744e-03,-3.208088000778770710e-03,7.294367666136497563e-01,9.002855217909425459e-03,7.079370479830317600e-03,6.626612730307310795e-01,7.488316688928330356e-01,-7.161752089832719437e-02,-1.018434878391318577e-01,-4.003869796064071090e-02,4.608427020133943897e-01,-4.218433623593405568e-01,6.700727924132741931e-02,-1.210176221768982513e-01,5.114834074361078453e-03,2.352773481407312642e-02,5.456202009400131780e-01,-4.469194125509383109e-01,1.196084387054260068e-01,5.635366291837324432e-03,-6.609769039150725778e-02,6.460162956617346297e-02,-6.499146298274460776e-02,2.514366391903549158e-01,-3.395908836347735216e-01,1.250305033788113862e+00,3.958573636270817375e-01,-5.306981862971744957e-02,-3.718115554631928193e-02,-9.931705366730517182e-02,-2.234232018168468281e-01,4.270365747027864423e-01,1.186284658093371691e+00,-1.467127678809568847e-01,-2.327042773499407840e-03,1.063918641940793108e-01
1.193808880847023988e-03,-3.232302853727191637e-03,7.294045521006227162e-01,8.936621523258343400e-03,7.155523365246543518e-03,6.620386585965929438e-01,7.493822454560443713e-01,-7.212126077057587348e-02,-1.017034594801971559e-01,-3.887960666539824750e-02,4.616627219165653218e-01,-4.223091133925820362e-01,6.758215710512523178e-02,-1.211770526472100012e-01,5.142300663964599269e-03,2.410738267733037246e-02,5.449275974372417286e-01,-4.473114219689973137e-01,1.202161243253185158e-01,5.585895126705259575e-03,-6.598775476467506895e-02,6.465471696987970529e-02,-6.467397355045489959e-02,2.510844349524045116e-01,-3.399931536918754937e-01,1.251013431989760782e+00,3.950001793722919818e-01,-5.268372047219283677e-02,-3.701567686397799067e-02,-1.001417287880563278e-01,-2.233277483623997139e-01,4.267339956713337434e-01,1.186731016547966311e+00,-1.453621219368140260e-01,-1.978419845849847987e-03,1.065410597223767214e-01
1.103605238368797915e-03,-3.252345214194823572e-03,7.293993047587504774e-01,8.867561588042213380e-03,7.066943083897279758e-03,6.617857676073986006e-01,7.496072454687303654e-01,-7.205080322574124174e-02,-1.014575935796885320e-01,-3.838166562724949077e-02,4.616691294603935125e-01,-4.226187512036373994e-01,6.758890194140779184e-02,-1.212082430398938038e-01,5.412438643135609323e-03,2.453910299750474908e-02,5.447604207372477303e-01,-4.470675479383481310e-01,1.203720848765670037e-01,5.545381985694715354e-03,-6.591033244666889834e-02,6.460565633373567540e-02,-6.446700559605450520e-02,2.509446460715497595e-01,-3.399926537514927349e-01,1.250707486785792577e+00,3.948105612001705511e-01,-5.273652408462644464e-02,-3.715736335628529174e-02,-1.005807915831446742e-01,-2.235499139481477993e-01,4.269379199506497802e-01,1.186496392696196223e+00,-1.450512369278380842e-01,-1.988962357588073236e-03,1.065143308439307768e-01
1.021339510754155997e-03,-3.261946505070002257e-03,7.293957535103666734e-01,8.767784831692777836e-03,7.158422342609648339e-03,6.615369373011099619e-01,7.498271557665655562e-01,-7.213992450973004400e-02,-1.013974684918324820e-01,-3.776598207299424609e-02,4.613524457733553796e-01,-4.227498356998511397e-01,6.781235486211943664e-02,-1.211667337917329001e-01,5.330956917552410329e-03,2.461143097327800691e-02,5.438191892471581079e-01,-4.471941018354938513e-01,1.204114804949851930e-01,5.407509035545540917e-03,-6.570821015065955728e-02,6.455665361469047070e-02,-6.447997935709270934e-02,2.505193580968665401e-01,-3.398387636704721104e-01,1.251281696176851366e+00,3.929342376445634777e-01,-5.263545818140902277e-02,-3.781436540941356117e-02,-1.010376073452101675e-01,-2.236866117779372498e-01,4.268758334598370396e-01,1.186503849518817599e+00,-1.443540812647826910e-01,-2.057556377741413985e-03,1.066378302257517119e-01
9.300481811566182946e-04,-3.292801581823217791e-03,7.293744149535011934e-01,8.702059211477654668e-03,7.062177661324695738e-03,6.610567481150777525e-01,7.502522079832077972e-01,-7.229903659577636976e-02,-1.011296846133528937e-01,-3.712921905096711744e-02,4.619077513189037698e-01,-4.231901228860906472e-01,6.795502747072575123e-02,-1.214405156999448787e-01,5.570784381626749798e-03,2.490988669664519900e-02,5.439773987453710991e-01,-4.470610388596373275e-01,1.204208005361758760e-01,5.310770487234701617e-03,-6.560094014756792657e-02,6.442696547850253197e-02,-6.410206775604262996e-02,2.504368892565778659e-01,-3.399927849316540795e-01,1.251272605500887369e+00,3.920577966064678899e-01,-5.250935636797898765e-02,-3.765799397670925586e-02,-1.014910950436145320e-01,-2.241245611390278725e-01,4.274363628364785672e-01,1.185930318531116079e+00,-1.447460744247039133e-01,-1.925269859085990132e-03,1.063104531577850620e-01
8.448926319590730448e-04,-3.308743194226275962e-03,7.294000674331430067e-01,8.628834561574431211e-03,7.101436224224893026e-03,6.606802627432906139e-01,7.505842412675070019e-01,-7.223443577555779815e-02,-1.010025801300876297e-01,-3.650452204443890847e-02,4.615113197665597355e-01,-4.229904050571292595e-01,6.799746457981273307e-02,-1.213100671073350928e-01,5.543034731629956774e-03,2.505879088212190076e-02,5.430330648387741155e-01,-4.469984729083521513e-01,1.205555020851669934e-01,5.228218693950254653e-03,-6.525751902835642826e-02,6.457259630053785449e-02,-6.373748149905826554e-02,2.503749014795271233e-01,-3.406299695185688869e-01,1.251031505918549502e+00,3.921584154652345555e-01,-5.265450395492653202e-02,-3.773270381937569168e-02,-1.019903927748695427e-01,-2.244833110570946810e-01,4.280089038771257015e-01,1.185722704060335309e+00,-1.455840365452452934e-01,-1.761768914092908065e-03,1.066405298481369057e-01
7.513066841398279927e-04,-3.332965860836813524e-03,7.294152593485951908e-01,8.605774059677476565e-03,7.054909569012672750e-03,6.605025261321771923e-01,7.507413548465406983e-01,-7.218836429047841008e-02,-1.009199194998332549e-01,-3.608665431902359499e-02,4.614599018586255097e-01,-4.229575227016492689e-01,6.800598908675319076e-02,-1.211719498138965762e-01,5.636237010434546127e-03,2.548115631332606087e-02,5.424925675291080163e-01,-4.465846328413826116e-01,1.202587872124943336e-01,5.109043468044491797e-03,-6.511517805006919457e-02,6.442044271671010236e-02,-6.359040637220780834e-02,2.500548106249653735e-01,-3.404247819633979266e-01,1.251238808697697102e+00,3.921371391541442764e-01,-5.257963922286094244e-02,-3.749898944026952563e-02,-1.023434429703500292e-01,-2.247843192522958056e-01,4.284127315252934665e-01,1.185600776930782363e+00,-1.463495984263558092e-01,-1.692230364812555461e-03,1.064287143445349221e-01
6.604716402023348698e-04,-3.357912791835713541e-03,7.294135408551554178e-01,8.575262386340216925e-03,7.006105254930233492e-03,6.603225865782359483e-01,7.509004334922109170e-01,-7.210101790506846797e-02,-1.008248161925434927e-01,-3.571901431350258532e-02,4.613654470967585297e-01,-4.231048047631676967e-01,6.795440495751420285e-02,-1.208317965003338351e-01,5.612871772858263678e-03,2.543545186842138123e-02,5.416538036715663473e-01,-4.465902441118284605e-01,1.202905181415330343e-01,4.880300941486418950e-03,-6.485737064233995652e-02,6.481086475135608427e-02,-6.360584944874064783e-02,2.498024309475537497e-01,-3.405142301056833798e-01,1.251186032245264146e+00,3.919238636261964115e-01,-5.267293710939476709e-02,-3.740021294075795977e-02,-1.029609896566846122e-01,-2.249128270870950630e-01,4.283615939808012585e-01,1.185826964198382960e+00,-1.462717071021720494e-01,-1.772024689125251302e-03,1.063811784584470788e-01
5.698336293681044570e-04,-3.385277136548243103e-03,7.294035161781410315e-01,8.593728261468591700e-03,6.842926186448347256e-03,6.604064435643889341e-01,7.508279772986686806e-01,-7.180849447078045678e-02,-1.006085369191769413e-01,-3.523703646618939200e-02,4.612746329464703643e-01,-4.234193354708726820e-01,6.793799690827545534e-02,-1.202860472147993381e-01,5.684805150022049711e-03,2.551253633428380782e-02,5.410036860009888038e-01,-4.463012775543557797e-01,1.208425100735014412e-01,4.894838775310050849e-03,-6.491216031422351873e-02,6.506224718201669699e-02,-6.380515236334120821e-02,2.495898085286719636e-01,-3.402431451842383714e-01,1.251087674865100308e+00,3.920164152462945473e-01,-5.301229909858529155e-02,-3.706946609488298572e-02,-1.030329827721469388e-01,-2.248939069658508483e-01,4.280056672936864426e-01,1.185917042740507910e+00,-1.452936319021720935e-01,-2.287756304429926744e-03,1.061845728839302394e-01
4.903641528217148873e-04,-3.400412589506830729e-03,7.294012216910218394e-01,8.573123279937172603e-03,6.690393199877495839e-03,6.606817987868116582e-01,7.505873040145832897e-01,-7.131223501547087618e-02,-1.005102471123072022e-01,-3.545538174324420339e-02,4.605759375636280240e-01,-4.236946497397930944e-01,6.802602445139471765e-02,-1.196790301137069384e-01,5.850449873914215920e-03,2.557185736889325614e-02,5.403271155000177739e-01,-4.461602415982290903e-01,1.205667196654764545e-01,4.996967386817459736e-03,-6.493734824816600748e-02,6.540422182207285273e-02,-6.438493091607905283e-02,2.494468871673228838e-01,-3.399932160823830873e-01,1.251262245037451315e+00,3.916982057573323850e-01,-5.303937201151987663e-02,-3.652641677470752635e-02,-1.030857491030846007e-01,-2.249626000587007513e-01,4.277637886140495671e-01,1.186454098482319974e+00,-1.452812789268690674e-01,-2.319633294731940441e-03,1.057145333318817298e-01
4.329142801535400785e-04,-3.401918730915055346e-03,7.294389232031683878e-01,8.481987056745694809e-03,6.613248828494290923e-03,6.608645814887182945e-01,7.504280950026075425e-01,-7.084643845440499743e-02,-1.003516074201652453e-01,-3.573156913340587437e-02,4.595568574850985022e-01,-4.235357694601374901e-01,6.773461637868190277e-02,-1.191727424033068583e-01,5.895005531312969352e-03,2.514351055751372702e-02,5.393983090133521729e-01,-4.456271435711719464e-01,1.208468380712783286e-01,5.130827698099014490e-03,-6.480765225762684378e-02,6.579039154871361983e-02,-6.500218863436864336e-02,2.492290053200572619e-01,-3.396101154812848910e-01,1.251831901899609578e+00,3.913023316804231100e-01,-5.271678116418875015e-02,-3.656512490046151531e-02,-1.031525812747370596e-01,-2.249532122456982530e-01,4.274127170012039234e-01,1.186917125442897625e+00,-1.446497396396663471e-01,-2.232157900118272691e-03,1.055101600639487269e-01
3.932390039235591573e-04,-3.410607440720110108e-03,7.294334450459519781e-01,8.538981177469893991e-03,6.546501045184879852e-03,6.612766725775697241e-01,7.500649248093486099e-01,-7.040680764281226356e-02,-1.005077096977524953e-01,-3.622714205176010699e-02,4.588374277613647134e-01,-4.235142650554665211e-01,6.720492591134548388e-02,-1.184258638433862837e-01,5.616421707860400417e-03,2.453271328822412278e-02,5.385530004300551621e-01,-4.456722624519314779e-01,1.207792063305328095e-01,5.318587409875796118e-03,-6.449553578262476328e-02,6.655789088917424268e-02,-6.598821667766742449e-02,2.489412528389078616e-01,-3.387041332638069946e-01,1.251888214089485807e+00,3.910957406534329994e-01,-5.263321310600428682e-02,-3.605602768787201373e-02,-1.030444999128425354e-01,-2.253232411967704962e-01,4.275157958357225230e-01,1.186428588220393321e+00,-1.445158615659491719e-01,-2.646237694721939766e-03,1.052256497440913902e-01
3.655831959827603476e-04,-3.418024491882893333e-03,7.293721069561639458e-01,8.647893210767506125e-03,6.281044111870331959e-03,6.619873050516845714e-01,7.494388369829041441e-01,-7.006540008286123167e-02,-1.004807471652256895e-01,-3.688035739028372451e-02,4.590377231338090280e-01,-4.242233726252944703e-01,6.724911562767897644e-02,-1.179114621780903843e-01,5.683390636578114843e-03,2.412182843179921238e-02,5.392761022403369520e-01,-4.461094864679446270e-01,1.197399339271026236e-01,5.432796360551222711e-03,-6.436330216785737801e-02,6.715571245078061358e-02,-6.724861663201697759e-02,2.485782563404531076e-01,-3.386244675498169543e-01,1.253120625831087409e+00,3.915445075306829281e-01,-5.234205410733025476e-02,-3.494125664998413289e-02,-1.025273034454533549e-01,-2.253120035664106791e-01,4.272572146880531108e-01,1.187264988446196101e+00,-1.443170871660595933e-01,-2.942866004335508226e-03,1.046693523513754498e-01
3.480948009506774909e-04,-3.396454886981449366e-03,7.293954728583113001e-01,8.702465989855806203e-03,6.148061628284537047e-03,6.625186817959921592e-01,7.489696019834256591e-01,-6.965278787291288853e-02,-1.005720964088867714e-01,-3.769206473887538184e-02,4.586306411820056939e-01,-4.239359411275767098e-01,6.674853540568893850e-02,-1.175665412422718659e-01,5.550234049371915654e-03,2.343992540113185724e-02,5.397099400332000529e-01,-4.459426205715082414e-01,1.193437440040431841e-01,5.382189218785429774e-03,-6.414986335364743220e-02,6.728542534601225644e-02,-6.806202519967782805e-02,2.482412456980376825e-01,-3.392838083783894509e-01,1.253887762651003657e+00,3.925280131472493328e-01,-5.259992637747499394e-02,-3.430829832071660007e-02,-1.020764520491669186e-01,-2.254184725980413473e-01,4.270839961870129264e-01,1.187881653652038016e+00,-1.446268693618892043e-01,-3.173855068706994253e-03,1.039540388023090095e-01
3.304496843148010260e-04,-3.360306978288725606e-03,7.293618544327118425e-01,8.678758606646437904e-03,6.113471103241207780e-03,6.633131487488546085e-01,7.482666445305424796e-01,-6.953656593117051032e-02,-1.006875990538091126e-01,-3.844005365481736186e-02,4.581899777030203347e-01,-4.241375341303184054e-01,6.628109924531094821e-02,-1.174259096737177571e-01,5.394419681636716812e-03,2.278446828650381936e-02,5.402137467427960971e-01,-4.462868212866797357e-01,1.191871582103908728e-01,5.451748304662350220e-03,-6.417304838335975703e-02,6.763411541380676129e-02,-6.892250222157669803e-02,2.481021638991907641e-01,-3.394004356657525090e-01,1.253743623721788270e+00,3.922718046476352804e-01,-5.294032977079827368e-02,-3.452522478855690746e-02,-1.012879586118565628e-01,-2.255064666897866887e-01,4.267441963798001003e-01,1.188106490343803667e+00,-1.438308764557615915e-01,-3.557763886067660027e-03,1.038286719759259208e-01
3.144076035635668016e-04,-3.288695831443622618e-03,7.293760007986528349e-01,8.559072079086243665e-03,6.188315080981582339e-03,6.641364345794126267e-01,7.475367839148447935e-01,-6.957117091051934210e-02,-1.008751408444518577e-01,-3.953806437014083242e-02,4.574524725405389458e-01,-4.238920971840596796e-01,6.558338908243309395e-02,-1.171339019308079432e-01,5.144974826671786655e-03,2.183728799818036859e-02,5.399114503319561997e-01,-4.463579264574024652e-01,1.187570718004775094e-01,5.592774292238575362e-03,-6.401489205720262143e-02,6.795431401031581942e-02,-6.985727860116004717e-02,2.480994950053467540e-01,-3.399356168266922662e-01,1.253541451840902710e+00,3.921108717074274219e-01,-5.293641377057280856e-02,-3.484835665953936457e-02,-1.003426468552026385e-01,-2.256898119299526051e-01,4.262985048845852609e-01,1.188329362819428026e+00,-1.426917521927615617e-01,-3.908723128747665539e-03,1.035687472888836003e-01
2.936841635344732918e-04,-3.192688396018594603e-03,7.294156100153422750e-01,8.379701770712419048e-03,6.298948260452830704e-03,6.649087312830895824e-01,7.468510446618911169e-01,-6.954784467453133112e-02,-1.008642515891971236e-01,-4.000535564081907774e-02,4.564001331459565658e-01,-4.234697395125999186e-01,6.512568040048116735e-02,-1.168530449548680489e-01,4.884598082516825382e-03,2.074595397419922924e-02,5.393084120284552530e-01,-4.460390860496836196e-01,1.186090638686615323e-01,5.227881630884213121e-03,-6.422655689508334487e-02,6.728282673691224347e-02,-7.041082380000660002e-02,2.479975010480774122e-01,-3.401345527066139685e-01,1.253915616132055932e+00,3.918741976487173373e-01,-5.289384586023881951e-02,-3.559257554743462670e-02,-9.925360191974574864e-02,-2.256540791962217685e-01,4.257286786090796471e-01,1.188501070897293843e+00,-1.422940459328819185e-01,-3.872264394414855204e-03,1.032069991265964909e-01
2.746647192209729100e-04,-3.069714335825429394e-03,7.294912681566115831e-01,8.088504984188883001e-03,6.415260057521851751e-03,6.656276644307190793e-01,7.462125922751644547e-01,-6.904201319439257079e-02,-1.006004987671443168e-01,-4.044176135540525352e-02,4.541305931939745300e-01,-4.228274468720615853e-01,6.469171528701188334e-02,-1.165357491368659432e-01,4.880056984155337757e-03,1.986539646897504327e-02,5.382806889633700020e-01,-4.453052490088024173e-01,1.184587634098060033e-01,4.731594803393177930e-03,-6.439368882940349481e-02,6.682074581962307858e-02,-7.085576098548673762e-02,2.480802412309160432e-01,-3.404850779429001717e-01,1.254273290490355741e+00,3.920031996357778437e-01,-5.274725067832754938e-02,-3.618234180441754627e-02,-9.829520692228900514e-02,-2.256928619920105794e-01,4.256698833266044923e-01,1.188687288080525040e+00,-1.419749187679287816e-01,-3.746815526237364576e-03,1.033822111162491786e-01
2.625055399084891272e-04,-2.968942601885966870e-03,7.295140923367869901e-01,7.973531576463636222e-03,6.366789722957890904e-03,6.661672508660497760e-01,7.457325798544623963e-01,-6.881544813926200599e-02,-1.004965161718473082e-01,-4.107268613717487277e-02,4.534988971755267162e-01,-4.225436061397780940e-01,6.451857549030769190e-02,-1.165988121232091335e-01,4.910190453507146807e-03,1.917190209828879138e-02,5.389239901531663879e-01,-4.449718138409830548e-01,1.181208608509700247e-01,4.797204224644985998e-03,-6.457277754844563400e-02,6.652497491721753864e-02,-7.105367310948741688e-02,2.482104668096198341e-01,-3.412480625509517473e-01,1.253861546556837681e+00,3.924832470767194992e-01,-5.292983377663570965e-02,-3.671445823947876858e-02,-9.737444236725678604e-02,-2.256352801624779969e-01,4.256401893372462886e-01,1.189096807031856828e+00,-1.413218201553003706e-01,-3.932086055041223750e-03,1.029833296290930955e-01
2.739701490410636781e-04,-2.858757787561411016e-03,7.295180479908756066e-01,7.925840019923862875e-03,6.451523207593594031e-03,6.666467132910622873e-01,7.453037760312933857e-01,-6.860590653017854812e-02,-1.007539343524076897e-01,-4.202335507871246545e-02,4.527176127716010523e-01,-4.221975788034327826e-01,6.411430391511038773e-02,-1.167971058537105034e-01,4.738363061619602426e-03,1.867053413172495985e-02,5.396749510279233997e-01,-4.452635249191150280e-01,1.171648111904456113e-01,4.633892221613316806e-03,-6.452616002656225147e-02,6.639732920034040198e-02,-7.131314505399616310e-02,2.482748253850560749e-01,-3.421734964483036934e-01,1.253940170830113221e+00,3.936098600705071893e-01,-5.293569165154832917e-02,-3.647585181764108342e-02,-9.669249893502360194e-02,-2.257607835082680592e-01,4.258663475735778303e-01,1.189294928831825748e+00,-1.413536801760905126e-01,-4.184171578609130644e-03,1.026740746127020321e-01
2.990033434905068135e-04,-2.735417739083973246e-03,7.295799278274497368e-01,7.848857789744459815e-03,6.586372034127794400e-03,6.668674319980089082e-01,7.451059275533947757e-01,-6.843184291424504739e-02,-1.008962479493231701e-01,-4.238425336992233255e-02,4.518919519485753433e-01,-4.212496629019932826e-01,6.397087608676012283e-02,-1.171551022884089327e-01,4.514837440260184923e-03,1.816456935630641339e-02,5.402442459164331634e-01,-4.447589139727660679e-01,1.174283034714345003e-01,4.382364056790471335e-03,-6.502614790705429915e-02,6.600217011956011071e-02,-7.097100545658527326e-02,2.484396126875916266e-01,-3.431111613974190400e-01,1.253000898092774484e+00,3.938628951166006087e-01,-5.310240165268098611e-02,-3.703967868167631905e-02,-9.620136504593493343e-02,-2.258425809726075650e-01,4.264334248107093939e-01,1.189129389213752663e+00,-1.415619566835492060e-01,-3.852917702519437996e-03,1.030864038379851189e-01
3.436610234572970738e-04,-2.615878021517341161e-03,7.295466815630893276e-01,7.876554819604220450e-03,6.683806859556129867e-03,6.670215931440217627e-01,7.449667649564298832e-01,-6.834327471179046931e-02,-1.010574734878658676e-01,-4.240637786367575796e-02,4.517728979110047782e-01,-4.213791280780575521e-01,6.401910060275557701e-02,-1.173371960049711671e-01,4.327542012337119368e-03,1.808944472355132269e-02,5.408587324688278741e-01,-4.451664398300184122e-01,1.173281246152463181e-01,3.953694864118553406e-03,-6.527502708106816542e-02,6.555173290370186479e-02,-7.043770726662358650e-02,2.485507809718111583e-01,-3.431677361992257480e-01,1.252865962079240836e+00,3.938208417545037143e-01,-5.333535405336070623e-02,-3.730582347291468842e-02,-9.579024959503809611e-02,-2.255811937388696731e-01,4.263096789980864720e-01,1.189253460527398776e+00,-1.412638801359395735e-01,-4.177079277549382991e-03,1.035758078557314915e-01
4.243068571116333492e-04,-2.486150276398286542e-03,7.294882172460345204e-01,7.934405411673237443e-03,6.801188053035634590e-03,6.672038725467368536e-01,7.448018404317136021e-01,-6.829888178349675931e-02,-1.013810969761058806e-01,-4.294391740265837698e-02,4.517878018396174200e-01,-4.215951756834548925e-01,6.407046436878999218e-02,-1.177393551518601811e-01,4.063491488525980758e-03,1.781621750760312498e-02,5.421324939792369069e-01,-4.460249451474264659e-01,1.171765568741450908e-01,3.576290839584134185e-03,-6.563195085895062730e-02,6.528125405898990707e-02,-7.009017145104071145e-02,2.487525561250566453e-01,-3.434445411004775073e-01,1.253019367304084586e+00,3.939469167183334841e-01,-5.330397263243366601e-02,-3.716683428033283609e-02,-9.533115862090646431e-02,-2.251995325922024893e-01,4.255090343811481768e-01,1.189593289023202161e+00,-1.406356885649485688e-01,-3.997528704917982685e-03,1.035759708038380550e-01
5.306585740139609705e-04,-2.352147152208148607e-03,7.294639401330490491e-01,7.930887052676834428e-03,7.051821158633037046e-03,6.674149478198073693e-01,7.446104083852089772e-01,-6.865850318376730266e-02,-1.016770723530256992e-01,-4.310971084443904894e-02,4.520068945298593710e-01,-4.215990988191296029e-01,6.415126723989648949e-02,-1.185817604850438883e-01,3.969568389638810507e-03,1.825088889570245648e-02,5.436509259516240089e-01,-4.466081248640955681e-01,1.170802588872286720e-01,2.668156926749978928e-03,-6.603076600924655259e-02,6.503308410530486694e-02,-6.997164759551835478e-02,2.489576192558343171e-01,-3.445886912397082558e-01,1.253925601849934068e+00,3.947457902324567613e-01,-5.320325981086854866e-02,-3.724496024584200704e-02,-9.496033252809107927e-02,-2.247740464709878372e-01,4.252017459668497867e-01,1.189401684029302686e+00,-1.397886733737156439e-01,-4.028664222187876981e-03,1.037286251492063049e-01
6.725039902215112012e-04,-2.221798744253366056e-03,7.293965460902913645e-01,7.881254692323202971e-03,7.343699579923163717e-03,6.676078698673658662e-01,7.444351469349845818e-01,-6.909121114175087452e-02,-1.019355460579044331e-01,-4.335116270646162395e-02,4.521234367977230995e-01,-4.220042970008762162e-01,6.423947529755802410e-02,-1.196092588445941268e-01,3.867970903455295040e-03,1.837949277055592190e-02,5.453023733096520331e-01,-4.477008826915035988e-01,1.168332695501044516e-01,2.380169200780790986e-03,-6.658221871830356797e-02,6.475251715596773427e-02,-7.001402629244192488e-02,2.490980740088576950e-01,-3.444639855145005258e-01,1.254656204341809245e+00,3.940537065362968439e-01,-5.277118162371719629e-02,-3.706469157396221487e-02,-9.456974448585747650e-02,-2.243733808753937409e-01,4.253996129511624646e-01,1.189340227009158646e+00,-1.395808493174129916e-01,-3.874469974079247560e-03,1.040351181915084577e-01
8.519992322129769143e-04,-2.095007254827561255e-03,7.292854534624688689e-01,7.895110357795069936e-03,7.663040133728643045e-03,6.676835921249199002e-01,7.443638665703151691e-01,-6.953925618488807081e-02,-1.021805289906866920e-01,-4.311234267070553766e-02,4.525160423643032614e-01,-4.228179446310629253e-01,6.419128416976353779e-02,-1.202069335293161206e-01,3.556415165902019823e-03,1.823653920534277009e-02,5.461233620440243408e-01,-4.492541730024093294e-01,1.176664134048202581e-01,2.113981982687794872e-03,-6.715362140591435436e-02,6.471388720996151811e-02,-7.007472232293263104e-02,2.494971916514256427e-01,-3.447682762643771159e-01,1.255054521797319023e+00,3.927166224264836414e-01,-5.274120061267654341e-02,-3.731977172986983976e-02,-9.438166682608055413e-02,-2.237808386071445943e-01,4.254225994428889046e-01,1.189208456369962086e+00,-1.382300309952033956e-01,-4.021736119558320423e-03,1.047893237739343231e-01
1.066906364412588491e-03,-1.988747228786579002e-03,7.292103624030996656e-01,8.079604529871903945e-03,7.799689396327668875e-03,6.678386382316523484e-01,7.442213636552320599e-01,-6.959507575314960448e-02,-1.023460369479778087e-01,-4.281029063382111449e-02,4.530882178574014429e-01,-4.232937710677796006e-01,6.451546261521193260e-02,-1.212244061981266885e-01,3.334735312135754873e-03,1.818361788429555259e-02,5.489302785670071572e-01,-4.501923402406867725e-01,1.175546165261098092e-01,1.430677815748748489e-03,-6.760659118724046679e-02,6.462179903428222350e-02,-6.968971201054403874e-02,2.501742153954147341e-01,-3.450182652393896099e-01,1.255086151548093554e+00,3.931833312839538297e-01,-5.294336788668524418e-02,-3.720058936762169616e-02,-9.397398585524298353e-02,-2.233784446145356817e-01,4.252116873315928136e-01,1.188515652381522347e+00,-1.387445442973665732e-01,-4.018139155268047984e-03,1.045545439100705049e-01
1.329569973630443042e-03,-1.892534434399513292e-03,7.291346723799564389e-01,8.403939814262035429e-03,7.894000081197172225e-03,6.681548699659406454e-01,7.439328788937299430e-01,-6.976797719098226658e-02,-1.028597099821787209e-01,-4.328656388563836832e-02,4.543346245499320091e-01,-4.235117581859065838e-01,6.472062576380284427e-02,-1.220922136241058553e-01,2.808958074252200163e-03,1.749207350644165979e-02,5.521570788309149158e-01,-4.513366755316342571e-01,1.174844999672078755e-01,1.605342967342283803e-03,-6.790364724169127564e-02,6.481819457552065455e-02,-6.958821765401326798e-02,2.506064633454785917e-01,-3.445690372284170300e-01,1.255143766080935475e+00,3.928853092938548452e-01,-5.280013774833794415e-02,-3.711721560353482829e-02,-9.308281853584393639e-02,-2.227057365525351440e-01,4.245778135680854382e-01,1.188400763599441801e+00,-1.380302416994344528e-01,-4.045385209859080067e-03,1.052954555266550629e-01
1.618364074119284885e-03,-1.806181732848888798e-03,7.289758793735450215e-01,8.809366633787016690e-03,7.917299277847360608e-03,6.686781354079061046e-01,7.434576401242122268e-01,-6.994657668796698535e-02,-1.033511068722931248e-01,-4.387118354354350297e-02,4.559063667979131873e-01,-4.244218922895850454e-01,6.480280777415367566e-02,-1.231976787922745981e-01,2.190746478588022003e-03,1.634821918247919212e-02,5.565630184980211448e-01,-4.532344216748640520e-01,1.157651661439444563e-01,1.340284476725794871e-03,-6.787926217592049616e-02,6.494448696101123852e-02,-6.961571595753876518e-02,2.509205184016444212e-01,-3.447636008388038076e-01,1.255462263576648807e+00,3.930047778112916168e-01,-5.263121757398171729e-02,-3.646759017423426008e-02,-9.195158624610562381e-02,-2.225045501057823505e-01,4.247143121597283244e-01,1.187417416160571504e+00,-1.388333962128767973e-01,-4.402443381554657469e-03,1.051066940203285727e-01
1.916415166631250337e-03,-1.676218449628602732e-03,7.288648615543816822e-01,8.982330542707276863e-03,8.202325370106872127e-03,6.694277929994796317e-01,7.427775370569513758e-01,-7.058369140166685651e-02,-1.038839217995316255e-01,-4.461969818326901038e-02,4.569158348795958613e-01,-4.248889087956709276e-01,6.472843216021659241e-02,-1.244113653844476919e-01,1.595231583316703006e-03,1.530847725535049858e-02,5.598845974551364124e-01,-4.548681590787965190e-01,1.145529500251006028e-01,8.902102150973633179e-04,-6.783653900583462570e-02,6.496983006585392573e-02,-7.014702485967141965e-02,2.511025896284477810e-01,-3.457814045195177211e-01,1.256111328131922278e+00,3.933445249820157752e-01,-5.247214439983502454e-02,-3.621091785083092179e-02,-9.096489390714312950e-02,-2.224179077413486472e-01,4.251709369836736974e-01,1.186986381473790653e+00,-1.399381056586867789e-01,-4.293866017172584884e-03,1.051100510353863288e-01
2.196869740698792831e-03,-1.506299841863254461e-03,7.287893502144408009e-01,9.042775385382582909e-03,8.657024386055631182e-03,6.698215983988722311e-01,7.424165343393753780e-01,-7.096618689094508214e-02,-1.043935543462222448e-01,-4.503549977022147655e-02,4.568483602561860257e-01,-4.252687866902991054e-01,6.423376090043399211e-02,-1.250701101394271764e-01,9.180635913864747255e-04,1.456827735489122852e-02,5.610152028197561425e-01,-4.564202746273413047e-01,1.153036834091438478e-01,7.713613249875549095e-04,-6.823519912786990549e-02,6.475434967505142025e-02,-7.034747755204523445e-02,2.513674315848203333e-01,-3.454034286402980491e-01,1.256921235425106698e+00,3.929624279765383532e-01,-5.246970017665437969e-02,-3.541321116056075219e-02,-8.987137038516690435e-02,-2.217650313798387729e-01,4.242287604097133569e-01,1.186716407574695431e+00,-1.394115694322168864e-01,-4.476413952827158586e-03,1.050204097888292054e-01
2.432134226533966791e-03,-1.319562520478907187e-03,7.287184062786786765e-01,9.247399631536225989e-03,8.822716855469651259e-03,6.701271235634526091e-01,7.421362971394922514e-01,-7.086196308843017988e-02,-1.046993387999468894e-01,-4.506603541148337250e-02,4.572137840379989493e-01,-4.255171491273757600e-01,6.444355114863968559e-02,-1.257361590696983167e-01,3.784602336874554052e-04,1.387917765338267384e-02,5.634419937581534032e-01,-4.572763488434026802e-01,1.157557349472314867e-01,4.625986842014104174e-04,-6.855746029149582810e-02,6.496099804985105974e-02,-7.001920471559690273e-02,2.519620637162185428e-01,-3.456710781158317536e-01,1.256486176153028822e+00,3.929537091549143990e-01,-5.280960085213890626e-02,-3.474075394311483544e-02,-8.912686998762006652e-02,-2.212422459676417208e-01,4.236142739834971582e-01,1.186420885099341405e+00,-1.391741108222540046e-01,-4.653238586215362356e-03,1.056535290381328679e-01
2.623632237202400391e-03,-1.098271237256347871e-03,7.286929840063864905e-01,9.320988874586929457e-03,8.986521861129012634e-03,6.708289927973992706e-01,7.414990384441956239e-01,-7.107275861595549471e-02,-1.051525559885830713e-01,-4.625901329631174064e-02,4.577178621284949678e-01,-4.254568184678314546e-01,6.457163985257652339e-02,-1.258321258406529530e-01,7.439296615320382944e-05,1.323620711414807971e-02,5.647516159540294511e-01,-4.579700188280964590e-01,1.148961871543644764e-01,9.082790168945783019e-05,-6.836738743767903359e-02,6.497794556429034585e-02,-6.998627752081221232e-02,2.522156300427007003e-01,-3.460843344996052950e-01,1.256311907072232614e+00,3.931480210360885352e-01,-5.289869927173052738e-02,-3.437746668271370043e-02,-8.791332156655207175e-02,-2.209354362760130586e-01,4.226314312316207800e-01,1.186409437310893100e+00,-1.384006152004395307e-01,-4.626003464210161689e-03,1.059753952556253959e-01
2.757773127205896246e-03,-8.716877836115943454e-04,7.286534469449302831e-01,9.387379465683489549e-03,9.225412388214556531e-03,6.712294339565806345e-01,7.411327923276394003e-01,-7.133538805242221892e-02,-1.057122057697648665e-01,-4.703063598378436072e-02,4.581981145908758934e-01,-4.255178710564153644e-01,6.463959968694237002e-02,-1.261823799855563977e-01,-5.300696522311156705e-04,1.228128189926373098e-02,5.661201341857166058e-01,-4.589697860657143691e-01,1.141817339936803954e-01,1.980424519399152320e-04,-6.839209360269765670e-02,6.477188157447338890e-02,-6.986712065989614251e-02,2.522371875330794433e-01,-3.463869639163319469e-01,1.256402180698717563e+00,3.934474760721052844e-01,-5.297117261971748953e-02,-3.370259607208327818e-02,-8.677909655025038693e-02,-2.206225698291086335e-01,4.217522251740026817e-01,1.186662220213417607e+00,-1.377131193212989269e-01,-4.343724389756735763e-03,1.056953559589648012e-01
2.828813918137719399e-03,-6.422560344877146707e-04,7.286287972010663250e-01,9.397261281092871704e-03,9.381920527948455976e-03,6.718164067533726191e-01,7.405986677442853994e-01,-7.112124184686249850e-02,-1.058981282563576515e-01,-4.708895403060349427e-02,4.577081992297410973e-01,-4.253734280677458068e-01,6.423097855998118055e-02,-1.267671381481302872e-01,-1.018457555997290265e-03,1.132299671302174418e-02,5.681878791009798979e-01,-4.595155411898640407e-01,1.138815828118409507e-01,-1.887303056075692164e-04,-6.859967418337950540e-02,6.448764529310296867e-02,-6.962370212623042454e-02,2.524093022370391126e-01,-3.470094464293698167e-01,1.255699815625379134e+00,3.941917312613132385e-01,-5.288268536164920236e-02,-3.354362416981074291e-02,-8.582876550892049039e-02,-2.203139072905049012e-01,4.206129550508233006e-01,1.187085246733051713e+00,-1.370542887366276441e-01,-3.884804368154404046e-03,1.051922438731166809e-01
2.856866641750960539e-03,-4.003021932702036101e-04,7.285995590776195296e-01,9.414731931633996478e-03,9.736721993362118521e-03,6.720455062443155825e-01,7.403859781251279637e-01,-7.066976873144996396e-02,-1.064650855324554279e-01,-4.713352396134189159e-02,4.562528726351418040e-01,-4.249783048364356164e-01,6.415380428303121829e-02,-1.271143090978157086e-01,-1.739597711900429944e-03,1.108004099425785940e-02,5.687810105546697859e-01,-4.604724756549926079e-01,1.143006368416703694e-01,6.580286539222294714e-05,-6.914073127276418318e-02,6.426783786583709079e-02,-6.927858956159821391e-02,2.524960558465220717e-01,-3.469026594162858967e-01,1.255217816887608473e+00,3.941141211272153888e-01,-5.314079766324431020e-02,-3.369394279445542956e-02,-8.496419714118991218e-02,-2.200763204667067763e-01,4.201873360322521678e-01,1.187242552352657521e+00,-1.371882385843272989e-01,-3.995665562494543806e-03,1.061051553911303708e-01
2.841865763518891617e-03,-1.680487692970120128e-04,7.286200497307157020e-01,9.447349548435733310e-03,9.965458168219479967e-03,6.723449177895304274e-01,7.401106327790447637e-01,-7.038078534034385159e-02,-1.069286657783858480e-01,-4.703843214466929545e-02,4.554598318301701920e-01,-4.243088815140517167e-01,6.423211472311955716e-02,-1.276323523652565517e-01,-2.254212727583986345e-03,1.107310015135174602e-02,5.701583207986111734e-01,-4.606081539677643888e-01,1.139603721215167176e-01,-1.774355649699938409e-04,-6.981277119943583853e-02,6.427604236892028866e-02,-6.876361818431453443e-02,2.526501045356355779e-01,-3.470892821468788969e-01,1.254219936351237852e+00,3.931179370709774745e-01,-5.330274490411043148e-02,-3.346965282540976389e-02,-8.434541506142065326e-02,-2.201769182489941024e-01,4.208299892886538940e-01,1.187185705714498773e+00,-1.373403308298426773e-01,-3.886207207004247106e-03,1.066325948582451666e-01
2.826133713294130562e-03,5.610986535439180939e-05,7.286179721816135046e-01,9.488640063141682429e-03,1.012726065540607741e-02,6.728311923198293520e-01,7.396658643893521123e-01,-7.013213900940418188e-02,-1.073283214537272684e-01,-4.696450613180744998e-02,4.549437099048308508e-01,-4.240817355049374959e-01,6.502141488070327380e-02,-1.278178971124243613e-01,-2.782660096458122040e-03,1.079407390414547155e-02,5.711976313320930032e-01,-4.607447111463297551e-01,1.147936284639562432e-01,-2.885289910855980567e-04,-7.044701142796955251e-02,6.415419951006934296e-02,-6.883773350783312095e-02,2.526804875133402684e-01,-3.478523669602914259e-01,1.254599601774027517e+00,3.932999638874820625e-01,-5.371680727440774489e-02,-3.304816901881930252e-02,-8.337550059128755187e-02,-2.201159737858374710e-01,4.212168114242462735e-01,1.187660620849765536e+00,-1.375841601435736361e-01,-4.174725704707998343e-03,1.070747008867466016e-01
2.811106775760580621e-03,2.692902446052285875e-04,7.286012074460909149e-01,9.543567192286149872e-03,1.025563811957072233e-02,6.730713207017919864e-01,7.394448860197450069e-01,-6.978972978550981865e-02,-1.076176263256831689e-01,-4.685054845488720310e-02,4.544560003099827883e-01,-4.239327613912843851e-01,6.466281974333136506e-02,-1.278466575846989584e-01,-3.366215122585286199e-03,1.021849073820400855e-02,5.719563185595657462e-01,-4.611553723460548038e-01,1.148705126898133394e-01,-3.777057888150600271e-04,-7.037285958384592588e-02,6.392213589286049880e-02,-6.843508008637144702e-02,2.525212351151326917e-01,-3.486819160784092042e-01,1.254754346747558591e+00,3.950663200199391878e-01,-5.382112349988945471e-02,-3.236346749108304222e-02,-8.249326271969077695e-02,-2.202094225656421045e-01,4.209916622982518564e-01,1.187811554552050897e+00,-1.378426874815732450e-01,-4.754581870111892171e-03,1.062106419896827053e-01
2.813933050583327690e-03,4.697518692443961030e-04,7.285357978594282358e-01,9.509180305925953730e-03,1.081920193844234344e-02,6.727343058389847474e-01,7.397439246838499738e-01,-6.965708677237970881e-02,-1.083819403840929063e-01,-4.647286723589701130e-02,4.530237709723197170e-01,-4.241300646932345542e-01,6.472710522989705284e-02,-1.288400517420634772e-01,-4.130032145370953617e-03,1.058222605140421435e-02,5.725726297627122818e-01,-4.628556506743014554e-01,1.145891935320838689e-01,-2.489328105794146734e-05,-7.009268713100229309e-02,6.395441524264385003e-02,-6.775572947376870547e-02,2.525109938882600935e-01,-3.498871754504539466e-01,1.254198978780879159e+00,3.959510234440892784e-01,-5.402707075839499606e-02,-3.292807930946745759e-02,-8.248502847346191047e-02,-2.204433903577834308e-01,4.214973514211017847e-01,1.187988017251384809e+00,-1.380178934904188193e-01,-4.719413724627398443e-03,1.065693019499094063e-01
2.828284331420241431e-03,6.279722077711397815e-04,7.284990540101197176e-01,9.589210651052504364e-03,1.115022254415166947e-02,6.724662598073238851e-01,7.399816545003368162e-01,-6.941642961508201481e-02,-1.089106832659503810e-01,-4.586370901162580699e-02,4.522205047170707592e-01,-4.239544605477488792e-01,6.483554713128987512e-02,-1.295834760642151084e-01,-4.684601352665932958e-03,1.105356383927118963e-02,5.736167078601605018e-01,-4.637326557861989329e-01,1.150817606134052623e-01,3.312736031071388670e-04,-7.071084629887372519e-02,6.343433451225546915e-02,-6.722767374226820691e-02,2.525499609424229908e-01,-3.500017824722596038e-01,1.254458406765639467e+00,3.959867725204984645e-01,-5.349457387064594088e-02,-3.265568850081402436e-02,-8.254302445322245219e-02,-2.203699163024711027e-01,4.220903406115542045e-01,1.188803558374965652e+00,-1.392597491041833169e-01,-3.956554583235731559e-03,1.069289465554751628e-01
2.863446730962150577e-03,7.301574424602112062e-04,7.284579071271773953e-01,9.767207118960740536e-03,1.159795947759592952e-02,6.721530997948172992e-01,7.402569144812299884e-01,-6.970860212447961557e-02,-1.098914386766622620e-01,-4.555831201199978669e-02,4.522410691765794133e-01,-4.237381784573903687e-01,6.543843667224670535e-02,-1.302508348338774213e-01,-5.630802959598679019e-03,1.135852951502486219e-02,5.742134057264876024e-01,-4.648045307713668528e-01,1.157888637133557969e-01,9.937560732429704356e-04,-7.093259073042539053e-02,6.311739575449026862e-02,-6.718507160566160319e-02,2.523596995169670176e-01,-3.505084758471319617e-01,1.255507900298492796e+00,3.965302479347193043e-01,-5.334235810791666116e-02,-3.232652852920767789e-02,-8.229194651681456807e-02,-2.202751806254178712e-01,4.223464144265551279e-01,1.188789299421310508e+00,-1.398309055513697885e-01,-3.809660635975491323e-03,1.074854438232468457e-01
2.899244849926147730e-03,7.509832232772484586e-04,7.283912338608756754e-01,1.007646618279148254e-02,1.180344193116448712e-02,6.721018757111635322e-01,7.402960301483332284e-01,-6.958645673883133431e-02,-1.106342248228617542e-01,-4.512397087413817093e-02,4.521762983289653870e-01,-4.238030239576633385e-01,6.583206924252966996e-02,-1.310446896838106945e-01,-6.485383271777353173e-03,1.139382532965365485e-02,5.762718324038961226e-01,-4.658552252510028691e-01,1.152770838033221612e-01,1.366018487894320524e-03,-7.106402587439662744e-02,6.311992975404590034e-02,-6.713536433018470195e-02,2.521624394529955460e-01,-3.504939149713600655e-01,1.255772278166735090e+00,3.967501737982714327e-01,-5.340345784830034109e-02,-3.253394404583725974e-02,-8.195006450899083861e-02,-2.203773716675556105e-01,4.222252516740651607e-01,1.188246050971834666e+00,-1.405904503153612983e-01,-3.911331751002832501e-03,1.065244235908375386e-01
2.945023768893007161e-03,7.256701383094241176e-04,7.283978619860720372e-01,1.018068920823043955e-02,1.208207980624412606e-02,6.719480471107885933e-01,7.404297393397970550e-01,-7.020202160712157857e-02,-1.112906683484948533e-01,-4.529040856250340918e-02,4.527065504508413496e-01,-4.234132080060585279e-01,6.645065007773591492e-02,-1.319792704417122597e-01,-6.908067478931929212e-03,1.185250801200895057e-02,5.774203338212081649e-01,-4.660996637330624415e-01,1.153533656550981418e-01,1.458877071386001411e-03,-7.093876710514770978e-02,6.288506436585426795e-02,-6.732061279405861243e-02,2.519111799383360051e-01,-3.513730470392354976e-01,1.256708562750301406e+00,3.981955240760643444e-01,-5.339647496718832875e-02,-3.247904213164528459e-02,-8.178151844905756640e-02,-2.206150372016986161e-01,4.222599922710348896e-01,1.187668653902987703e+00,-1.416802551057003146e-01,-4.173179315562700054e-03,1.058721603111892201e-01
2.984406871991827047e-03,6.386710119838500538e-04,7.283963507275225124e-01,1.045128346366937244e-02,1.221946392964673965e-02,6.715211172107842241e-01,7.408109370920595849e-01,-7.041367134732913480e-02,-1.118258120400643651e-01,-4.475032869969462757e-02,4.532859971257667819e-01,-4.229014666201924566e-01,6.699625701393945032e-02,-1.326011681607656423e-01,-7.516506334047605604e-03,1.210954351078968871e-02,5.784451117653989227e-01,-4.662264550660424334e-01,1.163886058779679961e-01,1.642470911019017427e-03,-7.097916357445684110e-02,6.248910982599253233e-02,-6.712198044903601446e-02,2.516893981241179468e-01,-3.515071595058433807e-01,1.257127095389305005e+00,3.995832744373404299e-01,-5.363713948127984965e-02,-3.227821909214089596e-02,-8.229455388188805509e-02,-2.203921864467138225e-01,4.213959211806025396e-01,1.188282173793792307e+00,-1.418706023600251886e-01,-3.776496514103607188e-03,1.058454910003096133e-01
3.017146886686044097e-03,5.226120900145804146e-04,7.283252936776160036e-01,1.062754136374503833e-02,1.258122567616959224e-02,6.710734821433875785e-01,7.412078991005133233e-01,-7.100563367848664043e-02,-1.125867417508760182e-01,-4.434981166087380300e-02,4.535385180477190525e-01,-4.230613767063333142e-01,6.685297344754435878e-02,-1.333000225998477450e-01,-8.215366752744564585e-03,1.262855643645150600e-02,5.785670485141923836e-01,-4.674697802692469595e-01,1.165676967868711222e-01,2.081094570904586105e-03,-7.065213951779117374e-02,6.272423462183517040e-02,-6.721669554771753097e-02,2.513255486305658315e-01,-3.514963786404944890e-01,1.257541111020207492e+00,3.993511314476990703e-01,-5.355480208175602413e-02,-3.174512427447085533e-02,-8.301451103268329967e-02,-2.205972146168592996e-01,4.214211701787649589e-01,1.187969272190164460e+00,-1.420867730442137156e-01,-3.842610204937387582e-03,1.053574738081241996e-01
3.039978477011843691e-03,3.975125708428201010e-04,7.283542660958207682e-01,1.077777992874621310e-02,1.265613266060882855e-02,6.707106401334278489e-01,7.415328037097840275e-01,-7.153771068403008693e-02,-1.128119890558343941e-01,-4.378983067486754560e-02,4.544682509176655727e-01,-4.225125389179720248e-01,6.720673645020815157e-02,-1.336022033848308643e-01,-8.366637739782384342e-03,1.323651816504860593e-02,5.786687341747225322e-01,-4.671826285693938541e-01,1.167599300017677366e-01,2.020546450803094741e-03,-7.058558870664832785e-02,6.268348143335950029e-02,-6.726186030489078593e-02,2.511484513553057796e-01,-3.517115403575966082e-01,1.257799767378223077e+00,4.004306503589981081e-01,-5.364589654932931662e-02,-3.127697513970111726e-02,-8.368556584474509674e-02,-2.205975506511080875e-01,4.210307321383495172e-01,1.187746400208127939e+00,-1.419741607838357067e-01,-4.189837983873890420e-03,1.048798538816670817e-01
3.048191913133575272e-03,2.643179165258613059e-04,7.283205148702621701e-01,1.090336286674965793e-02,1.281185753881648390e-02,6.702665963096764434e-01,7.419296886201840469e-01,-7.180235718176450344e-02,-1.130916782234644424e-01,-4.320534342972996017e-02,4.545447973657995022e-01,-4.225875323692703800e-01,6.694325412820011090e-02,-1.338923914308068341e-01,-8.683660978580049622e-03,1.365063780363609536e-02,5.783800171573740823e-01,-4.678562172490704496e-01,1.161540896292097141e-01,2.171019344268690539e-03,-6.982940854060784575e-02,6.275631012993951319e-02,-6.712499659175558131e-02,2.507475241851264136e-01,-3.520576279573435774e-01,1.258054700269717108e+00,4.011321958848049207e-01,-5.371216754543894911e-02,-3.089321866809913164e-02,-8.447966652749316907e-02,-2.209566583189241928e-01,4.211887891591378219e-01,1.187576223295397471e+00,-1.418860658347614323e-01,-4.466637974079810600e-03,1.042121386966196606e-01
3.038208863301038870e-03,1.538672960964063141e-04,7.283384308644190730e-01,1.101186247403322313e-02,1.298944825428302932e-02,6.696542052196959860e-01,7.424777832032959379e-01,-7.184233932024444713e-02,-1.133867585996304467e-01,-4.246926634278015700e-02,4.541992132259926596e-01,-4.220553335237468007e-01,6.720439564959750089e-02,-1.345193309815746752e-01,-8.819413646989772426e-03,1.475883546010565289e-02,5.785103323828105770e-01,-4.678724720816326288e-01,1.166249391027004423e-01,2.016100222796783463e-03,-6.973184709183478935e-02,6.260574387131537244e-02,-6.693202826146216200e-02,2.504445973335830966e-01,-3.525007102171647255e-01,1.258793656616459256e+00,4.013823874493817612e-01,-5.397164897303268621e-02,-3.092922395127714608e-02,-8.548704588043065655e-02,-2.210746457767220063e-01,4.215090839064618011e-01,1.187593986734367002e+00,-1.423990204702585971e-01,-4.600223188752620811e-03,1.038894900671644972e-01
2.998083305321966839e-03,5.830945632958293989e-05,7.283887711194833026e-01,1.108098035822130747e-02,1.324579616316294908e-02,6.689249588618358944e-01,7.431293024568448313e-01,-7.181435359992888179e-02,-1.136926341050513156e-01,-4.151100475130600764e-02,4.533763172420352539e-01,-4.213002978993312109e-01,6.711973627388094499e-02,-1.348956038102622490e-01,-9.130151882863321924e-03,1.567244760976135506e-02,5.776593309977201551e-01,-4.677795092176596503e-01,1.167789208219773694e-01,1.861231935872230923e-03,-6.925253143745448148e-02,6.263828493092774008e-02,-6.668714498665517798e-02,2.499632548166699497e-01,-3.527097037403211788e-01,1.259700177322385040e+00,4.024945308347794848e-01,-5.386081333655107217e-02,-3.036122320210570685e-02,-8.649579371469566513e-02,-2.214746515904779944e-01,4.216934146770084380e-01,1.187012569755490299e+00,-1.426097517610177001e-01,-4.889349426352445835e-03,1.031283861132982482e-01
2.931483536905777568e-03,-2.888074554193310189e-05,7.283846514850883525e-01,1.118027463138288741e-02,1.327115905478593386e-02,6.685046185269141183e-01,7.435055163243213805e-01,-7.162123187572233540e-02,-1.137187456150532128e-01,-4.045955560824918140e-02,4.530690501553114591e-01,-4.213276368155354223e-01,6.751344970336549400e-02,-1.346690423812786919e-01,-9.350927193485226302e-03,1.613334994011898782e-02,5.767304853180708069e-01,-4.677868600646374331e-01,1.176098136215018297e-01,1.905502262812828248e-03,-6.875749022616320372e-02,6.252460219851956047e-02,-6.654708237626150158e-02,2.494841695895636535e-01,-3.524293496254359281e-01,1.260282313667861143e+00,4.027701491612807327e-01,-5.441951125698656772e-02,-3.017515291421268148e-02,-8.729201238974558519e-02,-2.215217038201121869e-01,4.206478058119497709e-01,1.187900418352559440e+00,-1.422403356116642981e-01,-5.032644312991380389e-03,1.027558077854652113e-01
2.839127571111652211e-03,-8.903001503906757264e-05,7.284365914414470122e-01,1.112130167995108859e-02,1.344189628387898114e-02,6.679627540909073291e-01,7.439901822070829063e-01,-7.185108709507365132e-02,-1.139879440444192121e-01,-4.032009012175703788e-02,4.527289068119793591e-01,-4.207546273687103877e-01,6.772545639431998277e-02,-1.349142031989329638e-01,-9.346110002981307396e-03,1.711622326082505932e-02,5.757725172920711287e-01,-4.674502104311746842e-01,1.177261660584846964e-01,1.933963172661613871e-03,-6.824679425323193493e-02,6.224473677641988167e-02,-6.647166487002909019e-02,2.488042139001861996e-01,-3.526912979803695780e-01,1.261435587395496105e+00,4.030957125689944576e-01,-5.443512369514769134e-02,-2.992262310212139703e-02,-8.823953489261898708e-02,-2.216509737439727734e-01,4.198380468226955986e-01,1.188642890941025376e+00,-1.412796080590597581e-01,-5.154006591922636812e-03,1.019646713068379645e-01
2.720341457393162660e-03,-1.667334667720017649e-04,7.284361865646753476e-01,1.102637277263601723e-02,1.347999655872197076e-02,6.676863297495305716e-01,7.442389897484936734e-01,-7.225615294611206774e-02,-1.138804168025794039e-01,-3.967367258185092171e-02,4.528876162480500733e-01,-4.207794053222886355e-01,6.751141820480895117e-02,-1.353436757424802961e-01,-9.212907367994002672e-03,1.772972424452606832e-02,5.756241300436482078e-01,-4.672694700957298330e-01,1.174352659936179766e-01,1.966480506403687264e-03,-6.807152867009988451e-02,6.172226803724616129e-02,-6.637127118755506427e-02,2.484498892213227172e-01,-3.531667006892440508e-01,1.261522003993592822e+00,4.037781103886083911e-01,-5.455713892288168582e-02,-2.993228597411420541e-02,-8.885546112853663636e-02,-2.218142284927960839e-01,4.197297968417265657e-01,1.189310645610448303e+00,-1.417425080488909639e-01,-4.842512717471001218e-03,1.016071716767873861e-01
2.585059603855275473e-03,-2.169279554206614280e-04,7.284967178536578825e-01,1.084563508737478379e-02,1.374198555606988455e-02,6.670804118259965332e-01,7.447800038874490269e-01,-7.260874541097031565e-02,-1.137862520666362981e-01,-3.814934447055014916e-02,4.521727009251584883e-01,-4.200665391616010824e-01,6.762633496822170742e-02,-1.356534124529040208e-01,-9.125194003454344116e-03,1.908517613811250638e-02,5.739705916060506841e-01,-4.667514712605399518e-01,1.187800337816717761e-01,1.220565553106320571e-03,-6.803089943270748674e-02,6.090191975985383144e-02,-6.584512236674505692e-02,2.480003382366025022e-01,-3.532049681066303237e-01,1.262205613043666297e+00,4.033938513637471135e-01,-5.446762128866920044e-02,-3.089984014216599212e-02,-9.020463823165132677e-02,-2.216196079623435622e-01,4.195700073912176364e-01,1.189980954155341220e+00,-1.408485126000836585e-01,-4.777557754454579524e-03,1.019345616402649313e-01
2.451773447602094251e-03,-2.648344222910678156e-04,7.285526413027195725e-01,1.058932579274509365e-02,1.399307705953993161e-02,6.668280725346071858e-01,7.450049541133554332e-01,-7.248064173626396489e-02,-1.136990526220072600e-01,-3.750859666517628727e-02,4.500989816257223719e-01,-4.194937568465763600e-01,6.728324339556893130e-02,-1.358955873099877421e-01,-9.203646217644530225e-03,1.938060950584394315e-02,5.723256143510438987e-01,-4.662331993947330666e-01,1.186861115160121327e-01,1.218587525037425571e-03,-6.789831918601066385e-02,6.042297766419275212e-02,-6.584840841828604185e-02,2.478324988165828413e-01,-3.531489504908151833e-01,1.261998621620482375e+00,4.033471628458784042e-01,-5.436069447431212537e-02,-3.113517361025704838e-02,-9.099194970394933191e-02,-2.221041988975572257e-01,4.203594641044341995e-01,1.190111628002095134e+00,-1.414695324942130128e-01,-4.581647059668865658e-03,1.015262130592015088e-01
2.337826428855529527e-03,-3.281595307974812317e-04,7.285847660341289167e-01,1.065905078849691684e-02,1.418642611415320623e-02,6.664990722178043558e-01,7.452946509154638743e-01,-7.202469339839336071e-02,-1.141184263484279204e-01,-3.699571906456374654e-02,4.484836006694992716e-01,-4.186298499408471763e-01,6.679266448034203163e-02,-1.356935400325935126e-01,-9.783398614048557235e-03,1.962343488662737431e-02,5.709273717774101531e-01,-4.662965531831289590e-01,1.189386442363835755e-01,1.135779819910567780e-03,-6.760254423073157326e-02,5.986702840304641837e-02,-6.548302940760269975e-02,2.474804720123696955e-01,-3.526414163735574481e-01,1.261689253896784546e+00,4.026421175422815746e-01,-5.448464242701177990e-02,-3.149056475254952137e-02,-9.158396907717340774e-02,-2.223059420586067092e-01,4.200111482079330605e-01,1.190356463759690397e+00,-1.410468368778994008e-01,-4.402912990632295090e-03,1.017732564253087946e-01
2.236301232633104621e-03,-3.946597286756028250e-04,7.286571281835286795e-01,1.049847312025027277e-02,1.430766547498918406e-02,6.663319593055594403e-01,7.454440239071035146e-01,-7.192392994940480233e-02,-1.139718491052271049e-01,-3.637622213830864204e-02,4.471151418718290471e-01,-4.179196395270147191e-01,6.689912118115842743e-02,-1.358874510162206006e-01,-9.778177556513837493e-03,1.989769302240265020e-02,5.699697524052004249e-01,-4.655472121253071416e-01,1.194508292252210446e-01,9.330109176590098289e-04,-6.774117969187844202e-02,5.950001912732173076e-02,-6.542079595844263462e-02,2.474808279857290405e-01,-3.538255735237491040e-01,1.261769194422945883e+00,4.031426753909775340e-01,-5.415477409725162616e-02,-3.159640406500526660e-02,-9.201844530017772028e-02,-2.227705128570797721e-01,4.207697169851054020e-01,1.190609438952160870e+00,-1.425241008325346115e-01,-3.648755105430939207e-03,1.018475776895556434e-01
2.166508794228783584e-03,-4.833154382689434925e-04,7.287336120074512369e-01,1.060630764651288374e-02,1.430978896435407093e-02,6.659763079502490912e-01,7.457602117482932114e-01,-7.173455624367412742e-02,-1.142848033046570955e-01,-3.650840882483578909e-02,4.467587223382416539e-01,-4.168799981339107452e-01,6.683882845385270832e-02,-1.356371089892965953e-01,-9.991831107614999874e-03,2.023968306393193750e-02,5.691277017688970430e-01,-4.649341799255256591e-01,1.196287940431897262e-01,1.351590288033185146e-03,-6.755525505087919824e-02,5.952316691780254465e-02,-6.550502618359228812e-02,2.472581660246184199e-01,-3.540738804665040096e-01,1.262162673654795286e+00,4.037892760091956745e-01,-5.414603353762820204e-02,-3.141431626832200813e-02,-9.234944604678745061e-02,-2.231633531675566440e-01,4.208592756100226207e-01,1.190383357872489611e+00,-1.440142471733756036e-01,-3.647112978305688293e-03,1.015807472646886728e-01
2.119825313309481318e-03,-5.567920797250013043e-04,7.288257051253368424e-01,1.049205611780665640e-02,1.439488383805033293e-02,6.657744622277917967e-01,7.459403927412736612e-01,-7.139318908290837040e-02,-1.141542332677257521e-01,-3.632653053488387601e-02,4.451559543413508013e-01,-4.158998923866327746e-01,6.643100816570647604e-02,-1.348063778099287402e-01,-9.884555000413637604e-03,2.061447052512293751e-02,5.662712329419865576e-01,-4.641653397351528931e-01,1.199158662505934447e-01,1.135161395936985220e-03,-6.752946092087924734e-02,5.899589933214487852e-02,-6.541976719972897314e-02,2.472122405714737847e-01,-3.544762368469866476e-01,1.262286430972314077e+00,4.051212639097651058e-01,-5.422613714213683767e-02,-3.181702773331591960e-02,-9.261489410148650292e-02,-2.233838809779992995e-01,4.205586696297454741e-01,1.189947304743419920e+00,-1.457585002477832237e-01,-3.916615329483886382e-03,1.016591290766891142e-01
2.105240067062493121e-03,-6.447642310631633220e-04,7.289070373598979247e-01,1.054727440905815425e-02,1.428906426587962797e-02,6.655921622979364960e-01,7.461043165218281814e-01,-7.111329114748571323e-02,-1.141066713105844260e-01,-3.648523236277257525e-02,4.448692152500703378e-01,-4.151616782652763349e-01,6.617001976244088479e-02,-1.333166587568152817e-01,-9.821935472492580171e-03,2.080691813065035228e-02,5.632723189303676659e-01,-4.633811039653723540e-01,1.210030158797532895e-01,1.933855267093345437e-03,-6.766543328594316897e-02,5.945628036657010090e-02,-6.594057601510329436e-02,2.470267873804165570e-01,-3.533443486694368696e-01,1.262921576653706524e+00,4.049700708122025983e-01,-5.435893271792700820e-02,-3.157393753280515747e-02,-9.262900456019865225e-02,-2.231907078301501590e-01,4.196507315046933972e-01,1.189939852480240479e+00,-1.458928891659768967e-01,-4.668981074372232330e-03,1.017778854865682286e-01
2.106049077477119801e-03,-7.519768021003910008e-04,7.289471187876500613e-01,1.067877138674427559e-02,1.407916907777932887e-02,6.653194994848958821e-01,7.463495859481118488e-01,-7.020944898058721628e-02,-1.139515318126488874e-01,-3.658131973832446510e-02,4.439185306937742936e-01,-4.149905326179080811e-01,6.603339094216297001e-02,-1.321779412271809340e-01,-9.562613707992190237e-03,2.125219769670327191e-02,5.614987989986954808e-01,-4.629629421777160525e-01,1.205708982498318732e-01,2.041861964106781238e-03,-6.776760072245063826e-02,5.976582846004173388e-02,-6.625954964757418963e-02,2.470802512154708086e-01,-3.532886560152902478e-01,1.263607614450986460e+00,4.047532575253608988e-01,-5.448876939206431791e-02,-3.149305320131162017e-02,-9.311288959889435501e-02,-2.229086491008807625e-01,4.195637015890226196e-01,1.189840832733449538e+00,-1.456092934459292942e-01,-5.011490764217086703e-03,1.017925565208757793e-01
2.125889542733089971e-03,-8.795550900946276854e-04,7.289816498928413102e-01,1.077989314619607480e-02,1.372760153595934361e-02,6.652440648056232586e-01,7.464219189578501501e-01,-6.950975810735504634e-02,-1.134693914198554032e-01,-3.647206530314205108e-02,4.436289060113954852e-01,-4.149005192218629956e-01,6.631410252940717065e-02,-1.317859554985432724e-01,-9.096201300948760643e-03,2.124983490718264020e-02,5.616919099785984137e-01,-4.621536741024721007e-01,1.204344639200648631e-01,1.850162543750180763e-03,-6.791608334173923622e-02,5.985380000158585512e-02,-6.637481509721517015e-02,2.473449842255597830e-01,-3.535057633877602412e-01,1.263825846926474483e+00,4.052409840977187483e-01,-5.463076151911918504e-02,-3.179247755153304100e-02,-9.343753001301322025e-02,-2.227747762925970099e-01,4.195633054158520725e-01,1.189784171224568032e+00,-1.461153139986637040e-01,-5.169243172161349861e-03,1.011547152429671942e-01
2.157320768925269274e-03,-1.009145195179410315e-03,7.289863940751304394e-01,1.079884981568671534e-02,1.369877767408697773e-02,6.650426637780543215e-01,7.466016231484400301e-01,-6.933978771207301162e-02,-1.133286124610152351e-01,-3.642092651796962482e-02,4.431550546804122748e-01,-4.147261911275643143e-01,6.587027637057690788e-02,-1.320628968635084721e-01,-8.852285983592431129e-03,2.161627744148076832e-02,5.618926603246837681e-01,-4.622715946156649158e-01,1.200279135471207237e-01,1.631635261703927395e-03,-6.803978512991548655e-02,5.996824059217713970e-02,-6.638552033762386284e-02,2.475829606821321471e-01,-3.535063866709449720e-01,1.264051058718708154e+00,4.053525130942898236e-01,-5.446196459955440078e-02,-3.240151414606082247e-02,-9.384666070495564782e-02,-2.224623902053412261e-01,4.193721121959802511e-01,1.189596755265509787e+00,-1.461970641346573840e-01,-5.050408873084531909e-03,1.011658440290850863e-01
2.195145688976412289e-03,-1.135034915858163657e-03,7.290226059979498796e-01,1.080467551894924438e-02,1.364782307027858840e-02,6.648887242363377137e-01,7.467395665797742499e-01,-6.926556228784799818e-02,-1.132147283579475194e-01,-3.653173129364772204e-02,4.428824462990427202e-01,-4.143467168037455184e-01,6.643287952455645407e-02,-1.320816969995739221e-01,-8.491101923142341246e-03,2.219670491725154668e-02,5.615574903246817184e-01,-4.618904789565995705e-01,1.204789163962707299e-01,1.505271259298936138e-03,-6.865803875488053765e-02,6.003759829658230490e-02,-6.662287357137300359e-02,2.479004786502075341e-01,-3.532323054152694541e-01,1.264298590186453630e+00,4.045761671563140593e-01,-5.435952102348168280e-02,-3.296827479966241842e-02,-9.434306192079267017e-02,-2.220234006861837583e-01,4.192001365532450619e-01,1.189652212618341087e+00,-1.457758741093462262e-01,-5.072200447544501258e-03,1.021509929398069783e-01
2.222111433604422905e-03,-1.260528284157525110e-03,7.290433459436762575e-01,1.073555778510117999e-02,1.366313166395344975e-02,6.644786631445327441e-01,7.471051953090889208e-01,-6.939702458562850562e-02,-1.128750249701157976e-01,-3.598328655100339196e-02,4.426751149867448332e-01,-4.141333125163858542e-01,6.624590043909660275e-02,-1.317797632959278320e-01,-8.169360883115293209e-03,2.274273427745641604e-02,5.598610591136989889e-01,-4.615169445882175703e-01,1.208296990807941479e-01,1.578734413418638989e-03,-6.925626344900323583e-02,6.019903969892159701e-02,-6.666474019951311447e-02,2.482844785396773613e-01,-3.522037622512238508e-01,1.264163833606805953e+00,4.033552853322739939e-01,-5.453182444863056977e-02,-3.337446692414957478e-02,-9.523032161241479221e-02,-2.215379300921091477e-01,4.192072277052472096e-01,1.189523464821121257e+00,-1.452612287845665984e-01,-5.421866274597826260e-03,1.035074093970607956e-01
2.255569459997922802e-03,-1.404277385919056043e-03,7.290123950991800328e-01,1.082362122789783110e-02,1.359380169725474784e-02,6.638644338184565008e-01,7.476510357712560229e-01,-6.939686886599288895e-02,-1.127233556742653769e-01,-3.543070007693462087e-02,4.430686151262887562e-01,-4.145389811292538584e-01,6.652182445013074541e-02,-1.315805175497826440e-01,-7.914303232987317943e-03,2.338934968516278787e-02,5.590362727005525612e-01,-4.618110641772485425e-01,1.210162562440812856e-01,1.726667355836900616e-03,-7.005311396630303777e-02,6.037100856766021428e-02,-6.657016713420907394e-02,2.487844945265675900e-01,-3.508704968443860928e-01,1.264370909791525222e+00,4.019564444034435802e-01,-5.437576813366610390e-02,-3.361692952285885716e-02,-9.630585494328054719e-02,-2.207553480949372704e-01,4.185465321180791842e-01,1.189778496389851448e+00,-1.443609249497179170e-01,-5.245617285265071275e-03,1.032947598619016055e-01
2.293460211205641287e-03,-1.533145111643468422e-03,7.290309271404894487e-01,1.082360295395995084e-02,1.357904533358043030e-02,6.630857406540255905e-01,7.483420071653248407e-01,-6.951701039361631029e-02,-1.125663179215257020e-01,-3.529341964448589469e-02,4.432992231078994871e-01,-4.144034460310213608e-01,6.639640108107573713e-02,-1.310363417639067440e-01,-7.523221036461765973e-03,2.419343485696833287e-02,5.569670137199523863e-01,-4.616858488068050215e-01,1.210417990445474268e-01,1.868249377957695301e-03,-7.048420963202568779e-02,6.091026968650794376e-02,-6.653333430759945932e-02,2.492440517141378264e-01,-3.504839685339925515e-01,1.264425379624844803e+00,4.009133316280046877e-01,-5.425691938170618817e-02,-3.362420529144323489e-02,-9.762153876382134721e-02,-2.201891252656207609e-01,4.181343705131090882e-01,1.189349023824597618e+00,-1.434110893269003040e-01,-5.571128509831844988e-03,1.033211759265861285e-01
2.337549157476564304e-03,-1.689185699746880397e-03,7.290328806835949527e-01,1.103511006550354778e-02,1.333341657801973869e-02,6.620586058865925994e-01,7.492521930029312216e-01,-6.925909172989620777e-02,-1.123032625393961259e-01,-3.461259679300207615e-02,4.442419040920622120e-01,-4.145028105538642871e-01,6.698595746407358387e-02,-1.308742909282707978e-01,-7.003308219778070498e-03,2.532744908640629372e-02,5.567892025790235344e-01,-4.614307047993855271e-01,1.210432579098749128e-01,1.697709124720055834e-03,-7.116283164904799174e-02,6.139602989194180294e-02,-6.601017477824450141e-02,2.498102284408506568e-01,-3.501869876540215087e-01,1.264829068182298233e+00,4.003801897894530559e-01,-5.387623654614386720e-02,-3.329323346845665388e-02,-9.922283435900797199e-02,-2.193687052905363977e-01,4.173990160604594268e-01,1.189383270407834869e+00,-1.424494467152353228e-01,-5.505857463194867296e-03,1.034651263285994161e-01
2.384901320773421748e-03,-1.836620104468209003e-03,7.291351636802885228e-01,1.124427660635606355e-02,1.310604166057589837e-02,6.604692175725447312e-01,7.506545214375934805e-01,-6.877674214578850809e-02,-1.118610511326250251e-01,-3.294227135028635761e-02,4.450069704494344358e-01,-4.137739536515663286e-01,6.756609317732567566e-02,-1.303933046873925194e-01,-6.442607291095496166e-03,2.685081182019966733e-02,5.554110702662464760e-01,-4.600990116399832353e-01,1.239583220270950720e-01,1.504293506649856263e-03,-7.260397131560274164e-02,6.203369862839171883e-02,-6.510806310856032120e-02,2.506638670672379776e-01,-3.495270658236241945e-01,1.264526080833267008e+00,4.001432735416309838e-01,-5.428635474765859670e-02,-3.293499802931697251e-02,-1.015563353249614997e-01,-2.180122368678766021e-01,4.159861843674539372e-01,1.189451687774176536e+00,-1.406014855451577783e-01,-4.992387795473493539e-03,1.033243090354888927e-01
2.450744477881077084e-03,-1.992103682762947151e-03,7.290994294210868532e-01,1.152551949589423336e-02,1.287810630178327226e-02,6.587164368330657993e-01,7.521927762378342042e-01,-6.770319663407911581e-02,-1.112519731850976357e-01,-3.062086943047180598e-02,4.448650149588600500e-01,-4.142904661638467934e-01,6.774199630117117010e-02,-1.301207815955359726e-01,-5.779449082271517595e-03,2.889200209045765869e-02,5.546280994079609838e-01,-4.603260152419267337e-01,1.247672283175090824e-01,1.336371182035349728e-03,-7.367170858877611361e-02,6.245787765222866883e-02,-6.362498683622468121e-02,2.514914404700023254e-01,-3.480117256301356043e-01,1.264834699984660693e+00,3.990832459599853443e-01,-5.398418728110173509e-02,-3.309123781533832021e-02,-1.040189280843951125e-01,-2.165279508625696236e-01,4.147854066626313063e-01,1.189572882214634308e+00,-1.393242244754848702e-01,-4.747308795469614220e-03,1.035284982840279228e-01
2.569731581602049952e-03,-2.127041223411630863e-03,7.291282021873605190e-01,1.172443778193513371e-02,1.269424741209009000e-02,6.569181671429618063e-01,7.537638325887430213e-01,-6.676653766077182695e-02,-1.105789124396723833e-01,-2.871007708666449554e-02,4.447152456560778955e-01,-4.142307322652009627e-01,6.833735354768187553e-02,-1.298728992943307126e-01,-4.971122424093500462e-03,3.078865038024557882e-02,5.535364549725241279e-01,-4.599003877431364073e-01,1.255355675327856357e-01,9.443998615306585086e-04,-7.442053275917427657e-02,6.299733103147296676e-02,-6.239006362262917993e-02,2.522667211229163153e-01,-3.475744233164845820e-01,1.265683259889218260e+00,3.989648197393801943e-01,-5.366067917096681295e-02,-3.327195183090998765e-02,-1.062616785270150133e-01,-2.153847175453783014e-01,4.141080146338123602e-01,1.188636234520416446e+00,-1.380224233688279734e-01,-4.889518206766124003e-03,1.035522946277288442e-01
2.727881032559461780e-03,-2.258376338580231867e-03,7.291622111268847295e-01,1.199129533452898515e-02,1.241372487548819334e-02,6.547574494129185796e-01,7.556419725698181322e-01,-6.546582411595008866e-02,-1.098014010897027659e-01,-2.659272273076484366e-02,4.445923512523528021e-01,-4.142365967513287339e-01,6.946950670950081952e-02,-1.293937477345957487e-01,-3.826723797625363951e-03,3.343477308009430021e-02,5.522222016457996041e-01,-4.593606062303262627e-01,1.268941432185195228e-01,6.233435548030539196e-04,-7.524338424486978760e-02,6.339974767265875444e-02,-6.091298126879107766e-02,2.529985777269406211e-01,-3.471615780916539329e-01,1.267290709003878302e+00,3.992070553515482678e-01,-5.309760955240494518e-02,-3.278798122703614065e-02,-1.087145344068550651e-01,-2.141208172962946188e-01,4.133104892396115559e-01,1.187900634561886548e+00,-1.364743822372416482e-01,-4.890992489221500372e-03,1.034639830352772211e-01
2.935836531504826090e-03,-2.371652372517625389e-03,7.292336532236449731e-01,1.216104930291971031e-02,1.220820987820155773e-02,6.525998914733309730e-01,7.575067327360325287e-01,-6.409725716896330638e-02,-1.088427832905075332e-01,-2.447932039140524735e-02,4.438195160298670783e-01,-4.138047699132448298e-01,7.013552754443612425e-02,-1.287959012708520257e-01,-2.523616825995779814e-03,3.615094948164493394e-02,5.501480743857658506e-01,-4.583763082820225265e-01,1.278236817183979190e-01,-1.334947438583911766e-04,-7.597304572542359913e-02,6.340297253385564213e-02,-5.919961302884427234e-02,2.536541612248823796e-01,-3.464967775101874259e-01,1.269316123441335487e+00,3.995557973701189813e-01,-5.281281666859786311e-02,-3.259235353753762304e-02,-1.112968132904554319e-01,-2.127077378892099913e-01,4.125055269138153125e-01,1.187289742534073822e+00,-1.356049511575432576e-01,-5.175758810254262043e-03,1.029245566048426763e-01
3.204620938487686473e-03,-2.495498009481400548e-03,7.293063207485961374e-01,1.236916666633146311e-02,1.200331354793274762e-02,6.506482726358679969e-01,7.591836072359651189e-01,-6.264228073431557520e-02,-1.078329498714431234e-01,-2.224902315495159988e-02,4.429095962324424152e-01,-4.133664307265096372e-01,7.096840122933498196e-02,-1.283020816051038959e-01,-1.258171932364580275e-03,3.862292740443856731e-02,5.486135420693931675e-01,-4.575760446579101304e-01,1.285124011571526781e-01,-8.860316638938656782e-04,-7.684128261602937715e-02,6.351225989606108790e-02,-5.755109901539685879e-02,2.545500903315421892e-01,-3.456745096366431458e-01,1.271032138371762876e+00,4.001268405819117802e-01,-5.249448637021947306e-02,-3.205558907351643144e-02,-1.136168145066626806e-01,-2.110185500762571387e-01,4.119175027671000966e-01,1.186832796971541759e+00,-1.350114394145870977e-01,-5.332907298842275157e-03,1.030366749736117415e-01
3.520515942002170381e-03,-2.627852586794358729e-03,7.293680335296360839e-01,1.254210154005786816e-02,1.188228875970149569e-02,6.487112333318941770e-01,7.608385128605170689e-01,-6.123457962954222816e-02,-1.066717996882388247e-01,-1.956940782933377920e-02,4.417453485803990443e-01,-4.129670746249645141e-01,7.113391234670154994e-02,-1.280311096362746759e-01,-1.609532384064978061e-04,4.056502444975267074e-02,5.472055500058420341e-01,-4.569414300706518550e-01,1.295119235153619208e-01,-1.379256376067792287e-03,-7.746297185677078478e-02,6.364166836526684301e-02,-5.566114624208617218e-02,2.556450790850521293e-01,-3.452683610554137528e-01,1.271765887887015278e+00,4.005425116322258727e-01,-5.260147504245423628e-02,-3.212929436488245333e-02,-1.159055472385708829e-01,-2.095078634846991306e-01,4.115875111321294355e-01,1.186216390189199554e+00,-1.348758907380822603e-01,-5.464191588634105187e-03,1.029001051089769025e-01
3.883267458953093988e-03,-2.767238063993476306e-03,7.294503553692219811e-01,1.275682854853676072e-02,1.176157141193950526e-02,6.469763457836422704e-01,7.623126240327851022e-01,-5.983432840037484352e-02,-1.057115321556146292e-01,-1.772885290823799503e-02,4.405757603026067004e-01,-4.121875516021477059e-01,7.102775318823563444e-02,-1.277706665283638854e-01,8.345175534406924778e-04,4.214455430327168628e-02,5.461180220135816166e-01,-4.561661642666546279e-01,1.299994458852959112e-01,-1.582880605252174819e-03,-7.784618180323762959e-02,6.355724560063381878e-02,-5.390389221722245716e-02,2.567362708565761320e-01,-3.444886019508058284e-01,1.272515364651451097e+00,4.008018333767938146e-01,-5.241854119694298875e-02,-3.229372730452441387e-02,-1.176082659203905312e-01,-2.079909323344842076e-01,4.111233275030313217e-01,1.185399767673063431e+00,-1.341653965930392212e-01,-5.635250169870997111e-03,1.028498528439762832e-01
4.270956231274642897e-03,-2.926719562972044351e-03,7.293777241062693317e-01,1.282859491217287241e-02,1.182799851350329647e-02,6.459613774144794540e-01,7.631706391709085491e-01,-5.952914026200893660e-02,-1.050159895824612222e-01,-1.699570231631686301e-02,4.401337215203572906e-01,-4.128025323341714681e-01,7.066064817491386763e-02,-1.276449170586484994e-01,1.634516824561711365e-03,4.291928447499907678e-02,5.448634203642208629e-01,-4.572485548144377132e-01,1.281951802475335966e-01,-1.334742045438817946e-03,-7.742145181763115946e-02,6.330093366408490185e-02,-5.295969145778030990e-02,2.574876728885206467e-01,-3.440356221897277744e-01,1.273368378423991309e+00,3.993830663941991266e-01,-5.142415396808680539e-02,-3.288394495897561942e-02,-1.184049247581818176e-01,-2.072772205022579417e-01,4.117114495938751784e-01,1.183795641534216347e+00,-1.342860104169613655e-01,-6.269238446514001015e-03,1.024208044764194220e-01
4.650612692583771732e-03,-3.057460142214059665e-03,7.294684440616733268e-01,1.281954389540464201e-02,1.189791805910217840e-02,6.449328544534115304e-01,7.640390775914202015e-01,-5.902664523834562360e-02,-1.041836651907572103e-01,-1.620431327749942418e-02,4.391133110260154737e-01,-4.119514734294359437e-01,7.059707867405928816e-02,-1.271359843874415030e-01,2.528872974193253562e-03,4.377142235676613480e-02,5.425058453873687903e-01,-4.564692120495714156e-01,1.279156153496216475e-01,-2.053888071888771653e-03,-7.747133368875537551e-02,6.266662831807022493e-02,-5.228631811538170249e-02,2.582317114940778091e-01,-3.446007593113518674e-01,1.275037998929658745e+00,4.000663222784526241e-01,-5.110920680904110919e-02,-3.317583696596362181e-02,-1.192441537435258436e-01,-2.063682651067921814e-01,4.115701119264185692e-01,1.182234790738660335e+00,-1.344806178655345852e-01,-6.816754265718523095e-03,1.019405407768529670e-01
4.994150366703609470e-03,-3.196444058456020081e-03,7.295278456489375785e-01,1.289803789057139029e-02,1.197960411693163238e-02,6.439124226599710621e-01,7.648966738376775654e-01,-5.849657849711511343e-02,-1.035716156093164642e-01,-1.529993200887238419e-02,4.381486659397349492e-01,-4.111919254999696904e-01,7.047761923009278340e-02,-1.267525538302833321e-01,3.235105743965630692e-03,4.486932377104211472e-02,5.405448238565103702e-01,-4.559722507581034368e-01,1.278966650535134364e-01,-2.280977596527756883e-03,-7.774029364060933145e-02,6.189278992600179968e-02,-5.141974227049686541e-02,2.590102021548017497e-01,-3.443741651633062673e-01,1.276166922858413821e+00,4.008030830362311892e-01,-5.102095074418772774e-02,-3.249557977695213817e-02,-1.199375700220566138e-01,-2.052854551866070687e-01,4.113548387236856674e-01,1.181277149891786893e+00,-1.346107655310026241e-01,-6.528417651235737112e-03,1.017193853408698556e-01
5.290111411760442701e-03,-3.311566047990638535e-03,7.295773521875347223e-01,1.281626091326811684e-02,1.198322008663080425e-02,6.431113685904981114e-01,7.655716253115808501e-01,-5.800149471293313680e-02,-1.026195314992325164e-01,-1.441422157452286468e-02,4.371095973346980079e-01,-4.109008853052378840e-01,6.999376938537982262e-02,-1.261252828578148244e-01,4.211371485922521182e-03,4.589694818593369890e-02,5.381004470868642198e-01,-4.552675548127302907e-01,1.280723188274760505e-01,-2.194828760018575214e-03,-7.789784927907708600e-02,6.200513989857772690e-02,-5.067953645214030162e-02,2.598972808565077619e-01,-3.434495537960272626e-01,1.276030781968319872e+00,3.998532936857197573e-01,-5.137253029351065287e-02,-3.278101924826019864e-02,-1.209856195872056894e-01,-2.042151892291416415e-01,4.111510664451146768e-01,1.181016742805005348e+00,-1.348242357559197857e-01,-6.839791193963109042e-03,1.024344388010547946e-01
5.554535199013487315e-03,-3.409586112880081191e-03,7.296384014261220186e-01,1.279792620563991595e-02,1.183513519688633199e-02,6.426548153363187410e-01,7.659575255748514166e-01,-5.727483923536231397e-02,-1.017321166187346998e-01,-1.397269259329125130e-02,4.361872566269437423e-01,-4.104722477934653613e-01,7.006901367616888421e-02,-1.253756642017122280e-01,5.026625912005993138e-03,4.617915767534635368e-02,5.364016390329103823e-01,-4.543111904161144521e-01,1.285633398903571201e-01,-2.338314202291925589e-03,-7.819818489296170849e-02,6.179342243348828062e-02,-5.024770968692855722e-02,2.608897717456767351e-01,-3.430113896129188267e-01,1.276229468306101955e+00,3.991603708899546521e-01,-5.136365776888292961e-02,-3.303149787992834541e-02,-1.216912043219081641e-01,-2.031795523885311650e-01,4.109096072090823171e-01,1.181054810562375046e+00,-1.347752908080228351e-01,-6.971376503017692218e-03,1.028894533837709097e-01
5.766580697496742104e-03,-3.470679006113643397e-03,7.297197178540579809e-01,1.280100418587733734e-02,1.169200970989174235e-02,6.421395409121579689e-01,7.663917021979692601e-01,-5.621451241992492243e-02,-1.008335426198641027e-01,-1.290047323829429660e-02,4.347843921856717198e-01,-4.099220791459118329e-01,7.038774019907338697e-02,-1.243788909666961595e-01,5.750027669615746101e-03,4.669953606513598671e-02,5.342661022438339735e-01,-4.533034819357706913e-01,1.288899457108579061e-01,-2.534968109808260865e-03,-7.877109277723527703e-02,6.183658754695349480e-02,-4.974202713331253578e-02,2.620117907534997292e-01,-3.429843559339493808e-01,1.276076946197104878e+00,3.995667758966876537e-01,-5.173946458035129370e-02,-3.270477418593759761e-02,-1.224572202894769202e-01,-2.020261386779308166e-01,4.105295417054364293e-01,1.181157382850740678e+00,-1.348667964989707091e-01,-7.284931211694853186e-03,1.031049982766133882e-01
5.944507369577784091e-03,-3.490938536205251928e-03,7.297783267665052254e-01,1.269243688467016143e-02,1.173611753529785542e-02,6.416538352564600256e-01,7.667995313586222217e-01,-5.523629681994342983e-02,-1.001901635333399404e-01,-1.230392469722180887e-02,4.326902541254538659e-01,-4.095213237439555565e-01,6.965980097226877332e-02,-1.234409806891726274e-01,6.307455101569527101e-03,4.712582859753647324e-02,5.315481156813693930e-01,-4.527716626642040998e-01,1.286964074758730203e-01,-2.368232902016390896e-03,-7.875157527712542405e-02,6.200063589826931149e-02,-4.931096212066442275e-02,2.625174573723499938e-01,-3.413765549702197366e-01,1.276113115564972533e+00,3.977970158970486891e-01,-5.152804650970518180e-02,-3.325265751847300555e-02,-1.232326982280528699e-01,-2.010267873477397937e-01,4.097160181217263664e-01,1.181288521048351914e+00,-1.335251676432721579e-01,-7.130447804166572569e-03,1.028101598160532232e-01
6.102942563542742074e-03,-3.491670505905802163e-03,7.298441467509411140e-01,1.267829204360091180e-02,1.186519914186924540e-02,6.411438836412888254e-01,7.672242165296578875e-01,-5.383477311604165094e-02,-9.992981735233040508e-02,-1.197526777123856384e-02,4.296692530945610544e-01,-4.085906710055787761e-01,6.886747965586229037e-02,-1.224417575776331341e-01,6.351599463968569600e-03,4.705423907943550449e-02,5.287579196216687372e-01,-4.525679078020352630e-01,1.288359726705192720e-01,-2.045877885353395830e-03,-7.869699261674335811e-02,6.191883402061042901e-02,-4.918375554189561433e-02,2.629248041536601521e-01,-3.403521862525017427e-01,1.276789660361341117e+00,3.966267390487112077e-01,-5.131493008576960141e-02,-3.384808160778366576e-02,-1.237475004278445201e-01,-2.006233554781945150e-01,4.098419123538452613e-01,1.181009484190542969e+00,-1.343209096959198656e-01,-7.265875551643790307e-03,1.031427049060962137e-01
6.221655067620368920e-03,-3.503389101478391644e-03,7.298626204624737435e-01,1.273902671202670547e-02,1.183997569557345905e-02,6.408898333798455083e-01,7.674358303104653611e-01,-5.250476081692937586e-02,-9.957324968609644611e-02,-1.121928643098510370e-02,4.274406548622473045e-01,-4.083575874170254361e-01,6.878494697055399787e-02,-1.216971442866679187e-01,6.488941749055341865e-03,4.720616496593894873e-02,5.273050781175815382e-01,-4.523738368187037451e-01,1.295377210324058781e-01,-2.107025354800257533e-03,-7.903674904040573768e-02,6.249388170644294693e-02,-4.901890316691454030e-02,2.633628509786048455e-01,-3.390587333029589368e-01,1.276480608085357016e+00,3.948528847591767921e-01,-5.155311507078959299e-02,-3.423858296222467151e-02,-1.241191506476392176e-01,-2.000310432953562867e-01,4.091467249309531096e-01,1.180576102924512982e+00,-1.327201857814948871e-01,-7.623754073994311493e-03,1.033886675068520222e-01
6.316392235795754116e-03,-3.529075461382723267e-03,7.299235240416870329e-01,1.288259197137525160e-02,1.156213864835574021e-02,6.406807783585493077e-01,7.676122041863717715e-01,-5.141384586830362313e-02,-9.915428696566937206e-02,-1.098513005683513649e-02,4.267087428940310456e-01,-4.078918843893707402e-01,6.903441544212671199e-02,-1.208661692152620815e-01,6.817894256181598195e-03,4.730993906373880120e-02,5.267831876771000843e-01,-4.514645140980354521e-01,1.301053648507073113e-01,-2.030588465275006728e-03,-7.882501797157397128e-02,6.320128178167665201e-02,-4.901173811189893370e-02,2.638482308670260790e-01,-3.394629255816419278e-01,1.276348323210494629e+00,3.952614471092838477e-01,-5.183605182814218088e-02,-3.416948290628935708e-02,-1.244926886997379245e-01,-1.999909437079779584e-01,4.095000972215371293e-01,1.180263552172706065e+00,-1.331884780795568046e-01,-7.985697683158460292e-03,1.037941632528811692e-01
6.391805764461306293e-03,-3.565633821697151637e-03,7.299480383137032513e-01,1.300725453055898324e-02,1.143519426232879506e-02,6.404451365602288337e-01,7.678086185489916282e-01,-5.099862610546305325e-02,-9.898222275140142190e-02,-1.058240023840771593e-02,4.267677250214412243e-01,-4.077453670101539585e-01,6.955305081171107850e-02,-1.206268698151623658e-01,7.042310763768643359e-03,4.769639609978485600e-02,5.268525956015776002e-01,-4.512723309544292571e-01,1.304044201352653476e-01,-1.721034091880779219e-03,-7.916492795682567030e-02,6.393773229482253850e-02,-4.922955758529339726e-02,2.640225141631282191e-01,-3.389416522294752543e-01,1.277100042434271998e+00,3.938438532534258019e-01,-5.116537677031665621e-02,-3.388862243448421963e-02,-1.246067865093088284e-01,-1.995738795564473145e-01,4.091998484315989004e-01,1.180103425918022975e+00,-1.324400733802970909e-01,-7.352752020909637462e-03,1.039198658087026050e-01
6.457694206650797103e-03,-3.607949187698364715e-03,7.299390287670322053e-01,1.311953259772016475e-02,1.136931508736290994e-02,6.405475453295318422e-01,7.677222536250815077e-01,-5.102614371457637327e-02,-9.894383734174130862e-02,-1.047756583023047583e-02,4.271919114229317804e-01,-4.077199035668188642e-01,6.964539064921321243e-02,-1.203129027875696616e-01,6.959878212966133515e-03,4.736722790167389313e-02,5.267462900344310750e-01,-4.513775170235345136e-01,1.301027927805604445e-01,-1.764679430060032625e-03,-7.930319972964083863e-02,6.433282092655911999e-02,-4.961233807273993102e-02,2.643043604729868878e-01,-3.396112525826914808e-01,1.277224418765494862e+00,3.935542585157000839e-01,-5.130289408483476588e-02,-3.412697718702039501e-02,-1.243462457397488119e-01,-1.994591401790176688e-01,4.090838806339737732e-01,1.179189972422898691e+00,-1.322945794039872836e-01,-7.470977434784153298e-03,1.044454274106328268e-01
6.520509243787726839e-03,-3.615199664180341298e-03,7.299516770769927110e-01,1.306592562633188820e-02,1.159305860107211900e-02,6.405323316414682777e-01,7.677325150739311432e-01,-5.095130067997225010e-02,-9.916717504379050918e-02,-1.093719032375969208e-02,4.260469748049617866e-01,-4.071179232863864628e-01,6.921481663199084700e-02,-1.202162905665442039e-01,6.897496596656251672e-03,4.762659358038279916e-02,5.256804799641840997e-01,-4.517119027106064055e-01,1.292470671574963426e-01,-1.865217905896677728e-03,-7.938846416352504654e-02,6.422601681067854895e-02,-4.966718249752952175e-02,2.646877133911637592e-01,-3.393159052547525256e-01,1.277024097131733926e+00,3.937085219521463952e-01,-5.132809213936849468e-02,-3.405246052845113669e-02,-1.245782823308314025e-01,-1.995407615473119012e-01,4.088103618196513578e-01,1.179018772803355875e+00,-1.338417420758375997e-01,-7.104087598078004037e-03,1.047300425116296230e-01
6.575475817155396197e-03,-3.621559328881461017e-03,7.299707517637730181e-01,1.291214304461857885e-02,1.187501102788261070e-02,6.404703159261996293e-01,7.677825441441590293e-01,-5.111338894161177732e-02,-9.912379707466355272e-02,-1.066685159558038165e-02,4.248937064569180411e-01,-4.066162208531731714e-01,6.890470274732055089e-02,-1.205973437150857641e-01,6.702973205440478088e-03,4.717473463515201720e-02,5.249966933720343620e-01,-4.516683611832504330e-01,1.292055097361187732e-01,-2.193040113592239181e-03,-7.935782443175679046e-02,6.397892342277762545e-02,-4.960202296365542191e-02,2.649270386978181957e-01,-3.395842719217526673e-01,1.276580989940782063e+00,3.938466776230396538e-01,-5.110152946481310438e-02,-3.412442631484959715e-02,-1.246485251791436544e-01,-1.996531470328588020e-01,4.085571918405949687e-01,1.177965405394833631e+00,-1.340710646413666163e-01,-6.868497639393050108e-03,1.045340601891281140e-01
6.625701816865366481e-03,-3.618293514805209603e-03,7.299697796297056618e-01,1.281562218619553689e-02,1.227319605203842055e-02,6.405110848779673738e-01,7.677438886992838940e-01,-5.161141312107041246e-02,-9.960552932086040590e-02,-1.116245705690790263e-02,4.241362551509818002e-01,-4.061073587409297914e-01,6.894554728375183739e-02,-1.212097996942293893e-01,6.210963693057481097e-03,4.675793619757601105e-02,5.245899743397139936e-01,-4.519999756500064358e-01,1.288750664831088966e-01,-1.979633877735360696e-03,-7.941334979681295703e-02,6.401831869485211102e-02,-4.995347499844735029e-02,2.649103549329143714e-01,-3.391876633851560463e-01,1.276518964721397698e+00,3.922270890407438260e-01,-5.082166736714659183e-02,-3.453079729758435495e-02,-1.243782439328998818e-01,-2.000062584206136751e-01,4.089520585129262087e-01,1.176763950666525060e+00,-1.341051335646538667e-01,-7.196122458259105251e-03,1.054428381768089812e-01
6.650995125444186980e-03,-3.597747711182298046e-03,7.299699411469392496e-01,1.271925907838163117e-02,1.259764087316095696e-02,6.402761673517760599e-01,7.679361623300785533e-01,-5.194311041515792260e-02,-9.992562456747759725e-02,-1.109513945630195147e-02,4.235223050546328416e-01,-4.058119429410761425e-01,6.978910387302514340e-02,-1.220325056534148495e-01,6.161566557891918691e-03,4.755225279158119961e-02,5.247328401951480981e-01,-4.521791471812466323e-01,1.292249489153520503e-01,-2.141968907095559860e-03,-7.990929873148018558e-02,6.392268816127567865e-02,-5.013638332889093496e-02,2.649401711040864082e-01,-3.388029004853071458e-01,1.276989070680388361e+00,3.903649950054590700e-01,-5.048457090147220189e-02,-3.468382330161064869e-02,-1.247468193096639144e-01,-2.000667118998170069e-01,4.090939452725200209e-01,1.176380877673782965e+00,-1.337011599084439173e-01,-6.672886225391230254e-03,1.060276045424818625e-01
6.669021550956731430e-03,-3.574539497243667957e-03,7.299758843515458118e-01,1.269825522547315608e-02,1.285857625466971937e-02,6.399903888191464940e-01,7.681703675292671507e-01,-5.212724466626175723e-02,-1.002289092949875809e-01,-1.084701577372534226e-02,4.230749190966388573e-01,-4.055076019871550752e-01,7.051726561374695168e-02,-1.227169174766173376e-01,5.920402580175815332e-03,4.786820475534601937e-02,5.250113454571438965e-01,-4.523102172187712378e-01,1.296036199044241222e-01,-2.481858674493638874e-03,-8.010803920381698306e-02,6.391432072264463526e-02,-5.022511621428097511e-02,2.649074271514765266e-01,-3.390726428841082107e-01,1.277423229675768601e+00,3.901278098726510546e-01,-5.063530508771194039e-02,-3.479632137567603700e-02,-1.253940424645195173e-01,-2.000408488044127242e-01,4.090633573975427928e-01,1.176314371185101626e+00,-1.335910314092026430e-01,-6.313717247375017980e-03,1.065080882056270717e-01
6.688784165050551921e-03,-3.545147841912146131e-03,7.299449577718540860e-01,1.267477674182570548e-02,1.293457763340698924e-02,6.401170189344114192e-01,7.680639614032889195e-01,-5.221699486360113773e-02,-1.002548275104049591e-01,-1.068575048397564509e-02,4.229496284124636407e-01,-4.057647982416863752e-01,7.094002895894448157e-02,-1.229972149032890344e-01,5.756691127899764976e-03,4.753427533753285666e-02,5.254352303924012535e-01,-4.525795497353783947e-01,1.298697696998983020e-01,-2.570587666713882065e-03,-8.046391921914754219e-02,6.417242310556646456e-02,-5.043385674889225290e-02,2.651164975198051499e-01,-3.391831163881220412e-01,1.276912187126366671e+00,3.901791534801918315e-01,-5.103195137670565179e-02,-3.438492643938369925e-02,-1.253357635170420092e-01,-1.998968664429123243e-01,4.081706805006015126e-01,1.176086863773481372e+00,-1.323085211937540806e-01,-6.355494006739320634e-03,1.065854415866764326e-01
6.722470893019039280e-03,-3.491445958754503011e-03,7.299598092672308081e-01,1.263606654530382602e-02,1.301221549398352828e-02,6.402316417894334810e-01,7.679677447144557245e-01,-5.225626136251718817e-02,-1.001887515248272575e-01,-1.037514102737399635e-02,4.227906194168122300e-01,-4.055917867153576162e-01,7.105114527503093858e-02,-1.231561237702194778e-01,5.722448868156974899e-03,4.749703615562245185e-02,5.256097307075621172e-01,-4.523666362554601972e-01,1.304218084228310481e-01,-2.951838434089130124e-03,-8.077908485869692012e-02,6.437632032923687464e-02,-5.031215542670791629e-02,2.654839044942082227e-01,-3.390730691406766972e-01,1.276402748935433484e+00,3.900256577807985070e-01,-5.111398395764985697e-02,-3.445260471389144374e-02,-1.253545769037125168e-01,-1.996708047218110627e-01,4.078119884183797894e-01,1.175947688493143017e+00,-1.316428195714214044e-01,-5.991015498273122991e-03,1.072436686469457751e-01
6.769585848916777858e-03,-3.433143406462842162e-03,7.299508639851919334e-01,1.270608593077648257e-02,1.311218908028069161e-02,6.400919273207735793e-01,7.680813436457237797e-01,-5.243449281322275224e-02,-1.003983551898131876e-01,-1.028906030832779650e-02,4.232500917788238337e-01,-4.055566318592759290e-01,7.122188686745153929e-02,-1.235053364677214244e-01,5.610631001790005248e-03,4.783848994265282178e-02,5.263319199061105014e-01,-4.527122825342886347e-01,1.303824478315053215e-01,-2.968208508248202163e-03,-8.059259974333012055e-02,6.471182237736580745e-02,-4.985277447425436048e-02,2.656913718006621572e-01,-3.392469206085754196e-01,1.275548926648495840e+00,3.894290471541677068e-01,-5.130464415263700367e-02,-3.446976851191967117e-02,-1.256120386881922624e-01,-1.995679508584694284e-01,4.076774185656459881e-01,1.176162287512254823e+00,-1.310103102388464336e-01,-5.477995721543890868e-03,1.075588515994735234e-01
6.833993679736024424e-03,-3.353934080269156161e-03,7.298870956304825963e-01,1.264531970613781003e-02,1.320252499774556172e-02,6.403911245594444690e-01,7.678313596153152343e-01,-5.261194244837834322e-02,-1.002592394470414733e-01,-9.968651418425525379e-03,4.233336319927532010e-01,-4.062445551912493014e-01,7.101211748731291185e-02,-1.238837300851854117e-01,5.608081568131095124e-03,4.761880988225521139e-02,5.271295222401387592e-01,-4.533252950549720994e-01,1.302712652375102864e-01,-3.194259297803217056e-03,-8.060148905471091474e-02,6.477818875089938477e-02,-4.955435000095240183e-02,2.660053785075982002e-01,-3.391534421084628770e-01,1.274355003005178233e+00,3.889385834403628062e-01,-5.167492126253105111e-02,-3.475644635037739016e-02,-1.253982485907373934e-01,-1.995132340370766033e-01,4.077764418346535580e-01,1.176011909878436290e+00,-1.306342937429086359e-01,-5.444235644715892178e-03,1.078306074774697809e-01
6.914366122900096265e-03,-3.244787243935169652e-03,7.298476057548307638e-01,1.256989459661050218e-02,1.334821929906097882e-02,6.406030827214312939e-01,7.676532506276343426e-01,-5.261810659404707324e-02,-1.002713597709989218e-01,-1.004387084004373237e-02,4.229293914356975215e-01,-4.065856294332955145e-01,7.126249179078834872e-02,-1.246738033346114632e-01,5.627333864110467196e-03,4.744536781228077260e-02,5.285649278517448035e-01,-4.538945794657024413e-01,1.292657936072637848e-01,-3.534180135656540302e-03,-8.078066198420827404e-02,6.465474466005462217e-02,-4.911472052807161481e-02,2.664980161949859205e-01,-3.392869656432443981e-01,1.273268367415350211e+00,3.890394625950426843e-01,-5.146807215976413608e-02,-3.361653598900582463e-02,-1.251835059891061586e-01,-1.994646988441044766e-01,4.083833530946290313e-01,1.175958115671013493e+00,-1.304068527815664125e-01,-5.120840472719458830e-03,1.078837417969125551e-01
7.000430331713468519e-03,-3.121329282394946780e-03,7.297657064188297626e-01,1.273889616640151712e-02,1.345567524266653645e-02,6.407554284698212532e-01,7.675214304595550097e-01,-5.231394161968008077e-02,-1.007612580370665645e-01,-1.052994891941883698e-02,4.227572088622567614e-01,-4.069278684820850089e-01,7.103409644339657436e-02,-1.250368726147973175e-01,5.168635236109485678e-03,4.703152164168205446e-02,5.300504899172936435e-01,-4.551272676681515361e-01,1.282159606535056284e-01,-3.570615053660774682e-03,-8.074738762015316873e-02,6.440025640392642303e-02,-4.860701145075595198e-02,2.664707405586904665e-01,-3.385251560691261430e-01,1.273189210516051828e+00,3.892824829553564459e-01,-5.143446260792187974e-02,-3.284191253793237314e-02,-1.245622518386321487e-01,-1.993081216852121695e-01,4.079922836460614377e-01,1.175919133372903325e+00,-1.297989369529690129e-01,-5.401300980832162389e-03,1.077237934213297887e-01
7.066880146444019448e-03,-2.961221303185756007e-03,7.297359505165647020e-01,1.274106720460911960e-02,1.377441699009487180e-02,6.407350270635112643e-01,7.675327717674289563e-01,-5.204178712734335716e-02,-1.012163483734400127e-01,-1.069033248246455126e-02,4.215980951668081289e-01,-4.067013709737608007e-01,7.081688840185017264e-02,-1.255718983589957372e-01,4.744890375329878160e-03,4.700997072377113145e-02,5.306545139788648724e-01,-4.559848411441170257e-01,1.279317590063426546e-01,-3.709702774027936849e-03,-8.092861745610818724e-02,6.440905939691374260e-02,-4.819675224288219595e-02,2.665286557132297007e-01,-3.383750991124912511e-01,1.273044167591385278e+00,3.890882963114048465e-01,-5.160949324197208060e-02,-3.288730869772207160e-02,-1.242475121856930764e-01,-1.994293025639131967e-01,4.081750225282874123e-01,1.175539991374570326e+00,-1.300094086375056801e-01,-5.195549877328424146e-03,1.077280805183192663e-01
7.095298155548409973e-03,-2.802010375622305573e-03,7.297487838430927187e-01,1.272304756863561030e-02,1.397761785668824239e-02,6.408697430591056010e-01,7.674169158227974741e-01,-5.141342499681857831e-02,-1.013524644266706465e-01,-1.016886417220170397e-02,4.199975333885250794e-01,-4.063828722936725368e-01,7.098237855125388851e-02,-1.259650217313017517e-01,4.499520766743985919e-03,4.719235437543568140e-02,5.313298224898448385e-01,-4.561538493531412386e-01,1.286403436419120971e-01,-4.082070779999943250e-03,-8.135633350853850587e-02,6.472635228034401278e-02,-4.802340687530198826e-02,2.667013205439320855e-01,-3.384820374901338913e-01,1.272822487491115151e+00,3.894949698004809835e-01,-5.193441164068133414e-02,-3.290356918237340167e-02,-1.240066865182905542e-01,-1.995826853509969911e-01,4.089546126590670738e-01,1.174950815865079656e+00,-1.303931802343351876e-01,-5.054031806131085124e-03,1.078689959798126846e-01
7.086247433321432934e-03,-2.633093590236599592e-03,7.297550446492948595e-01,1.266157245473329557e-02,1.418318767879258105e-02,6.408469503153996216e-01,7.674331945138245237e-01,-5.073509061901441963e-02,-1.015992755832440531e-01,-1.014853433160296803e-02,4.182626099135223763e-01,-4.060511493723595877e-01,7.121363113278353363e-02,-1.260628264117649444e-01,4.271761818327370064e-03,4.740949314582721535e-02,5.311969495474391234e-01,-4.564772354418708544e-01,1.290559889698012497e-01,-4.052960063619128611e-03,-8.180472831948221168e-02,6.476819391378402235e-02,-4.761202726275785835e-02,2.668979586040660656e-01,-3.382757033536090696e-01,1.272386163710640172e+00,3.887757988601292514e-01,-5.245934578296078399e-02,-3.284241096886130612e-02,-1.238375112875867434e-01,-1.994640651909788676e-01,4.091597200487352981e-01,1.175399691291106219e+00,-1.303518090352413505e-01,-4.779444644521528909e-03,1.084596275719696967e-01
7.036945981515970241e-03,-2.489924657106310467e-03,7.297745448750193598e-01,1.258183429139709750e-02,1.432222083570402690e-02,6.410092062025610771e-01,7.672964023112317511e-01,-5.026423832602447406e-02,-1.017469986683295219e-01,-1.006364396393344407e-02,4.168747208191430076e-01,-4.056319970288203014e-01,7.142539181289413175e-02,-1.265538744680530236e-01,4.038936342792240689e-03,4.730239172236457706e-02,5.320096551947890440e-01,-4.563221222718271131e-01,1.292254015921951438e-01,-4.205567725158405011e-03,-8.203698778002560532e-02,6.489414656971331796e-02,-4.743783599247634875e-02,2.670348381001171334e-01,-3.390829992983427910e-01,1.272106011212855936e+00,3.888727980882921709e-01,-5.276472430847772843e-02,-3.321115860967079753e-02,-1.234606070902063285e-01,-1.998074884234244952e-01,4.100578553690777395e-01,1.175124157168767836e+00,-1.303999027038997560e-01,-4.953354898585371133e-03,1.087463298566218733e-01
6.945758583543350587e-03,-2.371002569164279601e-03,7.297706074116322439e-01,1.250511966356580677e-02,1.457800950810689104e-02,6.408577122764799183e-01,7.674193744210122681e-01,-5.006711030381551936e-02,-1.020993205757897287e-01,-9.752727378824585514e-03,4.157128192828499769e-01,-4.053060792191897077e-01,7.146143143947321363e-02,-1.268923022699119663e-01,3.507743690376584692e-03,4.717555152718935774e-02,5.318267748142554430e-01,-4.566427022710056738e-01,1.301631110083702192e-01,-4.029223198182065556e-03,-8.228490040186396681e-02,6.478996660154938414e-02,-4.710862394753704413e-02,2.671044829472713489e-01,-3.396641449544426372e-01,1.271722254893886461e+00,3.891064088977787550e-01,-5.345992648626896743e-02,-3.360686830831623867e-02,-1.233398369536508055e-01,-2.001784902887028539e-01,4.107112528252968020e-01,1.174961768702005083e+00,-1.310739289874722213e-01,-5.453682589662980397e-03,1.093625582557639780e-01
6.809304914501350912e-03,-2.281657097862556903e-03,7.297814261787376466e-01,1.241125500523204694e-02,1.467973026278237419e-02,6.409604388396996644e-01,7.673331623949446456e-01,-4.973013180961568386e-02,-1.021645275683801951e-01,-9.083523104479046539e-03,4.144823644227800807e-01,-4.050191435111564209e-01,7.162740726028712923e-02,-1.273696595980383650e-01,3.216838662407336957e-03,4.705638441842351777e-02,5.324215464288463151e-01,-4.565709650915426576e-01,1.304504897448838796e-01,-4.476154262557558577e-03,-8.277927302101913132e-02,6.449441944018594053e-02,-4.653567521956979147e-02,2.672407308850790475e-01,-3.405701076744193090e-01,1.270921824878911810e+00,3.896371449142819188e-01,-5.387021518250811880e-02,-3.406913632205477160e-02,-1.228808293927997619e-01,-2.006469338534898617e-01,4.114250691054870401e-01,1.174330043998232709e+00,-1.318014553381563758e-01,-5.798740327724323518e-03,1.094551067985631426e-01
6.641722973585566410e-03,-2.218712143532305253e-03,7.297598611139011204e-01,1.240761204781136266e-02,1.483228268544974950e-02,6.407006509012320716e-01,7.675472171067702076e-01,-4.949354193538831742e-02,-1.026230392756626864e-01,-8.769464533826092090e-03,4.135838080527476368e-01,-4.048851102264958701e-01,7.198682199594876041e-02,-1.277664630122669620e-01,2.750473872650352827e-03,4.734368702857336131e-02,5.325420617675569179e-01,-4.568917762658654680e-01,1.305117337869400040e-01,-4.601278824355642220e-03,-8.334839116540052051e-02,6.447086152464200082e-02,-4.598708696413163211e-02,2.672094331815519364e-01,-3.410710952788951755e-01,1.270459364850222928e+00,3.899490925527544505e-01,-5.427823211503778056e-02,-3.405754346970674834e-02,-1.227073446401660411e-01,-2.010320180738162099e-01,4.118364644849083489e-01,1.173520361712012239e+00,-1.319137047440298860e-01,-6.463547153465781792e-03,1.096821305066618540e-01
6.449268182495450363e-03,-2.178193567951934757e-03,7.297884621300826380e-01,1.240249665625262239e-02,1.500876064187709781e-02,6.403098153623536515e-01,7.678699470166252539e-01,-4.935930815031023405e-02,-1.031017215827446376e-01,-8.381742771356129329e-03,4.127519715461877015e-01,-4.042722416741992841e-01,7.187539326433574349e-02,-1.279250041976125740e-01,2.150291697752762174e-03,4.740989715099305779e-02,5.320645786205322469e-01,-4.569860158795380212e-01,1.307075884210761596e-01,-4.336383409610435925e-03,-8.353338016713991732e-02,6.384295024656842787e-02,-4.545380046292453458e-02,2.671118171401489216e-01,-3.420139683262109487e-01,1.270191603813288106e+00,3.916088224761324899e-01,-5.456430700466088218e-02,-3.429680584021549405e-02,-1.223970771636894161e-01,-2.015796649529450479e-01,4.117008850435827649e-01,1.172826882563194673e+00,-1.332217673530220747e-01,-6.808220036339950390e-03,1.091065644023345854e-01
6.223358481858969407e-03,-2.158032685205406136e-03,7.297765599491514710e-01,1.228286555476344050e-02,1.532122123101894995e-02,6.395340870217872675e-01,7.685119016195927077e-01,-4.950569740173278721e-02,-1.035412082557447405e-01,-7.487538552588983432e-03,4.118742654290196148e-01,-4.042286556651893403e-01,7.229462924781608624e-02,-1.284944542117136823e-01,1.734091115034837663e-03,4.823490102615790587e-02,5.311635072309821570e-01,-4.572437793560132357e-01,1.311941989380212559e-01,-4.291418341201298087e-03,-8.364510215899223500e-02,6.333077257449537534e-02,-4.454254282130108711e-02,2.667765775707324760e-01,-3.421531320343075833e-01,1.269764728856394687e+00,3.916672867150641224e-01,-5.522944310185972511e-02,-3.460656541706828154e-02,-1.229106576868449902e-01,-2.021259342913844792e-01,4.119236794529425039e-01,1.172204439837443601e+00,-1.343641932884013512e-01,-7.053205054940900678e-03,1.097880840840734507e-01
5.957452307152485971e-03,-2.166360152108207961e-03,7.298307003327523246e-01,1.234442573243860197e-02,1.533171985712474331e-02,6.383477546017919391e-01,7.694963922686116620e-01,-4.898669666784377652e-02,-1.037449493324982402e-01,-5.797908759143655111e-03,4.113274543230553970e-01,-4.036817192490027573e-01,7.262826046751481857e-02,-1.283400738510837857e-01,1.606660287816776694e-03,4.986034883921868638e-02,5.298326025290327479e-01,-4.565794851353378592e-01,1.325353912055127759e-01,-4.877552634183959963e-03,-8.455453739466151086e-02,6.288916110137335314e-02,-4.247995562982248563e-02,2.670363853031273993e-01,-3.423283377042276587e-01,1.267477705145338973e+00,3.906348322008724727e-01,-5.624507646660151933e-02,-3.463979017876746280e-02,-1.242075647568377655e-01,-2.022859749938078489e-01,4.116450077837053301e-01,1.171859941465898336e+00,-1.347882070762626006e-01,-6.758217206807276556e-03,1.099351156785832034e-01
5.703688647547441176e-03,-2.225086664583563779e-03,7.298561957083361529e-01,1.234625107001693922e-02,1.532999684311113497e-02,6.373241405421017358e-01,7.703444042527844982e-01,-4.918992579005038168e-02,-1.039126864859026972e-01,-4.694473340484735246e-03,4.118317040028817155e-01,-4.036085689895637096e-01,7.361185567029403243e-02,-1.286745501374761957e-01,1.525104276146375948e-03,5.085319554045543422e-02,5.294531660741850221e-01,-4.561346961204406081e-01,1.330966204025798294e-01,-5.237950117052472647e-03,-8.483556387755453176e-02,6.224443536170252977e-02,-4.072578229103600289e-02,2.670108122285858587e-01,-3.419104973140567050e-01,1.266200014500066251e+00,3.906619628557475021e-01,-5.666274521577396861e-02,-3.488961352811933286e-02,-1.249559470645934950e-01,-2.023800605170780753e-01,4.107545862451844054e-01,1.170965289206199245e+00,-1.353400354366215419e-01,-6.700555502244714100e-03,1.095954775669779335e-01
5.448817793724539116e-03,-2.319590674015159504e-03,7.297908522157378064e-01,1.223689722723590723e-02,1.535933686020014843e-02,6.361379390883992180e-01,7.713253992770032763e-01,-4.975203157584644209e-02,-1.038475447397826379e-01,-3.168254886455681985e-03,4.127195727453915053e-01,-4.047168679957444115e-01,7.496705128471797819e-02,-1.294159616870104723e-01,1.738386024636561639e-03,5.229739383899026373e-02,5.291268138788401965e-01,-4.562887102008787998e-01,1.343830456482678071e-01,-5.103762435755465100e-03,-8.542662071869101814e-02,6.225280585721317678e-02,-3.934688485303836081e-02,2.672607968530624212e-01,-3.423347704140767833e-01,1.264753967431811121e+00,3.898117976391883843e-01,-5.672093093058828972e-02,-3.478002074288277790e-02,-1.261532037680437590e-01,-2.023803129522991351e-01,4.107928086303441195e-01,1.170734725369904083e+00,-1.352250275315069195e-01,-6.644148752361645968e-03,1.097995964288382698e-01
5.213729744308137973e-03,-2.436807071195674392e-03,7.297823867453175906e-01,1.229322112688635560e-02,1.529187586499456374e-02,6.348212315611063694e-01,7.724098906708114498e-01,-5.035680480586870317e-02,-1.037931303321047161e-01,-1.300737495836735980e-03,4.144221605173868950e-01,-4.050296877614436575e-01,7.578017267185110928e-02,-1.298202657063623477e-01,1.855860116558274292e-03,5.380767990056090772e-02,5.287494398796206418e-01,-4.557935913872878109e-01,1.355836059388403347e-01,-5.524327816501373341e-03,-8.551271073755148389e-02,6.160684538128036181e-02,-3.765391399496913205e-02,2.673280979955300340e-01,-3.428586864753235264e-01,1.263770275318275793e+00,3.895415637860574209e-01,-5.711987934502898989e-02,-3.449519399892313209e-02,-1.274316590414056871e-01,-2.025441805972076903e-01,4.105491058926165060e-01,1.169657556485955041e+00,-1.351127640458802126e-01,-6.708999788289544963e-03,1.092091460413933401e-01
5.014507488862052914e-03,-2.561972304388026971e-03,7.297452814343561300e-01,1.217295109273491133e-02,1.537031682797308264e-02,6.334197589825394381e-01,7.735599405041618803e-01,-5.144131084369939905e-02,-1.036050773542362968e-01,5.051611622885684993e-04,4.161471370069919073e-01,-4.058171155202306979e-01,7.647384805441169442e-02,-1.304149983162385673e-01,2.131748376325588029e-03,5.530986974428453440e-02,5.277260972913886405e-01,-4.556647502935551319e-01,1.370256623642642502e-01,-5.552211777767783810e-03,-8.578249508627938669e-02,6.041134790712011926e-02,-3.572360535865448661e-02,2.674522766501059023e-01,-3.427397544597541867e-01,1.262532572976684753e+00,3.887284225783873559e-01,-5.750547896077426446e-02,-3.500181042296526823e-02,-1.284130965754233245e-01,-2.024126243868128172e-01,4.098165664358605076e-01,1.168739452549449220e+00,-1.350316649765879451e-01,-6.600097144712255282e-03,1.090300211371312000e-01
4.870809300222867649e-03,-2.683235608864008651e-03,7.297331084273156465e-01,1.209974211987321566e-02,1.540861479977089464e-02,6.320693743238617879e-01,7.746641058371205313e-01,-5.218610406315961348e-02,-1.033137493477209734e-01,2.226394704004791558e-03,4.175094402755309408e-01,-4.064037420330014472e-01,7.674097202226601300e-02,-1.305571768353267492e-01,2.245748117400029470e-03,5.617323268245033585e-02,5.261004271440895552e-01,-4.552149990685195324e-01,1.383961388355583466e-01,-5.655922922515994877e-03,-8.562778064264946198e-02,5.954596706057711797e-02,-3.385729717479542961e-02,2.675264269220609115e-01,-3.423479633890076368e-01,1.261505646242702783e+00,3.876626463255949395e-01,-5.767327842510455715e-02,-3.477315218913519523e-02,-1.293987094422098250e-01,-2.022334501714938004e-01,4.089060674765749304e-01,1.167866812373728136e+00,-1.345521611011448182e-01,-6.889586373080450708e-03,1.090092569371660658e-01
4.780253166487356820e-03,-2.789969324614343868e-03,7.297425534902777233e-01,1.193247919748329292e-02,1.545363720841424170e-02,6.309330030754075613e-01,7.755916107510955060e-01,-5.301391723550835655e-02,-1.029230083021921288e-01,3.387150797935133129e-03,4.186872674038002451e-01,-4.067661190267032323e-01,7.718471526469039556e-02,-1.309456182183859063e-01,2.703826883124512206e-03,5.721467013332216800e-02,5.248886560865467787e-01,-4.544589913385408964e-01,1.391531976913425173e-01,-5.834454136041607002e-03,-8.564822523620933825e-02,5.850523914157462757e-02,-3.211462485157679653e-02,2.677903994442731861e-01,-3.422955822585956875e-01,1.260306239915987225e+00,3.866312148092883594e-01,-5.797628336708626762e-02,-3.451421232465143318e-02,-1.301704539487920365e-01,-2.021136238810256613e-01,4.082487930992851899e-01,1.166938299268580836e+00,-1.342899952233368444e-01,-6.800230907325011120e-03,1.083339944315467873e-01
4.738459048433067873e-03,-2.889901038971674253e-03,7.297135749211511868e-01,1.179191191461234633e-02,1.557703495725888329e-02,6.299640391068050960e-01,7.763785263823159699e-01,-5.405353260515523284e-02,-1.025873875181143313e-01,4.700951635643900450e-03,4.201180072122167597e-01,-4.074285077590126813e-01,7.742384197000659607e-02,-1.312039082679834767e-01,2.878608470882783668e-03,5.772529242806864053e-02,5.234540872921369381e-01,-4.543249277838871114e-01,1.405106401065636113e-01,-5.697144332570230375e-03,-8.551617186610498134e-02,5.758980364802369217e-02,-3.066383965743282175e-02,2.679347101589247271e-01,-3.416262963651228168e-01,1.259365196151812194e+00,3.845156145814452864e-01,-5.800850856561529795e-02,-3.438259790873122307e-02,-1.305295565758612386e-01,-2.017517155928514605e-01,4.071412100661539468e-01,1.165989849682246060e+00,-1.330296562054761045e-01,-6.666060611057145549e-03,1.079618376635547439e-01
4.733044569061964704e-03,-2.987446453281393695e-03,7.296104232159215108e-01,1.156960196239604881e-02,1.574535723550248012e-02,6.294209283478343631e-01,7.768188482482302204e-01,-5.569866911592803727e-02,-1.021492813893714879e-01,5.592659341568724518e-03,4.221827397860586917e-01,-4.087983460691506643e-01,7.739264202623537259e-02,-1.320250381366818992e-01,2.989650078655215967e-03,5.739710765548386440e-02,5.231643641927085087e-01,-4.548559902834284352e-01,1.403126218080949505e-01,-5.432270470573360988e-03,-8.473609046338057005e-02,5.645801697592844892e-02,-2.970029503717403277e-02,2.678498218592511027e-01,-3.412625689892720415e-01,1.259426962106208192e+00,3.828373169497129580e-01,-5.767676014169038218e-02,-3.441079856205304932e-02,-1.301024166677688942e-01,-2.018062215326998365e-01,4.065605021807766062e-01,1.164417192138800683e+00,-1.325756574433026025e-01,-7.621387968954355420e-03,1.078688485426274601e-01
4.736357472962337764e-03,-3.071759123576476604e-03,7.295756647395656991e-01,1.149147631166587760e-02,1.581872040859542278e-02,6.289912304866531745e-01,7.771664853991695487e-01,-5.726088959143534052e-02,-1.019368072869090286e-01,6.265556118261801644e-03,4.248448317425812526e-01,-4.094340830891515792e-01,7.756039453909671644e-02,-1.328517557278150740e-01,2.909695614188086144e-03,5.688841887084391397e-02,5.237521561693817551e-01,-4.547826237516091052e-01,1.412563426059164629e-01,-5.226360010527776774e-03,-8.440650638464497479e-02,5.543570464124046582e-02,-2.886425481691514555e-02,2.677189994419644226e-01,-3.402695522604556322e-01,1.259013325481255885e+00,3.810896691473570908e-01,-5.756216730328229253e-02,-3.386795081756988762e-02,-1.294730396980380838e-01,-2.019494189341657087e-01,4.056129467896608110e-01,1.162916606168048927e+00,-1.318070788433202134e-01,-8.020593669068081660e-03,1.069721544683102793e-01
4.721972940756676181e-03,-3.130126305462777037e-03,7.295345674210793607e-01,1.130013118530798222e-02,1.613663407724362162e-02,6.286390164707398309e-01,7.774476850866246513e-01,-5.897120510130796078e-02,-1.019448887414729221e-01,6.695049608904456162e-03,4.266178075388092905e-01,-4.098959286561375537e-01,7.679293395929145949e-02,-1.335784649417967596e-01,2.530679297155816534e-03,5.614522265190074329e-02,5.231068500314017822e-01,-4.550730261122744036e-01,1.418635502472734566e-01,-5.078078047369918510e-03,-8.397092957585983175e-02,5.409395897006826631e-02,-2.783290932139086474e-02,2.676064078135934055e-01,-3.394764552043511574e-01,1.257768190351335802e+00,3.785732720774961368e-01,-5.790067178989718316e-02,-3.357613708554806065e-02,-1.285511370574976275e-01,-2.021910883234313838e-01,4.045453818620396436e-01,1.160876975015581625e+00,-1.309567707102430589e-01,-8.306807820581432050e-03,1.062968329802671946e-01
4.674719177436334645e-03,-3.192603847909929356e-03,7.295037841724429928e-01,1.119056229801515708e-02,1.619057951102479201e-02,6.283936146399909939e-01,7.776465145104405341e-01,-6.048614465815424501e-02,-1.016655532988351429e-01,7.471524923381427097e-03,4.290683203082286679e-01,-4.104888032773559292e-01,7.659019554279587749e-02,-1.344628419550385479e-01,2.371019475214765360e-03,5.545517336825921129e-02,5.239227838537746651e-01,-4.547763168997933092e-01,1.424510831886170448e-01,-4.969562761437290241e-03,-8.380485599704851074e-02,5.307538136592136746e-02,-2.659256247040578044e-02,2.675746896825458299e-01,-3.384022704614769728e-01,1.255965781749503796e+00,3.751109190587734732e-01,-5.827379796135257611e-02,-3.336155528755759686e-02,-1.277473478449891731e-01,-2.023523578941166245e-01,4.039101208468778847e-01,1.159353401529463756e+00,-1.301929769748790267e-01,-8.540213374161560733e-03,1.060168382106014273e-01
4.594370775162876126e-03,-3.240585084655897563e-03,7.294281454486555294e-01,1.094133772051279069e-02,1.637032509117369861e-02,6.285209018762084598e-01,7.775434235398119842e-01,-6.203894249147893364e-02,-1.013707485894090043e-01,8.277276323081422804e-03,4.307143252601932093e-01,-4.114231363766910343e-01,7.601691060683196666e-02,-1.351790553745695900e-01,2.113679661307965238e-03,5.452237744359167415e-02,5.239307493084772727e-01,-4.551910144957020954e-01,1.436114602629094128e-01,-4.834863601073062858e-03,-8.360731792390206640e-02,5.153908568458727413e-02,-2.537609367504456079e-02,2.677434326480381821e-01,-3.370719608221212082e-01,1.253559660260257225e+00,3.727107903032503833e-01,-5.884064353644868905e-02,-3.328607382961156630e-02,-1.265768447344157166e-01,-2.026717550941750656e-01,4.030441495651200801e-01,1.158125362797284508e+00,-1.304783235774346906e-01,-8.746626478716624034e-03,1.055614635817675451e-01
4.474505105992328778e-03,-3.291939030472324987e-03,7.293861029946333563e-01,1.077585655652181507e-02,1.644896682919873288e-02,6.284082426878375705e-01,7.776351284038728329e-01,-6.364390413630341414e-02,-1.011864745418670081e-01,8.881242126565491724e-03,4.330628517667371447e-01,-4.120485259195428296e-01,7.565565823383102462e-02,-1.359533444055940343e-01,1.864428017471681659e-03,5.381627586577091699e-02,5.243769920237505433e-01,-4.551115315552338170e-01,1.444860573669912163e-01,-4.673846640063715301e-03,-8.340854447881485001e-02,5.051030109958916381e-02,-2.411003840956542701e-02,2.678442820949090142e-01,-3.364988107336330803e-01,1.251141390181962576e+00,3.698580722678788124e-01,-5.940065605314313185e-02,-3.341447291148801069e-02,-1.256157325864611929e-01,-2.031226607202497314e-01,4.028611335023220552e-01,1.156522752059035763e+00,-1.301895027424119222e-01,-9.127658873044118201e-03,1.053295758076381178e-01
4.324754321586755587e-03,-3.342151867844709960e-03,7.293708755320854609e-01,1.056676068997780375e-02,1.653971092171468982e-02,6.283361000744279723e-01,7.776943659783090990e-01,-6.499681739067630915e-02,-1.009031533710907091e-01,9.817757710647405378e-03,4.347263526392605160e-01,-4.124993568815145673e-01,7.531848430901090519e-02,-1.367284800102056552e-01,1.649530014083962909e-03,5.317617395956832083e-02,5.246701843496952566e-01,-4.548168836059581777e-01,1.453133150679054852e-01,-4.477532443842583559e-03,-8.335833311454697581e-02,4.934440116961983508e-02,-2.271627193819513585e-02,2.680990697726889915e-01,-3.360072063848143498e-01,1.248178186084253571e+00,3.673881174888073420e-01,-6.017374575060649433e-02,-3.337621925618303870e-02,-1.247520586010653770e-01,-2.034383475888707771e-01,4.025038098800435837e-01,1.155531168031496136e+00,-1.302782169607217544e-01,-9.146036661287337138e-03,1.053067914380944603e-01
4.160989201379612125e-03,-3.406534891925223907e-03,7.293306167313369226e-01,1.043464559998403055e-02,1.655423092990492354e-02,6.285019592071738881e-01,7.775618064708844646e-01,-6.623159325194524771e-02,-1.007429648920761950e-01,1.040581217809469217e-02,4.364091238201109890e-01,-4.129839344388898104e-01,7.491896430122106654e-02,-1.375393795104671857e-01,1.317429639349521411e-03,5.228576969860876389e-02,5.256434746748903653e-01,-4.547642306213991459e-01,1.455843986988288041e-01,-4.423249527294091828e-03,-8.336813713836016548e-02,4.825445309853958198e-02,-2.153132404947536230e-02,2.682460552018116062e-01,-3.354335177880516383e-01,1.245494656331522565e+00,3.649318693513156076e-01,-6.081907252346570314e-02,-3.307236826441342648e-02,-1.236460502559001556e-01,-2.037037245898972171e-01,4.017387090728942178e-01,1.154369339039344800e+00,-1.302473980282756738e-01,-9.457164819056335450e-03,1.049382570109357316e-01
3.983397423463125309e-03,-3.467162213076922621e-03,7.292976454630286653e-01,1.027806056342959323e-02,1.671021858627783768e-02,6.284087095671412326e-01,7.776359198275327733e-01,-6.748586428190329889e-02,-1.007229273184829244e-01,1.124130430573420242e-02,4.376885675589634594e-01,-4.132768248852431436e-01,7.440202257412140141e-02,-1.385118137311477371e-01,8.183303634569398174e-04,5.146822838688220464e-02,5.262483183933966968e-01,-4.548820801593993490e-01,1.460556578883055456e-01,-4.406266661265114543e-03,-8.336662132441532980e-02,4.700913732947412105e-02,-1.997715739921395242e-02,2.683964474372991793e-01,-3.346045104516388591e-01,1.242166261962099449e+00,3.613774967366680246e-01,-6.157287235666807079e-02,-3.303413918497841856e-02,-1.228267439846207204e-01,-2.039616509187239801e-01,4.008479201310652940e-01,1.153064627920970420e+00,-1.301567675537353974e-01,-9.545488736573390365e-03,1.047945791171166485e-01
3.795265281756715972e-03,-3.529523067539107675e-03,7.292491386019782640e-01,1.020876436047262262e-02,1.684187732393145273e-02,6.282526869017103222e-01,7.777600489220429791e-01,-6.852454084496238662e-02,-1.008252876795435321e-01,1.208153539696099621e-02,4.388289150621565438e-01,-4.135349000980680367e-01,7.354925000323331297e-02,-1.393693892650473554e-01,2.122669079294443178e-04,5.079865588534296372e-02,5.268633048641978567e-01,-4.551033803971991643e-01,1.466544063248877428e-01,-4.353162493115732105e-03,-8.351414796027913090e-02,4.585030436674462223e-02,-1.857624912400350839e-02,2.685285160227973145e-01,-3.341509222140859325e-01,1.239438583638937663e+00,3.577294005824686596e-01,-6.234311409536621995e-02,-3.307881459257587531e-02,-1.219131993778741208e-01,-2.043387637045028793e-01,4.001627790564202258e-01,1.151231758562283547e+00,-1.295612205632187264e-01,-1.006503334422672799e-02,1.046100252055990054e-01
3.604571271104211553e-03,-3.582776505400289517e-03,7.292269013152729018e-01,1.020042692368835699e-02,1.710438467450789424e-02,6.280211157950269518e-01,7.779414305916928507e-01,-6.958888556824197047e-02,-1.013098964832447879e-01,1.261775270367768154e-02,4.397119614226192574e-01,-4.132658824167435019e-01,7.265283918481475756e-02,-1.401923585129929428e-01,-8.056895948995073178e-04,4.984448190974644088e-02,5.271794752637141146e-01,-4.554834101497563514e-01,1.469631452563097129e-01,-4.028288383812677481e-03,-8.339635420444044267e-02,4.482174810706462953e-02,-1.722610020929937064e-02,2.685078876442462126e-01,-3.332355342047220725e-01,1.236830514355673039e+00,3.549464296157427423e-01,-6.287057381046970428e-02,-3.256966402857189996e-02,-1.209552601517840248e-01,-2.048345000040077968e-01,3.990713436214387011e-01,1.149428685731406219e+00,-1.291532046838481662e-01,-1.041443122176557295e-02,1.040210724207643184e-01
3.392199820037082765e-03,-3.619422821318110488e-03,7.292210281187078147e-01,1.014898280866722430e-02,1.729465908078527125e-02,6.280510245185080276e-01,7.779137506925049017e-01,-7.034991544519759998e-02,-1.016149931498110393e-01,1.331569093075758714e-02,4.400677042509142378e-01,-4.129823099557447530e-01,7.183158684279458694e-02,-1.405395156813436242e-01,-1.693366600534117195e-03,4.898567517193338355e-02,5.268284379502456982e-01,-4.554605455999387043e-01,1.479271913054972243e-01,-3.793030992301232689e-03,-8.348708830704117123e-02,4.376613849031408404e-02,-1.605896387385378349e-02,2.684190730878707187e-01,-3.323791242073302343e-01,1.233996259486751734e+00,3.520633137215681829e-01,-6.354011833819005195e-02,-3.271825286919620435e-02,-1.196907165086713853e-01,-2.054357515286058533e-01,3.977456655673993757e-01,1.147429097853105207e+00,-1.285706580877317429e-01,-1.098689799383250829e-02,1.034697620353505210e-01
3.151080211557267044e-03,-3.643965118696152611e-03,7.292431511858864512e-01,1.016232824363350745e-02,1.727887549269629952e-02,6.278939358758368616e-01,7.780407269781746127e-01,-7.080085949680901825e-02,-1.018369240338794224e-01,1.383706019482115052e-02,4.407647840946538054e-01,-4.125251796376399049e-01,7.145917279683582091e-02,-1.406526432437546215e-01,-2.143365852339885677e-03,4.894733888918528786e-02,5.267424021739151030e-01,-4.550190650286517480e-01,1.480442830458976178e-01,-4.054993580549155416e-03,-8.360475165852372659e-02,4.296402860711939081e-02,-1.470124892240013206e-02,2.682522498751437889e-01,-3.316868248955253673e-01,1.231594629069227453e+00,3.494154463090885510e-01,-6.383636702650850869e-02,-3.234086184203902731e-02,-1.189097458806745305e-01,-2.060461917250873964e-01,3.969629159471981250e-01,1.145573112369602242e+00,-1.280335850495081529e-01,-1.144452506542740187e-02,1.027161907618008851e-01
2.895685123289213313e-03,-3.654754850543281280e-03,7.292699885591003017e-01,1.009202710735673456e-02,1.731385341354250290e-02,6.277510331337865512e-01,7.781561680461718256e-01,-7.122763134911339056e-02,-1.019942210721672404e-01,1.443387147738595805e-02,4.411089421246076614e-01,-4.122498586041905000e-01,7.090025137195894722e-02,-1.406999198281039531e-01,-2.606536526451303133e-03,4.869442672495852970e-02,5.261566642478388012e-01,-4.545109526451251991e-01,1.487412350093100799e-01,-3.956064631096994563e-03,-8.345953527201316335e-02,4.181618985802283694e-02,-1.342942364055168397e-02,2.679606792906965018e-01,-3.313237229281833507e-01,1.229717438212853065e+00,3.477197965453370232e-01,-6.390358926725095423e-02,-3.235903084555163955e-02,-1.179766006161966779e-01,-2.067183667927108004e-01,3.962244657163213613e-01,1.144439423612654716e+00,-1.283009848644457440e-01,-1.157166666229200377e-02,1.023131214931611715e-01
2.620650632538227935e-03,-3.652408609842510041e-03,7.292926850166135955e-01,9.854153496498738868e-03,1.734571165135475115e-02,6.273880547949390873e-01,7.784511870674987177e-01,-7.170378554761866474e-02,-1.017907398395722363e-01,1.528593209857402602e-02,4.412427389123029786e-01,-4.121934242346353416e-01,7.058656725212773819e-02,-1.410253346557576726e-01,-2.664768879160005731e-03,4.875723389650341716e-02,5.255276190558555438e-01,-4.538654341616892296e-01,1.491313000151382739e-01,-4.110911003464395516e-03,-8.330692977980003189e-02,4.068502054861770217e-02,-1.201475655673546125e-02,2.676030969888498756e-01,-3.311020647244665716e-01,1.228151380128863046e+00,3.465367398611570171e-01,-6.409648082274761738e-02,-3.289672268794985310e-02,-1.175555319750554439e-01,-2.072063379297867936e-01,3.953340918478008836e-01,1.143758097245629601e+00,-1.287488939229073925e-01,-1.173626053638204825e-02,1.019365919092011796e-01
2.348093181884960100e-03,-3.658113432397461749e-03,7.293043235547524983e-01,9.652546029071945935e-03,1.742269821289843881e-02,6.269996832097469719e-01,7.787648394714643540e-01,-7.209543808600298032e-02,-1.016930983394229437e-01,1.619588023042203839e-02,4.411059752053478333e-01,-4.119422305695492614e-01,6.993775726097904710e-02,-1.412976730697805827e-01,-3.005406821617115885e-03,4.837191793249381172e-02,5.246821581358089848e-01,-4.533886639774292737e-01,1.499754412963879846e-01,-4.037870412639005258e-03,-8.328467697977205708e-02,3.980069794243289855e-02,-1.106209095156609687e-02,2.671573104345119631e-01,-3.307570873740673933e-01,1.226896082254882892e+00,3.441944985160138581e-01,-6.439399917752776370e-02,-3.324477018623372970e-02,-1.173685303836188715e-01,-2.076518155304485913e-01,3.947558043579689202e-01,1.143078494949903323e+00,-1.282954055805960447e-01,-1.196985525194715905e-02,1.016427923782573239e-01
2.086778174624360615e-03,-3.686705371572985244e-03,7.293485340870020650e-01,9.537072598893848313e-03,1.730297139817787641e-02,6.267374742335511950e-01,7.789799675334312390e-01,-7.218182979802664767e-02,-1.014747710550712584e-01,1.707908153881340652e-02,4.412074238986120056e-01,-4.116391539852726211e-01,7.017808675289242959e-02,-1.409787412283609320e-01,-3.311200996737526971e-03,4.766955136058149967e-02,5.235672445949404175e-01,-4.524062742766583600e-01,1.516430444750549167e-01,-3.734899081401620979e-03,-8.326896303148022260e-02,3.875945537101040117e-02,-1.063345388322298538e-02,2.666079222291994344e-01,-3.303859722313638447e-01,1.226396360016150933e+00,3.430822296434309360e-01,-6.465409358374010762e-02,-3.360524874202546614e-02,-1.169249305572586106e-01,-2.082190611858552587e-01,3.940778222923776997e-01,1.142643939391367214e+00,-1.284102699940142811e-01,-1.194411785150114799e-02,1.013152554468167571e-01
1.839643430416340120e-03,-3.745060297080838804e-03,7.293762888509712772e-01,9.465980162044407981e-03,1.729192093160728319e-02,6.262273537809310842e-01,7.793912278609498312e-01,-7.261222353742755042e-02,-1.014698279723684482e-01,1.795407572428551340e-02,4.417288886449451391e-01,-4.112542501685777507e-01,7.000424421685523535e-02,-1.409962856995094493e-01,-3.716868211138670258e-03,4.723356791774274005e-02,5.226676172590081215e-01,-4.518224442759113391e-01,1.526814554821902536e-01,-3.360216007522434135e-03,-8.327240406851739440e-02,3.813374795941783246e-02,-9.899616279160142890e-03,2.659777323698113705e-01,-3.290481961542703337e-01,1.225543339467575432e+00,3.398899355080464146e-01,-6.484257232352161338e-02,-3.358349967898831973e-02,-1.164092489423240728e-01,-2.088673526690339732e-01,3.935494321101563608e-01,1.140812442807538574e+00,-1.278762476354927402e-01,-1.222510304331744443e-02,1.005918957755258525e-01
1.616946475471454274e-03,-3.847597432536375116e-03,7.293866016833953081e-01,9.421760616205325858e-03,1.724274721441932529e-02,6.256753991856515151e-01,7.798360167043233426e-01,-7.322472971983146062e-02,-1.013428404871980076e-01,1.889917580160840882e-02,4.427293613352191182e-01,-4.110999206899291214e-01,6.951121199571821951e-02,-1.412491245703760834e-01,-3.923135104247415725e-03,4.719419317847487610e-02,5.222987194230841457e-01,-4.512434024703061430e-01,1.532812800933887609e-01,-3.312486411746612402e-03,-8.307397557706289182e-02,3.793395104140226404e-02,-9.215925467035861185e-03,2.654829522572477174e-01,-3.285143607892327400e-01,1.224724295279744801e+00,3.375395173145397387e-01,-6.514176505384508542e-02,-3.358770232389329813e-02,-1.164212464214466891e-01,-2.094800688332237870e-01,3.933322670875797900e-01,1.139442019967079833e+00,-1.279769886581545724e-01,-1.258073401613735154e-02,1.005183479906346794e-01
1.430756917034889039e-03,-4.001374004256936200e-03,7.294136872426231211e-01,9.453101233001921788e-03,1.710805843878632215e-02,6.250963732315067967e-01,7.803028113407960431e-01,-7.375779587639058610e-02,-1.011208452271876446e-01,1.997600531339170649e-02,4.439367183999117783e-01,-4.108258403926617897e-01,6.921651742620854586e-02,-1.416048407136726861e-01,-4.172200984333454196e-03,4.664401094486462368e-02,5.224859504756298456e-01,-4.505668995636444851e-01,1.535233772880913172e-01,-3.178590576874798165e-03,-8.285618471124231443e-02,3.748860518889694099e-02,-8.495419639716835641e-03,2.650859213100884015e-01,-3.286596567520316814e-01,1.223969656952609286e+00,3.355267033055888137e-01,-6.539239562074365686e-02,-3.416107602009284261e-02,-1.161953124440225360e-01,-2.101592296938988580e-01,3.929180371218942702e-01,1.137574545942835913e+00,-1.278533777478770006e-01,-1.320720924453495752e-02,9.980323924141112912e-02
1.279392654361208954e-03,-4.180024693049671537e-03,7.294287574725875078e-01,9.453157535785943616e-03,1.716596015801295089e-02,6.246978141364485371e-01,7.806206560408196493e-01,-7.426289242120052980e-02,-1.009110568412528164e-01,2.164095207209874860e-02,4.442776178880748494e-01,-4.105323682479824488e-01,6.865591161019439503e-02,-1.418819992060731949e-01,-4.720784393929311484e-03,4.591864533747207211e-02,5.217997104648602891e-01,-4.500754185390293260e-01,1.548985056447147457e-01,-3.120889005612780161e-03,-8.296179342110208965e-02,3.707708921696758336e-02,-8.223640456889242528e-03,2.647436661110104672e-01,-3.276553880646719819e-01,1.223731246988661425e+00,3.331063403517122712e-01,-6.551499677436405100e-02,-3.472614055897184360e-02,-1.161741846683694845e-01,-2.103666937762131428e-01,3.921404775198390480e-01,1.136341689881668282e+00,-1.282842334917875526e-01,-1.359222719840313259e-02,1.000853020191823928e-01
1.148941439947996981e-03,-4.401213697953198015e-03,7.294154228073498336e-01,9.570944044842712509e-03,1.710011873030509860e-02,6.241831979558626342e-01,7.810322133939751055e-01,-7.484480051150771418e-02,-1.007937075988506043e-01,2.290054527166358531e-02,4.454250942433389815e-01,-4.104338933835867120e-01,6.845525242966341017e-02,-1.422982816998628608e-01,-5.219630437485574953e-03,4.524557931838774777e-02,5.220104381924717263e-01,-4.497449008575039042e-01,1.562225499461790401e-01,-3.016158645216034800e-03,-8.269178493833935495e-02,3.698723462224062092e-02,-8.037875680691083241e-03,2.645430071196850363e-01,-3.276834773338639373e-01,1.223210004031613840e+00,3.308625666721426994e-01,-6.624216271122662647e-02,-3.511388342469728974e-02,-1.165669101011405917e-01,-2.109561193796554712e-01,3.924292854265352681e-01,1.134911987789408938e+00,-1.290510078667966021e-01,-1.426360722926099320e-02,1.003663462005335294e-01
1.030932383262129310e-03,-4.660210285264345699e-03,7.294023313085600257e-01,9.774909769666391413e-03,1.698338237850969060e-02,6.237202753306763103e-01,7.814019669820426728e-01,-7.571980021905949654e-02,-1.008302946280422580e-01,2.370977985325856824e-02,4.474419113870680142e-01,-4.102766643142104486e-01,6.797293909456833538e-02,-1.432380966695112057e-01,-5.679381092646436369e-03,4.465609723788308005e-02,5.236704455586363993e-01,-4.496403806712129803e-01,1.562927472788027405e-01,-2.965731196604860093e-03,-8.259706892237998754e-02,3.700823585993352066e-02,-7.705141343931552061e-03,2.643023825522237136e-01,-3.276884204161687464e-01,1.222484451266342864e+00,3.285518106898001611e-01,-6.658994840450402353e-02,-3.581908526112766167e-02,-1.166960289594197453e-01,-2.115598473166615534e-01,3.923849477850302470e-01,1.133220612905079472e+00,-1.291027378973919337e-01,-1.462202323111775303e-02,1.000148957505151287e-01
9.098168977567948259e-04,-4.930453391332908358e-03,7.293506184169207263e-01,9.899294556156335717e-03,1.702441621945241512e-02,6.228744050541449306e-01,7.820739407166833468e-01,-7.699448553033637344e-02,-1.006582533788613204e-01,2.561973637384104552e-02,4.496755429867325127e-01,-4.104394227808821349e-01,6.757234736105034723e-02,-1.445383467458697391e-01,-6.191529153693255474e-03,4.416584016079723451e-02,5.249516074785522957e-01,-4.498358586891155753e-01,1.572749594944459484e-01,-3.013082194273325985e-03,-8.266275239272044550e-02,3.684055757112827262e-02,-6.833799068570112906e-03,2.644122107819543155e-01,-3.278583343483474910e-01,1.220877064228425901e+00,3.262142310905110087e-01,-6.741652014728544140e-02,-3.649316992342533511e-02,-1.172686576471392572e-01,-2.120888867049371684e-01,3.927386605163011302e-01,1.131079372847990427e+00,-1.293723392690062646e-01,-1.503613731449433139e-02,9.994559026241708888e-02
7.619007982714422547e-04,-5.218919396451847728e-03,7.292428782981328350e-01,9.965520017020636917e-03,1.704156153492127068e-02,6.221959451399134977e-01,7.826125985714081912e-01,-7.879500231415818845e-02,-1.004227907466327813e-01,2.744321763051640883e-02,4.528353571399971744e-01,-4.115555958359053967e-01,6.717215618275125533e-02,-1.462630298871744616e-01,-6.487925257942553890e-03,4.401386004091564080e-02,5.270139028036467943e-01,-4.503476480823149775e-01,1.575120292790086196e-01,-3.167189175162289129e-03,-8.298251730763739342e-02,3.712097110701502445e-02,-5.886495965353219506e-03,2.645802406874233625e-01,-3.275274291969045293e-01,1.218536367530190345e+00,3.221797758592286898e-01,-6.793489043217533496e-02,-3.673812675524312094e-02,-1.177178032133973234e-01,-2.127810494969020194e-01,3.933473402694708243e-01,1.128225866706612956e+00,-1.300105984660210601e-01,-1.574104666254240101e-02,9.900242061005444516e-02
5.996337643836792061e-04,-5.497853459506739544e-03,7.291371302292140033e-01,9.987321806880364999e-03,1.719631312754784161e-02,6.213264390019334060e-01,7.832994296021935643e-01,-8.037534142038255114e-02,-1.001645606551614387e-01,2.980505294500654725e-02,4.550451363002542271e-01,-4.123001032922034570e-01,6.663164385528158595e-02,-1.480888524095154424e-01,-7.064974049137997397e-03,4.344392689462789336e-02,5.285711672358719415e-01,-4.510034314758183949e-01,1.584758223502939767e-01,-3.383303482823715735e-03,-8.322863315022763220e-02,3.717776089031051695e-02,-4.405060531784889266e-03,2.651560304243916755e-01,-3.275505816921679969e-01,1.214854715117599238e+00,3.187388229980828713e-01,-6.893831049728460503e-02,-3.749510707145827654e-02,-1.183008899714469431e-01,-2.133005945299037143e-01,3.936377017507941556e-01,1.125326187555252044e+00,-1.304552910438420699e-01,-1.609261222845096220e-02,9.909236553365949329e-02
4.128451777195463364e-04,-5.776116819507621028e-03,7.290787385855171943e-01,9.909895892625657579e-03,1.742972497041733043e-02,6.206189635650144476e-01,7.838559183385299667e-01,-8.225565042481167155e-02,-1.000025642798990644e-01,3.174185757174623201e-02,4.571831336118566957e-01,-4.127148013675608351e-01,6.663715834057316878e-02,-1.500838471133259522e-01,-7.666352975544632464e-03,4.271001208080780348e-02,5.300207912420381584e-01,-4.511972698091849532e-01,1.593402555285332034e-01,-3.336812916569715723e-03,-8.355537747519417580e-02,3.682654945714734784e-02,-3.323759344697318346e-03,2.656408261188659137e-01,-3.276430638655666305e-01,1.212028361908191521e+00,3.160565157998964647e-01,-6.934337813473029355e-02,-3.763837894980719134e-02,-1.187202222749159514e-01,-2.140868912979376759e-01,3.946351155849960879e-01,1.122890427069707542e+00,-1.319191918496276650e-01,-1.588968238444876321e-02,9.948723506468881705e-02
1.873150630141056164e-04,-6.085589688879115833e-03,7.289567551317142069e-01,9.963717850197940235e-03,1.751698696302862041e-02,6.200955806259119685e-01,7.842673972457044895e-01,-8.400218618152727190e-02,-1.000348516863224235e-01,3.327247031346255990e-02,4.596710765963050171e-01,-4.135388078606030970e-01,6.676145454343059005e-02,-1.521094022606850893e-01,-8.377247302702638121e-03,4.195598294106881593e-02,5.324266481726361855e-01,-4.519209732558817083e-01,1.601292354278479324e-01,-3.254381303582934599e-03,-8.388274081314341102e-02,3.674375934831144302e-02,-2.476655935217640658e-03,2.661393313906833535e-01,-3.282776860351306336e-01,1.208974725451879229e+00,3.136182272608276644e-01,-7.019721563673929354e-02,-3.797084821121391590e-02,-1.190408332864025948e-01,-2.150319711403609613e-01,3.955591346986447876e-01,1.120272164357198230e+00,-1.332353371751435478e-01,-1.627198603197307220e-02,1.000039272447390271e-01
-8.059564450246369666e-05,-6.416880359761476492e-03,7.287974993561989745e-01,1.003934999399252320e-02,1.759578059001402905e-02,6.195489464249590572e-01,7.846965674328193474e-01,-8.582329714056768921e-02,-1.002129070442822623e-01,3.469177382826570816e-02,4.623951164703378192e-01,-4.147886531424936352e-01,6.695176095216977263e-02,-1.545086023216640514e-01,-9.064309393498611728e-03,4.144739796091835571e-02,5.356377880391824942e-01,-4.531179016582542740e-01,1.605369025275947270e-01,-3.057779045207220832e-03,-8.434315097954658835e-02,3.667483301828247666e-02,-1.708342476938469467e-03,2.665625018779130828e-01,-3.289394759135086388e-01,1.205876511461670075e+00,3.101136045941562114e-01,-7.064925904105011367e-02,-3.780387395685762958e-02,-1.192901692678941944e-01,-2.161581686547232872e-01,3.966030602582950593e-01,1.117551942686913380e+00,-1.341554713862973258e-01,-1.629905903952480820e-02,9.965968999017148222e-02
-3.766846547901868750e-04,-6.775257625683161339e-03,7.286648045416606045e-01,1.011314561021204109e-02,1.786235434610482925e-02,6.192802175605470749e-01,7.849016962150373589e-01,-8.782584026512445241e-02,-1.007261385965290551e-01,3.593453508769035853e-02,4.645027375628331123e-01,-4.153314194583188068e-01,6.665298531374974633e-02,-1.572292625876498262e-01,-1.032441946388818962e-02,4.028275022376669179e-02,5.389483088895340446e-01,-4.543321372546047510e-01,1.614484846970093146e-01,-2.690715084628026582e-03,-8.514807893459892807e-02,3.661897665936305474e-02,-1.693799173221290782e-03,2.667625455237186971e-01,-3.288709084008208938e-01,1.203626511005184030e+00,3.062131717183820823e-01,-7.052184794228810727e-02,-3.792136731806088762e-02,-1.191029995521249579e-01,-2.174278586586372575e-01,3.979238682467871602e-01,1.114414727135800254e+00,-1.344101109219990042e-01,-1.608997780512611345e-02,1.004206305280723049e-01
-7.266212547916970667e-04,-7.161251635401094141e-03,7.285361431951309363e-01,1.024679869164796600e-02,1.810626389089740537e-02,6.189854049995993091e-01,7.851268908411993541e-01,-8.954247784240462749e-02,-1.013507073523975816e-01,3.733073843082534288e-02,4.660891954917035784e-01,-4.157253848864316814e-01,6.619419514824324835e-02,-1.600124108603136197e-01,-1.169348773723049954e-02,3.930098230415991767e-02,5.424814585890730401e-01,-4.554502301455770064e-01,1.620455827039657681e-01,-2.606937790503432821e-03,-8.582119291101979186e-02,3.669217905037222560e-02,-1.791738628540259087e-03,2.668277540823531524e-01,-3.297933767415586193e-01,1.201358600709574231e+00,3.029236488537401795e-01,-7.104407954067763764e-02,-3.856289433362836833e-02,-1.195666552432358004e-01,-2.189032330391577907e-01,3.994993278771944434e-01,1.111901081995450680e+00,-1.354458782213614765e-01,-1.670138761258875906e-02,1.004367973669592767e-01
-1.115684754000138834e-03,-7.584271022471773642e-03,7.283640640282190715e-01,1.051873019294149135e-02,1.845635686298754963e-02,6.188159157972531466e-01,7.852487386570458083e-01,-9.089050129790032795e-02,-1.024193872660175142e-01,3.890287526489752401e-02,4.667698145484147632e-01,-4.163103785357430975e-01,6.548641434374295744e-02,-1.631997628677273049e-01,-1.375057908732177890e-02,3.775476823687547168e-02,5.468822470558940552e-01,-4.572008876529520260e-01,1.630665242803845394e-01,-2.591264894256037517e-03,-8.639877706849388717e-02,3.642408889798927352e-02,-2.018813045296552477e-03,2.665798969908517169e-01,-3.302801618774502956e-01,1.199696432829836512e+00,2.997472416734689449e-01,-7.124973628344119514e-02,-3.974065835923299567e-02,-1.196121380053231792e-01,-2.204681700651990039e-01,4.002759273442433874e-01,1.108952174705009508e+00,-1.358353338602112104e-01,-1.745226452280443027e-02,1.002664492840388138e-01
-1.537156360424243428e-03,-8.034847856380708878e-03,7.282086341006756003e-01,1.096030355278509484e-02,1.856201148694316613e-02,6.189914059825711856e-01,7.851018805195344452e-01,-9.132826681878938868e-02,-1.032023707648096339e-01,4.146714101075637399e-02,4.667884686759807278e-01,-4.168672093912884069e-01,6.575599169572612923e-02,-1.659783194927429151e-01,-1.613749422863035993e-02,3.534756560916131607e-02,5.519370372150402826e-01,-4.585039420923591735e-01,1.651045448299088281e-01,-3.005535320513026860e-03,-8.673689334957655761e-02,3.570898908845999281e-02,-2.737794712951931858e-03,2.657136228940203404e-01,-3.307263320489844949e-01,1.199900540957918427e+00,2.988943246435263323e-01,-7.172323128856933350e-02,-4.119668156023623823e-02,-1.192436484148373943e-01,-2.216580816999701442e-01,4.000254479678164721e-01,1.107355072946881736e+00,-1.348744349513235630e-01,-1.839952580231166840e-02,1.018411541409601773e-01
-2.004239351910884221e-03,-8.510621167501638759e-03,7.280478800760603608e-01,1.137565925758285065e-02,1.859670247897558110e-02,6.193616803625149325e-01,7.848030746192867779e-01,-9.260655119117261469e-02,-1.043864342296909886e-01,4.243607443068186935e-02,4.684216127218046033e-01,-4.174213422133722373e-01,6.670047242467849746e-02,-1.694646107595772500e-01,-1.785133064535737724e-02,3.461140823459557536e-02,5.586505895609998884e-01,-4.598384506456925092e-01,1.654670639704405588e-01,-3.523276085755169991e-03,-8.756184780889297858e-02,3.608907961343909426e-02,-3.823481900841901177e-03,2.650494746012788672e-01,-3.318331079532697570e-01,1.198794771805789416e+00,2.970634382415557329e-01,-7.189314996027493243e-02,-4.106837767364969471e-02,-1.191084066863118684e-01,-2.237436064450104012e-01,4.011889913089262127e-01,1.104823012856903208e+00,-1.358515838238616713e-01,-1.855318057583646082e-02,1.027490460064233724e-01
-2.489569576042537525e-03,-8.991300540724844054e-03,7.278332207778994700e-01,1.189507236360936443e-02,1.869709543681833189e-02,6.193640347075773933e-01,7.847911304203444294e-01,-9.353206307809025510e-02,-1.058234799155727546e-01,4.377495796189506683e-02,4.695467203899302833e-01,-4.181670664791613534e-01,6.812436588931469750e-02,-1.737660516208604788e-01,-1.959817421150039651e-02,3.467050338463419784e-02,5.667265026262576777e-01,-4.616380335704853843e-01,1.663548711173911399e-01,-4.259091604852130626e-03,-8.862878835440558822e-02,3.681784623820711505e-02,-4.085018444847883512e-03,2.646107525159994700e-01,-3.326327279484491695e-01,1.196416864349804543e+00,2.949022357254232340e-01,-7.228088514557320932e-02,-4.079338865198263442e-02,-1.194230459280244683e-01,-2.256582198375912673e-01,4.016640674449118986e-01,1.102139454892761883e+00,-1.361494341887853343e-01,-1.873636699911417416e-02,1.033288985001451221e-01
-2.979201284495015117e-03,-9.490748307861861244e-03,7.275293289959612331e-01,1.243354369705109916e-02,1.900463018511005728e-02,6.193403866892870369e-01,7.847940598897428233e-01,-9.471466907399764268e-02,-1.075518296184193728e-01,4.545346177381573427e-02,4.704639054173808121e-01,-4.194685888866832579e-01,6.914800841019626276e-02,-1.790354489892238277e-01,-2.178469997918687506e-02,3.439570836850790181e-02,5.760634508410391597e-01,-4.644624809407346122e-01,1.668495147227124498e-01,-5.224178925998482215e-03,-9.023984592573312813e-02,3.774357593676278683e-02,-3.315610497142837398e-03,2.651361711132332877e-01,-3.324032467491530030e-01,1.190538592462219158e+00,2.918375182586535055e-01,-7.299777972129063708e-02,-3.974233579699254504e-02,-1.190743828224073708e-01,-2.283178590900091787e-01,4.026763151443588651e-01,1.095632817604202502e+00,-1.364906414870386553e-01,-1.947989205971618204e-02,1.025264676161510846e-01
-3.447952410406516718e-03,-9.982722643972645471e-03,7.272323015820135739e-01,1.308599689478986278e-02,1.961110416262644082e-02,6.198191002670593308e-01,7.843904921803458441e-01,-9.626485164372053371e-02,-1.099283706777677977e-01,4.689846249600483630e-02,4.710795092926822747e-01,-4.198946852129299967e-01,6.909850368873957094e-02,-1.849024727026782888e-01,-2.494915225053888699e-02,3.339096766304242708e-02,5.863398791882579175e-01,-4.675074062014254461e-01,1.666632033591758377e-01,-6.037883560070299999e-03,-9.154429395073818143e-02,3.867551847147421978e-02,-2.541156207774179082e-03,2.657707903853736009e-01,-3.330949579154132700e-01,1.183909635369041702e+00,2.890211740849215616e-01,-7.373472775807438095e-02,-3.969795345709153239e-02,-1.174204062622122013e-01,-2.322493777653077407e-01,4.052327121269855836e-01,1.087208204641999298e+00,-1.394529257288666391e-01,-2.023333127787580940e-02,1.032629290832628999e-01
-3.912905144334338260e-03,-1.046641621262421953e-02,7.268798539983380991e-01,1.379956242952292897e-02,2.052029803487310719e-02,6.197351064235502305e-01,7.844213710191128008e-01,-9.805160227167741827e-02,-1.129194509620675690e-01,4.824969324927298048e-02,4.714506738317567613e-01,-4.205369293962766264e-01,6.974497646516106264e-02,-1.917607758802558626e-01,-2.820606398919913577e-02,3.367186352953242118e-02,5.974794678066550624e-01,-4.716360253802441838e-01,1.667393086139098424e-01,-6.897152744638315562e-03,-9.321489516190360758e-02,4.035110079301227476e-02,-1.201025386871383549e-03,2.669357527046751777e-01,-3.340769638454063051e-01,1.176341525768862084e+00,2.873810040493230411e-01,-7.446064035775505630e-02,-3.919660168035043329e-02,-1.161115807797120508e-01,-2.360529182996257969e-01,4.071163841729817934e-01,1.078092277304822488e+00,-1.408842898366233221e-01,-2.093826023081386128e-02,1.038522927256605582e-01
-4.381241953341942844e-03,-1.093280297290409250e-02,7.266061767698090978e-01,1.455183736237118663e-02,2.122313427036104719e-02,6.200875873488095325e-01,7.841104556228374323e-01,-9.959294786781935915e-02,-1.159575710256676440e-01,4.867979978140325736e-02,4.718801715187804779e-01,-4.203869191303661879e-01,7.048192557703071570e-02,-1.973144834123625735e-01,-3.152094208624596494e-02,3.344830858278806385e-02,6.069727714396350171e-01,-4.742923810423331776e-01,1.678810529098615223e-01,-8.111314832311516260e-03,-9.559668500974045913e-02,4.063024865191461332e-02,3.909800294703454082e-04,2.680841911417590762e-01,-3.353443085752109143e-01,1.168241387094157480e+00,2.855247187436401601e-01,-7.627593039599664393e-02,-3.980145781711341701e-02,-1.137375896843724477e-01,-2.399033018767364467e-01,4.083348913149209558e-01,1.068030064208463026e+00,-1.417479951056388465e-01,-2.291203670020803759e-02,1.045141135393860971e-01
-4.872965173347839490e-03,-1.139976283390000192e-02,7.263184167523082380e-01,1.524570795847613250e-02,2.166135217031790391e-02,6.201708588805432409e-01,7.840194257838051239e-01,-1.009727891871935040e-01,-1.182422163775267293e-01,5.009003515877288176e-02,4.730962536546065023e-01,-4.211372814614481319e-01,7.206285482372569440e-02,-2.028821932544030426e-01,-3.436826830145657541e-02,3.312255539187029113e-02,6.172039538974862793e-01,-4.766680551991587800e-01,1.694071532965061577e-01,-9.070617329534196374e-03,-9.769614397773550285e-02,4.201996079670322626e-02,2.359408408489388487e-03,2.697062473230119606e-01,-3.369043759918379788e-01,1.159102838939488178e+00,2.837976098435044947e-01,-7.778714723454352442e-02,-3.945774147739006948e-02,-1.114097632105966601e-01,-2.436764144627781292e-01,4.097728414446435430e-01,1.058354241829921660e+00,-1.423888637437502325e-01,-2.422436808233267846e-02,1.050932628855648088e-01
-5.387582020884127028e-03,-1.192729157090745978e-02,7.259233154922434261e-01,1.680606298294754636e-02,2.152627881961361941e-02,6.198162329548912997e-01,7.842716448608870738e-01,-1.008194493967707189e-01,-1.209292695402791884e-01,5.298701212510172759e-02,4.756628936668312324e-01,-4.224187932719122296e-01,7.541781937806027458e-02,-2.090054225999389559e-01,-3.810421327563623395e-02,3.249610925995490701e-02,6.324319440295179673e-01,-4.791510848545539325e-01,1.728519379206557571e-01,-1.048247201167958401e-02,-1.001393934885493470e-01,4.416980042034046594e-02,4.504359217503682913e-03,2.714724235652479223e-01,-3.402464359815712824e-01,1.150849612826519985e+00,2.852143448657430969e-01,-8.087436935383283954e-02,-3.843980361116616090e-02,-1.089838163476116589e-01,-2.468317520081059757e-01,4.103008905523082839e-01,1.048280057536882248e+00,-1.425292565901031538e-01,-2.529692535941448911e-02,1.060420289808854249e-01
-5.954011857327996295e-03,-1.240235186356195528e-02,7.254368749438369068e-01,1.781555836229243781e-02,2.240548503294027133e-02,6.192128570971667800e-01,7.847012410632737689e-01,-1.023587855043682354e-01,-1.239860831468152375e-01,5.657695459956021272e-02,4.768184465865906718e-01,-4.240172578204755016e-01,7.638466011713619663e-02,-2.167294157364826612e-01,-4.224513413640007542e-02,3.259658707634796593e-02,6.456937021163864365e-01,-4.830096735767417382e-01,1.765161637127747318e-01,-1.113751230433541843e-02,-1.033054552876636195e-01,4.623833786900709286e-02,8.458921232480544686e-03,2.749002111018467032e-01,-3.426739201141534852e-01,1.136382451673658034e+00,2.847686074377280829e-01,-8.428929610420160534e-02,-3.781222511743345671e-02,-1.050866539146853157e-01,-2.512793417239918559e-01,4.109585895660333721e-01,1.032497449577559401e+00,-1.425574823471079944e-01,-2.752637259964100733e-02,1.065742275163132219e-01
-6.549828623084195944e-03,-1.290115595789838310e-02,7.248957349501183867e-01,1.897365476710278012e-02,2.289849168043776861e-02,6.191738007232616692e-01,7.846906804604286689e-01,-1.044754620037347537e-01,-1.269772925550176901e-01,5.952355254393504325e-02,4.804887391638661964e-01,-4.261723237776030571e-01,7.845555142019607076e-02,-2.254727094082980277e-01,-4.613405801003779561e-02,3.285620569928112550e-02,6.630449957371468139e-01,-4.855620800367678735e-01,1.797507376675916146e-01,-1.214629683776527469e-02,-1.069254324289432845e-01,4.841619226856663794e-02,1.318567035619722279e-02,2.790316952009963547e-01,-3.448764662787536239e-01,1.118785451599269454e+00,2.804031330109693076e-01,-8.752295365697072838e-02,-3.762536006475519085e-02,-9.962506893706242483e-02,-2.569848443770823554e-01,4.122758410166816878e-01,1.014471593308721831e+00,-1.427209010554671975e-01,-3.000786938260230005e-02,1.080193079412773288e-01
-7.180532243041663071e-03,-1.335985911810659739e-02,7.243399492181000765e-01,2.001261867153988905e-02,2.383500339395263484e-02,6.184135921543179037e-01,7.852362808390290771e-01,-1.069288607670328406e-01,-1.302522084460412399e-01,6.316414204014635103e-02,4.832571331095246725e-01,-4.279775263008815944e-01,8.027428677379583322e-02,-2.354041995151024413e-01,-5.012334061578974792e-02,3.402629391713479778e-02,6.802898274805334600e-01,-4.882586690042454713e-01,1.835781394493783969e-01,-1.410779941023179718e-02,-1.106329388295535093e-01,5.066603110503483526e-02,1.865134887965471527e-02,2.835477353701292835e-01,-3.470267166401717063e-01,1.099746104139406322e+00,2.746838876958810349e-01,-9.045503803878168769e-02,-3.836739692413768110e-02,-9.411202731760297258e-02,-2.627006625784228944e-01,4.135010116013126402e-01,9.948347331746885125e-01,-1.405039401972149882e-01,-3.295377723315440210e-02,1.104519574860002573e-01
-7.829436702978488302e-03,-1.383318133560268622e-02,7.235986975148908096e-01,2.125605104896451103e-02,2.513196340097432341e-02,6.177391999136845335e-01,7.856938625186126179e-01,-1.097234169282868821e-01,-1.344168152935763805e-01,6.737988617205961650e-02,4.860191493268677387e-01,-4.310214026011175426e-01,8.298735078309495139e-02,-2.462538452878268447e-01,-5.534977832907986284e-02,3.467322527230058682e-02,6.988520976362676551e-01,-4.926618199445026436e-01,1.883455218196955494e-01,-1.514444539440726323e-02,-1.148871155625867252e-01,5.274346913018963801e-02,2.353577449138952518e-02,2.900362719742895501e-01,-3.488242620244470515e-01,1.075909250619349722e+00,2.686201728202908257e-01,-9.416752396311643680e-02,-3.658152753500402282e-02,-8.649249963886811166e-02,-2.692873427828890720e-01,4.140255018752312943e-01,9.722920009323600121e-01,-1.361103661268762977e-01,-3.607043252031511688e-02,1.109970743929834386e-01
-8.510286978565971897e-03,-1.432967554686623984e-02,7.228915022093892473e-01,2.255300616681970780e-02,2.649537544727623151e-02,6.168282830613428525e-01,7.863283196021512156e-01,-1.127547235222224747e-01,-1.386234843526632787e-01,7.217454310069369716e-02,4.890418216523097494e-01,-4.337492997278399320e-01,8.555229836261379894e-02,-2.585118137783081749e-01,-6.056327264558716839e-02,3.604509396506584695e-02,7.198272403457429691e-01,-4.955860450588221999e-01,1.943625528993618012e-01,-1.685083258749739063e-02,-1.198257974849598062e-01,5.506963024598181267e-02,2.725575551994988480e-02,2.987638886643349534e-01,-3.525447540008063152e-01,1.047494101215819429e+00,2.614541989088511320e-01,-9.791268987565335258e-02,-3.480051792963464313e-02,-7.700455670703328093e-02,-2.757728472013623033e-01,4.129639021391997011e-01,9.475808499539705165e-01,-1.302803849206071451e-01,-3.856875093116265973e-02,1.104412916374445663e-01
-9.199919835194258350e-03,-1.488841855932023991e-02,7.221212792490931953e-01,2.396039172885805132e-02,2.801172158270272619e-02,6.158871433869281820e-01,7.869715812485620354e-01,-1.162900989455489392e-01,-1.433127411457058575e-01,7.657225662217570505e-02,4.923780212138424428e-01,-4.362846307225280995e-01,8.774129424339531524e-02,-2.713186069092924924e-01,-6.649975618936657118e-02,3.686394578178285586e-02,7.412520389134065191e-01,-4.982248402801151554e-01,1.997532678455345434e-01,-1.737127560052209238e-02,-1.247522732745972168e-01,5.715268010945452615e-02,2.843450412841535754e-02,3.091977066951465125e-01,-3.531701245577949511e-01,1.012609886416841354e+00,2.517808683897039823e-01,-1.030251964405041742e-01,-3.105885178345290862e-02,-6.438030054501904520e-02,-2.832204085555272144e-01,4.102656848210431417e-01,9.193667342180049662e-01,-1.237973520966515473e-01,-4.148986878320422289e-02,1.075554544785786854e-01
-9.900417305165344281e-03,-1.552255098525532132e-02,7.212362180359676023e-01,2.522927454253290000e-02,2.946195450956855602e-02,6.148999892821640501e-01,7.876506078987863813e-01,-1.203768573594326818e-01,-1.475636148366264999e-01,8.116278236315407901e-02,4.966256189997821924e-01,-4.404336776338897974e-01,9.007777969895081061e-02,-2.833877748084426274e-01,-7.230387782801563079e-02,3.722371967562222023e-02,7.606469504345664268e-01,-5.013791967732890154e-01,2.064461170400168355e-01,-1.831058776471906208e-02,-1.296123222967492938e-01,5.944775227823532321e-02,2.668297026083974594e-02,3.224773878148137762e-01,-3.527515469194260622e-01,9.710620683470621017e-01,2.395371542313565194e-01,-1.084518061531760114e-01,-2.507908231334484567e-02,-4.845338405868972187e-02,-2.922105710573077997e-01,4.072694662117960496e-01,8.856118709393766553e-01,-1.136728855731148347e-01,-4.611727268244356776e-02,1.041639659680165669e-01
-1.060828729794929988e-02,-1.616270543556931963e-02,7.205876026738267104e-01,2.503951892131588836e-02,3.170430032347196919e-02,6.142318480613233600e-01,7.880907921428590424e-01,-1.280306608678872249e-01,-1.506747696184942975e-01,8.402278006503102747e-02,5.010522776335712969e-01,-4.433823892428584434e-01,9.094109796130997458e-02,-2.957248151635826772e-01,-7.504240170597682724e-02,4.065016755461618031e-02,7.735996895772323523e-01,-5.032012943570935981e-01,2.113819049378347081e-01,-1.948097867894662064e-02,-1.338163790381818596e-01,6.076543089911760898e-02,2.263009355934042510e-02,3.375582860875053215e-01,-3.501874298224030846e-01,9.255830528557442705e-01,2.226950861714513952e-01,-1.113889286265159206e-01,-2.125208487904698546e-02,-3.087327848596095256e-02,-3.025563772419644915e-01,4.034820034072170714e-01,8.489741717423957557e-01,-1.016460257040245480e-01,-4.893280319398754519e-02,1.024563522620547396e-01
-1.125946625627205488e-02,-1.700382667375602286e-02,7.197224403228685841e-01,2.532806919376025603e-02,3.347344745795246407e-02,6.133199907420353592e-01,7.887183313340604407e-01,-1.357153581467961112e-01,-1.533882060269764758e-01,8.815632893768299283e-02,5.080543523105142123e-01,-4.480483628481334302e-01,9.350643855461056309e-02,-3.091636693072941644e-01,-7.947259859413480232e-02,4.041749321023953984e-02,7.909852777942535385e-01,-5.040320429834843630e-01,2.186999925031914982e-01,-2.023248160696470774e-02,-1.378666707008459891e-01,6.271323698958157500e-02,1.884644904830261314e-02,3.537413108567832865e-01,-3.478110748206066916e-01,8.770887022864105598e-01,2.035000531224892273e-01,-1.156306351567683022e-01,-1.604547441314308626e-02,-1.119848036277936235e-02,-3.144426305524285481e-01,3.977701411864356107e-01,8.027945800198138526e-01,-8.830851063113590027e-02,-5.363974912243558296e-02,9.812105537939345978e-02
-1.186170010835244093e-02,-1.798447556797770283e-02,7.187929824836899462e-01,2.600450680768482195e-02,3.473516019908875346e-02,6.121926905171843902e-01,7.895171587425843240e-01,-1.438530780345782245e-01,-1.559327261853779845e-01,9.197787330894788282e-02,5.184968686234044943e-01,-4.532738825058155174e-01,9.660908503286411153e-02,-3.211835206547414279e-01,-8.359015514381615275e-02,4.042702121114581659e-02,8.078764718198885308e-01,-5.055251750981757386e-01,2.250502302289011936e-01,-2.106395086823979745e-02,-1.415685086976345985e-01,6.445665063721844890e-02,1.643474220095744731e-02,3.697232623586249600e-01,-3.446032347218955794e-01,8.289969963585906987e-01,1.825115007323076521e-01,-1.191987681961826223e-01,-9.600287064778553064e-03,8.447750465311792967e-03,-3.265091510464557811e-01,3.896999989849618817e-01,7.499975444267399372e-01,-7.174499037104704879e-02,-5.875279840847531104e-02,9.234049107664214773e-02
-1.236485505849676224e-02,-1.904789154102509707e-02,7.178783164461182142e-01,2.674319535822990146e-02,3.571135499349897130e-02,6.106734231363902810e-01,7.906247345621325584e-01,-1.516522544420564611e-01,-1.576074906772772510e-01,9.665492969482797347e-02,5.296471076186248794e-01,-4.588589249496940470e-01,9.949598046412157226e-02,-3.328533233148375792e-01,-8.749080800941140545e-02,3.968053475625262644e-02,8.247601386978393734e-01,-5.059712271936732675e-01,2.320312011576230737e-01,-2.133890161467340285e-02,-1.450656972387700527e-01,6.661452155709356171e-02,1.564427661028476926e-02,3.841288250994663311e-01,-3.393594897336156269e-01,7.838274113487663231e-01,1.591019743279376009e-01,-1.215183362333441680e-01,-4.327823517672545195e-03,2.487105176809920049e-02,-3.382625711737858309e-01,3.804174226717326746e-01,6.952909353735283737e-01,-5.613264962597108026e-02,-6.238033333106799555e-02,8.778206240298658258e-02
-1.273322009698145754e-02,-2.020036626627946114e-02,7.168184432392887828e-01,2.787368055588062762e-02,3.613477442422653729e-02,6.092410408675885680e-01,7.916708218269483677e-01,-1.583289017964699952e-01,-1.589125989278834528e-01,1.012909665801265957e-01,5.415520862410312386e-01,-4.657020665496314216e-01,1.034209119805773319e-01,-3.440990653724367854e-01,-9.145580713790728289e-02,3.840041720769820505e-02,8.437099987541435420e-01,-5.058167064684255809e-01,2.400038448893962728e-01,-2.096541678165591768e-02,-1.488005052648087578e-01,6.914620368142959661e-02,1.582689660827786907e-02,3.958820777609941000e-01,-3.318319269216246648e-01,7.413322080741281406e-01,1.341899765994555294e-01,-1.230437821209086208e-01,7.457255484635415439e-04,3.917117985440336791e-02,-3.491928709909223882e-01,3.693378148671613848e-01,6.399263878977742293e-01,-4.029120781729208373e-02,-6.561602773004414357e-02,8.429078063057346415e-02
-1.295466322179068298e-02,-2.137363930963086592e-02,7.158680967055761624e-01,2.856663746227763520e-02,3.694764875301066037e-02,6.084889582266603814e-01,7.921868505548146366e-01,-1.667537878287251030e-01,-1.604626625355494440e-01,1.033688620186780927e-01,5.540961597808381489e-01,-4.715436946564589560e-01,1.060331613149955166e-01,-3.541876202347969405e-01,-9.439420928721833914e-02,3.836451568411690383e-02,8.584492457851186087e-01,-5.070670288996412811e-01,2.448411167330075411e-01,-1.979578301092765544e-02,-1.520255341549605899e-01,7.119071835086242250e-02,1.648466627949144239e-02,4.060093510044411325e-01,-3.249890975750582278e-01,7.011236547493440163e-01,1.111447970872507518e-01,-1.249006234315222091e-01,5.281751761593751066e-03,5.080343236180120958e-02,-3.582311613769543213e-01,3.590361783225460290e-01,5.914303257317052864e-01,-2.679215367687235241e-02,-6.652905463576282152e-02,8.018478301881513948e-02
-1.293934461468014031e-02,-2.196142062195322042e-02,7.163355374139355192e-01,2.559877499982167112e-02,3.871001435120573902e-02,6.073643181148360437e-01,7.930667201366715657e-01,-1.679785199032482190e-01,-1.583196508953088055e-01,1.011550399017052126e-01,5.413776313874174573e-01,-4.661007039442349176e-01,1.084218601377178737e-01,-3.616614739974055026e-01,-9.194694887743565248e-02,3.551058952174289407e-02,8.552521810955022730e-01,-5.003622248283032814e-01,2.464423828122616900e-01,-1.637216178085821802e-02,-1.491846110677017556e-01,7.064082575889911453e-02,1.446846796770513525e-02,4.204599842561481116e-01,-3.178124971215509076e-01,6.556543195866016971e-01,8.059972311225675756e-02,-1.194934207121329389e-01,4.714875296053560455e-03,6.217287992877348901e-02,-3.736891843661560575e-01,3.442472449281669400e-01,5.283743573727999188e-01,-1.294001595641182042e-02,-6.011349744382934318e-02,8.113414289181100636e-02
-1.298160533530172064e-02,-2.365486326928585223e-02,7.144603441966734803e-01,2.970871566541702369e-02,3.840741974837392353e-02,6.062396273197577790e-01,7.937983223646825071e-01,-1.789185657122963902e-01,-1.627511397431291584e-01,1.059738756057969078e-01,5.700828545168462602e-01,-4.785493519198785184e-01,1.108546339225159189e-01,-3.703252122327406748e-01,-9.899845819867651719e-02,3.755801085305738446e-02,8.796488356568493705e-01,-5.090099651019119875e-01,2.506146523720790276e-01,-1.619415783721740720e-02,-1.552976231033441346e-01,7.646201396309765252e-02,1.737917644831293504e-02,4.221187618236669215e-01,-3.126616541684061890e-01,6.302073972137439695e-01,6.469862721677255291e-02,-1.236770096257116675e-01,1.139066946471555160e-02,7.106439977838294175e-02,-3.774900109487911992e-01,3.382965561752388495e-01,4.951047185279475737e-01,-5.414588140439127034e-03,-6.610620086243616800e-02,7.696881790293343129e-02
-1.290705320516769353e-02,-2.496096754384239183e-02,7.128907425052702918e-01,3.143987782471474590e-02,3.902176606390600488e-02,6.051322983994269489e-01,7.945462461615735439e-01,-1.894010388265113531e-01,-1.653350112056682086e-01,1.075362954499334278e-01,5.901063002441382377e-01,-4.883137090684696591e-01,1.127476295706804632e-01,-3.799586064875722924e-01,-1.043406964954946697e-01,3.617684427143078030e-02,8.971822920413985436e-01,-5.154181201325411799e-01,2.531622217423951104e-01,-1.536683963164296035e-02,-1.584599291552429290e-01,8.024161190766831986e-02,1.880617109649864935e-02,4.268783691843953676e-01,-3.044228662381964212e-01,5.985939872436703002e-01,3.689303007859350003e-02,-1.267209093310182333e-01,1.388984448381020559e-02,7.950988997807567626e-02,-3.834668423461359832e-01,3.276951397101181551e-01,4.522616085573167299e-01,8.300336447237119039e-03,-6.924820076514071054e-02,7.555048345796966380e-02
-1.266355283938160048e-02,-2.574752568254475710e-02,7.129376903834732104e-01,2.869600869257427772e-02,4.012022044145684141e-02,6.042672861166293874e-01,7.952533897608284885e-01,-1.941506543206631408e-01,-1.619964068704001781e-01,1.051047548394503511e-01,5.875425528825765076e-01,-4.876034007642595092e-01,1.153209291795292551e-01,-3.874109451343185073e-01,-1.022550214199572788e-01,3.152220673713521104e-02,8.973983979434052571e-01,-5.106807304884567467e-01,2.536573379192764155e-01,-1.205628599816976551e-02,-1.548704134293424628e-01,8.020096151904120008e-02,1.487443649759559450e-02,4.370599981267573320e-01,-2.971247981220963008e-01,5.632399628514410672e-01,9.477426401734089303e-03,-1.219930011931405628e-01,1.094236089797118866e-02,8.758890052603421350e-02,-3.929236532857168784e-01,3.119694892196190894e-01,4.048102889356911538e-01,2.307941553518517985e-02,-6.303752642409578277e-02,7.788270222772604445e-02
-1.257720363789485533e-02,-2.749299630110779713e-02,7.108903774634641737e-01,3.276095159003136054e-02,3.882734933519648574e-02,6.027333975183851722e-01,7.963238088305928386e-01,-2.049412707408952150e-01,-1.647351527207608635e-01,1.094693930794249509e-01,6.197340555526740236e-01,-5.011272713549664859e-01,1.208948349915636156e-01,-3.958137853589997479e-01,-1.082138846893591078e-01,3.315356381943009023e-02,9.244711780724220729e-01,-5.172865697235492499e-01,2.565352300690668663e-01,-1.177246757478422542e-02,-1.608974355030956538e-01,8.426798319101652668e-02,1.767057179259207134e-02,4.378641012792079956e-01,-2.932456820567462263e-01,5.406727816164720313e-01,-3.709839128700528899e-03,-1.252824271151152247e-01,1.442877976914698317e-02,9.641658593887299233e-02,-3.956076171916870776e-01,3.067704929234623679e-01,3.729826580055214391e-01,2.759493147282633674e-02,-6.770736110484004699e-02,7.682690674515840756e-02
-1.243727155020855728e-02,-2.891320772755660851e-02,7.094149302814347635e-01,3.423098004238115527e-02,3.840903523734418706e-02,6.012207906987802053e-01,7.974249474709255159e-01,-2.147833223528776425e-01,-1.647688965793378535e-01,1.117465645492038973e-01,6.418380471698266199e-01,-5.105783093828882846e-01,1.230324658276923666e-01,-4.037633101103100253e-01,-1.128609887868563671e-01,2.987883592560105009e-02,9.417589837995492541e-01,-5.225816840574649680e-01,2.576224759599677339e-01,-9.259519843204363013e-03,-1.625789107526580679e-01,8.901090191635988025e-02,1.602899728551963193e-02,4.415560422067802970e-01,-2.866438415122865568e-01,5.156810393327589948e-01,-2.009230307641064403e-02,-1.283306997639186431e-01,1.768591507062897833e-02,1.032922261785367696e-01,-4.000302280851044667e-01,2.987603110011412544e-01,3.357913825283153630e-01,3.505451468867575027e-02,-7.186825121413459305e-02,7.627497599048209398e-02
-1.219688741057153164e-02,-2.998702017902526301e-02,7.090862000183622005e-01,3.251104455919586605e-02,3.748577656301352312e-02,5.999197420996540409e-01,7.985199756901655288e-01,-2.187974545491056799e-01,-1.596056723978088177e-01,1.103746012101980423e-01,6.478869935918468714e-01,-5.140113908154395617e-01,1.256561697167255520e-01,-4.077219470146927760e-01,-1.118772437714634499e-01,2.244575836369168062e-02,9.450899671954210435e-01,-5.205774051465386076e-01,2.552918743683094127e-01,-5.385639743834338966e-03,-1.580910329673194947e-01,9.282421063063779620e-02,9.824498376222720597e-03,4.514189982435998227e-01,-2.816044727024948902e-01,4.863615020190609761e-01,-3.871752939718919873e-02,-1.255589675273747763e-01,1.621218099944053345e-02,1.065004073445205285e-01,-4.067890434790649712e-01,2.852272769931823992e-01,2.968749939430724849e-01,4.597196300126084323e-02,-6.842536279783742459e-02,7.851647035101316785e-02
-1.208755589686133849e-02,-3.176351761297516868e-02,7.070097485170873108e-01,3.596700009140484100e-02,3.545120969982803322e-02,5.984559177819245290e-01,7.995624435321098122e-01,-2.287785253920844863e-01,-1.601888517297805070e-01,1.137319030255470736e-01,6.798908251332134167e-01,-5.267348538004693603e-01,1.298447874633005261e-01,-4.138625850088480385e-01,-1.177310081586692703e-01,2.129246323906452965e-02,9.694854655077722594e-01,-5.281971234473181731e-01,2.544209872335227995e-01,-3.788525393127163687e-03,-1.608628694253263491e-01,9.742514776135491328e-02,1.161471532580915685e-02,4.546748862415136982e-01,-2.799730993144394220e-01,4.637314904810760918e-01,-4.730696580196912249e-02,-1.295482867588365061e-01,2.018247192547432955e-02,1.133162619462309284e-01,-4.087713286297841031e-01,2.800715794576487672e-01,2.682910968018756281e-01,5.152007711428380904e-02,-7.219010718147601813e-02,7.798607009006822133e-02
-1.184306008902002820e-02,-3.296324686649982488e-02,7.063042474966984008e-01,3.477632255598366029e-02,3.349320727374894419e-02,5.970565258834679145e-01,8.007448515950406076e-01,-2.335883348227165979e-01,-1.540931842929954831e-01,1.129434943767697597e-01,6.928316102835908596e-01,-5.327809795965081641e-01,1.324122393342863357e-01,-4.169347254146222315e-01,-1.165919965690920546e-01,1.399915236830506435e-02,9.765491752349181320e-01,-5.277446465603751191e-01,2.511360080757352731e-01,3.461336846881137019e-04,-1.566044525408828991e-01,1.020670539682040079e-01,4.626344448662399883e-03,4.666150593557817361e-01,-2.767652463305352861e-01,4.350881644155480954e-01,-5.948537836728026718e-02,-1.287517498627812618e-01,2.158620494629498454e-02,1.143312786989142960e-01,-4.158817629611444300e-01,2.699116778269724515e-01,2.349736192271663637e-01,5.951316462784202871e-02,-6.866363758612215040e-02,8.201020789515715836e-02
-1.171083989941699814e-02,-3.468219421484488446e-02,7.041266221463168273e-01,3.767422854457848358e-02,3.135812187553079639e-02,5.955537318547111658e-01,8.018186036566730124e-01,-2.439480598095800645e-01,-1.531840086373159604e-01,1.164706579864633329e-01,7.250806970231018500e-01,-5.453691987888329429e-01,1.355160963838756838e-01,-4.232394962355159329e-01,-1.231622119324947001e-01,1.066962777004223928e-02,1.000852361654469114e+00,-5.358021954514772256e-01,2.482287867470218401e-01,2.059219292433536741e-03,-1.581117515812521523e-01,1.063629769876161951e-01,5.437511047986929441e-03,4.719787884152163437e-01,-2.785666900927565859e-01,4.143718540209878620e-01,-6.693058241982664802e-02,-1.324460154508205478e-01,2.411225503647543289e-02,1.188373524014635502e-01,-4.166848413112964056e-01,2.661997690621499824e-01,2.124660724501649944e-01,6.477665679697490464e-02,-7.090321365192092662e-02,8.128382663961401799e-02
-1.143667947902732296e-02,-3.586139135731085392e-02,7.032857062107380486e-01,3.588538797750626119e-02,2.929454206925353327e-02,5.937160522652989991e-01,8.033401010886764837e-01,-2.504094786098678416e-01,-1.454124765576643996e-01,1.155949509617054949e-01,7.407240414070153101e-01,-5.522641196357803706e-01,1.370422653264271595e-01,-4.261467385316811129e-01,-1.224867721300107598e-01,1.002363485932626641e-03,1.006838363226367772e+00,-5.374902057014592227e-01,2.419537556052557548e-01,6.906365591943235127e-03,-1.524196516468533380e-01,1.099474644249571059e-01,-2.800835126112465739e-03,4.888000678578170999e-01,-2.832867526540431280e-01,3.893575822439886425e-01,-7.744528423294705366e-02,-1.325023301329984471e-01,2.169411158518895835e-02,1.167142550811363921e-01,-4.216514301677703469e-01,2.583948815467155269e-01,1.856569419652483177e-01,7.511180074968867859e-02,-6.810635211373633480e-02,8.524968260612220128e-02
-1.120132962727727298e-02,-3.713766630247079814e-02,7.023190567188289934e-01,3.579949162682365127e-02,2.694987071086565877e-02,5.921618596814987034e-01,8.045722048433423534e-01,-2.549119274728409712e-01,-1.390684721990887163e-01,1.179488126328945008e-01,7.569482471233821563e-01,-5.598496507161440094e-01,1.375152023807368895e-01,-4.279617876479696048e-01,-1.253656833892919653e-01,-7.822786387551100562e-03,1.016830420677006241e+00,-5.410640110272704195e-01,2.364668098333784496e-01,9.434529964647119654e-03,-1.498255368701971180e-01,1.133984319257395901e-01,-6.586890834388875460e-03,5.025661786130330988e-01,-2.884623204170379540e-01,3.676239869615665623e-01,-8.920317853432477295e-02,-1.333556979038006685e-01,1.956875966672285902e-02,1.155373459792430335e-01,-4.244572650695514482e-01,2.555201136093209757e-01,1.654836904893161043e-01,8.632364310699190690e-02,-6.801958761707860290e-02,8.713336484094444390e-02
-1.094581678964446497e-02,-3.839097886544697025e-02,7.009914029641377553e-01,3.640763447113337659e-02,2.426864633258710852e-02,5.914339823117747974e-01,8.051654249433682908e-01,-2.614780202287260713e-01,-1.339311970532099660e-01,1.191138933770199693e-01,7.798383990000941068e-01,-5.677697130414190996e-01,1.391658711855782715e-01,-4.296196174269452661e-01,-1.300073664350938352e-01,-1.669353103994283827e-02,1.030972485537211991e+00,-5.461907615021689422e-01,2.298978094787649251e-01,1.043018419521435022e-02,-1.476898469512791523e-01,1.151278987629689721e-01,-1.084206374016504978e-02,5.202732241804201019e-01,-2.985441812438514586e-01,3.470255475517809995e-01,-8.798695724197715118e-02,-1.359198373901898127e-01,1.775631271525603821e-02,1.150391747246254648e-01,-4.283209016821201143e-01,2.559430906671120720e-01,1.491199605574433928e-01,9.097966269510905646e-02,-6.983768749157383271e-02,8.795729015459144429e-02
-1.061873901564321272e-02,-3.933515710131940679e-02,7.003419802099494218e-01,3.537930931645703880e-02,2.162126698595052965e-02,5.901034255370559700e-01,8.062622231356523228e-01,-2.654512669058183283e-01,-1.260616906549462402e-01,1.193105826005105702e-01,7.946823691960085423e-01,-5.726582037209092535e-01,1.394375899751720271e-01,-4.278209093805626639e-01,-1.311134827713141271e-01,-2.716832053837578767e-02,1.034158887482097278e+00,-5.513436728546962096e-01,2.204721619251039377e-01,1.202405214185458919e-02,-1.426934661316950625e-01,1.160255685514045704e-01,-1.486939370918577419e-02,5.403023483635762680e-01,-3.085666650266987721e-01,3.218799303932054490e-01,-9.555501026129888109e-02,-1.353340034645090229e-01,9.264082151038712659e-03,1.137074197581326301e-01,-4.339235774805033641e-01,2.552652420498935371e-01,1.293031346746962296e-01,9.532726780698461133e-02,-6.751620590880039185e-02,9.651369203145447606e-02
-1.024660175988127003e-02,-4.012651919789569227e-02,6.996193494757163567e-01,3.476231214052332569e-02,1.961363488514566988e-02,5.879441962641794861e-01,8.079161522463236267e-01,-2.682027880224553407e-01,-1.189573524383810837e-01,1.217343759057657043e-01,8.067230697953476914e-01,-5.791832174135553846e-01,1.400818152904752534e-01,-4.296698410839980276e-01,-1.327759293000402574e-01,-3.477529939644687790e-02,1.042818219398736757e+00,-5.537606711711703378e-01,2.147021363586730514e-01,1.250631490996417967e-02,-1.398451227984330858e-01,1.178432692807562937e-01,-1.599554972972990624e-02,5.595399904166865612e-01,-3.165506006853541221e-01,2.988955354739395998e-01,-1.023939945428948700e-01,-1.379587878544423496e-01,5.128786834501139827e-03,1.105959122036521552e-01,-4.378417104717080566e-01,2.568499758736604299e-01,1.118664133108809161e-01,1.103839110183907624e-01,-6.675809662203927020e-02,1.026314958405810662e-01
-9.789454364515616860e-03,-4.083866706025067461e-02,6.980743551050423434e-01,3.461822565761930176e-02,1.767422964308403358e-02,5.875773344703564272e-01,8.082339241058571488e-01,-2.759357031469006905e-01,-1.136637312102572878e-01,1.218689474708119502e-01,8.291202131453738744e-01,-5.879039373332286544e-01,1.402544361038433052e-01,-4.321637292276461761e-01,-1.380415919546171821e-01,-4.486621833408012405e-02,1.056985410295729455e+00,-5.612127665355409745e-01,2.069371004079109677e-01,1.394981096233684735e-02,-1.375797602631368133e-01,1.205135807727643615e-01,-2.070107235353740513e-02,5.849972254342556965e-01,-3.304063555893517190e-01,2.715654194763065243e-01,-1.070323386956311407e-01,-1.413527671300777444e-01,-2.286109411208293689e-03,1.102959597206280840e-01,-4.413882268910922502e-01,2.573682122428360142e-01,9.565823369065651338e-02,1.213185659210457429e-01,-6.690433175546138533e-02,1.049567587762743337e-01
-9.159756882988850241e-03,-4.116303842332736523e-02,6.979029471476756452e-01,3.334974648954207310e-02,1.659603458936047965e-02,5.861652675759461140e-01,8.093346929006637325e-01,-2.768937805341424863e-01,-1.065541255360973188e-01,1.245979534418247825e-01,8.338891870282394425e-01,-5.914898522201318398e-01,1.407209859188231771e-01,-4.346438766009410037e-01,-1.403898797929201692e-01,-5.339145467476794082e-02,1.064053934729459527e+00,-5.590923275330061948e-01,2.051136848414444602e-01,1.466910915550016618e-02,-1.364066062398720525e-01,1.209545563823789388e-01,-2.132550900265487229e-02,6.107031194777171601e-01,-3.396288246505713149e-01,2.444146481197867482e-01,-1.152927973656972527e-01,-1.454795787720410960e-01,-1.161088554431870257e-02,1.079419221619665192e-01,-4.468829048090369738e-01,2.603018551742260489e-01,8.114931668742109139e-02,1.351260299968955469e-01,-6.503149957280554561e-02,1.152710058221043388e-01
-8.444851036150783502e-03,-4.136279901281127158e-02,6.968028546660267608e-01,3.236634605680544646e-02,1.496274777120251177e-02,5.846345929276262066e-01,8.105127565772271003e-01,-2.828173817878209539e-01,-9.942359339246603644e-02,1.252877123662663461e-01,8.519776572024402306e-01,-5.978659400634228627e-01,1.397777011835636685e-01,-4.349795294080543995e-01,-1.419869970078961874e-01,-6.191414372342378403e-02,1.070976107562860768e+00,-5.665082909844564307e-01,1.977959737676383001e-01,1.661431186627626566e-02,-1.334665299232445090e-01,1.224755390229910479e-01,-2.478870677146005272e-02,6.381676790907457875e-01,-3.528363457294454442e-01,2.176594042546815821e-01,-1.185765422615181197e-01,-1.486210055573245481e-01,-2.375961093736996682e-02,1.074904828599237278e-01,-4.513749039192312407e-01,2.615809761704452341e-01,6.464702554894971587e-02,1.451310843078382207e-01,-6.503275116403339773e-02,1.223457453557260932e-01
-7.559455953109360180e-03,-4.135065629107441409e-02,6.962216041585747028e-01,3.134195014538575935e-02,1.460269640945661626e-02,5.840037488908086383e-01,8.110142197891097027e-01,-2.868496700294265178e-01,-9.425754144327197492e-02,1.262617999052653150e-01,8.613979472188609821e-01,-6.020960794700833674e-01,1.399499627488301756e-01,-4.381070324792241122e-01,-1.431283452341333418e-01,-6.666192524820578613e-02,1.079035662093328130e+00,-5.685814879147104151e-01,1.931710354739459845e-01,1.605465216558787933e-02,-1.338878660308331359e-01,1.200145223097418140e-01,-2.583200018051417038e-02,6.657408381352072357e-01,-3.655752394644000147e-01,1.911187858186055022e-01,-1.136617636146355775e-01,-1.507615470648570044e-01,-3.185693653151699251e-02,1.072023441689693712e-01,-4.591605650297282959e-01,2.680535832853488398e-01,5.115838811005252867e-02,1.460695618364934723e-01,-6.201611885573066196e-02,1.317695663729440692e-01
-6.569343026986777453e-03,-4.120725421364698077e-02,6.951976550694625168e-01,3.037136574892833341e-02,1.376150841828413171e-02,5.830670243925305529e-01,8.117395186232084781e-01,-2.924173255430693175e-01,-8.830779687306246351e-02,1.266554312246353509e-01,8.768272683900240061e-01,-6.077052313049196020e-01,1.389366468365090257e-01,-4.372555435108184119e-01,-1.452079446838292764e-01,-7.509754286408681923e-02,1.082745022182163286e+00,-5.787716377367442266e-01,1.858000072314477669e-01,1.892997331413806550e-02,-1.325706979813782160e-01,1.207579891274806472e-01,-2.793575077564914091e-02,6.911985702249991981e-01,-3.765005825226356850e-01,1.662866453635170327e-01,-1.125645172559232021e-01,-1.542900134845573701e-01,-4.009115323959158012e-02,1.086542305666065023e-01,-4.616833751374250228e-01,2.697514037196522274e-01,3.930473531638279533e-02,1.538639589817605013e-01,-6.330387442166492129e-02,1.328867230093432328e-01
-5.508013931958375027e-03,-4.099104043404369624e-02,6.948289554534544665e-01,3.006219332526818486e-02,1.323522595868923714e-02,5.820371424083949918e-01,8.124985281115073565e-01,-2.942779795359565242e-01,-8.380251773783335689e-02,1.280439997952773357e-01,8.849547213330932749e-01,-6.088818844610085490e-01,1.377768258535485568e-01,-4.379465552369268266e-01,-1.472939564514837429e-01,-8.051019959232609546e-02,1.088961180135403328e+00,-5.801028402088093117e-01,1.829305603917732170e-01,1.946266513050610991e-02,-1.322074636470126352e-01,1.206055105724351539e-01,-2.796702526075180509e-02,7.176629994724854633e-01,-3.880101962953457773e-01,1.412371750055076702e-01,-1.163905205231207107e-01,-1.581273949576838256e-01,-5.076832789023292408e-02,1.086612014286374994e-01,-4.669680744231020086e-01,2.746946218055963951e-01,2.930097960323712475e-02,1.581377143036108712e-01,-6.190601143305046739e-02,1.415846160263830034e-01
-4.471864402996813745e-03,-4.072471842150318655e-02,6.939334308155222786e-01,2.855360826448903599e-02,1.273125577044325815e-02,5.807344805351137840e-01,8.134925136098035692e-01,-2.995176516771522190e-01,-7.840542065961211837e-02,1.262349506339920380e-01,8.976745953217016849e-01,-6.153618003980603213e-01,1.364753011915877390e-01,-4.343790473010490372e-01,-1.448263129285159434e-01,-8.572104841056792102e-02,1.084022410479708043e+00,-5.953482114684386373e-01,1.732319199755877892e-01,2.137392554039720463e-02,-1.302491142263065282e-01,1.217597765884431277e-01,-2.959705966525949181e-02,7.420352734721530341e-01,-3.968358632121778418e-01,1.163941534205273354e-01,-1.183160796172348928e-01,-1.641778848745200359e-01,-5.970987637542208432e-02,1.102083415029677521e-01,-4.665426053839733522e-01,2.732766227437776196e-01,2.077890599768494537e-02,1.668622329317244468e-01,-6.362332279354222797e-02,1.435138447226585179e-01
-3.510527344664475611e-03,-4.060609061171688988e-02,6.925579491349542760e-01,2.749507178586846692e-02,1.189890938015139565e-02,5.795440293930431697e-01,8.143900508834374108e-01,-3.060622397647319581e-01,-7.282609587470224854e-02,1.250542945683575380e-01,9.148749493232406493e-01,-6.222237435269031280e-01,1.338822558432942733e-01,-4.324141116300052046e-01,-1.424816455839901796e-01,-9.030641828538879534e-02,1.084197198031825682e+00,-6.101707254074886233e-01,1.632062169917002925e-01,2.349690461545780526e-02,-1.274742386987867682e-01,1.214794969607671526e-01,-3.243991389610878517e-02,7.711193215636052978e-01,-4.100256709048549775e-01,9.132553731982337442e-02,-1.182755122978845636e-01,-1.701091034415727621e-01,-6.515249100108885805e-02,1.097206231919702901e-01,-4.703081545983330836e-01,2.793770120892725140e-01,1.511957456770689212e-02,1.746788717036338312e-01,-6.705237265068901553e-02,1.439635272273070976e-01
-2.723624343577970772e-03,-4.061352675007000312e-02,6.913939290914924429e-01,2.736013883253616413e-02,1.113855015708906625e-02,5.780818566744215792e-01,8.154438806486410396e-01,-3.100883736017344683e-01,-6.863984536956541094e-02,1.261991216401214255e-01,9.286937533032879610e-01,-6.271786790124322941e-01,1.330305355953148583e-01,-4.310024117335179428e-01,-1.406980800818446731e-01,-9.209188776434633350e-02,1.085503158150014080e+00,-6.214404434795343102e-01,1.571186027762923876e-01,2.557956012212184160e-02,-1.284640243751119515e-01,1.218554890437122812e-01,-3.867106620764226843e-02,8.005917755204267072e-01,-4.246101594211706964e-01,6.603177148651510897e-02,-1.218338346794681365e-01,-1.739245203123538919e-01,-7.200928207601160758e-02,1.086879499195077120e-01,-4.740902276099558943e-01,2.856279637334433463e-01,1.337289191709144405e-02,1.753902150661459935e-01,-6.592697486320794886e-02,1.448350256398001079e-01
-2.160459931027761821e-03,-4.087229591967470738e-02,6.895893235997674342e-01,2.798093869667547112e-02,9.223084548409310468e-03,5.778692388916881750e-01,8.155974157167287242e-01,-3.169751306653121325e-01,-6.564781642536077211e-02,1.244139261832130222e-01,9.522539529238402967e-01,-6.309961151345525598e-01,1.340692921500105383e-01,-4.291213201971678104e-01,-1.395481648983352974e-01,-9.366655800489684380e-02,1.092281073541586878e+00,-6.335044301123264887e-01,1.500197018829214912e-01,2.505388671105954895e-02,-1.263968462898040768e-01,1.212286445691235781e-01,-4.671950881918957021e-02,8.310140829978059918e-01,-4.433382470150739052e-01,4.157535751780742223e-02,-1.170875655237238189e-01,-1.819933045950480888e-01,-8.033860027891344402e-02,1.086627278975335897e-01,-4.793283090271733271e-01,2.943252069344749478e-01,1.289773565030676201e-02,1.772714579975757931e-01,-6.779853985497501234e-02,1.482546477796377882e-01
-1.806409194470336241e-03,-4.119907494825825189e-02,6.880203366708137480e-01,2.721491723795688850e-02,7.781232400663693968e-03,5.774376399283055461e-01,8.159439764445146626e-01,-3.234516874381346829e-01,-5.932956505124190039e-02,1.256492987861768662e-01,9.707277388418751318e-01,-6.373123328064241866e-01,1.331857577989947750e-01,-4.285443118423968301e-01,-1.381601279646352265e-01,-9.876054715658669214e-02,1.095990941407059882e+00,-6.432820084888900558e-01,1.471768125942754801e-01,2.667287025397746536e-02,-1.263540114961713701e-01,1.205797603615988978e-01,-5.630280865937907497e-02,8.596753793317992720e-01,-4.580689162005579518e-01,1.623012406625001444e-02,-1.285595682502901627e-01,-1.848563872050593415e-01,-9.152192385525795282e-02,1.105363843746582364e-01,-4.800867316286990816e-01,2.976033057798295189e-01,1.421408307808700103e-02,1.818299900636800026e-01,-6.725406713152386196e-02,1.513965307629851764e-01
-1.607806492957609881e-03,-4.154206212304857593e-02,6.876661167929400964e-01,2.696976391089942610e-02,5.336278631267447892e-03,5.766949036983105570e-01,8.164968732416288955e-01,-3.241601482628563291e-01,-5.286393721191091216e-02,1.270312606305901704e-01,9.815140236212667180e-01,-6.355787329082835946e-01,1.319030267226746211e-01,-4.226127149269613970e-01,-1.354832400858451968e-01,-1.033999890632399110e-01,1.092427050804807509e+00,-6.465170036586559421e-01,1.443611244560904783e-01,2.900724183304844578e-02,-1.238889025374582536e-01,1.191208437091864220e-01,-6.874839200208923695e-02,8.883982205180226410e-01,-4.738677066819038108e-01,-5.402288002266521921e-03,-1.250179928655504313e-01,-1.887628760095263480e-01,-1.014037807553262033e-01,1.111537477346074970e-01,-4.781682202136211535e-01,3.003393949314928091e-01,1.959104574367074442e-02,1.870082601573261616e-01,-6.938513103515225877e-02,1.506558058919656440e-01
-1.636685031497153546e-03,-4.194492071550175866e-02,6.862525293061886300e-01,2.657330058076489213e-02,4.536417685632861303e-03,5.754399934758809287e-01,8.173995929282714679e-01,-3.301912668522426486e-01,-4.834130494325458022e-02,1.292399727492808681e-01,9.966829736560638420e-01,-6.404256193530358798e-01,1.315203201704177038e-01,-4.246694820051570840e-01,-1.336576051210525695e-01,-1.041626837915830689e-01,1.097151863167250330e+00,-6.545750151437060849e-01,1.411401177585285271e-01,2.979674679257215963e-02,-1.223236993625766850e-01,1.162870999977258929e-01,-7.574666613920716385e-02,9.100024867259707273e-01,-4.857433253098184522e-01,-2.589575591336691629e-02,-1.305324061969138916e-01,-1.939976758520103040e-01,-1.051945971663300755e-01,1.125602823350256437e-01,-4.802919359277040279e-01,3.062692573922363160e-01,1.870753269536119118e-02,1.886048078012807772e-01,-7.114243499123309999e-02,1.496233421771294703e-01
-1.714628547956749145e-03,-4.217643904336731975e-02,6.867458421279546421e-01,2.667534803934037621e-02,3.800549098648236569e-03,5.745981709083491928e-01,8.179920070650497088e-01,-3.285760777379910791e-01,-4.597209157861553708e-02,1.311832584496500365e-01,9.959036953247610846e-01,-6.351422945419027410e-01,1.278691869632837541e-01,-4.213535778468648352e-01,-1.330311357044914045e-01,-1.057786932448266104e-01,1.091888049771580604e+00,-6.531511611067259970e-01,1.384446026425714127e-01,2.947984090046393973e-02,-1.198363990383705252e-01,1.140748199507508054e-01,-8.727264490666584995e-02,9.300969163241201709e-01,-4.983642106488735402e-01,-4.097166079512273157e-02,-1.361086306853517558e-01,-1.946337893173403222e-01,-1.189933366212288790e-01,1.091935179906692033e-01,-4.805491622167923360e-01,3.115918226387033307e-01,2.287670606084223415e-02,1.919195895916703254e-01,-6.978315510363086727e-02,1.541548183750132972e-01
-1.907779808008232443e-03,-4.233555811238214062e-02,6.864617741626253267e-01,2.549966908120467751e-02,3.064033611583214488e-03,5.736950378776333181e-01,8.186662214171031016e-01,-3.310903636377264814e-01,-4.124294956933367839e-02,1.326489189745631569e-01,1.001600886539285584e+00,-6.365866489209024426e-01,1.278887748375383548e-01,-4.211245535368001724e-01,-1.296511547806344644e-01,-1.066486188825011977e-01,1.089731424628905820e+00,-6.541522800152761441e-01,1.390503969348226843e-01,2.905066036615389091e-02,-1.167267946534592260e-01,1.119232154098679377e-01,-9.721443654434717974e-02,9.476072734526217456e-01,-5.096567978736116222e-01,-5.778499638989529480e-02,-1.468677328586381059e-01,-1.953994668541005064e-01,-1.309351007806598133e-01,1.064283842301299299e-01,-4.820593501561363237e-01,3.164452506350419747e-01,2.574948378774916807e-02,1.954553425117313559e-01,-7.058827853984965539e-02,1.562585080989266351e-01
-2.099005714404138852e-03,-4.230965000897258382e-02,6.869408637362709458e-01,2.445444411960325318e-02,3.097988441012353676e-03,5.727723665886171878e-01,8.193437610080982481e-01,-3.302509167569883108e-01,-3.827898553422390965e-02,1.346048966082160625e-01,9.979312791820869055e-01,-6.367272631917476611e-01,1.262607486470447848e-01,-4.194080774251964794e-01,-1.274985296639730981e-01,-1.076705535277352743e-01,1.082366470772393230e+00,-6.541681545933007991e-01,1.402819226440931988e-01,2.879555729891163443e-02,-1.146413367171995046e-01,1.081968785959699225e-01,-1.030844361017271005e-01,9.599227619530557032e-01,-5.156908996762651354e-01,-6.970066547100216281e-02,-1.564642680869005875e-01,-1.961103844149539310e-01,-1.361135337217199981e-01,1.055312109307599555e-01,-4.825830856287822157e-01,3.205287505363396683e-01,2.872215398298778172e-02,1.997839891205846208e-01,-7.274237334767900964e-02,1.579753102276869048e-01
-2.272471428750197971e-03,-4.218728894418216635e-02,6.873400019898887603e-01,2.412219832076710480e-02,3.286384418961631713e-03,5.720459618211171104e-01,8.198601934414049275e-01,-3.297721237234204628e-01,-3.648397860686133920e-02,1.373771680721654065e-01,9.962294232976683928e-01,-6.342470262112500645e-01,1.236490512568887146e-01,-4.176194107008810441e-01,-1.267771403359199689e-01,-1.076979115594326603e-01,1.076652399182379094e+00,-6.555154038360165858e-01,1.384828716596825382e-01,2.804738322730433372e-02,-1.117789204050807783e-01,1.046966426303428122e-01,-1.076005937633476017e-01,9.699868237460869125e-01,-5.204469615590596732e-01,-7.929313994602039950e-02,-1.663541329938586222e-01,-1.980635679112030534e-01,-1.437947910777150340e-01,1.053099699666808914e-01,-4.808099203693296242e-01,3.222760642561228739e-01,3.123849739165056663e-02,2.031323219973556193e-01,-7.454109599202111969e-02,1.602824658446046491e-01
-2.420598042530232308e-03,-4.200734258447012814e-02,6.877600236012315627e-01,2.393366397064257065e-02,2.382874603308355634e-03,5.716900725634567193e-01,8.201170419945897905e-01,-3.282038254603688032e-01,-3.419474008054616820e-02,1.386881583302652099e-01,9.966824295836499426e-01,-6.311209322595171534e-01,1.237487847489678605e-01,-4.141330485806624662e-01,-1.246394903103606455e-01,-1.072704038038577307e-01,1.072186462807576568e+00,-6.537644350540663396e-01,1.390266475046280925e-01,2.675762011578422528e-02,-1.090998146631033949e-01,1.027120269501907712e-01,-1.138865748119407967e-01,9.802519852748107221e-01,-5.269428379580501920e-01,-8.957829344072014421e-02,-1.680090454700896851e-01,-2.007361296820109331e-01,-1.507695619267638842e-01,1.030533345746120488e-01,-4.794784178563165633e-01,3.258069229696169411e-01,3.799159756580496733e-02,2.028528587205181699e-01,-7.494135502639243107e-02,1.595943748320882705e-01
-2.520296601854830724e-03,-4.180264266707203052e-02,6.875367963318428366e-01,2.374301440830505622e-02,1.549625043762524424e-03,5.708928416041028076e-01,8.206797373727614531e-01,-3.293639624096635354e-01,-3.246072328370333548e-02,1.384061740082531689e-01,1.002951032813173438e+00,-6.300441476611607916e-01,1.238468328822034531e-01,-4.115120188972630766e-01,-1.227064398870151424e-01,-1.071570744274054215e-01,1.069711596774816975e+00,-6.575456280325072678e-01,1.366127506446330742e-01,2.845032819391538070e-02,-1.065318722527673623e-01,1.003943506445552775e-01,-1.188044551173811081e-01,9.879034896932711307e-01,-5.301174983725343015e-01,-9.997178371318937717e-02,-1.712171807650003930e-01,-2.042323586446583017e-01,-1.535980109320161657e-01,1.037133115379280379e-01,-4.785613744132357628e-01,3.259688258009244555e-01,4.118816394658764146e-02,1.967749156282029288e-01,-7.565043316871053469e-02,1.583837535608367819e-01
-2.530055466126554693e-03,-4.159161843947337123e-02,6.876405518564522312e-01,2.386318676306003334e-02,1.126653679822813090e-03,5.717112668598932634e-01,8.201070090631186194e-01,-3.281661764920598134e-01,-3.248040669608685815e-02,1.380778101912194245e-01,1.002794555010029676e+00,-6.298153363926113357e-01,1.238887962561863454e-01,-4.097003181795212390e-01,-1.224359913060987376e-01,-1.068022176590592426e-01,1.069438834745380928e+00,-6.576470884174629994e-01,1.346603941894729262e-01,2.874003380628721918e-02,-1.039487753219925092e-01,9.935093134811619209e-02,-1.247528716237821383e-01,9.922118581212578947e-01,-5.340304933637107787e-01,-1.079669713409807663e-01,-1.784922716990082758e-01,-2.078981034291617902e-01,-1.519313998685090927e-01,1.041532552666061817e-01,-4.820640951493009307e-01,3.297743782154508585e-01,4.251949226341361632e-02,1.898026860056448994e-01,-7.667738474941641902e-02,1.584027442300636745e-01
-2.494885185763677082e-03,-4.139445637966620434e-02,6.875789547914943345e-01,2.433447548415531084e-02,-5.031838988114835029e-05,5.722472822739698151e-01,8.197200001836163485e-01,-3.262827813376070751e-01,-3.207010759870918687e-02,1.373693232067046965e-01,1.005196380276092372e+00,-6.293053270270000388e-01,1.235184910653583518e-01,-4.049541868101808051e-01,-1.231422421233553111e-01,-1.090362772754749077e-01,1.067577849869309148e+00,-6.601702475460213826e-01,1.344080686072648134e-01,2.906427061844864268e-02,-1.016515446427491004e-01,9.783805295434742921e-02,-1.317952235038394593e-01,9.969939150158824148e-01,-5.385433115244221414e-01,-1.148034787274275909e-01,-1.795309552536110687e-01,-2.133947436178416923e-01,-1.475939851206674591e-01,1.038707419693266631e-01,-4.819424411909064565e-01,3.303360603721610667e-01,4.724936545121043857e-02,1.820008774934012419e-01,-7.937845850768401879e-02,1.504063612956082485e-01
-2.401044502667858908e-03,-4.122605776491192198e-02,6.877044507804506157e-01,2.525568591621059691e-02,-4.036816192273971413e-04,5.726858429504058101e-01,8.193856922440352353e-01,-3.243791420361206157e-01,-3.339285837208097463e-02,1.373858001583523614e-01,1.005062235430436379e+00,-6.266973960844109959e-01,1.218561857526635761e-01,-4.018480322135687954e-01,-1.251511018090013250e-01,-1.098048910219921043e-01,1.066618806890678561e+00,-6.618509811853855451e-01,1.335059402495028802e-01,2.970113121079525145e-02,-1.004669113826602012e-01,9.782226962698427342e-02,-1.353368723242550642e-01,9.980016261295591162e-01,-5.382006778064005736e-01,-1.200937945002920754e-01,-1.861606209798886413e-01,-2.145535806871917694e-01,-1.425298393982522560e-01,1.042722338967282530e-01,-4.816611514766205304e-01,3.311371227295822894e-01,5.011624722541077603e-02,1.791047465124285532e-01,-7.974232645649703688e-02,1.476659429063453544e-01
-2.286957427483046409e-03,-4.105326104172501295e-02,6.882358835956963183e-01,2.639985101996435504e-02,-5.736735766086048516e-04,5.732726778909817966e-01,8.189390426328785333e-01,-3.204657856019387241e-01,-3.565626131611120825e-02,1.375099743847389422e-01,1.000373314268109048e+00,-6.230708792070843716e-01,1.201372369218620118e-01,-3.978314564773718365e-01,-1.275510551063779308e-01,-1.101571467655985681e-01,1.063568910062202111e+00,-6.619509645116544716e-01,1.327724357571297142e-01,2.968563097456985989e-02,-9.926994753321939646e-02,9.729770938612301856e-02,-1.392400180538306276e-01,9.996435820720576126e-01,-5.388333384977275209e-01,-1.250007572273586776e-01,-1.886564863350658205e-01,-2.156201486706683934e-01,-1.416297443532852918e-01,1.056563093114034207e-01,-4.806590597535081999e-01,3.318376854074814308e-01,5.269250843782378319e-02,1.786451299264405768e-01,-8.088872757872640762e-02,1.481106666397978278e-01
-2.194811804239713091e-03,-4.090224015934514068e-02,6.885774398087389780e-01,2.719196145374216250e-02,-6.014054276149596694e-04,5.743395456084299244e-01,8.181652167466629821e-01,-3.174581839413782025e-01,-3.774763358675581326e-02,1.372969121052564356e-01,9.959535066853608676e-01,-6.216116814970166216e-01,1.198378416001053687e-01,-3.951434832105758521e-01,-1.302282840341033310e-01,-1.113856005470714311e-01,1.062255850914094246e+00,-6.615876246756628998e-01,1.332327732267664377e-01,3.024688957853220728e-02,-9.938589774534581367e-02,9.677203882652096745e-02,-1.429646532745914855e-01,9.993641203787638760e-01,-5.364928290596846505e-01,-1.306159851165235863e-01,-1.914096400827520750e-01,-2.151947559892697925e-01,-1.420708965783299416e-01,1.074481680233529135e-01,-4.805680375480257394e-01,3.321731515637676990e-01,5.505763239063346526e-02,1.797436781626514379e-01,-8.053030790622270341e-02,1.497547395473223797e-01
-2.184216994962666619e-03,-4.078390253997109943e-02,6.887425103787661040e-01,2.831719832811848900e-02,-7.992227585470522509e-04,5.753560168467478642e-01,8.174123508976818275e-01,-3.137176207933780048e-01,-4.021916780978398998e-02,1.374306257835523071e-01,9.915822927694766253e-01,-6.212714094242129947e-01,1.192104760598037966e-01,-3.930537179984477936e-01,-1.336752619321977253e-01,-1.123499315394093367e-01,1.063521999700937970e+00,-6.608515056551309552e-01,1.349428123662367307e-01,2.972470023008594309e-02,-9.931036128704590071e-02,9.695667992012728387e-02,-1.474871812456343689e-01,1.000653670657668082e+00,-5.360263732150480909e-01,-1.370082422436732783e-01,-1.933020447528140118e-01,-2.170178948596267199e-01,-1.400660908291971596e-01,1.073401773532208087e-01,-4.842835092327500424e-01,3.353118207947953233e-01,5.613022172534157250e-02,1.772537531359243690e-01,-8.089657890986334809e-02,1.525179837711015118e-01
-2.284381578861427366e-03,-4.068662144108248224e-02,6.887888193714318819e-01,2.977158565218627692e-02,-1.328216931226217350e-03,5.755323932300965284e-01,8.172358000420537616e-01,-3.102645635319924988e-01,-4.316663166093685777e-02,1.370270777291111297e-01,9.898814017731316639e-01,-6.197092563121079367e-01,1.190059674316520238e-01,-3.902005295507302018e-01,-1.365596330416370408e-01,-1.121931515152560094e-01,1.064402238189876337e+00,-6.621586595139136167e-01,1.348751718406318578e-01,2.959874347970653519e-02,-9.944672797552318866e-02,9.804568404188303277e-02,-1.516578279158181108e-01,1.000937684125430938e+00,-5.355958470587114384e-01,-1.425089834692134794e-01,-1.979438529894768928e-01,-2.176873890793354638e-01,-1.374783616810274778e-01,1.066882540899596887e-01,-4.869376150487488286e-01,3.369065625675437547e-01,5.720918401002186154e-02,1.707614585508919758e-01,-8.001275760307495488e-02,1.552071847037972407e-01
-2.482033747480945872e-03,-4.060320277749156909e-02,6.886192246709227360e-01,3.074416155008019569e-02,-1.445993900622869702e-03,5.759614995176522978e-01,8.168972130602475401e-01,-3.083153597575148952e-01,-4.609443500084087209e-02,1.362449211051354470e-01,9.884331773107218888e-01,-6.206758033234516247e-01,1.186023343041577027e-01,-3.890177112376547175e-01,-1.395508602670879894e-01,-1.124649206355331221e-01,1.066127711906921238e+00,-6.646866937994285740e-01,1.342700100594001189e-01,2.949915136556095080e-02,-9.930970048043090415e-02,9.844681084721854103e-02,-1.572512385996202577e-01,1.000427188964312819e+00,-5.355472231750874057e-01,-1.472279856777175822e-01,-2.015481764167121048e-01,-2.187767368011028224e-01,-1.358222590933017560e-01,1.076068677247292438e-01,-4.868917544641453432e-01,3.363630172098151516e-01,5.726534916743009074e-02,1.717432949703395217e-01,-8.207467882344011978e-02,1.565448608616500648e-01
-2.795502908848580652e-03,-4.052832317016653862e-02,6.886138673242977459e-01,3.148240007724933259e-02,-1.705368461197744783e-03,5.759174242578769531e-01,8.168996698738222317e-01,-3.066572786827834185e-01,-4.732263235715275518e-02,1.375068970698710702e-01,9.879093559873021180e-01,-6.198970837960842140e-01,1.190304489868796584e-01,-3.873479150254404701e-01,-1.423523032697180668e-01,-1.134440289776915134e-01,1.065896052071699796e+00,-6.651956251869061143e-01,1.385724675746198842e-01,2.819879019103275347e-02,-1.020780884851212322e-01,9.847082005083122869e-02,-1.619815657196851943e-01,1.003657083135063299e+00,-5.348767743905926686e-01,-1.532846947037949936e-01,-1.967591040116127565e-01,-2.224682846169554473e-01,-1.321534595134605250e-01,1.084028754463816219e-01,-4.833810982976154969e-01,3.334947558682678226e-01,6.031558379851692520e-02,1.696326791422984037e-01,-8.428428762556197662e-02,1.534775516135989948e-01
-3.179943972330214353e-03,-4.048028090198103890e-02,6.885766124523321485e-01,3.197349918348239145e-02,-2.136605651366087558e-03,5.764791190946169097e-01,8.164832855081284313e-01,-3.055399156051434861e-01,-4.901933762911900999e-02,1.367474433781738496e-01,9.877225448676310027e-01,-6.197651767966556591e-01,1.198266083851489416e-01,-3.857987295924648619e-01,-1.442119895830806242e-01,-1.140054240153961368e-01,1.066336064633755409e+00,-6.657711621637820709e-01,1.394807260498193702e-01,2.753416542175386034e-02,-1.026455214376899017e-01,9.908320568879758206e-02,-1.683609292215180464e-01,1.003816079738801825e+00,-5.367138892608144252e-01,-1.573054663611382353e-01,-1.989888629000449716e-01,-2.225495129154198282e-01,-1.327934800032836149e-01,1.080366298800747027e-01,-4.849418909655731635e-01,3.350917919555462254e-01,6.149633823874693650e-02,1.708779985833767945e-01,-8.535024475219311901e-02,1.545447915292955943e-01
-3.624537467824977266e-03,-4.047084432292696876e-02,6.883929736339149397e-01,3.256567950646930415e-02,-2.775085214713075062e-03,5.764234906321910046e-01,8.164972350643525667e-01,-3.052311339691951009e-01,-4.990711747038283075e-02,1.368787023364506361e-01,9.904528313792705374e-01,-6.186390988729532081e-01,1.204804073649731327e-01,-3.848886255134743029e-01,-1.460992431346308795e-01,-1.145668809367636626e-01,1.068398789116087544e+00,-6.660779558756905194e-01,1.401640568994506342e-01,2.660160482786465275e-02,-1.023790575152874471e-01,9.999960637768998128e-02,-1.738640469108283515e-01,1.002884134471569544e+00,-5.388937137501434993e-01,-1.595551438274001310e-01,-2.072093431990546242e-01,-2.235553284061881363e-01,-1.319321824523406184e-01,1.074697394411654877e-01,-4.862477585301241412e-01,3.363136572376947409e-01,6.155644617734627039e-02,1.718486223889203190e-01,-8.666143260440874185e-02,1.574563349288133352e-01
-4.061478391991291299e-03,-4.045513292432999231e-02,6.885880506559678427e-01,3.323602151486809708e-02,-3.072520459391037389e-03,5.762946632628815902e-01,8.165600942898266768e-01,-3.034090357625235379e-01,-5.147284297867690817e-02,1.375221508242879809e-01,9.887943778718428778e-01,-6.165692353425693550e-01,1.215602630972481002e-01,-3.840644857774589416e-01,-1.482038446841600909e-01,-1.144838512462958979e-01,1.069033395117084062e+00,-6.639595294059754682e-01,1.428241744542231573e-01,2.532758338295577893e-02,-1.033329352003300311e-01,1.003129029346298551e-01,-1.799142004800438899e-01,1.003276527701797649e+00,-5.424673250172915573e-01,-1.612260756580564114e-01,-2.133265410659181405e-01,-2.230610319906157768e-01,-1.334134273367451606e-01,1.064333591749373475e-01,-4.868716782942804078e-01,3.377968691853528993e-01,6.356757852433139733e-02,1.706649756465767054e-01,-8.681494803462914966e-02,1.594435112058938675e-01
-4.456881462133135789e-03,-4.045401996542144496e-02,6.886208565821675398e-01,3.360228067822144948e-02,-3.590070357801604210e-03,5.762149706529865467e-01,8.165992320125120552e-01,-3.023432384599731848e-01,-5.240450780302509382e-02,1.372768694061481942e-01,9.888197606393227534e-01,-6.157211404379849817e-01,1.230646554397017978e-01,-3.833052438212268820e-01,-1.500694679511049012e-01,-1.158430105920304765e-01,1.070311392560996389e+00,-6.623804776845554354e-01,1.443543208759240637e-01,2.424216583359697572e-02,-1.036366337597412479e-01,1.005708241764035754e-01,-1.885154490964112695e-01,1.005896417153407496e+00,-5.492992258558021534e-01,-1.642887389598795267e-01,-2.201449671165653932e-01,-2.221451098653007272e-01,-1.375321508233641465e-01,1.055683694897150970e-01,-4.885925269978969032e-01,3.399479980555443204e-01,6.431486595480227775e-02,1.710848328232062454e-01,-8.707121848213675297e-02,1.619886947389582166e-01
-4.754633334532597233e-03,-4.043159912446454146e-02,6.889707197528913696e-01,3.367806666367862550e-02,-3.486017305522803346e-03,5.764170405558118881e-01,8.164539367692584815e-01,-3.013178298897318808e-01,-5.360586600137197399e-02,1.370707176620291901e-01,9.856916000228034269e-01,-6.139513992501254291e-01,1.230881019835122631e-01,-3.829149056663185835e-01,-1.510842237074958017e-01,-1.159651011395223807e-01,1.069130494579296098e+00,-6.601942153993364260e-01,1.454336222949924318e-01,2.341372317124229552e-02,-1.037353984066579776e-01,1.000472188357629244e-01,-1.965682304515271872e-01,1.007891137238730472e+00,-5.559108987971002058e-01,-1.663269778486591854e-01,-2.251795932977082859e-01,-2.213759151803840475e-01,-1.436150439697645165e-01,1.057388466867340004e-01,-4.895910339339868411e-01,3.417373510600780762e-01,6.536565281386746973e-02,1.750595125220442971e-01,-8.715424162544321840e-02,1.659029862186186810e-01
-4.957959346062652123e-03,-4.042381379758636095e-02,6.890578993841843802e-01,3.368886216193331395e-02,-3.679109114214749489e-03,5.766895356818679819e-01,8.162601939071820745e-01,-3.008492959235001818e-01,-5.449764729178148415e-02,1.358731270695043292e-01,9.849285156410699793e-01,-6.138818199023702293e-01,1.236875374485364859e-01,-3.822496271262547651e-01,-1.517863971352310104e-01,-1.168476500723067274e-01,1.068853147043610008e+00,-6.596369339808345611e-01,1.452545417063628719e-01,2.238227047925415297e-02,-1.030749555013754371e-01,9.940366854744112080e-02,-2.052279954753648827e-01,1.011277699888192716e+00,-5.639130182166381955e-01,-1.688650717342664032e-01,-2.307742565138165280e-01,-2.209216438606160515e-01,-1.493883843018135593e-01,1.051872756786287194e-01,-4.914973897824913562e-01,3.443428098416014826e-01,6.593351726873798724e-02,1.781099947609731116e-01,-8.675763157084653843e-02,1.686851677325129917e-01
-5.052361780772025163e-03,-4.041343122187302656e-02,6.891885207811960790e-01,3.402704601885386815e-02,-3.897285322316127246e-03,5.770704715773724569e-01,8.159758833077206397e-01,-2.992304508202054958e-01,-5.504286205554825839e-02,1.361313930070744138e-01,9.829944941989859908e-01,-6.135495946132127898e-01,1.228838367758153111e-01,-3.814617592927081469e-01,-1.537042055537797269e-01,-1.185712633150696055e-01,1.069624595072893314e+00,-6.578704532112529257e-01,1.464865170487050783e-01,2.184926120371566416e-02,-1.028822289170846782e-01,9.974312270303307970e-02,-2.124702822567259286e-01,1.013238123554717429e+00,-5.699763808779921836e-01,-1.701264887944755055e-01,-2.402632607216732830e-01,-2.197404940502823423e-01,-1.554274177605504126e-01,1.051833124579653472e-01,-4.925717391790848110e-01,3.463413773161869713e-01,6.607463356875119265e-02,1.820048956585538502e-01,-8.591587671639464019e-02,1.730430537600414487e-01
-5.052830704951344169e-03,-4.038564898636808065e-02,6.893902794634906295e-01,3.459867160774979244e-02,-4.537323418446739288e-03,5.771490447837270832e-01,8.158929615607707353e-01,-2.966240058422239811e-01,-5.526756206403041216e-02,1.364204180194535931e-01,9.815654506520121725e-01,-6.126333958379399647e-01,1.243933808267281699e-01,-3.796065019780019978e-01,-1.544293750780589836e-01,-1.192292029433764944e-01,1.070182940035938168e+00,-6.562113704256067326e-01,1.447802876255725180e-01,2.233428990667465225e-02,-1.023086705510880406e-01,1.003609056022645024e-01,-2.202286225226703364e-01,1.014836219095730740e+00,-5.767947529636919812e-01,-1.708433087437470355e-01,-2.508702504086117169e-01,-2.169598788884640195e-01,-1.617670804081738078e-01,1.042417057223841703e-01,-4.953173136509280150e-01,3.510801224168241252e-01,6.624874299796308652e-02,1.862960233445001279e-01,-8.400718666312081973e-02,1.766309218907742284e-01
-4.986606101123326924e-03,-4.032504263193423255e-02,6.895154217400775165e-01,3.581616208448070576e-02,-5.109145346946257146e-03,5.775956046471552030e-01,8.155209480201275341e-01,-2.931545869646506874e-01,-5.709642532037531582e-02,1.365313700678120745e-01,9.795218255400461871e-01,-6.113685083165798506e-01,1.253438700535540740e-01,-3.773735219035962429e-01,-1.561463664136453489e-01,-1.186078565245927280e-01,1.071651616101543025e+00,-6.549080816294978735e-01,1.455076860365253077e-01,2.144805708753655393e-02,-1.026988000464652412e-01,1.019874421670126929e-01,-2.278410791224619036e-01,1.018975812236188272e+00,-5.843728695339301948e-01,-1.721209109929680570e-01,-2.550783104699504422e-01,-2.176467511543361266e-01,-1.603225968043028304e-01,1.041021878609868084e-01,-4.956127319564697653e-01,3.531416845275677230e-01,6.625370414054315704e-02,1.885917328220890199e-01,-8.459944957263806908e-02,1.744402610387037478e-01
-4.869644621531644957e-03,-4.022980353743470239e-02,6.893199604808727399e-01,3.632814934228131842e-02,-5.063852704259918375e-03,5.786974852159080251e-01,8.147170328193320543e-01,-2.932559571957763511e-01,-5.922222032264976010e-02,1.347447955920882123e-01,9.804193545371595597e-01,-6.117502575277449228e-01,1.262785680926337140e-01,-3.770445086072989893e-01,-1.584164070663353630e-01,-1.196481513969404470e-01,1.074333335798655087e+00,-6.561559464857439350e-01,1.452028207810487914e-01,2.219225881872270711e-02,-1.036782519085854004e-01,1.030636712993149157e-01,-2.370889006804184074e-01,1.021894975387430016e+00,-5.912707383137389971e-01,-1.742356016690966014e-01,-2.606882372587532304e-01,-2.184811847708592880e-01,-1.601499374632253947e-01,1.070519848880320535e-01,-4.970791438579209576e-01,3.530568713911267364e-01,6.465766013348929475e-02,1.877296872882229517e-01,-8.471364678776945045e-02,1.757922761388509003e-01
-4.735368111494706045e-03,-4.005278666281693323e-02,6.894294486426822965e-01,3.619516636852367075e-02,-4.377782791418732833e-03,5.799652882664744213e-01,8.138249254940337352e-01,-2.934899673369693596e-01,-6.040655189627300303e-02,1.341267673370861446e-01,9.779195842538748185e-01,-6.121949502266921250e-01,1.253932775950876710e-01,-3.774713746511426660e-01,-1.603295932522035006e-01,-1.212313911618734114e-01,1.074624570662576106e+00,-6.561801432353406849e-01,1.445993722122954073e-01,2.212151221086022107e-02,-1.034692169492173325e-01,1.020328034558389968e-01,-2.448962495813059581e-01,1.024305023719225494e+00,-5.986814587899691453e-01,-1.757823861786638187e-01,-2.660805436147967162e-01,-2.177231338688846440e-01,-1.632597811025632561e-01,1.102556855124551261e-01,-4.992414037283171568e-01,3.537658144682187533e-01,6.291548218287545957e-02,1.907888766673927206e-01,-8.437028429808525465e-02,1.773938601420021466e-01
-4.613135269470348791e-03,-3.984839182513816302e-02,6.894913300055048877e-01,3.646070143390537505e-02,-4.231036612881204639e-03,5.813328650903643036e-01,8.128375086977439601e-01,-2.923742996123838145e-01,-6.136452778626961396e-02,1.340985675455690085e-01,9.759771962669510081e-01,-6.127666896165684385e-01,1.253886707765348718e-01,-3.763418665344386849e-01,-1.625260283149421447e-01,-1.230734498443476210e-01,1.075237364873559365e+00,-6.564915577110557177e-01,1.442818960319966204e-01,2.219318329810939655e-02,-1.033600471730035247e-01,1.021028173768751546e-01,-2.525626217629575176e-01,1.025927079571467671e+00,-6.051526366340626018e-01,-1.770515980812201740e-01,-2.718945286549403484e-01,-2.176218407895405826e-01,-1.648512777956330777e-01,1.129685336189934219e-01,-5.006138892145193253e-01,3.549893445710207152e-01,6.187551701438757240e-02,1.944199398539220303e-01,-8.351025150495725025e-02,1.787087130330220208e-01
-4.528098354064244435e-03,-3.962278970307662324e-02,6.896970406834221912e-01,3.665350019479534510e-02,-4.407049662641993049e-03,5.823307219740998519e-01,8.121133104942092062e-01,-2.904710852248815200e-01,-6.139451739698671695e-02,1.345553252189033711e-01,9.737021643761258893e-01,-6.124857510513244119e-01,1.247461249979499032e-01,-3.750153346988846503e-01,-1.635032910016510910e-01,-1.240648623485436919e-01,1.075669589031360784e+00,-6.545835550131963165e-01,1.445164588854042920e-01,2.173619295981767119e-02,-1.027306851435708657e-01,1.027542202108888969e-01,-2.585214859610193150e-01,1.027810179407427915e+00,-6.108422860666105070e-01,-1.787968265616518282e-01,-2.784350560991905588e-01,-2.175007601523863132e-01,-1.677419427538948127e-01,1.149840126994055300e-01,-5.010831740702695880e-01,3.560658764959442335e-01,6.163395227406195248e-02,2.010955207938285028e-01,-8.307740560245682748e-02,1.814711274624666582e-01
-4.491032006699016178e-03,-3.942977487987756741e-02,6.893543037876689317e-01,3.709288193236934955e-02,-4.651044243426820379e-03,5.829528208155027036e-01,8.116455473916214247e-01,-2.905044805288635179e-01,-6.205771197164745845e-02,1.343711669954354704e-01,9.763618827041518067e-01,-6.135548522698961449e-01,1.250860238545142278e-01,-3.748872249118795352e-01,-1.652736130568712991e-01,-1.249794204783282042e-01,1.079344710144763742e+00,-6.556639714846227429e-01,1.432742409771171344e-01,2.247783802411175424e-02,-1.023252637399379161e-01,1.038373138500148091e-01,-2.642985864642368177e-01,1.028695446931679358e+00,-6.141465975415645318e-01,-1.799884487066458760e-01,-2.840036154042472893e-01,-2.195062887372438154e-01,-1.668550071778587829e-01,1.164929209375987207e-01,-5.027832813207363527e-01,3.567264708136608786e-01,5.999982288823423049e-02,2.033180484641425312e-01,-8.472341992394892551e-02,1.809635377057617622e-01
-4.463649815281049357e-03,-3.923444061330966237e-02,6.894654919447547048e-01,3.781375494770992940e-02,-4.758852736557081867e-03,5.843184213439162056e-01,8.106290494027088567e-01,-2.881688793559225581e-01,-6.371985619501532860e-02,1.344674019582162428e-01,9.738345184987384773e-01,-6.134838126983804818e-01,1.255667493202460572e-01,-3.742695335216283392e-01,-1.679563740561802743e-01,-1.256627298117669045e-01,1.082639891147754607e+00,-6.531382468097858274e-01,1.439759136257958150e-01,2.273129963608139237e-02,-1.030672092330529588e-01,1.046404495438362919e-01,-2.701916148040269250e-01,1.028891189090162195e+00,-6.167538558695281337e-01,-1.801524173667236883e-01,-2.851014365132502060e-01,-2.176746816154073449e-01,-1.704280678728371246e-01,1.194558581668923314e-01,-5.024259614419995801e-01,3.554541414113910891e-01,6.033161304249158585e-02,2.013087226820817477e-01,-8.455505403167595802e-02,1.815366450857878178e-01
-4.472193185385409456e-03,-3.907205120847555280e-02,6.891957626137396042e-01,3.842100478046684559e-02,-5.019748845094677489e-03,5.854336074283665869e-01,8.097938748882955728e-01,-2.874730654087114812e-01,-6.588819290861447353e-02,1.324805479047301837e-01,9.747641014444217156e-01,-6.146165580801620232e-01,1.246396332282587172e-01,-3.728576261879297804e-01,-1.701805896285058795e-01,-1.267471874409599186e-01,1.084664674356742964e+00,-6.551639781575048227e-01,1.437586253834699790e-01,2.270663947540473016e-02,-1.026420319341281723e-01,1.065339318148854075e-01,-2.758948884521066347e-01,1.029197431670730412e+00,-6.191415241029484262e-01,-1.808182425459288201e-01,-2.891302962072966332e-01,-2.187015896720717056e-01,-1.691748263654980489e-01,1.220218362496069270e-01,-5.017952554042045543e-01,3.529820552729481808e-01,5.846485855167901646e-02,2.056894586956398152e-01,-8.590736754781394535e-02,1.810014476457819099e-01
-4.482844270781338042e-03,-3.893527896488501588e-02,6.891964216479999905e-01,3.897694190721066182e-02,-5.380840635926437826e-03,5.867643538806347481e-01,8.088012348956037378e-01,-2.853821026404491645e-01,-6.735125334900946004e-02,1.315400940431443177e-01,9.731001958618447079e-01,-6.155528663587144234e-01,1.248328706667851673e-01,-3.713461884106786237e-01,-1.720915165292543070e-01,-1.277730447184902973e-01,1.086596075844793452e+00,-6.544128263689910074e-01,1.435004053975072746e-01,2.193314898227175999e-02,-1.025967869204987698e-01,1.077589276128700507e-01,-2.824442844030939925e-01,1.030783749069564381e+00,-6.227705230989855067e-01,-1.810191163495440680e-01,-2.890734716906039892e-01,-2.184754196431143991e-01,-1.728336223736637867e-01,1.239421965562662598e-01,-5.020575001287531647e-01,3.517470290457412885e-01,5.783866492989196695e-02,2.060389150224242738e-01,-8.497573771959014699e-02,1.834991492765879750e-01
-4.491061368225674963e-03,-3.883119934948741497e-02,6.892224695864855866e-01,3.948470923431589286e-02,-5.956814499307289471e-03,5.877367616061808242e-01,8.080661935475219604e-01,-2.835579466587807018e-01,-6.821753627655452457e-02,1.306699570945119848e-01,9.726974640498723401e-01,-6.156289725291418380e-01,1.256230736736825560e-01,-3.695183309677007588e-01,-1.733556617011698664e-01,-1.287136269062502947e-01,1.088005055202115878e+00,-6.532410225680163052e-01,1.435674798181765799e-01,2.192355536167313670e-02,-1.028095666422964988e-01,1.095664848080684650e-01,-2.885516558372752116e-01,1.032102180299113048e+00,-6.261015517812204001e-01,-1.811640733532675074e-01,-2.906416921684784604e-01,-2.187877167581682991e-01,-1.723461879921900086e-01,1.260394074964511779e-01,-5.022669832568095183e-01,3.505369832471145197e-01,5.739999618795102454e-02,2.052684275124874169e-01,-8.462930876674250313e-02,1.833046398394453380e-01
-4.482791293881653247e-03,-3.872561978661238219e-02,6.893417664981880133e-01,3.953065964584538683e-02,-5.769161511967248190e-03,5.884487764311875369e-01,8.075469529631396082e-01,-2.830852109243565118e-01,-6.896831417338351866e-02,1.301547302154820174e-01,9.709520187167489658e-01,-6.151363487091924265e-01,1.238386699981461891e-01,-3.685839415179075207e-01,-1.741021394512207443e-01,-1.292363601214910895e-01,1.086648632918699064e+00,-6.537681583469471258e-01,1.432539755098869994e-01,2.063984386599086729e-02,-1.015929245183653379e-01,1.091390300825483550e-01,-2.931496664175893274e-01,1.034242351743917210e+00,-6.292568814377786923e-01,-1.801759021079448742e-01,-2.898033599458090248e-01,-2.189294067144474387e-01,-1.753275355787745349e-01,1.279953189004400527e-01,-5.030837800098930668e-01,3.493029573578814162e-01,5.516346407070230051e-02,2.082916425137683047e-01,-8.416366827290230890e-02,1.856007413118443972e-01
-4.453425526018512173e-03,-3.865340454077137444e-02,6.893456418871864999e-01,3.970914654462593535e-02,-6.064664107549222125e-03,5.891849436067947421e-01,8.069990741983649185e-01,-2.822395948582089309e-01,-6.952667406694665320e-02,1.291083957541755700e-01,9.706667624511777781e-01,-6.154959037372904618e-01,1.239282162061099563e-01,-3.675406266418863033e-01,-1.743580165669120219e-01,-1.294855433478580009e-01,1.087204029936645888e+00,-6.533831502428589788e-01,1.428447586681624581e-01,1.989826135013202102e-02,-1.013520748079217437e-01,1.101528633446374056e-01,-2.974184586365534178e-01,1.035198745659099417e+00,-6.306621494693165353e-01,-1.795361066460882948e-01,-2.865499291053019704e-01,-2.188493268760509092e-01,-1.739238591065070672e-01,1.299431982980777944e-01,-5.040245176415889539e-01,3.481612410722748074e-01,5.325623441275282449e-02,2.089810498132864125e-01,-8.366040548928720122e-02,1.871582202089373537e-01
-4.403958615696170614e-03,-3.857008508324529655e-02,6.895866968203371306e-01,3.968507521672527683e-02,-6.144109720842364994e-03,5.892958014536466838e-01,8.069187091088451114e-01,-2.810539371204034409e-01,-6.952411801661176338e-02,1.288409843688174961e-01,9.685788836040439831e-01,-6.147634740842311540e-01,1.234810990952715654e-01,-3.660065608462323983e-01,-1.743822219718388911e-01,-1.303225218276943265e-01,1.084780335914288685e+00,-6.530580861846350116e-01,1.430196160782133963e-01,1.864568089615393012e-02,-1.002171164677793658e-01,1.099970624979261929e-01,-3.009725980624045616e-01,1.038607245174660854e+00,-6.329250550534830655e-01,-1.788554316233217367e-01,-2.827649482232300615e-01,-2.190822818016694984e-01,-1.739928011140654818e-01,1.295228187523847496e-01,-5.062046922529243043e-01,3.489258774021219978e-01,5.241696778703555659e-02,2.075932975758637278e-01,-8.317203059529869325e-02,1.895242167371863351e-01
-4.324590439187026708e-03,-3.850202323634043661e-02,6.896435124190020138e-01,3.963636664717245378e-02,-6.280217619360343659e-03,5.894813905833252710e-01,8.067844863788675713e-01,-2.804467474296306051e-01,-6.886556099352705851e-02,1.291953748217252729e-01,9.681461364919576873e-01,-6.149087758556007755e-01,1.226403596670869039e-01,-3.651053904993068477e-01,-1.740414836444876823e-01,-1.306032771616947863e-01,1.083850590905239386e+00,-6.531301032743417334e-01,1.430605018624610536e-01,1.797966125654098732e-02,-9.922398067336930805e-02,1.107021157280326656e-01,-3.042457909464148513e-01,1.040416495849941558e+00,-6.334012824493809868e-01,-1.780435541140914235e-01,-2.782520906365342217e-01,-2.197945421857255555e-01,-1.749739585204211634e-01,1.305333226749129660e-01,-5.078044961061477514e-01,3.485225588183664680e-01,5.019507273311547141e-02,2.055081976822306644e-01,-8.262925288548671199e-02,1.919586891778427007e-01
-4.210021961800513787e-03,-3.843170872259576987e-02,6.897489598484212170e-01,3.948256897077284666e-02,-6.306766784573064610e-03,5.898438070575333647e-01,8.065268964616542080e-01,-2.800478447418811023e-01,-6.817339652170802122e-02,1.294929210311522583e-01,9.673628598624504082e-01,-6.149026923932714439e-01,1.223711727671783212e-01,-3.640641024619613586e-01,-1.738986143673514617e-01,-1.314254301823653825e-01,1.082196449992969711e+00,-6.530810013905770095e-01,1.440903616677951804e-01,1.716999550995084237e-02,-9.886434780336739170e-02,1.104386198925040863e-01,-3.085779856139315158e-01,1.042863110278875016e+00,-6.342121072679648419e-01,-1.773790551707810637e-01,-2.734643123726221980e-01,-2.195166290968701972e-01,-1.755328495580568138e-01,1.318098540473395253e-01,-5.079584094937620309e-01,3.479937774693145913e-01,4.886431158228013438e-02,2.045155719656845950e-01,-8.330567667704437407e-02,1.921593973603659689e-01
-4.090944493761210742e-03,-3.838464740806862147e-02,6.895453295655280535e-01,3.964502420132075267e-02,-6.314978238465575149e-03,5.899648849826587549e-01,8.064302992778242807e-01,-2.798785549535915962e-01,-6.854591164748205512e-02,1.290636673796386191e-01,9.678725608844074291e-01,-6.165819788455277894e-01,1.221281889197547571e-01,-3.634631427500843448e-01,-1.743812889502112939e-01,-1.319117688080153061e-01,1.082286236843092553e+00,-6.555493175567910225e-01,1.440094444753079184e-01,1.739711505702264821e-02,-9.848765086598516849e-02,1.108629379723427011e-01,-3.121050062294730698e-01,1.043770345087100759e+00,-6.333836364418008458e-01,-1.757843319043149166e-01,-2.697092876179382204e-01,-2.188184802583308386e-01,-1.736922535074137963e-01,1.326938218234555156e-01,-5.094580805517238131e-01,3.470898412311785308e-01,4.657943857870516097e-02,2.002071989260766904e-01,-8.197971443758174381e-02,1.930331693164805962e-01
-3.976141290528690392e-03,-3.834321804910449660e-02,6.895042805051877499e-01,3.938674276484110948e-02,-6.346363123842423126e-03,5.898894502998091038e-01,8.064978887724780776e-01,-2.801269263453597391e-01,-6.782293514953825764e-02,1.289398401046745191e-01,9.683449657298734969e-01,-6.175724558670109277e-01,1.227261342399689897e-01,-3.632542460081911173e-01,-1.733847235163930300e-01,-1.318344087114100283e-01,1.081462426466149651e+00,-6.562692281205635414e-01,1.439430545356693292e-01,1.682410353015728610e-02,-9.768564428067902372e-02,1.106668141905483710e-01,-3.153838259201490746e-01,1.045341357219404133e+00,-6.330754115840311336e-01,-1.744418122828592654e-01,-2.658428534521727338e-01,-2.182220317514661223e-01,-1.741704472987757324e-01,1.329668063035010228e-01,-5.101097430858968496e-01,3.467446713238514500e-01,4.531582612367798801e-02,1.975958574166297721e-01,-8.116735868260280262e-02,1.941885879160597517e-01
-3.890223266189683088e-03,-3.834031346460603507e-02,6.892699609503307734e-01,3.927330619909936288e-02,-6.481034791714652271e-03,5.896253574325586166e-01,8.066954453080458221e-01,-2.805098058194749333e-01,-6.702534670157572760e-02,1.291193176343061744e-01,9.699317771645920017e-01,-6.193827027295422116e-01,1.227758861902583931e-01,-3.632757796096975911e-01,-1.727078170473460572e-01,-1.317905005735116319e-01,1.081738692677873370e+00,-6.580077653532500070e-01,1.442713665417703628e-01,1.639400410805844088e-02,-9.645472449756048450e-02,1.102814760789329190e-01,-3.192924400631723669e-01,1.046702640584601607e+00,-6.322816673451628899e-01,-1.717038234481019776e-01,-2.587022502223786380e-01,-2.189923010877037612e-01,-1.725121578650280763e-01,1.327329120010024011e-01,-5.114338704442311645e-01,3.459145869958894504e-01,4.325018451450766965e-02,1.917863473402878494e-01,-8.074016985902582322e-02,1.941486934445350587e-01
-3.840446887660808536e-03,-3.836893618968362230e-02,6.890795573600358992e-01,3.908596811619143019e-02,-6.839117768522209873e-03,5.896136629061968781e-01,8.067101351036232160e-01,-2.807081136944782895e-01,-6.587207495982791428e-02,1.290222415323685201e-01,9.716338723362430985e-01,-6.211961176074569657e-01,1.227771601116352251e-01,-3.623670268581326570e-01,-1.720790298331319190e-01,-1.327106401386057288e-01,1.081112633305856718e+00,-6.599047384598887289e-01,1.441662012500214973e-01,1.527604748417135325e-02,-9.524637454381966462e-02,1.103380076020490652e-01,-3.249742704345215949e-01,1.048480647435875213e+00,-6.334776218271371828e-01,-1.693889390506789216e-01,-2.528173558051285963e-01,-2.183509806368490180e-01,-1.744355479260289998e-01,1.330122523778806964e-01,-5.102247613055971298e-01,3.437628474753962604e-01,4.217961907450949732e-02,1.890016232101080496e-01,-8.035759257203105299e-02,1.910610985657112126e-01
-3.835114018074816528e-03,-3.842917620419102065e-02,6.890506951223158705e-01,3.884557785599231094e-02,-7.275447773552764369e-03,5.900482239995007427e-01,8.064001378321827840e-01,-2.807184622429939602e-01,-6.499068271150476583e-02,1.281236437970298681e-01,9.724460666319028057e-01,-6.220051156075431242e-01,1.221026430826476217e-01,-3.610010928189194557e-01,-1.718094274980408454e-01,-1.344244841465954965e-01,1.079949627810541601e+00,-6.601794559298760356e-01,1.446979004682113212e-01,1.435750844620473088e-02,-9.403422879565602466e-02,1.097460605525221039e-01,-3.324044207696942865e-01,1.048756064860795867e+00,-6.363103615818113123e-01,-1.657772150231484332e-01,-2.475229850783283725e-01,-2.172590586536279345e-01,-1.755032796374881021e-01,1.339196814561400550e-01,-5.093157640259813324e-01,3.420496612648262214e-01,4.198533491573355758e-02,1.859716516205606462e-01,-8.055338015851244704e-02,1.892393792255358531e-01
-3.901293663190942822e-03,-3.850394839531012109e-02,6.892833759360496027e-01,3.860462356599490136e-02,-7.190705119923946134e-03,5.897259420816745035e-01,8.066481823168557552e-01,-2.801560325176702393e-01,-6.477658148331781607e-02,1.281000541184734720e-01,9.701802927083335026e-01,-6.220160201032881586e-01,1.228833001924950208e-01,-3.609607487245956592e-01,-1.702532740427206703e-01,-1.328773882393619321e-01,1.077696297769479283e+00,-6.594162832080632253e-01,1.455492135071836113e-01,1.353279466289488212e-02,-9.407899072302897125e-02,1.104545568276344286e-01,-3.364219933097577497e-01,1.047993695650982993e+00,-6.349171867143281744e-01,-1.624296643567292309e-01,-2.431947563709892790e-01,-2.173690264498644720e-01,-1.712269976094583646e-01,1.332730252736935017e-01,-5.085672134894539953e-01,3.412105578538038309e-01,4.210254113356272365e-02,1.862090549624668412e-01,-8.098704799131942189e-02,1.885769327155815966e-01
-4.019007520805851358e-03,-3.862039937695946334e-02,6.894001630153380189e-01,3.873097579011212932e-02,-7.696546607739303617e-03,5.895239180717365413e-01,8.067851168099279269e-01,-2.792663434547223433e-01,-6.430277070340718881e-02,1.282654672009780339e-01,9.702013584205377850e-01,-6.211549480103568666e-01,1.237971601767181018e-01,-3.602300408546021959e-01,-1.698322426125670470e-01,-1.327480550969656614e-01,1.077478039885090944e+00,-6.573186928709547905e-01,1.468325292914596791e-01,1.209450843586270391e-02,-9.431129051076159175e-02,1.105019540886296170e-01,-3.435486415911734870e-01,1.049128393347438681e+00,-6.372424543999014590e-01,-1.580756278175738661e-01,-2.384258215707434625e-01,-2.172261831855313852e-01,-1.710274754617582271e-01,1.314183740493497232e-01,-5.101450964845349878e-01,3.422331971409448004e-01,4.292265825439212784e-02,1.818152053421237813e-01,-8.020559775300224736e-02,1.909448817772120832e-01
-4.147852671153910709e-03,-3.873294555934399946e-02,6.897783358707422208e-01,3.835952955847114071e-02,-7.843982192721168228e-03,5.893252925088715566e-01,8.069465397687423103e-01,-2.782820162127901953e-01,-6.323380912075066140e-02,1.287726819241765686e-01,9.674121581333846587e-01,-6.202378198698521583e-01,1.234294294736924813e-01,-3.595298489580721069e-01,-1.698507210866857242e-01,-1.346253145361502312e-01,1.074992076053464585e+00,-6.544315043671887766e-01,1.491273141048015394e-01,1.049442906573429257e-02,-9.456559709594655749e-02,1.107567083622935655e-01,-3.508247359637050033e-01,1.049445481220291576e+00,-6.392046891828814248e-01,-1.541716131424817060e-01,-2.345965434511363412e-01,-2.167662436145208760e-01,-1.722761448871926171e-01,1.301265305000715022e-01,-5.099107833494361808e-01,3.425159390315052343e-01,4.406355578178546700e-02,1.827126253213519347e-01,-8.057607171192096573e-02,1.940028199385596119e-01
-4.255156048034467418e-03,-3.885062931011586812e-02,6.902959233195706812e-01,3.813530138459672592e-02,-8.000253425447025404e-03,5.892070432131145674e-01,8.070419784382308892e-01,-2.765771003742349410e-01,-6.236991479512389580e-02,1.295627892264297754e-01,9.633744952047431642e-01,-6.185296537541641326e-01,1.242948630743025140e-01,-3.592945541754930527e-01,-1.694885565740872346e-01,-1.352110310841481144e-01,1.073538158471607495e+00,-6.493197198848887908e-01,1.525098393002966846e-01,9.133609140779798408e-03,-9.559213113559564268e-02,1.106700563748538868e-01,-3.576011777999366092e-01,1.048562163253352164e+00,-6.391754026413491996e-01,-1.494052926864259667e-01,-2.262137180441095297e-01,-2.169581431904816504e-01,-1.730270491554845858e-01,1.298658523340724125e-01,-5.079357531220883848e-01,3.412200580658574234e-01,4.650540276485475022e-02,1.843416338164808321e-01,-7.953246265270630388e-02,2.000326723729975720e-01
-4.334816085955088549e-03,-3.897778742842234606e-02,6.905315316055467001e-01,3.809447165438405863e-02,-8.205639220427461689e-03,5.889918416260532252e-01,8.071989155173017183e-01,-2.752177640997405805e-01,-6.193022921196779385e-02,1.298784688131440768e-01,9.609371447080983231e-01,-6.184181437408645676e-01,1.246498928977414627e-01,-3.588323623726454858e-01,-1.691988772793566187e-01,-1.354797739498138920e-01,1.072443191491255776e+00,-6.473312156627520908e-01,1.542276327440666728e-01,7.457390482994188420e-03,-9.559836713739537639e-02,1.114791792621315225e-01,-3.620687834166504970e-01,1.046440365688391161e+00,-6.368886597349291412e-01,-1.443782459106913718e-01,-2.230838553567444371e-01,-2.156070494679760974e-01,-1.728026416415946453e-01,1.298708653845838668e-01,-5.072729289243305129e-01,3.392602772079042484e-01,4.538687575431019083e-02,1.834960609429155121e-01,-7.857432964099711481e-02,2.037390228477889142e-01
-4.360687770817892397e-03,-3.910850732604283925e-02,6.904624602897125873e-01,3.813762387112986513e-02,-8.354345223565810830e-03,5.889548086656543058e-01,8.072223732720450462e-01,-2.750745011380112959e-01,-6.158647749224578638e-02,1.300115327249900532e-01,9.610366948623900729e-01,-6.190218048321709521e-01,1.237271446607126346e-01,-3.590098019173477706e-01,-1.684547634325247456e-01,-1.345433222830088316e-01,1.072868394379520085e+00,-6.476759155141728064e-01,1.536901572326654641e-01,5.674815552022390193e-03,-9.540398978346262271e-02,1.120330338709577267e-01,-3.683082540159486884e-01,1.045373840798751397e+00,-6.356960804958273759e-01,-1.390942689669223686e-01,-2.171822384577128395e-01,-2.142471659008353679e-01,-1.737350656610339716e-01,1.295064838409577535e-01,-5.063332168827330282e-01,3.377373928334896358e-01,4.414783344208749599e-02,1.816309242666182266e-01,-7.866339548642672930e-02,2.045520235605006454e-01
-4.356525321403440301e-03,-3.921693031756534609e-02,6.902894552149512197e-01,3.800716051091589803e-02,-8.293148233485991144e-03,5.885853565911525198e-01,8.074985804623693308e-01,-2.754505614884091291e-01,-6.139969935873761109e-02,1.298919210107167821e-01,9.612858586569922315e-01,-6.210230193073175142e-01,1.243270459706489195e-01,-3.601042233970001560e-01,-1.682513602240459649e-01,-1.345359829666769036e-01,1.073928335803511436e+00,-6.482530202095442284e-01,1.539827648886220313e-01,3.955859530517073785e-03,-9.525223986381185781e-02,1.124157004418125383e-01,-3.731072563928841124e-01,1.044784139197186823e+00,-6.334727222096894206e-01,-1.349922928197068439e-01,-2.156117292625970017e-01,-2.117847389042011863e-01,-1.730481430912396978e-01,1.289534204658714378e-01,-5.051406000087625969e-01,3.352134772308814625e-01,4.247108091423944937e-02,1.786009163657726884e-01,-7.732644127824693514e-02,2.055308198946920184e-01
-4.327112292017303713e-03,-3.929334424781564389e-02,6.901508662137584293e-01,3.757323056102694625e-02,-8.374915263050113079e-03,5.882002325336231907e-01,8.077986132613357295e-01,-2.765302277344762749e-01,-5.977218882065463146e-02,1.305771737562184676e-01,9.629885882645545792e-01,-6.221542216152600169e-01,1.250272915676445273e-01,-3.614761170156576275e-01,-1.660837492644275382e-01,-1.329367252998790994e-01,1.074732289354724868e+00,-6.476192941827197957e-01,1.543613459327153603e-01,1.869452667750758079e-03,-9.526751574721842308e-02,1.117070889982546278e-01,-3.804095735839207459e-01,1.047067667793063706e+00,-6.350082690128872054e-01,-1.320997955882817487e-01,-2.117514263820527431e-01,-2.106665023321205032e-01,-1.719118012927999817e-01,1.268990708922921040e-01,-5.053880789860460965e-01,3.361834806192550706e-01,4.226477083744345498e-02,1.806544456488831385e-01,-7.643668236970967145e-02,2.052118476486443910e-01
-4.285634864302383107e-03,-3.933444476894447372e-02,6.900283115342067397e-01,3.722502626370030598e-02,-7.968918563138572414e-03,5.875403399549202765e-01,8.082989191396081630e-01,-2.776628539935906970e-01,-5.913463899015425351e-02,1.312576830452666377e-01,9.633871928673196638e-01,-6.235647276070001022e-01,1.255976569198376247e-01,-3.635315683124492048e-01,-1.651888436058258358e-01,-1.319092874730359854e-01,1.075513365119076692e+00,-6.481114354642230069e-01,1.543868650817961929e-01,6.696667816900644249e-04,-9.601691968879884354e-02,1.114561389093992744e-01,-3.873251493861908923e-01,1.047609079527857867e+00,-6.354045636830838450e-01,-1.282008838644722315e-01,-2.087542141922243688e-01,-2.110647206534428388e-01,-1.679557012007906192e-01,1.264795843320576652e-01,-5.033030965958258385e-01,3.347633489242463622e-01,4.150646279868425853e-02,1.807000747798804818e-01,-7.673945498985149105e-02,2.036964565510741010e-01
-4.250123150028439073e-03,-3.932437023856510949e-02,6.902547537042755810e-01,3.690425071927277284e-02,-8.048375334961426625e-03,5.871079652833353091e-01,8.086269455281460683e-01,-2.764812796021379748e-01,-5.713881059763475934e-02,1.333588038009196342e-01,9.611808988709261703e-01,-6.238595555119550440e-01,1.254210411676663639e-01,-3.642513827987244324e-01,-1.646244077694994645e-01,-1.324081529829062853e-01,1.075730464865617853e+00,-6.442978366383159683e-01,1.566393536200401393e-01,-1.505796593865062379e-03,-9.644520760700221740e-02,1.108887073100045945e-01,-3.936309191418150277e-01,1.047366098192684225e+00,-6.362912220792515949e-01,-1.232749500098816314e-01,-2.037562072600213325e-01,-2.105843492142751294e-01,-1.673005677556890503e-01,1.256111084774896303e-01,-5.022423057825360360e-01,3.348721872916766151e-01,4.216610120272770018e-02,1.827098554005937292e-01,-7.564813397280227558e-02,2.051829233801331642e-01
-4.222049715539138645e-03,-3.927105406974321089e-02,6.904261311480247576e-01,3.628712193510958556e-02,-7.805386866031165279e-03,5.867725478640745118e-01,8.089006723885456829e-01,-2.764080027291109243e-01,-5.573827690441925109e-02,1.342093034636726578e-01,9.591899941205990210e-01,-6.247873673529851235e-01,1.251517595970175756e-01,-3.650787272224726432e-01,-1.632371692761772908e-01,-1.321522180397764756e-01,1.074382335144418610e+00,-6.429891315979520128e-01,1.571954459223039169e-01,-3.635354774892933169e-03,-9.623013500777619078e-02,1.097416120713470555e-01,-3.999386649941224503e-01,1.046064828901956290e+00,-6.364779527495196820e-01,-1.177383525958057009e-01,-2.007219679190039852e-01,-2.093491469495717128e-01,-1.678137866040784743e-01,1.251756748863575019e-01,-5.011445877741780297e-01,3.345116156659271311e-01,4.234682835238544329e-02,1.862894505522475208e-01,-7.419112033551251983e-02,2.069311832053370159e-01
-4.196455005466585494e-03,-3.918242688408266755e-02,6.908050083584941214e-01,3.577897476591822973e-02,-7.517285482329849958e-03,5.868458057275774964e-01,8.088728921676308081e-01,-2.755204263712181523e-01,-5.454633948526966397e-02,1.354022399928424547e-01,9.554337908937431401e-01,-6.245196693023211676e-01,1.244002732642595366e-01,-3.652418102748404838e-01,-1.622156361363561172e-01,-1.319274521639302034e-01,1.072192385443271778e+00,-6.406694613737733413e-01,1.581412989824644566e-01,-6.160062368899047597e-03,-9.601387755930922141e-02,1.081806195064137915e-01,-4.076625175481556340e-01,1.043410605936834212e+00,-6.383421504991337869e-01,-1.107300473325658896e-01,-2.013986710035179373e-01,-2.071172497131664736e-01,-1.698252460330206826e-01,1.259366621097278705e-01,-5.005369064367940490e-01,3.343357817784072816e-01,4.202947597292676363e-02,1.912809696477925370e-01,-7.336593528883426918e-02,2.086370803365345528e-01
-4.182925582379133297e-03,-3.909380468098261341e-02,6.910662789803245776e-01,3.535945127526417958e-02,-7.424242109898646774e-03,5.865184639832664582e-01,8.091295824781813417e-01,-2.745005649743607057e-01,-5.319102099090599473e-02,1.367236623581027655e-01,9.527021243712558984e-01,-6.250231657519065287e-01,1.244836750476756571e-01,-3.651595990583669238e-01,-1.613794706098008735e-01,-1.322084542733517054e-01,1.070286993916696572e+00,-6.390646016013301622e-01,1.590666206729215992e-01,-7.696720966352695557e-03,-9.594949705196686995e-02,1.074654426607516006e-01,-4.153416848455717680e-01,1.039565701278584831e+00,-6.378133108570244181e-01,-1.027982278527017068e-01,-2.011498885200671272e-01,-2.057082545773184223e-01,-1.695728603862128869e-01,1.267450027617459674e-01,-4.991713627055794356e-01,3.328169090031618538e-01,4.181457120416141177e-02,1.949415976630280156e-01,-7.267915276222090826e-02,2.101631745610984814e-01
-4.160025436876218716e-03,-3.901019476910645711e-02,6.914012781967564525e-01,3.499975701198063116e-02,-7.263308149180617082e-03,5.863904147204291872e-01,8.092394842615105999e-01,-2.729610610353405131e-01,-5.203533084292869676e-02,1.382515069993142665e-01,9.487499246452025803e-01,-6.255139277412364862e-01,1.245426883236804977e-01,-3.652366820102901923e-01,-1.607662544409432237e-01,-1.323532591342626019e-01,1.068731193479029784e+00,-6.366155801574162609e-01,1.602570488726876297e-01,-9.734657683716323867e-03,-9.638974751535470120e-02,1.072194343337614791e-01,-4.248399870039368253e-01,1.036036484467311780e+00,-6.381050919901964935e-01,-9.423579490408244552e-02,-2.012817371828634072e-01,-2.038434132583571701e-01,-1.703914982189128902e-01,1.270116218675850783e-01,-4.980404627388664296e-01,3.320479554465288752e-01,4.214610815050653936e-02,1.981872155611817954e-01,-7.171220853402447692e-02,2.134712954419268338e-01
-4.118428237767469274e-03,-3.893235248424978950e-02,6.918136264030589899e-01,3.519034982382894527e-02,-7.082789031334932837e-03,5.859970515202856944e-01,8.095177138199916023e-01,-2.704494180919594926e-01,-5.228816386944427214e-02,1.394341758417466937e-01,9.438830586491055996e-01,-6.246025858689635557e-01,1.247195562335047248e-01,-3.642953469266400068e-01,-1.604231956814800575e-01,-1.312842016608629092e-01,1.066054586917121849e+00,-6.355148296538810637e-01,1.602449719364953673e-01,-1.240989822315992364e-02,-9.722122226817123125e-02,1.061064443760659642e-01,-4.354532928592625973e-01,1.032271716455103405e+00,-6.401453438199348200e-01,-8.281834503546976756e-02,-2.032826891299789607e-01,-2.012825277556206383e-01,-1.728378296246912971e-01,1.266111946517720355e-01,-4.959794183319321537e-01,3.323282647147636215e-01,4.315644643141856168e-02,2.044868986382863962e-01,-6.951555024216869716e-02,2.172757368386448174e-01
-4.044278791899278899e-03,-3.887421868703754002e-02,6.924559216332677458e-01,3.550233409900637599e-02,-7.176471341431130135e-03,5.860151595452373074e-01,8.094901576398431109e-01,-2.665142660748451298e-01,-5.258775254965859097e-02,1.403195348306488233e-01,9.371056031103617290e-01,-6.227054781613007295e-01,1.246532867659446292e-01,-3.622348156761502902e-01,-1.604856243140808103e-01,-1.311372077907151379e-01,1.062909496023032752e+00,-6.321261683371526274e-01,1.622295214738017077e-01,-1.469706815789256424e-02,-9.866377069174026015e-02,1.057995773849760013e-01,-4.496549171988513116e-01,1.027504663978861421e+00,-6.425428545177085393e-01,-6.948999844213453458e-02,-1.999212918891719593e-01,-1.999568257865479703e-01,-1.740412861308722470e-01,1.259309008632856497e-01,-4.947600248516155208e-01,3.333673539837259114e-01,4.504320542547714246e-02,2.081677654268007938e-01,-6.860877959643378599e-02,2.189749948662905732e-01
-3.935692563456768406e-03,-3.882163177451517649e-02,6.932735582516813544e-01,3.586777344587339933e-02,-7.010107332648354839e-03,5.862192234929446411e-01,8.093277353646967098e-01,-2.624539131187341723e-01,-5.368348110379121685e-02,1.406510999939589723e-01,9.286993840985857673e-01,-6.191906055044902324e-01,1.238928211100495114e-01,-3.604288718511773904e-01,-1.606661526464017720e-01,-1.304473853926877147e-01,1.059426693175070877e+00,-6.277271336627376908e-01,1.647836861836955158e-01,-1.740461197681660716e-02,-1.004187739082347541e-01,1.049860263918817038e-01,-4.662666615028686068e-01,1.022624575536320801e+00,-6.470451114333594100e-01,-5.380082857531749002e-02,-1.966643587138998672e-01,-1.975734221256754963e-01,-1.773675768419940568e-01,1.262873153707759211e-01,-4.921576291901866851e-01,3.333676924299608935e-01,4.704308180051853389e-02,2.135001100577361421e-01,-6.633088127298218672e-02,2.238474942421204150e-01
-3.817818841312518516e-03,-3.879527697661005331e-02,6.937982995253489937e-01,3.675572235404078042e-02,-6.879829262316967259e-03,5.859123824012825166e-01,8.095111889111892278e-01,-2.586241885232129500e-01,-5.533064615359664651e-02,1.416023354146276059e-01,9.225727944923713952e-01,-6.162198082646068720e-01,1.236373124502809090e-01,-3.586671884708624303e-01,-1.619541044115205830e-01,-1.296108463293327850e-01,1.057248068278102915e+00,-6.258811335343198445e-01,1.659027905080357745e-01,-1.836621963766338003e-02,-1.017003198113195089e-01,1.040520059915260587e-01,-4.840885923630212639e-01,1.017617624349078431e+00,-6.525566983746867722e-01,-3.639646427888211522e-02,-1.931105026099433075e-01,-1.954311076607928299e-01,-1.775906271313120455e-01,1.266071487981079158e-01,-4.901660093318334632e-01,3.332347707692853711e-01,4.776255995501017815e-02,2.151466496717882038e-01,-6.506224398649376739e-02,2.270921516258843365e-01
-3.715540771319620402e-03,-3.878492913493781363e-02,6.941632788346687732e-01,3.752117263959758864e-02,-7.519479201448942517e-03,5.850360459822789849e-01,8.101039710664977855e-01,-2.544120978354008633e-01,-5.523530555333928949e-02,1.430226987608846645e-01,9.189953377768794729e-01,-6.149361620168722897e-01,1.252192959555959995e-01,-3.559392394940691928e-01,-1.616102298888113797e-01,-1.286739337762131397e-01,1.055071895142351890e+00,-6.241636573524346199e-01,1.674651841021040644e-01,-1.915587498467139285e-02,-1.025130572261349349e-01,1.052056594761825031e-01,-5.003174861755312897e-01,1.010024068767269023e+00,-6.551648506131387828e-01,-1.731872313712312650e-02,-1.921863046557339139e-01,-1.941981418751295707e-01,-1.759548778766129029e-01,1.253307855487212075e-01,-4.880808864744513031e-01,3.332924082061085036e-01,4.875199034759297723e-02,2.195240080036595653e-01,-6.320730814728232894e-02,2.322964809545983722e-01
-3.613277091995127470e-03,-3.877056854263848801e-02,6.944509105599203647e-01,3.722107234902088946e-02,-7.755759373677539523e-03,5.844259558133464427e-01,8.105558229643302637e-01,-2.525040837245080549e-01,-5.411363190923201838e-02,1.432914945344697377e-01,9.159273073957672207e-01,-6.157623242191093693e-01,1.263872039347774812e-01,-3.553760426795020688e-01,-1.603598606272172433e-01,-1.290875337921271737e-01,1.053530009970806924e+00,-6.217475337974270877e-01,1.694063709509034954e-01,-2.065592409951138783e-02,-1.015674464745321554e-01,1.060220393451659499e-01,-5.157764507064614978e-01,1.000317304829939191e+00,-6.549746553575969132e-01,2.034616151280194477e-03,-1.915999836893275132e-01,-1.928841651145910274e-01,-1.762569831682529176e-01,1.250028490259447733e-01,-4.850815610209393003e-01,3.316335525002135909e-01,4.887563019665628478e-02,2.252586003241869583e-01,-6.346679980122557629e-02,2.363384541413246220e-01
-3.500544461672435055e-03,-3.874401063021544467e-02,6.951711308890932139e-01,3.704361198813038714e-02,-7.179939677187939170e-03,5.844477056021655237e-01,8.105535754615290633e-01,-2.498293810028341111e-01,-5.457640313869376036e-02,1.438605728812334672e-01,9.077675894195831319e-01,-6.137185496795504180e-01,1.262114621146209759e-01,-3.551233328623241703e-01,-1.601769878364076582e-01,-1.287370665992272067e-01,1.050038485752301964e+00,-6.175681625110865935e-01,1.733370323202770291e-01,-2.461650839224135620e-02,-1.012842780792081454e-01,1.060662455758618339e-01,-5.363101182670425571e-01,9.910469880783669971e-01,-6.586552526415325737e-01,2.592990033644191825e-02,-1.914595098763816061e-01,-1.913445000672212015e-01,-1.768325955436514663e-01,1.231345989787343970e-01,-4.828788432297786981e-01,3.328501412489185407e-01,4.942985024817688616e-02,2.332225133437889064e-01,-6.273301540891830508e-02,2.426190842209711429e-01
-3.385685828463410110e-03,-3.875298096341556892e-02,6.958443947887446024e-01,3.658705448958340933e-02,-6.104929429469331884e-03,5.845147057881278085e-01,8.105348086281395359e-01,-2.490808900591245101e-01,-5.479051301277815256e-02,1.448960270097166547e-01,9.006221344156053465e-01,-6.108286984126092278e-01,1.245599502068821807e-01,-3.560211008198205240e-01,-1.598534752426243044e-01,-1.280618167376794125e-01,1.046188133104660078e+00,-6.147627114786530234e-01,1.758317488410290619e-01,-2.837490352028106122e-02,-1.011534519483169303e-01,1.042039615271243835e-01,-5.588682879223150213e-01,9.791968449627511673e-01,-6.629008012739814326e-01,5.476449233413215045e-02,-1.868383390167986380e-01,-1.874294990842173547e-01,-1.751536375858316619e-01,1.233653239461675322e-01,-4.779316719393695290e-01,3.316621999357586281e-01,5.028544280144708195e-02,2.436604872746700734e-01,-6.328314821055947004e-02,2.418249768546930079e-01
-3.285231661342389274e-03,-3.887026655297609601e-02,6.961998035062169077e-01,3.712632988832941655e-02,-6.358112630930731236e-03,5.845870119053764302e-01,8.104561897748315813e-01,-2.460500811307809177e-01,-5.503487942901029439e-02,1.459332706476525188e-01,8.964182543192057429e-01,-6.096912446693144583e-01,1.264197217822922159e-01,-3.558815884233166305e-01,-1.605379202660079385e-01,-1.278425438990715701e-01,1.047675054429925368e+00,-6.100843951029636392e-01,1.773815766691144158e-01,-3.138070169284994104e-02,-1.021889919264482999e-01,1.043602317089395853e-01,-5.820923492963716583e-01,9.675481020012329791e-01,-6.674777998961486380e-01,8.335873144576101679e-02,-1.828093817557724932e-01,-1.829613209128940488e-01,-1.729041332677292153e-01,1.225782480582303380e-01,-4.750760023931320797e-01,3.307646528460585489e-01,5.172290442555136508e-02,2.421895664516177660e-01,-6.174656595167495737e-02,2.435136776693634098e-01
-3.153976358000792381e-03,-3.899444033085062988e-02,6.969603280159195613e-01,3.680743464969205708e-02,-5.515211218578763494e-03,5.846390736901809770e-01,8.104393553588138399e-01,-2.437754201464447379e-01,-5.511580838251481373e-02,1.473482539565925675e-01,8.872663838194148056e-01,-6.075115050036844488e-01,1.261992298003177249e-01,-3.568850507800992444e-01,-1.603870622125676826e-01,-1.274171548459999970e-01,1.044834827170202818e+00,-6.050762220830274707e-01,1.810632141851715726e-01,-3.513865973444916385e-02,-1.026619829317400867e-01,1.037783235692057160e-01,-6.077115062170183046e-01,9.554290545733957751e-01,-6.726299096793536547e-01,1.135036872253937512e-01,-1.836996655394244060e-01,-1.780953724657964865e-01,-1.754571180930823704e-01,1.216431121168959906e-01,-4.699504617152456265e-01,3.294478892245337742e-01,5.346942809821889075e-02,2.487986298750539393e-01,-6.075778693212276205e-02,2.437291282773487167e-01
-2.977073251805151602e-03,-3.916334466011606869e-02,6.981873535172251621e-01,3.693203400675310055e-02,-4.472017128572895392e-03,5.851707259754985735e-01,8.100563235900533066e-01,-2.388500015216067640e-01,-5.644859243132231003e-02,1.489811926394994379e-01,8.722174569698908364e-01,-6.025290900540244410e-01,1.241256356241987602e-01,-3.569629160917429656e-01,-1.619016834143407468e-01,-1.277425984834595629e-01,1.040702818817467401e+00,-5.973174663707276899e-01,1.852582111113278140e-01,-3.975013068187481513e-02,-1.031279389077823239e-01,1.031440598285087995e-01,-6.340087833798443429e-01,9.426146660993122151e-01,-6.774717379749648494e-01,1.458797269257459395e-01,-1.801859190854262216e-01,-1.722304229042952994e-01,-1.786267992224923329e-01,1.201678542069635341e-01,-4.670610029239292138e-01,3.291345297454094099e-01,5.553239860102767572e-02,2.521451687603489256e-01,-5.886528445412816946e-02,2.485891934360858480e-01
-2.763444857770674251e-03,-3.937591801944761299e-02,6.990701840165248759e-01,3.722703961082477614e-02,-3.449129296347746253e-03,5.855794595364233190e-01,8.097523989454685767e-01,-2.358460825596069288e-01,-5.832634107582020805e-02,1.498146056093492551e-01,8.615171928784005617e-01,-5.979049229774963115e-01,1.243471769351525008e-01,-3.577117288324710431e-01,-1.628254398763428201e-01,-1.264941765754951930e-01,1.038207367208514365e+00,-5.922315072753399079e-01,1.866835047191876262e-01,-4.308339465287196191e-02,-1.043295949677728457e-01,1.012853745872449307e-01,-6.597815894817692373e-01,9.330489019117859106e-01,-6.844410075305096264e-01,1.738818155962194578e-01,-1.698977463632297402e-01,-1.691322611126142017e-01,-1.782811794644774128e-01,1.194187086301597561e-01,-4.648189668485135928e-01,3.286317358817411050e-01,5.760905101843617065e-02,2.515769598504070670e-01,-5.816292592631125413e-02,2.491518666786883551e-01
-2.511170228047122054e-03,-3.959164156333053186e-02,7.001960160762423779e-01,3.735055716251557689e-02,-2.066975442629482521e-03,5.858170930593755710e-01,8.095795186216310224e-01,-2.321659794825111645e-01,-6.047944125882393634e-02,1.506462465715844024e-01,8.475556566773019274e-01,-5.924367218983846994e-01,1.238041014303688792e-01,-3.580477582121211477e-01,-1.639898201947114220e-01,-1.259535936727899652e-01,1.032970861645379435e+00,-5.869534120391384224e-01,1.898613499041881814e-01,-4.663460042760213253e-02,-1.050436973569910670e-01,1.000746987830562346e-01,-6.820008200592638792e-01,9.226564455697109368e-01,-6.874464542431004688e-01,2.029770281758521144e-01,-1.632850121997481141e-01,-1.671806499306336957e-01,-1.765582015691539719e-01,1.172427746596876041e-01,-4.632546904689613942e-01,3.285154640152877503e-01,5.931947684177762969e-02,2.553260079269663030e-01,-5.611008226394730708e-02,2.544477468831585210e-01
-2.230501625943878512e-03,-3.979370597300193463e-02,7.013295170359271635e-01,3.714633456715892013e-02,-9.727156039578280580e-04,5.862147500237201436e-01,8.093030770404897600e-01,-2.284917566647028386e-01,-6.064080969337715815e-02,1.527466577418405413e-01,8.343225145947446020e-01,-5.868625226472938827e-01,1.206273973406961492e-01,-3.570563628904740439e-01,-1.631830874401817844e-01,-1.246679870863794254e-01,1.025341274812565651e+00,-5.827396014535922708e-01,1.931994891947715898e-01,-5.188245930628933994e-02,-1.040970934743300352e-01,9.971033306140500430e-02,-7.027625400932602240e-01,9.096076883995025675e-01,-6.865689777578485309e-01,2.366798530431001579e-01,-1.629756809785710137e-01,-1.634330996316823992e-01,-1.733264926840419606e-01,1.145192256500938144e-01,-4.603195070240876929e-01,3.285861640886903468e-01,6.021239548673718023e-02,2.656680417790074911e-01,-5.497414768297610027e-02,2.596769812129602895e-01
-1.930288964358291195e-03,-3.994789664153955422e-02,7.024619334861686992e-01,3.769391915733975862e-02,2.757550624288831673e-04,5.870703494930145094e-01,8.086578368901485847e-01,-2.237353748931389941e-01,-6.327900511577816411e-02,1.536913287085935886e-01,8.196350044578736282e-01,-5.796588716072351710e-01,1.173681151825884533e-01,-3.559481906008051255e-01,-1.655199700340564406e-01,-1.247545966679323437e-01,1.019781457402781699e+00,-5.780001018991625106e-01,1.959585517170705227e-01,-5.670419519484247439e-02,-1.041862471854735489e-01,9.824723692246847828e-02,-7.238090683091206179e-01,9.016587092397473358e-01,-6.913569766053673238e-01,2.647352859792448387e-01,-1.557381210059330112e-01,-1.602196588485257644e-01,-1.749662346802504931e-01,1.146202833064150217e-01,-4.562967349535703709e-01,3.263441475321828267e-01,6.111689454685682171e-02,2.716445615000035452e-01,-5.376813411831676826e-02,2.647257127984106728e-01
-1.666191799719366276e-03,-4.007961396574358237e-02,7.030239968332162581e-01,3.829700661751850310e-02,1.492541691053868216e-03,5.878159950728506500e-01,8.080862995620898825e-01,-2.212203676288514165e-01,-6.616250290813485702e-02,1.541490771727095366e-01,8.102972027100544539e-01,-5.757974269827699221e-01,1.167116432465308273e-01,-3.567410529494217664e-01,-1.679837679673288342e-01,-1.240308139698513140e-01,1.018655061342046642e+00,-5.759388514918771795e-01,1.974919907882288217e-01,-6.047086147017824431e-02,-1.056901993539521578e-01,9.744426319168018880e-02,-7.431314057020754760e-01,8.955559099042043059e-01,-6.956236590104241113e-01,2.877865775415764382e-01,-1.477409759765113961e-01,-1.563823911399919164e-01,-1.771372915330373388e-01,1.146570850559355675e-01,-4.552172941846611698e-01,3.245297315176955411e-01,6.009870133784531165e-02,2.673565087224720194e-01,-5.128640169561307638e-02,2.721604374989441411e-01
-1.458789160535393405e-03,-4.017359420809225867e-02,7.034002830027024089e-01,3.916784828286703352e-02,2.271961977074912157e-03,5.882883371851889143e-01,8.076989229790697555e-01,-2.183605949402657731e-01,-6.893557989853095480e-02,1.548275281490977262e-01,8.029259322551099975e-01,-5.730433329694869515e-01,1.175798661608110640e-01,-3.587361559721507498e-01,-1.709331290274377912e-01,-1.231892439064041361e-01,1.021936743516959956e+00,-5.712718204440929703e-01,1.999659048891584689e-01,-6.383955907989126433e-02,-1.073066237340846718e-01,9.850694639366829042e-02,-7.610712666061421050e-01,8.892873276951583916e-01,-6.985934638092419213e-01,3.091576678020522273e-01,-1.453904350170281412e-01,-1.520279813885897502e-01,-1.772960845418988518e-01,1.139095018209060894e-01,-4.544440049716977348e-01,3.235405534085029622e-01,5.827386703991233041e-02,2.646299328355637970e-01,-4.780038898449957829e-02,2.712632413080453553e-01
-1.328855628987530343e-03,-4.021912309408768454e-02,7.033498601912318016e-01,3.957097830206576794e-02,2.667668375886014364e-03,5.881960653802144057e-01,8.077452629962535990e-01,-2.177244096103904403e-01,-7.053113403624293454e-02,1.545713337976997448e-01,8.010249157121291930e-01,-5.738653768549211165e-01,1.203148138035609882e-01,-3.612538115480153911e-01,-1.713369990485139605e-01,-1.207481667154895744e-01,1.025852358964227662e+00,-5.692256335748967500e-01,2.008553183915206264e-01,-6.555707531843246727e-02,-1.078780776538856012e-01,9.961578242055472987e-02,-7.760902138483642965e-01,8.825342459174956300e-01,-6.993579372827199991e-01,3.280000576285828640e-01,-1.452181581015753731e-01,-1.496420704780429545e-01,-1.735960198714744385e-01,1.134326055065958405e-01,-4.533945759217878901e-01,3.213651568148450099e-01,5.590230817146926018e-02,2.674639266029639750e-01,-4.529808498157928548e-02,2.696395727094096917e-01
-1.226269542656928824e-03,-4.012158497603903612e-02,7.040584181740433545e-01,3.890782284819104681e-02,4.294126406568413157e-03,5.885142632027346998e-01,8.075386701617204288e-01,-2.164333280952577265e-01,-7.135152206804010189e-02,1.560565372239706983e-01,7.904640241605825901e-01,-5.708074075167621775e-01,1.183432007128857322e-01,-3.628254949674062924e-01,-1.721277581067609808e-01,-1.208463591313595903e-01,1.021290491910356035e+00,-5.665644079318808979e-01,2.027837703441029427e-01,-6.904198505924363793e-02,-1.070478309758569335e-01,9.813973607040783753e-02,-7.903213656535016396e-01,8.751406337108729172e-01,-7.000122372200300314e-01,3.503444967891620743e-01,-1.432637638968073945e-01,-1.459123145570819235e-01,-1.737761784777169249e-01,1.133083593745730783e-01,-4.505506036306534123e-01,3.188220571508798007e-01,5.528040049714567916e-02,2.730476589704571300e-01,-4.439495250066811255e-02,2.697991139301438301e-01
-1.200439123065746806e-03,-3.998531811556553517e-02,7.046418093601176658e-01,3.827925531695805517e-02,5.295719627944025718e-03,5.890176388419331444e-01,8.071956857535069751e-01,-2.153178587083703632e-01,-7.172202575327171759e-02,1.566061637324120681e-01,7.825701373301514607e-01,-5.680168893710350053e-01,1.164418444951194620e-01,-3.635182899813081958e-01,-1.723391986334387449e-01,-1.210865235567760434e-01,1.017580110486386635e+00,-5.636649683926903132e-01,2.031432583851287554e-01,-7.295104573664323855e-02,-1.053367319694892279e-01,9.613651666660838480e-02,-8.043414914343172128e-01,8.698861904640780018e-01,-7.046222173979178605e-01,3.707793103883197938e-01,-1.405847501881666572e-01,-1.434077052023773891e-01,-1.788288722120995322e-01,1.127900081626700968e-01,-4.507329432703217065e-01,3.180609218136472016e-01,5.422481190044126792e-02,2.788742035022320209e-01,-4.373924419561639465e-02,2.745082188302102044e-01
-1.244774101326341989e-03,-3.981372909002345306e-02,7.051121692335938773e-01,3.801697108656692387e-02,6.006637726354385927e-03,5.893467059457820900e-01,8.069628804371874464e-01,-2.136595069190388441e-01,-7.248466409950582445e-02,1.573986514762736877e-01,7.758555929449229005e-01,-5.657437117659963599e-01,1.165384191937050840e-01,-3.642987848394279582e-01,-1.727090229011070677e-01,-1.203777441627034012e-01,1.016001034623496446e+00,-5.606812390574860139e-01,2.037177693908970022e-01,-7.598155297221810545e-02,-1.042846767103599442e-01,9.451224543174600867e-02,-8.171568921026302057e-01,8.659168850030836140e-01,-7.106173568277520669e-01,3.872530595607347470e-01,-1.361829913883430276e-01,-1.410532952479096602e-01,-1.804974474914336213e-01,1.123629963026656631e-01,-4.526325072526127258e-01,3.180117880933602814e-01,5.280626603298813060e-02,2.790073016277835882e-01,-4.266804735481503907e-02,2.749522009260156330e-01
-1.351873879499463022e-03,-3.963931843740339800e-02,7.052822291077834871e-01,3.811355403578739476e-02,6.178051111381195441e-03,5.897155882591061937e-01,8.066874944161719352e-01,-2.124541610079271614e-01,-7.296220960060494087e-02,1.584776571643487508e-01,7.732158694540409716e-01,-5.647697127609129231e-01,1.174640845518371557e-01,-3.650548635694736421e-01,-1.734817118849780182e-01,-1.195966248315143143e-01,1.017445334521568601e+00,-5.578897030952251201e-01,2.043525302806111221e-01,-7.837787320837651117e-02,-1.041245845348543475e-01,9.367491152386663023e-02,-8.302326776490809301e-01,8.625050162343494975e-01,-7.168147977227904422e-01,4.015741812303453839e-01,-1.321404380229874165e-01,-1.397970046060900973e-01,-1.807757039775073349e-01,1.113836421243839248e-01,-4.546935574450176043e-01,3.183833963575622983e-01,5.230190967404966390e-02,2.765589800995431613e-01,-4.167818982600898781e-02,2.755179386842622202e-01
-1.488906132767089116e-03,-3.941971385154501017e-02,7.053741587367158283e-01,3.786908316889789350e-02,6.678361180683332725e-03,5.898853659126451765e-01,8.065708816427674677e-01,-2.123757448248122792e-01,-7.330431298881755209e-02,1.594392454686428262e-01,7.710461568607460681e-01,-5.646384908538411018e-01,1.176299266892131407e-01,-3.665127079469681637e-01,-1.740744865639579919e-01,-1.190089989416036886e-01,1.018275869534691624e+00,-5.564495329138153812e-01,2.049515953316120853e-01,-8.046650602150004494e-02,-1.033851515116556846e-01,9.263596109906865883e-02,-8.421563272849058590e-01,8.578836120106168028e-01,-7.206512643658321560e-01,4.164926547691142900e-01,-1.284813860288481768e-01,-1.380475457635055581e-01,-1.812539303920307765e-01,1.103650732775285220e-01,-4.562983246831964212e-01,3.183498352602066039e-01,5.140246208952891499e-02,2.766202052126383037e-01,-4.107431026363513038e-02,2.755312352954185640e-01
-1.648779670323927832e-03,-3.915596890222960286e-02,7.052889019733489251e-01,3.759431418661884905e-02,6.869683240931616364e-03,5.896409079756601557e-01,8.067608534346754068e-01,-2.125904830312623228e-01,-7.275167846536022276e-02,1.610653265859463834e-01,7.712051900176082331e-01,-5.658541361792913671e-01,1.177036821519383686e-01,-3.679399923481600498e-01,-1.738149991716516907e-01,-1.179243682717731889e-01,1.019811213069477418e+00,-5.558281525257456890e-01,2.046683037241113501e-01,-8.315472112758164058e-02,-1.027208517994644965e-01,9.241666315403038179e-02,-8.539083616165021873e-01,8.542154271581812175e-01,-7.241562498556890493e-01,4.317274857738550020e-01,-1.273683983346221571e-01,-1.366908003712067887e-01,-1.816332982818561204e-01,1.085381078670617644e-01,-4.569315729018970096e-01,3.185912804848315405e-01,5.039866619952138721e-02,2.794015123424068436e-01,-3.957377424257390447e-02,2.775078871084816212e-01
-1.795784276082217122e-03,-3.883958964849885259e-02,7.051834675945077846e-01,3.725099100601134139e-02,6.819985937372211732e-03,5.893613981874358254e-01,8.069814085760804723e-01,-2.122807526712491843e-01,-7.212076330745516295e-02,1.618272012658917847e-01,7.712352637960702140e-01,-5.680479787507535239e-01,1.182641490878410251e-01,-3.695436580145579075e-01,-1.731311371853435643e-01,-1.167915111141499263e-01,1.022470331070111982e+00,-5.539273032981673062e-01,2.047463342997687952e-01,-8.608591510566979133e-02,-1.016365153059033410e-01,9.184292256359233297e-02,-8.650710700007188114e-01,8.493055968334739525e-01,-7.274501893732682190e-01,4.491588819948151845e-01,-1.308237520166162793e-01,-1.350867531807380395e-01,-1.835556007298041747e-01,1.068030756840178397e-01,-4.566039386043674875e-01,3.185147402711470122e-01,5.013811910126049487e-02,2.866220926438566297e-01,-3.734331078859440267e-02,2.761991700649941706e-01
-1.920265976729124873e-03,-3.848829624887453726e-02,7.048945030388783506e-01,3.696566988621683564e-02,6.281538402334843965e-03,5.892489798640477838e-01,8.070809880392068036e-01,-2.126046996913237286e-01,-7.085439435048503098e-02,1.621032396626065630e-01,7.747110187240690005e-01,-5.710559969097603883e-01,1.191302192711956726e-01,-3.706136813380611073e-01,-1.719727428937975200e-01,-1.157755228985928309e-01,1.026463152234043053e+00,-5.523613804802517402e-01,2.037363368237874728e-01,-8.873652080023969324e-02,-9.966650573006338720e-02,9.245918265147984316e-02,-8.765580679960883748e-01,8.451148308161010592e-01,-7.304632110614909246e-01,4.652371221900341025e-01,-1.324952279957404555e-01,-1.340807392462598224e-01,-1.838195810719680801e-01,1.049655262815594181e-01,-4.575725498943375436e-01,3.186496939724584587e-01,4.844213842952072024e-02,2.919600942815521738e-01,-3.604253438760688516e-02,2.749152107892419705e-01
-2.008975817471699791e-03,-3.806963355487475581e-02,7.045827555232084816e-01,3.656121989961988450e-02,5.845417742744917974e-03,5.888380748357084915e-01,8.074025203791731498e-01,-2.135875803841464915e-01,-6.949152823022616832e-02,1.621416912601260918e-01,7.791493157776159251e-01,-5.740138344590280939e-01,1.203149621422723026e-01,-3.715944730327250256e-01,-1.701471788427365572e-01,-1.141276421652494405e-01,1.029462969868938593e+00,-5.518478122154991672e-01,2.028739402026124294e-01,-8.976311942060427596e-02,-9.786196690200507642e-02,9.309587119409208633e-02,-8.882943231020510311e-01,8.392055407390814903e-01,-7.318609910182887202e-01,4.830301004221087546e-01,-1.351190188400651360e-01,-1.321569514479277452e-01,-1.831884579775864830e-01,1.036352511150987060e-01,-4.583115802477104594e-01,3.182839106926713679e-01,4.704919860662176712e-02,2.965426545316711682e-01,-3.501077829213368464e-02,2.731054879936417601e-01
-2.053463206691951044e-03,-3.755677608785853994e-02,7.044198091144839857e-01,3.590166743657006998e-02,5.746159646488498834e-03,5.886205586957516944e-01,8.075914126619304634e-01,-2.144434441176781558e-01,-6.809441138198067678e-02,1.623631142221023671e-01,7.816652267182725433e-01,-5.763614889121423390e-01,1.209189375804030075e-01,-3.723906907770448416e-01,-1.686799568382779391e-01,-1.134489397178112813e-01,1.030827208678744000e+00,-5.514370264745123151e-01,2.015440287062473246e-01,-9.126233874702982529e-02,-9.538364862734298455e-02,9.288418225082333002e-02,-8.994743532249256379e-01,8.342719138621681463e-01,-7.335901793846897334e-01,4.995707267601728341e-01,-1.381083804041587371e-01,-1.304962788737540902e-01,-1.816810817654275767e-01,1.019572758276716395e-01,-4.608382220394721118e-01,3.191489386829695629e-01,4.523171905139101306e-02,2.997930500805660037e-01,-3.412465921785140521e-02,2.729375268252732245e-01
-2.059720920907635866e-03,-3.696201624404264752e-02,7.043555975490134458e-01,3.520685464583768465e-02,5.640636115059445566e-03,5.888810398351427278e-01,8.074328340690917205e-01,-2.151376954353790005e-01,-6.677923154241524606e-02,1.622352252210337853e-01,7.836792718278888792e-01,-5.777796930565610722e-01,1.209715225043639653e-01,-3.723253068895512885e-01,-1.675206318305116349e-01,-1.134767734982418397e-01,1.031176485995411118e+00,-5.506959994883192655e-01,2.008704474813413077e-01,-9.306358983990384304e-02,-9.277734235519630168e-02,9.267112528818002848e-02,-9.112958009305438534e-01,8.290659597919225465e-01,-7.361746816387368941e-01,5.164430183426355070e-01,-1.403756697858045688e-01,-1.283151532642335113e-01,-1.798274186984934186e-01,1.010554797476543309e-01,-4.621249332671880650e-01,3.192117783233670014e-01,4.412358723947785999e-02,3.020199265395594468e-01,-3.289688036194995252e-02,2.705162678841102619e-01
-2.034348711434687262e-03,-3.628958899415634515e-02,7.042714215921567211e-01,3.412122191705833918e-02,6.082793637688151817e-03,5.888170046070653196e-01,8.075229265612283713e-01,-2.168531568895360473e-01,-6.517329362868515275e-02,1.629467086380119722e-01,7.853319503724676132e-01,-5.799360112942570922e-01,1.222292461579843614e-01,-3.740658899809266580e-01,-1.660517649291135822e-01,-1.131771108778684837e-01,1.032073562187946658e+00,-5.503291534642524852e-01,1.985444679516074062e-01,-9.410416045947780916e-02,-9.092997445559393432e-02,9.185504118544854379e-02,-9.219933587299623534e-01,8.249377116022273970e-01,-7.361217907727803933e-01,5.311203160546432711e-01,-1.402690126444217644e-01,-1.275839971034901099e-01,-1.792215646815716878e-01,1.013742453663607906e-01,-4.618496961999567496e-01,3.177729841688584633e-01,4.228421583779048282e-02,3.034879032403320909e-01,-3.376798528877470590e-02,2.706009529721644102e-01
-1.977888876944711855e-03,-3.555439538846491554e-02,7.043135691340320914e-01,3.293405828670483565e-02,6.429813417191078059e-03,5.895082475700279545e-01,8.070650725629883171e-01,-2.180599444161001599e-01,-6.329946457268983973e-02,1.633509926213687624e-01,7.857751932776390058e-01,-5.812398098666607948e-01,1.205558747598021729e-01,-3.741736531454831205e-01,-1.646886966262219587e-01,-1.138141857231604742e-01,1.030790818247742102e+00,-5.502431834048859827e-01,1.967238657369735355e-01,-9.602580883193612138e-02,-8.888420304242472536e-02,9.214256731439840475e-02,-9.326211827654854458e-01,8.208181984058589009e-01,-7.359861322542500250e-01,5.449597797483128891e-01,-1.405875102551215616e-01,-1.262496465033201565e-01,-1.767728257237363432e-01,1.021695571880143205e-01,-4.611395579652488586e-01,3.159953338786500310e-01,4.060811209777278469e-02,3.054565443477987863e-01,-3.438918599910444074e-02,2.685121482066991638e-01
-1.885714647781712525e-03,-3.476755596701389811e-02,7.045100617566139034e-01,3.184591883438023935e-02,6.953881405389303154e-03,5.906083355361014808e-01,8.062997426405816848e-01,-2.185039171500355037e-01,-6.187634698871179173e-02,1.639568374808175188e-01,7.840928022800449648e-01,-5.812324460126558900e-01,1.184799833616518860e-01,-3.744608738690416994e-01,-1.643244656585926833e-01,-1.150355231233673586e-01,1.030081633344686276e+00,-5.485356073770006891e-01,1.957034827631513874e-01,-9.959448584643589009e-02,-8.718263509330793914e-02,9.198678134818122354e-02,-9.420719474283787420e-01,8.182182004065862158e-01,-7.354055713807724493e-01,5.573566783022780857e-01,-1.380646872258384228e-01,-1.245817264132348806e-01,-1.771350412326943291e-01,1.027511318773260268e-01,-4.617315799260927611e-01,3.158136050151572061e-01,3.795493759588163679e-02,3.049812203746810058e-01,-3.463472395997566067e-02,2.688306037527019021e-01
-1.772602482183910279e-03,-3.394838644881000012e-02,7.047521588171297147e-01,3.096703240680899472e-02,7.455800036670720554e-03,5.917386868942319245e-01,8.055003292255177305e-01,-2.179116271031994456e-01,-6.118775955885109863e-02,1.641807870388088952e-01,7.809601124635545677e-01,-5.814306991553929160e-01,1.179831920423374952e-01,-3.749667180191911253e-01,-1.633456561719785760e-01,-1.143616681833063004e-01,1.030177586765527176e+00,-5.461092092756915095e-01,1.945994505920309592e-01,-1.029259174137718696e-01,-8.596495743916848786e-02,9.160695454530695669e-02,-9.502398139466552429e-01,8.152253224670716891e-01,-7.341588911733469835e-01,5.687486544075732731e-01,-1.373592408659820574e-01,-1.232982178504287846e-01,-1.728975820112112483e-01,1.037538182918118224e-01,-4.623311752167409416e-01,3.154960020995531966e-01,3.646231598158457959e-02,3.055859742537015977e-01,-3.343005295302284297e-02,2.658563875685667210e-01
-1.633905041661040669e-03,-3.311554459297769842e-02,7.049142239142713873e-01,2.964132295311233678e-02,8.866699374572722253e-03,5.925830378012842958e-01,8.049149749669156639e-01,-2.196691002978788942e-01,-6.123545545449813471e-02,1.634883104595603043e-01,7.780137621633308465e-01,-5.817779529997709753e-01,1.155381769516515694e-01,-3.760477671120397436e-01,-1.626438995234800455e-01,-1.141813958356369119e-01,1.027057197941035227e+00,-5.479674429507073175e-01,1.926526389432150210e-01,-1.047544288555047332e-01,-8.435646109721336994e-02,9.172923619382042371e-02,-9.596537761820146395e-01,8.120096872504168894e-01,-7.314375145295557434e-01,5.807241207108916337e-01,-1.390490253182809222e-01,-1.223991039767989980e-01,-1.670753163085093862e-01,1.053147390096562386e-01,-4.635886984371834774e-01,3.139539052079353132e-01,3.276020344106789911e-02,3.056121850715887711e-01,-3.309609249630967448e-02,2.635696100214333093e-01
-1.476243945597688172e-03,-3.229673107898174689e-02,7.052947507017045536e-01,2.889308480805169443e-02,9.527167565195886201e-03,5.935280093124202239e-01,8.042381021128588436e-01,-2.183394789271001779e-01,-6.095412758441930146e-02,1.639093437930063957e-01,7.731081964004182794e-01,-5.806508100870562128e-01,1.142238929247107321e-01,-3.758282674438531701e-01,-1.621187639651840984e-01,-1.138278916895335557e-01,1.025357430935250003e+00,-5.459380474884205636e-01,1.920533292107947931e-01,-1.079858184312890435e-01,-8.299003927326374652e-02,9.127804865523968247e-02,-9.663604243040924135e-01,8.090780249410058911e-01,-7.294675532608964064e-01,5.920808760315099395e-01,-1.432379331186175719e-01,-1.214822065876905721e-01,-1.604503562569877251e-01,1.061869563531521732e-01,-4.647988087424866910e-01,3.138810599374547428e-01,3.062916942489741709e-02,3.066181077672600619e-01,-3.184112532996812017e-02,2.588198242351120171e-01
-1.315038335840636261e-03,-3.155943033754013416e-02,7.054022073741876842e-01,2.849011486098067258e-02,9.476237301684427641e-03,5.948278931252839463e-01,8.032921584591400377e-01,-2.173672168389941262e-01,-6.031658543772252384e-02,1.637715206969233561e-01,7.722556159022242461e-01,-5.808511690967528285e-01,1.143670874327212955e-01,-3.753948261315527835e-01,-1.616727610624955069e-01,-1.136032017308017117e-01,1.027007581225734212e+00,-5.432664037753126562e-01,1.915256828218143692e-01,-1.108774952903695127e-01,-8.274757225673255723e-02,9.210764857409062256e-02,-9.738185910887229291e-01,8.071775773987485136e-01,-7.294587921155971655e-01,6.001111894393380553e-01,-1.455044656814330206e-01,-1.207399710032532048e-01,-1.548583403094535849e-01,1.069946510869216605e-01,-4.655815135027782103e-01,3.133384603789045597e-01,2.926003397483711160e-02,3.055311217397586598e-01,-2.972441980746119011e-02,2.559897553768747946e-01
-1.155913674838304544e-03,-3.085449568951587063e-02,7.056436967148996819e-01,2.802468989473248795e-02,1.023447205876690594e-02,5.956517775121111802e-01,8.026885026488451702e-01,-2.167291760887377350e-01,-6.086636599175198475e-02,1.635668472320899181e-01,7.686632833561219957e-01,-5.798299257571075671e-01,1.136110284876946375e-01,-3.753513662139446594e-01,-1.620549049600256419e-01,-1.134963576580354933e-01,1.025908210525446451e+00,-5.429070224511863829e-01,1.905294139130512265e-01,-1.130317295401472577e-01,-8.175178360459628424e-02,9.257230046005457402e-02,-9.802945279809895940e-01,8.051183486720053795e-01,-7.278730991188957500e-01,6.084074528205981602e-01,-1.459866376791048859e-01,-1.198101774799138486e-01,-1.489866348570672017e-01,1.076437116764440427e-01,-4.660538302080096118e-01,3.114797310657879126e-01,2.703928253755634101e-02,3.024003574185741838e-01,-2.927968878560389954e-02,2.514909765812045617e-01
-1.019364419333428692e-03,-3.019902375035079037e-02,7.058609513917041278e-01,2.725878058591085437e-02,1.135176322561987257e-02,5.962868512315774305e-01,8.022282015741964978e-01,-2.172766453801807385e-01,-6.075095324367713739e-02,1.642779264341444612e-01,7.653582547483982479e-01,-5.784567068261724510e-01,1.086225915708186329e-01,-3.752581889089687817e-01,-1.625113617849551773e-01,-1.140856440846962361e-01,1.022384915019927343e+00,-5.444891103946761790e-01,1.900555072220794228e-01,-1.151555965519550917e-01,-8.033685670696770476e-02,9.392632027391525917e-02,-9.861481414356648711e-01,8.035744964520926681e-01,-7.247844039362039137e-01,6.146406606694807540e-01,-1.509510610285616228e-01,-1.195453072930385413e-01,-1.440088022748827190e-01,1.074930897151955000e-01,-4.657598262780621723e-01,3.099754079944908591e-01,2.380069194062903529e-02,3.040309198294028348e-01,-2.834597614668555102e-02,2.488601403560277980e-01
-9.219991175410137667e-04,-2.958483003015569338e-02,7.061703166637122164e-01,2.618042579161237310e-02,1.192539527714340727e-02,5.968691127285006282e-01,8.018226939439583312e-01,-2.175424722830158752e-01,-5.915886004466239939e-02,1.652869950498348506e-01,7.627877930314429511e-01,-5.774276328870440178e-01,1.060940256291582756e-01,-3.750411393729327081e-01,-1.614741154746476837e-01,-1.147792632860094586e-01,1.019281422193761832e+00,-5.434760246235633696e-01,1.889460822517010918e-01,-1.178911885755697803e-01,-7.905940838162103801e-02,9.411466066357181137e-02,-9.908186512130652268e-01,8.010621912765469865e-01,-7.209052718809020321e-01,6.213261074429241582e-01,-1.532931000076026562e-01,-1.186750666197312482e-01,-1.393501055499783148e-01,1.074875862929190740e-01,-4.644656497021154018e-01,3.087758478790523231e-01,2.216123424479621296e-02,3.028984373416044873e-01,-2.864703252376244250e-02,2.435127708568112781e-01
-8.603623073657222162e-04,-2.898584618884524761e-02,7.066788203034708449e-01,2.472643604672452797e-02,1.290017443259491685e-02,5.971556089227056940e-01,8.016404228781065511e-01,-2.181055632573537795e-01,-5.718792198534068671e-02,1.670929957708539304e-01,7.583579065030719990e-01,-5.751166456827602191e-01,1.027983360336980900e-01,-3.747841023878777378e-01,-1.598527646495124521e-01,-1.153842633178106952e-01,1.013091364808307304e+00,-5.429099996234481029e-01,1.880734438058210278e-01,-1.207514186633727865e-01,-7.768221662104275727e-02,9.352892813427562957e-02,-9.954367179705820856e-01,7.981070220780009938e-01,-7.154980568841721178e-01,6.296696634704661566e-01,-1.561545807117606932e-01,-1.165113046344575520e-01,-1.346543278714223690e-01,1.072817057378430416e-01,-4.625722274988028904e-01,3.076978471916061442e-01,2.089260084498389958e-02,3.035280659668826431e-01,-2.889561421806407029e-02,2.410326127027038745e-01
-8.405365601770310811e-04,-2.844868507838472713e-02,7.070769657323716650e-01,2.341611362837965615e-02,1.328844437792733174e-02,5.976271783863899012e-01,8.013219443659838070e-01,-2.183793797378327795e-01,-5.438752379392750719e-02,1.693681534145474177e-01,7.558684610440742357e-01,-5.736344826829422594e-01,1.005321291947665618e-01,-3.741732897867084406e-01,-1.586061119902380800e-01,-1.171371109006383165e-01,1.008847586473643920e+00,-5.409188013885249946e-01,1.878122740390694156e-01,-1.236746537129454343e-01,-7.621759451350731962e-02,9.327725431382549726e-02,-9.999975042957043314e-01,7.966290962569071432e-01,-7.127038498428642788e-01,6.349545700878007626e-01,-1.586938244600472891e-01,-1.142787004460762007e-01,-1.335681987993158626e-01,1.064830511300128568e-01,-4.615904102089040117e-01,3.073289744409164470e-01,2.043267297111659928e-02,3.004566484995104259e-01,-2.874170798944872263e-02,2.391330105053224575e-01
-8.388668562713224707e-04,-2.797372597091102309e-02,7.072778843588651831e-01,2.209315455133404812e-02,1.389154138375113881e-02,5.976494329528412308e-01,8.013326855252460579e-01,-2.200125750288146331e-01,-5.220451661519117520e-02,1.706881762128607538e-01,7.551872362582203735e-01,-5.733597720566652178e-01,9.905860872053451338e-02,-3.747007040184411886e-01,-1.568498350602887115e-01,-1.174552217945730309e-01,1.005375471042889490e+00,-5.404786470289424383e-01,1.881453155655619380e-01,-1.255957536572351319e-01,-7.479897089626130757e-02,9.375503830718140419e-02,-1.005650704395189221e+00,7.945021771213951478e-01,-7.085689697808487120e-01,6.418613677429496622e-01,-1.627785370016673339e-01,-1.127475079762298854e-01,-1.290300269382852194e-01,1.052303944431498411e-01,-4.609772419544502786e-01,3.072083516036576700e-01,1.865893022226317033e-02,3.009893499656210447e-01,-2.918799125747914905e-02,2.356766742108020729e-01
-8.359478878658280297e-04,-2.754776186363513263e-02,7.074301340251025749e-01,2.087114863067510498e-02,1.446238307201480958e-02,5.975100424728029269e-01,8.014592839158234394e-01,-2.217271385216801616e-01,-5.054663290843970647e-02,1.711146942552180528e-01,7.548355063495452155e-01,-5.732885942782817157e-01,9.822454676202738155e-02,-3.757270097521506202e-01,-1.539331046261704083e-01,-1.155073593920809966e-01,1.002573732582135113e+00,-5.401539057283202272e-01,1.882361914340762443e-01,-1.281310970466231769e-01,-7.422861257123837542e-02,9.485382284603051384e-02,-1.012501409335983649e+00,7.915490966833149677e-01,-7.034053833432506453e-01,6.507758069670062095e-01,-1.655406311270248287e-01,-1.116649031901611744e-01,-1.227606191786239920e-01,1.027780176622335589e-01,-4.603427707429651461e-01,3.076710405825555661e-01,1.761023345554800154e-02,3.007373043265705870e-01,-2.879562866906579949e-02,2.310617273377298386e-01
-8.011844083671642268e-04,-2.717314257119989723e-02,7.075312837738935157e-01,1.969039643937123274e-02,1.522582513804267117e-02,5.974788053955503164e-01,8.014983091934961834e-01,-2.238877437202118348e-01,-4.868688602539931326e-02,1.724765080450853527e-01,7.547688361069798679e-01,-5.731096548357000886e-01,9.592370787947610000e-02,-3.770465657616597355e-01,-1.526072289542090843e-01,-1.156421530376440243e-01,1.000256785276137483e+00,-5.404217741168071409e-01,1.874812296219245666e-01,-1.309980684486626301e-01,-7.299409534593533089e-02,9.466495358731137622e-02,-1.018556158022917435e+00,7.891821478938949586e-01,-6.996145408655313203e-01,6.591399207909610647e-01,-1.661946963641704744e-01,-1.097442116996565492e-01,-1.187111365357104431e-01,1.011536407596833054e-01,-4.589572020429673049e-01,3.075795176320643698e-01,1.549603008622892943e-02,2.995544009766838434e-01,-2.920505107707398532e-02,2.275915919391611475e-01
-7.395809917652555222e-04,-2.683953912341661974e-02,7.076845429251590325e-01,1.888409077231599509e-02,1.579689843875960870e-02,5.969927420112317584e-01,8.018687642634112489e-01,-2.251174201344791626e-01,-4.686514702875688859e-02,1.745821278401674947e-01,7.546123960386088569e-01,-5.720155404368987284e-01,9.394304005211932818e-02,-3.779964717887470127e-01,-1.515660658248529358e-01,-1.155770167131681542e-01,9.983019411140455768e-01,-5.401221915356976266e-01,1.865840066679650966e-01,-1.337438043584339709e-01,-7.182886606506272420e-02,9.389514070913561328e-02,-1.023206905605890782e+00,7.872051258005847707e-01,-6.971781797730346453e-01,6.676057303255594766e-01,-1.691005753961644376e-01,-1.079895928711135100e-01,-1.162941333052102261e-01,9.936958344196999970e-02,-4.582093063899252416e-01,3.085048395407929966e-01,1.291129476861523420e-02,3.014621083020582182e-01,-2.895998596820163751e-02,2.261072448648130673e-01
-6.677375090806202769e-04,-2.658915755687987770e-02,7.075010323692706438e-01,1.802866112503908463e-02,1.616195079599488937e-02,5.961007834279939965e-01,8.025444627689103383e-01,-2.277845492537083349e-01,-4.399166952529490193e-02,1.774284377038583826e-01,7.584868616390170182e-01,-5.734884011511203195e-01,9.247993691841016606e-02,-3.799852366879933885e-01,-1.503840792182405406e-01,-1.157688139578360864e-01,9.985665610308993578e-01,-5.404367974495690730e-01,1.867278204882344139e-01,-1.357900275319441907e-01,-7.125584870225457057e-02,9.468023191003105410e-02,-1.027916890408417272e+00,7.859393064948569929e-01,-6.927505166340410803e-01,6.746326279887515653e-01,-1.732633068548892485e-01,-1.071700933923264987e-01,-1.118628770416526808e-01,9.669045991839968213e-02,-4.566078924860092481e-01,3.085922855580708335e-01,1.053979298364958808e-02,3.024514337967761923e-01,-2.786095290452538648e-02,2.251184859269547422e-01
-5.491165413239495249e-04,-2.631881829683177521e-02,7.077604192451107945e-01,1.694997398484739126e-02,1.708674468734231247e-02,5.952461669000800315e-01,8.031828822433066950e-01,-2.297292478532553806e-01,-4.150117754453824109e-02,1.805415865181665969e-01,7.578884970385313391e-01,-5.714803254566466206e-01,8.902415241656325140e-02,-3.812022044593479930e-01,-1.487877799636622700e-01,-1.156019592713472821e-01,9.945557722316400451e-01,-5.407802660821606766e-01,1.856666928662761007e-01,-1.382280035063551682e-01,-6.975264013594206780e-02,9.449886872051090070e-02,-1.032325416295402976e+00,7.853521529090945474e-01,-6.895627233386347754e-01,6.820203519787223501e-01,-1.752222214766170627e-01,-1.061813820386673102e-01,-1.089470206038822137e-01,9.500551190769135346e-02,-4.543174744373515983e-01,3.083473324091633994e-01,7.761574166238609067e-03,3.034840756364968750e-01,-2.784757589521108870e-02,2.226213169477445630e-01
-4.229579260068566529e-04,-2.610711255522335517e-02,7.077453554107492328e-01,1.615397807756175849e-02,1.730205825931043287e-02,5.947059073785934125e-01,8.035947806583026987e-01,-2.310872949261986442e-01,-3.914933148312457062e-02,1.822860723313571574e-01,7.592733804507586504e-01,-5.723765643239271395e-01,8.836622540390989822e-02,-3.826300964023867657e-01,-1.466126086629015446e-01,-1.145651217124502297e-01,9.942136003368189368e-01,-5.397694959204593079e-01,1.859584458577444033e-01,-1.408540810967220669e-01,-6.897615487291787473e-02,9.578214236462197217e-02,-1.037641282177829360e+00,7.839017705668650526e-01,-6.855010379562361811e-01,6.898718548247407822e-01,-1.757734140439899673e-01,-1.054230949257438793e-01,-1.069481726167550162e-01,9.308867455465658081e-02,-4.525931452288068924e-01,3.085496571176616909e-01,4.545394530351992701e-03,3.048427564969155568e-01,-2.807317084134688945e-02,2.209887416660039350e-01
-2.691745741301401935e-04,-2.587042478330963194e-02,7.080458142450211101e-01,1.466034094429270740e-02,1.862345002961331153e-02,5.940531707644752801e-01,8.040765335570152494e-01,-2.341037448945112454e-01,-3.753913801631672542e-02,1.830113216302614587e-01,7.576582948297579945e-01,-5.707315888497147549e-01,8.565830641741109530e-02,-3.846845952178247763e-01,-1.430333448096210158e-01,-1.117889106334746113e-01,9.888919934653256361e-01,-5.404740661704788840e-01,1.853063617011250219e-01,-1.440930539268933108e-01,-6.748632057914424887e-02,9.667333310822674719e-02,-1.043754420145833750e+00,7.820778514833891526e-01,-6.786908975456447113e-01,6.995296567665701959e-01,-1.804500988569176789e-01,-1.045681209948685769e-01,-9.882308013591048490e-02,9.005180352673702870e-02,-4.515003805813688764e-01,3.100225540448809936e-01,1.320442000445254307e-03,3.084668551819574889e-01,-2.915561109072124790e-02,2.159442790651549537e-01
-1.155957820668658239e-04,-2.566986640646689438e-02,7.083272528410397006e-01,1.366852169065296135e-02,1.913970477552606048e-02,5.936866607117646799e-01,8.043525297460143442e-01,-2.352134313395469467e-01,-3.508429109228898557e-02,1.851778677388391525e-01,7.565758145163596904e-01,-5.691549934623966189e-01,8.351683519839703251e-02,-3.855045687046010361e-01,-1.408205244809216938e-01,-1.110933060903576963e-01,9.857320570909963164e-01,-5.387548485696036504e-01,1.856526454224694256e-01,-1.473472741615652615e-01,-6.638855429870543778e-02,9.709100438923264076e-02,-1.047948124201339759e+00,7.801374557987381664e-01,-6.728972009451880121e-01,7.074117623204752014e-01,-1.881231180158237926e-01,-1.027301216936212097e-01,-9.677187819172143601e-02,8.758450640035549128e-02,-4.495741208498816865e-01,3.114168978873072535e-01,-5.684407932936411979e-04,3.129013631971317433e-01,-2.888137219552434562e-02,2.142946645650903592e-01
1.404115609732572208e-05,-2.554613284899857201e-02,7.080826358130173359e-01,1.277622111599188356e-02,1.911388435018704368e-02,5.931096551239417591e-01,8.047933676402926340e-01,-2.382384154535999721e-01,-3.211402482785793988e-02,1.861413073927470907e-01,7.619684359773913895e-01,-5.715933663687752242e-01,8.422029909937343850e-02,-3.872248091078350773e-01,-1.381581900944804653e-01,-1.101963133726002048e-01,9.866156168444765173e-01,-5.389861472783130658e-01,1.842818677222745061e-01,-1.485680023538981653e-01,-6.505480834357849074e-02,9.854237855300070070e-02,-1.052097911570343047e+00,7.787409350371051753e-01,-6.676092141785889833e-01,7.122541514888908187e-01,-1.945547268747866154e-01,-1.006136689270310802e-01,-9.402299298933361471e-02,8.561774453487641656e-02,-4.477334461165149992e-01,3.104144438805498951e-01,-2.829574525652855943e-03,3.125870767012798312e-01,-2.752979886075339680e-02,2.139277861096363365e-01
1.264520289476763837e-04,-2.540321386313551880e-02,7.081420321455464961e-01,1.162573266635876651e-02,1.979723976380204711e-02,5.920812071663669185e-01,8.055512123745602882e-01,-2.413829535677410598e-01,-2.913336200447410804e-02,1.885783039649470971e-01,7.644534696160416587e-01,-5.712590035670582767e-01,8.141420630653557755e-02,-3.889682062192281742e-01,-1.362746235994800603e-01,-1.104207221038585734e-01,9.839972550342721558e-01,-5.394846768888388322e-01,1.835918593615862571e-01,-1.499433864552447981e-01,-6.315069752717615559e-02,9.934316451652655533e-02,-1.056983099875875132e+00,7.786776301851365822e-01,-6.646546791110847785e-01,7.186673650227866084e-01,-2.047785105233741465e-01,-9.976554362353401428e-02,-9.291100439080302031e-02,8.321179500578368415e-02,-4.455638739565042639e-01,3.107495383698639091e-01,-5.645984202384553285e-03,3.182195572369234671e-01,-2.647003490222441316e-02,2.132335684387563768e-01
2.284603247765105809e-04,-2.520635777404189176e-02,7.087827645908982843e-01,1.016612609947588688e-02,2.020787364587444540e-02,5.914550444044192057e-01,8.060206090239936394e-01,-2.417393315152762123e-01,-2.592080639012525611e-02,1.901849163719243063e-01,7.610690388576749621e-01,-5.678000643119842650e-01,7.827628625807787899e-02,-3.876374846483707781e-01,-1.329638596927366079e-01,-1.108891636043309870e-01,9.756021850707200516e-01,-5.379316586591705862e-01,1.826072288280394806e-01,-1.513779652602903203e-01,-6.031554975149958087e-02,9.981079810294408994e-02,-1.060938489769062354e+00,7.759814014768906532e-01,-6.582691527571171708e-01,7.262722305527397060e-01,-2.114978902561949758e-01,-9.705302704485205267e-02,-8.955048847553126468e-02,8.174041758528462209e-02,-4.438228271968412408e-01,3.092050994163272337e-01,-7.609697273457206868e-03,3.204194754101858944e-01,-2.647772740051329218e-02,2.091025833659970190e-01
2.540709947879616530e-04,-2.511490804900810836e-02,7.085686977360597938e-01,9.367381960674214803e-03,2.019601490814142836e-02,5.907349009639115689e-01,8.065585223157659689e-01,-2.446020231533547751e-01,-2.261963168248840722e-02,1.925125569960114968e-01,7.663026902959131359e-01,-5.699000208130099443e-01,7.773024715679235919e-02,-3.895745809749709965e-01,-1.309623073605388488e-01,-1.103422333775927466e-01,9.767501409743243324e-01,-5.374280138078115776e-01,1.831056083378660437e-01,-1.537681318225632698e-01,-5.970028874056088758e-02,9.926477969879585195e-02,-1.063072067355496975e+00,7.747559714225124017e-01,-6.537529731742828254e-01,7.318219446942064721e-01,-2.138961817612106964e-01,-9.770925382950047811e-02,-8.589422260666902675e-02,8.080532988266260486e-02,-4.419143383355424448e-01,3.102614993569173807e-01,-1.066718617803935273e-02,3.248469408719373841e-01,-2.706164494900537357e-02,2.081979209452307911e-01
2.467529884935579882e-04,-2.497182251994081378e-02,7.086517359549493467e-01,8.328712550302656142e-03,2.091382660011175537e-02,5.899866100257741275e-01,8.070991540043214174e-01,-2.475070206941441253e-01,-2.038252352147224694e-02,1.944453829172093640e-01,7.679256113849753929e-01,-5.690002682678599877e-01,7.499331669967246317e-02,-3.917077949190550523e-01,-1.288707547712605872e-01,-1.089645896661198127e-01,9.747712265759421735e-01,-5.370081645822445404e-01,1.831175802051629720e-01,-1.549926923245800170e-01,-5.926300564747492838e-02,1.001250189588031442e-01,-1.067467234249837027e+00,7.729808587396089781e-01,-6.470687267105035279e-01,7.372712694079596174e-01,-2.213603762009914988e-01,-9.746215994933379867e-02,-8.097482687485477171e-02,7.948929827262471437e-02,-4.398736250851008056e-01,3.100209741449160283e-01,-1.380875314518514689e-02,3.284856744380512117e-01,-2.797453013297649879e-02,2.063745216132849558e-01
1.997263626309629149e-04,-2.481616671358706505e-02,7.083997138154370932e-01,7.450323639890913709e-03,2.091252246036632428e-02,5.896701757504705377e-01,8.073389888469503228e-01,-2.503008237656928481e-01,-1.725312313001312742e-02,1.964694702891286449e-01,7.727982119934841965e-01,-5.710561998171900244e-01,7.340660146269260833e-02,-3.932718846417224134e-01,-1.268839730158306534e-01,-1.084522972226119458e-01,9.755602095818954878e-01,-5.374483043667594995e-01,1.824027762153490051e-01,-1.565103749930794874e-01,-5.916748799896898864e-02,1.012252497853800559e-01,-1.071600655991792772e+00,7.719138657206973120e-01,-6.424706433996936195e-01,7.401014901987359451e-01,-2.295178849735638182e-01,-9.720111669124699427e-02,-7.816498195794825687e-02,7.872797223754411655e-02,-4.378489694995619241e-01,3.095410394341698290e-01,-1.708821605832248902e-02,3.323617688026354045e-01,-2.836243465814308751e-02,2.044723149462146783e-01
1.283601031281391639e-04,-2.460211937030409163e-02,7.079734505282272439e-01,6.756276288946012377e-03,2.058511291517560807e-02,5.895289289088108120e-01,8.074566538437890628e-01,-2.518648008803517357e-01,-1.454957343705240436e-02,1.978930683315756056e-01,7.769628711460895287e-01,-5.753317278213796460e-01,7.468841503798834269e-02,-3.949212941100575525e-01,-1.248499293842501301e-01,-1.074173013801203308e-01,9.785560574415648194e-01,-5.378562113903174735e-01,1.821045555524811455e-01,-1.586912234615585615e-01,-5.991217927913897179e-02,1.017888179270995536e-01,-1.075246747574410078e+00,7.713827115578846261e-01,-6.391670707683219099e-01,7.420530158249480923e-01,-2.380274511500329870e-01,-9.663902927588263747e-02,-7.598189806950464420e-02,7.812994416374849371e-02,-4.365995239156176266e-01,3.087924069629046087e-01,-2.017974220062846574e-02,3.348175762351757734e-01,-2.712160229564378883e-02,2.041791497226724261e-01
5.791300887173411651e-05,-2.428869092276136205e-02,7.077562249044728748e-01,5.897354658101727244e-03,2.098565659970716771e-02,5.892058196021523475e-01,8.076888791930174616e-01,-2.542852001324916178e-01,-1.329247089423886939e-02,1.979941584910113739e-01,7.795105729338079881e-01,-5.774480413725265882e-01,7.434840195835644427e-02,-3.968290468120452830e-01,-1.235564693076629528e-01,-1.067461835790933650e-01,9.792646011159452657e-01,-5.390890644312911206e-01,1.810670854642019434e-01,-1.600385849618965184e-01,-5.927320714128037071e-02,1.018516170035830004e-01,-1.079009916064522567e+00,7.707716289946400234e-01,-6.362247081161429563e-01,7.451279276166046239e-01,-2.439955047747855710e-01,-9.622972260261902777e-02,-7.365495431627464007e-02,7.803621229214399713e-02,-4.360848836369079495e-01,3.072324497141603050e-01,-2.466483873657324480e-02,3.368645312415928794e-01,-2.637493206279137303e-02,2.047869052881923779e-01
-9.886409019662398094e-06,-2.387147139245865066e-02,7.077734211114048435e-01,4.934916842884404763e-03,2.127283143968042647e-02,5.886319714751383492e-01,8.081061287947183258e-01,-2.554521089467286510e-01,-1.127697190499087933e-02,1.992143617640646791e-01,7.802745216600708300e-01,-5.784668787858052719e-01,7.331129793710426668e-02,-3.977353261221938663e-01,-1.216920881495957701e-01,-1.060380103295280180e-01,9.778760291695577367e-01,-5.388811990390469653e-01,1.808773904843392899e-01,-1.618193224560048882e-01,-5.866050757392966830e-02,1.010913012511126113e-01,-1.081130736594966057e+00,7.691365991714631534e-01,-6.310201223444693586e-01,7.489946652142286387e-01,-2.518251683660107654e-01,-9.612931726052070802e-02,-7.192922458938842689e-02,7.808970380935773004e-02,-4.352919185592328821e-01,3.060209141098880758e-01,-2.828246058512847577e-02,3.415828276701561306e-01,-2.547491674317196864e-02,2.070624717933720604e-01
-6.738138432109148229e-05,-2.338536095191092942e-02,7.075904597135276308e-01,3.917898565951712098e-03,2.124751651938864422e-02,5.881107728654193512e-01,8.084917513198423000e-01,-2.572969919846272990e-01,-8.864177485668480252e-03,1.996252229748379792e-01,7.837754603277393706e-01,-5.809618723788644301e-01,7.345903278535620418e-02,-3.985560619696016937e-01,-1.191857024800761500e-01,-1.050929830461304476e-01,9.777376354999972596e-01,-5.396248251000747009e-01,1.795560812931314698e-01,-1.628024973419029409e-01,-5.851439177548507786e-02,1.011256529324329467e-01,-1.084254212298799480e+00,7.679550037317758315e-01,-6.273889889627134453e-01,7.503599489676144874e-01,-2.574714677397115792e-01,-9.761511080315256328e-02,-6.799791744480720990e-02,7.880127459612762397e-02,-4.334614775865539005e-01,3.040542485728485178e-01,-3.186259543512106468e-02,3.452394071587761570e-01,-2.599053555221212883e-02,2.055916249450768507e-01
-1.145257773573671485e-04,-2.282080724260496588e-02,7.074134386860558843e-01,2.868364426552541969e-03,2.092181304323208202e-02,5.875076425244716294e-01,8.089430265475064941e-01,-2.584170091113877632e-01,-5.431543768001393865e-03,2.012163249424507028e-01,7.875160959006632932e-01,-5.839219193836491240e-01,7.493688791095534651e-02,-3.988697240161170887e-01,-1.157071966305144584e-01,-1.033483779343138814e-01,9.774734922464254350e-01,-5.396843790840309962e-01,1.783684195100940784e-01,-1.639107423782967532e-01,-5.939359277130194792e-02,1.013718820797010201e-01,-1.086548234809449731e+00,7.667808177049444396e-01,-6.227296998975563325e-01,7.494347734497311952e-01,-2.671179548422883410e-01,-9.840051048254080945e-02,-6.367810363438961008e-02,7.884209810345267633e-02,-4.322369885538706047e-01,3.036556860358373688e-01,-3.504664763568322849e-02,3.500622962183237985e-01,-2.497657569153595436e-02,2.044045177019082615e-01
-1.424259196252890660e-04,-2.218613791115133654e-02,7.074354161185713030e-01,1.637586932315730163e-03,2.129125354254496685e-02,5.868541425210334062e-01,8.094110304644547282e-01,-2.610179791319507392e-01,-2.956824965752025483e-03,2.017523454700997088e-01,7.909662229822903567e-01,-5.841759501040649782e-01,7.261138907304068302e-02,-3.993241886839277166e-01,-1.133495202069205315e-01,-1.028433622001753561e-01,9.750120440576870440e-01,-5.406029857215496337e-01,1.768517169570480996e-01,-1.650962430707890172e-01,-5.835059405562795926e-02,1.018688432750172596e-01,-1.089152155184975435e+00,7.658487106286780977e-01,-6.180525280916606690e-01,7.507425073750224609e-01,-2.724400225704622924e-01,-9.992365190298942157e-02,-6.099602944590482023e-02,7.798584327200488997e-02,-4.326751904083548927e-01,3.037282746600460381e-01,-3.982328620370568367e-02,3.521961147806660364e-01,-2.483243960104162748e-02,2.048579100674074449e-01
-1.546490695685298405e-04,-2.148078070395596437e-02,7.075989975171526059e-01,2.154636680389192607e-04,2.166071492015870376e-02,5.863029607811244270e-01,8.098022012713006479e-01,-2.623823285700078722e-01,1.428022083724642816e-04,2.034788971103210775e-01,7.916605615514430427e-01,-5.843499166673921108e-01,7.122729699272098425e-02,-3.996288932986705178e-01,-1.105559672153130224e-01,-1.021991097947334559e-01,9.716789888005923359e-01,-5.397327935050565406e-01,1.765396129976455342e-01,-1.667231686496603027e-01,-5.787493411584844483e-02,1.011280411796497691e-01,-1.090374935812224555e+00,7.651665491382301232e-01,-6.125189388211086383e-01,7.501144509495301094e-01,-2.738187287912400847e-01,-1.000923414038547704e-01,-5.807875146936516964e-02,7.853018629158896313e-02,-4.321502282625165892e-01,3.027016917246311278e-01,-4.454237839833005697e-02,3.532413472206446525e-01,-2.531822984474531649e-02,2.046155735764565442e-01
-1.628319315181315109e-04,-2.075593352229393104e-02,7.078159145339869562e-01,-1.005813986740313089e-03,2.230610643879731361e-02,5.853888227766056440e-01,8.104451567638533138e-01,-2.635600684965177520e-01,2.575069168296296312e-03,2.056405696815306883e-01,7.917415583998534956e-01,-5.838087247274682534e-01,6.976138443891827245e-02,-3.999000721741994835e-01,-1.081721631752157742e-01,-1.009640039965703506e-01,9.675970792986967606e-01,-5.398392346433120714e-01,1.761926538984094903e-01,-1.677390152725558303e-01,-5.757596534756587170e-02,1.010963676219465562e-01,-1.091942997851250707e+00,7.641390744741770602e-01,-6.058325175758401127e-01,7.505053483711836559e-01,-2.802830548162404956e-01,-1.001838336015703212e-01,-5.302251628884453033e-02,7.849623184805004650e-02,-4.315281914229244231e-01,3.016725452899032267e-01,-4.982903200609246214e-02,3.557167434452345178e-01,-2.567388426642923729e-02,2.024742340978822330e-01
-1.649750828787713763e-04,-2.005208000019850778e-02,7.079199456899077925e-01,-2.292582858182602712e-03,2.281644723643830655e-02,5.848900089958438686e-01,8.107884009876973330e-01,-2.646769691544196834e-01,5.241829671898695468e-03,2.076409492452513939e-01,7.918821237512017053e-01,-5.845138778198155638e-01,6.870291478970297350e-02,-4.002007804695413284e-01,-1.053845662031537983e-01,-9.943702115331343183e-02,9.642437865083737236e-01,-5.403478169625138827e-01,1.757565905548871266e-01,-1.697293780647420036e-01,-5.741921754533624300e-02,1.014046985966978870e-01,-1.093675620276084004e+00,7.633828514403538934e-01,-5.994135493541818960e-01,7.497934124421423707e-01,-2.849775925796592113e-01,-1.015919988820528086e-01,-4.799446609120491813e-02,7.828848881234837243e-02,-4.311629711917877028e-01,3.007089170560360847e-01,-5.599269568845011841e-02,3.550732506229934970e-01,-2.635631536237460076e-02,2.003918748319268028e-01
-1.654950504588140886e-04,-1.939515668989006542e-02,7.081387688464146901e-01,-3.365041310170135275e-03,2.300091916520947966e-02,5.843658548504077066e-01,8.111573102052950235e-01,-2.651612796056979082e-01,8.015441838785008349e-03,2.093986503040857761e-01,7.922751903161823206e-01,-5.838955232293373543e-01,6.629366255640842254e-02,-3.993143788292901619e-01,-1.032337459944267233e-01,-9.925131122725744381e-02,9.603201080285559410e-01,-5.401063174435770664e-01,1.754140033860147607e-01,-1.711895447509576007e-01,-5.663037565039851645e-02,1.017879199331580831e-01,-1.095134361287165570e+00,7.608731356550909597e-01,-5.928196502727482997e-01,7.519759057522608092e-01,-2.896150903041481151e-01,-1.024464378960229932e-01,-4.287174364587249126e-02,7.770702676588372992e-02,-4.331217929415877577e-01,3.009752296834745655e-01,-6.243184317909482306e-02,3.561075231565198895e-01,-2.686273537999778194e-02,2.004366959661498526e-01
-1.747833881925843838e-04,-1.882597375596162942e-02,7.080703307668544388e-01,-4.219851533230906636e-03,2.301820987312217306e-02,5.837586524521959364e-01,8.115899152616864454e-01,-2.662695592763704155e-01,1.074742457500962346e-02,2.110842334165870526e-01,7.951310464029744951e-01,-5.851598104039295034e-01,6.591602445764467577e-02,-3.996022502866830028e-01,-1.009749324957014693e-01,-9.806509787794441546e-02,9.594923243997426354e-01,-5.403184415975627042e-01,1.743409162865413864e-01,-1.721170892521866613e-01,-5.641737055322762484e-02,1.024921703077319585e-01,-1.096534548938217446e+00,7.589822758708443251e-01,-5.871594309626965158e-01,7.525308894313311736e-01,-2.959224249188888711e-01,-1.035959713242564639e-01,-3.852922845971176041e-02,7.775133308478972272e-02,-4.321025235754357707e-01,2.992693264360645755e-01,-6.872693958075347387e-02,3.576273785493029878e-01,-2.726732367070458865e-02,1.979748364245659253e-01
-1.864011935465533431e-04,-1.832061964274338955e-02,7.080657006111391594e-01,-4.784331753463121062e-03,2.305044451800860456e-02,5.831444325729924216e-01,8.120273135408184739e-01,-2.671607435740047665e-01,1.300252573730939845e-02,2.128787621676897224e-01,7.979103513582008755e-01,-5.850920666713241847e-01,6.514187016181839651e-02,-3.994898987850898919e-01,-9.959879052573086811e-02,-9.734888917377931827e-02,9.585338762902870791e-01,-5.406709589483597034e-01,1.731946079533082661e-01,-1.727876655556840058e-01,-5.623936880315869025e-02,1.029645260090091413e-01,-1.097540848961404025e+00,7.566839959478839361e-01,-5.821933357897367545e-01,7.539287487955418365e-01,-3.012845836932290244e-01,-1.042082040353329575e-01,-3.274114594847088444e-02,7.733094661905873246e-02,-4.318910622569065993e-01,2.981886865103781648e-01,-7.551647623316046221e-02,3.573381338914652927e-01,-2.817098776210823566e-02,1.948174637815050236e-01
-2.131024450252297277e-04,-1.787559999132401489e-02,7.078977744207085587e-01,-5.328398313959694862e-03,2.302652930178604451e-02,5.827324113403438144e-01,8.123203333003493620e-01,-2.679636842337823066e-01,1.478415233714138952e-02,2.138499708220740758e-01,8.003845820144183110e-01,-5.868876950006446380e-01,6.596249142369801921e-02,-4.001158260526153643e-01,-9.822272705749465760e-02,-9.637134424975277169e-02,9.592823496768172475e-01,-5.411518956808101244e-01,1.723287438383050152e-01,-1.742385395950616922e-01,-5.606612801643554023e-02,1.031419605993181138e-01,-1.099433955899254967e+00,7.547557608348614000e-01,-5.796144071322502089e-01,7.566136167082142538e-01,-3.069771621676104512e-01,-1.041337048241104957e-01,-3.101776051357164193e-02,7.605834274413683649e-02,-4.327503858763335765e-01,2.976702199902843127e-01,-8.251365795864398778e-02,3.571338868485656737e-01,-2.737228745798249083e-02,1.944040499664816402e-01
-2.532949236084188491e-04,-1.748419262552031520e-02,7.077473506109861479e-01,-5.803176493537401219e-03,2.322098332717248068e-02,5.822118956140729384e-01,8.126846975804160600e-01,-2.689847839419245434e-01,1.633237556453584136e-02,2.152668660737538098e-01,8.025564953453365735e-01,-5.881662204881976663e-01,6.618037399635040563e-02,-4.011028774009863240e-01,-9.715634895377009417e-02,-9.516852489580759911e-02,9.599094254594486841e-01,-5.421660338667537715e-01,1.709779009983946330e-01,-1.758473246850362215e-01,-5.617705974682876691e-02,1.037406677384091480e-01,-1.100732550593011894e+00,7.535846859687390653e-01,-5.760311402629566535e-01,7.579259142526217907e-01,-3.112181179212984983e-01,-1.047205456268072710e-01,-2.762634468682079181e-02,7.412282946108354753e-02,-4.334653519034551983e-01,2.973649608431236935e-01,-8.970526699433559181e-02,3.553367121175137200e-01,-2.697069036071329112e-02,1.927741010810609945e-01
-3.103590518399512374e-04,-1.711617845657315701e-02,7.076729249683614276e-01,-6.309231262924549534e-03,2.344125313412999401e-02,5.817314263075729075e-01,8.130186030457914326e-01,-2.693004851814458367e-01,1.761165422068182440e-02,2.165964390721381583e-01,8.028771842234966316e-01,-5.895653960443345554e-01,6.728666702175040149e-02,-4.020565770107229486e-01,-9.587976751102714190e-02,-9.360510856099388266e-02,9.600664783648887868e-01,-5.425656618390647390e-01,1.700642666831135574e-01,-1.776554686726076748e-01,-5.607399548395959610e-02,1.035893285671493774e-01,-1.101896554512187043e+00,7.513871069757519505e-01,-5.727580114556675150e-01,7.609233527262229124e-01,-3.168832663965674423e-01,-1.046856081017725204e-01,-2.361656074799261401e-02,7.214186363940003344e-02,-4.349288114430464036e-01,2.972524369321436488e-01,-9.624721329096901090e-02,3.554900096402397458e-01,-2.625623842195601992e-02,1.915099437424897522e-01
-3.809766271347740088e-04,-1.677052505303591040e-02,7.077095232806703828e-01,-6.748455263470720493e-03,2.391654995111829399e-02,5.812087482437113817e-01,8.133749737697685278e-01,-2.690608700507615136e-01,1.809995830528884908e-02,2.179261273128430265e-01,8.010105786762760083e-01,-5.902971301478027177e-01,6.827177897551851837e-02,-4.029213608559755744e-01,-9.497073594086383186e-02,-9.183328504417211102e-02,9.590994036637459086e-01,-5.430356570682157713e-01,1.697351793648143037e-01,-1.791877753560320030e-01,-5.680499336127385612e-02,1.035486888211090972e-01,-1.103216181919071559e+00,7.491764672172208650e-01,-5.685254676749524894e-01,7.629932647720412131e-01,-3.219293228140555629e-01,-1.056119236019270324e-01,-1.926202132980986415e-02,7.022356681203786866e-02,-4.355163394584998793e-01,2.963172748900968489e-01,-1.022265718933389467e-01,3.543039522199840086e-01,-2.611830598636399534e-02,1.910145567970534253e-01
-4.675979138748688349e-04,-1.647309083821001455e-02,7.077573171933760898e-01,-7.039018468640690675e-03,2.444985953620232647e-02,5.806655354565255500e-01,8.137445499176296781e-01,-2.687444196453956935e-01,1.829990813064312147e-02,2.194783495031402687e-01,7.989411198553971749e-01,-5.905897198617530153e-01,6.909496163078565623e-02,-4.038806598737481601e-01,-9.470289357829600463e-02,-9.044192827841639193e-02,9.584433092746486027e-01,-5.435808724759521038e-01,1.693895848877270127e-01,-1.808987723915025381e-01,-5.727752875390325349e-02,1.035023074458414072e-01,-1.103942732054484122e+00,7.474096638207496923e-01,-5.644813141535178769e-01,7.651858052006909050e-01,-3.245812137460160063e-01,-1.065433773088031028e-01,-1.557512437245800289e-02,6.763900715039106171e-02,-4.366710298341317520e-01,2.957401302850812264e-01,-1.084709323869136322e-01,3.503010938021719478e-01,-2.523875025758067631e-02,1.912847656962762544e-01
-5.694347887261852308e-04,-1.619420679394577636e-02,7.079248543087530710e-01,-7.167635777436973631e-03,2.509779521242300193e-02,5.798628640570910875e-01,8.142958826865981381e-01,-2.673677443914786456e-01,1.791617398548093695e-02,2.214798698817309897e-01,7.946648481624503102e-01,-5.901802472289116031e-01,6.980920172132180912e-02,-4.048573908412211875e-01,-9.494184237104899560e-02,-8.898864876674242308e-02,9.573248391647168898e-01,-5.431476387342083489e-01,1.700091370350011177e-01,-1.825692325023909601e-01,-5.823142739365321646e-02,1.033715719000652539e-01,-1.105117833316281217e+00,7.463188407312061345e-01,-5.613700155918239787e-01,7.681672638413377108e-01,-3.296439077208695445e-01,-1.066882852998051190e-01,-1.331781800554726961e-02,6.475163497805433432e-02,-4.382264379261966436e-01,2.954715019914629925e-01,-1.143884760490870012e-01,3.463070094081417971e-01,-2.482906142088765408e-02,1.911427339566419970e-01
-6.757172377020197922e-04,-1.598026344876415927e-02,7.080749780016362127e-01,-7.407095001779516463e-03,2.539322743440710142e-02,5.791770315846036521e-01,8.147725357601023344e-01,-2.666168957117895921e-01,1.892885967314031012e-02,2.240595547685419187e-01,7.927391229116836913e-01,-5.894475387213891082e-01,6.872423011511835655e-02,-4.052625592877341365e-01,-9.478931276145302620e-02,-8.836249821744880661e-02,9.560888929934554525e-01,-5.425077441293463254e-01,1.700111615904994766e-01,-1.844315910906693667e-01,-5.849842026140279067e-02,1.038425088256430123e-01,-1.105615383699839693e+00,7.445997956678940266e-01,-5.569098141471463537e-01,7.708761139831302733e-01,-3.348929400401253198e-01,-1.072321272299554262e-01,-9.757872679428382379e-03,6.140236192177861430e-02,-4.399901604878864725e-01,2.964056300314164005e-01,-1.199905365775102428e-01,3.449192682919501873e-01,-2.509081725747161484e-02,1.899472272931776173e-01
-7.779129589041961336e-04,-1.574241364096796991e-02,7.085567046039039640e-01,-7.434572713971966153e-03,2.531914210595053241e-02,5.783138467008370753e-01,8.153874924756088216e-01,-2.628231059738784237e-01,1.988095737861558798e-02,2.274293122462842653e-01,7.866813155613056052e-01,-5.866358671186627793e-01,6.742365705561526035e-02,-4.033605845343298801e-01,-9.447537545197468023e-02,-8.802877197234881823e-02,9.518693747464379573e-01,-5.401628999064657100e-01,1.712038257731530455e-01,-1.859346015909920102e-01,-5.871374648379801969e-02,1.055840181651283016e-01,-1.107417752811714395e+00,7.437070767945160865e-01,-5.532996505708713819e-01,7.742313334739769903e-01,-3.388179881042345243e-01,-1.071981154522207852e-01,-5.949657902974758890e-03,5.651813986725702510e-02,-4.425296107196445283e-01,2.976057722834995478e-01,-1.244551404305068026e-01,3.408966928753186520e-01,-2.696075582775130791e-02,1.870227840211979575e-01
-8.777872651765392456e-04,-1.561529540080540054e-02,7.084603770234206843e-01,-7.561528944683141261e-03,2.571076601170873763e-02,5.769289092470812896e-01,8.163545880719258463e-01,-2.637253917395039338e-01,2.071455339270047297e-02,2.297399699791009275e-01,7.882195577131489994e-01,-5.872531620885754755e-01,6.838656332375024627e-02,-4.050398592415775934e-01,-9.360393397743285715e-02,-8.550292907392402497e-02,9.521400860942694777e-01,-5.409844950971928190e-01,1.721820293342458674e-01,-1.873649008368152291e-01,-5.926789587513330015e-02,1.063447593730785373e-01,-1.108863848189870716e+00,7.442360814155675186e-01,-5.510939744495079173e-01,7.781251593210293249e-01,-3.402355176415230997e-01,-1.085916235731328033e-01,-7.172219754839007783e-04,5.217208156742378367e-02,-4.438396452293716377e-01,2.988800948361503562e-01,-1.300845364962659179e-01,3.382443777404242069e-01,-2.673954481511162107e-02,1.855336843402849711e-01
-9.454454781618427473e-04,-1.548562989286719066e-02,7.085145827771056615e-01,-7.634944469520133122e-03,2.586214062523606305e-02,5.757110823487332496e-01,8.172084232104309676e-01,-2.631160110763042237e-01,2.181598606722242803e-02,2.324463749577593275e-01,7.877806589825517847e-01,-5.871379694716969411e-01,6.811736218615874194e-02,-4.053481647911368335e-01,-9.399953103690260325e-02,-8.593700726803352175e-02,9.512967876295458369e-01,-5.409116209651546603e-01,1.732399540909802527e-01,-1.887796540250957222e-01,-5.953726433547282260e-02,1.076571872926882084e-01,-1.111574884764802373e+00,7.445591536437371483e-01,-5.493477074218435785e-01,7.827128674210105386e-01,-3.396734225404250407e-01,-1.093239908858974208e-01,2.389165812310855251e-03,4.687986784673629781e-02,-4.458233594969743807e-01,2.999164202402825885e-01,-1.350823465436377102e-01,3.338751200633890415e-01,-2.668666595432284475e-02,1.836410845450492935e-01
-9.703812793158027783e-04,-1.536021433550029472e-02,7.085222186967005120e-01,-8.118979092532575478e-03,2.607299540443945574e-02,5.745718030084576711e-01,8.179984867203277110e-01,-2.643714624110102274e-01,2.335654171060355666e-02,2.335733503279481260e-01,7.895431395265445351e-01,-5.869527043254605392e-01,6.828818998694392850e-02,-4.064677248480222937e-01,-9.251990313690088008e-02,-8.468967357308121446e-02,9.505641150291671559e-01,-5.407431783363790823e-01,1.727762945183231591e-01,-1.902659149108968384e-01,-5.893044465877455423e-02,1.085925444907999277e-01,-1.114051907453154522e+00,7.441370668048375991e-01,-5.469655662029457854e-01,7.872591127241842512e-01,-3.391657904724125761e-01,-1.096051438808401668e-01,6.516940938540842845e-03,4.265455402176777933e-02,-4.471808183823822724e-01,3.008690548341997339e-01,-1.409337520556206147e-01,3.317907213912718589e-01,-2.630372856374819587e-02,1.829337902661271054e-01
-9.659139864696244041e-04,-1.523017894411128614e-02,7.084964301545041421e-01,-8.566687416483892425e-03,2.600446587653409969e-02,5.733502687640009698e-01,8.188527638894751437e-01,-2.648810128961001653e-01,2.530606441606122331e-02,2.349254757548151773e-01,7.912151606097831413e-01,-5.876039944497764012e-01,6.910061302283818097e-02,-4.071723303666302529e-01,-9.061389084081623857e-02,-8.336560812493362671e-02,9.500618863916927559e-01,-5.402945795528870665e-01,1.730043946013063993e-01,-1.922262602788418484e-01,-5.862906998834393341e-02,1.098237155021010159e-01,-1.117692815980992460e+00,7.444527550280999328e-01,-5.459487440015714510e-01,7.932230740567166594e-01,-3.365020901493484540e-01,-1.100118080473865972e-01,9.613183742410495031e-03,3.692218896813820317e-02,-4.490670287838079977e-01,3.030962937385599520e-01,-1.460168002427584266e-01,3.288717339322136390e-01,-2.633837853820076083e-02,1.822159164441550239e-01
-9.341479196864080565e-04,-1.508718471736038118e-02,7.084193834101785159e-01,-8.983004238912906114e-03,2.593479737465476803e-02,5.716196741385434210e-01,8.200595344593738512e-01,-2.653448475734252465e-01,2.760903353504122124e-02,2.369189010321911260e-01,7.934887212306003246e-01,-5.886194037908988319e-01,7.028006818559696944e-02,-4.080724705174286204e-01,-8.830773785766427020e-02,-8.150321621077033507e-02,9.496592758337759621e-01,-5.403953159506599269e-01,1.726291197664331367e-01,-1.932903166262914807e-01,-5.833678728887240622e-02,1.111468761530755023e-01,-1.120228062284298387e+00,7.445461568282493170e-01,-5.432622037785778124e-01,7.979845591245469105e-01,-3.371020227054398744e-01,-1.099403228068709798e-01,1.512440393398063569e-02,3.212611640140430880e-02,-4.500827385213457266e-01,3.043103173195671474e-01,-1.515098204880028776e-01,3.260367588124311045e-01,-2.585205647693164521e-02,1.791935894701327248e-01
-8.747449645355013809e-04,-1.493582977759347688e-02,7.082479040273297333e-01,-9.293656501875330322e-03,2.578392512486961038e-02,5.697164520688801082e-01,8.213841862344491984e-01,-2.662663708937157980e-01,2.992028689205834466e-02,2.386218154278656745e-01,7.973943755312754567e-01,-5.897581863076392095e-01,7.203258143611668274e-02,-4.094425738728289521e-01,-8.613554480222096466e-02,-7.967501215809016935e-02,9.506893937003538797e-01,-5.402383129088699221e-01,1.724318830092943233e-01,-1.945102597097152219e-01,-5.750023574399486248e-02,1.120445950648211453e-01,-1.122819115241155519e+00,7.450010731314781198e-01,-5.424288782198455339e-01,8.042745488918484620e-01,-3.342978858082440996e-01,-1.097271639150437239e-01,1.954270379074413838e-02,2.701377293592685525e-02,-4.515781623076267626e-01,3.064119458036341226e-01,-1.573058304999273849e-01,3.218911125766872328e-01,-2.535145215629685395e-02,1.767748428443691733e-01
-7.930364915457628616e-04,-1.477285869030633969e-02,7.079953608334649262e-01,-9.721217494985513394e-03,2.575896842438729628e-02,5.677605887183494460e-01,8.227331811555437246e-01,-2.675375969995932857e-01,3.237314626367980563e-02,2.404699527681973537e-01,8.015149715986774615e-01,-5.918217338167087727e-01,7.399663231491378224e-02,-4.111979258993945785e-01,-8.333143681607860231e-02,-7.692097698508210124e-02,9.516528708933090774e-01,-5.408794635864206946e-01,1.722299329667193735e-01,-1.962089987270653202e-01,-5.706244800231403957e-02,1.126611599938290714e-01,-1.124845998815346748e+00,7.458170648790529711e-01,-5.408507181879532721e-01,8.092692762722594191e-01,-3.361007885154161934e-01,-1.100782056181211360e-01,2.340644256381905000e-02,2.171678723430561439e-02,-4.521978518525674451e-01,3.085347084243362237e-01,-1.627870006604987818e-01,3.206221709962394639e-01,-2.440830169155960155e-02,1.749445948954829744e-01
-6.920288177955480997e-04,-1.459547335169175501e-02,7.078293115066160990e-01,-1.009735415152864489e-02,2.606930723545385423e-02,5.655844878479663329e-01,8.242163682948528969e-01,-2.687770365382055604e-01,3.394531905962513973e-02,2.420332087355375472e-01,8.042709034945431101e-01,-5.931166750158084477e-01,7.639026495703500619e-02,-4.134423965906918741e-01,-8.112567340791314308e-02,-7.431450278123689912e-02,9.523641354888917610e-01,-5.412055816884240311e-01,1.723467153935079599e-01,-1.973081133281587574e-01,-5.650798666132594850e-02,1.132726751032492180e-01,-1.127371277874565481e+00,7.473354374115057652e-01,-5.400614157784632274e-01,8.149648377686852241e-01,-3.319550267739865279e-01,-1.101846422485149718e-01,2.771617938768227915e-02,1.650558172397104811e-02,-4.528470740130578487e-01,3.100859310846516559e-01,-1.684887462128800972e-01,3.169973466098400805e-01,-2.527675125113031801e-02,1.720964242557079249e-01
-5.975981581453299139e-04,-1.444063281878542847e-02,7.075065871198378264e-01,-1.024328991553373133e-02,2.640910147802592867e-02,5.632142431128445148e-01,8.258252543520672173e-01,-2.697096899181802288e-01,3.519755619334154206e-02,2.441507602330119653e-01,8.071813207069236107e-01,-5.955969927203353942e-01,7.941674777838994559e-02,-4.160889771323196817e-01,-7.925891654383276919e-02,-7.118871707010326899e-02,9.542232919361104404e-01,-5.425600395491095851e-01,1.731399112486646519e-01,-1.984833060562707918e-01,-5.647103554448799217e-02,1.141890168354416091e-01,-1.129535988742947028e+00,7.491308369214123575e-01,-5.386086039724823360e-01,8.199952159673004060e-01,-3.279518786626879345e-01,-1.103829950087441281e-01,3.458399125494228399e-02,1.068310733522175558e-02,-4.533264932770798006e-01,3.115541704779545840e-01,-1.743822534975624505e-01,3.127242536489519553e-01,-2.593496137939260704e-02,1.681712290612045746e-01
-5.006404117533474595e-04,-1.431319290387371088e-02,7.073612804072882954e-01,-1.068428032048887935e-02,2.693317264310936612e-02,5.610620267899827374e-01,8.272664942204100980e-01,-2.714968253146195498e-01,3.683958557759861585e-02,2.459466108750908708e-01,8.099734004955089217e-01,-5.963871493364358845e-01,8.006109723483659235e-02,-4.186758449284186390e-01,-7.717926334039976188e-02,-6.863338237729975366e-02,9.545721475870247996e-01,-5.431967906923814704e-01,1.726098312198412477e-01,-2.000883113922751477e-01,-5.519826994156474403e-02,1.156092238521610194e-01,-1.131129719034986048e+00,7.514055968624564485e-01,-5.385892755601464632e-01,8.238053586010884999e-01,-3.252828749957724086e-01,-1.108896224862148672e-01,3.853946993168198831e-02,4.960860661599012650e-03,-4.550975893959884888e-01,3.144493028945439250e-01,-1.816780221046872812e-01,3.105254206516430693e-01,-2.730562779530550099e-02,1.654740069308182626e-01
-4.372524163883386925e-04,-1.423658776362238254e-02,7.070294199292649351e-01,-1.079452486321240065e-02,2.693140272077764255e-02,5.587573795269711319e-01,8.288234845880168011e-01,-2.723495578137675177e-01,3.853325230745901359e-02,2.478008006732193291e-01,8.138002171378085903e-01,-5.987201419766453592e-01,8.315016722401022409e-02,-4.208982438929205205e-01,-7.517179531159642880e-02,-6.604067737478556965e-02,9.568058801952018522e-01,-5.439737479755119010e-01,1.731505083739274531e-01,-2.017444928967953022e-01,-5.454986197685843946e-02,1.163604737454110583e-01,-1.132102399621592648e+00,7.527740872500531255e-01,-5.384206168057494857e-01,8.290902504692199138e-01,-3.238782207387500556e-01,-1.111962549901720637e-01,4.242900070300825027e-02,-1.139388989193947099e-03,-4.556521990463371363e-01,3.168202511643514185e-01,-1.868660260635361114e-01,3.086800926525010702e-01,-2.880856254098822580e-02,1.612434556433185728e-01
-4.083332088508661618e-04,-1.420806318338818305e-02,7.067939712235954408e-01,-1.085970506152328721e-02,2.698468003104729021e-02,5.562494331263564407e-01,8.305061480785120853e-01,-2.733041178800447168e-01,3.990083370210500968e-02,2.493282490375202110e-01,8.174360472173807235e-01,-5.999429249464726110e-01,8.610322477562534771e-02,-4.231079685692497039e-01,-7.329537460284007988e-02,-6.346220560089335661e-02,9.584806949065061144e-01,-5.442633094497719703e-01,1.731903404325737805e-01,-2.035081439287505511e-01,-5.388895026891633161e-02,1.165078000655089124e-01,-1.133690059766943925e+00,7.540879275472320842e-01,-5.403438621734069081e-01,8.374067851877610158e-01,-3.223506559759973245e-01,-1.110201569871467620e-01,4.340186891868447194e-02,-7.351421408812456454e-03,-4.557757463174897383e-01,3.190926020549249564e-01,-1.914949714223251609e-01,3.068011505471929801e-01,-3.058653864348300291e-02,1.587691035821453545e-01
-4.257037553432752724e-04,-1.424736106506055769e-02,7.064371958333572898e-01,-1.102867781893367323e-02,2.682294197777598116e-02,5.539702042710769048e-01,8.320311958268667984e-01,-2.743202019624573218e-01,4.171861912334985656e-02,2.508404469183100338e-01,8.215955513868995475e-01,-6.026530917785243302e-01,9.004135612578249848e-02,-4.254184463039076269e-01,-7.059412017100488712e-02,-6.026165000537243160e-02,9.608951083927046444e-01,-5.450023094227082199e-01,1.727843585866380427e-01,-2.057165541350614024e-01,-5.307616634027055580e-02,1.171626783919545445e-01,-1.134409667125939603e+00,7.558550809944707405e-01,-5.417747585960355217e-01,8.430196605231246032e-01,-3.183456553851768400e-01,-1.114881524762397630e-01,4.567881819451231201e-02,-1.380354533369840264e-02,-4.559914837350174666e-01,3.210607229771740845e-01,-1.966546086647847080e-01,3.038301862210945337e-01,-3.204728849575150251e-02,1.555462064517930953e-01
-4.742606741305961833e-04,-1.436712707958539247e-02,7.059656996934834394e-01,-1.083222459802573624e-02,2.621009644574839523e-02,5.519612293488345145e-01,8.333873619453845416e-01,-2.750186111759539975e-01,4.331139129952411848e-02,2.518129879383351755e-01,8.273155718285213345e-01,-6.055193650502008751e-01,9.432528379514745764e-02,-4.270722815616885271e-01,-6.859435084076753730e-02,-5.774648290307905774e-02,9.647683701396634337e-01,-5.459466665412601172e-01,1.726538645751053702e-01,-2.070234536171834394e-01,-5.286826345577074621e-02,1.182439445663494570e-01,-1.135485822341135709e+00,7.557379102845662722e-01,-5.435037922868893867e-01,8.490478503546849964e-01,-3.157102268061653949e-01,-1.107169734704430003e-01,4.809933399454686259e-02,-2.001689539408832430e-02,-4.558100952151246110e-01,3.229146460017463527e-01,-2.005398051657895642e-01,3.003330938166359765e-01,-3.418000947755873292e-02,1.503770651400796188e-01
-5.347063747373045819e-04,-1.452618258114376365e-02,7.056371401771159846e-01,-1.064548563591213165e-02,2.585730683511876585e-02,5.497067321408978247e-01,8.348895627313751566e-01,-2.758820121375553658e-01,4.487236943479649964e-02,2.533847353127864910e-01,8.322856321460999629e-01,-6.067586450625390704e-01,9.771669540623620365e-02,-4.290874797219590420e-01,-6.715198620242048000e-02,-5.574360316987635872e-02,9.679771087241153538e-01,-5.461796923071634557e-01,1.715863273129830113e-01,-2.078382105127197510e-01,-5.215958362668241671e-02,1.188028729285639656e-01,-1.136109527220765081e+00,7.548278381177846441e-01,-5.450222219843620097e-01,8.565973787354747015e-01,-3.176351481050460612e-01,-1.101832625110979735e-01,4.855159802448845430e-02,-2.487582441196600422e-02,-4.549513530406618100e-01,3.239684204923006794e-01,-2.052419574261798996e-01,3.001914928856447284e-01,-3.528146965842113292e-02,1.467100170926425862e-01
-5.857503669329014971e-04,-1.473642918222305490e-02,7.051984004049135502e-01,-1.061313701112150468e-02,2.533531067253987773e-02,5.479585176028476390e-01,8.360543919760250464e-01,-2.770042277696767030e-01,4.642787364422988616e-02,2.538316236642325086e-01,8.376061774920446901e-01,-6.096564452012804836e-01,1.014118087150165104e-01,-4.308078403705765669e-01,-6.545670861443822486e-02,-5.419289709134438721e-02,9.713341499395927725e-01,-5.470770514545381102e-01,1.710423828191958706e-01,-2.078124971708515678e-01,-5.261022783163026018e-02,1.195348974403295100e-01,-1.137550003272285393e+00,7.521950028218271633e-01,-5.448071329635394422e-01,8.618441936855352203e-01,-3.206211628550252879e-01,-1.103736416024720252e-01,5.150207229620311356e-02,-2.998261423149362753e-02,-4.538892135444818621e-01,3.252319980330808380e-01,-2.088434848125691745e-01,3.019376730694695588e-01,-3.776822843923632878e-02,1.415953260067644992e-01
-6.129618749903904470e-04,-1.497971298201118684e-02,7.046922639138796240e-01,-1.047463457465655501e-02,2.467925589848010692e-02,5.463627728647526549e-01,8.371194280306505364e-01,-2.776879769477110238e-01,4.817224729713798920e-02,2.546504826041742220e-01,8.428607115208597289e-01,-6.130090028038862604e-01,1.046484056949031072e-01,-4.324895292134799396e-01,-6.348765604645521810e-02,-5.207779810477328880e-02,9.754725761150320196e-01,-5.482277736037167726e-01,1.705224816822182021e-01,-2.082342180112481678e-01,-5.311363667893519852e-02,1.205634304434321652e-01,-1.138397251396020993e+00,7.500167512139729320e-01,-5.441481979500800703e-01,8.659837823055015482e-01,-3.231438732443639994e-01,-1.102735216674766289e-01,5.599702218509098467e-02,-3.603201042424998557e-02,-4.543707264360160036e-01,3.275274170501270565e-01,-2.125888055390536546e-01,3.035308523399515290e-01,-3.870970665676566613e-02,1.365541435751686239e-01
-5.832730208521507732e-04,-1.524169329222435122e-02,7.043261328744121474e-01,-1.009768393724114373e-02,2.406275940384450945e-02,5.446356157614566929e-01,8.382667036409805483e-01,-2.779566568392116688e-01,4.935484844421714201e-02,2.553274277223005484e-01,8.474925627606944012e-01,-6.148448541273188184e-01,1.087791983208524493e-01,-4.336873295292515418e-01,-6.214676503596691659e-02,-5.031148736570253965e-02,9.790877392473502638e-01,-5.490596258033638710e-01,1.698114562889879164e-01,-2.075554944200631580e-01,-5.240494387956719236e-02,1.204039300446980293e-01,-1.136597887679306140e+00,7.465115174511534057e-01,-5.409687684978027322e-01,8.702674344857185273e-01,-3.233888674865348922e-01,-1.102939351104142013e-01,6.213299452294344938e-02,-4.201367886214664449e-02,-4.544011847864719567e-01,3.289767378117672281e-01,-2.162999126153824225e-01,3.006982682041092758e-01,-4.115138936951844711e-02,1.304800966756983760e-01
-4.942455777773391377e-04,-1.553802863329893647e-02,7.038502287632307786e-01,-9.544296466918579178e-03,2.355892366734493176e-02,5.436005801458280162e-01,8.389590531043260579e-01,-2.786017249163294518e-01,4.971234264176729867e-02,2.551957252226427220e-01,8.523209553529483840e-01,-6.170094931947761596e-01,1.114260978372194760e-01,-4.351862061588464003e-01,-6.184681274151657138e-02,-4.915943155022728384e-02,9.840127058616092715e-01,-5.506574129214079072e-01,1.679269628060859887e-01,-2.068207497574765796e-01,-5.281578441607046731e-02,1.216789101957819474e-01,-1.137266647882388737e+00,7.434010033285187724e-01,-5.406626523805314610e-01,8.728581058092307332e-01,-3.255943029631928609e-01,-1.106456606217825767e-01,6.440556300070862661e-02,-4.861031966550245775e-02,-4.558420249032004712e-01,3.305077805577464889e-01,-2.225877324927181822e-01,3.022801171081077598e-01,-4.091342878933706267e-02,1.287305958603010836e-01
-3.479749912689198386e-04,-1.586648205121669181e-02,7.033207986120770805e-01,-9.347171076538294404e-03,2.318345719109959555e-02,5.429212665779868940e-01,8.394114938472602150e-01,-2.807443455096339524e-01,5.029712382869769988e-02,2.535670284391842166e-01,8.583456969400153902e-01,-6.195705723452000768e-01,1.132574413984498429e-01,-4.368427004871455743e-01,-6.158055223966159286e-02,-4.928903481811064413e-02,9.883957852064416683e-01,-5.529470028581076058e-01,1.653481688707111041e-01,-2.053446552913100465e-01,-5.229758379644675048e-02,1.228072174769094527e-01,-1.138687970376137448e+00,7.395360505153845132e-01,-5.420649457816745231e-01,8.748628793566836093e-01,-3.272384138236658080e-01,-1.111034545736800661e-01,6.530345929811219585e-02,-5.531632267887943294e-02,-4.584290870850039057e-01,3.310084938540265309e-01,-2.316950715002032701e-01,3.013546624955163455e-01,-4.051582338105343128e-02,1.271540195588708178e-01
-1.635353994822704229e-04,-1.621988023201657511e-02,7.027802243454164266e-01,-9.154121387674902036e-03,2.302029277149904990e-02,5.424308444567604859e-01,8.397351053542184696e-01,-2.832589195928024162e-01,5.092822232691365802e-02,2.524151727516860677e-01,8.642842404838798620e-01,-6.219366563218255983e-01,1.146285291515955901e-01,-4.389179132103998016e-01,-6.175637914109174953e-02,-4.968297070454604641e-02,9.930009304418687677e-01,-5.555331324101633328e-01,1.623868416603706510e-01,-2.041590513955405251e-01,-5.160186666903573277e-02,1.231681895640881763e-01,-1.139220843845965447e+00,7.358225453082513079e-01,-5.442459174758076390e-01,8.761787134788869835e-01,-3.339568536270952626e-01,-1.121144458842878167e-01,6.226194151238913232e-02,-6.381963928171108247e-02,-4.606916930124638210e-01,3.307038213491145795e-01,-2.434917417010919460e-01,3.002900783137356089e-01,-3.896473221079985172e-02,1.296161685133229158e-01
4.403833142993139257e-05,-1.660984030624918992e-02,7.021708284665757471e-01,-9.131123449644926865e-03,2.286867036123332517e-02,5.424099341613467518e-01,8.397530052482935492e-01,-2.867268765166343658e-01,5.162601811910932925e-02,2.503505530094304321e-01,8.711647755203770771e-01,-6.244569773264916357e-01,1.159110558307289984e-01,-4.413888930043345371e-01,-6.206283159490874612e-02,-5.069204556199487233e-02,9.982847686828347777e-01,-5.577682553234114549e-01,1.601374558523106506e-01,-2.028270061975781247e-01,-5.145849858660059978e-02,1.236414483033428519e-01,-1.142272621002121236e+00,7.327571933369319002e-01,-5.505550105092587021e-01,8.777806803143738401e-01,-3.369762169941839525e-01,-1.131470268011958158e-01,5.776072531268150456e-02,-7.471625159303302288e-02,-4.626689566452649172e-01,3.290627823732443225e-01,-2.597658548533798295e-01,3.004050559346648774e-01,-3.830547986474643063e-02,1.313347606626848185e-01
2.590016492116400905e-04,-1.711486086076631496e-02,7.010644221722970304e-01,-9.393681866654153903e-03,2.303926348061816065e-02,5.426553561785105728e-01,8.395868719138198655e-01,-2.937740661834941092e-01,5.288552144567278124e-02,2.474716867674655318e-01,8.831528441799574303e-01,-6.301243137372846137e-01,1.182478004045714320e-01,-4.469350617181727103e-01,-6.195087569103079755e-02,-5.106895891236083035e-02,1.007863780602356485e+00,-5.616660523999255084e-01,1.573002039407238595e-01,-2.017312512365563582e-01,-5.203501977407141293e-02,1.215521788248189600e-01,-1.143372821130705930e+00,7.283600267704580800e-01,-5.566315139731324857e-01,8.785642091136629528e-01,-3.411794937722216758e-01,-1.138434610601248564e-01,5.441786962957281121e-02,-8.754707976439501937e-02,-4.660008876378468612e-01,3.276386261683449930e-01,-2.800246878355119873e-01,3.020468095278215914e-01,-3.602268671299486275e-02,1.363099422590046406e-01
4.638179297103358929e-04,-1.748722394331261518e-02,7.010377039435197188e-01,-1.068780144652069566e-02,2.434803406693646088e-02,5.432768572326687195e-01,8.391324094162434521e-01,-2.990787691055407094e-01,5.326152213736061458e-02,2.448081194184538179e-01,8.837027896442154473e-01,-6.295049581392256899e-01,1.168711429451596562e-01,-4.510339332396959278e-01,-6.199734158560833708e-02,-5.324769914263725173e-02,1.007711659201835586e+00,-5.609453843877617585e-01,1.555387271701805796e-01,-1.990422621005638604e-01,-5.024636129240545729e-02,1.201650787879488674e-01,-1.150973943360383833e+00,7.241436610034086563e-01,-5.644206735360661753e-01,8.824782300168513283e-01,-3.454496572062054627e-01,-1.140713975427736504e-01,4.574373631765074610e-02,-1.076127694987460970e-01,-4.735735392423829904e-01,3.246195610250848240e-01,-3.019340495194717811e-01,3.089175763099861194e-01,-3.464472359133735635e-02,1.438961521521611164e-01
6.382321836366064340e-04,-1.802500715088223987e-02,7.004717224329201075e-01,-1.121689808360959786e-02,2.377113033766145231e-02,5.451074965461341071e-01,8.379540153069610087e-01,-3.032115154919970967e-01,5.592543313075579170e-02,2.429954558055332781e-01,8.910165260488508432e-01,-6.324426749615903454e-01,1.178551286393238473e-01,-4.535293064332565072e-01,-6.152794718294276460e-02,-5.522987785707684366e-02,1.013958641484411505e+00,-5.601363262871664750e-01,1.532645136058762847e-01,-1.971102893912839993e-01,-5.101083728469989892e-02,1.195551530155537223e-01,-1.155847159090204190e+00,7.172927265448126866e-01,-5.730941111631578933e-01,8.831139628784150375e-01,-3.574182101013190227e-01,-1.150942927370953578e-01,3.929038094003611120e-02,-1.276955685517436878e-01,-4.801580802787326907e-01,3.234758057883244664e-01,-3.152897403005592847e-01,3.152657365875055073e-01,-3.037408021309061235e-02,1.477765609588244100e-01
7.769421058765476305e-04,-1.865328294589421038e-02,6.993761926576317345e-01,-1.101158239337798883e-02,2.373899518425794455e-02,5.453173085940770104e-01,8.378211253654019863e-01,-3.103695728553539368e-01,5.648698856778186506e-02,2.399329572745311501e-01,9.043997056492470987e-01,-6.360675023769437608e-01,1.193205805331669506e-01,-4.585818344237514999e-01,-6.251499382549652317e-02,-5.618689656227650320e-02,1.024045712294128663e+00,-5.641356119608235131e-01,1.480936379848733220e-01,-1.925007953917800274e-01,-5.243406257680480187e-02,1.183822089221793217e-01,-1.158493397979555306e+00,7.118725368980456381e-01,-5.807894383416655204e-01,8.838161447790141567e-01,-3.656253381906784394e-01,-1.175336561816344161e-01,3.365648903987265850e-02,-1.475997911588705358e-01,-4.823927742484085956e-01,3.252339974217082208e-01,-3.247313698552046213e-01,3.281811689816733768e-01,-2.822891975309225338e-02,1.495031515560087954e-01
8.224731539439823422e-04,-1.923093635150525255e-02,6.984933797924691712e-01,-1.049804318643855067e-02,2.531481561699626404e-02,5.443544307400508542e-01,8.384075410760623015e-01,-3.170548175183572348e-01,5.406139874635169928e-02,2.386876417615226564e-01,9.119187977549021440e-01,-6.377651409550959549e-01,1.181782650617646258e-01,-4.653559911137520322e-01,-6.553349073421835258e-02,-5.596156688554192876e-02,1.031194064621874906e+00,-5.697391554256633350e-01,1.448971131420723479e-01,-1.894157612544432046e-01,-5.371531370869854494e-02,1.174122752431890626e-01,-1.162541150637304010e+00,7.086015521772567327e-01,-5.809896113466650469e-01,8.877068638846808968e-01,-3.705785905195863039e-01,-1.194745503355022220e-01,3.868686550895053533e-02,-1.729328055282299548e-01,-4.886026603968340876e-01,3.271344771321107459e-01,-3.329835838614769727e-01,3.396904137036231841e-01,-2.661293638654578866e-02,1.520417429276754440e-01
8.133376598789285403e-04,-1.971755929993165846e-02,6.985350163691741443e-01,-1.070188820528654612e-02,2.575282060844926238e-02,5.453986222527134053e-01,8.377127220380465866e-01,-3.186605893051627780e-01,5.449121043099047074e-02,2.393643988978291781e-01,9.110264772893686969e-01,-6.369280513798606380e-01,1.152421158008404001e-01,-4.664852037485617831e-01,-6.724485551655726145e-02,-5.854242745201187342e-02,1.031096611764314996e+00,-5.701503649774647409e-01,1.410915864488323790e-01,-1.890358905519908539e-01,-5.351732441280546843e-02,1.183858010003525502e-01,-1.164294299782797859e+00,7.076190625655170985e-01,-5.854414964053460402e-01,8.801792312090904735e-01,-3.651626193826836841e-01,-1.217742526471898429e-01,3.733214667251794072e-02,-1.937983074343931911e-01,-4.847915964953261048e-01,3.154467712022790415e-01,-3.334647979780461235e-01,3.508733412986632660e-01,-3.268823027734372999e-02,1.435457227965912241e-01
7.926414715231143524e-04,-2.015158194778092146e-02,6.988951742178571847e-01,-1.171752438922460914e-02,2.576308893479629589e-02,5.467954374723121846e-01,8.367877343927724310e-01,-3.194467717625378844e-01,5.619715127709606906e-02,2.385433951162029831e-01,9.077070824676275462e-01,-6.375107167840105005e-01,1.146966222750783748e-01,-4.659750998375297715e-01,-6.527042552705461520e-02,-5.904540872307123545e-02,1.026954116922797589e+00,-5.685420054720792260e-01,1.406696742341140838e-01,-1.923742798696611578e-01,-5.461489628610563529e-02,1.168177796852408884e-01,-1.163909403281366828e+00,7.028754590055521501e-01,-5.886250004579134387e-01,8.764329265470771624e-01,-3.637049196181447175e-01,-1.215939457471615498e-01,3.241293036193557131e-02,-2.074378543520220275e-01,-4.857820069618851155e-01,3.078164634573041791e-01,-3.370910025415609912e-01,3.440049592504994536e-01,-3.385510644066407754e-02,1.449026054785328421e-01
7.570960873689493859e-04,-2.057547909564398994e-02,6.991513758580850668e-01,-1.297485374766813027e-02,2.476896900257912620e-02,5.481491156146611754e-01,8.359130926092979141e-01,-3.187922035310671309e-01,5.924152773526489280e-02,2.368340222600051614e-01,9.050083009420547553e-01,-6.405868227183011410e-01,1.180964157586253394e-01,-4.647415966394793929e-01,-6.211353596670569910e-02,-6.055246992501745612e-02,1.024310622440215646e+00,-5.640373917399109649e-01,1.427836182426834577e-01,-1.942712173947200860e-01,-5.696132495852965216e-02,1.184776008234511430e-01,-1.165821033916973004e+00,6.957987980325590627e-01,-5.850682610540731687e-01,8.720645103780242380e-01,-3.700750486531971806e-01,-1.214796484925489278e-01,3.291210062596078290e-02,-2.165144235961840580e-01,-4.924476669081303548e-01,2.989821330059238003e-01,-3.459797779771078829e-01,3.240582586691315714e-01,-3.397786461849086614e-02,1.420089852188322344e-01
8.175505743041696543e-04,-2.096973586904949186e-02,6.996602409806446099e-01,-1.339356991682705972e-02,2.410995643648701503e-02,5.493176477900606480e-01,8.351583347556971182e-01,-3.180759257391727601e-01,6.102664674164259839e-02,2.360375949277827012e-01,9.029062154596158019e-01,-6.381270928769910977e-01,1.161163279579413288e-01,-4.620159073166593133e-01,-6.131814956888265167e-02,-6.259631620273480024e-02,1.020063534254531001e+00,-5.618182670396476563e-01,1.416720678188466143e-01,-1.948441029843256955e-01,-5.721494219180132262e-02,1.195952394435267907e-01,-1.165927833320968832e+00,6.913652142881507867e-01,-5.865086563648087559e-01,8.696261066030628317e-01,-3.710594032230952188e-01,-1.201379856556753778e-01,3.044020744685021693e-02,-2.191040607391977757e-01,-4.919300446803416271e-01,2.889309583560329409e-01,-3.560962192056433828e-01,3.173546745593121554e-01,-3.698007996252596075e-02,1.361801712724372004e-01
1.021583707338975973e-03,-2.136387516849952081e-02,7.001166688995680287e-01,-1.338747230969368485e-02,2.387004531594119627e-02,5.511987598503553798e-01,8.339250108140437989e-01,-3.180179380203222994e-01,6.073682622932373432e-02,2.336313025942479138e-01,9.006327071631534675e-01,-6.347940040366605308e-01,1.128270261798949986e-01,-4.590979396068370355e-01,-6.302882073571181021e-02,-6.634700576012000917e-02,1.016469914133819819e+00,-5.619429025144769829e-01,1.393782666867129649e-01,-1.952853197174720667e-01,-5.803874136996336336e-02,1.192377185517555366e-01,-1.165448792297556491e+00,6.879366219750634448e-01,-5.901101581625105563e-01,8.677757382140947051e-01,-3.682238158323285493e-01,-1.203295471802637989e-01,2.878994615638157117e-02,-2.178854551026478681e-01,-4.899560749448791386e-01,2.777834429155703888e-01,-3.657995426130921102e-01,3.132817197779325102e-01,-3.936073237022338911e-02,1.331288585847431316e-01
1.375754293088585385e-03,-2.171767205540861556e-02,7.006244036872217862e-01,-1.311655686765772141e-02,2.401698105113051623e-02,5.537760630627255320e-01,8.322158449199800190e-01,-3.176317738395211254e-01,5.925361509598026793e-02,2.311597313187084279e-01,8.964735551959644999e-01,-6.306771446688967941e-01,1.086386451116894969e-01,-4.561969990454258772e-01,-6.704549908377471779e-02,-7.187712132895746064e-02,1.013242891339722229e+00,-5.617475426818219209e-01,1.394640385679806749e-01,-1.944330439585315040e-01,-5.942702778149561160e-02,1.182402764875740142e-01,-1.166608333941806075e+00,6.822965968874307174e-01,-5.930708596159639523e-01,8.679058570161549691e-01,-3.671346545149984930e-01,-1.198946508826342905e-01,2.486696684862308923e-02,-2.136358851545828719e-01,-4.922458935071498121e-01,2.682032234122538328e-01,-3.779543134513204117e-01,3.108142146165291941e-01,-4.122328110355868991e-02,1.356862440515130830e-01
1.842800955925077066e-03,-2.203277712645857964e-02,7.007009985463865664e-01,-1.234697059151353138e-02,2.426190651241138391e-02,5.562440154148357019e-01,8.305729995158620538e-01,-3.176925866450346359e-01,5.570032684414007174e-02,2.270439144658782105e-01,8.942174143469980852e-01,-6.293402569068510255e-01,1.112493665571110124e-01,-4.560800445740377240e-01,-7.014827833293926784e-02,-7.348736985260663490e-02,1.016112205899958321e+00,-5.613327487694692586e-01,1.381975656312496026e-01,-1.928005266599418510e-01,-6.171239533176883091e-02,1.157530265102105910e-01,-1.167565707608417602e+00,6.793257968331157803e-01,-5.986794377988364779e-01,8.675106713261402369e-01,-3.527702373007610137e-01,-1.169958603287376830e-01,2.688219024945224037e-02,-2.079409548415689368e-01,-4.980793519298012395e-01,2.615045521310588872e-01,-3.888515584216745147e-01,2.987420473721646430e-01,-3.867966115527331217e-02,1.376588999035390226e-01
2.380772254789229395e-03,-2.230089154729042455e-02,7.006125716073736687e-01,-1.174965443795682532e-02,2.461178878805433262e-02,5.585192599818473713e-01,8.290430879650173557e-01,-3.183333856349018220e-01,5.305551105483657243e-02,2.235994872196837568e-01,8.931484954461135217e-01,-6.291165033348582458e-01,1.108144544227830652e-01,-4.561592696194947671e-01,-7.347292645973939329e-02,-7.626720439176548627e-02,1.019033669752239746e+00,-5.626702029045004272e-01,1.367472501240307725e-01,-1.925285188849851503e-01,-6.395484686042982037e-02,1.142564750038004562e-01,-1.166964796409650562e+00,6.777150100618123396e-01,-6.009788695453255336e-01,8.629507894725901851e-01,-3.502105962600148281e-01,-1.162246442971556909e-01,3.018622451859858530e-02,-2.018554883084236196e-01,-5.008413749479297961e-01,2.568332469923705896e-01,-3.993149403512272211e-01,2.954379971364299307e-01,-3.757657523668367361e-02,1.361095909609701116e-01
2.960813130408078073e-03,-2.252681444818283030e-02,7.002661954240866349e-01,-1.156481246601908340e-02,2.533697988575799032e-02,5.609678505673882931e-01,8.273689401909529728e-01,-3.211464432806261371e-01,5.041263136941857154e-02,2.190493787332732367e-01,8.941564665590377992e-01,-6.307260758180797122e-01,1.108259387069094187e-01,-4.580216363447188188e-01,-7.650587718716626850e-02,-7.914166291210351922e-02,1.023672254913977175e+00,-5.654214973144716661e-01,1.330931617989650761e-01,-1.914752513501384590e-01,-6.562753901564838399e-02,1.125373353998802145e-01,-1.167945888915979058e+00,6.779629158556071955e-01,-6.066726687628359871e-01,8.568758431067737824e-01,-3.470736420130435818e-01,-1.170575610024678359e-01,2.845358978089750426e-02,-1.954181928191894291e-01,-5.031874431732270558e-01,2.525447462195424264e-01,-4.090122866043739980e-01,2.955134472152897707e-01,-3.814591827922676065e-02,1.377536236932667135e-01
3.542391254439230738e-03,-2.266450854485024119e-02,7.003113765995364615e-01,-1.199277483698557578e-02,2.633158547724593831e-02,5.641606320363681260e-01,8.251579256229012449e-01,-3.237671112254600914e-01,4.799906235531495313e-02,2.141608914001911779e-01,8.915706103041568520e-01,-6.307761585269645588e-01,1.097815867116193611e-01,-4.588245458627564499e-01,-7.948588927350888622e-02,-8.341215828127274134e-02,1.024308564785593623e+00,-5.664103255674118875e-01,1.319962280625269213e-01,-1.909448301034945006e-01,-6.589036934439755633e-02,1.105046368448339283e-01,-1.170551234520848638e+00,6.774293330202367791e-01,-6.124873192368340824e-01,8.530790557506555682e-01,-3.398220243965746068e-01,-1.168303741413708741e-01,2.688053768822450812e-02,-1.874568334392811841e-01,-5.069611933992861363e-01,2.469243373502751637e-01,-4.178016904637594786e-01,2.918951867940728362e-01,-3.945715709226264162e-02,1.395690312543967915e-01
4.084753208740059954e-03,-2.276177320078257016e-02,7.006928950761914798e-01,-1.199764642323770426e-02,2.706061184545570028e-02,5.669872861162440492e-01,8.231945074825199882e-01,-3.240909370742717233e-01,4.557258149330659092e-02,2.107157688423249575e-01,8.867360949232431233e-01,-6.284008674360058722e-01,1.079841323285910815e-01,-4.578047543999545499e-01,-8.264586206797482071e-02,-8.720978715992044883e-02,1.022834226336559071e+00,-5.660036304941634677e-01,1.313708383647796407e-01,-1.895932445411829537e-01,-6.574677484208518718e-02,1.084303630731602436e-01,-1.172046528862920045e+00,6.761982186823296548e-01,-6.186955864672980532e-01,8.516797877208468481e-01,-3.343135182669866312e-01,-1.161612550148039685e-01,2.718176354519213911e-02,-1.792895328854125225e-01,-5.091664744188906244e-01,2.420074850620878293e-01,-4.235215355508443191e-01,2.880693565964729252e-01,-4.052071889894299367e-02,1.375861596226213013e-01
4.558348534421615729e-03,-2.286300986770225391e-02,7.010710971337736908e-01,-1.228531848682269147e-02,2.724848647182419314e-02,5.695246196912852055e-01,8.214306413204761625e-01,-3.237861181844161051e-01,4.499804621803182858e-02,2.082530831453919817e-01,8.825575572534527513e-01,-6.270167512226811901e-01,1.068581377565828855e-01,-4.559226293346275716e-01,-8.427485340123333502e-02,-9.100960160984188085e-02,1.020509096998019505e+00,-5.650609551138902065e-01,1.308386296846942576e-01,-1.881465311531725360e-01,-6.552677746580710949e-02,1.081544707890907675e-01,-1.173970400889548404e+00,6.754901297710688146e-01,-6.223518978094522147e-01,8.490825931839365293e-01,-3.290856887462915159e-01,-1.158370770740429073e-01,2.868598422406585385e-02,-1.723525280245147839e-01,-5.112548900173733424e-01,2.366129649815015279e-01,-4.275307872814789745e-01,2.853862105867518983e-01,-4.127199532910169610e-02,1.344361852569242732e-01
4.972135430678737388e-03,-2.298347959055504347e-02,7.013860593964422740e-01,-1.246431566874038610e-02,2.748932674901729753e-02,5.716266666277058928e-01,8.199584939189870081e-01,-3.236903629598195109e-01,4.440398592951289025e-02,2.062253757025322987e-01,8.791353979776623806e-01,-6.255229959597743417e-01,1.055171481899304098e-01,-4.545188642998559403e-01,-8.582864209671225986e-02,-9.420459866326467979e-02,1.018708641069054677e+00,-5.645676284638562192e-01,1.296374334255885330e-01,-1.877355214340591938e-01,-6.410448241983544848e-02,1.075349292833167603e-01,-1.175327663961411417e+00,6.765275491163057486e-01,-6.268636449960509616e-01,8.492488460927188898e-01,-3.256246520386812948e-01,-1.142650099842790895e-01,2.668788227512934944e-02,-1.677152309448139977e-01,-5.128442611604043799e-01,2.325880579299813566e-01,-4.313282471595935585e-01,2.796150964056534627e-01,-4.162251115042694960e-02,1.326685987704867009e-01
5.332693658620165679e-03,-2.315071562384775350e-02,7.015673786252492050e-01,-1.242157890857616825e-02,2.760758071366951893e-02,5.733255132484824657e-01,8.187682100099638038e-01,-3.236891816019782375e-01,4.332474232460777064e-02,2.036924684564826726e-01,8.769029781486059605e-01,-6.244854821602958683e-01,1.051582434701787833e-01,-4.536090953889268529e-01,-8.741783557853989584e-02,-9.685389296940934145e-02,1.018363994726434907e+00,-5.642303162323049071e-01,1.282463427212922336e-01,-1.869456846789268045e-01,-6.268550783403674387e-02,1.067862656272308558e-01,-1.176646240626557427e+00,6.782552042299685446e-01,-6.315201406708439436e-01,8.505141729476920487e-01,-3.199065609289142853e-01,-1.119072472423683906e-01,2.444128636502750432e-02,-1.642469184085878775e-01,-5.145355876801270822e-01,2.286430101542067939e-01,-4.344133081769050442e-01,2.729575621400159302e-01,-4.106973236178858289e-02,1.306561606382304896e-01
5.649443163674840694e-03,-2.338552409271657875e-02,7.017301017561514698e-01,-1.232825999900792266e-02,2.740192279668446015e-02,5.748188560968309213e-01,8.177288250440802875e-01,-3.231195832147173985e-01,4.330336071809788578e-02,2.020953459381686079e-01,8.750887481871256757e-01,-6.235325184092818107e-01,1.008012369459200253e-01,-4.512916588868555734e-01,-8.963140469276253963e-02,-1.014092886951658001e-01,1.016650215763335918e+00,-5.650027130610595361e-01,1.285100730644391509e-01,-1.857562325699064210e-01,-6.065431206919525559e-02,1.085998026142790812e-01,-1.180024959347902191e+00,6.798877841689816570e-01,-6.353961691112397503e-01,8.534251987618335367e-01,-3.126030855760871807e-01,-1.101224635248669315e-01,2.026210536950078661e-02,-1.614184428742808097e-01,-5.136181666484892494e-01,2.233764028598667628e-01,-4.386466270322644245e-01,2.693472261106131804e-01,-4.325101790566719673e-02,1.270890228279411005e-01
5.937728932681450057e-03,-2.367433455161303824e-02,7.017334676307420693e-01,-1.241053453835964590e-02,2.705936978633517037e-02,5.756736565631024316e-01,8.171374488288403182e-01,-3.233475507224878864e-01,4.382744686840986392e-02,2.003900460796081417e-01,8.754401775925966245e-01,-6.241928745073689333e-01,1.004370867876837187e-01,-4.497806263039679786e-01,-8.934214534694306931e-02,-1.030293374546103757e-01,1.015328827903638764e+00,-5.661800522013226145e-01,1.282232830274339652e-01,-1.839251947222071970e-01,-5.950908672624818929e-02,1.098809239901097634e-01,-1.183237920136448018e+00,6.829022461223791529e-01,-6.401935473667504928e-01,8.556496542093082747e-01,-3.043211837327715608e-01,-1.095524760072824622e-01,1.839704372812249467e-02,-1.603257817565328092e-01,-5.133161206535272747e-01,2.200587515448164111e-01,-4.408361040482495219e-01,2.674067957339755774e-01,-4.526072670028842559e-02,1.237737255216738025e-01
6.202634372428683651e-03,-2.404686851161953048e-02,7.013969955601609962e-01,-1.195204237339512685e-02,2.640059045422245981e-02,5.758323929117383777e-01,8.170539840061452619e-01,-3.236236119795422028e-01,4.493154371563652660e-02,2.004084503016962948e-01,8.791644347952844996e-01,-6.255780183812252870e-01,1.010853667352833579e-01,-4.496278846376651761e-01,-8.911863913122070047e-02,-1.033174381664377361e-01,1.018264126881057496e+00,-5.672216474290407984e-01,1.275688703626661202e-01,-1.828247406317189960e-01,-5.938511378019110248e-02,1.104263159956112156e-01,-1.183957592004994730e+00,6.888744432675482088e-01,-6.454879941834338331e-01,8.561131666110887162e-01,-2.944622836407735367e-01,-1.084965934536191445e-01,1.615138073153201889e-02,-1.619880556165788077e-01,-5.114598534835472776e-01,2.184927539593823909e-01,-4.407542457926226231e-01,2.624923888732128008e-01,-4.499257512912493984e-02,1.212504178612426459e-01
6.491174797489345991e-03,-2.448507279249497598e-02,7.010748238313941894e-01,-1.158099644694185991e-02,2.544883444260839789e-02,5.766589471693028823e-01,8.165063967884145235e-01,-3.243319043608569596e-01,4.599694369803711269e-02,1.988224219482622179e-01,8.837134739058423172e-01,-6.268262257233698787e-01,1.022053733940455761e-01,-4.489110023279386241e-01,-8.890486876197983834e-02,-1.045834084859453839e-01,1.021383922924159693e+00,-5.675487023660858998e-01,1.264322044787049015e-01,-1.822673920563353811e-01,-5.904534619531841971e-02,1.113271402078688105e-01,-1.185232840279841326e+00,6.931527236052710261e-01,-6.507807016412875400e-01,8.572598322397001480e-01,-2.853676892300536783e-01,-1.064187867350337435e-01,1.304075390557577624e-02,-1.628800379797343545e-01,-5.097526904711362494e-01,2.164732671484233539e-01,-4.402346791416286154e-01,2.543249966340851431e-01,-4.476984084438784955e-02,1.178767712441830678e-01
6.801137841094750773e-03,-2.496680363341315795e-02,7.006205354265858665e-01,-1.078997656165314734e-02,2.473492346695010599e-02,5.769220436105745309e-01,8.163533031494888403e-01,-3.250141784984937887e-01,4.598795189095042368e-02,1.972768081574201304e-01,8.886398183666683881e-01,-6.281886773338194452e-01,1.036590230473179719e-01,-4.488713729763464944e-01,-8.973318762705867480e-02,-1.056031242484177790e-01,1.025771841929546513e+00,-5.693147924155664841e-01,1.250721100075175007e-01,-1.806670262524874560e-01,-5.840026429432616795e-02,1.117364202669620110e-01,-1.185252916198919815e+00,6.972106673531881516e-01,-6.557204640569518350e-01,8.581142840332419697e-01,-2.759659917511667615e-01,-1.053212185109916876e-01,1.202290839036287626e-02,-1.644318350766207915e-01,-5.090022677749560520e-01,2.155021949396603298e-01,-4.407695759635674171e-01,2.475670727099862911e-01,-4.374128029472158091e-02,1.147570421816557495e-01
7.158541689560797387e-03,-2.545474244698154448e-02,7.003867889989893181e-01,-1.017394311736019921e-02,2.455115393617351635e-02,5.773676759436698891e-01,8.160516518562118682e-01,-3.260418504682487395e-01,4.522074852392625466e-02,1.954620997482673372e-01,8.914188597026755367e-01,-6.283961399090868261e-01,1.053568793080903732e-01,-4.488709220485426754e-01,-9.099704207317711735e-02,-1.069730207943534600e-01,1.028021659995072445e+00,-5.711523451384397099e-01,1.239353215158687099e-01,-1.788147745477213779e-01,-5.811471184802323442e-02,1.124034444965485158e-01,-1.187024655550904750e+00,6.999512523685191834e-01,-6.605292375198913435e-01,8.602990136845889424e-01,-2.684853811364316667e-01,-1.038064984789663914e-01,1.097445283101282365e-02,-1.645573228150044032e-01,-5.061645270447724387e-01,2.139877742645752978e-01,-4.411957741116894760e-01,2.439000166963622984e-01,-4.351983423410810820e-02,1.123281579055209756e-01
7.536440519208499264e-03,-2.595434086069841814e-02,7.000468773544719081e-01,-9.379842461282096935e-03,2.395842871165148463e-02,5.777212527145535459e-01,8.158285153210794727e-01,-3.262533036679399201e-01,4.467918695922092065e-02,1.934625648749888904e-01,8.946390395493291070e-01,-6.295109386812718366e-01,1.075599371393925197e-01,-4.488478200828383557e-01,-9.185062725362949654e-02,-1.079326405478339412e-01,1.031936811241900953e+00,-5.720165429213132091e-01,1.231826009616751455e-01,-1.774053096937965313e-01,-5.814121916346313979e-02,1.128893694254280572e-01,-1.187596175824497724e+00,7.033097952137632447e-01,-6.656521448938653718e-01,8.606115797242832599e-01,-2.567656280583222594e-01,-1.023302084989581584e-01,1.031589468169161888e-02,-1.658317785299128488e-01,-5.061311842944865580e-01,2.135355087795209883e-01,-4.409144854260808044e-01,2.362596155369525164e-01,-4.235151272181603838e-02,1.100429607569623630e-01
7.953920720582322718e-03,-2.641068601411108302e-02,7.001091593471335806e-01,-8.946984344415296470e-03,2.388384968531153882e-02,5.783470903891331227e-01,8.153920261038696271e-01,-3.260517793430740552e-01,4.449250395950941905e-02,1.926806744760619916e-01,8.940779105388589887e-01,-6.286325487342854235e-01,1.073805122739197593e-01,-4.482895400002202546e-01,-9.273106314355022972e-02,-1.094287540261769387e-01,1.032219000537129450e+00,-5.722905070895949464e-01,1.221266175951771782e-01,-1.766581316571888827e-01,-5.752893231391729978e-02,1.134034878768619276e-01,-1.188011209850811767e+00,7.063513744139495731e-01,-6.696892885524560191e-01,8.608664038368155635e-01,-2.503299231940598335e-01,-1.005540194241472535e-01,6.970789784070659766e-03,-1.657331735989069355e-01,-5.040732030769748961e-01,2.132821577045557193e-01,-4.410462804688773941e-01,2.334890014021591131e-01,-4.239501764895758917e-02,1.088587714878598151e-01
8.366531134675612644e-03,-2.684663764171562467e-02,7.000501864050171497e-01,-8.359531102512061246e-03,2.408907655110999191e-02,5.786382235301570365e-01,8.151856481198160864e-01,-3.263625954740377866e-01,4.344563164169873426e-02,1.916854774842879638e-01,8.940708480330085139e-01,-6.279030608349909226e-01,1.079465975296261399e-01,-4.487462682078570686e-01,-9.420757669901837217e-02,-1.105385894733697805e-01,1.033683402344756752e+00,-5.731181958549975697e-01,1.212883186371525590e-01,-1.754392834860945827e-01,-5.740237864099979187e-02,1.135076582486545388e-01,-1.188633096543098011e+00,7.103737905219912330e-01,-6.748325757764934707e-01,8.601650060186628588e-01,-2.428553770811797408e-01,-9.991694047119031863e-02,4.471059434260832473e-03,-1.661727715922765025e-01,-5.039843299063255788e-01,2.134157053892843103e-01,-4.419761890619489098e-01,2.289258829121694483e-01,-4.217862617943640702e-02,1.098798629846166192e-01
8.758486575064507521e-03,-2.726821178678580371e-02,6.998360887541160702e-01,-7.867676689602464205e-03,2.388734479503723529e-02,5.789171877600739480e-01,8.149983951751792466e-01,-3.265395095502141576e-01,4.337821842661500338e-02,1.909685686400414140e-01,8.954452013628788620e-01,-6.287919353279302070e-01,1.096041995400612451e-01,-4.491145026066848955e-01,-9.485276801606618013e-02,-1.114437623933075827e-01,1.036195104035153580e+00,-5.737799815386296354e-01,1.206344602970198659e-01,-1.746682041814211495e-01,-5.784476707087667091e-02,1.142955462335827899e-01,-1.189929370494987149e+00,7.142998233670837527e-01,-6.794187819227313074e-01,8.591209481860251351e-01,-2.365266448812242128e-01,-9.918421463570947783e-02,2.580374830128268938e-03,-1.671482270126590786e-01,-5.043045450906533667e-01,2.143999052694245677e-01,-4.424719666870042811e-01,2.260237384479381328e-01,-4.185490627461128238e-02,1.097940247542038006e-01
9.126463102678679384e-03,-2.765907378819972701e-02,6.995636089610932640e-01,-7.385389055829004630e-03,2.392129094718967175e-02,5.786598270171738889e-01,8.151846615732950552e-01,-3.267131577101034523e-01,4.380462127306087444e-02,1.918166112297721715e-01,8.966772365310224924e-01,-6.299141977144088189e-01,1.094527403786710179e-01,-4.500820192926258678e-01,-9.578662550800484676e-02,-1.123781406741491268e-01,1.038726192299360918e+00,-5.750651511848160480e-01,1.208592415617811971e-01,-1.741662522787948419e-01,-5.863686080889655983e-02,1.149728661070319874e-01,-1.191244744366454889e+00,7.202445151374887722e-01,-6.841907736498501480e-01,8.575260040467680422e-01,-2.296762799549432743e-01,-9.834371079347040134e-02,-2.150129927366789886e-04,-1.701151476314365918e-01,-5.054138238927822213e-01,2.171331961508301267e-01,-4.427602374365797178e-01,2.232992684291430219e-01,-4.174119716198623070e-02,1.122053361966433294e-01
9.477689931758065747e-03,-2.801749592362631769e-02,6.992810290290991659e-01,-7.331376472709485830e-03,2.396143704492585680e-02,5.787767185142025372e-01,8.151009818173992061e-01,-3.282747063384992559e-01,4.449632462962867241e-02,1.913794477465262101e-01,8.992333810909549641e-01,-6.311369353732513288e-01,1.099767430095208581e-01,-4.510870337488128157e-01,-9.616268839317732020e-02,-1.138014587290034074e-01,1.040597039462542117e+00,-5.762554568765272389e-01,1.211831515472506782e-01,-1.740026799925892820e-01,-5.827024049890014434e-02,1.151801629110018738e-01,-1.193057284370249160e+00,7.259613963133479952e-01,-6.907994764718139447e-01,8.558054623224986557e-01,-2.211081628596350268e-01,-9.889051497230209875e-02,-2.753153563969386319e-03,-1.726178694909844269e-01,-5.069623899833753944e-01,2.194116139329949366e-01,-4.430558670036637281e-01,2.226263405786191307e-01,-4.230024422414571661e-02,1.151532141384808694e-01
9.817291443926082217e-03,-2.835463110207003118e-02,6.989305185788898811e-01,-6.875437492896162989e-03,2.400165162237748520e-02,5.787741981726839402e-01,8.151055616349608401e-01,-3.293925268149455743e-01,4.453744503109318548e-02,1.913724962912840000e-01,9.020706806744788198e-01,-6.321361772397849910e-01,1.106981783734030667e-01,-4.522894492692143276e-01,-9.765150850697021379e-02,-1.152871522777451085e-01,1.043950280721351875e+00,-5.774917102312426831e-01,1.211435660317710383e-01,-1.729161251318811765e-01,-5.866868921153329391e-02,1.160325412430299186e-01,-1.194755339808974970e+00,7.326638947455539341e-01,-6.981372403109114000e-01,8.512371536857277210e-01,-2.121255809207109599e-01,-9.959122250200130866e-02,-4.895899654039313591e-03,-1.744911407403482162e-01,-5.082220458641438787e-01,2.208751494931486259e-01,-4.434686581384211790e-01,2.202962077235960103e-01,-4.279678394557746152e-02,1.175479196515276936e-01
1.016143483941348881e-02,-2.865167831720856484e-02,6.986201457514832347e-01,-6.417974997908839664e-03,2.413088798752335840e-02,5.782516458662655401e-01,8.154762681371011679e-01,-3.305658190129150964e-01,4.487191809441273133e-02,1.920138452190908174e-01,9.052781930986952830e-01,-6.324926021008018262e-01,1.111607763106282898e-01,-4.534323884756620293e-01,-9.848133781430354339e-02,-1.158509828913568268e-01,1.046422758945421805e+00,-5.793235034342815171e-01,1.204308794917769432e-01,-1.720983585027109353e-01,-5.906430334442884511e-02,1.167715485608793319e-01,-1.194922270758627780e+00,7.404426260815140104e-01,-7.033392427098446031e-01,8.452846686530437470e-01,-2.076672841739215514e-01,-1.001973222499163291e-01,-7.239073517768307778e-03,-1.770793449116224716e-01,-5.077050660257576009e-01,2.230165539797320240e-01,-4.435880322577164248e-01,2.183850933509761116e-01,-4.353548426555766543e-02,1.190634140090155030e-01
1.053654127064111885e-02,-2.892622423199282117e-02,6.983219694332127858e-01,-6.084981236470325683e-03,2.432640153903655594e-02,5.779587617428678659e-01,8.156806169795642880e-01,-3.321773956290122176e-01,4.505571880326318668e-02,1.920385107453568552e-01,9.086291617499424600e-01,-6.328613184669574787e-01,1.122838339383477047e-01,-4.546276497441896769e-01,-9.914221038051249102e-02,-1.164037263682486945e-01,1.048659277287647074e+00,-5.810632231797849823e-01,1.196491494559945717e-01,-1.708417563121065463e-01,-5.932938560580454379e-02,1.176682369849752080e-01,-1.194620208736268729e+00,7.470417661184111102e-01,-7.061532554011419327e-01,8.381057004538382538e-01,-2.039474374977620907e-01,-1.005814866730198875e-01,-8.637409785213691349e-03,-1.787726111297066600e-01,-5.080759492095427987e-01,2.247667778554388041e-01,-4.443596618321213887e-01,2.149320746701338658e-01,-4.394699474642496662e-02,1.222225873360143628e-01
1.096044612513981560e-02,-2.918118556117582293e-02,6.981253717742808007e-01,-5.727580150719311508e-03,2.456142367005050356e-02,5.777267784341204582e-01,8.158404873337976593e-01,-3.329125539798941658e-01,4.555654553262100670e-02,1.930267267626982197e-01,9.103679641744865103e-01,-6.332121908481579409e-01,1.128299765168414848e-01,-4.553760410242841949e-01,-9.954986127263147633e-02,-1.165194717647323047e-01,1.049975659827487862e+00,-5.826629091910744407e-01,1.196932680947902922e-01,-1.697154701778649522e-01,-5.959727819951111949e-02,1.187786762987439321e-01,-1.192482323292377355e+00,7.538137650017797675e-01,-7.068389810266837436e-01,8.283351163702828979e-01,-2.011170447574701370e-01,-1.007976781983268844e-01,-8.701088689282116678e-03,-1.799539768948259510e-01,-5.078612435633773625e-01,2.266840751728807501e-01,-4.451428870334650512e-01,2.101861950647465616e-01,-4.501192013482060300e-02,1.226784070426977791e-01
1.144659438075611678e-02,-2.943560754124487436e-02,6.979019685072717083e-01,-5.295816614267289876e-03,2.441984028564950227e-02,5.778650358928287822e-01,8.157497324666371785e-01,-3.331497716047079893e-01,4.623629109429994166e-02,1.933818162149255060e-01,9.125807602601407886e-01,-6.340528676002779029e-01,1.137974325785409413e-01,-4.550241824671752422e-01,-1.001121013137408478e-01,-1.175828000280902397e-01,1.051283199563319837e+00,-5.843373301586727298e-01,1.197331066388152981e-01,-1.674500942025653194e-01,-5.986016107080739668e-02,1.201617827573096126e-01,-1.188626847461006220e+00,7.585996541475658050e-01,-7.048231145213534887e-01,8.149334323120263068e-01,-2.010061529520154044e-01,-1.017539030901208341e-01,-7.497531327918496163e-03,-1.790426909747721007e-01,-5.077338003100491104e-01,2.271145394928954786e-01,-4.464697225196366803e-01,2.067748222090012022e-01,-4.627063338719742541e-02,1.225799253067776373e-01
1.199223846693389141e-02,-2.967634093074346738e-02,6.976547785812495794e-01,-4.678799707238508188e-03,2.455003169144308328e-02,5.777311950234789162e-01,8.158443914583165535e-01,-3.336625299140706935e-01,4.614825246088752331e-02,1.935676849352132578e-01,9.149023916900240749e-01,-6.342356854576931546e-01,1.149284190034963182e-01,-4.550786487033336991e-01,-1.009905827627911729e-01,-1.181322142539116271e-01,1.052811525423046124e+00,-5.869843003131035575e-01,1.185597877538768774e-01,-1.640873608460642064e-01,-6.000163299576069531e-02,1.209612714456621690e-01,-1.182380121817066421e+00,7.660541432768767089e-01,-7.050469619813105604e-01,7.946969834540710265e-01,-2.049088957194773186e-01,-1.034205180493979331e-01,-6.925795375231993262e-03,-1.770553277017529736e-01,-5.075847202683096970e-01,2.266009839110149637e-01,-4.484987040096407584e-01,2.035279925432108006e-01,-4.618660982581355989e-02,1.217691879085419926e-01
1.258325375345228057e-02,-2.992807723767269487e-02,6.970589033362901699e-01,-4.146481248582574268e-03,2.523028926530725483e-02,5.774708191057610351e-01,8.160108407847069811e-01,-3.362966648887082965e-01,4.618641006063139987e-02,1.944356088672767047e-01,9.196085853375840502e-01,-6.353542835839794956e-01,1.139149865685289836e-01,-4.570401281400949256e-01,-1.031796469855983112e-01,-1.197363747273302303e-01,1.056257077192443106e+00,-5.916379803289831818e-01,1.171895095927835695e-01,-1.605891851145029581e-01,-5.947701040568462855e-02,1.209141501946051772e-01,-1.175432185090364179e+00,7.789796332822375158e-01,-7.090829512986396299e-01,7.672168217534700574e-01,-2.032206264994876888e-01,-1.076620405948649217e-01,-7.664825200444448476e-03,-1.763671998666693219e-01,-5.106824726310792428e-01,2.282849381800102218e-01,-4.531266210487388535e-01,2.005193956658987142e-01,-4.598228254626187533e-02,1.260653755697266620e-01
1.320645225288488538e-02,-3.017513496001461223e-02,6.965628307010583997e-01,-3.324178000831873314e-03,2.552442635666899926e-02,5.778955983889737524e-01,8.157046836094735687e-01,-3.377412213793785645e-01,4.522424872582505445e-02,1.937349767380855681e-01,9.233025397915943788e-01,-6.362936717185584401e-01,1.137003218580863451e-01,-4.564743740908526748e-01,-1.058929502384070021e-01,-1.221358034581152829e-01,1.057867445059506917e+00,-5.977924315497005203e-01,1.154782019214928429e-01,-1.559906725286528129e-01,-5.965900434850525402e-02,1.208566788084963067e-01,-1.164952209307078546e+00,7.925523383745344264e-01,-7.114535737679826832e-01,7.293125174943544398e-01,-1.988622198126208940e-01,-1.127760942513995890e-01,-4.384545568165885976e-03,-1.717788248111171145e-01,-5.117491409577645811e-01,2.251926746696152337e-01,-4.554789891214878761e-01,1.914835900234314048e-01,-4.788275147390467362e-02,1.250745242532943224e-01
1.379867922613024940e-02,-3.041574901652269527e-02,6.960062891989199363e-01,-2.795691602416844161e-03,2.390486493682225655e-02,5.796314553913890499e-01,8.145232455011186534e-01,-3.383705998255094882e-01,4.676712243951571674e-02,1.908645412146499909e-01,9.308839285595442714e-01,-6.385328903835972847e-01,1.177078374662904048e-01,-4.547712746407441831e-01,-1.063423074995742956e-01,-1.254469625508315700e-01,1.063980385683635843e+00,-5.972500742756614578e-01,1.112164252050301533e-01,-1.505042541276183088e-01,-5.903183511064057087e-02,1.211769126200081120e-01,-1.149300254183681202e+00,8.152039676451084960e-01,-7.182309577237396825e-01,6.715266386150855471e-01,-1.882659614458060682e-01,-1.202579326097014262e-01,-5.489366433576607640e-03,-1.636817237560194427e-01,-5.209308161956747174e-01,2.197559080439225321e-01,-4.557898984214713289e-01,1.679060370185739559e-01,-4.725845536723226326e-02,1.276458843068057347e-01
1.434738472639680330e-02,-3.056266036423067531e-02,6.958527629648705304e-01,-2.300533956066165911e-03,2.393992032895577576e-02,5.797593678075756429e-01,8.144327247830351890e-01,-3.381907278619108448e-01,4.609909826486739692e-02,1.895243566580837313e-01,9.315448135488046955e-01,-6.389165458928218744e-01,1.164388956151393706e-01,-4.516146765499612914e-01,-1.077563420099643121e-01,-1.284037764275656746e-01,1.060419288575161101e+00,-6.042425757779348316e-01,1.074159818963467822e-01,-1.425602417913944819e-01,-5.909992632422715608e-02,1.205466772362755595e-01,-1.126325227485410752e+00,8.384700348501664680e-01,-7.123150081442154447e-01,6.039301817035316322e-01,-1.805701990365306264e-01,-1.351690431433146267e-01,7.590025483626487192e-03,-1.544291273426613986e-01,-5.201974293707221086e-01,2.142473082363602066e-01,-4.579626090328310362e-01,1.572231543650856322e-01,-5.290430949386210058e-02,1.234305086881967439e-01
1.476298431168247133e-02,-3.070136377422756982e-02,6.955466981656368564e-01,-3.347371299725105873e-03,2.367960858637081431e-02,5.810924903080734172e-01,8.134860717616120285e-01,-3.404173193610935955e-01,4.747945628327449041e-02,1.856221358237795938e-01,9.332937751977572471e-01,-6.433570868259179676e-01,1.155543495302618351e-01,-4.495028523429239753e-01,-1.055904159534328396e-01,-1.311220606468768146e-01,1.056447187824000045e+00,-6.094998723782337757e-01,1.061900473924069777e-01,-1.334211037756907747e-01,-6.009163610703890934e-02,1.218253079821762230e-01,-1.095810145186089546e+00,8.645469431549568373e-01,-6.958335204414538566e-01,5.191483689029068316e-01,-1.704358357483371222e-01,-1.504972566666284151e-01,2.981272047995564209e-02,-1.412485649482587147e-01,-5.240558980139670142e-01,2.050816727503748382e-01,-4.601532507971846653e-01,1.481874042481408082e-01,-6.147636542883567340e-02,1.148053985345730416e-01
1.495865524592936147e-02,-3.088541638999561800e-02,6.949552500609399441e-01,-4.679092074708496481e-03,2.331806828502989287e-02,5.826246890500877962e-01,8.123932825289105208e-01,-3.454910219904216984e-01,4.844624431346762627e-02,1.793123004932722087e-01,9.393132623659541380e-01,-6.474861544119497880e-01,1.147655828143769180e-01,-4.494933995750195477e-01,-1.024210088072553260e-01,-1.323392105234043881e-01,1.055651232074162449e+00,-6.138326354952519104e-01,1.042209267277650342e-01,-1.251533082832714250e-01,-6.081210557000010786e-02,1.223357183759714445e-01,-1.059116307538342072e+00,8.903555577316751846e-01,-6.685910920952379266e-01,4.277962027845163551e-01,-1.481998758130483873e-01,-1.639279694719359415e-01,5.667187957601225318e-02,-1.287868770830913057e-01,-5.304702524892107585e-01,1.938871137093430841e-01,-4.613433014873745130e-01,1.348130801687317526e-01,-6.533719026070862468e-02,1.115354674911373939e-01
1.489706176355157577e-02,-3.119791775863414371e-02,6.937234789958185432e-01,-5.519058016236977338e-03,2.386987548740002879e-02,5.831740650947028204e-01,8.119776960260344234e-01,-3.534508298465726672e-01,4.829860636239093757e-02,1.754569817917036034e-01,9.497876461536595150e-01,-6.530248895897331485e-01,1.149296490982565089e-01,-4.540320541244449726e-01,-1.010447200167853971e-01,-1.313410153115340817e-01,1.060568035874555282e+00,-6.219220918786529939e-01,9.785415741278588597e-02,-1.109709778364770388e-01,-6.483071864355785530e-02,1.262271176056461996e-01,-1.005773869536416010e+00,9.131764064872934794e-01,-6.230696905624897308e-01,3.134205868877428802e-01,-1.372716622261929975e-01,-1.754195196792545375e-01,9.464765738634822734e-02,-1.155586550130660306e-01,-5.311179212475930500e-01,1.795124652903400952e-01,-4.636397921353862528e-01,1.175639804786513115e-01,-6.778938429890869755e-02,1.035957794033172258e-01
1.455807602123425186e-02,-3.153027546371121870e-02,6.926379828583267839e-01,-5.381853210767752020e-03,2.329278863500432520e-02,5.834161239271992150e-01,8.118214754460393312e-01,-3.575507139074134422e-01,4.952917965137427353e-02,1.755833338888411754e-01,9.599858178440129342e-01,-6.564245610236965067e-01,1.123811787789340544e-01,-4.550797921501046339e-01,-1.002399038602276859e-01,-1.301168727690413252e-01,1.064693988424153082e+00,-6.297350599909521396e-01,9.120923442656268809e-02,-1.004510990141034427e-01,-6.973414486530549183e-02,1.287568308201206546e-01,-9.323346825519649439e-01,9.452152815060966828e-01,-5.621911115912306967e-01,1.718023783120500581e-01,-1.183018445199702090e-01,-1.877720028283034748e-01,1.326302773497942677e-01,-1.037633874014753099e-01,-5.252548752476646765e-01,1.652817762027036508e-01,-4.610311176597814975e-01,1.089377285593170763e-01,-7.338095797356933292e-02,9.273690716902102671e-02
1.396280664582067246e-02,-3.194611936096451721e-02,6.917752828141846555e-01,-5.686690448972508798e-03,2.235241979562839487e-02,5.840601953820836467e-01,8.113825972075432436e-01,-3.627970487886206796e-01,5.172957698888052541e-02,1.750174643856536316e-01,9.717293506668368552e-01,-6.576738422741544854e-01,1.076512718831240806e-01,-4.546302239254000899e-01,-9.889660582924574006e-02,-1.299207456934710347e-01,1.065522726629660077e+00,-6.364003482059239492e-01,8.704320281207045262e-02,-8.681389040849794847e-02,-7.451680367070789845e-02,1.328502679004925913e-01,-8.550487767021693886e-01,9.695216308222137647e-01,-4.917366510348980535e-01,2.700549515092658462e-02,-9.698261804429185451e-02,-2.041945955550844294e-01,1.719373659888902284e-01,-8.840770634280112339e-02,-5.211313331171976149e-01,1.457518324419573852e-01,-4.602041529436231571e-01,9.908984210949638161e-02,-8.201098278731039359e-02,7.981570750727004504e-02
1.311341166446540127e-02,-3.250365282504093234e-02,6.901880674519106362e-01,-5.807484419551310270e-03,2.036400513830831718e-02,5.845371972590450715e-01,8.110905285108332974e-01,-3.690531593924509246e-01,5.668952837163185321e-02,1.765841325786592919e-01,9.905746008008567971e-01,-6.620521391738704020e-01,1.062837088196839780e-01,-4.568401253327774025e-01,-9.797716161039052296e-02,-1.305181985851086024e-01,1.075523881376588609e+00,-6.407709100853544726e-01,8.038189440451692924e-02,-7.393015428579091664e-02,-7.892891395516485331e-02,1.367747593995677913e-01,-7.889806439676706473e-01,9.857855501279421118e-01,-4.313774509695277870e-01,-1.064717869572582715e-01,-8.697632463853061102e-02,-2.253824743339102044e-01,2.046971625551555485e-01,-7.868778332783844809e-02,-5.191300193652634842e-01,1.305814268263047195e-01,-4.587284141078959987e-01,1.000550150709348940e-01,-8.685587776565641127e-02,6.660445720306672202e-02
1.213937187268609649e-02,-3.303934266040147588e-02,6.884393465897209463e-01,-7.253451528792509082e-03,1.924909393620078540e-02,5.854101111726464080e-01,8.104763177048318612e-01,-3.780357194953119504e-01,6.167052423665385363e-02,1.764484339255914525e-01,1.007936657292828109e+00,-6.697844598401950789e-01,1.058300177863828323e-01,-4.623444549028534190e-01,-9.560685311929997821e-02,-1.307996604086055226e-01,1.085638170489822585e+00,-6.454311642697090345e-01,7.425658592865935770e-02,-6.390797666457818937e-02,-7.917678994325795527e-02,1.391898961059167827e-01,-7.334357069114562089e-01,9.913929561061151086e-01,-3.768044799311985327e-01,-2.087235540409006218e-01,-8.757936311376689209e-02,-2.414749347290157389e-01,2.323308849114015251e-01,-7.131328124928544565e-02,-5.184739426369723292e-01,1.195587039450108080e-01,-4.590196919841751932e-01,1.035313699191521969e-01,-8.979792662217769839e-02,5.179647337151033898e-02
1.116485566294602057e-02,-3.355584873334727797e-02,6.876057391435690391e-01,-8.198250578708096009e-03,1.901254871747581204e-02,5.859460297978501542e-01,8.100855274863576483e-01,-3.868515408636879482e-01,6.351379425830544490e-02,1.753293784656760335e-01,1.021741163935310226e+00,-6.683199664007068996e-01,1.013119795817221808e-01,-4.654072416156436742e-01,-9.429974295543201712e-02,-1.299334296695338342e-01,1.088035156917834367e+00,-6.498852475136459583e-01,7.030277850007111973e-02,-5.584046666419403837e-02,-7.902999698144952401e-02,1.403390430603164429e-01,-6.853947461204751290e-01,9.931194018444685634e-01,-3.309540866757334499e-01,-2.843235185501465923e-01,-8.621866627916917325e-02,-2.567838847758414644e-01,2.597966337291063299e-01,-6.759283618927067194e-02,-5.206917665819504881e-01,1.158326747769674869e-01,-4.577036824947812166e-01,1.099307574695636003e-01,-9.733139630743883886e-02,3.765547488013192001e-02
1.023533449536640980e-02,-3.404554199719432572e-02,6.864862609479306377e-01,-9.257005016629953065e-03,1.886779303362817045e-02,5.865673306275208665e-01,8.096277421659079376e-01,-3.949471837622280379e-01,6.466214860409602583e-02,1.735091923801317937e-01,1.033521155067795183e+00,-6.713440185603432031e-01,1.019420299698303722e-01,-4.707311112850642298e-01,-9.376492514523371291e-02,-1.297877762353119857e-01,1.094790371744872370e+00,-6.527314792895020368e-01,6.576391339168675965e-02,-4.969366207850701295e-02,-7.804245690550762338e-02,1.382659635810757348e-01,-6.502028212756275627e-01,9.969958938652587754e-01,-2.987166512068228363e-01,-3.341257155888192609e-01,-8.358665334060663699e-02,-2.647563600535098316e-01,2.718025645084989894e-01,-6.539492090896220633e-02,-5.243762856822645757e-01,1.132196982216964048e-01,-4.550645278956074180e-01,1.073859803276136365e-01,-9.792881036471015599e-02,3.272762088304877887e-02
9.421124996360327047e-03,-3.449565081219466145e-02,6.854638220967521622e-01,-9.863216561758238188e-03,1.895086435617280435e-02,5.863672857387342008e-01,8.097635382718822994e-01,-4.005610278918428357e-01,6.550811230389255724e-02,1.737460840172838916e-01,1.041811496476693355e+00,-6.754586969242349914e-01,1.028544772187062334e-01,-4.760312244921905411e-01,-9.357322967567033301e-02,-1.285847089113811292e-01,1.101214871477974810e+00,-6.554926457733430967e-01,6.329500852435721026e-02,-4.495188184519637725e-02,-7.793086072775766426e-02,1.366823100071885566e-01,-6.208873329918094264e-01,1.000318903625203815e+00,-2.791075965375930390e-01,-3.611006320236397338e-01,-7.611583688783533919e-02,-2.688351887378069849e-01,2.808527804915170178e-01,-6.636031763308254672e-02,-5.286226030364624684e-01,1.133606578391282427e-01,-4.524533137096435342e-01,1.080201114116520478e-01,-9.868591397578288515e-02,2.735359274592899168e-02
8.779769025362864354e-03,-3.489458814558681066e-02,6.847666476452451967e-01,-9.353727652415239069e-03,1.811816181175350537e-02,5.867695015240876888e-01,8.094972464886708297e-01,-4.003936244238587294e-01,6.490470037947712600e-02,1.741108062734366690e-01,1.044298582904544581e+00,-6.800690277768323133e-01,1.054403064649746258e-01,-4.770324624734876839e-01,-9.654108525274131269e-02,-1.306373333680984905e-01,1.106712332615274574e+00,-6.556327288525930497e-01,6.642020067702664177e-02,-4.361107215403723508e-02,-7.798957761093870678e-02,1.359901049113942384e-01,-5.987839901399043541e-01,1.004203610537617530e+00,-2.690880685458822974e-01,-3.626977238912766355e-01,-5.894123094099593119e-02,-2.701075258054588812e-01,2.785879212735481447e-01,-7.053706306120034741e-02,-5.323594189360537632e-01,1.147770157840876659e-01,-4.461963676580943949e-01,1.040885207353660913e-01,-9.888465041465256677e-02,2.835232981088980572e-02
8.363941228000141073e-03,-3.523795134324329836e-02,6.843254390123432174e-01,-8.530443021513317570e-03,1.800599070184993183e-02,5.871533423799784046e-01,8.092304791422034738e-01,-4.003353712988807489e-01,6.114919667612062765e-02,1.719309194729029822e-01,1.044561539612899326e+00,-6.826168274947624903e-01,1.075613240475960936e-01,-4.778876708732193168e-01,-9.904285482115066097e-02,-1.303141162060093561e-01,1.110474984215465977e+00,-6.582182553733934016e-01,6.556428945617631676e-02,-4.331409418981971987e-02,-7.705963492557318939e-02,1.362745679347498462e-01,-5.808643528665154987e-01,1.003706052538192006e+00,-2.699353776828968821e-01,-3.486818532942147497e-01,-4.401690987689600015e-02,-2.674466178404554251e-01,2.754772425561810012e-01,-7.550747858008330371e-02,-5.361204064829662164e-01,1.178347518276828959e-01,-4.436384699219778072e-01,9.549147406503859237e-02,-9.820324274123402863e-02,2.802784278491845041e-02
8.141913098964247142e-03,-3.551677427204252141e-02,6.841715810665790487e-01,-7.229769127812908300e-03,1.875412142681722252e-02,5.869408523711866499e-01,8.093802871244458741e-01,-3.994672503585596779e-01,5.582371646194658754e-02,1.709897242851704524e-01,1.041644352872699297e+00,-6.829002438856235369e-01,1.096038884882222786e-01,-4.797228360678302272e-01,-1.021040192962911625e-01,-1.277929888335952169e-01,1.113601836182893656e+00,-6.600565275606553595e-01,6.563526317841926472e-02,-4.421343852612261149e-02,-7.663069652029116940e-02,1.355322987679152547e-01,-5.679646613714504078e-01,1.001686604777108247e+00,-2.787293717709270480e-01,-3.248028904583736831e-01,-3.011558718834793369e-02,-2.669741791309572232e-01,2.741444554385144006e-01,-8.173727102547910517e-02,-5.392821033653214524e-01,1.249737685260722403e-01,-4.421138915570230199e-01,9.135243621113869894e-02,-9.983904933815729299e-02,2.875965177964485628e-02
8.119329967593728881e-03,-3.576006902074710392e-02,6.842575447075986972e-01,-5.668785315813264399e-03,1.856615333355404740e-02,5.879324022062761834e-01,8.086771007388516841e-01,-3.963126671482879448e-01,5.053052896338974809e-02,1.685635969832599557e-01,1.037541746720821667e+00,-6.829728462487605345e-01,1.123983121655136030e-01,-4.781163264762133269e-01,-1.056586472264066656e-01,-1.275912951566943732e-01,1.115627997978412722e+00,-6.601289791154996145e-01,6.641236851710594080e-02,-4.598820931856481553e-02,-7.768418934867393766e-02,1.371598080983982004e-01,-5.604224039438714389e-01,9.966710053067543429e-01,-2.921158684398388883e-01,-2.911974030713805339e-01,-1.831739946296504634e-02,-2.624718904211003068e-01,2.677440626463166162e-01,-8.480527524459746669e-02,-5.386701389229283654e-01,1.297855503658231768e-01,-4.402691769628754859e-01,8.657954247353129296e-02,-1.002851226322640371e-01,2.912340789385043857e-02
8.236584169477218637e-03,-3.598226452802463782e-02,6.844893589659520883e-01,-4.085950470297577443e-03,1.795117496640562249e-02,5.894963867711846550e-01,8.075611867281619061e-01,-3.914494608562980038e-01,4.648471268545217860e-02,1.669603037076596297e-01,1.031876600316369519e+00,-6.836085404448503100e-01,1.148441299243055935e-01,-4.749898907552890237e-01,-1.101578789059422525e-01,-1.300450658681280014e-01,1.117651618391381163e+00,-6.590078209903690309e-01,6.709091807443237632e-02,-4.760378751536634839e-02,-7.836029326724365529e-02,1.409562526261664284e-01,-5.583201223132066016e-01,9.917817086282549877e-01,-3.063767215048150971e-01,-2.506615400356742018e-01,-5.926505650775764321e-03,-2.551332760472249661e-01,2.600497338164815542e-01,-8.634383577311526003e-02,-5.390485486517603286e-01,1.305507593396868782e-01,-4.395842117900595203e-01,7.063250282314571804e-02,-9.817139179437581187e-02,2.924588701995277373e-02
8.470124207873668681e-03,-3.616546779516704307e-02,6.849477123906650977e-01,-2.563077050639266628e-03,1.779001301212640787e-02,5.910012983469825620e-01,8.064703413177953806e-01,-3.867146490266718528e-01,4.184819927345729412e-02,1.650823915675381226e-01,1.024607289741392702e+00,-6.828117400999139663e-01,1.167374771432035663e-01,-4.717510155645332492e-01,-1.137330547635155842e-01,-1.308339504313202617e-01,1.117364241743971975e+00,-6.582953528984710756e-01,6.829716029786558895e-02,-4.936371333671521477e-02,-7.929211798126983846e-02,1.449873988247972756e-01,-5.601253015609199970e-01,9.883459411895417768e-01,-3.216108618787703599e-01,-2.095452078813594132e-01,6.919460552774688543e-03,-2.464786082973138004e-01,2.511823308100593621e-01,-8.726058753121505862e-02,-5.393207854228931897e-01,1.314588939062605322e-01,-4.412043187311072701e-01,5.365442431637298254e-02,-9.885818536334381457e-02,2.917357755045610346e-02
8.750901562042156037e-03,-3.632738591646175741e-02,6.854914149189428318e-01,-9.374885537293074084e-04,1.769783137170494527e-02,5.920077079154614230e-01,8.057374148248495072e-01,-3.828185893119538941e-01,3.682678758581720696e-02,1.626162572887977775e-01,1.019016299735050701e+00,-6.792923548776614862e-01,1.202089688398294137e-01,-4.690863183802401193e-01,-1.172631417398854736e-01,-1.312390909170514930e-01,1.117658245284038454e+00,-6.560377271776340891e-01,6.919708114662857790e-02,-4.986995817620158006e-02,-7.866737458804148875e-02,1.468516212099106877e-01,-5.650671621465759298e-01,9.818909099260696438e-01,-3.396857801501159124e-01,-1.721153106944215694e-01,1.372691496947434087e-02,-2.401679809543687261e-01,2.402426635470631400e-01,-8.733211966598682097e-02,-5.373389991419327272e-01,1.319300396094643946e-01,-4.417984882943616354e-01,4.671288667603688827e-02,-1.011953189130394282e-01,2.364301205868451355e-02
9.051123406295043944e-03,-3.647518907233779362e-02,6.861257179903492709e-01,3.163425294071516361e-04,1.770266956024806743e-02,5.933001503910788621e-01,8.047865847314848997e-01,-3.789079242066609732e-01,3.185397291214128734e-02,1.592385949991023120e-01,1.011817092959935049e+00,-6.766579666406423721e-01,1.231542274070854676e-01,-4.673250082117992865e-01,-1.209928152327487128e-01,-1.326662978279173344e-01,1.118806135102611954e+00,-6.514263152252776079e-01,7.164415709503500762e-02,-5.257117285336403156e-02,-7.811651970315548754e-02,1.481650789896974962e-01,-5.804804493721321679e-01,9.740963941176655760e-01,-3.598739090967187360e-01,-1.315406543355965296e-01,2.300045707230282191e-02,-2.313405245347985306e-01,2.322829146106101250e-01,-8.779872453735829141e-02,-5.374575117689148751e-01,1.335056419575503805e-01,-4.411854419800299021e-01,3.943401517826033292e-02,-1.008440286909115524e-01,2.156422605432593842e-02
9.378595738978035001e-03,-3.660437135863611746e-02,6.870390790976973472e-01,9.640691779091814344e-04,1.728363109012190021e-02,5.952371000511741395e-01,8.033636420635610342e-01,-3.752376956517162743e-01,2.885917789076757403e-02,1.558239525853604701e-01,1.004804537296370981e+00,-6.727871230664469460e-01,1.262963290826612794e-01,-4.642433416105367083e-01,-1.226275855068334197e-01,-1.341117369251622060e-01,1.117183915499108116e+00,-6.442990749925366911e-01,7.557079170821022485e-02,-5.446706599294862117e-02,-7.704070154372642809e-02,1.497409767108944245e-01,-5.969564608148195672e-01,9.672365493792761670e-01,-3.828066291302827384e-01,-9.319535107855571321e-02,3.081088937733988259e-02,-2.232235196435123081e-01,2.209350466763962406e-01,-8.568827399791179023e-02,-5.380358490175036756e-01,1.328625170062931460e-01,-4.393859988502013536e-01,3.094699184788220897e-02,-1.027567881986365950e-01,2.037667825960605417e-02
9.716434367140109468e-03,-3.671057993543858783e-02,6.879080131709023327e-01,1.597086563622153454e-03,1.764931194993534999e-02,5.962386363659527566e-01,8.026116368497727693e-01,-3.723507466264237009e-01,2.592003436615310588e-02,1.543179621824707914e-01,9.972935324884235619e-01,-6.684121330036407738e-01,1.283752782982816587e-01,-4.624203726360447964e-01,-1.245300802868153089e-01,-1.347128699026458043e-01,1.114355518284818380e+00,-6.395761866925292471e-01,7.912498372416065795e-02,-5.589648611803655492e-02,-7.615942639006127723e-02,1.495446794477405805e-01,-6.122770636355250318e-01,9.595000627585198449e-01,-4.023587291703550339e-01,-6.185520842122971263e-02,3.704666503983663345e-02,-2.181394293296785025e-01,2.135075036666182480e-01,-8.405651069907325856e-02,-5.367270138811701674e-01,1.331923613111702931e-01,-4.391187901437083596e-01,2.982850287475149673e-02,-1.051450373924172205e-01,1.799329995256613440e-02
1.005480038708442443e-02,-3.681992506678388039e-02,6.885727219665198628e-01,2.499098856890700267e-03,1.795970309610757376e-02,5.971363070340972579e-01,8.019348068211554770e-01,-3.696948101389713748e-01,2.229395143339500673e-02,1.520724384849013733e-01,9.911846998862021696e-01,-6.642404481939505612e-01,1.294668390641647848e-01,-4.607905924589590918e-01,-1.277810670518310654e-01,-1.364174034376786637e-01,1.113434744001387200e+00,-6.360586335370301825e-01,8.175933342067540077e-02,-5.718890138191074640e-02,-7.448031086064374473e-02,1.494547884450171671e-01,-6.319671125052904737e-01,9.510276072534185055e-01,-4.196706154561922197e-01,-2.769020455005919909e-02,4.257068236096462482e-02,-2.122833980247328389e-01,2.047979681195227775e-01,-8.302769221603165106e-02,-5.358562458732641920e-01,1.336696120025836210e-01,-4.392848842036157220e-01,2.883700583780936591e-02,-1.038909307957153333e-01,1.868796431126053606e-02
1.036416485828777975e-02,-3.694302710136093681e-02,6.889426013375409275e-01,3.307498107080275064e-03,1.850031940386093199e-02,5.978182044240712978e-01,8.014113756975291825e-01,-3.679270855288293007e-01,1.830315472340085514e-02,1.496998426566019114e-01,9.862597956381956577e-01,-6.626942253767611479e-01,1.329003891398235493e-01,-4.624179658778807545e-01,-1.302316713859957009e-01,-1.356778467688346812e-01,1.117165844819491882e+00,-6.306556785786167074e-01,8.571261657511193566e-02,-5.843344377099261161e-02,-7.418525964148536822e-02,1.501363068688011670e-01,-6.548612553475886555e-01,9.415357703822178070e-01,-4.349769865487824183e-01,7.908849074227003798e-03,4.685154021371328026e-02,-2.053870347769564397e-01,2.013849849472946485e-01,-8.331020512852901905e-02,-5.386542353561986074e-01,1.339732035641392760e-01,-4.394963504506204099e-01,2.244922881609327792e-02,-1.012965802760990158e-01,2.545848604807855742e-02
1.068667760031230193e-02,-3.702562352167771548e-02,6.894934807994789194e-01,4.080503585927101190e-03,1.918016936307732206e-02,5.987550293303430804e-01,8.006921290017213755e-01,-3.661960592790354241e-01,1.361176098565836622e-02,1.463198362897764893e-01,9.801294718187116839e-01,-6.594000481249936430e-01,1.351693175320452245e-01,-4.629768018944692698e-01,-1.327809496252445598e-01,-1.352102299428996346e-01,1.118302079885076683e+00,-6.259494084795658164e-01,8.846418262337064908e-02,-6.066690004899034927e-02,-7.212267137608752154e-02,1.480088259898504621e-01,-6.796515769253693717e-01,9.339881132247489504e-01,-4.541194833554587085e-01,4.234519419767111825e-02,5.877252513294949771e-02,-1.985354375937427585e-01,1.951439519547120416e-01,-8.347649800794278152e-02,-5.433102714721336213e-01,1.353564298662565668e-01,-4.402976462374805777e-01,1.693351047542458743e-02,-1.014699103704795047e-01,3.081485133352668618e-02
1.100311756830323583e-02,-3.708731814614835837e-02,6.900430761594178453e-01,4.810420163861572895e-03,1.916178101565751968e-02,5.996093206667946207e-01,8.000489663612225799e-01,-3.636752444990268840e-01,1.157786721449189336e-02,1.452461636912628085e-01,9.756796657990544075e-01,-6.558599709028114511e-01,1.368099037831295439e-01,-4.628878454366300299e-01,-1.347887883259258346e-01,-1.356198490928904876e-01,1.120551597415703649e+00,-6.189574524031709046e-01,9.155676981068809617e-02,-6.364589675003047564e-02,-7.046833832318938340e-02,1.467017901795434065e-01,-7.032378841446716988e-01,9.256550646221926026e-01,-4.702987957756760706e-01,7.436519180042862331e-02,6.047930120272800025e-02,-1.931653241970330004e-01,1.888997794257776808e-01,-8.340099456552178825e-02,-5.437810851249538224e-01,1.376214369193209663e-01,-4.388071153731059604e-01,2.333495254424894361e-02,-9.924495382258828602e-02,3.695960520539044031e-02
1.132212578926343471e-02,-3.711787654534402792e-02,6.906868173348265083e-01,5.598475706456403252e-03,1.897574484951531845e-02,6.006753321869884310e-01,7.992482239449903991e-01,-3.604587938747988440e-01,9.509959943014519024e-03,1.438347361444825001e-01,9.705207861394331559e-01,-6.520760201206069473e-01,1.384668023168689477e-01,-4.624774142554607392e-01,-1.371430904378494742e-01,-1.365236120336250636e-01,1.123328521459297624e+00,-6.108087256477590099e-01,9.429271546443562801e-02,-6.690386335181776334e-02,-6.764993696023230418e-02,1.443400226450449464e-01,-7.298665395109760201e-01,9.174313461421120808e-01,-4.874850962127543208e-01,1.103796394207949422e-01,6.718836545131129379e-02,-1.858298794766738982e-01,1.833623983090504062e-01,-8.346415821436997673e-02,-5.472543341760159885e-01,1.401148842729473543e-01,-4.372337255563158998e-01,2.312518653160137994e-02,-9.580217416185023149e-02,4.283691724042437005e-02
1.163711178610549526e-02,-3.709929824883104882e-02,6.912512009324214279e-01,6.188064033636527655e-03,1.976528541474259840e-02,6.015125948818559332e-01,7.985947905881216613e-01,-3.582694644195760780e-01,5.827459029211468425e-03,1.420827668059557181e-01,9.635330781764568364e-01,-6.497007252716467951e-01,1.411465045629811121e-01,-4.640114313475574570e-01,-1.405419651933573211e-01,-1.372578454080163879e-01,1.126096578504309553e+00,-6.046986344865826757e-01,9.714098636862765479e-02,-6.898881611907688172e-02,-6.566914307440091525e-02,1.427556332163482655e-01,-7.620291633890458050e-01,9.080888254862274911e-01,-5.054152685194093220e-01,1.523622093741996419e-01,7.332337541087162458e-02,-1.766659564080972078e-01,1.768521503373612080e-01,-8.296012159399440700e-02,-5.500954544745296770e-01,1.417509896698159744e-01,-4.375839226741925492e-01,2.417163325886969791e-02,-9.312084598581756023e-02,5.095026976094606252e-02
1.191967294916282741e-02,-3.704830726214449615e-02,6.915826850658634006e-01,6.506593007428545378e-03,2.038797758799974422e-02,6.019406042633186349e-01,7.982540344755032491e-01,-3.570430265462447572e-01,3.940820343828208352e-03,1.413974463975640194e-01,9.592009632407079156e-01,-6.480250350772724932e-01,1.419770986639166954e-01,-4.647667928081223865e-01,-1.429592374480553874e-01,-1.383011547770295335e-01,1.126976356194550943e+00,-6.017563355628694488e-01,9.805616369486447326e-02,-7.360234611851329545e-02,-6.264842038680883129e-02,1.414107343761480950e-01,-7.957506514079849547e-01,9.004048179918552330e-01,-5.275077670814229958e-01,1.988277759367444442e-01,7.705903002850365835e-02,-1.710015889845193093e-01,1.673385671195184443e-01,-8.559188681388985032e-02,-5.528075548889782587e-01,1.462347065358873266e-01,-4.392229294505647919e-01,2.697411270736653488e-02,-9.017608247174707659e-02,6.532194304685663699e-02
1.218689502933874291e-02,-3.699350644929857990e-02,6.922017113753138329e-01,6.722077219718382290e-03,2.015901191214577309e-02,6.027378186446621378e-01,7.976562855591704526e-01,-3.543741353714391917e-01,3.418172082535132078e-03,1.404657001698695062e-01,9.546052192003963155e-01,-6.451207229413483679e-01,1.425413949456154905e-01,-4.634104036725660847e-01,-1.439074726469672938e-01,-1.395840254026167737e-01,1.126442945714517752e+00,-5.958838981667594625e-01,1.004752467823574885e-01,-7.768174600712358935e-02,-6.011866149192286041e-02,1.404792922050742687e-01,-8.244300150629797486e-01,8.922349896734717012e-01,-5.452261518333960666e-01,2.388619043256295649e-01,7.981547426947349644e-02,-1.650921230059784195e-01,1.608510514489312204e-01,-8.579754982634404947e-02,-5.532264691873095552e-01,1.492281712754451317e-01,-4.392970439028702212e-01,3.377681532164093781e-02,-8.857863225289619447e-02,7.188176701175200134e-02
1.238448996111820438e-02,-3.693302963896213931e-02,6.926091137890649785e-01,6.402380505608592370e-03,2.086324040435382290e-02,6.027420801690074326e-01,7.976375865750244820e-01,-3.539939402455594131e-01,2.648994519491128935e-03,1.398864002915241045e-01,9.503188829111262059e-01,-6.437673179992271510e-01,1.437404510356072862e-01,-4.645185922523224487e-01,-1.451696094369346046e-01,-1.411801115195928102e-01,1.125625801330743636e+00,-5.930944830324756945e-01,1.009546584518337675e-01,-8.130893328969837630e-02,-5.677558010905045527e-02,1.383302073953411593e-01,-8.534195022145515397e-01,8.855691069221475198e-01,-5.670598038222975923e-01,2.813421708397513821e-01,7.875011280067367725e-02,-1.593957884865937480e-01,1.482189853453440287e-01,-8.680657788028528499e-02,-5.534688894902303202e-01,1.526892283516049498e-01,-4.402061133855197372e-01,4.249087040105656299e-02,-8.745791265475964804e-02,7.850619790912229112e-02
1.253787657938581004e-02,-3.691251755044981653e-02,6.934346095726319215e-01,6.507081395139468517e-03,2.116642219918928383e-02,6.037021030862027571e-01,7.969023849834422357e-01,-3.515266589669862607e-01,1.008009268236600281e-03,1.387764850493673485e-01,9.430742869658449434e-01,-6.395288086476151879e-01,1.447923852354566776e-01,-4.646875265073541206e-01,-1.474185247223794293e-01,-1.431036952109451255e-01,1.125744716223213038e+00,-5.853758613373266639e-01,1.012147582695922948e-01,-8.540915437980767244e-02,-5.441057486999484327e-02,1.348801430864653705e-01,-8.814527206551707739e-01,8.801718456219490561e-01,-5.909061485694862004e-01,3.216468545456332429e-01,7.692525860489485279e-02,-1.536527601648835228e-01,1.324198501492376001e-01,-8.680860963248292206e-02,-5.536717300573577027e-01,1.563394929116915522e-01,-4.378021775378948544e-01,5.197389736524286874e-02,-8.373214349956518976e-02,8.647301677921617746e-02
1.260652782526512639e-02,-3.698923607726309348e-02,6.939487111788488205e-01,7.065526437469712290e-03,2.125035015309130471e-02,6.043026039021454077e-01,7.964401194513109905e-01,-3.491061478362160186e-01,-1.103281723218198229e-03,1.377776850347868232e-01,9.379988588013585815e-01,-6.364402330970198030e-01,1.453699524307044411e-01,-4.647061700912973881e-01,-1.496842493941206165e-01,-1.438406831319909429e-01,1.127018345727854864e+00,-5.802383955760077594e-01,1.008915542594357312e-01,-8.851742478010486692e-02,-5.288138969599219530e-02,1.346814176368814342e-01,-9.056958717235914502e-01,8.735446904421673153e-01,-6.088501185535147853e-01,3.557435915925986625e-01,7.093111400002395650e-02,-1.487098967162260588e-01,1.187968230399501640e-01,-8.769812808505535184e-02,-5.546842885697760295e-01,1.600133680781145595e-01,-4.382241693947334094e-01,5.700960054126798238e-02,-8.205587573088861386e-02,9.013910368876243417e-02
1.260474202601034703e-02,-3.713295152956724854e-02,6.945674150573152295e-01,7.651318860854737156e-03,2.036753121699863903e-02,6.058628991234832339e-01,7.952715061269967078e-01,-3.455753206135322442e-01,-2.023863128772455250e-03,1.364683207210107829e-01,9.335581770083748454e-01,-6.331060047042758043e-01,1.461460211459699454e-01,-4.628628361230178734e-01,-1.517994333167277943e-01,-1.459926949765966708e-01,1.128584111532372924e+00,-5.719894982752313783e-01,1.007115205957670734e-01,-9.299726949975292700e-02,-5.085730006149928595e-02,1.338909135977172926e-01,-9.291539147686129763e-01,8.660179612994662879e-01,-6.288786449777759024e-01,3.922643287923854305e-01,6.622188338035502053e-02,-1.423466884347144301e-01,1.005621751946452203e-01,-8.728792885583835925e-02,-5.557951229268074389e-01,1.626435087773858701e-01,-4.353435780104961683e-01,5.934026843980379218e-02,-7.850510841164826115e-02,9.681779714128584124e-02
1.254547767869489648e-02,-3.729348117072962127e-02,6.952280018691443519e-01,7.679261534345984720e-03,2.087693529546542220e-02,6.062731564934050743e-01,7.949453076976293886e-01,-3.436775538773164662e-01,-3.199838123529797490e-03,1.368652794436578668e-01,9.265609218674650815e-01,-6.299627384272867836e-01,1.455192830197341303e-01,-4.627875204485430993e-01,-1.531325088197286188e-01,-1.466611924992527460e-01,1.126089515947760189e+00,-5.689342217578041705e-01,1.002829277412406045e-01,-9.714030315289896855e-02,-4.912900421789968830e-02,1.324757416799071941e-01,-9.516389569359138267e-01,8.597379676909194801e-01,-6.483495036909320275e-01,4.302350394687996515e-01,5.860415325577322115e-02,-1.380086224233170178e-01,8.155149941279252190e-02,-8.859490581036785772e-02,-5.553826050216544852e-01,1.666293657172649989e-01,-4.341062355632345215e-01,6.911891941938258510e-02,-7.738061096821219342e-02,1.050856415814169081e-01
1.242853413475981765e-02,-3.751079578266935943e-02,6.957416863017644726e-01,7.944507396217536169e-03,2.111012709001933510e-02,6.067725470758661421e-01,7.945554250343647151e-01,-3.424110574734359203e-01,-4.840378948041807600e-03,1.364518853164398693e-01,9.220619773926439500e-01,-6.264588437894056394e-01,1.462568436708075181e-01,-4.630898943566846282e-01,-1.547840583440274476e-01,-1.471060785016190253e-01,1.125694064158657914e+00,-5.648986113148189991e-01,9.936071187696129958e-02,-1.015754869551204753e-01,-4.817097708253749444e-02,1.301923285290504106e-01,-9.756349422082764011e-01,8.497437777605025833e-01,-6.668902468812893947e-01,4.743963270660342402e-01,5.417509861639883961e-02,-1.314933235346902041e-01,6.616956481414533464e-02,-9.000383533092815025e-02,-5.545167081059093617e-01,1.703251488278784698e-01,-4.314164199429024182e-01,7.786040017877988995e-02,-7.492343407870923067e-02,1.114055025038566821e-01
1.225051507942252760e-02,-3.779624719035746400e-02,6.959183575525289545e-01,9.232493941449378128e-03,2.065768229695291724e-02,6.070111839549129362e-01,7.943710995318205015e-01,-3.398242809164058187e-01,-7.106359570365990141e-03,1.366934209266185141e-01,9.203170461058819418e-01,-6.239192081667453982e-01,1.488406831403132902e-01,-4.637971898550669603e-01,-1.575774534770992830e-01,-1.463681554990999278e-01,1.130772493839015569e+00,-5.594643841047479693e-01,9.817068732818173826e-02,-1.040046436627131560e-01,-4.921012119424422737e-02,1.292969559646043043e-01,-9.957792322570840904e-01,8.432703785834035903e-01,-6.838690482612174160e-01,5.076594375753958888e-01,4.913986604611055020e-02,-1.280950267749802751e-01,5.350250722051893421e-02,-9.132367832874158098e-02,-5.551768050789580577e-01,1.734056649555828500e-01,-4.288408881195327482e-01,8.042701100196146535e-02,-7.135323298805183734e-02,1.172564799683173120e-01
1.205015157584319978e-02,-3.807889966254176389e-02,6.959635327278449468e-01,9.734900976407742310e-03,2.038442387361856165e-02,6.078560288896397434e-01,7.937258689930907218e-01,-3.393763702045901054e-01,-8.448161373003134494e-03,1.359099461984528134e-01,9.197991393571871566e-01,-6.223774302966769145e-01,1.477659869213630295e-01,-4.638084281063259984e-01,-1.593660898544641824e-01,-1.468112701179114521e-01,1.132683997925746144e+00,-5.576011906161424392e-01,9.618315855977020712e-02,-1.082285218375572400e-01,-4.768404935690722518e-02,1.296278557012827126e-01,-1.014513076214590415e+00,8.366911075746864546e-01,-6.963043752488919935e-01,5.403958500842057644e-01,4.299459521499970904e-02,-1.247881592951573249e-01,4.200822949482755503e-02,-9.305459909025649845e-02,-5.567933277815403370e-01,1.758746849523032396e-01,-4.303381749971242343e-01,8.526069752154755155e-02,-6.930649143807383894e-02,1.253991082445432281e-01
1.180926362045660837e-02,-3.836698150964185094e-02,6.959085842025365398e-01,1.016739787319976066e-02,2.018238705749441850e-02,6.082705928941717355e-01,7.934079537623264233e-01,-3.392483001598124992e-01,-9.468634096666598415e-03,1.357135809428559881e-01,9.199478519966788337e-01,-6.218479739766086256e-01,1.476846514736535054e-01,-4.641383749044871720e-01,-1.612338126128801119e-01,-1.474622031440344372e-01,1.134541476896677947e+00,-5.566311275433633021e-01,9.501771256532892673e-02,-1.117649296603241832e-01,-4.625091150971417930e-02,1.303725335946356867e-01,-1.032316520856403574e+00,8.283418887112341533e-01,-7.051291608161592839e-01,5.723187944718871600e-01,3.868186280616271039e-02,-1.191462396895335840e-01,3.286678476150375894e-02,-9.440682895576640865e-02,-5.592577987688305274e-01,1.772697127748394386e-01,-4.331661839985208595e-01,9.093702694856108104e-02,-6.663102961625930187e-02,1.318279046960042777e-01
1.152655625426722737e-02,-3.864635944112877752e-02,6.958196541260425194e-01,1.005322277529844752e-02,2.019963884429715889e-02,6.086022303463278771e-01,7.931546082069147463e-01,-3.408322406085237399e-01,-9.824757406697909659e-03,1.352507816495838178e-01,9.213599070436468974e-01,-6.215263818384599848e-01,1.479637205527133681e-01,-4.660132798075312111e-01,-1.618029841603164654e-01,-1.472870187192305003e-01,1.136815726267442539e+00,-5.548677273637316887e-01,9.446466038384439268e-02,-1.155595144743743058e-01,-4.477838999701910100e-02,1.297522739626290056e-01,-1.048281475841254862e+00,8.213868696293172844e-01,-7.145923234658345669e-01,6.019123613241920134e-01,3.299968486208613300e-02,-1.145252031414195071e-01,2.409251791090580991e-02,-9.490015801873406820e-02,-5.593437147819676492e-01,1.780557146377281796e-01,-4.344236157520736108e-01,9.724188312252607380e-02,-6.449986839248131321e-02,1.350280192888133890e-01
1.118871618367094090e-02,-3.895081466659677111e-02,6.956514408299910857e-01,9.583808807114783945e-03,2.003045566289102589e-02,6.092970672877087157e-01,7.926310713372786143e-01,-3.429372116633443435e-01,-9.706706091815524642e-03,1.340958387069621782e-01,9.233557183887642905e-01,-6.228152956632229120e-01,1.497347869297767364e-01,-4.684211415529986877e-01,-1.614424547822757849e-01,-1.469623372475021839e-01,1.139927786595574366e+00,-5.521690781349760657e-01,9.426228771523342820e-02,-1.190932107477874202e-01,-4.388472733167563672e-02,1.296163227706631782e-01,-1.064016980267222801e+00,8.146508548218633905e-01,-7.220333527674718255e-01,6.294888401974444436e-01,2.629497035323261414e-02,-1.098164570071920310e-01,1.742114404689408536e-02,-9.531277492042905530e-02,-5.607014399469336663e-01,1.777674230192728688e-01,-4.354171802839923999e-01,1.010417552469531077e-01,-6.190139031383716517e-02,1.366925635797816840e-01
1.077951011458735432e-02,-3.931031296169608391e-02,6.952447205257779039e-01,9.743801056375341746e-03,1.981418419091699606e-02,6.102022058241659552e-01,7.919379549264849993e-01,-3.450785612417827664e-01,-1.110546345320517075e-02,1.323164783845022507e-01,9.266940111917975065e-01,-6.238941969963307521e-01,1.497198213734992622e-01,-4.705604961397006347e-01,-1.629594673201577859e-01,-1.468930049339267629e-01,1.144758000626715067e+00,-5.512448441979771463e-01,9.262999259714786715e-02,-1.215643521340936256e-01,-4.261758617158982465e-02,1.306299481398116857e-01,-1.076523462118668117e+00,8.073755745909726445e-01,-7.267456504364525616e-01,6.513250000930298489e-01,1.842374585956042463e-02,-1.069611379245735128e-01,1.251264749521395839e-02,-9.656309243235890183e-02,-5.637324071223972499e-01,1.778060385431662338e-01,-4.381570356517366371e-01,1.022741560916348713e-01,-6.034282973128465843e-02,1.378538279367236274e-01
1.024768875868873469e-02,-3.971583714605673998e-02,6.946639768461417841e-01,9.970653587035274018e-03,1.922785051956116265e-02,6.104980454972429582e-01,7.917215497101804944e-01,-3.477040377012864947e-01,-1.170209462781432452e-02,1.310499558425419764e-01,9.328028660321766585e-01,-6.249778979268094670e-01,1.489639213842962884e-01,-4.730054136547472421e-01,-1.642064194135895716e-01,-1.468118031925742528e-01,1.150691395145885698e+00,-5.497531871265615155e-01,9.032909980040605691e-02,-1.240162485121313329e-01,-4.143310551994626445e-02,1.321981441662419821e-01,-1.090446336002526939e+00,8.001055361794997545e-01,-7.318420978215265382e-01,6.753520428637580508e-01,9.180626572979298447e-03,-1.024065874399401194e-01,2.815749539954316705e-03,-9.877097268113323170e-02,-5.660397940217914980e-01,1.782330303733620502e-01,-4.399295793732808102e-01,1.056215514964440605e-01,-5.715271694464017782e-02,1.417653590589640356e-01
9.593869127782995651e-03,-4.017803901866021793e-02,6.940653482729242096e-01,1.031361291389048390e-02,1.841844367904190219e-02,6.103219532530678171e-01,7.918721511067700058e-01,-3.497108913547998799e-01,-1.101496308453625041e-02,1.322443713163946044e-01,9.393807990751099624e-01,-6.264664627534933805e-01,1.499935987787303360e-01,-4.760223384420115278e-01,-1.653915298645933230e-01,-1.462482768919191045e-01,1.157943532594890357e+00,-5.464859115753172292e-01,8.997108850029506000e-02,-1.277716899928731942e-01,-4.168158281469255128e-02,1.342959363888353852e-01,-1.105887921521285566e+00,7.919248443008555238e-01,-7.373362716314373344e-01,7.026416926069849467e-01,2.504556971416974000e-03,-9.753516204497418574e-02,-2.480137101393413944e-03,-1.027243983809086603e-01,-5.665014873617365554e-01,1.802564156255818117e-01,-4.397892456758237811e-01,1.109952329272128058e-01,-5.378801861006522744e-02,1.432414591158932826e-01
8.855214542734256983e-03,-4.062882680674152758e-02,6.937787896850319269e-01,9.266834453262432630e-03,1.879114425253968976e-02,6.107754365903523830e-01,7.915266165674781362e-01,-3.541276677839310105e-01,-9.904822632846473768e-03,1.330773031069670820e-01,9.420389889076012935e-01,-6.274590448434645973e-01,1.464404321206068116e-01,-4.795861281026043699e-01,-1.659354434922089006e-01,-1.471272299962851360e-01,1.159156446801966833e+00,-5.458066970582987620e-01,9.204216914045866560e-02,-1.333541234839510370e-01,-3.985972900803938512e-02,1.348788624076867337e-01,-1.122141009618060403e+00,7.850730169311328499e-01,-7.459016682833218281e-01,7.305706077807945231e-01,-2.244558619075656420e-03,-9.270337880007153974e-02,-9.208260633664193395e-03,-1.062532350884740351e-01,-5.659384335007037192e-01,1.818257961380692067e-01,-4.418994225265929776e-01,1.247498800615496478e-01,-5.209289884414480820e-02,1.441781270653095803e-01
8.008659272678294444e-03,-4.113624071332108723e-02,6.935141959089077268e-01,8.319107545336192067e-03,1.797784435308003373e-02,6.116777802836439459e-01,7.908589524493853107e-01,-3.570746399379639557e-01,-8.835467721063717042e-03,1.313411466483779544e-01,9.455632111115708227e-01,-6.297538637739530376e-01,1.476524578919630459e-01,-4.822561539562364996e-01,-1.650639800335335916e-01,-1.475858116267119435e-01,1.162735728755590392e+00,-5.407589466859383798e-01,9.361467372990171787e-02,-1.368373629590108886e-01,-3.850746421612253473e-02,1.353140947589729082e-01,-1.138390871737000154e+00,7.733741121819507347e-01,-7.515189112347741007e-01,7.585673973653094260e-01,-4.510959640251115295e-03,-8.720559666397166565e-02,-1.198912205306528270e-02,-1.081001881515813723e-01,-5.686065951765553184e-01,1.820993425653015807e-01,-4.409987691335109927e-01,1.284497013170354252e-01,-4.969237446844892298e-02,1.399026334647334169e-01
7.081688308627247935e-03,-4.172652249095785276e-02,6.926071874753422231e-01,7.985062475991042824e-03,1.713881361730046349e-02,6.114746327489700706e-01,7.910380985449169122e-01,-3.616554963691379632e-01,-7.162324505023437426e-03,1.320833965229186169e-01,9.551584800195330738e-01,-6.341644899321158269e-01,1.475905554503417760e-01,-4.859267026247222065e-01,-1.647803239979037104e-01,-1.467079466920572783e-01,1.169159749670371840e+00,-5.403703877186271098e-01,9.523691700748690425e-02,-1.389062244239920030e-01,-3.947641595390499747e-02,1.369303965170475257e-01,-1.149770165091131835e+00,7.614406349710253208e-01,-7.509443179058215012e-01,7.850235370740042962e-01,-1.447267193427249563e-02,-8.186473946353355069e-02,-1.107948845128645110e-02,-1.098195593635381134e-01,-5.677447832666296934e-01,1.833903910797851644e-01,-4.413290103889599969e-01,1.357768448622236612e-01,-4.648845042508469028e-02,1.396244842424819721e-01
6.083004990598985147e-03,-4.225106074514391186e-02,6.924770393548869141e-01,7.323478183831832154e-03,1.628546246585414747e-02,6.102898008917416739e-01,7.919769626113386529e-01,-3.630436335462119413e-01,-4.629892295929128460e-03,1.338173298441097669e-01,9.580428942338290454e-01,-6.338532191342358679e-01,1.468973881986060659e-01,-4.882181467849857626e-01,-1.624753248252939208e-01,-1.452954409393544255e-01,1.170202108360286708e+00,-5.364436155917655658e-01,9.559326534096912464e-02,-1.416982760487817961e-01,-3.817878110335320985e-02,1.397700448518195693e-01,-1.167197878570546132e+00,7.521880055633020090e-01,-7.552079424543590713e-01,8.163315124339245443e-01,-2.132381382454652183e-02,-7.698198581723514344e-02,-1.544596880257900588e-02,-1.185645904677168627e-01,-5.688388068279685017e-01,1.865737524163676719e-01,-4.378666059616717621e-01,1.480513798236290923e-01,-4.294438586874035901e-02,1.398628803082626604e-01
5.109399530753931835e-03,-4.280527730005859871e-02,6.920104146035578330e-01,6.748225975128380009e-03,1.486746228477501403e-02,6.098138737558128630e-01,7.923764631703343886e-01,-3.648678873850341731e-01,-1.116944442468990190e-03,1.357885877590525592e-01,9.640102448171217198e-01,-6.364480575880742119e-01,1.469785704127978820e-01,-4.902662007395351407e-01,-1.611385403012468021e-01,-1.455443272101087371e-01,1.174024381462423161e+00,-5.319908920306279931e-01,9.666627699359095494e-02,-1.451929417476470474e-01,-3.776028967042367041e-02,1.413082427495754301e-01,-1.181554145791953836e+00,7.427659282877246971e-01,-7.576658962822487853e-01,8.456532642805543176e-01,-2.532353928750336394e-02,-7.276711515967751454e-02,-1.817529092600446775e-02,-1.246552865819856026e-01,-5.704334926367623515e-01,1.901412199219030819e-01,-4.342740524925053913e-01,1.564689295147814463e-01,-3.947119046400365816e-02,1.402998932532437126e-01
4.216522258446502372e-03,-4.333878111937139455e-02,6.918651393308203890e-01,6.060746035412726239e-03,1.408911683776751037e-02,6.099418295276332058e-01,7.922977525758285733e-01,-3.661855576561022230e-01,2.072005536342506893e-04,1.356889962359019430e-01,9.653981877224473429e-01,-6.386023236135326409e-01,1.472052086879347965e-01,-4.918688613308001001e-01,-1.600906243192773137e-01,-1.456257405448677933e-01,1.175325586286175117e+00,-5.291480994837647334e-01,9.652899458308734915e-02,-1.493555392811939109e-01,-3.620010371045065400e-02,1.426676585185463475e-01,-1.193648692370189224e+00,7.322121498938745088e-01,-7.595904851410016922e-01,8.731280946797710385e-01,-3.164053652297620783e-02,-6.893223935263234625e-02,-1.940061181406781132e-02,-1.306316177463212880e-01,-5.721378215067380868e-01,1.935302222096771663e-01,-4.310519324712092648e-01,1.574671163219042436e-01,-3.725984910593502925e-02,1.376718027414942647e-01
3.402756497357635815e-03,-4.388100478627794676e-02,6.914859163931840191e-01,5.402142154353394184e-03,1.347751805831465602e-02,6.096923626572057220e-01,7.925051395950729605e-01,-3.684088212128266981e-01,1.997083598762966483e-03,1.364298385745040254e-01,9.686667991010153855e-01,-6.412869600532576930e-01,1.464872107269648005e-01,-4.940420129349591405e-01,-1.590143149693269975e-01,-1.455129500276777232e-01,1.177146220848577007e+00,-5.282071274291538776e-01,9.666100730598516100e-02,-1.524643341317526990e-01,-3.607645433423374570e-02,1.456623188826938753e-01,-1.207636914426888142e+00,7.240402139613477672e-01,-7.613208350896520926e-01,9.006204459562577869e-01,-3.849703733262331562e-02,-6.437426207549977464e-02,-2.073723668979877977e-02,-1.374447007760953021e-01,-5.754765050402764759e-01,1.966569311848107016e-01,-4.287019279910208591e-01,1.592544660946858259e-01,-3.508467340926666594e-02,1.375547769117135000e-01
2.711809225438345430e-03,-4.445766003357316115e-02,6.907859764989233708e-01,5.036006516390808575e-03,1.249474361598357404e-02,6.094291182241070581e-01,7.927261001638110649e-01,-3.721983296167840627e-01,3.780871122995960523e-03,1.359948659958069850e-01,9.771105986248692643e-01,-6.444314017766049618e-01,1.463602974198164042e-01,-4.959058426544920573e-01,-1.581076999358652369e-01,-1.456442655982755074e-01,1.180798142629463365e+00,-5.287105772456824893e-01,9.634712801955040706e-02,-1.552042748161770180e-01,-3.536945833352508894e-02,1.459856854423503547e-01,-1.217619308823141955e+00,7.142246158165799219e-01,-7.638968226581132059e-01,9.286505463171632613e-01,-4.177640748739287757e-02,-5.922776886483285125e-02,-1.810096431476299755e-02,-1.418659967766717767e-01,-5.781018575733568587e-01,2.006260892947286656e-01,-4.275877106945149553e-01,1.575038188551859120e-01,-3.260112127945996585e-02,1.319205735005418711e-01
2.116253902043650943e-03,-4.501872942981414299e-02,6.905343034889424025e-01,4.110979451209125467e-03,1.183826980957865954e-02,6.088629131913282366e-01,7.931764672227963331e-01,-3.744085190625305870e-01,5.860227789439379290e-03,1.354111273636811053e-01,9.800011839160954752e-01,-6.461394619020982555e-01,1.473794878340014547e-01,-4.975495905786042616e-01,-1.548387139157928194e-01,-1.446500014226344277e-01,1.180370382874629476e+00,-5.276781938492933755e-01,9.652317212930652812e-02,-1.561466930833925737e-01,-3.267774162626760348e-02,1.485422054452668339e-01,-1.232485553610806361e+00,7.056087837512892147e-01,-7.665391363125327873e-01,9.570495304478920939e-01,-4.645219281854553323e-02,-5.710899694433287099e-02,-1.778594404058353798e-02,-1.518447614836133663e-01,-5.818833272067152063e-01,2.047615112737009579e-01,-4.247309855033116199e-01,1.598256371673300036e-01,-3.055758912546155739e-02,1.295926658103203621e-01
1.635082000471856870e-03,-4.565003930367150103e-02,6.901242047780300481e-01,4.121727306941603587e-03,1.048304368304312645e-02,6.088626427356613746e-01,7.931956879863205634e-01,-3.751880986672122553e-01,7.678087915128363819e-03,1.352791132252263162e-01,9.846300447446498794e-01,-6.482218937226735811e-01,1.485298067702525704e-01,-4.981449726415680401e-01,-1.540445245664916474e-01,-1.452246920004127695e-01,1.183817507105435318e+00,-5.253143128637413062e-01,9.501861375709766411e-02,-1.582985762022713627e-01,-3.104429602298856491e-02,1.509488767625671857e-01,-1.243083693054241490e+00,6.973015939797909679e-01,-7.697833791732746622e-01,9.842162414452065855e-01,-5.177486673221706054e-02,-5.431848557048379184e-02,-2.002964904790954792e-02,-1.605543803848291928e-01,-5.825680873964012019e-01,2.092301226120645563e-01,-4.206143259387511435e-01,1.579399089509240239e-01,-2.848249035543632193e-02,1.260148075120244016e-01
1.308986573955451573e-03,-4.634486990879559121e-02,6.894120107471393144e-01,4.185559098156798816e-03,9.923475661499934000e-03,6.089826012329270233e-01,7.931104570748065408e-01,-3.785603212234964210e-01,8.298472268472674093e-03,1.346462082625938250e-01,9.913683363395593418e-01,-6.511950351209686572e-01,1.481143526268658139e-01,-5.004034134776617071e-01,-1.546644690058341376e-01,-1.459103980846797322e-01,1.188541297988458201e+00,-5.263100051836352433e-01,9.423021123842745261e-02,-1.583091934873683826e-01,-3.105374704522412960e-02,1.518502182242262577e-01,-1.250082337052680570e+00,6.901051987859454506e-01,-7.716360091921540265e-01,1.003994374786932653e+00,-5.500487948336424404e-02,-5.158253266529778946e-02,-1.963529664333301880e-02,-1.644672253589339606e-01,-5.812488368725367005e-01,2.113184718290997688e-01,-4.202244855248866151e-01,1.551200699724567533e-01,-2.733376114700542675e-02,1.228254109240237008e-01
1.063062593813041742e-03,-4.704501229488815967e-02,6.893103173721354393e-01,4.484348369320670380e-03,8.946578457525474273e-03,6.089162741135223378e-01,7.931713689192966266e-01,-3.780668487971927672e-01,1.008517618501068337e-02,1.359349779932303715e-01,9.928038031212067516e-01,-6.502487350561537705e-01,1.465203351948181354e-01,-4.995557836087661241e-01,-1.542223885335484157e-01,-1.465242510617722205e-01,1.188609640830328606e+00,-5.254433404794718321e-01,9.337477567994954819e-02,-1.579708311175976876e-01,-2.950252156297750519e-02,1.566694323989462068e-01,-1.259867730709969935e+00,6.851757863663296977e-01,-7.729749957860677645e-01,1.021488357711095141e+00,-5.791572703334648548e-02,-5.008830148758437045e-02,-2.015720631943137414e-02,-1.735631172951546120e-01,-5.796468828989985722e-01,2.117550633373638524e-01,-4.175312508242770559e-01,1.545820144729657397e-01,-2.644296356082509805e-02,1.175037065639497336e-01
9.924334495843439592e-04,-4.780058052518770112e-02,6.887289022057878629e-01,4.788355172930634437e-03,8.251104872494290782e-03,6.095340358141543291e-01,7.927024978560552881e-01,-3.808213804966625315e-01,1.053399757520370045e-02,1.348470860208713928e-01,9.989945231029171424e-01,-6.520961062799978114e-01,1.469841783881149222e-01,-5.001064461696582697e-01,-1.551371705006061585e-01,-1.480516883579872101e-01,1.191942960973609633e+00,-5.274027465677580961e-01,9.217918903721604440e-02,-1.578955723391458899e-01,-2.945672817971068530e-02,1.580261746910253395e-01,-1.263162367931093710e+00,6.804181715418061716e-01,-7.762736976935092903e-01,1.032053094142678207e+00,-5.929026485497958243e-02,-4.754141976486001703e-02,-2.103735162983398979e-02,-1.761210631753447886e-01,-5.774262572452002473e-01,2.121558897585388570e-01,-4.184098654457198974e-01,1.506881814171917577e-01,-2.517060643738738140e-02,1.140596964587037437e-01
1.031602438324792865e-03,-4.853709268025744455e-02,6.887424408954236910e-01,5.162710445900667994e-03,7.090681735236687225e-03,6.100044903645496230e-01,7.923494118054655866e-01,-3.796330113057359568e-01,1.254304954030389073e-02,1.354852229816013720e-01,9.996327036762496787e-01,-6.507949007460477331e-01,1.447150920587118861e-01,-4.975180000680591297e-01,-1.550763503832087442e-01,-1.503525387406373093e-01,1.190625668491650746e+00,-5.271906014409386554e-01,9.141330503276585973e-02,-1.578820834463493805e-01,-2.750821023609667862e-02,1.623548558952642995e-01,-1.269152010486785498e+00,6.777363446841502270e-01,-7.764767152129227190e-01,1.042482748840815265e+00,-6.168828656570873870e-02,-4.443958251135584486e-02,-2.489120186280645297e-02,-1.848157103816734370e-01,-5.778516380780354122e-01,2.133362145637301976e-01,-4.171504684849791089e-01,1.461337305932714492e-01,-2.484813504485684429e-02,1.104489039373542786e-01
1.273625431079796009e-03,-4.931745182158461804e-02,6.882588464187594512e-01,5.633778266227839997e-03,6.880035429584488264e-03,6.105152185740101434e-01,7.919546032093396359e-01,-3.822761184678810653e-01,1.274620072526100323e-02,1.350196610379068296e-01,1.004566755825404112e+00,-6.518935669593296511e-01,1.447178806919810490e-01,-4.979163005445362833e-01,-1.557971337254793198e-01,-1.511608412051931305e-01,1.192530583014413503e+00,-5.310334023906545520e-01,9.063433674336592027e-02,-1.570265096008376104e-01,-2.753183380063976837e-02,1.630035884623771414e-01,-1.268630927285878007e+00,6.771521692486388577e-01,-7.791635586220960752e-01,1.043979895715694717e+00,-6.055392579293334548e-02,-4.289019230128212484e-02,-2.611954975143437191e-02,-1.875016526555543239e-01,-5.770260292531587121e-01,2.149918787022694344e-01,-4.203601370431609419e-01,1.372323715121079313e-01,-2.381798253412075253e-02,1.084667520700940135e-01
1.654510119682501851e-03,-5.006428485334347978e-02,6.881810219300019682e-01,5.830674997989805479e-03,6.390254745378255372e-03,6.110730268178981017e-01,7.915269570702999635e-01,-3.828210778842640605e-01,1.364543198505148436e-02,1.340822898722894563e-01,1.005663535959318677e+00,-6.510187364107666852e-01,1.450156360482025286e-01,-4.969403572502242850e-01,-1.553028371956396703e-01,-1.527805483329064684e-01,1.191829260969702542e+00,-5.321281189645807874e-01,8.806603789046268949e-02,-1.550174882785379515e-01,-2.594764147689744560e-02,1.649717920832938223e-01,-1.268656522842594558e+00,6.789468374758137470e-01,-7.802674713610904256e-01,1.038891774653489808e+00,-6.134260453690278114e-02,-4.082846515902026352e-02,-3.139474082723289761e-02,-1.935654436980820403e-01,-5.790546019817086609e-01,2.161385337402188245e-01,-4.216772545171343367e-01,1.299635098168814284e-01,-2.041209156081061349e-02,1.081435719527100020e-01
2.201176024775598240e-03,-5.082495591552210062e-02,6.879536324786038604e-01,6.540001846749816244e-03,6.035726786875444082e-03,6.113520080003213009e-01,7.913087391732592790e-01,-3.836316785287421927e-01,1.478276709435986068e-02,1.348245294161664054e-01,1.008560191511283177e+00,-6.498215499313128030e-01,1.446319013225054184e-01,-4.964424287240346012e-01,-1.561548887195432223e-01,-1.544052166493385947e-01,1.192872832626380442e+00,-5.334413268315492118e-01,8.702158137669450955e-02,-1.526023753694779883e-01,-2.515822217586618365e-02,1.658404407368204159e-01,-1.264445016631049690e+00,6.837054056207992891e-01,-7.816135025888659715e-01,1.028298988966890537e+00,-5.690894199566701867e-02,-3.968092579639454637e-02,-3.586069968831880062e-02,-1.973843865550805599e-01,-5.811632718319774682e-01,2.176330524857680859e-01,-4.253434265262120428e-01,1.208896138844612750e-01,-1.798681396398178062e-02,1.105999540520279517e-01
2.939104553390336702e-03,-5.152533362237268072e-02,6.880767345211949992e-01,7.148765217308644671e-03,7.532967243097660713e-03,6.117209366062998921e-01,7.910054647585521570e-01,-3.861733697408763488e-01,1.236949054764841655e-02,1.341316603260084284e-01,1.007126064431625334e+00,-6.456285735616287269e-01,1.420543931358484169e-01,-4.976059339678681193e-01,-1.585636299433083596e-01,-1.552885519961278438e-01,1.190873491922304739e+00,-5.381157008395822672e-01,8.415314244519120357e-02,-1.490461475118736168e-01,-2.393977333859175632e-02,1.645010681428500376e-01,-1.255907807525258324e+00,6.928975445132644628e-01,-7.835112068383519590e-01,1.005991154879561256e+00,-5.127354442770742926e-02,-3.869091860946376887e-02,-4.328229332553158726e-02,-1.965208434480872624e-01,-5.826609959295881991e-01,2.169433149095144620e-01,-4.341960365482548934e-01,1.111269173878046690e-01,-1.639021809920826120e-02,1.167045252336981892e-01
3.827409785340474008e-03,-5.222266287131257373e-02,6.878059958604844093e-01,7.712879434608591045e-03,8.108710777192855088e-03,6.130771936052039628e-01,7.899437416560282088e-01,-3.889795839714869641e-01,1.151509770283837622e-02,1.330384005069663034e-01,1.009365948933801160e+00,-6.440035646673197833e-01,1.441275250612253367e-01,-4.989767511277318213e-01,-1.614083430796214580e-01,-1.579974790417659758e-01,1.193966393763794542e+00,-5.396627884060946068e-01,8.189791740430800437e-02,-1.433655663949198189e-01,-2.532940207000677901e-02,1.615263336375483139e-01,-1.242583440350803592e+00,7.024182087059474000e-01,-7.850076897992688263e-01,9.681930813124910440e-01,-4.067959202468646174e-02,-3.951868123526505738e-02,-4.763417277751497148e-02,-1.890022077753775176e-01,-5.847581403535550004e-01,2.112661379765024272e-01,-4.423482729693737348e-01,9.058042008800207268e-02,-1.442992274101884825e-02,1.190399578886667115e-01
4.838825071732604823e-03,-5.284857486678091326e-02,6.875066739201983745e-01,7.990280255931122427e-03,9.393392411586544768e-03,6.144502127968467509e-01,7.888592115164421159e-01,-3.928830922335231901e-01,9.721533203592614206e-03,1.311731481751138295e-01,1.010621657591823430e+00,-6.431902774618786234e-01,1.456031314027210477e-01,-5.020755315837928112e-01,-1.635424881785747797e-01,-1.592910329203356679e-01,1.196987943892980688e+00,-5.420297429378042597e-01,7.804532094904158279e-02,-1.371572863309272472e-01,-2.576213675991322408e-02,1.598675989686431931e-01,-1.224383000983520597e+00,7.188022725807156066e-01,-7.852073252093659805e-01,9.199226142895126079e-01,-3.412530750016194714e-02,-4.335789837453737222e-02,-5.081708965960586577e-02,-1.803657993911309265e-01,-5.847483417206869039e-01,2.055554331054884054e-01,-4.532789123020949384e-01,7.696206275431501098e-02,-1.241807532714091049e-02,1.234019315258966382e-01
5.917646707967638871e-03,-5.338146702857371473e-02,6.872684832947425493e-01,7.921208257614937090e-03,1.051150800849240743e-02,6.151463326130544029e-01,7.883030839289133507e-01,-3.970988255251802213e-01,1.007813740325104110e-02,1.307715362648834700e-01,1.013119510471168327e+00,-6.415238920611259221e-01,1.469504694950737878e-01,-5.043241437457810505e-01,-1.638651925208395588e-01,-1.603783139209615516e-01,1.197488205633849390e+00,-5.451192846582544327e-01,7.672117319252888534e-02,-1.285772946830249508e-01,-2.640390456841057790e-02,1.555099608766592756e-01,-1.203435660301757748e+00,7.384016821033833056e-01,-7.836166207161472386e-01,8.635187155191490493e-01,-2.251068173486590190e-02,-4.642401681781466172e-02,-5.325695465405353574e-02,-1.676463954043924676e-01,-5.871141481067404522e-01,1.976009768341785711e-01,-4.617111274129467868e-01,5.803518478895723642e-02,-1.233006825288825679e-02,1.295133828840011048e-01
7.057362178758833440e-03,-5.385107512666573171e-02,6.868024015056236609e-01,8.625127123117684244e-03,1.104112366128723668e-02,6.152309884826959729e-01,7.882223871351344835e-01,-3.984972064912469802e-01,9.712798361228338825e-03,1.297750891821388142e-01,1.015411266852193739e+00,-6.428107334311748966e-01,1.461084438050819778e-01,-5.043009863598637565e-01,-1.645160628899577093e-01,-1.614423218862857112e-01,1.198195810711606635e+00,-5.517021884809222287e-01,7.462612580097247039e-02,-1.215756671522245647e-01,-2.686231780587723661e-02,1.538752662167088281e-01,-1.177742934451514234e+00,7.582792173584887996e-01,-7.724814771826016280e-01,8.031768605051710086e-01,-8.784443763266097313e-03,-5.217175366846223822e-02,-3.953835970704536878e-02,-1.581877046456423019e-01,-5.851475933474215019e-01,1.922353507965770536e-01,-4.690495952223022180e-01,3.406936199033578500e-02,-1.716235555436760457e-02,1.208598093327632184e-01
8.212976834334168030e-03,-5.419965755748323843e-02,6.865684143938458606e-01,8.233884756890014547e-03,1.157126162989469478e-02,6.154509071768012873e-01,7.880472637484082776e-01,-4.014237132416715315e-01,1.060895032032526351e-02,1.271273540388543344e-01,1.017751855870298261e+00,-6.435443064140501379e-01,1.461643650192618882e-01,-5.033359535466138679e-01,-1.622132465311652283e-01,-1.629154530123618216e-01,1.194540210191678886e+00,-5.595428467702495690e-01,7.179967535558863523e-02,-1.152021734061006442e-01,-2.610366358906665574e-02,1.525711060305506572e-01,-1.149242976388419990e+00,7.790119844854024311e-01,-7.627779064342780080e-01,7.424746485149580355e-01,1.249406984903126501e-03,-6.073793110559244646e-02,-3.351101299766249403e-02,-1.460574210279090013e-01,-5.830109108313542565e-01,1.859927305982612411e-01,-4.736926470021857738e-01,1.445191822813009924e-02,-1.813546035361457073e-02,1.262427903943665330e-01
9.306712827834190058e-03,-5.453107762979123724e-02,6.858090136093382139e-01,7.974226367798264992e-03,1.144044741498639016e-02,6.155853219555753597e-01,7.879468505360186503e-01,-4.049718967641624534e-01,1.297299939645578382e-02,1.256092037097429337e-01,1.024848532123593170e+00,-6.468181075020283943e-01,1.506269374304224362e-01,-5.052419387740995083e-01,-1.591120321321251307e-01,-1.624933477117376790e-01,1.198213973089250928e+00,-5.622059958409340030e-01,7.078485540439712065e-02,-1.087866060927503986e-01,-2.814643284282082603e-02,1.510964917134054453e-01,-1.116480725178329747e+00,8.042813582220159629e-01,-7.481502752969889647e-01,6.712766124383565680e-01,1.774994726002639828e-02,-6.731441236900943814e-02,-1.521003255646076469e-02,-1.353358918825516011e-01,-5.862876243712431545e-01,1.801362509475906426e-01,-4.770299234913187303e-01,-1.175437832363383263e-02,-1.962968628362157103e-02,1.223097506628124109e-01
1.030093594865118950e-02,-5.481348419930340277e-02,6.846081757110303867e-01,7.978559606097633539e-03,1.115570195520486363e-02,6.149761203658491437e-01,7.884264482374162553e-01,-4.089408320096902805e-01,1.643449256427986088e-02,1.256403293622181672e-01,1.035184336378453418e+00,-6.507924052291019779e-01,1.489660961999146604e-01,-5.056497658267755657e-01,-1.578861886241627321e-01,-1.646953579044425076e-01,1.201184041071453379e+00,-5.711064110561648866e-01,6.670285662532193793e-02,-9.974620129644136413e-02,-3.022201351853371493e-02,1.494254581065653786e-01,-1.082224479090442060e+00,8.319384328150555286e-01,-7.267672477808760911e-01,6.002218202670550617e-01,2.680273188162855466e-02,-7.463504682595922812e-02,-1.261014195855583025e-03,-1.248114006136503695e-01,-5.887050174143261261e-01,1.722644134443020725e-01,-4.807271742268596770e-01,-2.801697561143192197e-02,-1.852415383693490833e-02,1.286572672600186373e-01
1.113101705379395019e-02,-5.509221599855927687e-02,6.827104875779407278e-01,8.829088017109317996e-03,1.134851523139313381e-02,6.131932362749458187e-01,7.898020722899424806e-01,-4.161798158255778923e-01,1.732346569732835448e-02,1.250205829256604839e-01,1.052987197305559341e+00,-6.534919411619549701e-01,1.477589374520802967e-01,-5.071642237916922369e-01,-1.573825217047874481e-01,-1.639903961353121886e-01,1.206025183689718228e+00,-5.877125756635346310e-01,5.980114784034851194e-02,-8.734617603381654438e-02,-3.388844694425538484e-02,1.484783619168068836e-01,-1.046768676852388502e+00,8.568139618442884853e-01,-7.081499001170044050e-01,5.273070600757227000e-01,3.427212721443301247e-02,-8.141399596883505674e-02,1.091018843166205801e-02,-1.139175048425778991e-01,-5.893046372980798031e-01,1.628402841535306622e-01,-4.859712337301729246e-01,-5.116504310761620794e-02,-1.704655672950036727e-02,1.356201196258987884e-01
1.181499945124724407e-02,-5.521695731222631826e-02,6.818718004157998669e-01,8.929558500988671321e-03,1.119160876733612392e-02,6.117524247276422411e-01,7.909197062395313393e-01,-4.196073714698689283e-01,2.149487855255557273e-02,1.274566281291501235e-01,1.062924619925577296e+00,-6.523382874231381523e-01,1.429879512143004683e-01,-5.050652397445939412e-01,-1.552976754640928991e-01,-1.649794438620409698e-01,1.203167662341360522e+00,-5.994575364543388574e-01,5.794518303626013805e-02,-7.626132116240313952e-02,-3.785255473947665705e-02,1.493979128875990992e-01,-9.989757490351014457e-01,8.927831800140110241e-01,-6.773874023772235020e-01,4.334578879579554789e-01,5.279851201196739813e-02,-8.723387836093565717e-02,3.103741892208347619e-02,-1.021408699432284906e-01,-5.912164709493442638e-01,1.487610887794647008e-01,-4.910885416482025922e-01,-7.548788634880890247e-02,-1.959315345366848329e-02,1.382545359616424441e-01
1.224401228093207478e-02,-5.529128864810706895e-02,6.807100923532773962e-01,9.113158621824320876e-03,1.011571664832309168e-02,6.114140652019526279e-01,7.911936953046623255e-01,-4.224717010697645603e-01,2.420406143838761334e-02,1.266479702181060596e-01,1.074329752547308114e+00,-6.551831010938374833e-01,1.430873048810151205e-01,-5.033571350200695127e-01,-1.532191392535335317e-01,-1.656431600993830966e-01,1.205499991853632658e+00,-6.084735249599002582e-01,5.399325863774925155e-02,-6.702019361012179210e-02,-3.998386733091197076e-02,1.492306252222784513e-01,-9.513531132003929525e-01,9.201267312650555086e-01,-6.460173443474144239e-01,3.477307513780932835e-01,6.688274262551119342e-02,-9.101489739920130828e-02,5.011522348671761801e-02,-9.154515568566883033e-02,-6.000241797397272148e-01,1.360893652999838610e-01,-4.967397446875077005e-01,-1.028757278828087013e-01,-1.929116983750930533e-02,1.393708900423560604e-01
1.240756839936798910e-02,-5.532723925042791480e-02,6.791778622796161846e-01,9.265996821026842301e-03,8.816564531423654039e-03,6.104908449599363296e-01,7.919200323977660938e-01,-4.263960609781146105e-01,2.840266312925929237e-02,1.276535867259039891e-01,1.089703631806306916e+00,-6.583349330782588549e-01,1.416649180612530312e-01,-5.024215156757081413e-01,-1.519441630676782451e-01,-1.672437452149160286e-01,1.210144050768662494e+00,-6.187761916896302727e-01,4.872023175769649161e-02,-5.704670924519014696e-02,-4.338807815132345730e-02,1.498784156027454517e-01,-9.025916492445793526e-01,9.465358310234719408e-01,-6.150347490145300355e-01,2.651934485783552509e-01,7.854970017267794147e-02,-1.014738452019477155e-01,7.076415843537481321e-02,-8.234569502627984983e-02,-6.051957331332912249e-01,1.241963866236219238e-01,-4.993749789412837425e-01,-1.265763188315850163e-01,-1.910123252595245097e-02,1.393050873032160852e-01
1.233669141001874844e-02,-5.530789029571660242e-02,6.779408602146594909e-01,9.225593023708289486e-03,8.038712953500913583e-03,6.090262129509087519e-01,7.930556975812520504e-01,-4.306649448329700203e-01,3.278390023513914897e-02,1.301267465485144437e-01,1.103562895676210687e+00,-6.589790396150113638e-01,1.383278519350254476e-01,-5.026573510539421585e-01,-1.496888180754624431e-01,-1.665688214839187165e-01,1.213097744064776107e+00,-6.278140927674461524e-01,4.303800064870502706e-02,-4.807747179543948868e-02,-4.557390543403136429e-02,1.509051920851090245e-01,-8.486976294555287348e-01,9.716425544683890969e-01,-5.796177023274318163e-01,1.808234060359979467e-01,9.336143854593545455e-02,-1.086218405244475799e-01,9.144297900729199402e-02,-7.372793012508864485e-02,-6.114011200477799113e-01,1.109367380458541885e-01,-5.039382985732897557e-01,-1.526929572536624702e-01,-1.895536441166921493e-02,1.384989724519825605e-01
1.205506168396631647e-02,-5.524641825160529068e-02,6.766963710030535761e-01,9.039636734303517496e-03,6.393811173961153754e-03,6.083850295969589483e-01,7.935647799069024400e-01,-4.326767472618765487e-01,3.706186214779547128e-02,1.311024161014465172e-01,1.115021122505534423e+00,-6.630947136572375999e-01,1.385132910307619869e-01,-5.022131189777087057e-01,-1.476691399501868229e-01,-1.671062507333593572e-01,1.218116065883886545e+00,-6.326658350068502523e-01,4.019929827150980906e-02,-4.169780564213282359e-02,-4.753497146906021653e-02,1.516158677858225334e-01,-8.017507613249292842e-01,9.884170077398715115e-01,-5.476196055393750539e-01,1.144314678908457256e-01,9.853702392314257763e-02,-1.116228605962125697e-01,1.065329224801894598e-01,-6.708267274898288557e-02,-6.195517950367314119e-01,1.030958978556638234e-01,-5.056337200226641571e-01,-1.709684186971747177e-01,-1.732315169181703265e-02,1.337175560617655523e-01
1.161205244191544465e-02,-5.515532771655518723e-02,6.762088485792434600e-01,8.546076351429052198e-03,6.379101372530953003e-03,6.070077709654646547e-01,7.946243374275748783e-01,-4.361896912075896027e-01,3.912551645157866936e-02,1.324698387105470998e-01,1.122183097962845100e+00,-6.615599426254380466e-01,1.359357826102429723e-01,-5.031391925251352815e-01,-1.458619093957745916e-01,-1.659234264966953920e-01,1.217574616614920613e+00,-6.378224203999276476e-01,3.792099091878276679e-02,-3.554185709423653139e-02,-4.754583367896861312e-02,1.512254352875739005e-01,-7.593476151703656418e-01,1.004368645985818542e+00,-5.177003479794649587e-01,5.769584846255125521e-02,1.109740797095388476e-01,-1.181075041156842143e-01,1.189401652401438914e-01,-6.166003445667028043e-02,-6.285172565831576019e-01,9.638980651058109972e-02,-5.084423700278336566e-01,-1.845733402401759093e-01,-1.756893087232012929e-02,1.370653577541079970e-01
1.104659063227728284e-02,-5.513128792738843098e-02,6.752135921275733699e-01,8.464592466759263134e-03,5.785904951946860449e-03,6.067938265566829026e-01,7.947931341116106774e-01,-4.385266246916676436e-01,4.204318909463433673e-02,1.356514018980185809e-01,1.129929402313335496e+00,-6.649779647317104470e-01,1.350460882971888654e-01,-5.046638746764068317e-01,-1.468629033597686206e-01,-1.665172631335149478e-01,1.222884109730562496e+00,-6.415157704891431001e-01,3.574662998487600912e-02,-3.019082865847183550e-02,-4.992506150114003199e-02,1.501728917689632847e-01,-7.239933451500840667e-01,1.017432624705052246e+00,-4.960107458854162155e-01,1.331625023528523744e-02,1.185060410413077275e-01,-1.253803815449934522e-01,1.304965238255295923e-01,-5.418710538544763144e-02,-6.359554612104623139e-01,8.912081784431982734e-02,-5.106778696706831822e-01,-2.025245850913400258e-01,-1.708033643822625194e-02,1.373282142901671443e-01
1.038821421309654193e-02,-5.509218132391539846e-02,6.749889055381437242e-01,8.103738357284041849e-03,6.171258959195760792e-03,6.064298008243492744e-01,7.950717839664762643e-01,-4.401486495547182187e-01,4.277665489146466327e-02,1.382471415537178117e-01,1.131170214429847221e+00,-6.645094118472114619e-01,1.322653549729187750e-01,-5.061860504632145208e-01,-1.474137926228761830e-01,-1.658616515134613834e-01,1.222679158020568702e+00,-6.433957572474794384e-01,3.496081553603334890e-02,-2.710292473999396587e-02,-5.022355975300830944e-02,1.506908146238936930e-01,-6.911690625039372815e-01,1.027662799819021089e+00,-4.720428510580711445e-01,-2.570736645921907829e-02,1.243714470766120878e-01,-1.305769459091086215e-01,1.354604521212061097e-01,-5.245297169741588994e-02,-6.440899823543847491e-01,8.435013720273126792e-02,-5.115047788496420722e-01,-2.090878231864348458e-01,-1.892242032269537619e-02,1.390782460585584801e-01
9.670529050650626679e-03,-5.514192400568983243e-02,6.743117137963453578e-01,7.804771202062967331e-03,6.165757343718659446e-03,6.059835227661115598e-01,7.954150106195098102e-01,-4.430722237147406983e-01,4.381778509586331527e-02,1.401232395614240289e-01,1.136353135408525450e+00,-6.665512162150547537e-01,1.324958191103900174e-01,-5.092684807891567633e-01,-1.480867315154522357e-01,-1.651348558172934244e-01,1.226886308480876098e+00,-6.448714946266427273e-01,3.301525525229537239e-02,-2.393843726885251655e-02,-5.180737337387354702e-02,1.488079197777101847e-01,-6.635194844004259629e-01,1.034283255269274227e+00,-4.570803588500774728e-01,-5.822161971928418306e-02,1.335082088066517625e-01,-1.361845413218620571e-01,1.393325410797269792e-01,-4.804539038960135150e-02,-6.502620028787022832e-01,8.045974820144646822e-02,-5.123569219240866612e-01,-2.226701000981930745e-01,-1.894821458337405534e-02,1.406579823149153585e-01
8.921811544963884760e-03,-5.523450187254047572e-02,6.735636215903773039e-01,7.382641241193935167e-03,6.039452399835586356e-03,6.054162396496676202e-01,7.958518696286824845e-01,-4.456307309395501903e-01,4.482531841758376906e-02,1.414519352785619799e-01,1.140972600172846185e+00,-6.697527778954056599e-01,1.336434557970939685e-01,-5.124765281503705916e-01,-1.491371691525414933e-01,-1.655557901238507434e-01,1.231583234963061990e+00,-6.457972260273010523e-01,3.159353730392912979e-02,-2.085654707907939540e-02,-5.261981462102693907e-02,1.493003323110249914e-01,-6.418045785890518218e-01,1.039173137535729374e+00,-4.416040724063879930e-01,-8.142161853363284740e-02,1.388470546444300346e-01,-1.377085911619908010e-01,1.408971599874180025e-01,-4.666783178712629460e-02,-6.563126785916688632e-01,7.657082841373177851e-02,-5.129059063444216804e-01,-2.326552064448522139e-01,-1.816462738884942404e-02,1.453707827035288225e-01
8.194160466178622426e-03,-5.535846108355953199e-02,6.732854409732820233e-01,6.808094905760946058e-03,5.583677230779529599e-03,6.052878753820168933e-01,7.959579513440770970e-01,-4.467321902171048631e-01,4.641878567490315133e-02,1.428294897762169002e-01,1.142950880432867633e+00,-6.720529178068457288e-01,1.365603702810333220e-01,-5.140972220017008265e-01,-1.495739711365662583e-01,-1.665864043603363376e-01,1.233823446624121134e+00,-6.437918034519047872e-01,3.167740655662476534e-02,-1.811145148106853980e-02,-5.366680276499386643e-02,1.495727624519996857e-01,-6.229177968880674765e-01,1.043658936729019437e+00,-4.302447097387235297e-01,-1.033458540815935245e-01,1.429413007628837773e-01,-1.403690421367010666e-01,1.418707126341563485e-01,-4.446791247799380259e-02,-6.628895587169043591e-01,7.316115622895558168e-02,-5.108843827770062074e-01,-2.424446272455622053e-01,-1.678033764118078836e-02,1.477355715441368011e-01
7.515781551136779468e-03,-5.551779126651315566e-02,6.730764436741393242e-01,6.453378604564543458e-03,5.212519900373872341e-03,6.049763168262927149e-01,7.962002509545993423e-01,-4.476383339328205979e-01,4.780107042569468195e-02,1.443496964983020936e-01,1.144674420156240213e+00,-6.726997882638021675e-01,1.362712066235085562e-01,-5.154688503052519133e-01,-1.495991296553914607e-01,-1.666489220728754050e-01,1.235370397163924272e+00,-6.424588244736173515e-01,3.097109203090916626e-02,-1.555139263368897871e-02,-5.412805087464043347e-02,1.503498697573991405e-01,-6.060382412834820487e-01,1.046028500198981748e+00,-4.175782016268773100e-01,-1.210567326527108717e-01,1.481673245344780343e-01,-1.427311856363894793e-01,1.461171448102231429e-01,-4.434224414796993086e-02,-6.693470910237260263e-01,7.042674986572899920e-02,-5.091603702885220128e-01,-2.507594789054742868e-01,-1.585385198187268599e-02,1.495454064470001510e-01
6.911818693156600822e-03,-5.568148400758184124e-02,6.729618757200075407e-01,6.021740377275919091e-03,5.532317099772178504e-03,6.044337538877749827e-01,7.966134377924265486e-01,-4.490562878326293528e-01,4.844673658401349448e-02,1.461586635903061315e-01,1.144851277915876597e+00,-6.732691010486061556e-01,1.349387051912853686e-01,-5.176765262639169141e-01,-1.501970610665383232e-01,-1.666256496174340906e-01,1.235789897282328464e+00,-6.422502316328110306e-01,3.145113375580669418e-02,-1.300759825623280450e-02,-5.434857263916455239e-02,1.502150043885264463e-01,-5.925538440322788425e-01,1.048250386918432753e+00,-4.071368801044891184e-01,-1.352779147545252747e-01,1.535523289389972568e-01,-1.452548215706742918e-01,1.504445876366583557e-01,-4.456458138536012470e-02,-6.750074994893505709e-01,6.922814218212162973e-02,-5.083402588423800994e-01,-2.568637340797791935e-01,-1.607435244087992987e-02,1.504915067586216904e-01
6.387440918744520871e-03,-5.585526886180411377e-02,6.728046524503888959e-01,5.701466144448403411e-03,5.793494223122378807e-03,6.035629643606335026e-01,7.972739032231609402e-01,-4.506910080320675749e-01,4.949429791930261974e-02,1.482568693629788825e-01,1.146259787618133963e+00,-6.729920926643570001e-01,1.342976042349873222e-01,-5.198749323571831837e-01,-1.503591478082321464e-01,-1.661802244650205929e-01,1.236311656768142919e+00,-6.423365449639396596e-01,3.100930006894139779e-02,-1.061510684328441020e-02,-5.459532242768736637e-02,1.497888322616920953e-01,-5.799389036624372773e-01,1.049880877140546342e+00,-3.978280581598283017e-01,-1.483668825266167834e-01,1.583016273534059715e-01,-1.477331150217116584e-01,1.563408934169632503e-01,-4.566629536976603981e-02,-6.805661530900201095e-01,6.908521977923159918e-02,-5.079110913424236262e-01,-2.615654231730917822e-01,-1.722224245395435893e-02,1.492939619679601315e-01
5.940845478795878966e-03,-5.602947050783625704e-02,6.725102694998851272e-01,5.623271410275970314e-03,5.794244904962368541e-03,6.027677496777216204e-01,7.978758333807851599e-01,-4.516287745509205975e-01,5.048924237052423991e-02,1.503115810010810793e-01,1.148028310849906752e+00,-6.738304931879831594e-01,1.358138963386289755e-01,-5.226569356632044805e-01,-1.517404806146624707e-01,-1.667811676926824194e-01,1.239956183655860578e+00,-6.398952374721484926e-01,3.119593976718498807e-02,-9.083590754307941523e-03,-5.568882980911323693e-02,1.487870007347125434e-01,-5.704130693476753278e-01,1.053098118341733835e+00,-3.908294676333395890e-01,-1.589991326699951302e-01,1.653757069003242430e-01,-1.496126394662617709e-01,1.590003205950102083e-01,-4.769468223883219227e-02,-6.869328967014830534e-01,6.948077159498916577e-02,-5.058324295659918368e-01,-2.693753172230085591e-01,-1.641247331617118332e-02,1.520136772953719073e-01
5.597680152991783148e-03,-5.620071520911244789e-02,6.722220984479654327e-01,5.435661728379439714e-03,6.024054420449599656e-03,6.021917247676576990e-01,7.983102723698767278e-01,-4.536176034786658096e-01,5.010765520775962989e-02,1.502033115428851873e-01,1.150196072379573886e+00,-6.741514074261371059e-01,1.367280224898974883e-01,-5.251658083704340285e-01,-1.523152059581771023e-01,-1.666147209919627836e-01,1.242242149543503649e+00,-6.396680267729203395e-01,3.094432515429176161e-02,-7.040856095212167862e-03,-5.660905320116012274e-02,1.486313708681306078e-01,-5.631582896212848910e-01,1.053708172463442283e+00,-3.841042091836450734e-01,-1.676718584674070367e-01,1.718960231696883834e-01,-1.494931367853115090e-01,1.643667027425199378e-01,-4.933960106414246594e-02,-6.921896619316106891e-01,7.007234000001728857e-02,-5.054267117671236154e-01,-2.770939649086904266e-01,-1.571196312593452563e-02,1.530407822987855382e-01
5.340505865415427419e-03,-5.634925819588551543e-02,6.719186180147772580e-01,5.537209439963823587e-03,5.956014123659977150e-03,6.016257062986197779e-01,7.987367368088580388e-01,-4.548679076947150790e-01,4.978247336387106592e-02,1.500774596050936383e-01,1.152846265988340724e+00,-6.739731235337926840e-01,1.377016564643296914e-01,-5.271103405318995350e-01,-1.524779256751809808e-01,-1.657566029623762649e-01,1.245190455856306722e+00,-6.388981114625099655e-01,3.004917413869270110e-02,-5.059895402186124699e-03,-5.787508508178927646e-02,1.484247174339409225e-01,-5.559300557010622423e-01,1.053743166587042479e+00,-3.779355635626956977e-01,-1.758916743180555797e-01,1.776700158908314231e-01,-1.490263078250225193e-01,1.675867839926979130e-01,-5.079375014198325017e-02,-6.960044046700883946e-01,7.026103996604449176e-02,-5.043648920827209503e-01,-2.848095210117705389e-01,-1.448512562011354012e-02,1.544842754257967909e-01
5.183382699538823836e-03,-5.646936083218379726e-02,6.715284803127067326e-01,5.737710431983227000e-03,5.761442109792167844e-03,6.010669016688238164e-01,7.991573463230217111e-01,-4.559334637629076092e-01,4.955054954163593678e-02,1.497621951386006178e-01,1.156156060182511380e+00,-6.742322021006149635e-01,1.390170542001235576e-01,-5.285563184496813172e-01,-1.525737045412699500e-01,-1.650368204311025155e-01,1.248248516002413044e+00,-6.389165415511136592e-01,2.931226068598740200e-02,-2.548956712375065846e-03,-5.916623372965925526e-02,1.485733914502342379e-01,-5.487760600457598503e-01,1.053568889327180624e+00,-3.716023302295090591e-01,-1.846626126416164304e-01,1.805832971287341104e-01,-1.495061533798048015e-01,1.681887560138044246e-01,-5.188696165003319621e-02,-6.991778133288900632e-01,7.012428651475902108e-02,-5.042877562302512384e-01,-2.914939462028761086e-01,-1.332552417436900193e-02,1.584435236125589785e-01
5.132799336238481891e-03,-5.655249608471601269e-02,6.712064106105875005e-01,5.910512334867042659e-03,5.446695396015647887e-03,6.006875696728259939e-01,7.994434582844215376e-01,-4.565968748561127222e-01,4.954046616623475341e-02,1.491758497118060023e-01,1.159055475568276927e+00,-6.744200020604761425e-01,1.396811336641677059e-01,-5.292758063636046062e-01,-1.521961024785836447e-01,-1.643824651352114308e-01,1.250622029101702282e+00,-6.389903589186672894e-01,2.897440486442255311e-02,-2.491831592263855921e-04,-6.037289135077247154e-02,1.488959790813318140e-01,-5.412131282889079964e-01,1.054380044646636705e+00,-3.654869691148364685e-01,-1.940708516410022955e-01,1.830525790044763290e-01,-1.502975699573416701e-01,1.657773082617666482e-01,-5.294836328932212705e-02,-7.034358341281518046e-01,7.018502625585235077e-02,-5.049859127410400994e-01,-2.973626305961842853e-01,-1.176529875139830685e-02,1.648603780084192671e-01
5.199056895318058050e-03,-5.661052971193907685e-02,6.708738332514972980e-01,6.030507497675048796e-03,5.435416834177748784e-03,6.002328597821827705e-01,7.997840979044662513e-01,-4.578900438449267085e-01,4.907198810291594354e-02,1.480973658303424978e-01,1.162088477045759793e+00,-6.743602503086065791e-01,1.399855499246594748e-01,-5.297806305263083049e-01,-1.514938628624755146e-01,-1.635068184017749449e-01,1.251635851832042290e+00,-6.416788636052399575e-01,2.690946910798205569e-02,2.960416130893185182e-03,-6.105064826062479855e-02,1.500110027123464085e-01,-5.322481575334072623e-01,1.054309199891842352e+00,-3.580825327883541687e-01,-2.039797165599158690e-01,1.817360189285180394e-01,-1.501262942809628298e-01,1.622670694671516922e-01,-5.365610931419086821e-02,-7.065660770840879179e-01,6.961862438650084917e-02,-5.078095022975369632e-01,-3.010320771185702182e-01,-1.013996526122040720e-02,1.708843646116689485e-01
5.375730397948417713e-03,-5.666320711183402831e-02,6.706816299824206462e-01,5.943967560870528494e-03,5.344286675581629877e-03,6.000997853269556259e-01,7.998852139526679839e-01,-4.590945532686169228e-01,4.882448685742367400e-02,1.463597834051238722e-01,1.164409140684224964e+00,-6.741732442093046895e-01,1.402242017763766502e-01,-5.296056026008754136e-01,-1.504995599788462035e-01,-1.634127445167403714e-01,1.251548376114097527e+00,-6.437564614249845496e-01,2.559751387974453299e-02,6.366797616356950282e-03,-6.164185190119082086e-02,1.509095297867161789e-01,-5.227716707665797102e-01,1.053825858125486681e+00,-3.518974958713276813e-01,-2.153068053418303318e-01,1.786752306295136816e-01,-1.507217194910134006e-01,1.545766146550051068e-01,-5.555890370973834425e-02,-7.110067037265535017e-01,7.086560366175863324e-02,-5.111718097068222999e-01,-3.041544417984228255e-01,-8.437528513719457293e-03,1.792430545466091873e-01
5.629699542640180347e-03,-5.677221467522633458e-02,6.703491927090541314e-01,6.155875891725079083e-03,5.799743004295785515e-03,5.997422683799551457e-01,8.001485360178788309e-01,-4.608975937908951770e-01,4.719051246318835269e-02,1.445029089044659876e-01,1.166558425205163063e+00,-6.738196384122153715e-01,1.389936715657883737e-01,-5.305380937800244778e-01,-1.501227497175085523e-01,-1.622627909739805530e-01,1.252064315371890446e+00,-6.476157178828114702e-01,2.321420335771111690e-02,1.088897152382432842e-02,-6.150928104348475645e-02,1.523103260720395369e-01,-5.118862387610298992e-01,1.053048270586179003e+00,-3.456504325600865957e-01,-2.265311819286500161e-01,1.766290711322698881e-01,-1.499602341761962221e-01,1.462248210578831753e-01,-6.560125598998280128e-02,-7.175333057710961970e-01,7.500757484074274672e-02,-5.183054392832583401e-01,-3.059394798542597882e-01,-6.198939078857239847e-03,1.918776146656507031e-01
5.939919420366424931e-03,-5.700301444893178526e-02,6.701089877274917228e-01,6.154477002499415816e-03,6.103985374282912095e-03,5.997617718834146183e-01,8.001316646419153189e-01,-4.628740948733902072e-01,4.635445533753674435e-02,1.426811969060192975e-01,1.168585458952494216e+00,-6.736263786834872924e-01,1.390258542509662243e-01,-5.308309793771035512e-01,-1.486696523206645359e-01,-1.610924565568946087e-01,1.251294790208976604e+00,-6.519650663328039331e-01,1.968332543847010202e-02,1.714764484721511065e-02,-6.034376881207605819e-02,1.528629558357899876e-01,-5.010668625800368536e-01,1.050505490542277709e+00,-3.433930293510730203e-01,-2.396091867301024525e-01,1.707245015555291234e-01,-1.473547571647733090e-01,1.361380689034215330e-01,-9.406773618198388531e-02,-7.263431505197982530e-01,8.230430391380666455e-02,-5.246776487907169884e-01,-3.065641277577897394e-01,-1.870008968415761905e-03,2.014212025645885917e-01
6.244287441523322518e-03,-5.747565887190066863e-02,6.697007414232193367e-01,6.430740700838652631e-03,6.239874104642264760e-03,5.999366894739599498e-01,7.999972988505781313e-01,-4.648624218436538946e-01,4.525592232193881292e-02,1.408054421774435627e-01,1.171148491358811050e+00,-6.737911932058129327e-01,1.390317751716385331e-01,-5.323740734910136219e-01,-1.481732815901680433e-01,-1.603005824028935489e-01,1.253733683909633134e+00,-6.539378192222663477e-01,1.611074952896858481e-02,2.392512502486576417e-02,-6.016856753326954577e-02,1.543608280773868247e-01,-4.926474990690119515e-01,1.049392172198803763e+00,-3.429696552419828071e-01,-2.529786955632788437e-01,1.652944638087617546e-01,-1.441025407372077960e-01,1.226136615438573052e-01,-1.381526734179649163e-01,-7.421307910758099258e-01,9.035818477196073950e-02,-5.262026717623510264e-01,-3.018958909945504421e-01,4.789200091321502845e-03,2.147427457200522805e-01
6.493038366881403317e-03,-5.829158191618118157e-02,6.692148758992918500e-01,6.851830801769976526e-03,6.147953326021430610e-03,6.006955209562243603e-01,7.994248846437632672e-01,-4.671680331208892811e-01,4.416633038885932339e-02,1.388774712673400691e-01,1.173984722369315392e+00,-6.739616563966145391e-01,1.390758302826920478e-01,-5.342532239216680745e-01,-1.482155258543472742e-01,-1.599003948934952235e-01,1.257462260096462892e+00,-6.548078315790477610e-01,1.335355050011679222e-02,2.892275768039603151e-02,-5.933476862646677730e-02,1.559937883561817173e-01,-4.882501225733439365e-01,1.049872995391942787e+00,-3.446784257288185715e-01,-2.632868522772296438e-01,1.637224663774952127e-01,-1.418902110761844360e-01,1.067746920891903400e-01,-1.842058265582662280e-01,-7.635548810632399874e-01,9.977172495363359483e-02,-5.232541747161583157e-01,-3.006603128425050508e-01,1.207391906691457524e-02,2.313278156367601923e-01
6.688195457897554153e-03,-5.949588350581738738e-02,6.686932423299465356e-01,7.536082052585704391e-03,6.179176311333213316e-03,6.017973292924684303e-01,7.985893811614712678e-01,-4.700364333283297280e-01,4.246247816097564742e-02,1.372543551502091452e-01,1.176522167562841226e+00,-6.735668955883132858e-01,1.397232370737680751e-01,-5.371813949479374850e-01,-1.499473267846496150e-01,-1.604195985353030762e-01,1.262766057022209898e+00,-6.545341055411826314e-01,9.703552375252555429e-03,3.563538908029527386e-02,-5.958939751410990276e-02,1.571433025990137400e-01,-4.928336931383305863e-01,1.053475950673700146e+00,-3.543140176724342005e-01,-2.712497985048201721e-01,1.649723012594709604e-01,-1.414003477563774425e-01,9.110167959132962900e-02,-2.477781108468947446e-01,-7.928955250888746198e-01,1.147654579493894156e-01,-5.145247549570214352e-01,-3.029344928795502101e-01,2.012246877825654701e-02,2.484174377603844963e-01
6.849100981121532435e-03,-6.114885024622173509e-02,6.682159132304146265e-01,8.033655791361025977e-03,5.267283104479891960e-03,6.038285630673276838e-01,7.970563233093183042e-01,-4.735584297271536736e-01,4.151435722588754651e-02,1.338097452972948631e-01,1.180737095770662659e+00,-6.721742557271285223e-01,1.425348921160899396e-01,-5.396993758981500910e-01,-1.511414619412964622e-01,-1.624209029099603352e-01,1.269368610991141288e+00,-6.499467607214821641e-01,6.382725647327238370e-03,4.376044245806342409e-02,-6.104144575278434154e-02,1.589439571568524168e-01,-5.073389345536772899e-01,1.055912173650937147e+00,-3.717525779119369989e-01,-2.768652135663282055e-01,1.712123838427987710e-01,-1.409366729705447407e-01,7.514916589480385989e-02,-3.312919067016141250e-01,-8.246020288348647753e-01,1.345771497668466488e-01,-4.912712991104286053e-01,-3.046528106833983340e-01,3.017024242084483110e-02,2.583442910134263748e-01
6.967885681051053277e-03,-6.334111374776447978e-02,6.679967965268901464e-01,9.153159721154276174e-03,3.489606444762661727e-03,6.064916125929771251e-01,7.950295379219245451e-01,-4.752156784004634704e-01,4.117106128736137266e-02,1.310130331306425255e-01,1.183440859387658639e+00,-6.673997247921660270e-01,1.415906360065554703e-01,-5.409871483700952055e-01,-1.536047736118771878e-01,-1.657189520852891396e-01,1.276389556183846308e+00,-6.394692673500119717e-01,4.345610293398220400e-03,5.197601989636551484e-02,-6.184923879155701520e-02,1.647218588286268326e-01,-5.398871708342515285e-01,1.062451332739898335e+00,-3.996299029218456922e-01,-2.759183421382491730e-01,1.819245974616839623e-01,-1.413181719359336563e-01,5.673047458698256273e-02,-4.466409418740471260e-01,-8.626781333899907755e-01,1.742197553648272279e-01,-4.438009178313124803e-01,-3.040810099275161327e-01,3.745927867534085132e-02,2.645490581914930472e-01
7.146523899074623890e-03,-6.581592642806569082e-02,6.675191222283806125e-01,1.048381436913177825e-02,1.868221517092438517e-03,6.081634625082078527e-01,7.937403871888234486e-01,-4.773623709072474797e-01,4.014461112793091951e-02,1.273136182548924022e-01,1.186812422505055586e+00,-6.645930603426123406e-01,1.398401660751166231e-01,-5.415296132105406057e-01,-1.560604855724014028e-01,-1.694414121406699059e-01,1.281216325888803187e+00,-6.357077166025459913e-01,1.532872167119271774e-03,6.065325219146117802e-02,-6.352467403787456779e-02,1.675596810944974813e-01,-5.694736850746044965e-01,1.065349713379563079e+00,-4.273208065399635158e-01,-2.743163312958782907e-01,1.861408698813956375e-01,-1.417160827134738010e-01,4.064141488176119255e-02,-5.510872293458159987e-01,-8.950754134273810614e-01,2.196309127797352601e-01,-3.828738513332760607e-01,-3.056469810507309592e-01,4.282428565281583971e-02,2.593682795226337490e-01
7.435505894599962924e-03,-6.844319090546270579e-02,6.670469237363151338e-01,1.280097364556114468e-02,6.513633894935310330e-05,6.101398225963515776e-01,7.921903355337492902e-01,-4.781678735474322872e-01,3.843118246815746542e-02,1.250002275895299997e-01,1.189975976137764402e+00,-6.595651400080883020e-01,1.370087934334911495e-01,-5.426065405803897068e-01,-1.610044855040200784e-01,-1.729836126508555449e-01,1.289768948956143912e+00,-6.274702807784920955e-01,-1.647655441141682685e-03,7.400341097689386305e-02,-6.703903483437137489e-02,1.699450340234907597e-01,-6.047793083196261188e-01,1.066103654654865895e+00,-4.638226646519793550e-01,-2.746419328876011923e-01,1.920308943929670831e-01,-1.460905871223752983e-01,2.659609741785676565e-02,-6.744808209589446824e-01,-9.272811804454709206e-01,2.846963721530878511e-01,-2.851986125771150404e-01,-3.097899204596810674e-01,4.915637590746028962e-02,2.461437147465274644e-01
7.872980644729174471e-03,-7.106421965554503284e-02,6.663024498938056039e-01,1.538655564687463340e-02,-9.612057580473969045e-04,6.127616427883060268e-01,7.901173957812795967e-01,-4.792300830720609417e-01,3.578755718863939339e-02,1.242640971806912853e-01,1.191774592074340555e+00,-6.572865114857416868e-01,1.335378252824438727e-01,-5.434922721342594354e-01,-1.701052520264891565e-01,-1.794224118793807388e-01,1.298231749894093845e+00,-6.240496839415935471e-01,-5.597242514431648858e-03,8.941108297988181741e-02,-7.316319775488834554e-02,1.707490111534270272e-01,-6.437203283358308159e-01,1.065511267885929092e+00,-5.095482784076620364e-01,-2.753470723930554476e-01,1.868282216106881832e-01,-1.557967123081594740e-01,5.090195934983304804e-03,-8.163840318456181411e-01,-9.589737490465873870e-01,3.838587101212861397e-01,-1.377658548829336638e-01,-3.134922915321168291e-01,5.263896873072516913e-02,2.386415315419624095e-01
8.509368601237748617e-03,-7.354074064619019191e-02,6.658836569941360972e-01,1.856044050935858059e-02,8.829227720158427072e-04,6.154705881841534554e-01,7.879407881152796778e-01,-4.805436161904645398e-01,2.982370170071194440e-02,1.283946626050209705e-01,1.186275257875879285e+00,-6.545592988528727840e-01,1.277194898317784155e-01,-5.464800877010504987e-01,-1.842664333074080230e-01,-1.849590014533946392e-01,1.303346713026027448e+00,-6.266831544276493249e-01,-9.690479024001521363e-03,1.118720529188632073e-01,-8.190490793611497622e-02,1.694776611184297122e-01,-6.956263396257135190e-01,1.059302538751960565e+00,-5.728834452054366588e-01,-2.716078411632888989e-01,1.820981603409762839e-01,-1.700247683666718523e-01,-8.493012909484752571e-03,-1.036123295509007836e+00,-9.723838854164561507e-01,5.637109320010335045e-01,1.171924108744116788e-01,-3.085129340593050773e-01,4.973176191730017265e-02,2.323053665122148670e-01
9.062632439430019435e-03,-7.572943756145239513e-02,6.661415773996852696e-01,2.148225836118999518e-02,1.573942269083436138e-03,6.184042225515548052e-01,7.855649259048183009e-01,-4.800049088175409318e-01,2.381538665658815279e-02,1.295124700529086126e-01,1.180170580259496615e+00,-6.481654380620642808e-01,1.245535458176146026e-01,-5.465860742088172186e-01,-1.972217723233584685e-01,-1.916502749165185926e-01,1.307223506167082716e+00,-6.234364775883020071e-01,-1.087678189528215947e-02,1.250815010729532661e-01,-8.680081947217609117e-02,1.729086679947737237e-01,-7.244313925147131128e-01,1.045490779869139075e+00,-6.065310461244840523e-01,-2.697840887139490995e-01,1.751552197384630694e-01,-1.841192975245028451e-01,3.569171694200071014e-04,-1.214968376387268956e+00,-9.623482085689784027e-01,7.268912732356723749e-01,3.108993561518859083e-01,-3.049140683384128359e-01,3.581673459124487535e-02,2.294776299875327108e-01
9.606403626207784749e-03,-7.733615060570792066e-02,6.668764263446295137e-01,2.300989741646590828e-02,4.593723815437458086e-03,6.208091470180781002e-01,7.836105188810804645e-01,-4.827765420687822884e-01,1.614265777935275717e-02,1.302887244722821247e-01,1.170163665183014734e+00,-6.406148959427973022e-01,1.197628786106356702e-01,-5.505581622010279341e-01,-2.087502079346385542e-01,-1.959393288308515224e-01,1.306792919969302469e+00,-6.217367244840474871e-01,-1.107236547224113576e-02,1.424143328459330504e-01,-9.487360078243498029e-02,1.701234648306330921e-01,-7.380911241742066364e-01,1.028650984268181467e+00,-6.349342718463939494e-01,-2.781788051567208875e-01,1.484117006345463119e-01,-1.961709313565907498e-01,1.083593749277542498e-02,-1.346231609874694923e+00,-9.360591566674830721e-01,8.556892223076724147e-01,4.882332877310391339e-01,-2.997054298202903588e-01,3.139193016391456786e-02,2.406314969880831434e-01
9.959916479173130943e-03,-7.860442822731338042e-02,6.676883510543150102e-01,2.407695242375331932e-02,7.578326381515875995e-03,6.229127255498186910e-01,7.818840103745149372e-01,-4.851881693725849098e-01,7.575780133165243430e-03,1.290305027789436232e-01,1.159394910867762807e+00,-6.342375225803356109e-01,1.149299789277979100e-01,-5.536898204116962319e-01,-2.186461023731408049e-01,-1.995878813830621878e-01,1.304378312273774432e+00,-6.225347890978294441e-01,-1.253994741606814095e-02,1.523295543314134304e-01,-9.669762577257753899e-02,1.710259294036776123e-01,-7.420105173336623006e-01,1.011837214497976367e+00,-6.460275952316402170e-01,-2.817074282773076588e-01,1.125165685292480733e-01,-2.015896766170409415e-01,1.765851493345031026e-02,-1.440466799464295677e+00,-9.095477874999080559e-01,9.531529129637139608e-01,6.234141957506091902e-01,-2.931696223681657942e-01,2.174474089187099571e-02,2.564151148883568321e-01
1.009834109308782417e-02,-7.952456963677630164e-02,6.681284019781443817e-01,2.389568546334979587e-02,8.372662431503178140e-03,6.240100124770715517e-01,7.810060173061463829e-01,-4.873412766893113202e-01,6.409086190390284737e-03,1.286795708655012471e-01,1.155625952886811803e+00,-6.306410049080842795e-01,1.126520876351677636e-01,-5.559186504497121151e-01,-2.233201841905473051e-01,-2.042195052132280142e-01,1.304201199801935163e+00,-6.176502506691533556e-01,-1.234693779193287572e-02,1.532788826852184982e-01,-9.848856669975836198e-02,1.726409065147299082e-01,-7.385007045043594509e-01,1.002225344841181531e+00,-6.464130217996403305e-01,-2.897396684024055036e-01,8.114276092150747577e-02,-2.021600721724190197e-01,1.576737763751158081e-02,-1.495400977950326338e+00,-8.860140185049641959e-01,1.012318749261728268e+00,7.066128990141994359e-01,-2.872133309291398651e-01,1.462465484764628211e-02,2.745483060068580894e-01
1.015150224659379895e-02,-8.008219545769007519e-02,6.680145138322550746e-01,2.364678843098785496e-02,9.231777898042982031e-03,6.244621048843740363e-01,7.806424810610277376e-01,-4.909617665359199967e-01,4.184101485045225305e-03,1.264269553365147680e-01,1.155884420862958395e+00,-6.294963324211958478e-01,1.111055272240623337e-01,-5.593187878636949328e-01,-2.266096521313178958e-01,-2.067192510009139839e-01,1.306362771734022488e+00,-6.167015551796234396e-01,-1.521624936870375616e-02,1.597146920291891425e-01,-1.002368485506238138e-01,1.720933201063571671e-01,-7.324962516326599671e-01,9.908552298755263221e-01,-6.476943740748618561e-01,-2.973375375618661498e-01,5.308148842589809069e-02,-2.027104824394136695e-01,1.105870235867831633e-02,-1.528012019006465660e+00,-8.651461577347057119e-01,1.049567584511486906e+00,7.801540269854357890e-01,-2.834705077439147458e-01,1.610575393088611515e-02,2.968210430119634369e-01
1.006833146220865310e-02,-8.046223627929005584e-02,6.680697908635444549e-01,2.277649365836311585e-02,9.503356982034184136e-03,6.253242308279536310e-01,7.799746943857404080e-01,-4.933596994931365165e-01,2.773437792378052186e-03,1.230656856780640573e-01,1.154800578041229597e+00,-6.308725483145172230e-01,1.115847583813409233e-01,-5.622365039886890736e-01,-2.275162720021841334e-01,-2.085766454675083148e-01,1.308747424567161977e+00,-6.130347455401148338e-01,-1.557937393703228389e-02,1.595233548434775439e-01,-9.922405154960145524e-02,1.736216769642740798e-01,-7.296190299344245123e-01,9.862652954127029137e-01,-6.459191383409075282e-01,-3.047190499695476840e-01,3.398141899172239799e-02,-2.023519601064692197e-01,1.135006662387573820e-02,-1.544900598760197141e+00,-8.531181881299656489e-01,1.080625952214795182e+00,8.195854210038188148e-01,-2.939021106940779005e-01,1.025990693666388627e-02,3.067561431392291649e-01
9.917525959355018988e-03,-8.070654609454662454e-02,6.680682206667973855e-01,2.203914815614471320e-02,9.508109320633869113e-03,6.258881379594872785e-01,7.795433987709102786e-01,-4.947426004546597311e-01,1.989144267134784760e-03,1.203679952130365383e-01,1.153921780835299948e+00,-6.328735717932191251e-01,1.108233177946002235e-01,-5.640042660102567718e-01,-2.266974336310464688e-01,-2.086845922891745198e-01,1.309621241910129852e+00,-6.114501007250282560e-01,-1.739362967378001862e-02,1.594870100696956228e-01,-9.801567129292441949e-02,1.762664347667814435e-01,-7.242652035922892972e-01,9.820636868866066127e-01,-6.429135910114152086e-01,-3.131695379887844410e-01,1.653904838415982959e-02,-2.021748738052001892e-01,1.547060405849862326e-02,-1.552692491725025992e+00,-8.468180736164191424e-01,1.106830807186752530e+00,8.438477356117458639e-01,-3.061117939216345674e-01,4.360372300063181279e-03,3.143724803134326784e-01
9.685953308802362771e-03,-8.092371263362781175e-02,6.676024437111169885e-01,2.170291220871039747e-02,8.722381884629277354e-03,6.259512714428563385e-01,7.795113273294939082e-01,-4.961935693495092559e-01,1.761982254198685149e-03,1.172974762510542307e-01,1.157561016497643314e+00,-6.349577709438736228e-01,1.115440770764246081e-01,-5.644220615057546908e-01,-2.258013240705750990e-01,-2.092572756658560851e-01,1.311898969417272909e+00,-6.123388481700061670e-01,-2.075895365593231207e-02,1.571941955871067331e-01,-9.563195903154253497e-02,1.785150817673840373e-01,-7.173939635444434026e-01,9.798286310526096443e-01,-6.372528872182804394e-01,-3.203403623397867439e-01,9.990300969097150319e-03,-2.023280184148924243e-01,1.763888520268357823e-02,-1.548276775096318003e+00,-8.435550255097893357e-01,1.115045050164251705e+00,8.505609785026981839e-01,-3.091977359510013068e-01,3.754718715862692463e-04,3.166761399786410802e-01
9.466890140363797349e-03,-8.112958472071370164e-02,6.671794892835506419e-01,2.140704648317785092e-02,7.770130387030432101e-03,6.257844014462857762e-01,7.796635468849031358e-01,-4.972408552973983653e-01,2.947723549418565514e-03,1.157432662134597334e-01,1.161610771712130008e+00,-6.364686255925439129e-01,1.120014028986853899e-01,-5.638136315208558402e-01,-2.246913664687640311e-01,-2.103082469577604863e-01,1.312861827336406773e+00,-6.138376492686410391e-01,-2.278236087086905198e-02,1.544358102960392276e-01,-9.481876861267959922e-02,1.797843511683122342e-01,-7.106876432229582985e-01,9.802810227210186911e-01,-6.324704554403607348e-01,-3.271150492887654471e-01,1.031088535911820619e-02,-2.015691090603751456e-01,1.811636177469630460e-02,-1.540636725371836713e+00,-8.448793421299826134e-01,1.117628031615070627e+00,8.440139422273408298e-01,-3.131353962740494046e-01,-2.793581674691254096e-03,3.173801478587561231e-01
9.292960871817938437e-03,-8.135885886932343880e-02,6.667232147023240962e-01,2.114155179334692436e-02,6.955965243541556431e-03,6.256161667440676144e-01,7.798134784958240528e-01,-4.985334552165557320e-01,4.039623508379077549e-03,1.143747108106984850e-01,1.165802282833229730e+00,-6.380937760415636983e-01,1.128740125117657506e-01,-5.626212121138171041e-01,-2.229640378590889149e-01,-2.107999283333037988e-01,1.312228024603963483e+00,-6.179107685432505548e-01,-2.437455665244774028e-02,1.524709092365172936e-01,-9.453687576324960873e-02,1.811850279537846886e-01,-7.049988916287277529e-01,9.811790756571022731e-01,-6.283570737596742006e-01,-3.329199817399502437e-01,1.095453001537472805e-02,-1.995755842886431930e-01,1.564161350095506081e-02,-1.533639305471392822e+00,-8.492203281928877301e-01,1.116038458108772335e+00,8.332286689283250336e-01,-3.115842933643823698e-01,-3.149130733757838328e-03,3.169202845161734894e-01
9.153909999450161525e-03,-8.160325083648220512e-02,6.666980773366621982e-01,2.107326389845115208e-02,6.173695681809567883e-03,6.257781144517354788e-01,7.796919612921011655e-01,-4.983448115673613787e-01,5.071748762767020607e-03,1.137352506027792531e-01,1.167003921323916948e+00,-6.376206491030004253e-01,1.116965513026194901e-01,-5.608804988101913080e-01,-2.225994583392024162e-01,-2.122225884832567022e-01,1.311061352033636052e+00,-6.182849600825843783e-01,-2.491465083154183191e-02,1.492034136885744822e-01,-9.417447715227791893e-02,1.817833463395977789e-01,-6.987117161610171268e-01,9.823553912430049717e-01,-6.253239427545463913e-01,-3.370205557704520349e-01,1.441358561467530677e-02,-1.989081239619008012e-01,1.596336712262475671e-02,-1.524128839413148251e+00,-8.551876405737680598e-01,1.109797244611273381e+00,8.162864388595996168e-01,-3.083953777891271231e-01,-5.261521908015244497e-03,3.105884713884275450e-01
9.078960832048761989e-03,-8.186083134665761429e-02,6.665999999065966852e-01,2.133654167625895215e-02,5.709299402232411585e-03,6.252960460987579960e-01,7.800750032034695636e-01,-4.979046185890543819e-01,5.631635717144648640e-03,1.137961482626663468e-01,1.167974522802156079e+00,-6.373861744865201295e-01,1.110892281599692999e-01,-5.598104180209768632e-01,-2.223603640279668003e-01,-2.125114541232375753e-01,1.310204796861108800e+00,-6.195648515145137925e-01,-2.438259553573757232e-02,1.467074242627871006e-01,-9.346872551170441745e-02,1.823693207945592532e-01,-6.902133739674612967e-01,9.837837463505314517e-01,-6.212257674359579207e-01,-3.396523771755686205e-01,1.288866539365806849e-02,-1.979357173694588079e-01,9.956745866643398890e-03,-1.515091198501295588e+00,-8.621959706987959438e-01,1.102469555198718254e+00,7.951681119301108325e-01,-3.009842122269144049e-01,-5.696764997321503154e-03,3.102263321041494049e-01
9.081340376481488591e-03,-8.211806057594246699e-02,6.662868588475264753e-01,2.161879241742490146e-02,5.323239311877392410e-03,6.250566021576241527e-01,7.802618374858575345e-01,-4.982604301831136118e-01,6.361739822816712270e-03,1.142427379995577114e-01,1.170485395233744397e+00,-6.378027200988085621e-01,1.114717595477609097e-01,-5.589658824091603417e-01,-2.218297060244245889e-01,-2.121930183267665138e-01,1.310063006098828753e+00,-6.228604815808900241e-01,-2.377099893471458850e-02,1.431962187268280562e-01,-9.300024705305245942e-02,1.826516959180013167e-01,-6.829034039944011925e-01,9.862924245848215810e-01,-6.147147963665510195e-01,-3.412537707349623806e-01,1.858001522250985957e-02,-1.942665455108707473e-01,1.986508930954483318e-03,-1.502478874772053219e+00,-8.749782467359390470e-01,1.091007540043279267e+00,7.616804184417726997e-01,-2.944676196394379608e-01,-7.438645475805899694e-03,3.074456761643754032e-01
9.113087973261780814e-03,-8.232916345652567525e-02,6.660705591853127716e-01,2.171878095215859505e-02,5.251961626891293519e-03,6.241691803579885178e-01,7.809696189636694541e-01,-4.985500291908227521e-01,6.808639586406744354e-03,1.142987680772853815e-01,1.171824302018349417e+00,-6.390383544273937622e-01,1.129647224357923502e-01,-5.590984450623481816e-01,-2.203639934568123460e-01,-2.110494503722618598e-01,1.309288113154987165e+00,-6.256785900658103916e-01,-2.317136145967620131e-02,1.388908956244339077e-01,-9.161653736784758362e-02,1.818649728609615102e-01,-6.715188208292922623e-01,9.894359176210322238e-01,-6.065778508947138326e-01,-3.432108831725452225e-01,2.032487374025974958e-02,-1.912137615384149059e-01,-5.975979894910331790e-03,-1.483470028534975782e+00,-8.889259896647100367e-01,1.071433658408334377e+00,7.206169443216887682e-01,-2.783130149694650890e-01,-8.164387083734984604e-03,3.033739408433760998e-01
9.166061719743049535e-03,-8.247987983295830550e-02,6.655649179451335051e-01,2.215532380794246747e-02,4.504794050819067169e-03,6.233135624206853631e-01,7.816450929673645076e-01,-4.983774463481324690e-01,8.321255591140809538e-03,1.148367853372330438e-01,1.176008526674057642e+00,-6.401521927145567004e-01,1.144243494738041433e-01,-5.590725952002987276e-01,-2.196311812698217014e-01,-2.104296971937825167e-01,1.311989732531192665e+00,-6.263183581273157330e-01,-2.187143186838549219e-02,1.336810323642556586e-01,-9.019484906927846546e-02,1.811522030762745539e-01,-6.604450357206281819e-01,9.943091003576273179e-01,-5.962675885666134379e-01,-3.444655846824519196e-01,2.894073000712655760e-02,-1.887513172440964948e-01,-1.528711050345970927e-02,-1.459142693433103100e+00,-9.082176677211836191e-01,1.048822439027384590e+00,6.705446544043887069e-01,-2.653829947600288008e-01,-7.616290446467080706e-03,3.012626811879850486e-01
9.200014961213242096e-03,-8.252469032296178009e-02,6.651889126178588407e-01,2.233096865026061931e-02,3.164872042928082527e-03,6.219799548037902026e-01,7.827082772312868864e-01,-4.969788542927795483e-01,1.005063837875959376e-02,1.134787219902598510e-01,1.179791640671901343e+00,-6.420110821659865685e-01,1.172076944434927992e-01,-5.568999686735351951e-01,-2.162284561921275494e-01,-2.095754337345769880e-01,1.311773157165375903e+00,-6.282136179711443891e-01,-1.995130135163639129e-02,1.261615024874249702e-01,-8.713040111106636065e-02,1.829025573191928600e-01,-6.469596275342039959e-01,1.001329364703483993e+00,-5.815767655591361773e-01,-3.467498727453266483e-01,3.877230254937347881e-02,-1.845871438956346589e-01,-2.868749136474122580e-02,-1.423424579289173986e+00,-9.397731409494136656e-01,1.011985736802363256e+00,5.922834040088915675e-01,-2.534212534026269448e-01,-6.558607256192717366e-03,3.028463337221243834e-01
9.230211528583673677e-03,-8.238691699523464917e-02,6.649968494292720633e-01,2.255948165332094871e-02,2.813685342986860499e-03,6.208880791489884698e-01,7.835694903025545166e-01,-4.963312762094427288e-01,9.676066506564273695e-03,1.120750926521554697e-01,1.181604617768147181e+00,-6.427356074128017793e-01,1.188211327988989430e-01,-5.570050117599013584e-01,-2.145391452886631911e-01,-2.077793441734359647e-01,1.313002827292357511e+00,-6.286036225914745090e-01,-1.914372556776671591e-02,1.211799226068358409e-01,-8.526064058593790795e-02,1.827377563807721927e-01,-6.329477739210375153e-01,1.006758468260196215e+00,-5.708967867673921948e-01,-3.493572038446316474e-01,4.086975900550965379e-02,-1.815282998710039120e-01,-3.621690302392557848e-02,-1.386250419647828025e+00,-9.702042972955756683e-01,9.785640794422952871e-01,5.224710686365227064e-01,-2.430607634385118232e-01,-6.253121326028494506e-03,3.005906313245651496e-01
9.178204603271705730e-03,-8.209936460299974148e-02,6.645420560975274782e-01,2.236279028733915986e-02,1.964673399536531577e-03,6.197072776968353125e-01,7.845119091757476459e-01,-4.962467950132696259e-01,1.063146452698853286e-02,1.102555374420289003e-01,1.186006319763738937e+00,-6.453529956098293940e-01,1.220783362792617344e-01,-5.558289883735826331e-01,-2.113470365289893405e-01,-2.065011544345888850e-01,1.313016607561983573e+00,-6.315020187683187958e-01,-1.692586165534885195e-02,1.120998200017331026e-01,-8.172542452920096567e-02,1.823242848846236552e-01,-6.155712912727850927e-01,1.010949483573551966e+00,-5.536751315426552411e-01,-3.527406997694520485e-01,4.179269786533510583e-02,-1.766707645314990471e-01,-4.977312702759724428e-02,-1.335744023061735675e+00,-1.005597885987716156e+00,9.321149667802975936e-01,4.329834581029764484e-01,-2.347926906544313408e-01,-8.363967216293502135e-03,3.032653961446037938e-01
9.067648642828034927e-03,-8.158792979997574191e-02,6.645720307508989899e-01,2.204601438231906796e-02,1.390867774851583562e-03,6.181328688799324622e-01,7.857631927921751025e-01,-4.946375714377047594e-01,1.210744609994910542e-02,1.099011813816663519e-01,1.187129852859814649e+00,-6.469458961992664570e-01,1.243479658268469151e-01,-5.545045294421747650e-01,-2.075012053558539238e-01,-2.042269352025017082e-01,1.310883362920104211e+00,-6.319290654427117682e-01,-1.240602198393731675e-02,1.027766627716299314e-01,-7.939077759720170047e-02,1.815099394631674579e-01,-5.956164315340872761e-01,1.015521916050822870e+00,-5.369015957663154648e-01,-3.574978846755789141e-01,3.349930833247113243e-02,-1.714699049951606269e-01,-6.352378864534728720e-02,-1.275415537656607201e+00,-1.037747663610341764e+00,8.783889505185650259e-01,3.427710068289605005e-01,-2.262398929386847668e-01,-8.958010416554931798e-03,3.063804042880577394e-01
8.926817392214864838e-03,-8.089036849496265835e-02,6.645610959059303768e-01,2.149560938197385071e-02,1.016327614977441613e-03,6.163242513405727818e-01,7.871984013353685583e-01,-4.937219772804006812e-01,1.313129432462191784e-02,1.088164129512592809e-01,1.189057339948304870e+00,-6.488030121183669952e-01,1.274729830830070854e-01,-5.533766690549449807e-01,-2.026522878998712751e-01,-2.011585642105309657e-01,1.308201471863385867e+00,-6.342754178908402984e-01,-9.354247354743400883e-03,9.409485110115993478e-02,-7.731050068041414591e-02,1.813103624435402350e-01,-5.748716593584244361e-01,1.020085876412887060e+00,-5.192470426765835034e-01,-3.635614327612132213e-01,2.255137178636289208e-02,-1.680799528705291535e-01,-7.233523773569448811e-02,-1.209659470900380507e+00,-1.065972494430267981e+00,8.204502191652448539e-01,2.529879592977059000e-01,-2.159995401397825088e-01,-1.048978589926604851e-02,3.077356525875535320e-01
8.754435027340561754e-03,-8.003102659127542262e-02,6.646195025611979501e-01,2.091064337051222813e-02,1.016448444220230786e-03,6.148711054884057337e-01,7.883496911027859655e-01,-4.928367328560694371e-01,1.338304561507595164e-02,1.079312010068887301e-01,1.189788158418345621e+00,-6.506591607599782057e-01,1.298669649830348216e-01,-5.533192749944144673e-01,-1.990693093091722710e-01,-1.980823659437410678e-01,1.306934087893109275e+00,-6.347302546033984916e-01,-5.477545507234221969e-03,8.561024177822469661e-02,-7.517775895238452966e-02,1.812161441215287827e-01,-5.540188905830208954e-01,1.023693264171326334e+00,-5.016370242680121549e-01,-3.702528359427555427e-01,8.842724511410188226e-03,-1.646115638949685323e-01,-8.072146118355863487e-02,-1.137183048243594286e+00,-1.089457598270948235e+00,7.575232271557041930e-01,1.653151545782335086e-01,-2.066675048187517072e-01,-1.134683274983050091e-02,3.105753954179279464e-01
8.567005456571092498e-03,-7.909393854503631027e-02,6.641939077237288824e-01,2.061839740623447326e-02,6.842910359154698828e-04,6.129026779901484145e-01,7.898890559734842443e-01,-4.922594149386221862e-01,1.394295206334051490e-02,1.072589110638201559e-01,1.194015963563979765e+00,-6.537324786387722630e-01,1.334837769809622821e-01,-5.535350409245309855e-01,-1.945254598212400043e-01,-1.934303035808176141e-01,1.307901076742504998e+00,-6.374611770966680524e-01,-2.474885201423264371e-03,7.699141563738103045e-02,-7.318079947375941141e-02,1.821683326336131226e-01,-5.324813397194347875e-01,1.027435706111402114e+00,-4.800666753152913468e-01,-3.767259351194762740e-01,-6.217142477457577102e-04,-1.588841727958405781e-01,-8.878613219059675044e-02,-1.058323639336357536e+00,-1.108272630950289273e+00,6.888588917552160851e-01,7.613644424509120878e-02,-2.010688765079005069e-01,-1.151159118318974446e-02,3.178894200450574914e-01
8.388275874693306225e-03,-7.811558476369469262e-02,6.635500536354105305e-01,2.036483231719666415e-02,2.112644517566774922e-04,6.107080591944130665e-01,7.915938955089397711e-01,-4.922365814483566915e-01,1.434680178729365319e-02,1.059388802591979400e-01,1.200243178160149693e+00,-6.568537910591440987e-01,1.374881953486929709e-01,-5.538872224245001696e-01,-1.907235546881435595e-01,-1.899350355445703631e-01,1.310317886619914995e+00,-6.408420862678342322e-01,-1.485871337762073672e-03,6.916790043809135924e-02,-7.106330101618103801e-02,1.843024114235090882e-01,-5.130587843816548643e-01,1.034885211785541825e+00,-4.617623836889139799e-01,-3.850471442087075036e-01,-8.865386447848433091e-03,-1.561212754159365113e-01,-9.464537341140154270e-02,-9.784549668348893059e-01,-1.121806056856837097e+00,6.199772167866450800e-01,-8.759062200424806710e-03,-1.978125566282907810e-01,-1.068001674967180778e-02,3.262146468431688096e-01
8.267074813157434740e-03,-7.714123938271241765e-02,6.634025714720023226e-01,1.983016655256802929e-02,4.824485267326227012e-04,6.085632924977704139e-01,7.932573672914680074e-01,-4.919966144265748853e-01,1.402386552374953674e-02,1.047654951235065246e-01,1.202328608086620232e+00,-6.592726673081201749e-01,1.412304203959278692e-01,-5.550011667892641443e-01,-1.864399277530897070e-01,-1.855190335060324103e-01,1.310332848205475464e+00,-6.428880186211385350e-01,7.292449516460262904e-04,6.217342836018685537e-02,-6.972601322292464043e-02,1.854924900400023169e-01,-4.916025185221351568e-01,1.039417332018882645e+00,-4.432552442425570782e-01,-3.922780901378385976e-01,-2.223512920119403297e-02,-1.517322821663692756e-01,-1.012250943853092028e-01,-8.961026882955328565e-01,-1.129693828939089872e+00,5.505255559659411047e-01,-8.930865930038985046e-02,-1.911960669667551738e-01,-9.105765872390748222e-03,3.365446896662788734e-01
8.200118849529485984e-03,-7.624948018253846493e-02,6.632510713540219482e-01,1.956854333044113353e-02,9.009613918044075305e-04,6.065232650276306536e-01,7.948243764258359212e-01,-4.918387163228365444e-01,1.383619432963284143e-02,1.047699819163555868e-01,1.204491877745075268e+00,-6.605548202237738753e-01,1.444235820830240546e-01,-5.564380552319133644e-01,-1.832804403139169924e-01,-1.813309642389762943e-01,1.311130814530988120e+00,-6.445239119012330375e-01,2.253510003387913449e-03,5.694607328382741973e-02,-6.948796107088701934e-02,1.864610881994041014e-01,-4.727984186441122616e-01,1.044476083835458757e+00,-4.280378860944459851e-01,-3.992854595990046884e-01,-3.195564742983315193e-02,-1.482588674164033449e-01,-1.066515762373037857e-01,-8.166240197325496109e-01,-1.133135834088445648e+00,4.848656732071908171e-01,-1.619299438181675821e-01,-1.855223807742655828e-01,-6.600411296344408686e-03,3.466147810362357751e-01
8.195665308692451356e-03,-7.548076053015843889e-02,6.631022097559035045e-01,1.942433723228775486e-02,1.539828738272135513e-03,6.042252451384734213e-01,7.965752803018029127e-01,-4.918928733292088351e-01,1.342422847379382347e-02,1.050286520046680439e-01,1.206348890587847666e+00,-6.615727311475180228e-01,1.477102723652436167e-01,-5.581292111548251667e-01,-1.800955711926478797e-01,-1.768295011577644682e-01,1.311315370601325192e+00,-6.471472601938266234e-01,3.023122745262211801e-03,5.352794112612679900e-02,-6.980852669504331032e-02,1.865949854462945479e-01,-4.557810253939265643e-01,1.049448964539642981e+00,-4.164187573196033720e-01,-4.055256539702660201e-01,-4.159693684731520513e-02,-1.446043675552452779e-01,-1.095469639910345017e-01,-7.449756241595959505e-01,-1.132073209718073015e+00,4.264648324155858594e-01,-2.249270684162336387e-01,-1.802240039098742530e-01,-4.241808458839776627e-03,3.514614269288470205e-01
8.239768047523566424e-03,-7.488154690996119689e-02,6.628711344237315783e-01,1.963370646715763973e-02,1.517359116651574710e-03,6.021456450352018486e-01,7.981433689236629991e-01,-4.914761991663891827e-01,1.335017889431206264e-02,1.050022799955500075e-01,1.209779275824885314e+00,-6.615456972430168170e-01,1.519878178480155717e-01,-5.590481135071431185e-01,-1.775107315799212548e-01,-1.732597912205979807e-01,1.313240237108573849e+00,-6.479427438951922413e-01,3.512938312422578431e-03,5.132467530729813848e-02,-7.088349194313281476e-02,1.873539529916450619e-01,-4.425676121189345835e-01,1.052606452128101333e+00,-4.073839465962019735e-01,-4.101477741204367367e-01,-4.616764810270680697e-02,-1.397951146858598392e-01,-1.095958783918831031e-01,-6.802653438873630387e-01,-1.128364702830897626e+00,3.751854145228314397e-01,-2.780456497006666972e-01,-1.753624020647615855e-01,-1.665002931689731286e-03,3.527916683131887554e-01
8.340348840345257822e-03,-7.442870783431389248e-02,6.629210347961436156e-01,2.014339413675987622e-02,1.677347897261370277e-03,6.002811032257454604e-01,7.995336311167691168e-01,-4.900459398120463050e-01,1.257132129869883291e-02,1.052706620484012145e-01,1.210443402695101645e+00,-6.603277338677308039e-01,1.539237125107891513e-01,-5.591829474918638132e-01,-1.753970325598266378e-01,-1.694033155538943181e-01,1.313280762711402039e+00,-6.486468356543475533e-01,4.686298477938158867e-03,4.968005732416395231e-02,-7.085353486966394776e-02,1.884036142994915952e-01,-4.306041813601028667e-01,1.054236309044094044e+00,-4.002572513886945016e-01,-4.133413299943083374e-01,-5.064418772981874040e-02,-1.355148917009315057e-01,-1.126958106727171116e-01,-6.217826351511337446e-01,-1.123351822132605760e+00,3.286465858006556440e-01,-3.272112019772361324e-01,-1.709249897174028310e-01,-5.478646181407628712e-04,3.559506837928293477e-01
8.485851375418322282e-03,-7.411668242938623807e-02,6.629937637945004791e-01,2.079348358672816408e-02,1.521418982507538511e-03,5.981918282778626583e-01,8.010816768009347832e-01,-4.877581052898611880e-01,1.271977258128602697e-02,1.062188391126558523e-01,1.210904533330277477e+00,-6.593288764709166472e-01,1.556088144574150900e-01,-5.588640572344635293e-01,-1.728314882240788719e-01,-1.655750166160332437e-01,1.313212088231640484e+00,-6.485825617054528092e-01,6.341786662563310070e-03,4.871438315968022043e-02,-7.110622183611813030e-02,1.900079406237526192e-01,-4.199738578068520911e-01,1.055552387076236220e+00,-3.934915740910574500e-01,-4.156635317029758192e-01,-5.142629280070229458e-02,-1.324381761004781166e-01,-1.128183921250527494e-01,-5.706826137734106741e-01,-1.116915921221792951e+00,2.884037160891707585e-01,-3.681707308280944280e-01,-1.710415875755452730e-01,7.193885527196303229e-04,3.561836376994481634e-01
8.698862637918696947e-03,-7.389891943744446301e-02,6.632044362369537982e-01,2.101066917804504317e-02,2.234227037711762620e-03,5.962543853833491836e-01,8.025174564589609982e-01,-4.868084222844939468e-01,1.259336961649459852e-02,1.075023793100300107e-01,1.209436682860849599e+00,-6.588488339725473431e-01,1.568276324623552043e-01,-5.592200685062745924e-01,-1.699184422552479368e-01,-1.615598671150918209e-01,1.310229428631278337e+00,-6.515251743725023470e-01,7.827445281135698638e-03,4.868752506712410721e-02,-7.121628678221320063e-02,1.900244864491146823e-01,-4.090045874609238297e-01,1.055360678249118056e+00,-3.865285930038657725e-01,-4.179560325105544649e-01,-5.383348672484793151e-02,-1.319101153010141525e-01,-1.113853549131070403e-01,-5.265296705286188761e-01,-1.109233879722089533e+00,2.537294986796823637e-01,-4.033860799665491270e-01,-1.697986916731814844e-01,1.066582272944661611e-03,3.563330013481298408e-01
8.914346969771577353e-03,-7.377893594840165270e-02,6.632623435411904023e-01,2.159964430586699610e-02,2.570979027591621842e-03,5.943444186277081487e-01,8.039163871192029909e-01,-4.851510644835654862e-01,1.246183765030499727e-02,1.089345338116726736e-01,1.208552342703119953e+00,-6.587268046832233104e-01,1.583181413270752791e-01,-5.597180147144086293e-01,-1.681020849724892130e-01,-1.581002646780397813e-01,1.309675790042044152e+00,-6.525498473769465457e-01,1.010230361084140348e-02,4.770126340969380041e-02,-7.137060681580129073e-02,1.900063799214656568e-01,-3.983811745618738853e-01,1.055779184770602619e+00,-3.801744593268333583e-01,-4.199013292356550409e-01,-5.596811885281975651e-02,-1.293925426197249928e-01,-1.114238307013731555e-01,-4.859933948921266178e-01,-1.100285419389421815e+00,2.235811453134693705e-01,-4.363398144099056575e-01,-1.685403999461436986e-01,1.376995087080913225e-03,3.575651887256482420e-01
9.118221223353090502e-03,-7.371673949321114194e-02,6.632767581586810346e-01,2.199421083444948188e-02,3.358210621507914072e-03,5.923690268570717121e-01,8.053594931032962423e-01,-4.845517101190240372e-01,1.133152147383449659e-02,1.094471549923423659e-01,1.207368799517879454e+00,-6.591831657683603352e-01,1.593029926948872632e-01,-5.605239258578834649e-01,-1.662805447101237122e-01,-1.548466309864188484e-01,1.307765056375975510e+00,-6.567726099273263340e-01,9.972624471438670465e-03,4.718754372533599806e-02,-7.069174940565847720e-02,1.893771135724359178e-01,-3.886900839776817884e-01,1.057596851351882528e+00,-3.758952438399888463e-01,-4.225192874271277987e-01,-6.176383363847411101e-02,-1.292256988721416644e-01,-1.082134312616831739e-01,-4.503254943554799161e-01,-1.092332909742376401e+00,1.983750127360261462e-01,-4.675803057379965821e-01,-1.621475102799736223e-01,7.442872289605561870e-04,3.555316482577855486e-01
9.265286536221047781e-03,-7.371075318546269073e-02,6.631546281956571809e-01,2.294862439775053470e-02,3.581125188644172438e-03,5.904442032653444139e-01,8.067441843676269597e-01,-4.826894526994414680e-01,1.076182067468249223e-02,1.111718205442349394e-01,1.207144648419413491e+00,-6.593555403603738041e-01,1.599805336066522365e-01,-5.604353447814738320e-01,-1.652203480861939300e-01,-1.515763419025417114e-01,1.307489375521409203e+00,-6.603390014939385377e-01,9.887634296321966276e-03,4.761242752227733133e-02,-7.014965644762191643e-02,1.890829062823380646e-01,-3.802523499123930950e-01,1.056338707891744111e+00,-3.717547565818274946e-01,-4.232508191414842691e-01,-6.574495445606251542e-02,-1.280337319897092430e-01,-1.074511761483979699e-01,-4.202629281621864110e-01,-1.083780449937550072e+00,1.779498908633624921e-01,-4.914988903645304830e-01,-1.622876812144842251e-01,1.132548915511662072e-03,3.531650168747383356e-01
9.307380666815695189e-03,-7.375106638685874350e-02,6.627887901964949480e-01,2.368499159445699997e-02,3.299621040405948096e-03,5.890136434364370288e-01,8.077691882709410187e-01,-4.818515203559057269e-01,1.087120669079905816e-02,1.121743176660825320e-01,1.209732691400189353e+00,-6.604380726291131376e-01,1.617483822804701987e-01,-5.606892082159822266e-01,-1.641942260382157626e-01,-1.490865909686881485e-01,1.309571185922447034e+00,-6.625570196426576741e-01,1.125656355093408029e-02,4.679344328761084193e-02,-6.993062930640543684e-02,1.887117679780517254e-01,-3.733802204820972359e-01,1.054962091231696153e+00,-3.681014599368186979e-01,-4.252364502003759261e-01,-6.441298566895699296e-02,-1.271974134474848084e-01,-1.056709134485459556e-01,-3.947592500282099959e-01,-1.076278628339452093e+00,1.630859187237611307e-01,-5.081639097287562468e-01,-1.658612862922492770e-01,1.502900092928900191e-03,3.499251888605109384e-01
9.244458935209490247e-03,-7.378455043965494176e-02,6.625848536652427789e-01,2.457765932206158049e-02,2.759291848106251114e-03,5.876076948010604539e-01,8.087679036542750888e-01,-4.797541050272318142e-01,1.070208560809708317e-02,1.131652465358204407e-01,1.210916479667295542e+00,-6.606589168620843333e-01,1.631946502672018684e-01,-5.600216532418609283e-01,-1.636068123370330030e-01,-1.470684219381681312e-01,1.311046904231910837e+00,-6.635031141406159128e-01,1.179863254610890970e-02,4.684626266579717396e-02,-6.936330321255376741e-02,1.894052357008320087e-01,-3.688012135249953416e-01,1.053153939056438171e+00,-3.642020387201229115e-01,-4.257028966123082570e-01,-6.360182063989573698e-02,-1.248495272768843783e-01,-1.039410830473732755e-01,-3.725459204051936868e-01,-1.068286358665660352e+00,1.478920615797449101e-01,-5.222845792337136306e-01,-1.670171903610914443e-01,1.833795692604207970e-03,3.470172380911004106e-01
9.074079406075848814e-03,-7.379104983727766132e-02,6.625447969621623967e-01,2.524064317899633869e-02,1.741733962151027553e-03,5.866442683749489850e-01,8.094494293515426264e-01,-4.767503759932783525e-01,1.159201408578284381e-02,1.143407709409397649e-01,1.211388825603585406e+00,-6.613120209081764234e-01,1.644277067685007976e-01,-5.581686587448521086e-01,-1.626336177449870246e-01,-1.457927418353452964e-01,1.311600084460611493e+00,-6.627017169859498180e-01,1.363078682661210232e-02,4.644586415276197311e-02,-6.974325927216064314e-02,1.906511087234515900e-01,-3.662510835673422616e-01,1.050075386471956751e+00,-3.618496237792996340e-01,-4.271869039171211080e-01,-6.524805112218912129e-02,-1.235101797987042949e-01,-1.014252591440032575e-01,-3.517746219288736542e-01,-1.061103747238103967e+00,1.352731649738842801e-01,-5.316953709242486781e-01,-1.708859437985137120e-01,3.403387226539116798e-03,3.435949905740964816e-01
8.823560247971319950e-03,-7.374308393320436195e-02,6.628723905232649649e-01,2.567578009219015703e-02,8.457093364527808275e-04,5.860809129784997351e-01,8.098451719524329961e-01,-4.728435315656402405e-01,1.199939610497845893e-02,1.151675613345871096e-01,1.208680426469661784e+00,-6.613514728921473518e-01,1.645315025647758056e-01,-5.545909090585758872e-01,-1.616411186263911615e-01,-1.452289791782246375e-01,1.308307208964981205e+00,-6.630046427923731445e-01,1.533153750948994254e-02,4.668336135088794331e-02,-6.900007608393926573e-02,1.928829259959252140e-01,-3.674541486673651991e-01,1.047408225056082109e+00,-3.611816520168144029e-01,-4.272900949482029698e-01,-6.457182719635037871e-02,-1.236701482993523699e-01,-1.001624098253491579e-01,-3.317171774550180530e-01,-1.053065012079769769e+00,1.196069513241649340e-01,-5.400289529810504696e-01,-1.736530252343817804e-01,3.228358375567830056e-03,3.405699846237586481e-01
8.497555280500272701e-03,-7.364062204610000162e-02,6.627650591336129438e-01,2.556282824386340094e-02,8.022694791573548381e-04,5.856071044543627035e-01,8.101914695850831460e-01,-4.726763991222486805e-01,1.234363716545794701e-02,1.159745630578459252e-01,1.209060661080188837e+00,-6.634359907925297950e-01,1.644700120561178314e-01,-5.539662604332742379e-01,-1.607043343095329313e-01,-1.440829568166347441e-01,1.306779651886849081e+00,-6.669175682121287752e-01,1.533399406097555630e-02,4.571019155416454482e-02,-6.855200032278105371e-02,1.915083921938751099e-01,-3.637847964088135044e-01,1.042759301342465195e+00,-3.595407424156477627e-01,-4.291212462477537737e-01,-6.392865161995768541e-02,-1.252134751510260713e-01,-9.726470344776663723e-02,-3.120562869038073783e-01,-1.044552940408019603e+00,1.076288551644812297e-01,-5.473783139071207726e-01,-1.759695429380191967e-01,3.463786194006421987e-03,3.384786867963575641e-01
8.146223901983894872e-03,-7.348664092922124746e-02,6.632148026794817408e-01,2.505404350434893568e-02,3.145126231392646621e-04,5.849905571270420657e-01,8.106529738785177575e-01,-4.704339295183368463e-01,1.493114174146845802e-02,1.181139506947221640e-01,1.206408123509793429e+00,-6.638254573975426176e-01,1.650747813439791267e-01,-5.522073003058320939e-01,-1.573800755573615262e-01,-1.423259135561029676e-01,1.302482994273562955e+00,-6.657114929746786869e-01,1.657666595533771950e-02,4.513886266343849346e-02,-6.788802528099399658e-02,1.901046795362087982e-01,-3.631910821880075524e-01,1.038575067550603803e+00,-3.591831104069792557e-01,-4.293971490659880819e-01,-6.755267273499028502e-02,-1.259459722134729509e-01,-9.661923944426664690e-02,-2.935720459895327372e-01,-1.037534764537456189e+00,9.704665009398605324e-02,-5.524482891848793153e-01,-1.769963759680863447e-01,4.086789444156819356e-03,3.382527245075804267e-01
7.775639248529017666e-03,-7.333673667452172973e-02,6.630166342539841606e-01,2.494379300263288232e-02,-2.117983668916700608e-04,5.847463039387720274e-01,8.108326105689374064e-01,-4.708273751552639053e-01,1.555495157085179034e-02,1.180827598382910848e-01,1.209226709297702707e+00,-6.639811463805255221e-01,1.653148331739725807e-01,-5.516732630945853089e-01,-1.564524786624865160e-01,-1.415684535728320148e-01,1.303041292433217535e+00,-6.671947891122818053e-01,1.529778843244998521e-02,4.420077285807350737e-02,-6.727902677615056615e-02,1.874729127316079602e-01,-3.602978905318838243e-01,1.034448807757301081e+00,-3.575540912869949461e-01,-4.299518530649913961e-01,-6.084028646937111873e-02,-1.247884177305102205e-01,-9.418856345375513361e-02,-2.761121403102456684e-01,-1.029861147302506330e+00,8.666105789479032484e-02,-5.566292909869173799e-01,-1.825228719044769965e-01,4.790041131041701018e-03,3.357619932818752262e-01
7.434647433519580434e-03,-7.317963110324113285e-02,6.629858466472036138e-01,2.454363460189608673e-02,-4.874274614976290866e-04,5.848226084672975000e-01,8.107896700381076460e-01,-4.712023341254983899e-01,1.565124010938122659e-02,1.173495519204457993e-01,1.210103401743319651e+00,-6.645950196606010829e-01,1.657157004931245348e-01,-5.512081956413605877e-01,-1.553481048558058020e-01,-1.410607857505324081e-01,1.302261497832619908e+00,-6.680768489708736046e-01,1.473415552818283479e-02,4.328811085627226607e-02,-6.671590929594203856e-02,1.852062570619089632e-01,-3.597414923646650720e-01,1.030916775936515428e+00,-3.580171680571085369e-01,-4.313033882767099425e-01,-5.747436826897077411e-02,-1.257920480030587929e-01,-8.927832952568307001e-02,-2.590165679217342753e-01,-1.023398827844762771e+00,7.685913557274984265e-02,-5.613323386997152165e-01,-1.879509865340945329e-01,3.361128296292068690e-03,3.308961233756968490e-01
7.120376717374051964e-03,-7.302805390726699319e-02,6.630540396814539328e-01,2.429705212648437460e-02,-6.441873160746760391e-04,5.849491306853573658e-01,8.107057128151426983e-01,-4.709017527400786718e-01,1.604729439306304406e-02,1.178644286366283545e-01,1.209652005503085270e+00,-6.650398867555735727e-01,1.655380239971629419e-01,-5.511862555737875313e-01,-1.549430582242175281e-01,-1.404939064026060336e-01,1.302007438574638076e+00,-6.669552679647988702e-01,1.531569760763147950e-02,4.169503354995422739e-02,-6.668588712561303311e-02,1.827921672196271830e-01,-3.585163856958797912e-01,1.027885879288406246e+00,-3.588375669457662953e-01,-4.324655386938618951e-01,-5.940618167618177958e-02,-1.262344859341180958e-01,-8.673873690700786843e-02,-2.429556327659489479e-01,-1.015860201115491357e+00,6.714007971365848482e-02,-5.654077213655603895e-01,-1.908070706455141374e-01,2.519815313346102873e-03,3.274735287924044336e-01
6.847684127349823111e-03,-7.290906328616711396e-02,6.629256964275056507e-01,2.423623572811198223e-02,-1.097136438083902129e-03,5.851477933259294772e-01,8.105636687732568069e-01,-4.702356050862515624e-01,1.697970536392595306e-02,1.187958782705833272e-01,1.210319234425130341e+00,-6.664244453393425305e-01,1.654421302566279339e-01,-5.509257055346510334e-01,-1.548295960662020854e-01,-1.403282714208644033e-01,1.303164558082900992e+00,-6.662594907791176135e-01,1.518822184075986799e-02,4.065555160422615333e-02,-6.641032856055502365e-02,1.816807466442739993e-01,-3.578301686773546764e-01,1.024133433571417173e+00,-3.574310599801224231e-01,-4.331024490466556798e-01,-5.630988700824871018e-02,-1.272784912963823567e-01,-8.144577627507494644e-02,-2.270852665951145211e-01,-1.008236253531051174e+00,5.696506704270951071e-02,-5.701573613983116351e-01,-1.956056279059733560e-01,1.197050402253834259e-03,3.220649799635829647e-01
6.606442086951002518e-03,-7.280843377139581407e-02,6.627181445785962355e-01,2.436600778761380606e-02,-1.720090586804601295e-03,5.851187375880055885e-01,8.105796702831160605e-01,-4.692273926870594858e-01,1.763926228545141181e-02,1.193258753027335861e-01,1.211533689722839480e+00,-6.678509761343489615e-01,1.651433864909524762e-01,-5.497360445560105502e-01,-1.550157352554583368e-01,-1.407117072376730949e-01,1.303874439589280954e+00,-6.672928660846330073e-01,1.525183144601666846e-02,4.003219955295485299e-02,-6.522593638989905573e-02,1.807989384152438317e-01,-3.565196117013386123e-01,1.020732308123960985e+00,-3.560776808816214500e-01,-4.329859797137879385e-01,-5.585191185628502614e-02,-1.278389946982063929e-01,-7.814207608069513589e-02,-2.137032125655194958e-01,-1.001334316942800617e+00,4.894472822923739280e-02,-5.754364073453199779e-01,-1.972224871952601988e-01,2.084662528169726851e-04,3.190365237252341113e-01
6.379478378112204799e-03,-7.271884956636075203e-02,6.624751536741894098e-01,2.443403692354415707e-02,-1.883229014085862404e-03,5.850855376185596368e-01,8.106012243746612000e-01,-4.689799330188655913e-01,1.769832495809156928e-02,1.198327251404686378e-01,1.212355518285997080e+00,-6.695522630455275070e-01,1.643476301869675749e-01,-5.492648953327428085e-01,-1.553239206978038744e-01,-1.406777411035436409e-01,1.304215852818934485e+00,-6.700541479572026393e-01,1.380982810085884180e-02,3.970838061939080399e-02,-6.391025554170536027e-02,1.798941415762840002e-01,-3.545098009261325456e-01,1.016816048542001916e+00,-3.545805160104897324e-01,-4.330260977772864561e-01,-5.535634827751863274e-02,-1.286650652745719992e-01,-7.528063518522902509e-02,-2.014270409469366419e-01,-9.962908463770413503e-01,4.208783197768477952e-02,-5.807991373841020488e-01,-1.987729487333647072e-01,-3.936474246139937128e-04,3.192028279951563685e-01
6.148053914073930808e-03,-7.264353829901208648e-02,6.621676163979319796e-01,2.418110165419823376e-02,-1.999632614791131517e-03,5.850577439867229446e-01,8.106285906587310519e-01,-4.697072379383911422e-01,1.819890580479285869e-02,1.200257711759341039e-01,1.214095674853311158e+00,-6.715103395945196674e-01,1.641782436392330846e-01,-5.493971514332169903e-01,-1.546242432664327315e-01,-1.402262333229145064e-01,1.304441871422314492e+00,-6.727262119818563368e-01,1.301440746496949907e-02,3.941787165060026826e-02,-6.346161725502873219e-02,1.788658083066454463e-01,-3.534228331085967900e-01,1.012738324254236044e+00,-3.520234781106904576e-01,-4.342902519760718505e-01,-5.341378443909073487e-02,-1.298035484920904703e-01,-6.997789842270671357e-02,-1.890462695730784626e-01,-9.895074707074145159e-01,3.477947596461128388e-02,-5.846965378862790663e-01,-1.968655220481763390e-01,-1.252093606169319296e-03,3.170254210003969342e-01
5.899990772797593201e-03,-7.257290415892013458e-02,6.620072257821777439e-01,2.396257794137063996e-02,-2.881308159996357268e-03,5.858764455033781404e-01,8.100409147234581830e-01,-4.695205797097999900e-01,1.954408954079750460e-02,1.198802484275088842e-01,1.216123640833860930e+00,-6.721257119805070790e-01,1.636964759928038748e-01,-5.485210941554117259e-01,-1.550165144109049709e-01,-1.417616570254667530e-01,1.306287931434338523e+00,-6.704620542503104685e-01,1.329611885573484323e-02,3.905566712499326104e-02,-6.309691031581711462e-02,1.766822135818671979e-01,-3.542004233690164150e-01,1.007776302867336549e+00,-3.517927246343616199e-01,-4.345567309565430691e-01,-5.358649415308633368e-02,-1.306687132179888411e-01,-6.877920621647044819e-02,-1.747270343184293973e-01,-9.845608302630689534e-01,2.684940631232293068e-02,-5.849728814189202319e-01,-2.005114126135347508e-01,-1.340895214458698347e-03,3.157300510842007690e-01
5.619062889916998788e-03,-7.250860006629193666e-02,6.617479828522467855e-01,2.394604756891701575e-02,-3.868678337688840826e-03,5.865897514589319961e-01,8.095208975789900396e-01,-4.689805083834371890e-01,2.052555543441284686e-02,1.197186447196048331e-01,1.218346045744121753e+00,-6.730941167344337561e-01,1.632333095470201723e-01,-5.477174783775361488e-01,-1.550331258164024950e-01,-1.422915937557385213e-01,1.308828741364159498e+00,-6.685477650049497234e-01,1.342458755344340914e-02,3.873837010548127763e-02,-6.288944856090075697e-02,1.756343997605549490e-01,-3.560522108127870400e-01,1.004693665370485434e+00,-3.525183836860876774e-01,-4.349309838445232224e-01,-5.314995316514385670e-02,-1.298554590781819673e-01,-6.780652943439170743e-02,-1.624220140383249023e-01,-9.818244952128738490e-01,1.916060177262324249e-02,-5.856756623356633717e-01,-2.063354441651687465e-01,-1.587927029075884974e-03,3.145012873173863022e-01
5.309969187757212009e-03,-7.243689415569228018e-02,6.613035828558675444e-01,2.376214187661711622e-02,-4.277649394536095322e-03,5.868918599258969859e-01,8.093052619882147303e-01,-4.698421331821654445e-01,2.073824092300831368e-02,1.192971059961270841e-01,1.221155214112353615e+00,-6.750981211214965860e-01,1.636187664868344049e-01,-5.484311009029114725e-01,-1.553110980869735758e-01,-1.426171276758330664e-01,1.311774118951895440e+00,-6.688420392465023179e-01,1.257559490672099760e-02,3.917329767962493547e-02,-6.232974725727256221e-02,1.750153143382945364e-01,-3.571059116389840304e-01,1.000968488126226186e+00,-3.510164533048384383e-01,-4.355307319149329115e-01,-5.099478762413203053e-02,-1.287245670653887619e-01,-6.598931491771825586e-02,-1.517550756483723451e-01,-9.783786266825358346e-01,1.018891301640051719e-02,-5.877376980292056130e-01,-2.077136536585358073e-01,-1.253394474700854052e-03,3.140178157058527986e-01
4.978032591634901950e-03,-7.235449561515079620e-02,6.607568849946581224e-01,2.353204033948141233e-02,-4.742649918273238521e-03,5.870603636993118046e-01,8.091871722428899405e-01,-4.707905443177505811e-01,2.113776835400360543e-02,1.188905623304850334e-01,1.224535049315010449e+00,-6.779388784786760658e-01,1.643798596312955607e-01,-5.490210645792183985e-01,-1.548892299207876855e-01,-1.424505832928339710e-01,1.314534889051667266e+00,-6.706367094926484196e-01,1.113873788278582806e-02,3.956583678960746281e-02,-6.206935587940622806e-02,1.749212896969752074e-01,-3.578958312738550473e-01,9.970993982196768579e-01,-3.483606622837727707e-01,-4.368721504936785016e-01,-4.982723181327165102e-02,-1.268575697910695188e-01,-6.291915868452699345e-02,-1.426610609476664515e-01,-9.746466694196317393e-01,1.275862918502115514e-03,-5.887736558340878057e-01,-2.078317731209957386e-01,-2.336039264144726749e-04,3.133199508243746934e-01
4.628196602965191017e-03,-7.225891199907327755e-02,6.602801358170686807e-01,2.338042026000213686e-02,-5.148898458971095347e-03,5.872332333238075019e-01,8.090636405581397295e-01,-4.717202535196876045e-01,2.157902884304653546e-02,1.189507347173054119e-01,1.227764542778025936e+00,-6.797212165074122403e-01,1.646826954422881961e-01,-5.493849479451287099e-01,-1.548622007078820084e-01,-1.423540838704724643e-01,1.316718638334796410e+00,-6.721183932095007307e-01,1.056248503561484954e-02,3.951891799368698055e-02,-6.120020405213614373e-02,1.745370988660012168e-01,-3.576420652754861984e-01,9.940311672609122295e-01,-3.459453524914618550e-01,-4.382086288926053674e-01,-4.960608893274035675e-02,-1.268660222567374873e-01,-6.040670266206685235e-02,-1.357575815350110515e-01,-9.735384047461396184e-01,-5.989708998491820313e-03,-5.901240665521918505e-01,-2.098848669931879241e-01,1.199204236250806833e-04,3.147276903817398108e-01
4.250122990000418724e-03,-7.215838926347287186e-02,6.599049595123706036e-01,2.306756355083907500e-02,-5.791584795512332885e-03,5.872003810737355112e-01,8.090921193067226458e-01,-4.721121059200994452e-01,2.222382846225144648e-02,1.183298160686205858e-01,1.230479653603669732e+00,-6.819544915814774733e-01,1.653921602914586730e-01,-5.489832003568853036e-01,-1.541387569195640794e-01,-1.426142284325054299e-01,1.317752228016633387e+00,-6.735320966382822849e-01,1.081361425249716471e-02,3.954073628406418878e-02,-6.011590393109859237e-02,1.744234854446039540e-01,-3.572916377852924374e-01,9.907370097564398570e-01,-3.429170992567348586e-01,-4.399419575721479347e-01,-4.686275136228332250e-02,-1.272767536025077306e-01,-5.821241140560653310e-02,-1.302853963421204131e-01,-9.728333414181170591e-01,-1.300042715580766728e-02,-5.900561016602254849e-01,-2.142051780376349746e-01,4.594625023136042312e-04,3.137752149214700359e-01
3.839643446388657597e-03,-7.207450394044162545e-02,6.594303985407713453e-01,2.281519757151006730e-02,-6.819376086844406923e-03,5.873622857613829407e-01,8.089737376050734063e-01,-4.721013633290199185e-01,2.314122497883489699e-02,1.175015817512683747e-01,1.233866185056008868e+00,-6.847407184301012029e-01,1.664470662659076616e-01,-5.483082190678543189e-01,-1.535422747612753269e-01,-1.432859683215366720e-01,1.319917233992581318e+00,-6.738621474924848531e-01,1.110382210956055264e-02,3.905584306846475451e-02,-5.906487773743702985e-02,1.747969962746174777e-01,-3.584744640618638956e-01,9.886193419574257346e-01,-3.415793765081277522e-01,-4.419161783757845074e-01,-4.431271684806042943e-02,-1.270558806725596568e-01,-5.588230738931324743e-02,-1.258587074672114225e-01,-9.724054519314621059e-01,-1.896771395599541193e-02,-5.888931263513996761e-01,-2.181127865860742199e-01,1.016706465333751599e-03,3.116436842074504221e-01
3.407050490293419154e-03,-7.199703154323763843e-02,6.594477635203277455e-01,2.233611328210649213e-02,-7.020740009192184480e-03,5.870354142462306246e-01,8.092226082320784775e-01,-4.718928592873632977e-01,2.411247340173027637e-02,1.181297949260346619e-01,1.233462152981006366e+00,-6.865098013388751808e-01,1.658969568071796963e-01,-5.478660500043651682e-01,-1.523760015058332473e-01,-1.429237080129004966e-01,1.317959191689060283e+00,-6.749793579019097711e-01,1.287089492552984278e-02,3.875890397782915525e-02,-5.892911952270595000e-02,1.746888708252398448e-01,-3.579588418289578744e-01,9.869549738662475313e-01,-3.396272069617252698e-01,-4.439190667777841992e-01,-4.187341823989752104e-02,-1.280930237183169063e-01,-5.408277998048854202e-02,-1.221110963931503063e-01,-9.719455131753235166e-01,-2.352960227376083707e-02,-5.876887668544601429e-01,-2.203634408483651497e-01,4.580413737638971798e-04,3.124433863202460970e-01
2.943005956473944158e-03,-7.197096472416676660e-02,6.590550141709783372e-01,2.275472742953966315e-02,-8.067196436412292157e-03,5.870227345863888724e-01,8.092103878473018153e-01,-4.709783128821464215e-01,2.410255995686278602e-02,1.179076274158328552e-01,1.236386026448015985e+00,-6.867517700831474725e-01,1.634532811969892918e-01,-5.458856686308994899e-01,-1.532175690599159867e-01,-1.435904911448303845e-01,1.319188804718739005e+00,-6.770699551881588230e-01,1.198091958728877797e-02,3.852483953353853102e-02,-5.820102557765096524e-02,1.770941598826491770e-01,-3.589347970417485767e-01,9.851917175287230322e-01,-3.381077739070764698e-01,-4.447488029464314319e-01,-3.833777194290995116e-02,-1.258066617610968663e-01,-5.685637273441683515e-02,-1.207483644718372606e-01,-9.710755711802092627e-01,-2.948163259649080187e-02,-5.859988780768080607e-01,-2.220526823453664866e-01,1.828420749126395337e-03,3.136062314396627637e-01
2.483611307679836622e-03,-7.194607824030675725e-02,6.590718448235893812e-01,2.235498577041715451e-02,-8.768653624005183847e-03,5.867243014473981777e-01,8.094306390394964135e-01,-4.700123579300304333e-01,2.533008922494866394e-02,1.180407031535194162e-01,1.236379947204373719e+00,-6.888401740378924387e-01,1.639492860796604445e-01,-5.444434771198976009e-01,-1.514480164728653766e-01,-1.433316026900751661e-01,1.317217654223577616e+00,-6.779341228702673305e-01,1.307558329085494429e-02,3.775077963991534807e-02,-5.809234983222987675e-02,1.774813006226138301e-01,-3.585649657726211470e-01,9.822766803517241074e-01,-3.366052132528910557e-01,-4.464309081854441752e-01,-3.920499490419826483e-02,-1.252801400553515965e-01,-5.801801743913134746e-02,-1.179494691835933778e-01,-9.685613466963550744e-01,-3.304971474655242492e-02,-5.835577851204865052e-01,-2.203291543590184809e-01,2.075090941612543500e-03,3.138883636190833992e-01
2.039045794407936749e-03,-7.193993056303980838e-02,6.591529134658350442e-01,2.251206456777937043e-02,-9.636847753055694660e-03,5.863757339581231465e-01,8.096689673807137000e-01,-4.680092741792141742e-01,2.657436778639547803e-02,1.193585966256807407e-01,1.236147616284728024e+00,-6.888993951596990017e-01,1.634452476075979321e-01,-5.430428986569187932e-01,-1.505735143034922507e-01,-1.424506099349095722e-01,1.316860490080588031e+00,-6.761099797650876875e-01,1.533494902044531781e-02,3.689737500860610503e-02,-5.859584792525291547e-02,1.777590778559285378e-01,-3.566911796468006934e-01,9.791574828751502535e-01,-3.340186638689314202e-01,-4.459944718945634268e-01,-3.974630233831365211e-02,-1.235109314456631496e-01,-5.674011647312721118e-02,-1.163860763582961755e-01,-9.669925311324450989e-01,-3.547032878351497054e-02,-5.799326357287991618e-01,-2.204427064560529059e-01,3.534211631198688579e-03,3.128506026789368843e-01
1.630168971753704395e-03,-7.194122808903340160e-02,6.589447704302089370e-01,2.273430218056920332e-02,-1.032731865451730346e-02,5.854223434347129995e-01,8.103438639251731024e-01,-4.665425254483093753e-01,2.718662585999040426e-02,1.201878164572908192e-01,1.237187945813719381e+00,-6.906746881678383909e-01,1.638119315334047033e-01,-5.420324116661732194e-01,-1.491401221773268337e-01,-1.408873160491363463e-01,1.316592727077785074e+00,-6.779967834834327300e-01,1.555652491723757795e-02,3.650167020086547698e-02,-5.853381720735119365e-02,1.783827665457040079e-01,-3.540368996712452421e-01,9.774301527324963379e-01,-3.311490613170050556e-01,-4.463894346222561649e-01,-3.939639563953864498e-02,-1.225523003450372794e-01,-5.526875067242917328e-02,-1.173848644978894573e-01,-9.657029977581295110e-01,-3.600469597199022070e-02,-5.776124841218347461e-01,-2.200515761402365156e-01,4.348448525528814460e-03,3.129639490621708431e-01
1.296745537987400911e-03,-7.193887214048415302e-02,6.588891071212591433e-01,2.303227024636552572e-02,-1.145434515722966624e-02,5.846537437874943510e-01,8.108750288297108533e-01,-4.642858732915952080e-01,2.896859981933454925e-02,1.215410670660888731e-01,1.238338317848189929e+00,-6.908358422181953840e-01,1.638433614558899298e-01,-5.401940503596186494e-01,-1.480184301870429153e-01,-1.403385771322294140e-01,1.316585255685244427e+00,-6.768857440069419029e-01,1.672054580348332140e-02,3.591404188199980724e-02,-5.788304297896334355e-02,1.793695798866458413e-01,-3.515550703276758560e-01,9.768363869655831699e-01,-3.297823046813960213e-01,-4.467677594127134610e-01,-4.042387474852939672e-02,-1.199519403961453456e-01,-5.885159835093728420e-02,-1.189749741317954052e-01,-9.649506302838591898e-01,-3.522414807147993682e-02,-5.745991659023916842e-01,-2.197459524703359868e-01,6.309260911058489629e-03,3.139867013197709666e-01
1.063402418100354435e-03,-7.191544048483679286e-02,6.588301715547449922e-01,2.293625737104265649e-02,-1.178500443324231699e-02,5.840561391203982211e-01,8.113035610202211645e-01,-4.632946852488398215e-01,2.920199730186282677e-02,1.213728236534266230e-01,1.237942902506676157e+00,-6.929242232793171308e-01,1.635525816357123463e-01,-5.396590654505907247e-01,-1.469350315397205398e-01,-1.397976499304940945e-01,1.315906489918241329e+00,-6.781118928808793633e-01,1.683057788931265758e-02,3.516527920419767334e-02,-5.755640123878218162e-02,1.799561974182193047e-01,-3.476232415825009636e-01,9.752510370116808103e-01,-3.272044071396575937e-01,-4.485012400338977967e-01,-4.354974581327777233e-02,-1.183347108797225544e-01,-5.918252482538603754e-02,-1.190829446331226338e-01,-9.621842431174313370e-01,-3.456229819252266966e-02,-5.742990591220769048e-01,-2.157806199359314780e-01,6.984138891589521808e-03,3.136058898223757496e-01
9.307064955966339384e-04,-7.188071053072284111e-02,6.585158471610960129e-01,2.292794896550810410e-02,-1.220106312632811968e-02,5.834309879173141811e-01,8.117473286390589626e-01,-4.629804963571226284e-01,2.932519379110005986e-02,1.207354353965123250e-01,1.239650960195193274e+00,-6.951501813584776146e-01,1.641181571450416599e-01,-5.392517998357898579e-01,-1.455519664487131271e-01,-1.389818282076114575e-01,1.316231454989520655e+00,-6.806205716793868321e-01,1.616049712224491494e-02,3.476961996336972588e-02,-5.689603050519213140e-02,1.806114401875407172e-01,-3.439191227379674309e-01,9.750573785167426788e-01,-3.240747626307881046e-01,-4.508157840811977124e-01,-4.601013306929533503e-02,-1.174285258277455585e-01,-5.797438745967263551e-02,-1.194224686313910128e-01,-9.593749939364124568e-01,-3.457251390998825058e-02,-5.755232142664130635e-01,-2.120848737102477566e-01,6.108892236325103899e-03,3.115357795671098162e-01
8.759135055699603274e-04,-7.183507811916746422e-02,6.582225798903859060e-01,2.324737659184460126e-02,-1.257549118673472258e-02,5.824261014148496285e-01,8.124538466237378742e-01,-4.619398183854614426e-01,2.975662747789301066e-02,1.213209084897021728e-01,1.241128448837756748e+00,-6.967986490677993139e-01,1.644910964834924438e-01,-5.389105935296950589e-01,-1.443881564594988454e-01,-1.375501431825822685e-01,1.316962415605280823e+00,-6.826194084476183699e-01,1.623197757982643846e-02,3.460839028657016619e-02,-5.674437741913977706e-02,1.816821198361116274e-01,-3.392933464931638943e-01,9.768080559562715148e-01,-3.199383473155830160e-01,-4.530194422227237783e-01,-4.450641201286162363e-02,-1.165599172552207047e-01,-5.633560337701558340e-02,-1.208845406652759163e-01,-9.570234625656024452e-01,-3.480980605583079007e-02,-5.766353894706214289e-01,-2.118446535474804993e-01,6.419205816074547225e-03,3.100262566450183166e-01
8.913469110030059969e-04,-7.177736831908884674e-02,6.579055683765520079e-01,2.356522920138642146e-02,-1.302010313327779840e-02,5.809791333023898163e-01,8.134730502937935759e-01,-4.610637607102280322e-01,3.054556025284970583e-02,1.218640375559574551e-01,1.243554447411503006e+00,-6.977567965133073535e-01,1.658863863172045927e-01,-5.385848680967190161e-01,-1.424714939654444790e-01,-1.357859394658461893e-01,1.317578046516550749e+00,-6.847470511857254305e-01,1.601165691302365579e-02,3.483604552243920599e-02,-5.663497571946034953e-02,1.831216723509579425e-01,-3.334859522338589066e-01,9.784213502486663883e-01,-3.136745245889829836e-01,-4.552372037257685355e-01,-4.217568562900263218e-02,-1.166731017727575814e-01,-5.305110775450336269e-02,-1.231641120089108504e-01,-9.558776583311638930e-01,-3.452435770289370709e-02,-5.781656158679784330e-01,-2.119417625764932755e-01,6.874537024504099279e-03,3.103946835297138884e-01
9.645545642944085719e-04,-7.169915343231442195e-02,6.575699154665868296e-01,2.395822902326728149e-02,-1.368784212933856111e-02,5.798474695791212552e-01,8.142576731370734233e-01,-4.596275708246841396e-01,3.145385735238030028e-02,1.221931350447346548e-01,1.245821599730817075e+00,-6.991433856420194992e-01,1.666770765341937244e-01,-5.379224264722579640e-01,-1.407746007369768959e-01,-1.344012676196799649e-01,1.318981704815227252e+00,-6.860126580413640207e-01,1.543555358471682820e-02,3.431978897026722458e-02,-5.653440687112866458e-02,1.848749998241370485e-01,-3.269275137903759343e-01,9.790990345074275236e-01,-3.072776802932437601e-01,-4.579877121690740793e-01,-4.040410958396151164e-02,-1.153653743695452066e-01,-5.280781568327930914e-02,-1.254921268153184610e-01,-9.531256740401319316e-01,-3.395169731225296944e-02,-5.797180155859350537e-01,-2.107692758333007677e-01,7.982444849502955825e-03,3.115155705683187448e-01
1.093599731607447370e-03,-7.158778853427390232e-02,6.574510229111346638e-01,2.422787998097023984e-02,-1.396461180420870314e-02,5.786228090457828932e-01,8.151157244838016513e-01,-4.584683434027179705e-01,3.189518287186992457e-02,1.223672544612989244e-01,1.246881596189117980e+00,-6.995990329639649730e-01,1.670370107808476501e-01,-5.371690105142844507e-01,-1.384981843295400306e-01,-1.323495588910553744e-01,1.318386745474869670e+00,-6.882600471067977788e-01,1.466836774889935212e-02,3.397010052996749657e-02,-5.675950661618760912e-02,1.869881916113797227e-01,-3.184933390053501512e-01,9.782877449198482678e-01,-2.984427928366599758e-01,-4.607488298727861475e-01,-3.776011469413350502e-02,-1.141721324992544528e-01,-5.032523065148002822e-02,-1.271578426240602133e-01,-9.494432211536356636e-01,-3.395766422008759944e-02,-5.820167824003522616e-01,-2.096448352144097971e-01,8.529261764934341350e-03,3.114880337754750150e-01
1.258065856897833991e-03,-7.142942703564032769e-02,6.573027700691744801e-01,2.429380489230623108e-02,-1.427999305800179558e-02,5.774559116629324196e-01,8.159353913930008639e-01,-4.573456528998275372e-01,3.273157429289038495e-02,1.222992011765478004e-01,1.247905567828268669e+00,-7.009181328639397801e-01,1.672042453376713089e-01,-5.365982229462905595e-01,-1.362229220927783646e-01,-1.309335204347222836e-01,1.318102371830325303e+00,-6.898023604056323643e-01,1.449390710773951554e-02,3.323127343413755097e-02,-5.689755460868179543e-02,1.882606647140097622e-01,-3.094850724731408320e-01,9.783331608500241972e-01,-2.906660284481038525e-01,-4.647365564129233295e-01,-3.841553749764004683e-02,-1.137522270550723053e-01,-5.048695912945320302e-02,-1.281026226136542379e-01,-9.481710752362610961e-01,-3.330041920851058157e-02,-5.845384549046588329e-01,-2.091448356921756790e-01,9.273439190015268785e-03,3.125527870984870504e-01
1.459716488330707043e-03,-7.123626038396485560e-02,6.571535904769763015e-01,2.416461919660021357e-02,-1.454566804977374360e-02,5.764471646320601383e-01,8.166475133787696183e-01,-4.566497686957697866e-01,3.435018673096738862e-02,1.226975350750942051e-01,1.249316711670621638e+00,-7.021181664909310616e-01,1.669490503980995966e-01,-5.359684138190631275e-01,-1.338753916340089389e-01,-1.299536065910853744e-01,1.317367205689536247e+00,-6.915497834043303760e-01,1.491844667773337303e-02,3.231540605579787118e-02,-5.693009978287510292e-02,1.893067177774148957e-01,-3.008805270650475872e-01,9.798058635354635060e-01,-2.827824909688803623e-01,-4.691232040322217411e-01,-3.814949142845821400e-02,-1.137921569043165715e-01,-5.042589932438851230e-02,-1.285414674132961121e-01,-9.465902182204010140e-01,-3.296669629105767468e-02,-5.870877539024759173e-01,-2.074272124847685583e-01,9.232709750909581445e-03,3.140382786263833936e-01
1.681683061730409635e-03,-7.101507379212924909e-02,6.569071378884013823e-01,2.438639182056246552e-02,-1.503185393407443886e-02,5.753287432029506876e-01,8.174204453681055416e-01,-4.552141587296805736e-01,3.558648591017211926e-02,1.230918806599149429e-01,1.251153416171344235e+00,-7.033566998254173752e-01,1.672812818286733005e-01,-5.353174169145432648e-01,-1.318038949800540982e-01,-1.285496187341081675e-01,1.318286146408103710e+00,-6.926601415063180500e-01,1.437834760928893667e-02,3.188043066232916500e-02,-5.720075831180090192e-02,1.907451468064259581e-01,-2.923774779574687122e-01,9.807962292825961326e-01,-2.748531131113166048e-01,-4.732122776501618833e-01,-3.439502356103546488e-02,-1.135371870258329446e-01,-4.919793740261517445e-02,-1.285187747485815879e-01,-9.448171740258838325e-01,-3.321580699107670037e-02,-5.895420990575329645e-01,-2.093523312296770855e-01,1.014764940055744996e-02,3.141465393104499459e-01
1.929928486047094525e-03,-7.076031283020439711e-02,6.568802427296355217e-01,2.415499263882536080e-02,-1.480460228714121883e-02,5.742656870868042551e-01,8.181786361892242621e-01,-4.548293897038216405e-01,3.651480128030629851e-02,1.234421705879175657e-01,1.251276133636309185e+00,-7.046425531322058067e-01,1.672398745433769374e-01,-5.352254592228588015e-01,-1.293996974759154261e-01,-1.270488387959853582e-01,1.316726212544693020e+00,-6.952386401803887228e-01,1.420493405182356172e-02,3.092611761164597642e-02,-5.684043974687567891e-02,1.914326380402149030e-01,-2.823292609754625704e-01,9.822427518507035327e-01,-2.676525618136591511e-01,-4.779319219649601491e-01,-3.375197718713135453e-02,-1.143081939682388248e-01,-4.770671131900735412e-02,-1.282778728881545927e-01,-9.432051455677646912e-01,-3.271231043193187360e-02,-5.937814990261595094e-01,-2.068453244664291146e-01,9.804363512810668896e-03,3.156408722308661763e-01
2.185269468596985534e-03,-7.050774763209516349e-02,6.567285888570446595e-01,2.420013233626607321e-02,-1.497925961817293122e-02,5.732064174591927630e-01,8.189165881576688788e-01,-4.537577981156696305e-01,3.753012713156516494e-02,1.237875673976487345e-01,1.252251334031589503e+00,-7.059749385047817682e-01,1.679986916690845156e-01,-5.349416032407138255e-01,-1.277714722454298124e-01,-1.262197048737473959e-01,1.317156171402949827e+00,-6.963880122532977168e-01,1.383430497482535798e-02,3.028275051697413775e-02,-5.700648278585070117e-02,1.925597947837618396e-01,-2.733119667862752289e-01,9.825321722818379788e-01,-2.608487253849791632e-01,-4.827212780294338201e-01,-3.317826212223905918e-02,-1.140873559580960206e-01,-4.619843850720437711e-02,-1.276571858787663438e-01,-9.404423626418534354e-01,-3.172094759841032063e-02,-5.973117606425739634e-01,-2.051502243919868240e-01,1.040131189730179179e-02,3.166403289117477593e-01
2.446979724805868704e-03,-7.026692563865463703e-02,6.565736735327364348e-01,2.403504220241516748e-02,-1.499605436713381118e-02,5.721804171694631069e-01,8.196383381147605007e-01,-4.536035533984126844e-01,3.838948810659296995e-02,1.234956037816840879e-01,1.253711468651117489e+00,-7.068365200166483175e-01,1.679898854162649724e-01,-5.348603293020053329e-01,-1.250186577292544676e-01,-1.244479510582001125e-01,1.316602585997233898e+00,-6.985702047602760922e-01,1.321467592301957608e-02,2.964769290187915796e-02,-5.707045459341092419e-02,1.936790723425850236e-01,-2.647296832013626977e-01,9.837905465258901527e-01,-2.540482945766402989e-01,-4.881443318322737923e-01,-3.189359758192018834e-02,-1.143175502928453074e-01,-4.286184888884852356e-02,-1.264506445390493339e-01,-9.391534242303254398e-01,-3.139768339656344442e-02,-6.017351278009485105e-01,-2.051103567472650213e-01,1.021954864241544740e-02,3.163516591995665372e-01
2.695594806544817420e-03,-7.005198496410942888e-02,6.564687293375072175e-01,2.397117097837752134e-02,-1.542854651107846906e-02,5.712947849140961321e-01,8.202497251718156024e-01,-4.523890640207097191e-01,3.972229943122259493e-02,1.232972820131857106e-01,1.254727647986981998e+00,-7.080058478457406101e-01,1.682459367670260109e-01,-5.342432768616343086e-01,-1.231801788469824299e-01,-1.241160741983207139e-01,1.316963530280485850e+00,-6.984606529405402719e-01,1.308796230866452262e-02,2.915350111092009783e-02,-5.721618701717853805e-02,1.953464016831119310e-01,-2.568324030129884306e-01,9.829138759405229298e-01,-2.467710082399260652e-01,-4.928025556294288179e-01,-2.936448334304490870e-02,-1.132108801434303230e-01,-4.013202641255073089e-02,-1.237740880243667352e-01,-9.356909814282770022e-01,-3.228812369171336211e-02,-6.047339186278828382e-01,-2.039007328742324654e-01,1.048102577090083420e-02,3.169456781612886576e-01
2.935383926814223200e-03,-6.986025042535368157e-02,6.565005825648845272e-01,2.371446007318479821e-02,-1.571483139188684097e-02,5.704935515896951692e-01,8.208092202530009596e-01,-4.518050862120425726e-01,4.117400202080241656e-02,1.229627053480651516e-01,1.255603147107480888e+00,-7.079200262053074733e-01,1.681759123924996269e-01,-5.337151975183267449e-01,-1.207215671172121862e-01,-1.233920011922527427e-01,1.316222836917252836e+00,-6.981664535992238019e-01,1.328041304301018181e-02,2.862629956608350040e-02,-5.730216822256067877e-02,1.969648080422629621e-01,-2.492731663312755530e-01,9.818044625486926913e-01,-2.406287631464332777e-01,-4.975453787779198223e-01,-2.898205984266972318e-02,-1.123516166163194413e-01,-3.924464797520349491e-02,-1.199961249660429774e-01,-9.317568834445385528e-01,-3.279381103674010312e-02,-6.080049296792371383e-01,-2.017726060573927782e-01,1.066619411302109979e-02,3.181327598095298748e-01
3.156106579188102963e-03,-6.969075856433323835e-02,6.564291086238468464e-01,2.356744428514498044e-02,-1.569849370195399926e-02,5.697119903199810986e-01,8.213564274728747394e-01,-4.513825190486688288e-01,4.187093439117176713e-02,1.227681641535016549e-01,1.255962705088034870e+00,-7.090046095280329030e-01,1.678529488259474234e-01,-5.337408860916661446e-01,-1.189572590904622584e-01,-1.225141255756995312e-01,1.315883584636098336e+00,-6.992659979245203772e-01,1.305965906813322946e-02,2.833133141460827606e-02,-5.718900092298061233e-02,1.984782570879080610e-01,-2.422395793784396512e-01,9.818182782527226093e-01,-2.345294692600490560e-01,-5.020730703795527328e-01,-2.722773887329709222e-02,-1.118652797927494613e-01,-3.861291189515081435e-02,-1.159509917991627670e-01,-9.280241641993480783e-01,-3.405994187101792081e-02,-6.125054772862844610e-01,-2.022160713310409141e-01,1.092356173049676901e-02,3.200058966068305422e-01
3.357521603014084009e-03,-6.954121500992242744e-02,6.564591527441003826e-01,2.341226723516571032e-02,-1.592818198588605294e-02,5.689755554494171363e-01,8.218667629625634463e-01,-4.508048913457183282e-01,4.274371901316498246e-02,1.222450570368365519e-01,1.256579289545193046e+00,-7.089449458868276599e-01,1.679587815329859901e-01,-5.330654117424794558e-01,-1.170195586707085400e-01,-1.219554050011952967e-01,1.314952607725057954e+00,-6.996346448615282654e-01,1.308616335925255961e-02,2.818217267284390051e-02,-5.716326362707566805e-02,2.003235999188698879e-01,-2.364109329700265771e-01,9.814223533176010816e-01,-2.286528992805813287e-01,-5.060714815248124054e-01,-2.279221578818550753e-02,-1.113212833409183561e-01,-3.671185710974563671e-02,-1.108263246914857753e-01,-9.242089232861057102e-01,-3.567006063155497841e-02,-6.164148137687750495e-01,-2.042753204353434660e-01,1.086272738797668634e-02,3.203190235880104542e-01
3.527312797659673017e-03,-6.940019380950897265e-02,6.563840606939341793e-01,2.339098247088091873e-02,-1.615242625250914305e-02,5.682801649363408147e-01,8.223439762077248139e-01,-4.499446774437771968e-01,4.365768622381967223e-02,1.223271288163758352e-01,1.257119598242137037e+00,-7.098013019404982860e-01,1.677717994770747956e-01,-5.326791811845534852e-01,-1.158333565454133102e-01,-1.216470043270689583e-01,1.315046357133015098e+00,-6.999640337216174180e-01,1.311835910632111815e-02,2.805146467511943076e-02,-5.748987045914084881e-02,2.022682530983937188e-01,-2.312915802232031193e-01,9.809246748973449170e-01,-2.234832361065215711e-01,-5.102594145319671037e-01,-2.093170217096777114e-02,-1.110310284188294472e-01,-3.582267595775482510e-02,-1.049315566097948627e-01,-9.198982874739188853e-01,-3.758480608905451215e-02,-6.202072518364952769e-01,-2.052182785373325158e-01,1.178106848827742414e-02,3.207084079368623386e-01
3.672959996169725648e-03,-6.925895499689381507e-02,6.563367757368567812e-01,2.333954611716659855e-02,-1.619787191616789759e-02,5.675873781499024551e-01,8.228228622840720874e-01,-4.493110518492040573e-01,4.425884574657138609e-02,1.224617915701831650e-01,1.257315605977454176e+00,-7.107229597458553094e-01,1.678800585888120811e-01,-5.325435015510137093e-01,-1.149265264798131070e-01,-1.213555854269075807e-01,1.314849667430148417e+00,-7.004705671766916497e-01,1.351208818462958094e-02,2.812222678093273531e-02,-5.768002544750241295e-02,2.038793529216688938e-01,-2.267095321161743671e-01,9.809137724156721250e-01,-2.186783006045417699e-01,-5.139710644777513160e-01,-2.020037906032259856e-02,-1.110533425229184856e-01,-3.511885989279275866e-02,-9.805486804537369427e-02,-9.157616382490517681e-01,-3.961188088192269668e-02,-6.246790654244058771e-01,-2.063731945529286849e-01,1.216512209784819006e-02,3.212485903117548447e-01
3.789621362988657323e-03,-6.911656553810041625e-02,6.563987610552295404e-01,2.332095336286375137e-02,-1.655880238435377891e-02,5.670112947199389408e-01,8.232132960890893303e-01,-4.479821692800810551e-01,4.532566767603337515e-02,1.226835434357700511e-01,1.257185610884531624e+00,-7.110497378071621855e-01,1.676039976426410283e-01,-5.318451681331033409e-01,-1.137203869419164126e-01,-1.210472248295530046e-01,1.314621037303042916e+00,-6.993564639651084214e-01,1.421772243305170248e-02,2.794104700959583812e-02,-5.817835503857034934e-02,2.058017831487921612e-01,-2.230752603485092189e-01,9.799622978899783510e-01,-2.144604395289787524e-01,-5.170391634110275136e-01,-1.841176318228436581e-02,-1.102861868129735856e-01,-3.390447240931089568e-02,-9.035306569151761724e-02,-9.107518272115701086e-01,-4.077762713340702533e-02,-6.282521986204164799e-01,-2.063768338392718282e-01,1.219857086862813009e-02,3.212272413188727027e-01
3.881637012102434354e-03,-6.895932714158825583e-02,6.565693546828413885e-01,2.293435313405907741e-02,-1.629038543430244221e-02,5.664384311002917949e-01,8.236237870298340757e-01,-4.476726086394695603e-01,4.574579611120310058e-02,1.225080215864191302e-01,1.255734574430612316e+00,-7.119322604183813130e-01,1.665019195893498172e-01,-5.317439626097748562e-01,-1.123438383520075218e-01,-1.206188053148198741e-01,1.312489701482670856e+00,-7.002784015006212615e-01,1.470451662369429667e-02,2.791092157663128265e-02,-5.845991920721941432e-02,2.071278586408959455e-01,-2.189892415344691090e-01,9.787134793361348395e-01,-2.102027633073301760e-01,-5.198771402958737298e-01,-1.926281327699200935e-02,-1.098679713504668171e-01,-3.399119299643421632e-02,-8.171184213202239977e-02,-9.054058165083604948e-01,-4.209503701166113221e-02,-6.327866355443899637e-01,-2.025039254432526581e-01,1.180645780758959179e-02,3.220787822044048898e-01
3.934993760975302214e-03,-6.880523908537100608e-02,6.565055605116135728e-01,2.282853770516982475e-02,-1.657041165455688109e-02,5.662674521584253329e-01,8.237387036857312106e-01,-4.469021740982330737e-01,4.598155741575511712e-02,1.218429933286170330e-01,1.255778173449067170e+00,-7.132812970100466110e-01,1.666254613776147475e-01,-5.316285479102509370e-01,-1.117658611729843571e-01,-1.207318744365758617e-01,1.313441215577051624e+00,-6.992737097886801978e-01,1.520053086532525619e-02,2.717789977663196549e-02,-5.891513375304461425e-02,2.083598724857770590e-01,-2.159600085848469020e-01,9.775725693613271927e-01,-2.062119759900394589e-01,-5.224955812703677704e-01,-1.823655377158028834e-02,-1.101204089001168451e-01,-3.154590163665561831e-02,-7.258743167405863617e-02,-8.987117246733973275e-01,-4.420724657873882635e-02,-6.362022562838178796e-01,-2.012008397382329949e-01,1.189025141830529764e-02,3.192794816784393919e-01
3.952231834802415189e-03,-6.865056883519841946e-02,6.565241796920754380e-01,2.264920274862875296e-02,-1.635278653731723347e-02,5.659412764026199305e-01,8.239721303849366629e-01,-4.467247631813346387e-01,4.571605956928644077e-02,1.215924822892286844e-01,1.255000005714785871e+00,-7.144440580034979726e-01,1.668001963044286606e-01,-5.322065180763111414e-01,-1.114821140839528935e-01,-1.204633028509129178e-01,1.313533302742670994e+00,-6.990879851321178950e-01,1.590309844664261618e-02,2.699945462550526823e-02,-5.952677580304294863e-02,2.094718604048238231e-01,-2.129099315612116017e-01,9.774844181916827468e-01,-2.019378059984447416e-01,-5.244202145286938066e-01,-1.564375635953286353e-02,-1.106034759837205700e-01,-2.861314531020066332e-02,-6.237355511951107878e-02,-8.923496898426021007e-01,-4.719778812523975353e-02,-6.402416340338730194e-01,-2.005383146219047175e-01,1.117694036338350017e-02,3.176352426131034412e-01
3.927561133624256177e-03,-6.850930374519248467e-02,6.563647523378915993e-01,2.255897584858467669e-02,-1.659022290012487563e-02,5.656596181916183630e-01,8.241632444243683908e-01,-4.464931136541482881e-01,4.593151429795715862e-02,1.211602360364397585e-01,1.255991966780649838e+00,-7.154740275635945723e-01,1.669903154461606365e-01,-5.322616902730832322e-01,-1.110874609687052261e-01,-1.205075925704435502e-01,1.314547833667980115e+00,-6.989401212373390626e-01,1.618275275918366549e-02,2.650690542291765650e-02,-6.016277490423048435e-02,2.108240211274299558e-01,-2.109050433641185274e-01,9.773790783966664897e-01,-1.984033180368743043e-01,-5.257139029047876999e-01,-1.103069261619035908e-02,-1.107312139202840384e-01,-2.656902605889833319e-02,-5.263864040297890068e-02,-8.864209904540473195e-01,-5.029926696139759568e-02,-6.433790658673981255e-01,-2.019756593514217269e-01,1.102674305884523975e-02,3.160894880667791118e-01
3.873197533105886790e-03,-6.838158261951700345e-02,6.561962249871458042e-01,2.243556437451059773e-02,-1.685554682082936878e-02,5.655566930530084857e-01,8.242318623636885055e-01,-4.464196800425245248e-01,4.607386031674454846e-02,1.205934771582257981e-01,1.257124896383685408e+00,-7.166274904958699343e-01,1.676941275106738627e-01,-5.322234441964220908e-01,-1.110299562888825975e-01,-1.210120059284180427e-01,1.315587421005978142e+00,-6.988698713743451973e-01,1.629266764865856809e-02,2.647633216048173380e-02,-6.084985251088314423e-02,2.122754741514638888e-01,-2.098271235508164800e-01,9.774692313694868240e-01,-1.951054379556638740e-01,-5.264701087403546031e-01,-4.205407246120795167e-03,-1.109936073098724968e-01,-2.109657378089939417e-02,-4.188790656465107148e-02,-8.808016449447592100e-01,-5.387860891121298845e-02,-6.462219333680189193e-01,-2.045701091010524164e-01,1.064408319024803297e-02,3.135800708143233195e-01
3.790584548518881845e-03,-6.825713554922244186e-02,6.561085617415118865e-01,2.234880504616933855e-02,-1.707027634158121004e-02,5.653276616401644583e-01,8.243869064723765572e-01,-4.462581835294368027e-01,4.585953033582460675e-02,1.198283126400740556e-01,1.257853989156328511e+00,-7.172272864770125045e-01,1.681631774576658189e-01,-5.319578522813595001e-01,-1.106979724906405060e-01,-1.210669354482517279e-01,1.315892248664134234e+00,-6.992835135234494182e-01,1.609149348073781252e-02,2.654587433822756110e-02,-6.124148002489540610e-02,2.132967448918337006e-01,-2.080047358682211855e-01,9.771759414855606396e-01,-1.927805072326498059e-01,-5.260805836770514610e-01,1.937010267983940021e-03,-1.116416944429204083e-01,-1.604107983048908004e-02,-3.161698987825788121e-02,-8.745061211894424869e-01,-5.645248819249523708e-02,-6.486205284404288340e-01,-2.047410621524471952e-01,1.031709572719487558e-02,3.103712462156713592e-01
3.696752515823974010e-03,-6.813005857226092643e-02,6.562180806264237276e-01,2.201460432543517545e-02,-1.720072263550932734e-02,5.656599617886102216e-01,8.241652139993046466e-01,-4.461831309728121475e-01,4.606752440797207832e-02,1.192513203910368080e-01,1.257359719942713783e+00,-7.175922478074880928e-01,1.677901437385304062e-01,-5.315737239028863748e-01,-1.111880788279923093e-01,-1.224718795290912210e-01,1.315507049929337979e+00,-6.981189117087989171e-01,1.650853337460386761e-02,2.685230381102390179e-02,-6.195793773919355818e-02,2.138020467464185059e-01,-2.070048827008487691e-01,9.764589404566483832e-01,-1.916657177352311670e-01,-5.257383358471889867e-01,6.527111559240874467e-03,-1.127112741882740493e-01,-1.281209080524336151e-02,-1.880592956681137462e-02,-8.680087036404676715e-01,-5.908219561351126664e-02,-6.498288790264257209e-01,-2.050349281156300107e-01,9.977743072962275833e-03,3.079173888663916392e-01
3.586310548431974853e-03,-6.800334377714288558e-02,6.563410855660739562e-01,2.188016499326546349e-02,-1.754283777279769946e-02,5.662242095670280140e-01,8.237740295268718427e-01,-4.458446771969995504e-01,4.582185496031450367e-02,1.182238496637127712e-01,1.257154827820195608e+00,-7.169506564481542554e-01,1.670056437114931791e-01,-5.308492441732457490e-01,-1.120208199820955930e-01,-1.238281400123555365e-01,1.315822604023126674e+00,-6.959039919548164477e-01,1.709856388329263760e-02,2.753610169276037023e-02,-6.277903957459657347e-02,2.152910881691079414e-01,-2.067069281153125770e-01,9.739896209396126103e-01,-1.898906615637399597e-01,-5.243441890746202150e-01,1.224037843094756550e-02,-1.132657283956721717e-01,-9.421788177890026011e-03,-5.289337963749106419e-03,-8.616928535599547301e-01,-6.341212452790784271e-02,-6.504084355334315282e-01,-2.078938327702886668e-01,1.030157226170887348e-02,3.056310042545524186e-01
3.487974603275180267e-03,-6.783970404556832756e-02,6.569754186736908030e-01,2.132369913118691007e-02,-1.702564684130143668e-02,5.672256719984858364e-01,8.231102382007314811e-01,-4.458525053122536219e-01,4.449525371648112293e-02,1.167130053698586800e-01,1.252731486640251912e+00,-7.160901585286451043e-01,1.640637796594022479e-01,-5.298701692732946666e-01,-1.120507783723638517e-01,-1.241511107496082456e-01,1.311541137065432849e+00,-6.956220645876324271e-01,1.658204265389894710e-02,2.807084798177243712e-02,-6.273895994469234905e-02,2.167132364161125646e-01,-2.049711360948261729e-01,9.704258956358979837e-01,-1.888430460055560423e-01,-5.220702301938331402e-01,1.764010356680166883e-02,-1.116233422367680639e-01,-3.962777641645756285e-03,9.835958116253849109e-03,-8.546035023108434769e-01,-6.786827927992108989e-02,-6.520392213309682550e-01,-2.105677801760358347e-01,1.112417847273440216e-02,3.026748366924821854e-01
3.402933001778392884e-03,-6.763271039479749891e-02,6.575284086953796514e-01,2.108720407597497112e-02,-1.713544903985587606e-02,5.683335655162981004e-01,8.223494783350890902e-01,-4.446184912239882214e-01,4.337261451420022784e-02,1.151937588578801491e-01,1.249229194878483495e+00,-7.153238864017715803e-01,1.630412637046591562e-01,-5.278468331385668399e-01,-1.130162497823902629e-01,-1.255761563881948595e-01,1.308828065730360812e+00,-6.934523450383276444e-01,1.790005378623785171e-02,2.874714012548751363e-02,-6.286291280917334634e-02,2.171879035601166907e-01,-2.041472746988427511e-01,9.662059253222248234e-01,-1.892228267388406659e-01,-5.192697659064460236e-01,1.758214326585965520e-02,-1.120675044550103888e-01,-1.623834074053874576e-03,2.546840179684466826e-02,-8.445315929427555934e-01,-7.189866095265612378e-02,-6.514903717616227219e-01,-2.105889916600554024e-01,1.158558922121869991e-02,2.962365264862909520e-01
3.367652542544367130e-03,-6.736193120219532982e-02,6.587738869368073846e-01,2.078343111959347206e-02,-1.716612472817559062e-02,5.696808383929686803e-01,8.214238342783822810e-01,-4.410339265206814630e-01,4.166934393330803954e-02,1.134598087960407842e-01,1.240209756137133690e+00,-7.135730269803506332e-01,1.611605487673390402e-01,-5.237198026274619833e-01,-1.138163838273056477e-01,-1.275078431208976626e-01,1.301808306465783938e+00,-6.901367317817468372e-01,1.905242760111289929e-02,2.994403560219001392e-02,-6.283152508312353501e-02,2.185818086048154085e-01,-2.051511551784392928e-01,9.620667880349582646e-01,-1.895464727960836648e-01,-5.128761530819851977e-01,1.982734930786314576e-02,-1.140240123818102996e-01,-2.232901184872981750e-03,4.176094854849816962e-02,-8.344615242047593862e-01,-7.562999256154849526e-02,-6.484150998634684582e-01,-2.101314369606020471e-01,1.003593238736260641e-02,2.912287630367162983e-01
3.401873670163527239e-03,-6.700775359747378201e-02,6.602209467351054517e-01,2.020604415737681236e-02,-1.800862454616456929e-02,5.712506848964696848e-01,8.203292389198258983e-01,-4.367156498086429139e-01,4.187004030543746425e-02,1.113761514230696692e-01,1.232232977279924979e+00,-7.109406977016853313e-01,1.616932468190576400e-01,-5.181858404031657317e-01,-1.135223563488666210e-01,-1.304514200623184406e-01,1.294524564658507515e+00,-6.830773471952458209e-01,2.241882114863736480e-02,3.076504056575710827e-02,-6.309077453899693266e-02,2.190248726198313345e-01,-2.039881491575616657e-01,9.560135059922636458e-01,-1.899474792673283563e-01,-5.065575554465866492e-01,2.701467096964661752e-02,-1.157349880459828950e-01,4.394406311143255264e-03,6.070466214549823797e-02,-8.221197535149440405e-01,-7.852814722210924026e-02,-6.421929540362457667e-01,-2.107583846840939412e-01,9.237418040280864426e-03,2.819291867928513939e-01
3.526851556145758470e-03,-6.655012766874413010e-02,6.617142229737982273e-01,1.989544848252115111e-02,-1.793383740181229979e-02,5.727261366288687316e-01,8.193090509861931103e-01,-4.325329180713284871e-01,4.102676647433162183e-02,1.105027551256850815e-01,1.222235861279638680e+00,-7.080011832041364084e-01,1.588577949726527605e-01,-5.141800856171284684e-01,-1.146442604057802545e-01,-1.325626665472773025e-01,1.287836338705479422e+00,-6.767308916936111141e-01,2.498517529690979025e-02,3.175470094192423681e-02,-6.287506899833339435e-02,2.190253406222690824e-01,-1.988163587961266354e-01,9.484028487069138258e-01,-1.878124561640799606e-01,-4.974571899122049445e-01,3.292865455078165804e-02,-1.163866373938332310e-01,1.056278377256198928e-02,7.980484861511444317e-02,-8.087851987542402643e-01,-8.088202184456103061e-02,-6.372680804951197375e-01,-2.114393789197199502e-01,8.186886429891661321e-03,2.743928044761220209e-01
3.733654776844952828e-03,-6.595197441524991433e-02,6.635305588167940138e-01,1.976140288199725037e-02,-1.728561069620918045e-02,5.739670223275339378e-01,8.184574221665168459e-01,-4.274311907562657886e-01,3.961982159418639404e-02,1.109645914880196260e-01,1.209370664693311337e+00,-7.042241799375082989e-01,1.568053593357735254e-01,-5.108097319157993699e-01,-1.167615836420426989e-01,-1.343271372717721179e-01,1.280874796575630858e+00,-6.687294225095529177e-01,2.797063133011714817e-02,3.231868105692961568e-02,-6.381828437576408941e-02,2.182660759781158977e-01,-1.911950193244188190e-01,9.410696531202540349e-01,-1.853910464426085369e-01,-4.864173983575621474e-01,3.919892996473738067e-02,-1.175271271526225625e-01,1.792595957137552154e-02,9.887923830177522411e-02,-7.923767136871510131e-01,-8.129884887646232627e-02,-6.301474771900507088e-01,-2.110989585251610012e-01,6.671672450361420051e-03,2.643446320751133283e-01
4.016130020291746282e-03,-6.520622419668434255e-02,6.653395512757873664e-01,1.966143307568906512e-02,-1.598593759999266881e-02,5.757285708718411499e-01,8.172481205425483619e-01,-4.229514378382204787e-01,3.479321000955708926e-02,1.084509723336643805e-01,1.194830364381122445e+00,-7.011387324363703710e-01,1.544659357488517570e-01,-5.075479325710045009e-01,-1.196984462878529776e-01,-1.358298203501800139e-01,1.273392781472010293e+00,-6.640378598521139430e-01,2.915386443950312295e-02,3.363297888424937598e-02,-6.429174229389394979e-02,2.168237162372969595e-01,-1.839734423517114803e-01,9.290829317605554527e-01,-1.806987657566908878e-01,-4.692525491892647893e-01,4.630580864483649361e-02,-1.188816433703987901e-01,2.777885499184554532e-02,1.189952576044622373e-01,-7.769202865875581843e-01,-8.000736553204289281e-02,-6.219022697079076289e-01,-2.126238408448985207e-01,5.034886757474796130e-03,2.516320321814264349e-01
4.298593067221997792e-03,-6.428360942390907995e-02,6.674502456473677681e-01,1.854228224152735388e-02,-1.448833275232427886e-02,5.779796287384643128e-01,8.157118490905235220e-01,-4.200865002985049723e-01,3.222756377346430723e-02,1.063740721960202695e-01,1.180272279760275156e+00,-6.963286485496714695e-01,1.521491732808880060e-01,-5.046902086492482953e-01,-1.211925231336471454e-01,-1.379296040027624959e-01,1.263494641701992327e+00,-6.561309034856500633e-01,3.319960398575669269e-02,3.342080946024564986e-02,-6.421170815059459858e-02,2.140514580493990959e-01,-1.745721651910875083e-01,9.150143550051706987e-01,-1.776293822667781297e-01,-4.494640858694547436e-01,5.192533424109026241e-02,-1.202331015308997220e-01,4.361134434231179330e-02,1.403382430139806514e-01,-7.617784141046429758e-01,-7.771597492509980942e-02,-6.097165561636914699e-01,-2.084681287054434562e-01,1.539364824001456574e-03,2.350636593125063623e-01
4.515778930827962258e-03,-6.324567687013167572e-02,6.693093553182729583e-01,1.870055253962986386e-02,-1.311688241747687236e-02,5.798417874777255232e-01,8.144088274478585854e-01,-4.145325479439745386e-01,2.797056756681129408e-02,1.060991770363722830e-01,1.165195158917949003e+00,-6.925007078259035609e-01,1.506257202465774159e-01,-5.019916875465146866e-01,-1.252282344731355246e-01,-1.388127863403719742e-01,1.257965976960903953e+00,-6.481859808397716360e-01,3.698674257564345952e-02,3.533680766030239395e-02,-6.570235925625933504e-02,2.128515811063461105e-01,-1.630566110240620759e-01,8.972154265792212646e-01,-1.700439868343622818e-01,-4.216986403532298477e-01,6.188159366302146969e-02,-1.200021907549520539e-01,5.962255222712672942e-02,1.566038028796938320e-01,-7.473829212033079594e-01,-7.350298687764336703e-02,-5.916499533623399421e-01,-2.129187136439233685e-01,5.080341579996212886e-04,2.231831006104133541e-01
4.631445398659851317e-03,-6.204713245505419361e-02,6.713222838286161398e-01,1.767191067419045941e-02,-1.210254205223045346e-02,5.828602595453138413e-01,8.122900651194547850e-01,-4.096570877873834116e-01,2.585312931004032228e-02,1.048140265543210659e-01,1.149691358388697182e+00,-6.903562933849503036e-01,1.478881347370699095e-01,-4.975354952170256140e-01,-1.273612350015640993e-01,-1.414740280072866174e-01,1.248856512304177713e+00,-6.409464564020335153e-01,4.174340207818801052e-02,3.313394742042005681e-02,-6.611693984313585237e-02,2.086048753102520692e-01,-1.518083749392883097e-01,8.718280687328396894e-01,-1.665786584326301722e-01,-3.849342945622377665e-01,7.539577650587375723e-02,-1.237646364575606672e-01,8.917461610345597811e-02,1.650923070116984137e-01,-7.283301527436510936e-01,-6.087586270658151832e-02,-5.611363990048544581e-01,-2.103496828367670268e-01,-4.031435772000492926e-03,1.949834950634516118e-01
4.575334410477744154e-03,-6.076620164399641755e-02,6.725554385262055845e-01,1.769311469257613817e-02,-1.077740600626526067e-02,5.842332872186075665e-01,8.113213095426451416e-01,-4.050433322354220489e-01,2.323476092907559090e-02,1.068577790919485737e-01,1.138241919224444176e+00,-6.888505573817682581e-01,1.455171106957963145e-01,-4.960492659714101915e-01,-1.336744061155326069e-01,-1.446231728700813068e-01,1.246811669695409241e+00,-6.347061800319591107e-01,4.676428386617690475e-02,3.377948307449433335e-02,-6.666712717420265888e-02,2.046837535328088487e-01,-1.398988371659214414e-01,8.462533076014113753e-01,-1.744620811189072085e-01,-3.405578666667282706e-01,8.360460421629671568e-02,-1.264020155485687524e-01,1.030843972974138656e-01,1.584540444334319176e-01,-7.146273426720853861e-01,-3.601572762972233416e-02,-5.249828647074198384e-01,-2.101678559126806123e-01,-7.349085406826669567e-03,1.699069654460947376e-01
4.434633729996338009e-03,-5.932859336880531853e-02,6.743257627771813700e-01,1.623677904917548986e-02,-1.023947097209384864e-02,5.875529781471132695e-01,8.089579829081228191e-01,-4.007105002943515126e-01,2.347347098392123937e-02,1.071178785513825782e-01,1.125500985447422275e+00,-6.874321127288313127e-01,1.427200452600269065e-01,-4.890796726130797190e-01,-1.361821967233647623e-01,-1.497474445252543196e-01,1.235136120820755856e+00,-6.313773572958619740e-01,5.301780858377464628e-02,3.372547714297015331e-02,-6.669925930342668341e-02,1.987774073063950653e-01,-1.239694513813356519e-01,8.109460071099269252e-01,-1.777989760923081031e-01,-2.840701793288297750e-01,9.206622729076299749e-02,-1.290485467028806288e-01,1.210621544250992110e-01,1.444469312794388061e-01,-6.986790408114432749e-01,-2.079531816864769317e-03,-4.712142605270578932e-01,-2.102601092779481096e-01,-1.345512261465946213e-02,1.427582449002423592e-01
4.137190848167982687e-03,-5.773619954112771402e-02,6.755390303218739012e-01,1.576708404316531920e-02,-1.106926759518976622e-02,5.894646621183379231e-01,8.075644138329750588e-01,-3.946517725559493539e-01,2.418501970510881019e-02,1.075611477425605922e-01,1.118106518531156057e+00,-6.847063900163646855e-01,1.396288575198160464e-01,-4.814843408041816764e-01,-1.393789146400074563e-01,-1.550240265133951967e-01,1.229104846775768367e+00,-6.262747606295151481e-01,5.675200401696025437e-02,3.424459902319550858e-02,-6.647146275802355564e-02,1.924241371855789640e-01,-1.113656178553105031e-01,7.741863492464322594e-01,-1.852762466704215572e-01,-2.204243059528100679e-01,9.848875421682379283e-02,-1.299578161558055667e-01,1.380020109467228473e-01,1.182956768795987712e-01,-6.860951014612656218e-01,4.050819929128826602e-02,-4.131721640479381619e-01,-2.020453900622404819e-01,-1.990557351509103859e-02,1.154675799856160201e-01
3.722504458423133399e-03,-5.590597014111903240e-02,6.765312782537357128e-01,1.532358415217716791e-02,-1.130592657900190284e-02,5.913029491586775377e-01,8.062246499017337031e-01,-3.878742475682996349e-01,2.473912985938536008e-02,1.104218869265972541e-01,1.109061053210927295e+00,-6.865993034675518247e-01,1.381901723854409014e-01,-4.731611114852588562e-01,-1.429185040923870442e-01,-1.593973846578812803e-01,1.220673042388539908e+00,-6.276249267001284826e-01,6.095039880679184452e-02,3.317774748403806012e-02,-6.616712133993203626e-02,1.843862054974622910e-01,-9.573126348520459572e-02,7.346645010485651772e-01,-1.969277600098898739e-01,-1.417938843848815800e-01,1.083897356935781958e-01,-1.309462869792699380e-01,1.502244868871860373e-01,9.275790274323132689e-02,-6.707220080757936298e-01,8.454249722672507739e-02,-3.431620425280982878e-01,-1.976387143215810049e-01,-2.770758323974432946e-02,8.661137474172081463e-02
3.185352275151863335e-03,-5.380747933944020345e-02,6.773174155245025307e-01,1.577020209419092989e-02,-1.015539140752325965e-02,5.916206568178794534e-01,8.059982426641205677e-01,-3.811547667124860483e-01,2.131936956741831493e-02,1.138448093554064594e-01,1.098601950342348532e+00,-6.873216828147362678e-01,1.337891344021832629e-01,-4.675768654873711516e-01,-1.492824083763792664e-01,-1.614875361344250415e-01,1.214450769814669817e+00,-6.324119481397395548e-01,6.320508081700433600e-02,3.363481003016996485e-02,-6.593493056048793655e-02,1.778424069084777182e-01,-8.617209928327577984e-02,6.928632738269371316e-01,-2.002167742557882935e-01,-4.958309123712630051e-02,1.168227000642991370e-01,-1.265615960144844399e-01,1.557896792368859140e-01,6.271325545620609621e-02,-6.550995857346355589e-01,1.287229126989642425e-01,-2.668997824676486164e-01,-1.931826975252795009e-01,-3.168617025812063559e-02,7.298224466228532548e-02
2.555688189147138027e-03,-5.142247673399819030e-02,6.777215419243601824e-01,1.601864702696437215e-02,-8.081669957093501333e-03,5.923097699608641520e-01,8.055105374649298433e-01,-3.769105386699975746e-01,1.313538203517192020e-02,1.128618858815702980e-01,1.089249851698510962e+00,-6.912704180800807174e-01,1.357894248966240447e-01,-4.634260598143057353e-01,-1.561859455870641677e-01,-1.622245931314909850e-01,1.208845343950595952e+00,-6.426648782875367116e-01,6.346418577575024811e-02,3.392629610202242685e-02,-6.815222601210813025e-02,1.713348306658354914e-01,-7.860995438937368185e-02,6.576080894039969538e-01,-2.092766313826562585e-01,4.721623679567008014e-02,1.237332409060742378e-01,-1.239260070525129293e-01,1.576394639230098704e-01,3.863116228361625215e-02,-6.368099208383235510e-01,1.678990136298023350e-01,-1.868380445467129058e-01,-2.014858366156671854e-01,-3.871190782569303851e-02,5.916667797563709280e-02
1.742542801906118034e-03,-4.879451444663161080e-02,6.780142872053278591e-01,1.588518053650683770e-02,-7.897346692549846864e-03,5.929495711548952164e-01,8.050441596718579396e-01,-3.700639009937997659e-01,9.045221225796418879e-03,1.129579228220334297e-01,1.082165411523217324e+00,-6.976325191821886040e-01,1.392018803742835764e-01,-4.578665705800444852e-01,-1.626099711463200037e-01,-1.663700975677229188e-01,1.207246444873006919e+00,-6.450594357423212744e-01,6.921765316154313008e-02,3.412732223076660881e-02,-6.998828189605188488e-02,1.641112339167254131e-01,-7.986495397901291482e-02,6.220792915460053862e-01,-2.147345320165628124e-01,1.532545278829743896e-01,1.463295037913109609e-01,-1.167059177044147966e-01,1.620894124698214755e-01,1.275879347154553096e-02,-6.188452014059585560e-01,2.115664723516675061e-01,-8.895253145812596907e-02,-2.141778434389626784e-01,-4.021723151876233082e-02,4.555940329481477508e-02
8.316821246763747306e-04,-4.600193629799833456e-02,6.783643046946669086e-01,1.541358881225918590e-02,-8.448477367923637113e-03,5.940490699812007724e-01,8.042367480814105463e-01,-3.634092369579591808e-01,5.176417263990536893e-03,1.106012396091179129e-01,1.077074809647905473e+00,-7.026904370814032186e-01,1.437786672741427352e-01,-4.503289311999909561e-01,-1.651997434471047799e-01,-1.680536041463137897e-01,1.203462776457270955e+00,-6.480252211917814087e-01,7.284007398064377969e-02,3.453588015360881114e-02,-7.165250741182187244e-02,1.587253327918613510e-01,-8.200479029156514110e-02,5.831002186537834753e-01,-2.193169226610080236e-01,2.605994508990811531e-01,1.570587522916921941e-01,-1.076746969194332243e-01,1.639731870757273891e-01,-1.361398938263620739e-02,-5.976129434945136598e-01,2.508918363107766059e-01,1.104008864445610305e-02,-2.221525093914245574e-01,-4.029420317850410799e-02,3.414289342915677317e-02
-1.923183860715515971e-04,-4.310928736005007617e-02,6.788669649635763470e-01,1.508181017596294492e-02,-8.983095294954869525e-03,5.952595771519565426e-01,8.033416949278888719e-01,-3.541966194890200925e-01,1.449638318106318685e-03,1.097879328513445829e-01,1.067583962114659446e+00,-7.095388876905662778e-01,1.461217136232877134e-01,-4.394054157580999931e-01,-1.689419862859737331e-01,-1.719108478566088449e-01,1.194620162035902933e+00,-6.562560855371319946e-01,7.391508473589566974e-02,3.484789924946175149e-02,-7.258831363973589079e-02,1.553195090702574332e-01,-8.669576991586910863e-02,5.466836307895412972e-01,-2.261947334622960160e-01,3.766219615921252983e-01,1.598444363559193560e-01,-9.761438294792791626e-02,1.526663735404188704e-01,-3.952502029831850283e-02,-5.748388081541541128e-01,2.926962811949112009e-01,1.241957867115349029e-01,-2.294481490316221395e-01,-4.113028723340377696e-02,3.010444371916681100e-02
-1.347614176935028277e-03,-4.026359589628982633e-02,6.796830514973073445e-01,1.547441916077102811e-02,-1.005502203790101419e-02,5.954952539628232122e-01,8.031468367560243848e-01,-3.426783653752490388e-01,-2.208598156126007073e-03,1.102239940533710355e-01,1.057258318400327246e+00,-7.123857998676650372e-01,1.484993583988810650e-01,-4.293954902055900358e-01,-1.725663494550909727e-01,-1.735961736792822063e-01,1.188770643140106831e+00,-6.565446575757942771e-01,7.725192417751777785e-02,3.543213801686766196e-02,-7.299772422439002040e-02,1.511337219645187691e-01,-9.299300102175701854e-02,5.123627757469977340e-01,-2.344947609399486987e-01,4.879836521099011892e-01,1.751673479978226033e-01,-8.872311762437053162e-02,1.407903336112848180e-01,-6.651741706258491871e-02,-5.538572748539632995e-01,3.336036597395278802e-01,2.401031062820148942e-01,-2.478347720184201908e-01,-3.685814596230699292e-02,2.852632532238995322e-02
-2.578148428388220455e-03,-3.750560527700186331e-02,6.809793079539114835e-01,1.517038646282746830e-02,-1.102566484818081997e-02,5.963997003141841002e-01,8.024684987925548851e-01,-3.315787644944157564e-01,-6.434988203404160695e-03,1.081469466036725502e-01,1.044134619754085724e+00,-7.140952679076213450e-01,1.535626271077142890e-01,-4.193846158796466495e-01,-1.737649928254989262e-01,-1.741585371586207576e-01,1.179767971287235095e+00,-6.537228431224473280e-01,8.084771726653960933e-02,3.590845583012151898e-02,-7.378083256349325658e-02,1.460648750767748749e-01,-1.046488832255632051e-01,4.783817678113755911e-01,-2.478997163462633990e-01,6.113127966502515109e-01,1.885441783441735020e-01,-7.989370516067816064e-02,1.194339826995233916e-01,-9.476492047667839369e-02,-5.253186072598566847e-01,3.735263065939751215e-01,3.690853473483848846e-01,-2.686247432890852549e-01,-3.059646165779503907e-02,3.502393827625533557e-02
-3.884542630151272685e-03,-3.496265312403453590e-02,6.821638169709886013e-01,1.483392566109439231e-02,-1.184505592596096953e-02,5.969889222693642861e-01,8.020248599558844615e-01,-3.219881268299147337e-01,-9.664234388509516938e-03,1.075397092108237862e-01,1.032887204819270321e+00,-7.142067367351837559e-01,1.567016688292828253e-01,-4.101999904489051496e-01,-1.755343910348108050e-01,-1.753918807475027541e-01,1.170841049818959645e+00,-6.514096289545878715e-01,8.449560935281281993e-02,3.662993180300727625e-02,-7.373178275249492319e-02,1.435946157244775423e-01,-1.167637518942868519e-01,4.474916068771253030e-01,-2.629051148836794027e-01,7.243416406462421797e-01,2.023465933109765968e-01,-7.267307799329868201e-02,1.007711255162289932e-01,-1.204816378212465455e-01,-4.947451184124744827e-01,4.063392682727562377e-01,4.905865637835809534e-01,-2.802840308005988268e-01,-2.485521470206296379e-02,4.204546892640181888e-02
-5.201632492775996527e-03,-3.258550699296525188e-02,6.841777748512082313e-01,1.463092785510492627e-02,-1.239061697695589999e-02,5.982760233777221215e-01,8.010606771102730672e-01,-3.104328134651054838e-01,-1.259390096838813866e-02,1.085054424253398542e-01,1.015357411679576716e+00,-7.093083950964403916e-01,1.557699179801580736e-01,-4.009750397344329920e-01,-1.777343469812649457e-01,-1.763908722956279707e-01,1.160348489797739857e+00,-6.425919651251384979e-01,8.808525282951606972e-02,3.596074175709164378e-02,-7.361699673794105947e-02,1.398327221333104109e-01,-1.231887552891736404e-01,4.179225203847574122e-01,-2.761978727869993655e-01,8.303378328698077793e-01,2.099832354826139114e-01,-6.580288349662320735e-02,7.696261772653788247e-02,-1.400416599581257304e-01,-4.611734515270626833e-01,4.353233630931524489e-01,6.036848714329472454e-01,-2.804331723899308182e-01,-2.071038136586309669e-02,5.546269420043405812e-02
-6.543927802211951111e-03,-3.045625902562379070e-02,6.858876916323174422e-01,1.482977546758999267e-02,-1.308859412437419004e-02,5.988797794049293133e-01,8.005946391797365003e-01,-3.000875605195103546e-01,-1.562366579617680343e-02,1.097595065006802262e-01,1.001488608634259148e+00,-7.031770722301163845e-01,1.547997240083783255e-01,-3.942448505178265949e-01,-1.807138807628511645e-01,-1.767740276207957484e-01,1.154926757977542406e+00,-6.317915199335243370e-01,9.036431432382496798e-02,3.596559851865754193e-02,-7.408261765217340200e-02,1.390913713122103601e-01,-1.270153369133306676e-01,3.938888869335404608e-01,-2.858734211955193949e-01,9.150898960058111431e-01,2.200724668772267578e-01,-5.869903569437639329e-02,6.165030601030961621e-02,-1.522241986859581842e-01,-4.305715104999017773e-01,4.556146253512941002e-01,6.917810376068619371e-01,-2.774822237710475870e-01,-1.669001867288591456e-02,6.668190488638164881e-02
-7.746389834764404528e-03,-2.838955321951575766e-02,6.888794886364381087e-01,1.373110776737606308e-02,-1.270816695796355561e-02,6.008420607130431357e-01,7.991487829247782004e-01,-2.891674169522771010e-01,-1.752977985411665815e-02,1.110167178959242107e-01,9.772050083339911541e-01,-6.922977471148545892e-01,1.497283540442905514e-01,-3.844124035905910897e-01,-1.794584836593929311e-01,-1.760721040270633309e-01,1.135436693403598207e+00,-6.215762113076855888e-01,9.114816741922032728e-02,3.393121195070129825e-02,-7.374215753526684736e-02,1.365609409069590274e-01,-1.258128304064963510e-01,3.679801248060691199e-01,-2.913165491597031198e-01,9.982840789448582663e-01,2.250994844305794496e-01,-4.900717012147858681e-02,4.490844322494230018e-02,-1.583663661830580216e-01,-3.992071758121306657e-01,4.715335615783216583e-01,7.764934714879851985e-01,-2.706153881082195012e-01,-1.313844009014578963e-02,8.210678449529697220e-02
-8.847601232343571542e-03,-2.651656304155908250e-02,6.916116291766050139e-01,1.325319073991782989e-02,-1.211954255527373028e-02,6.024584824700061070e-01,7.979481477661325428e-01,-2.793409058244717413e-01,-2.109327621213670165e-02,1.115075881919416895e-01,9.554567912492180071e-01,-6.794556738119008621e-01,1.451098626896797084e-01,-3.771123518496724558e-01,-1.833421084029947246e-01,-1.796063386645852245e-01,1.122834005016081438e+00,-6.085009567968440169e-01,9.242696233933513084e-02,3.356446488042944681e-02,-7.398707557077267849e-02,1.348915938758335209e-01,-1.219185746848099883e-01,3.503922777166905700e-01,-2.936725824907864268e-01,1.057179787434291862e+00,2.308928549760309867e-01,-4.236404281517809622e-02,3.498125208276461895e-02,-1.583374538284255950e-01,-3.727998657135621063e-01,4.766055590179099632e-01,8.428376325724913354e-01,-2.600882819977776705e-01,-9.349378481548520012e-03,8.950442530191539403e-02
-9.709341399731424849e-03,-2.472152877797900022e-02,6.946216936335216641e-01,1.288117453285142835e-02,-1.094478799723700574e-02,6.042404126758804672e-01,7.966227530315912464e-01,-2.685169875733234290e-01,-2.569772677008592271e-02,1.114572827711691472e-01,9.295083273771361787e-01,-6.644086318968306371e-01,1.380458187715032092e-01,-3.667828670051277440e-01,-1.861752081634491240e-01,-1.828287515572888378e-01,1.102622278628306640e+00,-6.013752382330338486e-01,9.144598394986593048e-02,3.323040501728143081e-02,-7.457021347151991664e-02,1.333842791567455277e-01,-1.172211761515455364e-01,3.355435703929966484e-01,-2.934828782242125955e-01,1.109422991648810974e+00,2.324240242986504446e-01,-3.691990219116589311e-02,2.427693352500363486e-02,-1.573019304100637394e-01,-3.492686862886871801e-01,4.763771706905368664e-01,9.099984729100638603e-01,-2.441417781304733303e-01,-4.428401934817545633e-03,9.650856963845422243e-02
-1.033143003794704563e-02,-2.302756659681675505e-02,6.976626918738154659e-01,1.266156408382003787e-02,-1.010990713119862446e-02,6.064959094372756043e-01,7.949214970099888200e-01,-2.567843102938734967e-01,-3.062232972227882030e-02,1.092309107138644680e-01,9.026250363640824226e-01,-6.490788686896141746e-01,1.324197589904141936e-01,-3.553790176331195205e-01,-1.872437998668567971e-01,-1.846361584125378874e-01,1.081537500951875952e+00,-5.933342267151379135e-01,9.023465269606932571e-02,3.092151884806139742e-02,-7.431679688363733438e-02,1.287409830300559055e-01,-1.101586383381964185e-01,3.197499482639305501e-01,-2.927861513803337590e-01,1.157047292247211923e+00,2.367495886746770473e-01,-3.103959254137318019e-02,1.727540013740948288e-02,-1.514040178952031357e-01,-3.269291240950642496e-01,4.690935040945407031e-01,9.739583907216752268e-01,-2.231602161795360195e-01,-1.497003391361587023e-03,1.002376924385557366e-01
-1.074517270470702612e-02,-2.148953892787631298e-02,7.003228158555213634e-01,1.266848161269978901e-02,-9.179200063365174425e-03,6.075939838967062689e-01,7.940936988746065683e-01,-2.458088692776246309e-01,-3.365929688047851476e-02,1.105546891859192082e-01,8.786705728459450748e-01,-6.343638103686694008e-01,1.262935201107052152e-01,-3.454175295132513868e-01,-1.880471621844111152e-01,-1.856296645194014383e-01,1.062166368874127187e+00,-5.872425148758022573e-01,8.875257969705363514e-02,2.847208658171920120e-02,-7.483279688636877702e-02,1.246254831273720803e-01,-1.017597251743563858e-01,3.097505273201829890e-01,-2.897354279133384503e-01,1.189844260304465440e+00,2.382900181163652986e-01,-2.716579060203637777e-02,6.845935665284807320e-03,-1.437029096027377384e-01,-3.119868143878777311e-01,4.601552607412837115e-01,1.018727562754012883e+00,-2.050406719364374075e-01,1.640967102965677771e-03,1.040066070717473590e-01
-1.087922346084871546e-02,-2.003334121043593222e-02,7.031937918828962131e-01,1.286792084404609314e-02,-8.002588375029389203e-03,6.090353039265116175e-01,7.929983441115074916e-01,-2.332852911710917299e-01,-3.822220800080633474e-02,1.095097555646599441e-01,8.504408697444212351e-01,-6.183060539135014633e-01,1.199807269332797410e-01,-3.337387361570407496e-01,-1.891814270871741144e-01,-1.877738070387552638e-01,1.039655133311635504e+00,-5.822152664899153951e-01,8.661534359064253230e-02,2.716459844373841567e-02,-7.492337309060846662e-02,1.194868604066548767e-01,-9.406184794442432051e-02,3.009264401262898847e-01,-2.849827934212542657e-01,1.213023830967066008e+00,2.412984759585756755e-01,-2.296689962583780761e-02,1.263213901185148216e-03,-1.325109361448499889e-01,-3.018752665817676650e-01,4.478855772954542513e-01,1.052279790295287620e+00,-1.913989041445141592e-01,4.632394984225914059e-03,1.066501176174863702e-01
-1.077604302732602590e-02,-1.864708564464831464e-02,7.062287638590342143e-01,1.356708630350660257e-02,-7.603325236775178644e-03,6.098384723090922721e-01,7.923731200048936829e-01,-2.172751000969834201e-01,-4.080808304799043995e-02,1.111758623759067643e-01,8.201829700535534506e-01,-6.006806038370524625e-01,1.133071172499034995e-01,-3.181115352047373390e-01,-1.885644655974326456e-01,-1.895368708891919662e-01,1.012292662712484415e+00,-5.778910713399879606e-01,8.532846499708612864e-02,2.509475069068259692e-02,-7.536043082703632046e-02,1.141457381155379092e-01,-8.643278018485274494e-02,2.945813480597467837e-01,-2.814531576970989435e-01,1.232504357638820824e+00,2.407705162763232598e-01,-2.077809187316717598e-02,-6.803166343904833678e-03,-1.224170016144373180e-01,-2.951265715224604125e-01,4.372629436241097789e-01,1.077420293116906347e+00,-1.758875368714519494e-01,6.260974679043470638e-03,1.108736114848026533e-01
-1.045424818803195391e-02,-1.736481794666647205e-02,7.089886416882373865e-01,1.380149612134263376e-02,-6.559863579884233492e-03,6.100671054599114962e-01,7.922023818005039519e-01,-2.041480562432780033e-01,-4.306986099279695723e-02,1.125555386344815889e-01,7.923773741277673199e-01,-5.833185404581753275e-01,1.065457170159894718e-01,-3.050988021880914336e-01,-1.870980867211196885e-01,-1.904278916576334912e-01,9.856268097984133281e-01,-5.743898678243982703e-01,8.390615649571818435e-02,2.357902773784866651e-02,-7.539901929899697763e-02,1.106448179440288754e-01,-7.926122626780407465e-02,2.904227226355831082e-01,-2.799371796460067841e-01,1.244487793898788830e+00,2.455867123043456723e-01,-1.943691037232396501e-02,-1.609859896052146314e-02,-1.140386118010958127e-01,-2.907397200393191383e-01,4.277884321833485548e-01,1.094595874684523462e+00,-1.640257639666362899e-01,6.557801720039340906e-03,1.153147147148171348e-01
-9.858733738117986603e-03,-1.612452035414911611e-02,7.117465621705296730e-01,1.481376086752768904e-02,-4.982000226080725638e-03,6.110315782772157700e-01,7.914519205300862836e-01,-1.889632162954131833e-01,-4.827385253590770614e-02,1.118406284919243876e-01,7.597812011940430210e-01,-5.642816166727545601e-01,9.761223575317387602e-02,-2.891183572796839907e-01,-1.881918146435808126e-01,-1.935108422079520885e-01,9.551169555636618291e-01,-5.752295576794342891e-01,8.265429790109153629e-02,2.343687067621688658e-02,-7.558848885197766432e-02,1.060259980484002940e-01,-7.272815041562114002e-02,2.867463234155077645e-01,-2.765786274109444665e-01,1.251661130014543710e+00,2.446551441127420290e-01,-2.106429009657612497e-02,-2.285946589512594107e-02,-1.046023636710419341e-01,-2.886012572245005847e-01,4.175343286169177492e-01,1.104600224668332631e+00,-1.522425675681705615e-01,5.242812051567476324e-03,1.169583291800786740e-01
-9.164294207905305731e-03,-1.501178898371378911e-02,7.138011683013488762e-01,1.513197587539952607e-02,-4.730511202796702785e-03,6.112585924225416578e-01,7.912721268688031051e-01,-1.767905020245176539e-01,-4.902818265894487437e-02,1.124027077641628902e-01,7.374735561626030167e-01,-5.510474761165677915e-01,9.303394671440030905e-02,-2.757495745136924747e-01,-1.848650575515713157e-01,-1.937882207256459988e-01,9.307225766802431632e-01,-5.731852013253220246e-01,8.137262577480375292e-02,2.154213206761861413e-02,-7.551237305644956099e-02,1.016950410826981677e-01,-6.533512547051298358e-02,2.854283255089167803e-01,-2.734294296099533672e-01,1.256912808898722034e+00,2.444444978625358034e-01,-2.091604367091763617e-02,-2.752062820004203686e-02,-9.704456758358451229e-02,-2.877876802166648429e-01,4.108180084008872246e-01,1.111540607514646783e+00,-1.470995606062346639e-01,5.732247157648980018e-03,1.185958431825630544e-01
-8.285809671494587247e-03,-1.396285920344548723e-02,7.156495606003537846e-01,1.507097011344360124e-02,-3.583410190666431842e-03,6.113517195046708208e-01,7.912073685766120024e-01,-1.671725420660880035e-01,-5.061289664866328031e-02,1.114634501472465955e-01,7.159880827542334236e-01,-5.385191342275910120e-01,8.743442689427717573e-02,-2.634110594875964106e-01,-1.819697727858007319e-01,-1.949982479493865828e-01,9.043876107468525882e-01,-5.742731627467053679e-01,7.988374342500896563e-02,2.064979611108223173e-02,-7.439950936382153102e-02,9.659384421988494174e-02,-5.845681934779883848e-02,2.849359737897960709e-01,-2.714546123357632346e-01,1.259343480429319762e+00,2.427020524207647578e-01,-2.261363808189594329e-02,-3.397623038318497990e-02,-8.948487530443204052e-02,-2.891841766786477086e-01,4.058292480434819161e-01,1.114259033507548624e+00,-1.438119584655148386e-01,5.025452164522464793e-03,1.236333015500492571e-01
-7.263616419532092743e-03,-1.294554513978057875e-02,7.175409869129929508e-01,1.531181222063858136e-02,-2.503012830475028795e-03,6.118424158267081747e-01,7.908275042818293521e-01,-1.558110505391488154e-01,-5.239004938028315322e-02,1.108294431830496585e-01,6.918062011666379352e-01,-5.246454988873988645e-01,8.183488973725834559e-02,-2.506474908300638238e-01,-1.795904621920256516e-01,-1.965313544908365295e-01,8.786682602545767828e-01,-5.737575940850445644e-01,7.729246633304560909e-02,2.002906517215479951e-02,-7.360541971386891369e-02,9.243282428585795907e-02,-5.259966224212618557e-02,2.855960478501738398e-01,-2.713108800613265870e-01,1.259981716455025769e+00,2.440148932309467722e-01,-2.480438601091187328e-02,-3.983222520369255476e-02,-8.299969261820361321e-02,-2.907817581148531283e-01,4.016080250764576531e-01,1.115838985453458054e+00,-1.427119411939661020e-01,4.186715422948391295e-03,1.269611126159402581e-01
-6.173812263795208644e-03,-1.203185873820486647e-02,7.192362751738059501e-01,1.524935234644891544e-02,-1.647502845103808455e-03,6.118636789057262382e-01,7.908145050663514253e-01,-1.461402489454219078e-01,-5.272582096780831229e-02,1.106438651338756685e-01,6.713576587415477359e-01,-5.123971614448142864e-01,7.647384201247441060e-02,-2.380942806660885924e-01,-1.759330462301888220e-01,-1.978089795785297755e-01,8.525195133719190022e-01,-5.733254353062109399e-01,7.637238820657754612e-02,1.891052714289442535e-02,-7.311389982223380490e-02,8.800929362028292458e-02,-4.692418293277746122e-02,2.868047807850074293e-01,-2.713377291277317971e-01,1.261211260441091442e+00,2.456733443867605005e-01,-2.709231203222018519e-02,-4.367552486883791857e-02,-7.888911136936840873e-02,-2.914546141715929628e-01,4.001343758083686364e-01,1.119072657170341545e+00,-1.428812552769714861e-01,3.384201338132886584e-03,1.288960941329348742e-01
-5.033429234046506856e-03,-1.120597206145670932e-02,7.208922936968815698e-01,1.511678221139799508e-02,-1.567186504798911365e-03,6.123890317775929626e-01,7.904104633546632508e-01,-1.354761598563936353e-01,-5.133383130668327243e-02,1.110949684908854179e-01,6.515202661293874042e-01,-5.012194104633729275e-01,7.103311575380499843e-02,-2.248575541341246709e-01,-1.714875148529783344e-01,-1.999197586629395118e-01,8.279590438431994048e-01,-5.700162697029291792e-01,7.632091100738096212e-02,1.776480249866311395e-02,-7.205920969546188160e-02,8.465772139099475568e-02,-4.240108987548931591e-02,2.885645942606391290e-01,-2.720065441185991473e-01,1.262063764092560270e+00,2.491474932415790045e-01,-2.980515215370298926e-02,-4.746496912155470649e-02,-7.430403499850761484e-02,-2.919578722806699944e-01,3.985141507475030709e-01,1.120193681969958499e+00,-1.419901771339884267e-01,2.176130706178054045e-03,1.317683425339077063e-01
-3.877296618586738818e-03,-1.050087434722378130e-02,7.222224493104694165e-01,1.501415170354005596e-02,-1.464215300948318397e-03,6.126813034441983552e-01,7.901860867745600370e-01,-1.269655024181470804e-01,-5.012468908279819890e-02,1.106607723684965294e-01,6.357728342228305962e-01,-4.915898661222594668e-01,6.615245054609195097e-02,-2.130011882374054366e-01,-1.673346639258905255e-01,-2.020348836622869182e-01,8.059340056355046578e-01,-5.681940833559915305e-01,7.493814048471271472e-02,1.586560462962923954e-02,-7.020254478836900069e-02,8.225691961003665786e-02,-3.815526643132267914e-02,2.897899606517224114e-01,-2.721571080879007787e-01,1.262557275416746894e+00,2.511132354826597357e-01,-3.229240068187887169e-02,-4.957090525233265321e-02,-7.085438842853550301e-02,-2.930495926447517774e-01,3.972961108466855351e-01,1.119694561521291876e+00,-1.431024269126152937e-01,6.500479303756000801e-04,1.334734064456548353e-01
-2.738383994176108241e-03,-9.914767394821895341e-03,7.232909038068441321e-01,1.478721848715514042e-02,-1.002958201805878406e-03,6.128024346950091683e-01,7.900971511631502686e-01,-1.203917594766971133e-01,-4.916130022180972142e-02,1.103653123353885157e-01,6.221281108007773453e-01,-4.837132042162345380e-01,6.249527711512066486e-02,-2.042015561399246337e-01,-1.639967692441470226e-01,-2.039425542814728431e-01,7.881339990036473342e-01,-5.667817138540542921e-01,7.370006511577255337e-02,1.539109457412744797e-02,-6.922145003860998014e-02,8.028706942468927243e-02,-3.484571729549970631e-02,2.917659305400501224e-01,-2.722781166859666313e-01,1.261922058977494432e+00,2.521579698111068857e-01,-3.344536612710993784e-02,-5.321201226000267515e-02,-6.886314727929379598e-02,-2.924571791451852643e-01,3.939936508762135192e-01,1.121413977584362343e+00,-1.430686173396839844e-01,9.064128765914479698e-04,1.348577516151431566e-01
-1.656391221068871222e-03,-9.452337215904165965e-03,7.241241981303806474e-01,1.511121934209197493e-02,-7.871994352563987767e-04,6.129054996736662542e-01,7.900113162713657822e-01,-1.149347931499076214e-01,-4.883080670396454381e-02,1.103352064416848188e-01,6.128543544935478593e-01,-4.766967358629264351e-01,6.254200957669044103e-02,-1.977119317013634192e-01,-1.624007137810201395e-01,-2.055755083054144894e-01,7.772485244925639858e-01,-5.646458410748451673e-01,7.404512080715065780e-02,1.504565307299524091e-02,-6.962280025717478005e-02,7.795905274746713076e-02,-3.187003935875688809e-02,2.943184614969305835e-01,-2.747628593923869267e-01,1.262435803389722944e+00,2.587284563875842935e-01,-3.543393259712056959e-02,-5.538464312420732227e-02,-6.579952746041579925e-02,-2.911645068298476802e-01,3.910085205657882201e-01,1.121771632713431499e+00,-1.412924768195066849e-01,6.617770132379149992e-04,1.360355735662518994e-01
-6.152509050758800391e-04,-9.017852007004403814e-03,7.249362236748628785e-01,1.495346149032417832e-02,-6.317226921204485528e-04,6.133005380022735764e-01,7.897078225533906704e-01,-1.104295167119370147e-01,-4.754337523740978511e-02,1.097441954266702990e-01,6.041814749367268034e-01,-4.704791557952869296e-01,6.016129682973364590e-02,-1.896201452741267668e-01,-1.594009892595397715e-01,-2.078969435471826888e-01,7.620131245021644073e-01,-5.630440385135287995e-01,7.231620573438993227e-02,1.467582554037922919e-02,-6.828936229542978409e-02,7.603275488174042473e-02,-2.965765076744809881e-02,2.958921153691087547e-01,-2.752882883826097138e-01,1.261698327333397041e+00,2.593039844935570160e-01,-3.665370413103191671e-02,-5.692747718584677263e-02,-6.312489262129643286e-02,-2.904180757362531673e-01,3.889249200909126181e-01,1.121179714922445836e+00,-1.414975729250419201e-01,4.207670644045555328e-05,1.380296885689020481e-01
-7.004244585187948194e-06,-9.429987235228877093e-03,7.241274121295697697e-01,1.766343572016088048e-02,-1.918734973682470219e-03,6.138639057855954650e-01,7.892119022596606470e-01,-1.149935915708311385e-01,-4.804381391461717138e-02,1.106853567869168220e-01,6.238548408013668833e-01,-4.757634919120101724e-01,5.940412511681243679e-02,-1.879047276420561241e-01,-1.632067754744220001e-01,-2.070279314178071206e-01,7.709036574904858385e-01,-5.703924040252562611e-01,7.200494675325404270e-02,1.405805059207629847e-02,-7.017085900348343785e-02,7.780154753847232096e-02,-2.262876122637447196e-02,2.943819145989508002e-01,-2.784019464570220981e-01,1.259070370039599096e+00,2.601907962779073102e-01,-3.928351578822096568e-02,-5.498673032033155744e-02,-5.632023284438046618e-02,-2.872071486112093841e-01,3.889201444531769081e-01,1.119740346287794619e+00,-1.412959140793676460e-01,-1.401271999418215878e-03,1.353058571585813996e-01
1.191940074551423468e-03,-8.299928821257794229e-03,7.261074120105195373e-01,1.375987678363341932e-02,-5.837012917658921003e-05,6.139195596242139619e-01,7.892486532738832716e-01,-1.065737792281443164e-01,-4.368511892715844225e-02,1.092418793734371424e-01,5.937881530865152246e-01,-4.626212908757373343e-01,5.654279418134669499e-02,-1.794876324882510588e-01,-1.527485745156591523e-01,-2.106848188991375659e-01,7.393419962698001280e-01,-5.597708558490088748e-01,6.893703278071346141e-02,1.381070691470504853e-02,-6.626214942137063912e-02,7.145855119011121359e-02,-2.461642955068634592e-02,3.001572665229284564e-01,-2.773731204657425842e-01,1.255492960242025502e+00,2.602583327850555572e-01,-4.005518222347752288e-02,-5.834192720813814736e-02,-5.801230315679023475e-02,-2.882378864329000479e-01,3.876788505662913109e-01,1.116991238437047951e+00,-1.414603921526999264e-01,-1.113468428671199502e-03,1.362574506951208242e-01
1.615014233193512363e-03,-8.736356358121914745e-03,7.252555324556747562e-01,1.650134747168863908e-02,-1.746787551639529491e-03,6.150066437230128358e-01,7.883473107973563154e-01,-1.101832310346510663e-01,-4.371463004455174162e-02,1.106105805282118493e-01,6.128513325553773816e-01,-4.686642874118159274e-01,5.467927290845547156e-02,-1.771812123361822255e-01,-1.568682063709927188e-01,-2.107187799866043210e-01,7.492230210758010767e-01,-5.668920407775699388e-01,6.973477049999364519e-02,1.421453985757988384e-02,-6.777977535363638451e-02,7.444163847821777535e-02,-1.951486487896956015e-02,2.976297242061123338e-01,-2.793859167929670928e-01,1.254064846356661711e+00,2.594179356344484266e-01,-4.174517173698604616e-02,-5.498774215344353483e-02,-5.112778127362550828e-02,-2.854012897082509048e-01,3.890728226914985655e-01,1.116837795253189602e+00,-1.411307984921540970e-01,-1.701499370064430685e-03,1.327479396143034507e-01
2.634397901031644389e-03,-7.607546358696520156e-03,7.271289142408680073e-01,1.270838216360484739e-02,-5.051764024370725744e-04,6.152292474604813544e-01,7.882456564350963646e-01,-1.017127592156884391e-01,-3.892191696307677196e-02,1.089950136010358339e-01,5.851553023484510341e-01,-4.563501193966916780e-01,5.218177925973942199e-02,-1.677307096380020457e-01,-1.461177449103253090e-01,-2.145365909789302417e-01,7.181778587628835364e-01,-5.555609767765200546e-01,6.607572355736522629e-02,1.395009281547758551e-02,-6.335402402616761852e-02,6.941580961839714792e-02,-2.296235085740631551e-02,3.022608916313023197e-01,-2.770988898629148101e-01,1.251001663666496233e+00,2.569579124760663080e-01,-4.164310484842630167e-02,-5.785084857610655468e-02,-5.326501541167420750e-02,-2.873320174902006530e-01,3.890186420301602332e-01,1.113483812915275761e+00,-1.412040556488478593e-01,-7.581433609468864968e-05,1.329931085264551838e-01
2.864269546994809706e-03,-8.074062668773276247e-03,7.263025685650672525e-01,1.554638711563568684e-02,-2.483057108245363513e-03,6.158978530366052695e-01,7.876686986925074407e-01,-1.052398454878022277e-01,-3.930799170358114519e-02,1.095208060785824583e-01,6.052186446127200137e-01,-4.622647531921089126e-01,5.147698694965353178e-02,-1.655480444557771991e-01,-1.504129182881124016e-01,-2.145471323557672227e-01,7.290725424098775109e-01,-5.621960632214353382e-01,6.746072754461435173e-02,1.484389591053845471e-02,-6.425729560568545218e-02,7.328932430852659607e-02,-1.831252401258605736e-02,2.991236915934027962e-01,-2.803288108805082057e-01,1.251046209300193945e+00,2.581831173387570399e-01,-4.300189844952467810e-02,-5.411576995882196733e-02,-4.732617585474259425e-02,-2.845459752548398225e-01,3.906370740913155948e-01,1.115157586219957198e+00,-1.420297437397269324e-01,-8.751343061691578031e-04,1.277525774739156628e-01
3.725721585985615480e-03,-6.929310842753545925e-03,7.283078834420197989e-01,1.194169362598945794e-02,-1.007116357562412362e-03,6.156751560621148700e-01,7.879089312083441543e-01,-9.503852310241046875e-02,-3.583376255210243139e-02,1.076458352746036407e-01,5.736351832112653870e-01,-4.479689307138244869e-01,4.859791659313476841e-02,-1.553458984865067338e-01,-1.399796853812329545e-01,-2.172882239779911906e-01,6.953729320603357911e-01,-5.499623317110592380e-01,6.625022256448277747e-02,1.467978482148241809e-02,-6.075988774385978480e-02,6.919473761858496719e-02,-2.358522575892679773e-02,3.024798272106994368e-01,-2.785292249370608375e-01,1.251781193452439878e+00,2.561894438884859126e-01,-4.277243956713738110e-02,-5.611711310108648959e-02,-5.274577148702908752e-02,-2.853918155146664137e-01,3.922535271404475332e-01,1.116977136805920479e+00,-1.416203502895605482e-01,-2.934979057815797175e-04,1.276766876727662148e-01
3.750140069045025670e-03,-7.537132534118032995e-03,7.273851647075193494e-01,1.493215188279339509e-02,-3.244667646779605692e-03,6.163254421559275498e-01,7.873432874695198702e-01,-9.986190710076553456e-02,-3.651718683570383261e-02,1.073551943502456252e-01,5.969270249724045740e-01,-4.545659328943024158e-01,4.781214059022467072e-02,-1.532931074643301139e-01,-1.441802613042921788e-01,-2.162772636031073392e-01,7.070093731992000974e-01,-5.572752694875351409e-01,6.676180705631586110e-02,1.591358728031078140e-02,-6.148275905331989505e-02,7.413354673865504840e-02,-1.886898545814397893e-02,2.986268820008181613e-01,-2.798933597446567889e-01,1.251092601509516289e+00,2.534796454094099816e-01,-4.347028857079457409e-02,-5.219925376702597153e-02,-4.714992531793663066e-02,-2.830119573732606808e-01,3.956808773570037463e-01,1.118327769913451952e+00,-1.414473554990103854e-01,-1.220055743129816635e-03,1.248010267119336741e-01
4.451773773368955696e-03,-6.507530886409614197e-03,7.293355519519474361e-01,1.055522260458910053e-02,-9.301549250719234538e-04,6.165860774801090738e-01,7.872161908556472021e-01,-9.306412865083465991e-02,-3.307631966700515236e-02,1.051834789750518973e-01,5.662126956368503938e-01,-4.407451809687132349e-01,4.484326136042062622e-02,-1.460942269487700007e-01,-1.339251331616384266e-01,-2.192727395705081905e-01,6.740041147248226894e-01,-5.438654958093518399e-01,6.500871863996678102e-02,1.658175624889084848e-02,-5.744133472404603508e-02,6.915804294302697885e-02,-2.546726297859243024e-02,3.021868462379096454e-01,-2.800155774546209675e-01,1.250002622409692288e+00,2.507074161147194724e-01,-4.239228971320522371e-02,-5.593264089950702317e-02,-5.344647302316687248e-02,-2.846036949409010419e-01,3.973502798704368066e-01,1.121935910749014997e+00,-1.399185015157670409e-01,-2.091316630654917142e-04,1.286109009303183781e-01
4.274157883754130423e-03,-7.286642936906052165e-03,7.284286984512656771e-01,1.362373861370232142e-02,-3.563194272158477175e-03,6.172736340800044630e-01,7.866225003535226579e-01,-9.696813300161175042e-02,-3.363055529953760947e-02,1.049153225767096992e-01,5.886230906713058042e-01,-4.478974569108366000e-01,4.559070789276049168e-02,-1.448432475572724587e-01,-1.384946858132369285e-01,-2.185823411526580107e-01,6.882604785989271390e-01,-5.496457234095327715e-01,6.619938936485224301e-02,1.702098466793448145e-02,-5.799103659257059257e-02,7.294270145041834019e-02,-2.126657155008502414e-02,2.982668992702108834e-01,-2.847966522865817418e-01,1.252423929996629104e+00,2.534345595548783692e-01,-4.206818444516721711e-02,-5.192065248634708530e-02,-4.809362481517628213e-02,-2.820640949999284053e-01,4.006788059630000398e-01,1.125140309614499401e+00,-1.398516930720821727e-01,-8.244666235457346216e-04,1.273093602332242003e-01
4.787453471579147801e-03,-6.377657652400504397e-03,7.304378905133418476e-01,9.243483980895125796e-03,-1.636909562352728380e-03,6.173202654697631520e-01,7.866559402758741548e-01,-8.932602240563621010e-02,-2.984184981917579332e-02,1.027751272341972666e-01,5.571183146585961810e-01,-4.336785473356741805e-01,4.313123068661058740e-02,-1.361046219055836448e-01,-1.277550787842726965e-01,-2.219466213507331198e-01,6.526994640505682233e-01,-5.348829338156322333e-01,6.450585462840227602e-02,1.664671421255267680e-02,-5.356939302245258133e-02,6.671679228251192750e-02,-2.761417013798734763e-02,3.006280075637962068e-01,-2.846642462218017533e-01,1.253061324104114638e+00,2.526353788243568821e-01,-4.165699822569426253e-02,-5.480252407268908915e-02,-5.397399679566467628e-02,-2.841644886489276822e-01,4.021814312252267043e-01,1.127017743745362122e+00,-1.386192123791506470e-01,-1.982902538384526993e-03,1.296421053659550515e-01
4.405987799737146396e-03,-7.350667791462896054e-03,7.294473423611339546e-01,1.213442731693846650e-02,-4.694554745091610026e-03,6.180757475116220867e-01,7.860108696241954185e-01,-9.393716918978005370e-02,-2.967254134719064795e-02,1.022999153459778626e-01,5.812468845609640722e-01,-4.420318025853161581e-01,4.346198607481737558e-02,-1.352396049906886832e-01,-1.320305875015068686e-01,-2.220208072841207692e-01,6.683362766035778613e-01,-5.407855566081604115e-01,6.673124862585440298e-02,1.753038324712051163e-02,-5.374544545686348734e-02,7.278512435670625447e-02,-2.386344344056992930e-02,2.970783095363956350e-01,-2.900542314726792248e-01,1.252500376890438805e+00,2.534486216325928520e-01,-4.282167860908261264e-02,-5.254713778107947264e-02,-4.892995785547456233e-02,-2.826430839708844456e-01,4.066782112101176572e-01,1.127917795788756061e+00,-1.394579007680831484e-01,-3.197700492871254595e-03,1.279222050796578192e-01
4.741449187535226942e-03,-6.536095282675433854e-03,7.312857135147355914e-01,7.993440939388569630e-03,-2.521630134217224539e-03,6.175341395178360893e-01,7.864994169186523276e-01,-8.586844790066210098e-02,-2.699230408567457329e-02,1.007922775210042254e-01,5.487382344188671546e-01,-4.289325126496150720e-01,4.274883821116397947e-02,-1.287425977388245713e-01,-1.220420311523804369e-01,-2.232320836232617456e-01,6.359206344426869828e-01,-5.270726799807362584e-01,6.473827898345915766e-02,1.716723719520640845e-02,-4.989756922699640357e-02,6.768650204416927496e-02,-3.094461988987229698e-02,2.992506602770615975e-01,-2.894343293802216777e-01,1.253979974071268710e+00,2.536481572455511202e-01,-4.280304015062581097e-02,-5.541832219890956146e-02,-5.612806955840270173e-02,-2.859041495284093126e-01,4.093081670056165633e-01,1.128623351461549795e+00,-1.408025616465588825e-01,-3.696299411473139528e-03,1.309850578492758877e-01
4.197042534912888943e-03,-7.566858266293705060e-03,7.304378437351105591e-01,1.087213469640851277e-02,-5.434138741245786788e-03,6.174119291911134288e-01,7.865461057787975774e-01,-8.966383071795587523e-02,-2.689508595527943802e-02,1.018715748466327287e-01,5.708584891446604193e-01,-4.362921416830913834e-01,4.294085181885780311e-02,-1.276767193019231472e-01,-1.262605620221105840e-01,-2.227828288701508008e-01,6.491267907471853782e-01,-5.325725077070738722e-01,6.753168410914564546e-02,1.774511837673602155e-02,-5.098470329485189217e-02,7.306023849118259417e-02,-2.580128645524934483e-02,2.956796441240672202e-01,-2.928201565112561466e-01,1.252951342054615225e+00,2.550094593307520863e-01,-4.425388281025682130e-02,-5.310685727239630727e-02,-5.131963779255617475e-02,-2.842193200355584426e-01,4.124915909823378413e-01,1.128036020242314530e+00,-1.423311555310256826e-01,-4.884358518877499229e-03,1.287034666221845147e-01
3.962054773420651752e-03,-7.853106931135389601e-03,7.302635971152309224e-01,1.096548705681747032e-02,-6.066491170491473614e-03,6.172186346703191218e-01,7.866918791967997260e-01,-9.244527692874629499e-02,-2.622964065395594693e-02,1.013992814472243348e-01,5.782289617829863282e-01,-4.388747235729881790e-01,4.409428542531417666e-02,-1.274525136089334765e-01,-1.260237715266145919e-01,-2.228382425604666928e-01,6.501157100761291163e-01,-5.329977215594925433e-01,6.916833957877427386e-02,1.828471843046878403e-02,-5.109487272232192401e-02,7.402264018727340578e-02,-2.566078527300055465e-02,2.952808961999128234e-01,-2.950833042259985439e-01,1.252768295871560689e+00,2.565924022322433329e-01,-4.494623887805541951e-02,-5.249363478761495672e-02,-5.050061658690074839e-02,-2.848165531142836659e-01,4.153883041675550114e-01,1.126752538581895280e+00,-1.445449601024665631e-01,-5.582696544142094069e-03,1.287954378785744480e-01
4.221016355272692519e-03,-6.858669204989080795e-03,7.327685123694871461e-01,6.049055311727478262e-03,-2.768751757896989376e-03,6.157598905076393514e-01,7.879057685951786905e-01,-8.189327246294347828e-02,-2.397486016206814424e-02,1.015044425676177725e-01,5.348508353644378932e-01,-4.185503608115817009e-01,4.348759127590284129e-02,-1.197804632759048304e-01,-1.153864710127649879e-01,-2.243930496698851584e-01,6.077432680655697750e-01,-5.127426673375526933e-01,6.980334998353908416e-02,1.838100646050734935e-02,-4.827871703534714759e-02,6.671615785926690578e-02,-3.225499123028961745e-02,2.988884870193643795e-01,-2.947563422117642218e-01,1.252383476404321794e+00,2.615006349533679497e-01,-4.601866762485260637e-02,-5.839036736734930927e-02,-5.833308761413062704e-02,-2.885092046956175826e-01,4.160013192831691353e-01,1.125102292541587001e+00,-1.474226972288291693e-01,-5.038364010811251237e-03,1.338187509990765578e-01
3.627546764582773118e-03,-7.872613337545368919e-03,7.318054283781616487e-01,9.103562559302384727e-03,-5.622131607104250382e-03,6.155502166132298392e-01,7.880250298133478770e-01,-8.530010166648838155e-02,-2.405550615537963011e-02,1.037433490162301686e-01,5.566467866957418575e-01,-4.266974474239438875e-01,4.350432482050206606e-02,-1.194062113879146986e-01,-1.202712808639066072e-01,-2.236036973406341777e-01,6.224372206019250786e-01,-5.194819202488605292e-01,7.314939749960328030e-02,1.838530440983830033e-02,-5.008157216896499259e-02,7.264193413125102916e-02,-2.628957878512088245e-02,2.958989165616514594e-01,-2.977121658339879628e-01,1.250350900776074248e+00,2.626458845066853565e-01,-4.721801505963419548e-02,-5.648404041731266978e-02,-5.313956196550804340e-02,-2.873622523246989746e-01,4.197720770723679107e-01,1.122095047925248279e+00,-1.499531324327051662e-01,-6.420544789396535369e-03,1.334410331955495355e-01
3.428255384797222576e-03,-8.048692226398299066e-03,7.315927850755004069e-01,9.368584846416037198e-03,-5.856538579515935782e-03,6.151249541855607905e-01,7.883522190696583554e-01,-8.740981360382696352e-02,-2.383123930365188894e-02,1.047635062129045197e-01,5.623698789541731191e-01,-4.290774608485544150e-01,4.242702142334105198e-02,-1.200384895485098330e-01,-1.209925109821625711e-01,-2.234480956010817532e-01,6.246249844812015173e-01,-5.212975159587632801e-01,7.402240488188688294e-02,1.776814194803981450e-02,-5.042847343387547865e-02,7.292214160897605990e-02,-2.373964960263770865e-02,2.959716310993040222e-01,-2.991385911580521362e-01,1.247089096357124616e+00,2.634861324604605426e-01,-4.838100066858558312e-02,-5.676433087253240223e-02,-5.160823225025390482e-02,-2.886283955082502573e-01,4.218962060983818541e-01,1.117452842209448072e+00,-1.526878801446411305e-01,-7.575085926599040183e-03,1.343780389272961617e-01
3.837042357120038546e-03,-6.871575460581052022e-03,7.338878613139181439e-01,4.364421295146086663e-03,-1.536290178066903721e-03,6.144013119382705224e-01,7.889801135185725567e-01,-7.750318029917638296e-02,-2.309261984962066722e-02,1.042070902078498229e-01,5.165347356285097113e-01,-4.090076817872327353e-01,4.053703217764183936e-02,-1.144722892264375125e-01,-1.118551915721395090e-01,-2.252822186677311822e-01,5.844585476456559681e-01,-5.032354162569883105e-01,7.230680216497994972e-02,1.624873254281045121e-02,-4.826630757667906696e-02,6.340118426712719468e-02,-2.758465912663327427e-02,3.001101399650044632e-01,-2.972676921133361461e-01,1.243091122552613115e+00,2.627761922458283217e-01,-4.813772584435441204e-02,-6.155875935135840527e-02,-5.663316532331863495e-02,-2.933271491964066224e-01,4.226090199519929036e-01,1.111904074663137232e+00,-1.541516850686108775e-01,-6.696148734341436475e-03,1.391471609370666385e-01
3.344596832088013103e-03,-7.787607276881373074e-03,7.328671085230006321e-01,7.790596964102574143e-03,-4.565749514752605147e-03,6.136332480009804025e-01,7.895395477606419465e-01,-8.035894090844361570e-02,-2.358427826641715588e-02,1.059477898009262009e-01,5.394452259440029041e-01,-4.177164008724801314e-01,4.099579692492437422e-02,-1.150398838588643641e-01,-1.174034393820903160e-01,-2.242072257397789148e-01,6.028991086197581506e-01,-5.110880563524112796e-01,7.414535903590327437e-02,1.626475135051672072e-02,-4.920999320390225668e-02,6.956258636687177865e-02,-2.054653878813094206e-02,2.967395504987979105e-01,-2.996750343065034961e-01,1.241659229609983761e+00,2.654734566183769018e-01,-4.938082314618817692e-02,-5.929569367522165291e-02,-5.128228768175327468e-02,-2.923750783253249441e-01,4.250376614998696567e-01,1.108617110916946036e+00,-1.572087704781584550e-01,-8.024975012591018669e-03,1.370704162503859902e-01
3.260076160093271745e-03,-7.838355463879696783e-03,7.324769837817026730e-01,8.226099053699184593e-03,-4.987180574758637297e-03,6.131283292451316091e-01,7.899247503410351534e-01,-8.273465364104314046e-02,-2.332108377899392779e-02,1.067523484457597455e-01,5.475989574016778549e-01,-4.221464434862473025e-01,4.202872238649081604e-02,-1.169007374578236863e-01,-1.181981551681714759e-01,-2.229447311728186831e-01,6.091394013754096726e-01,-5.140392236922818325e-01,7.479149640497975704e-02,1.528577160939721680e-02,-4.965605069411663935e-02,7.053888122049235820e-02,-1.817323808961336662e-02,2.961997895805604797e-01,-3.003039476613780234e-01,1.240854113307978235e+00,2.674796001900599518e-01,-4.996229437199310036e-02,-5.757579265048379247e-02,-5.004141552803099968e-02,-2.927754015466941251e-01,4.256362838617067657e-01,1.106236122524295595e+00,-1.587293908484304628e-01,-8.589873308173148064e-03,1.366172053585696655e-01
3.243268167002268890e-03,-7.771576318448394916e-03,7.323456239918256783e-01,7.986240186793969534e-03,-4.784731402350062522e-03,6.122569078264901155e-01,7.906040760910802989e-01,-8.389657894633338608e-02,-2.299266430818617396e-02,1.076108265438452671e-01,5.494813883356952644e-01,-4.241218214358782324e-01,4.368112640714427036e-02,-1.185531245395915478e-01,-1.176295985642328706e-01,-2.210749155789538123e-01,6.100482194815396442e-01,-5.147750105163859669e-01,7.574110504044120895e-02,1.485143143578213087e-02,-5.035463974937079423e-02,7.007603339388060459e-02,-1.647802364815520101e-02,2.963692890716304040e-01,-3.002365167032154947e-01,1.239671851690449023e+00,2.685269201910941983e-01,-5.092572776124228151e-02,-5.657126541693373312e-02,-4.986239536186334864e-02,-2.933709889852393893e-01,4.265575423554359702e-01,1.103278558274396914e+00,-1.603832090313436487e-01,-9.233651748951406807e-03,1.359987812149152653e-01
3.288049235650680746e-03,-7.640494801564270966e-03,7.323428983751908428e-01,7.549138003398792041e-03,-4.265256564672892034e-03,6.115705489287066587e-01,7.911423903349407150e-01,-8.493594762003517373e-02,-2.303798061983840587e-02,1.075250013490915146e-01,5.493318374584993391e-01,-4.246027035903957580e-01,4.507228182718069770e-02,-1.202083980180734119e-01,-1.170245606940494149e-01,-2.198874900584769920e-01,6.098797623946895508e-01,-5.149675727392679647e-01,7.540728994630058191e-02,1.416206805415180792e-02,-4.984325793276767058e-02,6.965293584476016375e-02,-1.564989629711425329e-02,2.963338098010948607e-01,-3.014102305618293065e-01,1.239960145995055552e+00,2.709035466852325880e-01,-5.135297801487414410e-02,-5.599432205959183756e-02,-5.045391023858614848e-02,-2.938721441518385991e-01,4.265908532143940501e-01,1.102280530523546576e+00,-1.622332269053522180e-01,-9.166218473313563972e-03,1.342177994230740468e-01
3.362943788933614366e-03,-7.515009296136674656e-03,7.322963018718241512e-01,7.068344974475650189e-03,-3.828517551465249798e-03,6.112927218466375212e-01,7.913637527521777404e-01,-8.576239588242594303e-02,-2.266649968718950289e-02,1.078103546951195146e-01,5.487698417805582096e-01,-4.256273360390984140e-01,4.554774356392230633e-02,-1.213362933544295391e-01,-1.161897436984489773e-01,-2.188965990403276551e-01,6.091394740857121182e-01,-5.154780762261436111e-01,7.505702987945345184e-02,1.327820077312497071e-02,-4.955436073738019032e-02,6.854712868275972260e-02,-1.490504132269142648e-02,2.961077829929366079e-01,-3.017292888934237638e-01,1.240146884269804017e+00,2.699577547167341107e-01,-5.185265715560574695e-02,-5.516860108595286749e-02,-5.055265044148388176e-02,-2.936483544739992846e-01,4.260851301485236164e-01,1.101696576644487724e+00,-1.612386208363136009e-01,-9.815157176065448380e-03,1.337578050956761133e-01
3.470413647755441616e-03,-7.392284564063808516e-03,7.322843043292023291e-01,6.706994191137396685e-03,-3.561538780202499338e-03,6.111862586853726853e-01,7.914503704368420767e-01,-8.630040554710989575e-02,-2.223063698848785213e-02,1.079828727146744660e-01,5.484904697840270460e-01,-4.262306172667842952e-01,4.605822856416417338e-02,-1.220761553533811217e-01,-1.154998780391886526e-01,-2.183834374669162970e-01,6.088236362060105433e-01,-5.154850592522084440e-01,7.442223727928312660e-02,1.268808801295162776e-02,-4.971015301978484735e-02,6.784966230397750098e-02,-1.423724561699812180e-02,2.963905442728388961e-01,-3.017967549105241010e-01,1.239313133494081454e+00,2.699707366750411786e-01,-5.198500283866862304e-02,-5.475484025277533445e-02,-5.047808537736682422e-02,-2.932389003526572058e-01,4.256166243243168501e-01,1.101382348929587529e+00,-1.609190784094596538e-01,-9.598884548724607654e-03,1.333071927967747206e-01
4.176723686655902518e-03,-5.943879095620456868e-03,7.347749035173075649e-01,1.789129585693968131e-03,1.098738618579485739e-03,6.107125793593687346e-01,7.918495672796701523e-01,-7.278669972644437325e-02,-2.257260227550490078e-02,1.064795446781829219e-01,4.950716354938849983e-01,-4.027095890354612240e-01,4.476640374167462771e-02,-1.146548266979573738e-01,-1.059013853574369834e-01,-2.194677984703520823e-01,5.650413863056179542e-01,-4.962731957779948910e-01,7.153570683199206304e-02,1.113224166131790080e-02,-4.750631881190719302e-02,5.805380342233209395e-02,-2.025755714906883262e-02,3.004774344290131460e-01,-3.002220130946001708e-01,1.239091452040728569e+00,2.696128320482952256e-01,-5.101475860254360561e-02,-6.003568238741743140e-02,-5.824683084626049862e-02,-2.953403857119907272e-01,4.238609159501084966e-01,1.102717063469558223e+00,-1.600725092074120615e-01,-8.533048503424071202e-03,1.360965302503226448e-01
3.861014614055152498e-03,-6.822180755738359650e-03,7.337000568377324283e-01,5.580509873475032745e-03,-2.459852206678706920e-03,6.110113011554630935e-01,7.915983810601067150e-01,-7.560490221854242188e-02,-2.298365510255312438e-02,1.067566274837490337e-01,5.204355309215197289e-01,-4.124505931544772408e-01,4.559215278773070396e-02,-1.148365177100002382e-01,-1.112176209158867307e-01,-2.176787583494135814e-01,5.868229587807752834e-01,-5.046523614370954647e-01,7.185866854744411836e-02,1.046659315029150987e-02,-4.900888433680113815e-02,6.454466419059330662e-02,-1.499740339255793697e-02,2.971109808919204509e-01,-3.031146550726211975e-01,1.241378254999547126e+00,2.714394166925997998e-01,-5.036300826194119173e-02,-5.774009312326420368e-02,-5.328682485718462536e-02,-2.922901188474160694e-01,4.246880050784901384e-01,1.104887311926802340e+00,-1.609272378510056556e-01,-8.092884669950325960e-03,1.337738057714078499e-01
3.932988981861297237e-03,-6.892756002079755522e-03,7.332299712661292102e-01,6.318085158087964788e-03,-3.401642052603308722e-03,6.114635888418619158e-01,7.912400332085786081e-01,-7.811097017284074351e-02,-2.276367451657548141e-02,1.054515892077269035e-01,5.310475594180436021e-01,-4.177518845726948538e-01,4.619389812606989471e-02,-1.157075507779759538e-01,-1.119454144541337515e-01,-2.170026397627607406e-01,5.950066456189616604e-01,-5.084161640724438325e-01,7.191807837146840798e-02,9.990224829873294021e-03,-4.966659381109842647e-02,6.575872037094823708e-02,-1.489168466616408101e-02,2.964887627764629108e-01,-3.041508448832069833e-01,1.243686784330449768e+00,2.729284859492794868e-01,-4.968052087051680332e-02,-5.736064318528551198e-02,-5.272470653699321691e-02,-2.903992749782874916e-01,4.238830022826154398e-01,1.108483852476015663e+00,-1.609601832740645555e-01,-7.571951813829784321e-03,1.340844164155765017e-01
4.024290846035442036e-03,-6.890960188785939800e-03,7.331119858751051765e-01,6.253965986833759892e-03,-3.616206763671446240e-03,6.114251967722168501e-01,7.912692586661854710e-01,-7.959645201359333289e-02,-2.215464218401731397e-02,1.049209817433175429e-01,5.349070283404243620e-01,-4.194037631272224398e-01,4.649988305625082918e-02,-1.163570350364060979e-01,-1.114711783119211180e-01,-2.166663789816462571e-01,5.970408299292216947e-01,-5.090559235604528165e-01,7.173959685937060515e-02,9.270866590496350604e-03,-4.997065272127541175e-02,6.556740597734013465e-02,-1.556553440990128198e-02,2.964208875520426001e-01,-3.052432875515349586e-01,1.246377953781927728e+00,2.746009617715224893e-01,-4.921388204709466890e-02,-5.769564746739302974e-02,-5.374959472293511231e-02,-2.889668963797810131e-01,4.232988056624573669e-01,1.111278252258033783e+00,-1.616307667619494293e-01,-7.201262932974542182e-03,1.350782755075457253e-01
4.113587839789072630e-03,-6.876466818195203778e-03,7.330933725215152963e-01,6.108486961893562842e-03,-3.590739142558345247e-03,6.113042834526452030e-01,7.913639276665922484e-01,-8.015633037542013728e-02,-2.188993422232477989e-02,1.044506097356325547e-01,5.357541462181194536e-01,-4.198837925573300489e-01,4.663668063311696144e-02,-1.169866279394771585e-01,-1.109315022001892970e-01,-2.161485171003392214e-01,5.977120330153291583e-01,-5.091169563266721987e-01,7.076834317893691828e-02,8.401627502973359196e-03,-4.974663475011616154e-02,6.528523417396558948e-02,-1.657810196745426387e-02,2.960431268495372081e-01,-3.063296826789600469e-01,1.249828776584663625e+00,2.768089565458689005e-01,-4.908459162406309667e-02,-5.770602766554629171e-02,-5.514424793333523589e-02,-2.878017568843021512e-01,4.226398051784811538e-01,1.113853382416436499e+00,-1.616149282372651985e-01,-7.601658274273129234e-03,1.352957587894588198e-01
4.199786863022208008e-03,-6.870240747305849695e-03,7.331052712980429265e-01,5.923580504107990065e-03,-3.560515665490389999e-03,6.113595395368810470e-01,7.913227832809195395e-01,-8.028788893610135091e-02,-2.156392007172071648e-02,1.041310055216589370e-01,5.354544450607026107e-01,-4.200475129557416643e-01,4.697943352412296825e-02,-1.176167496016695402e-01,-1.104011829174639248e-01,-2.158114964795223023e-01,5.983861572856650213e-01,-5.088096682237397417e-01,7.020981305378927451e-02,7.563973382313177521e-03,-5.002748178981020893e-02,6.494552194292251002e-02,-1.756213889350400834e-02,2.959398228044333168e-01,-3.069734697028380088e-01,1.252279871148756385e+00,2.784070274810175882e-01,-4.884903967302332839e-02,-5.718574366782491758e-02,-5.624304717713288909e-02,-2.865893057998938898e-01,4.217612623899860136e-01,1.116367500734718687e+00,-1.610416478948950292e-01,-7.231496633793691592e-03,1.357213855910932299e-01
4.295294157291230236e-03,-6.860040153976820418e-03,7.331068419755887300e-01,5.730513928315957538e-03,-3.389269379447237395e-03,6.116068711715076933e-01,7.911338124483056067e-01,-8.055473822982159304e-02,-2.148869233809330356e-02,1.035811783250677465e-01,5.347902724754973747e-01,-4.201124586857137300e-01,4.684542767837625299e-02,-1.182153715914924796e-01,-1.101254121221260929e-01,-2.157876748443288695e-01,5.987200513768999866e-01,-5.087677792845807234e-01,6.976868954204626383e-02,6.804903129998893761e-03,-5.024338004353449960e-02,6.458729854607421494e-02,-1.860635171036855232e-02,2.957712814758378661e-01,-3.071577672802978665e-01,1.254482740026104715e+00,2.800295482628034627e-01,-4.829998645607613827e-02,-5.715535905050561638e-02,-5.743168019846310590e-02,-2.850840219255522112e-01,4.205972311244663420e-01,1.119636584763846088e+00,-1.603260578356800192e-01,-6.454505282143288038e-03,1.363485640398344467e-01
4.393633415698183428e-03,-6.842686476372442095e-03,7.331424132397539317e-01,5.554938478858155101e-03,-3.328694509737010945e-03,6.116364806111598273e-01,7.911124307182592075e-01,-8.038218515766089312e-02,-2.113164218421777554e-02,1.036222937560002388e-01,5.338753232203633514e-01,-4.201019211917200180e-01,4.711132184331763562e-02,-1.185148059464262993e-01,-1.095395302136729782e-01,-2.152804167093207433e-01,5.985430616673423909e-01,-5.081858973977559923e-01,7.007970026647407369e-02,5.891468674177808597e-03,-5.079619081137438236e-02,6.417953373736060008e-02,-1.921632330115244022e-02,2.958065508478545658e-01,-3.077563407926338646e-01,1.256276940543628706e+00,2.812250626509758544e-01,-4.817722088159944599e-02,-5.727111966740583426e-02,-5.877206768443082874e-02,-2.835730111850374158e-01,4.200002723767982671e-01,1.122451719003914050e+00,-1.601670364115429790e-01,-5.989638446304483207e-03,1.379407541987728858e-01
4.518469975153264345e-03,-6.812264620621608958e-03,7.331929376405842413e-01,5.380892746844797778e-03,-3.280078492396372013e-03,6.117711095418806311e-01,7.910097323094249511e-01,-8.022621271228919104e-02,-2.069839598248903248e-02,1.036360484761286171e-01,5.329990329825795570e-01,-4.198816571974661738e-01,4.716972523038602538e-02,-1.185479813925676140e-01,-1.091491366032619204e-01,-2.156364284785985130e-01,5.982062614653658184e-01,-5.075783352427458706e-01,7.026713121762079295e-02,5.577834854794577399e-03,-5.128910654106579731e-02,6.351910458146500793e-02,-1.984292747872040338e-02,2.959680921636623774e-01,-3.075529963954606871e-01,1.257630768244944353e+00,2.823923298996147691e-01,-4.782749571900676844e-02,-5.679351410992760502e-02,-5.918972055064019439e-02,-2.821239088778080828e-01,4.189459214759763128e-01,1.124366742710120715e+00,-1.588554258973025601e-01,-5.677863922296625364e-03,1.391552493624503006e-01
4.669415941522728382e-03,-6.752294764378259304e-03,7.332552996482856189e-01,5.226120444140841190e-03,-3.125974975310717718e-03,6.117037543467458427e-01,7.910634821957428509e-01,-7.987366184845878792e-02,-2.048206809638904169e-02,1.035380414617668443e-01,5.315703289980860946e-01,-4.192851475447778031e-01,4.695453208683536550e-02,-1.183890356495321539e-01,-1.087954644088744427e-01,-2.159372468826163405e-01,5.971151194363480963e-01,-5.072250743425787967e-01,7.045631834378890401e-02,5.199423423808358091e-03,-5.139049728005399414e-02,6.309291846863347708e-02,-1.997862722357106671e-02,2.961660417796804223e-01,-3.076532316205872197e-01,1.258219076019326588e+00,2.839921988723848600e-01,-4.815518516311027147e-02,-5.682461396444969670e-02,-5.977643199254666084e-02,-2.812020076261766421e-01,4.182598640807418944e-01,1.125498510943505615e+00,-1.581923117544397628e-01,-6.038756198925296532e-03,1.399634936096547932e-01
4.838071377789288779e-03,-6.662944181516306831e-03,7.333045473667305636e-01,5.160443696485894800e-03,-2.844972354368290220e-03,6.116095928495807188e-01,7.911377768047294090e-01,-7.953510153041756792e-02,-2.057808048358965650e-02,1.035770633765662335e-01,5.300752010550834337e-01,-4.185984973218170868e-01,4.655187603508914584e-02,-1.184213455205633120e-01,-1.086724189814575747e-01,-2.158842437000310088e-01,5.962715717501283486e-01,-5.072657378283578211e-01,6.993167544410068548e-02,5.090364946308528933e-03,-5.144777793086818124e-02,6.275015988333693118e-02,-2.000786982996216254e-02,2.961871322438608956e-01,-3.072296180653308340e-01,1.258780666696672990e+00,2.842048216267868410e-01,-4.843550794668442794e-02,-5.738505946939885527e-02,-5.998354761053365652e-02,-2.804200836844372158e-01,4.174842102410829536e-01,1.126310253541544126e+00,-1.581057924251230984e-01,-6.266600641343409578e-03,1.408826420736336293e-01
5.012464259235040881e-03,-6.552134595143904901e-03,7.333381039390820533e-01,5.031782506617498221e-03,-2.525752399164914262e-03,6.115866332041363096e-01,7.911574380776906779e-01,-7.921854955682365584e-02,-2.057584003202399606e-02,1.038722713625916949e-01,5.284207552430725263e-01,-4.182106160707818043e-01,4.648392109489334761e-02,-1.189039722805677324e-01,-1.085260059184173925e-01,-2.156024250915095086e-01,5.960855478172120137e-01,-5.071359429906012739e-01,6.981667696537009749e-02,5.017962525537019228e-03,-5.211025143617362826e-02,6.236352997912672502e-02,-2.008086055046089460e-02,2.964732150131340616e-01,-3.064215978138690732e-01,1.259020065694189228e+00,2.834856669550235297e-01,-4.876911375022411482e-02,-5.753973119082026605e-02,-6.002947134746840219e-02,-2.794204400723884207e-01,4.163124604550772490e-01,1.127133930042882870e+00,-1.573812614273039923e-01,-6.290287404159334780e-03,1.415580417468536856e-01
5.184110549615589605e-03,-6.429159972949166808e-03,7.333687649442680589e-01,4.933788510972448964e-03,-2.230530473256830092e-03,6.115122861042545654e-01,7.912164093396234499e-01,-7.901082457252080193e-02,-2.064162121229310212e-02,1.039430913209116181e-01,5.271576030737704643e-01,-4.176807486499546362e-01,4.649431603382050970e-02,-1.194686140069576158e-01,-1.083845401690163995e-01,-2.150767660559711469e-01,5.962449709870446535e-01,-5.070834338570900934e-01,6.993588867455727276e-02,4.951189722924710483e-03,-5.274262582511844710e-02,6.208026457625314548e-02,-2.012273834237565326e-02,2.969366766780812683e-01,-3.065048430801460833e-01,1.259196854027173185e+00,2.832603445824273813e-01,-4.898749296559433419e-02,-5.720805282394630237e-02,-6.025366688364690304e-02,-2.784839559396268815e-01,4.158947174201255703e-01,1.128037696390409295e+00,-1.569904266707028151e-01,-5.973121555782372021e-03,1.416185633229302687e-01
5.354618144635215488e-03,-6.289249813658077774e-03,7.334069824861506603e-01,4.898761599017702369e-03,-1.946592456272621275e-03,6.115003429740893948e-01,7.912266068928532903e-01,-7.837902350285601283e-02,-2.068726980817074332e-02,1.044769560694666921e-01,5.253199971836938209e-01,-4.170716671452777136e-01,4.602230195292318637e-02,-1.194374677528812073e-01,-1.085300386819474661e-01,-2.153460370210205088e-01,5.956694180606392219e-01,-5.071695156689945971e-01,7.051664024310630441e-02,4.817216068002741491e-03,-5.313091544237914798e-02,6.162250743039684314e-02,-2.014504857207850136e-02,2.970475616001320707e-01,-3.064578395685897405e-01,1.259594753521084520e+00,2.830884644433087627e-01,-4.932194738525570721e-02,-5.727444654434761528e-02,-6.027017069716342212e-02,-2.776177372834172097e-01,4.155949954161621829e-01,1.128582285297791588e+00,-1.564727621717217354e-01,-6.503339217234224007e-03,1.415541626771223416e-01
5.523399878382435381e-03,-6.142962407122411379e-03,7.334273435849061329e-01,4.887809866626218608e-03,-1.755442869751833775e-03,6.117800688992840463e-01,7.910108564568680833e-01,-7.776082862482319724e-02,-2.069521035243344215e-02,1.047912077464226710e-01,5.237749360017635025e-01,-4.166907340548978711e-01,4.597569393142374866e-02,-1.192937148237409178e-01,-1.087798789776955599e-01,-2.159930456427482937e-01,5.956705528637187275e-01,-5.074066881064998036e-01,7.038534381612901458e-02,4.830050133757467570e-03,-5.355390281297336963e-02,6.131077188675493339e-02,-2.027253832156121829e-02,2.974628182687432676e-01,-3.070403288146390519e-01,1.259347696631455626e+00,2.833973855555224075e-01,-4.956827812646343728e-02,-5.770115723545440889e-02,-5.984935801193752569e-02,-2.769711147138571028e-01,4.158684257126654127e-01,1.129444548691636685e+00,-1.564330190917573304e-01,-6.444726448738800906e-03,1.420097063367938561e-01
5.691687153955947778e-03,-5.992446913210516986e-03,7.334597454102812497e-01,4.846144127276174988e-03,-1.629338622930989050e-03,6.120766816077883865e-01,7.907818890027448200e-01,-7.740528460059768745e-02,-2.062048869728313680e-02,1.048160623425523352e-01,5.228633595302919490e-01,-4.161607633500360448e-01,4.596485738354991885e-02,-1.193475839414943201e-01,-1.088115651284761592e-01,-2.162332884068349781e-01,5.961227612143134014e-01,-5.072114286091253810e-01,7.031381843804179743e-02,4.865950440059543455e-03,-5.430272668771660843e-02,6.109573002715015105e-02,-2.042396779973655596e-02,2.979908423507638404e-01,-3.076917721755602630e-01,1.259017558764960354e+00,2.831773801650171452e-01,-4.969176915463068694e-02,-5.773994881670214963e-02,-5.945725395282100423e-02,-2.761365791370165579e-01,4.161937302045577436e-01,1.130434796994148394e+00,-1.557185134148365291e-01,-6.374350736624268508e-03,1.421156265342545522e-01
5.873326643500193130e-03,-5.853642849657992447e-03,7.334879609458362371e-01,4.749286308194209869e-03,-1.544219313313186480e-03,6.125822021352124169e-01,7.903911090678149565e-01,-7.724084142144961584e-02,-2.039694963535966868e-02,1.046010157192932000e-01,5.222172445306120236e-01,-4.159362797034364956e-01,4.575519145100607338e-02,-1.193512111846600637e-01,-1.087457447605253147e-01,-2.167357146209744068e-01,5.966788389434196649e-01,-5.069729464689716192e-01,7.015154087651767623e-02,4.905008905903007754e-03,-5.495745155423666095e-02,6.090711484704134510e-02,-2.074585837730215376e-02,2.986977674115233738e-01,-3.086726253159084443e-01,1.258352383876626401e+00,2.831594406624819427e-01,-4.966261590149574634e-02,-5.741548711642844444e-02,-5.863172060021093479e-02,-2.754563609889384979e-01,4.168177266591341912e-01,1.130753957392261810e+00,-1.554880233741296469e-01,-6.447688059805244988e-03,1.424890082479501885e-01
6.081930543863576719e-03,-5.726495322386710926e-03,7.335016499961279912e-01,4.684093873843506520e-03,-1.376633812773766846e-03,6.129553437251678005e-01,7.901024685081613486e-01,-7.734655913539915939e-02,-2.031675627924840050e-02,1.042095175448859018e-01,5.219453444925268304e-01,-4.155232663993764231e-01,4.510862752010447174e-02,-1.195690779111048124e-01,-1.089555890559431306e-01,-2.176341149156801602e-01,5.975350720310884656e-01,-5.072164521891271427e-01,6.957925822314210695e-02,5.069591363369329445e-03,-5.527290512908162451e-02,6.082355046864654224e-02,-2.080296831452508113e-02,2.992470330042662496e-01,-3.097275662084396641e-01,1.257257808709961733e+00,2.821498461713686789e-01,-4.994864835197543318e-02,-5.765979093972661840e-02,-5.779850917311105118e-02,-2.750708233661868785e-01,4.176287368598446959e-01,1.130484874832829334e+00,-1.554311230757800810e-01,-6.653765084222958322e-03,1.423631964513612513e-01
6.325035247422104191e-03,-5.624771094376423107e-03,7.334637000584036670e-01,4.750152400045849418e-03,-1.250046828086755733e-03,6.134614604232603297e-01,7.897093832609972663e-01,-7.757273089724392445e-02,-2.045017181065588580e-02,1.035112187921224669e-01,5.223012838110343559e-01,-4.155379769665775158e-01,4.486943321927260031e-02,-1.198542235272662959e-01,-1.092656896491175644e-01,-2.181643761333297293e-01,5.990743989776783351e-01,-5.079618248978090556e-01,6.921275451863279082e-02,5.476346965638942930e-03,-5.548301842234674985e-02,6.073995051649770660e-02,-2.108501211974369779e-02,2.998497802960641279e-01,-3.103424514478621554e-01,1.256304318670487641e+00,2.816872424720984203e-01,-5.001546304433275580e-02,-5.741944597342175244e-02,-5.678206011785727481e-02,-2.746700811483012150e-01,4.183321443987518262e-01,1.130634802626764968e+00,-1.551169260252077409e-01,-6.507786760363227022e-03,1.424509463680820875e-01
6.598050139145859166e-03,-5.535448415451440715e-03,7.334384771285299420e-01,4.826516428871730977e-03,-1.142495949929223271e-03,6.140928039071817945e-01,7.892182382786033790e-01,-7.766954456419393471e-02,-2.044126088643465761e-02,1.030426141456450007e-01,5.224414298704631587e-01,-4.155610495370061774e-01,4.432793991942476919e-02,-1.196827693397731901e-01,-1.096843336777184319e-01,-2.194500290854131674e-01,6.000034769862859774e-01,-5.087253501793842503e-01,6.852138796589038461e-02,5.899608955248035816e-03,-5.599193092441354103e-02,6.019422751811751710e-02,-2.138845649538208965e-02,3.003065999692882682e-01,-3.100875159993009000e-01,1.255664600652566465e+00,2.804925857135621703e-01,-4.991597621741428181e-02,-5.763625996953793823e-02,-5.552800078094825842e-02,-2.736842540045840710e-01,4.181177567918598625e-01,1.131525976490147745e+00,-1.542214669538275740e-01,-5.813504468831500252e-03,1.427618970120924369e-01
6.898421869367187681e-03,-5.467143089252099464e-03,7.334184902800595651e-01,5.004343894896930503e-03,-1.135397883417405647e-03,6.147184121898674469e-01,7.887299545019174074e-01,-7.775173624662461147e-02,-2.064893603894709523e-02,1.017573138306184233e-01,5.230499258861811551e-01,-4.154686618721843416e-01,4.434820496215305385e-02,-1.196167241615793270e-01,-1.099200369832100954e-01,-2.200023921732283116e-01,6.016447297515167270e-01,-5.092501035994067005e-01,6.724066714208612461e-02,5.980898839797860710e-03,-5.584024092389479332e-02,5.987452150393040434e-02,-2.165897593363393103e-02,3.008730529596403969e-01,-3.112570687555321070e-01,1.255083350394658570e+00,2.811146401224358660e-01,-5.015320578014181158e-02,-5.715782739189938233e-02,-5.488774153386727361e-02,-2.728342062827983083e-01,4.179920197737936882e-01,1.133025636989680951e+00,-1.549404844774177614e-01,-5.365849966343318525e-03,1.424071806194371348e-01
7.210338301115559734e-03,-5.422532802644632922e-03,7.333810084447195399e-01,5.159191814339349896e-03,-1.113684688295144172e-03,6.152701837165914789e-01,7.882986385092837223e-01,-7.805584191407870243e-02,-2.064140704247394847e-02,1.010453568614969044e-01,5.240258763742232651e-01,-4.155724029057703550e-01,4.437599053049264691e-02,-1.194382714748791763e-01,-1.101761371655612526e-01,-2.209272688381068717e-01,6.027769052119718030e-01,-5.098606518836004131e-01,6.635484774713393263e-02,6.168967370715586727e-03,-5.578900873143925743e-02,5.980397059893680090e-02,-2.217321643630785349e-02,3.012734329969836700e-01,-3.123913549372573373e-01,1.254739348424726231e+00,2.813439650641382794e-01,-5.042074685120861294e-02,-5.714868436275385988e-02,-5.414665378160854470e-02,-2.721536474556485175e-01,4.180633880217637932e-01,1.133445333816190059e+00,-1.553794264667564540e-01,-5.625474898402132301e-03,1.425610273192394195e-01
7.520175060648674921e-03,-5.404368767214146919e-03,7.333177729479047890e-01,5.442120987001760647e-03,-1.258360119893705891e-03,6.157574797766078856e-01,7.879159383767615488e-01,-7.821428723251487580e-02,-2.064773811206206677e-02,1.001646406748932794e-01,5.256490537932361207e-01,-4.161186648107694785e-01,4.489164165065941819e-02,-1.190591667531889220e-01,-1.103300724484736206e-01,-2.214207580576414425e-01,6.042854597043910703e-01,-5.106337039992454585e-01,6.547609532192540105e-02,6.427815829640404037e-03,-5.543530534788430192e-02,6.024229564772493745e-02,-2.305821284022696593e-02,3.013537688639169043e-01,-3.130886906186154950e-01,1.255309496944850167e+00,2.808079219780725833e-01,-5.058696836042982786e-02,-5.642594455800466202e-02,-5.369986318638948070e-02,-2.711823894640460475e-01,4.177745089796646161e-01,1.134731265510332543e+00,-1.543161042242733871e-01,-5.980890289479284284e-03,1.429033490933548645e-01
7.827266970933086793e-03,-5.388388007099681118e-03,7.332663138920548773e-01,5.622822890504233263e-03,-1.225535574320351078e-03,6.165205490765962582e-01,7.873177849455651467e-01,-7.858931767766579035e-02,-2.080049635186492080e-02,9.912785642970724231e-02,5.265857028220268798e-01,-4.163866077684421074e-01,4.500693611512324860e-02,-1.185670882971238266e-01,-1.106490997194305714e-01,-2.225744051181678673e-01,6.049456620938757911e-01,-5.115799649358161449e-01,6.454721484056330505e-02,6.638623474517874393e-03,-5.510180499430571144e-02,6.085017445054913265e-02,-2.426488062459422612e-02,3.016625913113544222e-01,-3.137698831114642539e-01,1.254681617211087952e+00,2.813938226699858602e-01,-5.109776801818328301e-02,-5.590257882787543625e-02,-5.283681337205058809e-02,-2.708390939783680840e-01,4.176639283710480988e-01,1.134285436480396925e+00,-1.539656542661890781e-01,-6.385895032935230003e-03,1.428969257384715141e-01
8.100056410196190826e-03,-5.380869360089083481e-03,7.331677541851048252e-01,5.762499974259666785e-03,-1.044797369470247669e-03,6.169797954340270341e-01,7.869571996104300915e-01,-7.905031778595265901e-02,-2.101301216878041084e-02,9.857941539797757113e-02,5.272445462540694683e-01,-4.170084601396423230e-01,4.435919719382372395e-02,-1.184922583555537007e-01,-1.110349345087210532e-01,-2.233829088604030733e-01,6.055055505180934050e-01,-5.131510533469129109e-01,6.372681809986775747e-02,6.740583294316216875e-03,-5.497607655673593385e-02,6.125841566036285823e-02,-2.482046009676291964e-02,3.020746693818991968e-01,-3.140372702726862975e-01,1.253438354408343169e+00,2.816170684716423622e-01,-5.158636281000957696e-02,-5.550990241724306634e-02,-5.204167618628043057e-02,-2.705546187227875765e-01,4.174065223006127590e-01,1.133194035164870828e+00,-1.535664337831127157e-01,-6.627781098652873321e-03,1.424282109599247503e-01
8.309439845182854320e-03,-5.440526379862686661e-03,7.329360501198445288e-01,6.021180917917604881e-03,-1.066810839789442264e-03,6.175326559680871519e-01,7.865214721213826810e-01,-8.039367055227963910e-02,-2.099945293726531576e-02,9.840490680881353036e-02,5.306383053269736472e-01,-4.187312961174090020e-01,4.516666208995831489e-02,-1.205583887934950083e-01,-1.118544788073886354e-01,-2.233783016660635945e-01,6.114382390524821798e-01,-5.151233999710465028e-01,6.158644030896448518e-02,7.181870846918424200e-03,-5.504437544298480811e-02,6.430013567312428679e-02,-2.350363537429457292e-02,3.043970792545587223e-01,-3.152498969412200203e-01,1.243765577957309354e+00,2.798272374988386435e-01,-5.349013481727873248e-02,-5.518555090681273589e-02,-4.965776115281440861e-02,-2.720784028463263393e-01,4.179172478380119293e-01,1.125830164363247787e+00,-1.534155830897012407e-01,-6.946064383275635246e-03,1.442018278331363978e-01
8.309439845182854320e-03,-5.440526379862686661e-03,7.329360501198445288e-01,6.021180917917604881e-03,-1.066810839789442264e-03,6.175326559680871519e-01,7.865214721213826810e-01,-7.564231541242549817e-02,-2.491522296234898598e-02,9.159303249293698768e-02,5.226518563332561707e-01,-4.159898729391391381e-01,4.610761257771645721e-02,-1.167995605025956285e-01,-1.063096874690920013e-01,-2.114315956747338243e-01,6.052341321976539845e-01,-5.099688438841869509e-01,6.417788708540569931e-02,7.870700704560298563e-03,-5.522869316918538329e-02,6.561365125285836819e-02,-2.317376264444920980e-02,3.007565014334681042e-01,-3.173879323592897483e-01,1.241987934741529020e+00,2.859558309203208970e-01,-5.172920455840816084e-02,-5.402174985863027190e-02,-4.902904750650059762e-02,-2.690803735097304639e-01,4.191250941971476629e-01,1.126974881811899198e+00,-1.534952057530311609e-01,-5.105970803429334820e-03,1.416370058670324006e-01
8.309439845182854320e-03,-5.440526379862686661e-03,7.329360501198445288e-01,6.021180917917604881e-03,-1.066810839789442264e-03,6.175326559680871519e-01,7.865214721213826810e-01,-7.089096027257137111e-02,-2.883099298743265620e-02,8.478115817706044499e-02,5.146654073395386941e-01,-4.132484497608693297e-01,4.704856306547459954e-02,-1.130407322116962626e-01,-1.007648961307953950e-01,-1.994848896834041097e-01,5.990300253428257893e-01,-5.048142877973275100e-01,6.676933386184692731e-02,8.559530562202174661e-03,-5.541301089538596542e-02,6.692716683259246346e-02,-2.284388991460384322e-02,2.971159236123775416e-01,-3.195259677773595319e-01,1.240210291525748909e+00,2.920844243418031505e-01,-4.996827429953759614e-02,-5.285794881044782179e-02,-4.840033386018678663e-02,-2.660823441731346439e-01,4.203329405562835075e-01,1.128119599260551054e+00,-1.535748284163610811e-01,-3.265877223583034394e-03,1.390721839009284311e-01
8.309439845182854320e-03,-5.440526379862686661e-03,7.329360501198445288e-01,6.021180917917604881e-03,-1.066810839789442264e-03,6.175326559680871519e-01,7.865214721213826810e-01,-6.613960513271724406e-02,-3.274676301251632643e-02,7.796928386118387455e-02,5.066789583458212176e-01,-4.105070265825994658e-01,4.798951355323274187e-02,-1.092819039207968829e-01,-9.522010479249876092e-02,-1.875381836920743672e-01,5.928259184879977051e-01,-4.996597317104679581e-01,6.936078063828815532e-02,9.248360419844049024e-03,-5.559732862158654754e-02,6.824068241232653098e-02,-2.251401718475847663e-02,2.934753457912869790e-01,-3.216640031954292045e-01,1.238432648309968798e+00,2.982130177632853485e-01,-4.820734404066701756e-02,-5.169414776226535779e-02,-4.777162021387297564e-02,-2.630843148365387685e-01,4.215407869154192966e-01,1.129264316709202687e+00,-1.536544510796910290e-01,-1.425783643736732234e-03,1.365073619348244338e-01
8.309439845182854320e-03,-5.440526379862686661e-03,7.329360501198445288e-01,6.021180917917604881e-03,-1.066810839789442264e-03,6.175326559680871519e-01,7.865214721213826810e-01,-6.138824999286311007e-02,-3.666253303760000359e-02,7.115740954530734574e-02,4.986925093521037966e-01,-4.077656034043296573e-01,4.893046404099089114e-02,-1.055230756298975170e-01,-8.967531345420216848e-02,-1.755914777007446248e-01,5.866218116331695098e-01,-4.945051756236085172e-01,7.195222741472938333e-02,9.937190277485925122e-03,-5.578164634778712966e-02,6.955419799206062625e-02,-2.218414445491311698e-02,2.898347679701963608e-01,-3.238020386134989881e-01,1.236655005094188464e+00,3.043416111847676020e-01,-4.644641378179645286e-02,-5.053034671408290074e-02,-4.714290656755917158e-02,-2.600862854999429485e-01,4.227486332745550301e-01,1.130409034157854542e+00,-1.537340737430209769e-01,4.143099361095673241e-04,1.339425399687204365e-01
8.309439845182854320e-03,-5.440526379862686661e-03,7.329360501198445288e-01,6.021180917917604881e-03,-1.066810839789442264e-03,6.175326559680871519e-01,7.865214721213826810e-01,-5.663689485300896914e-02,-4.057830306268366688e-02,6.434553522943078918e-02,4.907060603583863201e-01,-4.050241802260597934e-01,4.987141452874903347e-02,-1.017642473389981372e-01,-8.413052211590553442e-02,-1.636447717094148824e-01,5.804177047783413146e-01,-4.893506195367489653e-01,7.454367419117059745e-02,1.062602013512779775e-02,-5.596596407398770484e-02,7.086771357179470765e-02,-2.185427172506774693e-02,2.861941901491057982e-01,-3.259400740315686607e-01,1.234877361878408131e+00,3.104702046062498555e-01,-4.468548352292588122e-02,-4.936654566590044368e-02,-4.651419292124536059e-02,-2.570882561633470731e-01,4.239564796336907637e-01,1.131553751606505953e+00,-1.538136964063508694e-01,2.254403515955867750e-03,1.313777180026164670e-01
8.309439845182854320e-03,-5.440526379862686661e-03,7.329360501198445288e-01,6.021180917917604881e-03,-1.066810839789442264e-03,6.175326559680871519e-01,7.865214721213826810e-01,-5.188553971315483515e-02,-4.449407308776734404e-02,5.753366091355424650e-02,4.827196113646688991e-01,-4.022827570477899295e-01,5.081236501650716886e-02,-9.800541904809875748e-02,-7.858573077760890035e-02,-1.516980657180851122e-01,5.742135979235131193e-01,-4.841960634498894689e-01,7.713512096761182546e-02,1.131484999276967385e-02,-5.615028180018828002e-02,7.218122915152878905e-02,-2.152439899522238381e-02,2.825536123280151801e-01,-3.280781094496384442e-01,1.233099718662628019e+00,3.165987980277320535e-01,-4.292455326405530958e-02,-4.820274461771797969e-02,-4.588547927493154266e-02,-2.540902268267512532e-01,4.251643259928265528e-01,1.132698469055157586e+00,-1.538933190696808173e-01,4.094497095802169910e-03,1.288128960365124698e-01
8.309439845182854320e-03,-5.440526379862686661e-03,7.329360501198445288e-01,6.021180917917604881e-03,-1.066810839789442264e-03,6.175326559680871519e-01,7.865214721213826810e-01,-4.713418457330069422e-02,-4.840984311285101427e-02,5.072178659767769687e-02,4.747331623709513670e-01,-3.995413338695200656e-01,5.175331550426531119e-02,-9.424659075719937773e-02,-7.304093943931228017e-02,-1.397513597267553420e-01,5.680094910686849241e-01,-4.790415073630299170e-01,7.972656774405303959e-02,1.200367985041154821e-02,-5.633459952638885521e-02,7.349474473126287044e-02,-2.119452626537701723e-02,2.789130345069246175e-01,-3.302161448677081168e-01,1.231322075446847686e+00,3.227273914492142515e-01,-4.116362300518473100e-02,-4.703894356953552264e-02,-4.525676562861773167e-02,-2.510921974901553222e-01,4.263721723519622864e-01,1.133843186503808997e+00,-1.539729417330107375e-01,5.934590675648469468e-03,1.262480740704084725e-01
8.309439845182854320e-03,-5.440526379862686661e-03,7.329360501198445288e-01,6.021180917917604881e-03,-1.066810839789442264e-03,6.175326559680871519e-01,7.865214721213826810e-01,-4.238282943344656023e-02,-5.232561313793468449e-02,4.390991228180115419e-02,4.667467133772339460e-01,-3.967999106912503127e-01,5.269426599202346045e-02,-9.048776246630001185e-02,-6.749614810101565998e-02,-1.278046537354256273e-01,5.618053842138567289e-01,-4.738869512761704206e-01,8.231801452049428147e-02,1.269250970805342431e-02,-5.651891725258943733e-02,7.480826031099695184e-02,-2.086465353553165064e-02,2.752724566858339994e-01,-3.323541802857779004e-01,1.229544432231067574e+00,3.288559848706965605e-01,-3.940269274631416629e-02,-4.587514252135305864e-02,-4.462805198230392068e-02,-2.480941681535595300e-01,4.275800187110980755e-01,1.134987903952460853e+00,-1.540525643963406577e-01,7.774684255494770761e-03,1.236832521043045030e-01
8.309439845182854320e-03,-5.440526379862686661e-03,7.329360501198445288e-01,6.021180917917604881e-03,-1.066810839789442264e-03,6.175326559680871519e-01,7.865214721213826810e-01,-3.763147429359243318e-02,-5.624138316301835472e-02,3.709803796592461150e-02,4.587602643835164695e-01,-3.940584875129804487e-01,5.363521647978160278e-02,-8.672893417540065986e-02,-6.195135676271905367e-02,-1.158579477440958849e-01,5.556012773590286447e-01,-4.687323951893109797e-01,8.490946129693549560e-02,1.338133956569529867e-02,-5.670323497879001945e-02,7.612177589073104711e-02,-2.053478080568629099e-02,2.716318788647434368e-01,-3.344922157038476840e-01,1.227766789015287241e+00,3.349845782921787585e-01,-3.764176248744360159e-02,-4.471134147317060159e-02,-4.399933833599010968e-02,-2.450961388169636823e-01,4.287878650702338645e-01,1.136132621401112486e+00,-1.541321870596706056e-01,9.614777835341068585e-03,1.211184301382005057e-01
8.309439845182854320e-03,-5.440526379862686661e-03,7.329360501198445288e-01,6.021180917917604881e-03,-1.066810839789442264e-03,6.175326559680871519e-01,7.865214721213826810e-01,-3.288011915373829919e-02,-6.015715318810202494e-02,3.028616365004806188e-02,4.507738153897989930e-01,-3.913170643347105848e-01,5.457616696753974511e-02,-8.297010588450126622e-02,-5.640656542442242655e-02,-1.039112417527661425e-01,5.493971705042004494e-01,-4.635778391024514278e-01,8.750090807337670973e-02,1.407016942333717303e-02,-5.688755270499059463e-02,7.743529147046512850e-02,-2.020490807584092441e-02,2.679913010436528187e-01,-3.366302511219173565e-01,1.225989145799507130e+00,3.411131717136610120e-01,-3.588083222857302995e-02,-4.354754042498814454e-02,-4.337062468967629869e-02,-2.420981094803678069e-01,4.299957114293696536e-01,1.137277338849764119e+00,-1.542118097230005258e-01,1.145487141518737075e-02,1.185536081720965224e-01
8.309439845182854320e-03,-5.440526379862686661e-03,7.329360501198445288e-01,6.021180917917604881e-03,-1.066810839789442264e-03,6.175326559680871519e-01,7.865214721213826810e-01,-2.812876401388416520e-02,-6.407292321318569517e-02,2.347428933417151226e-02,4.427873663960815165e-01,-3.885756411564407764e-01,5.551711745529788744e-02,-7.921127759360188647e-02,-5.086177408612580636e-02,-9.196453576143638620e-02,5.431930636493722542e-01,-4.584232830155918759e-01,9.009235484981793773e-02,1.475899928097904913e-02,-5.707187043119117675e-02,7.874880705019920990e-02,-1.987503534599555782e-02,2.643507232225622561e-01,-3.387682865399870846e-01,1.224211502583727018e+00,3.472417651351432655e-01,-3.411990196970245831e-02,-4.238373937680568748e-02,-4.274191104336248770e-02,-2.391000801437719592e-01,4.312035577885053872e-01,1.138422056298415752e+00,-1.542914323863304737e-01,1.329496499503367291e-02,1.159887862059925390e-01
8.309439845182854320e-03,-5.440526379862686661e-03,7.329360501198445288e-01,6.021180917917604881e-03,-1.066810839789442264e-03,6.175326559680871519e-01,7.865214721213826810e-01,-2.337740887403002080e-02,-6.798869323826936539e-02,1.666241501829495916e-02,4.348009174023640400e-01,-3.858342179781709125e-01,5.645806794305602977e-02,-7.545244930270252059e-02,-4.531698274782917923e-02,-8.001782977010662989e-02,5.369889567945440589e-01,-4.532687269287324350e-01,9.268380162625916574e-02,1.544782913862092523e-02,-5.725618815739175194e-02,8.006232262993329130e-02,-1.954516261615019124e-02,2.607101454014716380e-01,-3.409063219580568127e-01,1.222433859367946685e+00,3.533703585566254635e-01,-3.235897171083188667e-02,-4.121993832862322349e-02,-4.211319739704867671e-02,-2.361020508071761115e-01,4.324114041476412318e-01,1.139566773747067385e+00,-1.543710550496603939e-01,1.513505857487997507e-02,1.134239642398885417e-01
8.309439845182854320e-03,-5.440526379862686661e-03,7.329360501198445288e-01,6.021180917917604881e-03,-1.066810839789442264e-03,6.175326559680871519e-01,7.865214721213826810e-01,-1.862605373417589721e-02,-7.190446326335303562e-02,9.850540702418419947e-03,4.268144684086466745e-01,-3.830927947999011041e-01,5.739901843081417210e-02,-7.169362101180314084e-02,-3.977219140953255905e-02,-6.807112377877690135e-02,5.307848499397158637e-01,-4.481141708418728831e-01,9.527524840270037987e-02,1.613665899626279959e-02,-5.744050588359232712e-02,8.137583820966737269e-02,-1.921528988630482812e-02,2.570695675803810198e-01,-3.430443573761265963e-01,1.220656216152166573e+00,3.594989519781077170e-01,-3.059804145196131503e-02,-4.005613728044076643e-02,-4.148448375073486571e-02,-2.331040214705802638e-01,4.336192505067769098e-01,1.140711491195719018e+00,-1.544506777129903141e-01,1.697515215472627376e-02,1.108591422737845583e-01
8.309439845182854320e-03,-5.440526379862686661e-03,7.329360501198445288e-01,6.021180917917604881e-03,-1.066810839789442264e-03,6.175326559680871519e-01,7.865214721213826810e-01,-1.387469859432175628e-02,-7.582023328843670584e-02,3.038666386541863385e-03,4.188280194149291979e-01,-3.803513716216312401e-01,5.833996891857231443e-02,-6.793479272090377497e-02,-3.422740007123593886e-02,-5.612441778744715198e-02,5.245807430848876685e-01,-4.429596147550133867e-01,9.786669517914160787e-02,1.682548885390467222e-02,-5.762482360979290924e-02,8.268935378940145409e-02,-1.888541715645946154e-02,2.534289897592904572e-01,-3.451823927941962689e-01,1.218878572936386240e+00,3.656275453995899705e-01,-2.883711119309075033e-02,-3.889233623225830938e-02,-4.085577010442105472e-02,-2.301059921339844161e-01,4.348270968659126989e-01,1.141856208644370652e+00,-1.545303003763202343e-01,1.881524573457257418e-02,1.082943203076805749e-01
8.309439845182854320e-03,-5.440526379862686661e-03,7.329360501198445288e-01,6.021180917917604881e-03,-1.066810839789442264e-03,6.175326559680871519e-01,7.865214721213826810e-01,-9.123343454467629232e-03,-7.973600331352036219e-02,-3.773207929334672361e-03,4.108415704212117214e-01,-3.776099484433614317e-01,5.928091940633046369e-02,-6.417596443000439521e-02,-2.868260873293932561e-02,-4.417771179611741650e-02,5.183766362300594732e-01,-4.378050586681538903e-01,1.004581419555828359e-01,1.751431871154654485e-02,-5.780914133599349136e-02,8.400286936913553548e-02,-1.855554442661409842e-02,2.497884119381998946e-01,-3.473204282122660524e-01,1.217100929720606128e+00,3.717561388210722240e-01,-2.707618093422017869e-02,-3.772853518407584539e-02,-4.022705645810724373e-02,-2.271079627973885684e-01,4.360349432250484880e-01,1.143000926093022285e+00,-1.546099230396501822e-01,2.065533931441887461e-02,1.057294983415765777e-01
8.309439845182854320e-03,-5.440526379862686661e-03,7.329360501198445288e-01,6.021180917917604881e-03,-1.066810839789442264e-03,6.175326559680871519e-01,7.865214721213826810e-01,-4.371988314613490037e-03,-8.365177333860404629e-02,-1.058508224521122199e-02,4.028551214274942449e-01,-3.748685252650915678e-01,6.022186989408860602e-02,-6.041713613910502240e-02,-2.313781739464269849e-02,-3.223100580478765326e-02,5.121725293752312780e-01,-4.326505025812943939e-01,1.030495887320240639e-01,1.820314856918842442e-02,-5.799345906219406654e-02,8.531638494886961688e-02,-1.822567169676873183e-02,2.461478341171092765e-01,-3.494584636303357250e-01,1.215323286504825795e+00,3.778847322425544775e-01,-2.531525067534960705e-02,-3.656473413589338833e-02,-3.959834281179343968e-02,-2.241099334607927207e-01,4.372427895841842771e-01,1.144145643541673918e+00,-1.546895457029801024e-01,2.249543289426517503e-02,1.031646763754725804e-01
8.309439845182854320e-03,-5.440526379862686661e-03,7.329360501198445288e-01,6.021180917917604881e-03,-1.066810839789442264e-03,6.175326559680871519e-01,7.865214721213826810e-01,3.793668252406474234e-04,-8.756754336368771652e-02,-1.739695656108777508e-02,3.948686724337767684e-01,-3.721271020868217039e-01,6.116282038184674835e-02,-5.665830784820564958e-02,-1.759302605634607483e-02,-2.028429981345790389e-02,5.059684225204030827e-01,-4.274959464944348420e-01,1.056410355084652780e-01,1.889197842683029704e-02,-5.817777678839464867e-02,8.662990052860369827e-02,-1.789579896692336525e-02,2.425072562960187139e-01,-3.515964990484055086e-01,1.213545643289045683e+00,3.840133256640366755e-01,-2.355432041647903540e-02,-3.540093308771093128e-02,-3.896962916547962869e-02,-2.211119041241968453e-01,4.384506359433200107e-01,1.145290360990325551e+00,-1.547691683663100504e-01,2.433552647411147893e-02,1.005998544093685970e-01
8.309439845182854320e-03,-5.440526379862686661e-03,7.329360501198445288e-01,6.021180917917604881e-03,-1.066810839789442264e-03,6.175326559680871519e-01,7.865214721213826810e-01,5.130721965094776210e-03,-9.148331338877138674e-02,-2.420883087696431429e-02,3.868822234400593474e-01,-3.693856789085518955e-01,6.210377086960489068e-02,-5.289947955730628371e-02,-1.204823471804945985e-02,-8.337593822128171878e-03,4.997643156655749430e-01,-4.223413904075753456e-01,1.082324822849064921e-01,1.958080828447217314e-02,-5.836209451459522385e-02,8.794341610833779355e-02,-1.756592623707800213e-02,2.388666784749281236e-01,-3.537345344664752367e-01,1.211768000073265350e+00,3.901419190855189290e-01,-2.179339015760846723e-02,-3.423713203952846729e-02,-3.834091551916581769e-02,-2.181138747876009976e-01,4.396584823024557442e-01,1.146435078438977184e+00,-1.548487910296399706e-01,2.617562005395777588e-02,9.803503244326462751e-02
8.309439845182854320e-03,-5.440526379862686661e-03,7.329360501198445288e-01,6.021180917917604881e-03,-1.066810839789442264e-03,6.175326559680871519e-01,7.865214721213826810e-01,9.882077104948913671e-03,-9.539908341385507085e-02,-3.102070519284086739e-02,3.788957744463418154e-01,-3.666442557302820315e-01,6.304472135736303995e-02,-4.914065126640689701e-02,-6.503443379752834458e-03,3.609112169201584425e-03,4.935602088107467478e-01,-4.171868343207158492e-01,1.108239290613477340e-01,2.026963814211404577e-02,-5.854641224079579903e-02,8.925693168807187494e-02,-1.723605350723263901e-02,2.352261006538375332e-01,-3.558725698845449648e-01,1.209990356857485017e+00,3.962705125070011825e-01,-2.003245989873789559e-02,-3.307333099134601023e-02,-3.771220187285199976e-02,-2.151158454510051499e-01,4.408663286615915333e-01,1.147579795887628817e+00,-1.549284136929698907e-01,2.801571363380407978e-02,9.547021047716063025e-02
8.309439845182854320e-03,-5.440526379862686661e-03,7.329360501198445288e-01,6.021180917917604881e-03,-1.066810839789442264e-03,6.175326559680871519e-01,7.865214721213826810e-01,1.463343224480304072e-02,-9.931485343893872719e-02,-3.783257950871740660e-02,3.709093254526243943e-01,-3.639028325520122231e-01,6.398567184512117534e-02,-4.538182297550753114e-02,-9.586520414562212100e-04,1.555581816053131297e-02,4.873561019559186080e-01,-4.120322782338563528e-01,1.134153758377889482e-01,2.095846799975592187e-02,-5.873072996699638115e-02,9.057044726780595634e-02,-1.690618077738727243e-02,2.315855228327469428e-01,-3.580106053026146928e-01,1.208212713641704905e+00,4.023991059284833804e-01,-1.827152963986732742e-02,-3.190952994316355318e-02,-3.708348822653819571e-02,-2.121178161144093022e-01,4.420741750207273224e-01,1.148724513336280451e+00,-1.550080363562998109e-01,2.985580721365037674e-02,9.290538851105664686e-02
