-1.579957297870268054e-03,-1.171748781576962238e-02,9.029645917978931235e-01,1.874083004714721321e-02,-1.472442076251707921e-02,4.850772198770288424e-01,8.741464771299628511e-01,-1.099811694924787524e-02,9.516293723918863023e-02,2.132811633132122853e-01,1.598916840865550748e-01,-1.071704245702057995e-01,-3.706360908734455950e-02,-1.046941204877496756e-01,-1.744191016619244250e-01,-1.380616302577923060e-01,3.027925488986373259e-01,-1.440778849193389277e-01,1.081675123719066656e-01,-6.373901079619190280e-02,0.000000000000000000e+00,0.000000000000000000e+00,-2.326745760496322368e-02,1.973865554965953950e-01,-4.072510072093656897e-01,1.196621296993168659e+00,0.000000000000000000e+00,0.000000000000000000e+00,0.000000000000000000e+00,-6.477982743922644504e-02,-2.552466110837250390e-01,5.644275083155770867e-01,1.059416031486032805e+00,0.000000000000000000e+00,0.000000000000000000e+00,0.000000000000000000e+00
-1.698295318408077305e-03,-1.189988780541085568e-02,9.014446144050105580e-01,2.078566611318337365e-02,-1.273129706238509094e-02,4.863656662398458397e-01,8.734153129310311403e-01,-3.558846891964842496e-02,9.286186420811029518e-02,2.101561514299213340e-01,2.071130638365167587e-01,-1.303172936882694977e-01,-3.592567492772373583e-02,-1.297979597706408750e-01,-1.853850336771290797e-01,-1.351016918511843135e-01,3.528171318710628945e-01,-1.698996926279904562e-01,1.098361219489926432e-01,-7.021746973723359819e-02,0.000000000000000000e+00,0.000000000000000000e+00,-3.374291572792439270e-02,1.870164479289188331e-01,-4.024987164757927727e-01,1.212062425838065449e+00,0.000000000000000000e+00,0.000000000000000000e+00,0.000000000000000000e+00,-7.715223229849352271e-02,-2.532152470916990139e-01,5.671664789740862300e-01,1.073551946590319384e+00,0.000000000000000000e+00,0.000000000000000000e+00,0.000000000000000000e+00
-1.744605119164458666e-03,-1.203255329528956849e-02,9.005277909786547630e-01,2.062253315496651723e-02,-1.143749637222565146e-02,4.873723671997078344e-01,8.728757474538746397e-01,-5.429120990058579344e-02,9.415754909433879383e-02,2.058679670367063730e-01,2.399722697654307346e-01,-1.473436203351251583e-01,-3.557853541611240289e-02,-1.428027887772879145e-01,-1.882286441909251651e-01,-1.331329308739945261e-01,3.751754329641552310e-01,-1.818950276885190342e-01,1.108848616770946871e-01,-7.163414475354978883e-02,0.000000000000000000e+00,0.000000000000000000e+00,-3.765662992596862518e-02,1.855108012491916980e-01,-4.000230469178674975e-01,1.213286194501811188e+00,0.000000000000000000e+00,0.000000000000000000e+00,0.000000000000000000e+00,-8.065146038387502325e-02,-2.539972833074691239e-01,5.672190316552591094e-01,1.075191496777196276e+00,0.000000000000000000e+00,0.000000000000000000e+00,0.000000000000000000e+00
-1.771493576610699361e-03,-1.216979713143392927e-02,8.999406473485460634e-01,2.006211468760322331e-02,-1.113260307755332620e-02,4.874744332830130977e-01,8.728357540788438396e-01,-6.627652778659809396e-02,9.716297325149095276e-02,2.046229526095734719e-01,2.625984174920449332e-01,-1.588799858300243284e-01,-3.528929053016656436e-02,-1.491099134278867644e-01,-1.882529049850606984e-01,-1.327249904939008518e-01,3.856655583416884747e-01,-1.871480354759946785e-01,1.107997173202696917e-01,-7.208611525030599043e-02,0.000000000000000000e+00,0.000000000000000000e+00,-3.906730279616701940e-02,1.863337096182044739e-01,-3.999839472634905135e-01,1.213299067572300771e+00,0.000000000000000000e+00,0.000000000000000000e+00,0.000000000000000000e+00,-8.250156850336354264e-02,-2.535035951452281333e-01,5.674085715425598586e-01,1.075844116877482604e+00,0.000000000000000000e+00,0.000000000000000000e+00,0.000000000000000000e+00
-1.746043572479100440e-03,-1.236064709082950949e-02,9.001927678227702456e-01,1.861811318965630319e-02,-1.039873328611454380e-02,4.875965899227376332e-01,8.728085687612248122e-01,-6.896675708892249790e-02,9.903477780408884157e-02,2.032437483864630856e-01,2.609058692126878798e-01,-1.568921558410351635e-01,-3.608888214172312897e-02,-1.480218578100269688e-01,-1.852807933557346631e-01,-1.342330200484655456e-01,3.767039977280629559e-01,-1.820197431810888500e-01,1.090381443603177236e-01,-7.228392369492242508e-02,0.000000000000000000e+00,0.000000000000000000e+00,-4.124929293014910348e-02,1.900052107747757790e-01,-4.000594415671309689e-01,1.211681592269445273e+00,0.000000000000000000e+00,0.000000000000000000e+00,0.000000000000000000e+00,-8.429375412587089555e-02,-2.522742211570410675e-01,5.648151102947163160e-01,1.074163826361452578e+00,0.000000000000000000e+00,0.000000000000000000e+00,0.000000000000000000e+00
-1.769560062380667355e-03,-1.249498953651665377e-02,9.001773749846585515e-01,1.857999793207149378e-02,-1.070245363700306727e-02,4.882603690714655276e-01,8.724345552287503525e-01,-6.967216657503121080e-02,9.949038580984675972e-02,2.021787142121862502e-01,2.625111960525209343e-01,-1.572580119784669772e-01,-3.640454707222907926e-02,-1.471340539231246192e-01,-1.851834739218475301e-01,-1.355622058113211958e-01,3.764262372369563958e-01,-1.811758500622433765e-01,1.086301698094045837e-01,-7.206432904897709657e-02,0.000000000000000000e+00,0.000000000000000000e+00,-4.215990799710597758e-02,1.905474695445214250e-01,-4.016102710179006441e-01,1.211728017018709691e+00,0.000000000000000000e+00,0.000000000000000000e+00,0.000000000000000000e+00,-8.403324568560990859e-02,-2.518342831156182293e-01,5.648880554145959687e-01,1.075141813976355776e+00,0.000000000000000000e+00,0.000000000000000000e+00,0.000000000000000000e+00
-1.833363964249465176e-03,-1.258800949103104812e-02,9.001353835954728488e-01,1.840857426068972374e-02,-1.069261708716927328e-02,4.887368719811175377e-01,8.721714638186848223e-01,-7.042579920628161405e-02,9.949679259445398660e-02,2.007792111160390802e-01,2.629549717956023991e-01,-1.583402617718767391e-01,-3.642767519364599471e-02,-1.474503893445106573e-01,-1.849226155024857321e-01,-1.357190191550083080e-01,3.768703792609695014e-01,-1.815350850540850547e-01,1.083386135941680345e-01,-7.155243413497459903e-02,0.000000000000000000e+00,0.000000000000000000e+00,-4.313676528015759903e-02,1.906595581502248393e-01,-4.020972861716251012e-01,1.211677400190575904e+00,0.000000000000000000e+00,0.000000000000000000e+00,0.000000000000000000e+00,-8.380209114190932673e-02,-2.519571921871007758e-01,5.648557360214486733e-01,1.076080105216921101e+00,0.000000000000000000e+00,0.000000000000000000e+00,0.000000000000000000e+00
-1.942562807489724500e-03,-1.271175701340873480e-02,8.999180404993013527e-01,1.871077380569758850e-02,-1.096049623301026919e-02,4.887731399659113740e-01,8.721413830989680482e-01,-7.202330668670431368e-02,9.970593759892802666e-02,2.008631998221752368e-01,2.678848989603635489e-01,-1.614197901649517541e-01,-3.659824410278604556e-02,-1.490447913050572393e-01,-1.859531061045854583e-01,-1.361964525936679160e-01,3.816554734915497682e-01,-1.836746132077609062e-01,1.083458934666071127e-01,-7.149867278072327692e-02,0.000000000000000000e+00,0.000000000000000000e+00,-4.336097295901843174e-02,1.902794180502543619e-01,-4.035234213599603881e-01,1.212426207423862978e+00,0.000000000000000000e+00,0.000000000000000000e+00,0.000000000000000000e+00,-8.396847153299602518e-02,-2.518385858168999958e-01,5.656874174449955106e-01,1.077208501739504332e+00,0.000000000000000000e+00,0.000000000000000000e+00,0.000000000000000000e+00
-2.060462359936615986e-03,-1.281532300669590424e-02,8.999585728681951391e-01,1.866655942931003467e-02,-1.106584796200422820e-02,4.894028843754766878e-01,8.717877742506583427e-01,-7.160233714084453249e-02,9.920506523817820832e-02,1.990234288764435311e-01,2.661416771118578217e-01,-1.607877206815456206e-01,-3.685051033071060078e-02,-1.482543484845491866e-01,-1.859494992976271355e-01,-1.369374479996682825e-01,3.806313818823640061e-01,-1.827876083012452690e-01,1.082834937978151557e-01,-7.101544836037054775e-02,0.000000000000000000e+00,0.000000000000000000e+00,-4.491024373251792379e-02,1.904167218565324116e-01,-4.042224173824553457e-01,1.213150784518467917e+00,0.000000000000000000e+00,0.000000000000000000e+00,0.000000000000000000e+00,-8.375502662079790939e-02,-2.519821742957550903e-01,5.653582697042941474e-01,1.078092048760912469e+00,0.000000000000000000e+00,0.000000000000000000e+00,0.000000000000000000e+00
-2.203516657632399907e-03,-1.290525929658146650e-02,8.999159310170727899e-01,1.873069092417160852e-02,-1.145466079166722329e-02,4.901654859784522200e-01,8.713528265399484996e-01,-7.220509789332561768e-02,9.919721044305340740e-02,1.975937680287627174e-01,2.678829673969182479e-01,-1.615317859844647430e-01,-3.608825880339912306e-02,-1.478517925360252061e-01,-1.858487808655467644e-01,-1.369154400915836567e-01,3.817143819731721455e-01,-1.820771685865242573e-01,1.077548576429501886e-01,-7.100875887237521888e-02,0.000000000000000000e+00,0.000000000000000000e+00,-4.673556305687825985e-02,1.896849843519252676e-01,-4.054085530623150468e-01,1.215437301303734952e+00,0.000000000000000000e+00,0.000000000000000000e+00,0.000000000000000000e+00,-8.348907206934637337e-02,-2.517946546702602428e-01,5.650552137650584061e-01,1.079674687931241772e+00,0.000000000000000000e+00,0.000000000000000000e+00,0.000000000000000000e+00
-2.304348865935870651e-03,-1.297146375927338627e-02,8.999109060212195921e-01,1.884757088943045042e-02,-1.141913260935895243e-02,4.901732693415044029e-01,8.713463940965598953e-01,-7.241580532134320181e-02,9.898274349401769978e-02,1.978263316916085979e-01,2.681576871265728967e-01,-1.610187830897864547e-01,-3.680631510515085941e-02,-1.482988253877130791e-01,-1.865228077195137946e-01,-1.373711323040982812e-01,3.824862785200058291e-01,-1.817183722972516846e-01,1.087096065989808097e-01,-7.064600706179252620e-02,0.000000000000000000e+00,0.000000000000000000e+00,-4.688346852835406642e-02,1.895974484910353530e-01,-4.073370701246951664e-01,1.214852583448974510e+00,0.000000000000000000e+00,0.000000000000000000e+00,0.000000000000000000e+00,-8.353067125914115376e-02,-2.519937199377686454e-01,5.655524713088485589e-01,1.079699342226032366e+00,0.000000000000000000e+00,0.000000000000000000e+00,0.000000000000000000e+00
-2.403370095998126708e-03,-1.299791827632323579e-02,8.999036789150911542e-01,1.860432169512219597e-02,-1.139832640487664986e-02,4.905823851287854920e-01,8.711216222610839166e-01,-7.328948709320795563e-02,9.929175431809082741e-02,1.972728814957630805e-01,2.688133893646582062e-01,-1.617698040028188455e-01,-3.668532593567347400e-02,-1.480062327271309541e-01,-1.862934266526638794e-01,-1.380459706555705046e-01,3.815701010357027689e-01,-1.812975620705829793e-01,1.091679245180004337e-01,-7.044093450674546175e-02,0.000000000000000000e+00,0.000000000000000000e+00,-4.757705356706837252e-02,1.894401260458686842e-01,-4.071553232257995036e-01,1.214717727352776722e+00,0.000000000000000000e+00,0.000000000000000000e+00,0.000000000000000000e+00,-8.272564941023791141e-02,-2.524210079841904819e-01,5.656613880125116456e-01,1.078228288259680978e+00,0.000000000000000000e+00,0.000000000000000000e+00,0.000000000000000000e+00
-2.447545728623040130e-03,-1.305746314747274414e-02,8.999579785040863200e-01,1.858681982174009359e-02,-1.138605909463732274e-02,4.912306070857610507e-01,8.707567848999862026e-01,-7.382823644600837454e-02,9.937322952976893053e-02,1.971887485150510266e-01,2.690645530258088947e-01,-1.610009643965596426e-01,-3.730800100365331412e-02,-1.473297457788078080e-01,-1.866416205627138003e-01,-1.393196360819685675e-01,3.805968813052633126e-01,-1.798638290745412094e-01,1.090541138975032048e-01,-7.064936671521553080e-02,0.000000000000000000e+00,0.000000000000000000e+00,-4.794355522092035027e-02,1.894635777754151706e-01,-4.089729525170265889e-01,1.213975207671722290e+00,0.000000000000000000e+00,0.000000000000000000e+00,0.000000000000000000e+00,-8.208422068385136383e-02,-2.525813972462396251e-01,5.663024318108550448e-01,1.077172665075442515e+00,0.000000000000000000e+00,0.000000000000000000e+00,0.000000000000000000e+00
-2.448491702501605187e-03,-1.304029733296128112e-02,9.000617717204668633e-01,1.822836679598189083e-02,-1.106583155486712267e-02,4.911650640119112898e-01,8.708054627240947587e-01,-7.417702066329230626e-02,9.951585997586266663e-02,1.967549688849191403e-01,2.675771324887326608e-01,-1.596871143505137203e-01,-3.807988811753641040e-02,-1.472036346246782812e-01,-1.861028457550641391e-01,-1.395393419301123594e-01,3.780861559938312189e-01,-1.779722476369241524e-01,1.094776957349169189e-01,-7.058685336488758344e-02,0.000000000000000000e+00,0.000000000000000000e+00,-4.791244189546588900e-02,1.896743224838532416e-01,-4.104960690734998363e-01,1.213074636850559829e+00,0.000000000000000000e+00,0.000000000000000000e+00,0.000000000000000000e+00,-8.218366074930895382e-02,-2.527410845590136179e-01,5.673765628220217572e-01,1.076163403859743628e+00,0.000000000000000000e+00,0.000000000000000000e+00,0.000000000000000000e+00
-2.434794609699151950e-03,-1.306158249485132872e-02,9.000706289812577809e-01,1.818699349134890800e-02,-1.113291582997033916e-02,4.915766701729364918e-01,8.705731840543654565e-01,-7.416639252913752312e-02,9.975250080842817946e-02,1.970199777390406193e-01,2.674435914065438347e-01,-1.599345543064893405e-01,-3.787806131810866894e-02,-1.466824165187004259e-01,-1.861030101611927112e-01,-1.402164440238081178e-01,3.775553267399426871e-01,-1.772693569689078041e-01,1.095602951121964486e-01,-7.057226720964319966e-02,0.000000000000000000e+00,0.000000000000000000e+00,-4.852283736174535511e-02,1.897265936544391129e-01,-4.119941018721441917e-01,1.213546662001108833e+00,0.000000000000000000e+00,0.000000000000000000e+00,0.000000000000000000e+00,-8.178424778503862180e-02,-2.529530986561278061e-01,5.681269928483779763e-01,1.075885155844101160e+00,0.000000000000000000e+00,0.000000000000000000e+00,0.000000000000000000e+00
-2.373090247148613215e-03,-1.306055026425559547e-02,9.001211721114403819e-01,1.807854030552741645e-02,-1.091092579093148884e-02,4.919087362159613730e-01,8.703906670646358590e-01,-7.458653937714183890e-02,9.987895731976689784e-02,1.973722872727802224e-01,2.668857778882404164e-01,-1.587507066726717708e-01,-3.841907937406141560e-02,-1.465565763282161982e-01,-1.862865648297484245e-01,-1.411260772578457057e-01,3.765857834191695397e-01,-1.761798484477493376e-01,1.096834836485328785e-01,-7.126029710722582566e-02,0.000000000000000000e+00,0.000000000000000000e+00,-4.913427516805934925e-02,1.893340288487822543e-01,-4.129170371185843513e-01,1.215070777389913426e+00,0.000000000000000000e+00,0.000000000000000000e+00,0.000000000000000000e+00,-8.183274695797192189e-02,-2.528898504939728897e-01,5.691524275397306099e-01,1.075507306936062779e+00,0.000000000000000000e+00,0.000000000000000000e+00,0.000000000000000000e+00
-2.321492764514932784e-03,-1.306047301814319307e-02,9.001494046770269764e-01,1.786130970291576608e-02,-1.086957663699051821e-02,4.917339189831487767e-01,8.704944450373608422e-01,-7.501301409971926348e-02,1.003824417667127517e-01,1.973213330099664042e-01,2.674042701478809847e-01,-1.592601294971457138e-01,-3.862110002492964017e-02,-1.463267083895599951e-01,-1.855829994524740567e-01,-1.409013535338799472e-01,3.754088179017757154e-01,-1.759482744616159278e-01,1.098933713102909770e-01,-7.101289213552576529e-02,0.000000000000000000e+00,0.000000000000000000e+00,-4.950115353556013009e-02,1.897449079134059802e-01,-4.133168544176648029e-01,1.215383323361066026e+00,0.000000000000000000e+00,0.000000000000000000e+00,0.000000000000000000e+00,-8.170267292812302684e-02,-2.524984726643220712e-01,5.696346729071012360e-01,1.075066012324824571e+00,0.000000000000000000e+00,0.000000000000000000e+00,0.000000000000000000e+00
-2.237714512762657010e-03,-1.308022452520131093e-02,9.001844859914119867e-01,1.778862519998734501e-02,-1.061579393911546952e-02,4.919127830940430712e-01,8.703980029625579817e-01,-7.536435793818915818e-02,1.003119111336036040e-01,1.973503979199952019e-01,2.667366810488967510e-01,-1.584161283476313298e-01,-3.883066551141849121e-02,-1.466207611775418307e-01,-1.857398456658935493e-01,-1.414482479655028990e-01,3.750725846264021390e-01,-1.754688276770904332e-01,1.093169065028045256e-01,-7.112199499134498615e-02,0.000000000000000000e+00,0.000000000000000000e+00,-5.003287585373662749e-02,1.894955766803211039e-01,-4.144370091561322966e-01,1.216148443767831155e+00,0.000000000000000000e+00,0.000000000000000000e+00,0.000000000000000000e+00,-8.191878169303051793e-02,-2.519410278706377126e-01,5.703636343557619837e-01,1.075240556249167145e+00,0.000000000000000000e+00,0.000000000000000000e+00,0.000000000000000000e+00
-2.179526692866548630e-03,-1.307409200193517841e-02,9.002302235579168199e-01,1.743053875465463975e-02,-1.036129091567959855e-02,4.921809603414002976e-01,8.702566990530435920e-01,-7.602157053256354546e-02,1.005407229980409406e-01,1.966124972188854070e-01,2.660546762468552484e-01,-1.584421363346114886e-01,-3.866460499663580686e-02,-1.464059052610716671e-01,-1.852021684769397381e-01,-1.419247578601659787e-01,3.732992991656160497e-01,-1.749261155300240456e-01,1.099058396109390684e-01,-7.062378724193453527e-02,0.000000000000000000e+00,0.000000000000000000e+00,-5.059145478955765635e-02,1.902086230953538848e-01,-4.150071523435971410e-01,1.215381997779546364e+00,0.000000000000000000e+00,0.000000000000000000e+00,0.000000000000000000e+00,-8.189583553161994267e-02,-2.520846883412337092e-01,5.713391571389480061e-01,1.075318496832400994e+00,0.000000000000000000e+00,0.000000000000000000e+00,0.000000000000000000e+00
-2.143061436712029744e-03,-1.312864023787195175e-02,9.000100672295351378e-01,1.756187064326683936e-02,-1.042735056318126047e-02,4.923126673869788750e-01,8.701787681793086149e-01,-7.785173992033783685e-02,1.006480717909116890e-01,1.959224797660151784e-01,2.703858645716961107e-01,-1.617063591448731630e-01,-3.801397487477339854e-02,-1.480603113816982286e-01,-1.856947046211316066e-01,-1.417589115102439179e-01,3.774587024391016232e-01,-1.776965261532194029e-01,1.095006669306417546e-01,-7.021405848938415406e-02,0.000000000000000000e+00,0.000000000000000000e+00,-5.084566278774581283e-02,1.904437383082803747e-01,-4.154001538172143460e-01,1.215453877556743612e+00,0.000000000000000000e+00,0.000000000000000000e+00,0.000000000000000000e+00,-8.227794863397588920e-02,-2.518018155020680382e-01,5.716872326898203571e-01,1.077284510938137485e+00,0.000000000000000000e+00,0.000000000000000000e+00,0.000000000000000000e+00
-2.112504639585455635e-03,-1.316897463305961857e-02,9.000531308453226798e-01,1.737403409531015908e-02,-1.003652612710573787e-02,4.927666331556201373e-01,8.699301445122062937e-01,-7.847969009463827417e-02,1.002142593333999465e-01,1.949711056274517351e-01,2.691116653623191191e-01,-1.612248804416118730e-01,-3.762466736869220924e-02,-1.483816569074727365e-01,-1.857510495032141939e-01,-1.422006067672838825e-01,3.766190375325637052e-01,-1.777028120548266310e-01,1.093881741926752554e-01,-7.021682182836705421e-02,0.000000000000000000e+00,0.000000000000000000e+00,-5.150719536789130637e-02,1.904978420236782266e-01,-4.154208439232643935e-01,1.215254074401577844e+00,0.000000000000000000e+00,0.000000000000000000e+00,0.000000000000000000e+00,-8.258217308938420320e-02,-2.518809236810776175e-01,5.722345165481165230e-01,1.077957426572947686e+00,0.000000000000000000e+00,0.000000000000000000e+00,0.000000000000000000e+00
-2.108551195465255268e-03,-1.320878007456477432e-02,9.000400902429269712e-01,1.744077821673111622e-02,-9.693408858651565360e-03,4.930308459752932859e-01,8.697829855755854211e-01,-7.897135474838436198e-02,9.940022588317169727e-02,1.939333399353745380e-01,2.683429387333821081e-01,-1.602695448178853010e-01,-3.810966342596392581e-02,-1.494584124732130648e-01,-1.866926402839066690e-01,-1.429937053639698252e-01,3.779515777381837749e-01,-1.783113194684565472e-01,1.094787143029074400e-01,-7.003197464112814741e-02,0.000000000000000000e+00,0.000000000000000000e+00,-5.124492830867818233e-02,1.899982367920498016e-01,-4.142508365719507202e-01,1.213903674261193943e+00,0.000000000000000000e+00,0.000000000000000000e+00,0.000000000000000000e+00,-8.277185828340936913e-02,-2.520060400734980277e-01,5.731512475287815489e-01,1.078507858102441208e+00,0.000000000000000000e+00,0.000000000000000000e+00,0.000000000000000000e+00
-2.138882925903042541e-03,-1.324157219202416226e-02,9.000379680015597739e-01,1.740517327640273004e-02,-9.385823429171210458e-03,4.933577279850537289e-01,8.696017010673329217e-01,-7.986583942679403858e-02,9.889851898149298881e-02,1.931859002486379373e-01,2.682990350266098445e-01,-1.598439552309241507e-01,-3.805144552393915913e-02,-1.501892950008074656e-01,-1.869870121040349553e-01,-1.428456526748271838e-01,3.783045327617131082e-01,-1.783775529494959489e-01,1.091703017495643802e-01,-7.025622188592983708e-02,0.000000000000000000e+00,0.000000000000000000e+00,-5.194403006546130519e-02,1.895655064584138849e-01,-4.150475719243070793e-01,1.214425668300763039e+00,0.000000000000000000e+00,0.000000000000000000e+00,0.000000000000000000e+00,-8.332479337076396930e-02,-2.519895018086495964e-01,5.737360250857542754e-01,1.079408101501759143e+00,0.000000000000000000e+00,0.000000000000000000e+00,0.000000000000000000e+00
-2.207841352425458925e-03,-1.325975333868931877e-02,9.000184040532421825e-01,1.722890454443201311e-02,-9.024163406435161544e-03,4.937016379377411335e-01,8.694138381809913829e-01,-8.111032034851578532e-02,9.867854686420837740e-02,1.927225995876013787e-01,2.685083723567214808e-01,-1.597912736941292378e-01,-3.806436309008912056e-02,-1.508683509417695912e-01,-1.874118903801597902e-01,-1.436230156638853006e-01,3.781265431139051447e-01,-1.782781459373177224e-01,1.095910635783278325e-01,-7.002387844151281016e-02,0.000000000000000000e+00,0.000000000000000000e+00,-5.258203270409159136e-02,1.891426207202882848e-01,-4.147133254714973072e-01,1.214105191649042403e+00,0.000000000000000000e+00,0.000000000000000000e+00,0.000000000000000000e+00,-8.371534893723707460e-02,-2.521472102506451818e-01,5.735651453171509706e-01,1.080343645153524879e+00,0.000000000000000000e+00,0.000000000000000000e+00,0.000000000000000000e+00
-2.305057045443009277e-03,-1.328651224220517464e-02,9.000198260285102725e-01,1.717414234648693278e-02,-8.739931795530637287e-03,4.939775957444587640e-01,8.692610639672035955e-01,-8.187774996154907614e-02,9.834747084654257843e-02,1.926579123065612908e-01,2.683487810422741093e-01,-1.593539354790828588e-01,-3.841414005167447659e-02,-1.515607868302558114e-01,-1.878787598545541282e-01,-1.438203274153787570e-01,3.783014476860415698e-01,-1.778279731317007617e-01,1.099727782904909856e-01,-6.944916974204015658e-02,0.000000000000000000e+00,0.000000000000000000e+00,-5.288695533594492404e-02,1.892292716348870640e-01,-4.155126628440219405e-01,1.212724434874091761e+00,0.000000000000000000e+00,0.000000000000000000e+00,0.000000000000000000e+00,-8.326993875442140203e-02,-2.521857035747805398e-01,5.730403339549274833e-01,1.080327176656516341e+00,0.000000000000000000e+00,0.000000000000000000e+00,0.000000000000000000e+00
-2.441496874117628137e-03,-1.329799281425528626e-02,9.000237109118294221e-01,1.695900562965225664e-02,-8.496399290726479314e-03,4.938805178925455008e-01,8.693228614118782005e-01,-8.308141605081553749e-02,9.819075309307698229e-02,1.917811121099965432e-01,2.691143283729399149e-01,-1.596475084958061397e-01,-3.831545073226263337e-02,-1.518605553220423732e-01,-1.877714086261524917e-01,-1.438012591269153817e-01,3.771419243562665335e-01,-1.774450352395561814e-01,1.106411944553367110e-01,-6.858986980807617317e-02,0.000000000000000000e+00,0.000000000000000000e+00,-5.327946562632221439e-02,1.894070767673676214e-01,-4.153730207644787953e-01,1.211709423950869668e+00,0.000000000000000000e+00,0.000000000000000000e+00,0.000000000000000000e+00,-8.339216326312004490e-02,-2.523176317832507287e-01,5.724239051695321212e-01,1.080576886701624106e+00,0.000000000000000000e+00,0.000000000000000000e+00,0.000000000000000000e+00
-2.594396888865770599e-03,-1.330195209337912271e-02,8.999908803908363009e-01,1.652997215633620828e-02,-8.066091939221479296e-03,4.938686265688579380e-01,8.693419798171071466e-01,-8.535884933112525275e-02,9.848009262145110410e-02,1.915812592900391631e-01,2.709957093525256488e-01,-1.611608341825388757e-01,-3.775770568010434342e-02,-1.528809527616448727e-01,-1.874648742280954072e-01,-1.436317722501897487e-01,3.762393559191515857e-01,-1.771104742961270018e-01,1.115182933999964709e-01,-6.756066349681277838e-02,0.000000000000000000e+00,0.000000000000000000e+00,-5.352473001430992083e-02,1.898962194695500427e-01,-4.157253550787863294e-01,1.209190190768647533e+00,0.000000000000000000e+00,0.000000000000000000e+00,0.000000000000000000e+00,-8.280538453464827975e-02,-2.532041768841705731e-01,5.723565118197445623e-01,1.078527401686240061e+00,0.000000000000000000e+00,0.000000000000000000e+00,0.000000000000000000e+00
-2.740284604838726795e-03,-1.333552557698744825e-02,9.000039647315561941e-01,1.621867040717578715e-02,-7.743281463790918293e-03,4.944005076166980706e-01,8.690484073921003194e-01,-8.679260291214671574e-02,9.873031743446900044e-02,1.918513180027832943e-01,2.712735668282635904e-01,-1.612709049702311659e-01,-3.813246270224281143e-02,-1.528013813402653298e-01,-1.875375461725499460e-01,-1.446768942832317439e-01,3.743860485818576445e-01,-1.761520084706812983e-01,1.115980229930844669e-01,-6.727272039236077694e-02,0.000000000000000000e+00,0.000000000000000000e+00,-5.405349699123418450e-02,1.899049606208715046e-01,-4.163894745965031619e-01,1.207632312347199255e+00,0.000000000000000000e+00,0.000000000000000000e+00,0.000000000000000000e+00,-8.253886353201252135e-02,-2.538292739839735912e-01,5.729512028336927187e-01,1.077305749666866763e+00,0.000000000000000000e+00,0.000000000000000000e+00,0.000000000000000000e+00
-2.844109725394234310e-03,-1.338991597514317851e-02,9.000168505001061581e-01,1.600638567377037774e-02,-7.037676260984404748e-03,4.951136989512272546e-01,8.686522272125594135e-01,-8.808149648026611378e-02,9.824479641572973765e-02,1.924901447548759692e-01,2.697629968082200791e-01,-1.605443368418010830e-01,-3.807993290318783391e-02,-1.536283254932633013e-01,-1.883873932161361509e-01,-1.457699540140756922e-01,3.734121807075029276e-01,-1.761798525896113576e-01,1.125329921739867817e-01,-6.694828868172889025e-02,0.000000000000000000e+00,0.000000000000000000e+00,-5.551759972265359749e-02,1.896495657741252838e-01,-4.182273186676513932e-01,1.207355702071343684e+00,0.000000000000000000e+00,0.000000000000000000e+00,0.000000000000000000e+00,-8.243467901041756640e-02,-2.541882131846965875e-01,5.717886345902334355e-01,1.077083263454196693e+00,0.000000000000000000e+00,0.000000000000000000e+00,0.000000000000000000e+00
-2.949257906596319118e-03,-1.346450452750536965e-02,8.999955562140756760e-01,1.581897638834774480e-02,-6.590150532330087477e-03,4.956651523656208091e-01,8.683446243470113179e-01,-8.986129712705259731e-02,9.785762189816643586e-02,1.915656883194395144e-01,2.703969251808744367e-01,-1.608627525274962111e-01,-3.846595205209783763e-02,-1.547049084724285151e-01,-1.890601235700585248e-01,-1.469009341247657918e-01,3.738371287034144008e-01,-1.763242554511182114e-01,1.128488531080638207e-01,-6.636732805470765828e-02,0.000000000000000000e+00,0.000000000000000000e+00,-5.601352263319613056e-02,1.897336754391508173e-01,-4.181804119506714601e-01,1.205658199332918956e+00,0.000000000000000000e+00,0.000000000000000000e+00,0.000000000000000000e+00,-8.237771577757901920e-02,-2.549803545439209285e-01,5.727887593757539086e-01,1.077033995755980023e+00,0.000000000000000000e+00,0.000000000000000000e+00,0.000000000000000000e+00
-3.035119145389176577e-03,-1.357621285323639543e-02,9.000045439653048263e-01,1.570524511940040932e-02,-6.318319986985091938e-03,4.962882357277360046e-01,8.679927483490478268e-01,-9.100694110501628131e-02,9.762768767913930501e-02,1.910661442862534032e-01,2.703223649362518910e-01,-1.601382790339416495e-01,-3.867689811207351142e-02,-1.552324010221056427e-01,-1.894331823525880198e-01,-1.475930466810176367e-01,3.737833860185585388e-01,-1.755256032619915696e-01,1.126814679429863630e-01,-6.629773017370199639e-02,0.000000000000000000e+00,0.000000000000000000e+00,-5.700108966460676330e-02,1.896325317796242194e-01,-4.193277749901587748e-01,1.205136831310349876e+00,0.000000000000000000e+00,0.000000000000000000e+00,0.000000000000000000e+00,-8.200791183247860272e-02,-2.553606893706900083e-01,5.732249845257608722e-01,1.076320488836461031e+00,0.000000000000000000e+00,0.000000000000000000e+00,0.000000000000000000e+00
-3.089097021247868766e-03,-1.369964008007772821e-02,8.999846206599513287e-01,1.558415489987163664e-02,-5.817526097051792765e-03,4.966186594090838402e-01,8.678094247200197620e-01,-9.241645438148415881e-02,9.698667203220298627e-02,1.901104461471438689e-01,2.701633823926438138e-01,-1.599524796413526184e-01,-3.818886012084697634e-02,-1.566110809583972363e-01,-1.901693414013198580e-01,-1.486304956354304319e-01,3.745249008863252849e-01,-1.762551287094752395e-01,1.122910090315757947e-01,-6.560920446616742840e-02,0.000000000000000000e+00,0.000000000000000000e+00,-5.728966782057653279e-02,1.900908721152433922e-01,-4.193580427669366117e-01,1.202961969282159371e+00,0.000000000000000000e+00,0.000000000000000000e+00,0.000000000000000000e+00,-8.190313704662971483e-02,-2.557989447009836326e-01,5.730917377569771931e-01,1.076076127542356264e+00,0.000000000000000000e+00,0.000000000000000000e+00,0.000000000000000000e+00
-3.128904961921980064e-03,-1.381601561315447951e-02,9.000002325854185026e-01,1.542853655139994271e-02,-5.475012006637659627e-03,4.970131381952969662e-01,8.675885689453681771e-01,-9.309061932945951467e-02,9.674596201445083421e-02,1.898487802886729692e-01,2.690602601674967898e-01,-1.592005529117178353e-01,-3.822741925050106293e-02,-1.575999717433000658e-01,-1.903395130836354476e-01,-1.489761962164954934e-01,3.749245559771066105e-01,-1.762367678584439434e-01,1.115377149440206356e-01,-6.548170637569390717e-02,0.000000000000000000e+00,0.000000000000000000e+00,-5.784167768849268060e-02,1.904297412362634112e-01,-4.201663493727454957e-01,1.201494319252141674e+00,0.000000000000000000e+00,0.000000000000000000e+00,0.000000000000000000e+00,-8.223434622817898942e-02,-2.563835450311809927e-01,5.742037924789618053e-01,1.076061079224542416e+00,0.000000000000000000e+00,0.000000000000000000e+00,0.000000000000000000e+00
-3.171301520146985013e-03,-1.393118668954240746e-02,9.000138603892052780e-01,1.520022274974571277e-02,-5.263192777772270070e-03,4.974787213490350357e-01,8.673270281935594461e-01,-9.390556305465674880e-02,9.690204254971812592e-02,1.897323119473769415e-01,2.686825538074075204e-01,-1.591794034335258790e-01,-3.807792511876428865e-02,-1.580320448535072198e-01,-1.904248921544944850e-01,-1.500773010534016960e-01,3.746207816424815817e-01,-1.754536254269761508e-01,1.112680727793530361e-01,-6.509826117631871412e-02,0.000000000000000000e+00,0.000000000000000000e+00,-5.871773921114283035e-02,1.906339378015395603e-01,-4.202563784690678261e-01,1.200782284967063962e+00,0.000000000000000000e+00,0.000000000000000000e+00,0.000000000000000000e+00,-8.231451174878515187e-02,-2.569593485413699252e-01,5.757661274424360487e-01,1.076042255126103964e+00,0.000000000000000000e+00,0.000000000000000000e+00,0.000000000000000000e+00
-3.168483160595016168e-03,-1.405935006187509530e-02,9.000576919805091114e-01,1.508624209403507978e-02,-4.884863381785139666e-03,4.978758012927245180e-01,8.671033559480374464e-01,-9.494337307491204636e-02,9.660397765035759476e-02,1.892783707545621086e-01,2.681228790484765367e-01,-1.576108102754363027e-01,-3.789468414309453415e-02,-1.588148829919064642e-01,-1.906895008539477576e-01,-1.506071265355710675e-01,3.744047494851672209e-01,-1.743726519924487794e-01,1.103601096655561220e-01,-6.498096270585193568e-02,0.000000000000000000e+00,0.000000000000000000e+00,-5.921230011053328635e-02,1.906637503181455584e-01,-4.204511470830998299e-01,1.199924108027992986e+00,0.000000000000000000e+00,0.000000000000000000e+00,0.000000000000000000e+00,-8.212590436697676799e-02,-2.571181960067243644e-01,5.764782510047093966e-01,1.075436181969018579e+00,0.000000000000000000e+00,0.000000000000000000e+00,0.000000000000000000e+00
-3.159867859972933374e-03,-1.417044068736560310e-02,9.000403892317314636e-01,1.504672133540010080e-02,-4.657053222793730053e-03,4.979992742540282347e-01,8.670343885191617028e-01,-9.525556535205292885e-02,9.664798226103811507e-02,1.900313202650920352e-01,2.674963237618600553e-01,-1.573348987732298421e-01,-3.802945681287749069e-02,-1.596737014636465113e-01,-1.909668183963938171e-01,-1.509316181141837909e-01,3.750438283018133756e-01,-1.745915502314859258e-01,1.099484044289062434e-01,-6.510980529708591813e-02,0.000000000000000000e+00,0.000000000000000000e+00,-5.904009874544781378e-02,1.912874489690621627e-01,-4.215341807852787115e-01,1.198410702058399613e+00,0.000000000000000000e+00,0.000000000000000000e+00,0.000000000000000000e+00,-8.265592811025626596e-02,-2.573940658038688101e-01,5.779214377716038742e-01,1.075501873427374910e+00,0.000000000000000000e+00,0.000000000000000000e+00,0.000000000000000000e+00
-3.097744030115810385e-03,-1.426428391412648544e-02,9.000927381040094710e-01,1.513576908769587170e-02,-4.081690849415506479e-03,4.981401174456408509e-01,8.669548267846359790e-01,-9.519945317382901007e-02,9.576339390857496747e-02,1.903255264972113503e-01,2.649030167300708838e-01,-1.552435567288877327e-01,-3.881621673719651278e-02,-1.608584709731958329e-01,-1.917652588068562980e-01,-1.509511764628359565e-01,3.754368362036398787e-01,-1.749237204740970164e-01,1.098898998479645450e-01,-6.542089411677494415e-02,0.000000000000000000e+00,0.000000000000000000e+00,-5.917315959232967437e-02,1.913714514149731372e-01,-4.212736641917482205e-01,1.197877729519660761e+00,0.000000000000000000e+00,0.000000000000000000e+00,0.000000000000000000e+00,-8.274312781620429824e-02,-2.573981147319870377e-01,5.783716010085785397e-01,1.074787538138701315e+00,0.000000000000000000e+00,0.000000000000000000e+00,0.000000000000000000e+00
-3.053401932066401783e-03,-1.433024379830291455e-02,9.001140191189623829e-01,1.499661993154229565e-02,-3.709378007979853044e-03,4.983502369833511247e-01,8.668381528313472417e-01,-9.542554956134531585e-02,9.544704936715280030e-02,1.900360046486124777e-01,2.632048421245952730e-01,-1.544899693575210453e-01,-3.883731417168838351e-02,-1.614631597062504142e-01,-1.919677257599677611e-01,-1.514102910710536931e-01,3.750161612271739608e-01,-1.747248441384784690e-01,1.102042118751696276e-01,-6.548352777073429554e-02,0.000000000000000000e+00,0.000000000000000000e+00,-5.936670993639815014e-02,1.915501317011514826e-01,-4.218510277759204286e-01,1.197255309974537552e+00,0.000000000000000000e+00,0.000000000000000000e+00,0.000000000000000000e+00,-8.290948054102760534e-02,-2.581455019921465310e-01,5.798642831347323723e-01,1.074049888722548696e+00,0.000000000000000000e+00,0.000000000000000000e+00,0.000000000000000000e+00
-2.970686498542281402e-03,-1.441352777820152468e-02,9.000954283335745876e-01,1.508061817173848677e-02,-3.623759479172448082e-03,4.986574367452036305e-01,8.666603741382779003e-01,-9.559698185387552338e-02,9.529145097249741569e-02,1.899761688354326128e-01,2.630802087015371438e-01,-1.543917199895394055e-01,-3.895853038257928586e-02,-1.615042546596387185e-01,-1.924495016104871004e-01,-1.521790697994630792e-01,3.752840412650531587e-01,-1.749089106631792623e-01,1.107817979860981350e-01,-6.532189030646401440e-02,0.000000000000000000e+00,0.000000000000000000e+00,-5.984953885121141459e-02,1.918295622439731563e-01,-4.226192602323269876e-01,1.197147622201599093e+00,0.000000000000000000e+00,0.000000000000000000e+00,0.000000000000000000e+00,-8.285791374028445011e-02,-2.580826600978987084e-01,5.800648646456951774e-01,1.074693066990507706e+00,0.000000000000000000e+00,0.000000000000000000e+00,0.000000000000000000e+00
-2.851381933786409362e-03,-1.446256651507018230e-02,8.999512637247811808e-01,1.489122962218876293e-02,-3.209062714243461623e-03,4.988054020675497524e-01,8.665801313583567644e-01,-9.899552369405563435e-02,9.557140828095084251e-02,1.891939916186377579e-01,2.680241246678620737e-01,-1.569423441531964392e-01,-3.800922486452618793e-02,-1.635394606593543743e-01,-1.925758046963613745e-01,-1.519056126999629441e-01,3.777296713644529014e-01,-1.770497645603368031e-01,1.112381114033263591e-01,-6.516184731072240111e-02,0.000000000000000000e+00,0.000000000000000000e+00,-6.027484587711873232e-02,1.923008580149845603e-01,-4.230741851490893435e-01,1.196835858097058614e+00,0.000000000000000000e+00,0.000000000000000000e+00,0.000000000000000000e+00,-8.284545738368342960e-02,-2.585581428042791896e-01,5.814156820582356833e-01,1.073546523285906495e+00,0.000000000000000000e+00,0.000000000000000000e+00,0.000000000000000000e+00
-2.680340000655582165e-03,-1.456761571401078009e-02,9.000086325767410189e-01,1.518471873207496471e-02,-2.699668262888647169e-03,4.994366869551412624e-01,8.662130983952917029e-01,-9.883909890356233630e-02,9.451647564684967362e-02,1.895215416570705524e-01,2.655573883330274998e-01,-1.540533139255549633e-01,-3.899189749064501526e-02,-1.646815978528596291e-01,-1.940126642902937903e-01,-1.527689975840188508e-01,3.792523497900048279e-01,-1.766237169449313138e-01,1.103265970407213553e-01,-6.628959676453309580e-02,0.000000000000000000e+00,0.000000000000000000e+00,-5.966713790456588951e-02,1.920317695723058327e-01,-4.227320824638094443e-01,1.196052747113766079e+00,0.000000000000000000e+00,0.000000000000000000e+00,0.000000000000000000e+00,-8.222531003249329562e-02,-2.589717124111253765e-01,5.824781158208568455e-01,1.071662694213366240e+00,0.000000000000000000e+00,0.000000000000000000e+00,0.000000000000000000e+00
-2.546591091034050049e-03,-1.464452222809028113e-02,9.000452347105368789e-01,1.513745569081374753e-02,-2.393419748713557227e-03,4.996434855436668321e-01,8.660955584292597820e-01,-9.879789380138816191e-02,9.440116031426851184e-02,1.897292222977895459e-01,2.639381291630670812e-01,-1.529238943552792274e-01,-3.963855063236976922e-02,-1.650184020959621356e-01,-1.944056922253019903e-01,-1.537644685820195312e-01,3.789448651279224145e-01,-1.763355542559517375e-01,1.106678598484177600e-01,-6.645739182194772277e-02,0.000000000000000000e+00,0.000000000000000000e+00,-5.944060106302120894e-02,1.923728623564416595e-01,-4.234499759876814706e-01,1.195002856149649073e+00,0.000000000000000000e+00,0.000000000000000000e+00,0.000000000000000000e+00,-8.242839368089355245e-02,-2.597550622157186462e-01,5.852430595557258641e-01,1.071004723998359776e+00,0.000000000000000000e+00,0.000000000000000000e+00,0.000000000000000000e+00
-2.389855621271382621e-03,-1.474876388454689907e-02,9.000449710025345551e-01,1.528876110052773338e-02,-2.007611620861523075e-03,5.000988921409316168e-01,8.658310004608317234e-01,-9.896792840973478445e-02,9.394378164234132300e-02,1.904117169305846735e-01,2.627271002308564363e-01,-1.517598071421508987e-01,-3.999168970364349457e-02,-1.659553472588506939e-01,-1.954255900675861968e-01,-1.546167250125147219e-01,3.801428951302190939e-01,-1.765390380858863906e-01,1.107865422566693958e-01,-6.695245751913306287e-02,0.000000000000000000e+00,0.000000000000000000e+00,-5.902150513040507751e-02,1.926727182992928333e-01,-4.246814794497917323e-01,1.193479967538659370e+00,0.000000000000000000e+00,0.000000000000000000e+00,0.000000000000000000e+00,-8.267321677735024743e-02,-2.598759235363642395e-01,5.869777712024076832e-01,1.070992724880852842e+00,0.000000000000000000e+00,0.000000000000000000e+00,0.000000000000000000e+00
-2.253128383537470088e-03,-1.485569068427790469e-02,9.000845001271606804e-01,1.508736279868361056e-02,-1.431242864970848740e-03,5.005553020372059958e-01,8.655718991684544505e-01,-9.991175187079023856e-02,9.364820019783934302e-02,1.898099571649792261e-01,2.613278308488638513e-01,-1.503826461409758786e-01,-4.081921354698760801e-02,-1.668886828430458380e-01,-1.959049255051565908e-01,-1.558936934078131997e-01,3.798388809901338536e-01,-1.762094132408619784e-01,1.111450901777145672e-01,-6.680153514957394567e-02,0.000000000000000000e+00,0.000000000000000000e+00,-5.914976596055900038e-02,1.930447753119081677e-01,-4.256588331898625843e-01,1.191478690985576128e+00,0.000000000000000000e+00,0.000000000000000000e+00,0.000000000000000000e+00,-8.267492636069356804e-02,-2.600207946046813046e-01,5.877658669958641946e-01,1.070543601902584907e+00,0.000000000000000000e+00,0.000000000000000000e+00,0.000000000000000000e+00
-2.110714120358943811e-03,-1.500514394112651903e-02,9.000947864838145795e-01,1.519626580326113863e-02,-7.712425215011123672e-04,5.006924190121062601e-01,8.654915252239139267e-01,-1.005084701322386670e-01,9.272239136367821377e-02,1.895007111187603233e-01,2.596983455360012405e-01,-1.483627339556904401e-01,-4.189159979655209670e-02,-1.685913560706552849e-01,-1.971456307928047824e-01,-1.568537797461608818e-01,3.811593860897490305e-01,-1.771933534053639070e-01,1.111083162622636539e-01,-6.707682895009405011e-02,0.000000000000000000e+00,0.000000000000000000e+00,-5.880366478623696297e-02,1.933689252875009923e-01,-4.262229379300089271e-01,1.189774069388670474e+00,0.000000000000000000e+00,0.000000000000000000e+00,0.000000000000000000e+00,-8.287350148261266036e-02,-2.600373356876006792e-01,5.885993387776023988e-01,1.069666875078338908e+00,0.000000000000000000e+00,0.000000000000000000e+00,0.000000000000000000e+00
-2.045101597130796756e-03,-1.520009286244190794e-02,8.999540267576585650e-01,1.521151853307320390e-02,-4.480756154635946210e-04,5.015838535967671596e-01,8.649751711715077951e-01,-1.039227432646341598e-01,9.262948310779066385e-02,1.883152073787562886e-01,2.643787065129220570e-01,-1.500192429332415645e-01,-4.162590550849312038e-02,-1.706169148561914040e-01,-1.981283037682448622e-01,-1.577065454602842032e-01,3.846769193088618310e-01,-1.781657134214455207e-01,1.108883012003596541e-01,-6.754054147947878561e-02,0.000000000000000000e+00,0.000000000000000000e+00,-5.883171908452244914e-02,1.937574450922207869e-01,-4.270356589564558436e-01,1.187980037485336204e+00,0.000000000000000000e+00,0.000000000000000000e+00,0.000000000000000000e+00,-8.270962071801848947e-02,-2.600841568831174788e-01,5.889192977124837469e-01,1.069806337539858987e+00,0.000000000000000000e+00,0.000000000000000000e+00,0.000000000000000000e+00
-2.005186809302770580e-03,-1.541341072643609249e-02,9.000376088384136608e-01,1.507584776714923289e-02,1.752298964663231030e-04,5.014871764533611609e-01,8.650336987432463154e-01,-1.035596021352706286e-01,9.199013723181873048e-02,1.882729211274055126e-01,2.602057394315870353e-01,-1.472269047914046003e-01,-4.232936739203445320e-02,-1.715792543382950452e-01,-1.982586997100796167e-01,-1.577117256499199482e-01,3.831838706148504858e-01,-1.775649126457584659e-01,1.110504645176641908e-01,-6.771888104649410878e-02,0.000000000000000000e+00,0.000000000000000000e+00,-5.818961155326507484e-02,1.942404556754043499e-01,-4.271708986710073264e-01,1.185210707384749318e+00,0.000000000000000000e+00,0.000000000000000000e+00,0.000000000000000000e+00,-8.371683806375110337e-02,-2.599152343878344262e-01,5.894675982747968890e-01,1.069653066787026541e+00,0.000000000000000000e+00,0.000000000000000000e+00,0.000000000000000000e+00
-1.985824356896885492e-03,-1.568227647460954111e-02,9.000522718021137791e-01,1.514483842851915146e-02,6.248739224381340881e-04,5.017304490037504117e-01,8.648912069989213025e-01,-1.041736161146925022e-01,9.123032981736581282e-02,1.877574372176634698e-01,2.588074552462326650e-01,-1.457112911150008072e-01,-4.236085145185988082e-02,-1.727320390052028976e-01,-1.987895478277741101e-01,-1.576788636943395883e-01,3.834390140079798059e-01,-1.775645728213104402e-01,1.106430134830335976e-01,-6.759169697998923532e-02,0.000000000000000000e+00,0.000000000000000000e+00,-5.778368752893849047e-02,1.949746596468602267e-01,-4.275546318992211603e-01,1.182258134222691659e+00,0.000000000000000000e+00,0.000000000000000000e+00,0.000000000000000000e+00,-8.388562945150669636e-02,-2.601778806656993570e-01,5.896398135802862761e-01,1.068867594656478293e+00,0.000000000000000000e+00,0.000000000000000000e+00,0.000000000000000000e+00
-1.978798601176721614e-03,-1.599228986423544691e-02,9.000817125399793728e-01,1.512213656134887493e-02,1.063806825939013186e-03,5.025745742653423553e-01,8.644009408849969711e-01,-1.053463987994319728e-01,9.058269007406799522e-02,1.868107783506544606e-01,2.578220128307371350e-01,-1.443721880198206298e-01,-4.256991239161204976e-02,-1.736892725607405707e-01,-1.995244640822737836e-01,-1.588845213234794107e-01,3.838654306120922732e-01,-1.772443042537004410e-01,1.098992988984675290e-01,-6.675239845134101069e-02,0.000000000000000000e+00,0.000000000000000000e+00,-5.802820242752290691e-02,1.959449847600854833e-01,-4.288143193115013241e-01,1.178321887496669662e+00,0.000000000000000000e+00,0.000000000000000000e+00,0.000000000000000000e+00,-8.387516759248384024e-02,-2.605412384189137454e-01,5.903219893832254428e-01,1.068587255239452416e+00,0.000000000000000000e+00,0.000000000000000000e+00,0.000000000000000000e+00
-2.022541199594902767e-03,-1.635168786125556009e-02,9.001195834276098928e-01,1.516205015609761904e-02,1.263223492969263451e-03,5.031257395445736247e-01,8.640792826524645864e-01,-1.054284839588542078e-01,9.032725841229413688e-02,1.869448629907974890e-01,2.558731578877652124e-01,-1.428089134844174601e-01,-4.320231661852771965e-02,-1.735207193878776089e-01,-2.001301392746488717e-01,-1.604348503626630285e-01,3.826053651940478639e-01,-1.763262004703324282e-01,1.102950264797633029e-01,-6.672153413022487156e-02,0.000000000000000000e+00,0.000000000000000000e+00,-5.782991572630359622e-02,1.972170668043818353e-01,-4.302226495436904385e-01,1.174572388952631385e+00,0.000000000000000000e+00,0.000000000000000000e+00,0.000000000000000000e+00,-8.434891776235867167e-02,-2.604666768269832122e-01,5.909355177258762692e-01,1.068776833456274611e+00,0.000000000000000000e+00,0.000000000000000000e+00,0.000000000000000000e+00
-2.066344638799846693e-03,-1.675626868589319418e-02,8.999745733068322817e-01,1.545738099703030180e-02,1.390534168372026085e-03,5.040289050923114633e-01,8.635473343244630673e-01,-1.080216397032514181e-01,8.979184527780210978e-02,1.856424925728190622e-01,2.596493803134077849e-01,-1.440396820781767451e-01,-4.361547905811900133e-02,-1.750497802445799278e-01,-2.016334971263907261e-01,-1.618684661053883256e-01,3.861005574275405694e-01,-1.777708469111024536e-01,1.098337275125558093e-01,-6.605563163434835516e-02,0.000000000000000000e+00,0.000000000000000000e+00,-5.826997162264718755e-02,1.983828971305307276e-01,-4.315630916127915495e-01,1.171276455858458965e+00,0.000000000000000000e+00,0.000000000000000000e+00,0.000000000000000000e+00,-8.453724670672457808e-02,-2.610219808590900081e-01,5.914098768187019406e-01,1.069145383320393439e+00,0.000000000000000000e+00,0.000000000000000000e+00,0.000000000000000000e+00
-2.126169401510520814e-03,-1.716336624446615847e-02,9.000490569159191878e-01,1.555775527854392354e-02,1.802182551096438061e-03,5.047118149307953106e-01,8.631458117015972098e-01,-1.078020706455544153e-01,8.869720534553773850e-02,1.848477439694111990e-01,2.558153629192830292e-01,-1.410702141537887311e-01,-4.373386676172853066e-02,-1.752430816340894704e-01,-2.026130632826665390e-01,-1.635919848151846934e-01,3.848975469720412046e-01,-1.769345802411078084e-01,1.091023558810025468e-01,-6.588703668379300438e-02,0.000000000000000000e+00,0.000000000000000000e+00,-5.846263681397594059e-02,2.000164260273613048e-01,-4.344772668254581749e-01,1.167391923482124394e+00,0.000000000000000000e+00,0.000000000000000000e+00,0.000000000000000000e+00,-8.507245856530103179e-02,-2.613337497701038181e-01,5.914601400541334986e-01,1.068890606391893039e+00,0.000000000000000000e+00,0.000000000000000000e+00,0.000000000000000000e+00
-2.221384676805953154e-03,-1.753210489650376680e-02,9.000839245895707608e-01,1.558080404864717675e-02,2.155119777062187644e-03,5.049895320168064083e-01,8.629821357116218561e-01,-1.080384897197105565e-01,8.808632904976498867e-02,1.847991564692184618e-01,2.536900718587620784e-01,-1.400576542302127692e-01,-4.349716648046834250e-02,-1.757618792749661429e-01,-2.033038503196497315e-01,-1.647025471180268985e-01,3.839736836117912389e-01,-1.760628830793931621e-01,1.096119580479560512e-01,-6.550615326858418019e-02,0.000000000000000000e+00,0.000000000000000000e+00,-5.860835998584439099e-02,2.016093321758475332e-01,-4.365541607119162726e-01,1.163795015679633282e+00,0.000000000000000000e+00,0.000000000000000000e+00,0.000000000000000000e+00,-8.574618584466010829e-02,-2.617242676031837911e-01,5.916744368782778096e-01,1.068517287990444098e+00,0.000000000000000000e+00,0.000000000000000000e+00,0.000000000000000000e+00
-2.338044375831879566e-03,-1.789352085224420880e-02,9.000944683637678301e-01,1.559879497418778863e-02,2.276512768667137386e-03,5.055805390031616886e-01,8.626353886006767890e-01,-1.085325253961588188e-01,8.765287841008917447e-02,1.841146705949847084e-01,2.525802018052980547e-01,-1.391666371276566172e-01,-4.290180510413602044e-02,-1.758148184477409670e-01,-2.038175159349840948e-01,-1.659879921728447116e-01,3.832780888669091723e-01,-1.751308921828733378e-01,1.095684294677714138e-01,-6.507567237171311969e-02,0.000000000000000000e+00,0.000000000000000000e+00,-5.858097935583531091e-02,2.030374792724826682e-01,-4.380604373993073897e-01,1.159713389152487562e+00,0.000000000000000000e+00,0.000000000000000000e+00,0.000000000000000000e+00,-8.600682826687698623e-02,-2.622313112303442661e-01,5.918128706220097124e-01,1.068213821986698120e+00,0.000000000000000000e+00,0.000000000000000000e+00,0.000000000000000000e+00
-2.421846351329459083e-03,-1.819659524442237761e-02,9.001336870072308427e-01,1.553962323359854569e-02,2.672119078588794903e-03,5.058954155209807180e-01,8.624506991383583676e-01,-1.093783892402126479e-01,8.723212723751321007e-02,1.839056270383568892e-01,2.514486765377100808e-01,-1.380035154902343186e-01,-4.349622043752214562e-02,-1.768029570069389600e-01,-2.041412850891708708e-01,-1.661535567772948752e-01,3.830006804360264194e-01,-1.743471781371154772e-01,1.095357418603004063e-01,-6.497789922823089814e-02,0.000000000000000000e+00,0.000000000000000000e+00,-5.876345722801461918e-02,2.036337490056432387e-01,-4.385756767080311036e-01,1.157242884086751245e+00,0.000000000000000000e+00,0.000000000000000000e+00,0.000000000000000000e+00,-8.595468689401669637e-02,-2.626582250955906694e-01,5.923244808880830936e-01,1.066341479937079395e+00,0.000000000000000000e+00,0.000000000000000000e+00,0.000000000000000000e+00
-2.497559381589451767e-03,-1.845815229477275679e-02,9.001596347097207129e-01,1.535755874139320756e-02,2.887350991437227354e-03,5.063299390002542477e-01,8.621982379161747811e-01,-1.104513597223449883e-01,8.746528474302148193e-02,1.841815637744249612e-01,2.512846878611265655e-01,-1.373819982338528589e-01,-4.339498295308444331e-02,-1.768583533983345002e-01,-2.042122279080775260e-01,-1.673050860611825230e-01,3.815439960440009104e-01,-1.729277797929424376e-01,1.094927942369378487e-01,-6.483268693617003087e-02,0.000000000000000000e+00,0.000000000000000000e+00,-5.890263848537424796e-02,2.047948676137333890e-01,-4.408117831563302391e-01,1.154340304037170029e+00,0.000000000000000000e+00,0.000000000000000000e+00,0.000000000000000000e+00,-8.634945176550393175e-02,-2.636091322414423899e-01,5.938800267110526665e-01,1.065178408707082802e+00,0.000000000000000000e+00,0.000000000000000000e+00,0.000000000000000000e+00
-2.511287865981628054e-03,-1.867016702167074993e-02,9.000920155989637905e-01,1.522968758903782069e-02,3.405559595299865669e-03,5.066537812833712406e-01,8.620083553487435379e-01,-1.131708686101137173e-01,8.733127319377426145e-02,1.836125032296566095e-01,2.537458414111173899e-01,-1.381073443987716198e-01,-4.423273579187522730e-02,-1.788435935791879983e-01,-2.049320713513790027e-01,-1.680045874032652931e-01,3.832567261961103977e-01,-1.735761378174704994e-01,1.097271752136635553e-01,-6.470521000537109158e-02,0.000000000000000000e+00,0.000000000000000000e+00,-5.929009701758800044e-02,2.056294750308143571e-01,-4.425712675568214127e-01,1.152484585096409608e+00,0.000000000000000000e+00,0.000000000000000000e+00,0.000000000000000000e+00,-8.657168275933840862e-02,-2.643542296066085928e-01,5.949731145728061055e-01,1.063558135781000447e+00,0.000000000000000000e+00,0.000000000000000000e+00,0.000000000000000000e+00
-2.510828898681431894e-03,-1.888749521659819144e-02,9.002265080599981539e-01,1.519006030078352484e-02,3.695192325175638941e-03,5.068222943536668801e-01,8.619087942281503656e-01,-1.119609552438232264e-01,8.705278383405237741e-02,1.847077302113796504e-01,2.490672353564594432e-01,-1.346966481701223350e-01,-4.416005002780503536e-02,-1.781652338146353376e-01,-2.051029733873889205e-01,-1.690511180431257254e-01,3.800963935280270989e-01,-1.711095493458660854e-01,1.099566593490373251e-01,-6.519056815552176642e-02,0.000000000000000000e+00,0.000000000000000000e+00,-5.978553928403018691e-02,2.067092507532755641e-01,-4.450105821226723601e-01,1.151552471304343461e+00,0.000000000000000000e+00,0.000000000000000000e+00,0.000000000000000000e+00,-8.735138207436089763e-02,-2.640665047472726124e-01,5.951504265747293854e-01,1.063475924666503536e+00,0.000000000000000000e+00,0.000000000000000000e+00,0.000000000000000000e+00
-2.441826485080947438e-03,-1.902790582582762277e-02,9.002958182730517178e-01,1.500414899261297286e-02,4.335544392325359903e-03,5.070826665731256178e-01,8.617559096570898136e-01,-1.119252630140628174e-01,8.646231977714805006e-02,1.844689987670937725e-01,2.454427863328562665e-01,-1.327508297601724396e-01,-4.514256695866864649e-02,-1.789549648851155028e-01,-2.057267182438930198e-01,-1.704868159567650698e-01,3.791014158295638592e-01,-1.710837478579824988e-01,1.107996644308274770e-01,-6.508532466912479719e-02,0.000000000000000000e+00,0.000000000000000000e+00,-6.041534451830157804e-02,2.074493386659265748e-01,-4.471875040955806679e-01,1.150857815376270743e+00,0.000000000000000000e+00,0.000000000000000000e+00,0.000000000000000000e+00,-8.781946109370673825e-02,-2.647446009868384409e-01,5.969436185425677222e-01,1.062681877363426564e+00,0.000000000000000000e+00,0.000000000000000000e+00,0.000000000000000000e+00
-2.311404984745924970e-03,-1.914212365576822839e-02,9.002114292564644682e-01,1.486012264604013103e-02,5.131288061575966022e-03,5.072140021173328073e-01,8.616767390929686021e-01,-1.143454511573957916e-01,8.592750349521338649e-02,1.836133059859209049e-01,2.466526767710110479e-01,-1.331754235071802017e-01,-4.553310113633638606e-02,-1.817269205738325788e-01,-2.063785948259811986e-01,-1.702757179873059246e-01,3.814444579601794505e-01,-1.729315996465508321e-01,1.107422292823166815e-01,-6.500243597727678457e-02,0.000000000000000000e+00,0.000000000000000000e+00,-6.140598278552580197e-02,2.081678945036539996e-01,-4.500567867616271367e-01,1.151031135305571107e+00,0.000000000000000000e+00,0.000000000000000000e+00,0.000000000000000000e+00,-8.874469809025224698e-02,-2.647511814380402173e-01,5.978547397051655610e-01,1.063119691363173747e+00,0.000000000000000000e+00,0.000000000000000000e+00,0.000000000000000000e+00
-2.156196601281973411e-03,-1.929129482089696201e-02,9.002442981348597328e-01,1.468304927204295077e-02,5.689172838803307347e-03,5.077098104569602866e-01,8.613842288678393855e-01,-1.145086635912325457e-01,8.531236841149784922e-02,1.824989960541401612e-01,2.433949600378664813e-01,-1.309639417974866604e-01,-4.598131291994445730e-02,-1.826885592658736013e-01,-2.068355350624761224e-01,-1.715911854056057784e-01,3.812777052401500888e-01,-1.729280571095444530e-01,1.100963971866599223e-01,-6.500226997326601086e-02,0.000000000000000000e+00,0.000000000000000000e+00,-6.131112143778911366e-02,2.087518142714380187e-01,-4.491115348305557697e-01,1.149411910914112100e+00,0.000000000000000000e+00,0.000000000000000000e+00,0.000000000000000000e+00,-8.828233377786616487e-02,-2.647494888918633937e-01,5.978850833113196206e-01,1.062720545419977514e+00,0.000000000000000000e+00,0.000000000000000000e+00,0.000000000000000000e+00
-1.982183294169298504e-03,-1.940730142645821429e-02,9.001266981210220841e-01,1.453811263866986760e-02,6.561318047441368553e-03,5.081016137553933110e-01,8.611494309848616302e-01,-1.180318540602242616e-01,8.455465123960709262e-02,1.805387531709882754e-01,2.464082609594859530e-01,-1.325150680770506018e-01,-4.586561672507902254e-02,-1.861412064235046515e-01,-2.078928858700577476e-01,-1.716758560838514136e-01,3.850240374317577263e-01,-1.744979564644319470e-01,1.109040094916659697e-01,-6.460012013318532087e-02,0.000000000000000000e+00,0.000000000000000000e+00,-6.198408191573290260e-02,2.092452802146761159e-01,-4.497777362880763241e-01,1.148697401253117034e+00,0.000000000000000000e+00,0.000000000000000000e+00,0.000000000000000000e+00,-8.850531464300430418e-02,-2.646838491443068708e-01,5.979930784447673453e-01,1.063273344345036620e+00,0.000000000000000000e+00,0.000000000000000000e+00,0.000000000000000000e+00
-1.781451819883255556e-03,-1.957828182169713688e-02,9.000431412761992211e-01,1.435968452234293209e-02,7.240859776922005560e-03,5.087747323395087617e-01,8.607494647938916943e-01,-1.206387832873580812e-01,8.428813372096545520e-02,1.796644126474316039e-01,2.478043644149563463e-01,-1.329263679645910912e-01,-4.554283244148688709e-02,-1.888443350815663113e-01,-2.083845569994942082e-01,-1.717342619387156322e-01,3.877665050244756273e-01,-1.748729998595839608e-01,1.096406261738335358e-01,-6.441984310962910187e-02,0.000000000000000000e+00,0.000000000000000000e+00,-6.257488704707089844e-02,2.093150110147929399e-01,-4.496232697621155294e-01,1.147996948761986324e+00,0.000000000000000000e+00,0.000000000000000000e+00,0.000000000000000000e+00,-8.822628012178017343e-02,-2.645161276060125077e-01,5.986286277133000544e-01,1.063414733010650703e+00,0.000000000000000000e+00,0.000000000000000000e+00,0.000000000000000000e+00
-1.547004775795024836e-03,-1.978546547077661769e-02,8.999841816548238560e-01,1.432983381400881537e-02,7.989973467842578086e-03,5.093535133750878297e-01,8.604009615285771462e-01,-1.231906430197184515e-01,8.349054503535099925e-02,1.779420205154872148e-01,2.490051341928361528e-01,-1.322195695182543651e-01,-4.564575773121204438e-02,-1.915326490450330599e-01,-2.095269981550038074e-01,-1.726837726705419129e-01,3.906970847418727022e-01,-1.755522459960065229e-01,1.087743206814136415e-01,-6.391698588164596018e-02,0.000000000000000000e+00,0.000000000000000000e+00,-6.343535977876302301e-02,2.095820292843921795e-01,-4.500198805837677396e-01,1.147786472808196123e+00,0.000000000000000000e+00,0.000000000000000000e+00,0.000000000000000000e+00,-8.780771014774846339e-02,-2.642353338920469530e-01,5.995648249791029061e-01,1.063159390379305957e+00,0.000000000000000000e+00,0.000000000000000000e+00,0.000000000000000000e+00
-1.311555881916112026e-03,-2.001060381493043397e-02,9.000708434967017446e-01,1.418963773315262689e-02,8.871316519605831202e-03,5.096229707549111421e-01,8.602350734555929135e-01,-1.230588625271413633e-01,8.250509737839359370e-02,1.774401257137381283e-01,2.441118965786869821e-01,-1.293409713342167922e-01,-4.549563131143674610e-02,-1.933252206594483769e-01,-2.100633371853262987e-01,-1.732656511594344306e-01,3.904777740351656479e-01,-1.748540590112763471e-01,1.080747506193849433e-01,-6.338047967865784171e-02,0.000000000000000000e+00,0.000000000000000000e+00,-6.374111166930712669e-02,2.104630715930762008e-01,-4.509917518493684052e-01,1.146123796641769887e+00,0.000000000000000000e+00,0.000000000000000000e+00,0.000000000000000000e+00,-8.823742674952665677e-02,-2.639810890854972780e-01,5.998374279866390824e-01,1.063520694371573150e+00,0.000000000000000000e+00,0.000000000000000000e+00,0.000000000000000000e+00
-1.081183181299734657e-03,-2.026911296538103438e-02,9.000083107514271763e-01,1.437962623503222584e-02,9.517981473634088557e-03,5.097361330583050076e-01,8.601579558620462418e-01,-1.246337459005162074e-01,8.181931086272381526e-02,1.772729938148274176e-01,2.446698401867061223e-01,-1.284402183155674004e-01,-4.619646076946216928e-02,-1.960031018406312442e-01,-2.111257818710507439e-01,-1.729819239771845929e-01,3.935978996569358124e-01,-1.761583819742960078e-01,1.076728805683213469e-01,-6.353054243757659536e-02,0.000000000000000000e+00,0.000000000000000000e+00,-6.371317543005758366e-02,2.104534582854565017e-01,-4.513952330021120396e-01,1.145999016474098742e+00,0.000000000000000000e+00,0.000000000000000000e+00,0.000000000000000000e+00,-8.841446196923809231e-02,-2.633947367902222392e-01,6.009147363512995499e-01,1.063414720127282109e+00,0.000000000000000000e+00,0.000000000000000000e+00,0.000000000000000000e+00
-8.708018228198860511e-04,-2.055872359288726456e-02,8.999420390382084634e-01,1.433648511691199348e-02,1.009151321016543527e-02,5.104601505995204347e-01,8.597226652854609297e-01,-1.271775438023126648e-01,8.153465943883000944e-02,1.766045582345727727e-01,2.463090248916968428e-01,-1.279221131029815162e-01,-4.555191951810928785e-02,-1.981907541278606633e-01,-2.120709535980395133e-01,-1.739856122572037977e-01,3.960907525656264250e-01,-1.765070263431762765e-01,1.077026805789762370e-01,-6.341916293463237264e-02,0.000000000000000000e+00,0.000000000000000000e+00,-6.397488804205726798e-02,2.109106280548712631e-01,-4.512783089079410170e-01,1.144512927975354311e+00,0.000000000000000000e+00,0.000000000000000000e+00,0.000000000000000000e+00,-8.798704544277677342e-02,-2.633536943927413110e-01,6.014287792035563074e-01,1.063023506219956893e+00,0.000000000000000000e+00,0.000000000000000000e+00,0.000000000000000000e+00
-6.208431557842208556e-04,-2.085699359389444132e-02,9.000482293078911900e-01,1.434133766406080375e-02,1.087555905598135836e-02,5.110384433424176587e-01,8.593693953564924826e-01,-1.270971551294766133e-01,8.023866589857177323e-02,1.753831741809129818e-01,2.414862225034796195e-01,-1.234342304662732343e-01,-4.513913251790258735e-02,-1.995827982573786519e-01,-2.127948172609693822e-01,-1.747254252268175545e-01,3.958726617248868318e-01,-1.754852379773164384e-01,1.062779492732768144e-01,-6.309115766635635392e-02,0.000000000000000000e+00,0.000000000000000000e+00,-6.425101311406478111e-02,2.109662212996288311e-01,-4.509675630839384275e-01,1.143250603251459330e+00,0.000000000000000000e+00,0.000000000000000000e+00,0.000000000000000000e+00,-8.761628840822303921e-02,-2.632088767596853507e-01,6.016459218446100765e-01,1.062198784659463158e+00,0.000000000000000000e+00,0.000000000000000000e+00,0.000000000000000000e+00
-3.741465746502955613e-04,-2.114824673476532399e-02,8.999055185492367270e-01,1.474889966612860301e-02,1.139500573775727166e-02,5.115997291970177940e-01,8.590217348172357603e-01,-1.289974451310938186e-01,7.912059030879378674e-02,1.742830827175710084e-01,2.433513005928655271e-01,-1.234462677193592789e-01,-4.578391505642793319e-02,-2.022645290203345381e-01,-2.148840672662162832e-01,-1.759316555185315156e-01,4.007447965508836307e-01,-1.779395189526944421e-01,1.055650008039268478e-01,-6.291629472850411575e-02,0.000000000000000000e+00,0.000000000000000000e+00,-6.438825684360972856e-02,2.106688800335149991e-01,-4.494517245075211331e-01,1.142678794413312326e+00,0.000000000000000000e+00,0.000000000000000000e+00,0.000000000000000000e+00,-8.734272815128199530e-02,-2.629597430637869993e-01,6.025864548030555046e-01,1.062107077673885680e+00,0.000000000000000000e+00,0.000000000000000000e+00,0.000000000000000000e+00
-1.276354676246604231e-04,-2.136028329677140680e-02,9.000492365570536002e-01,1.456611393010679399e-02,1.231447847543879967e-02,5.120897484410849021e-01,8.587201357173357419e-01,-1.285597380600793371e-01,7.814935635736033892e-02,1.741028915403846633e-01,2.373376264372747402e-01,-1.192360250226254248e-01,-4.552800310486764673e-02,-2.037955031049348276e-01,-2.152255196028181883e-01,-1.762678046981596136e-01,3.997984524641638449e-01,-1.759738260943116694e-01,1.045612535937978371e-01,-6.279602621286260733e-02,0.000000000000000000e+00,0.000000000000000000e+00,-6.433628387371558011e-02,2.113771117858959936e-01,-4.495155157741955732e-01,1.140404550786560112e+00,0.000000000000000000e+00,0.000000000000000000e+00,0.000000000000000000e+00,-8.726298566051098049e-02,-2.630975506830649513e-01,6.039719214007456261e-01,1.060913826101649748e+00,0.000000000000000000e+00,0.000000000000000000e+00,0.000000000000000000e+00
9.043250849260489263e-05,-2.154821724474972194e-02,8.999930250814738297e-01,1.471138586661639366e-02,1.272951144661062586e-02,5.127859907232522607e-01,8.582960225832267920e-01,-1.300127029834393655e-01,7.742324561693096630e-02,1.730037929959825083e-01,2.381202305230629979e-01,-1.188468401175583472e-01,-4.530573522468096109e-02,-2.055150117588700753e-01,-2.163634119923645849e-01,-1.770883564599958215e-01,4.026337255944363314e-01,-1.766850768450093090e-01,1.038024878117441013e-01,-6.250660887253928211e-02,0.000000000000000000e+00,0.000000000000000000e+00,-6.432463345716749048e-02,2.112292401417752985e-01,-4.490190085233786155e-01,1.138730929390652014e+00,0.000000000000000000e+00,0.000000000000000000e+00,0.000000000000000000e+00,-8.680192271458392339e-02,-2.631892411475515448e-01,6.041784206084666042e-01,1.060788678310728095e+00,0.000000000000000000e+00,0.000000000000000000e+00,0.000000000000000000e+00
3.342574556823704399e-04,-2.168500588238105736e-02,9.001032101105789218e-01,1.475179675451461156e-02,1.327735792621497109e-02,5.131122555742924085e-01,8.580920168830813433e-01,-1.287920499639835792e-01,7.655254114598947224e-02,1.729971611345798022e-01,2.329715583319606764e-01,-1.155629870861026171e-01,-4.542625659725519488e-02,-2.056992130204313429e-01,-2.170342876770297580e-01,-1.784587518526753736e-01,4.013274610991581226e-01,-1.758813870496145071e-01,1.027477580570601429e-01,-6.229710607807324718e-02,0.000000000000000000e+00,0.000000000000000000e+00,-6.377199007662401331e-02,2.110616564258369077e-01,-4.480382012298024796e-01,1.136928818795504448e+00,0.000000000000000000e+00,0.000000000000000000e+00,0.000000000000000000e+00,-8.600042101031327157e-02,-2.627861549996754476e-01,6.037957923975579844e-01,1.059204349319304850e+00,0.000000000000000000e+00,0.000000000000000000e+00,0.000000000000000000e+00
5.287549128974076106e-04,-2.176131988247546542e-02,9.000548297459558533e-01,1.504097172522379268e-02,1.349959482729149070e-02,5.135064875921384608e-01,8.578476655618089142e-01,-1.291905945526658217e-01,7.607540875873548825e-02,1.734888653403851011e-01,2.333657603554060989e-01,-1.153220726273001401e-01,-4.526993387633519716e-02,-2.067462491986907791e-01,-2.182724466343896053e-01,-1.792970619840261459e-01,4.038275549842769707e-01,-1.766440568002894951e-01,1.017940608139424469e-01,-6.285762074114822906e-02,0.000000000000000000e+00,0.000000000000000000e+00,-6.241403347461234319e-02,2.104924450737156172e-01,-4.467714359147108016e-01,1.135058935826112503e+00,0.000000000000000000e+00,0.000000000000000000e+00,0.000000000000000000e+00,-8.535618919826826190e-02,-2.629805872905973674e-01,6.054291570268942602e-01,1.058015684721119287e+00,0.000000000000000000e+00,0.000000000000000000e+00,0.000000000000000000e+00
7.337838906378126372e-04,-2.177478680052330820e-02,9.001767389045735035e-01,1.512123032091913788e-02,1.376813324553666402e-02,5.139091460842921677e-01,8.576008258341573098e-01,-1.275853381226896288e-01,7.545327782906939562e-02,1.738810065301134855e-01,2.290128705076925342e-01,-1.129347819394090485e-01,-4.495105190181285931e-02,-2.066400892921494148e-01,-2.185649500359220510e-01,-1.796717475434396749e-01,4.031930904695729678e-01,-1.751511267588202192e-01,1.007231210368046415e-01,-6.278886688693270657e-02,0.000000000000000000e+00,0.000000000000000000e+00,-6.168562859549375083e-02,2.098316108466328211e-01,-4.449714264348584858e-01,1.133691085777571050e+00,0.000000000000000000e+00,0.000000000000000000e+00,0.000000000000000000e+00,-8.406987547037451936e-02,-2.632829190856325607e-01,6.058582825783962456e-01,1.055792858056098904e+00,0.000000000000000000e+00,0.000000000000000000e+00,0.000000000000000000e+00
9.346633490477269934e-04,-2.174177711770012081e-02,9.001398072266808548e-01,1.517773954047263105e-02,1.401930314844865647e-02,5.144542789392636539e-01,8.572688552856424504e-01,-1.285511038006623419e-01,7.501840846929361262e-02,1.729976051469210296e-01,2.299026416211557011e-01,-1.128329182546214532e-01,-4.470234830120013020e-02,-2.078225562859521980e-01,-2.192445061298418096e-01,-1.800906591415865621e-01,4.057214008292179819e-01,-1.758605719634077635e-01,9.956295111480159554e-02,-6.236845047050764562e-02,0.000000000000000000e+00,0.000000000000000000e+00,-6.159443862901735345e-02,2.092380698786548421e-01,-4.429437161431707404e-01,1.133131282771873138e+00,0.000000000000000000e+00,0.000000000000000000e+00,0.000000000000000000e+00,-8.277331509636626228e-02,-2.640268948934345605e-01,6.069747965110074972e-01,1.054646643219983471e+00,0.000000000000000000e+00,0.000000000000000000e+00,0.000000000000000000e+00
1.127481614181947110e-03,-2.170339304559091437e-02,9.001226404663142944e-01,1.543819697347654542e-02,1.401551506243854661e-02,5.149096219617100845e-01,8.569908451220418222e-01,-1.286594504405664252e-01,7.465906085037868345e-02,1.729503809293270189e-01,2.307105733783378076e-01,-1.127930440819814306e-01,-4.415426533153758715e-02,-2.079880931879175832e-01,-2.199483611450074871e-01,-1.803986871712296713e-01,4.074133735221340258e-01,-1.758508915844771148e-01,9.890375860520765616e-02,-6.242408356408218895e-02,0.000000000000000000e+00,0.000000000000000000e+00,-6.108358877182396701e-02,2.089440973772527799e-01,-4.425718092954874505e-01,1.132415774334858405e+00,0.000000000000000000e+00,0.000000000000000000e+00,0.000000000000000000e+00,-8.144943975735290109e-02,-2.647920083296974036e-01,6.091374826876407855e-01,1.052837209908198624e+00,0.000000000000000000e+00,0.000000000000000000e+00,0.000000000000000000e+00
1.331533382718883690e-03,-2.161317632358659285e-02,9.001116578305170535e-01,1.533346053294143072e-02,1.399383994604941860e-02,5.154556297436057033e-01,8.566647834464021782e-01,-1.294763217677466494e-01,7.478892619812610443e-02,1.716815986772239622e-01,2.322555642689320132e-01,-1.138044310300863754e-01,-4.365232951100512376e-02,-2.080575679708770998e-01,-2.199096246674615840e-01,-1.811412956307204003e-01,4.085753521927448784e-01,-1.758938063315856337e-01,9.820182273813848894e-02,-6.132852437775439258e-02,0.000000000000000000e+00,0.000000000000000000e+00,-6.115206564382556775e-02,2.086226399395466058e-01,-4.403916366833672269e-01,1.131713105181231249e+00,0.000000000000000000e+00,0.000000000000000000e+00,0.000000000000000000e+00,-7.925946284728982438e-02,-2.657667116249643469e-01,6.105156314347640611e-01,1.050714400060116738e+00,0.000000000000000000e+00,0.000000000000000000e+00,0.000000000000000000e+00
1.566123221446986610e-03,-2.154498646431525152e-02,9.001323907530582868e-01,1.542501374525106182e-02,1.386914066828928878e-02,5.159647792879503703e-01,8.563586062056114390e-01,-1.296210380389613281e-01,7.476540676619276848e-02,1.707613085979804435e-01,2.332679461372646479e-01,-1.141861997781425803e-01,-4.338011794959140827e-02,-2.073712365129606605e-01,-2.201216728333582617e-01,-1.822815310601886840e-01,4.089480987885316110e-01,-1.752992435940438909e-01,9.700459704670527650e-02,-6.110031097288680380e-02,0.000000000000000000e+00,0.000000000000000000e+00,-6.059942320345041572e-02,2.086727804517588269e-01,-4.397034504453142256e-01,1.130884998317551515e+00,0.000000000000000000e+00,0.000000000000000000e+00,0.000000000000000000e+00,-7.783751891934830025e-02,-2.664273777627040318e-01,6.120797348989741593e-01,1.048838803515517615e+00,0.000000000000000000e+00,0.000000000000000000e+00,0.000000000000000000e+00
1.825275974498606710e-03,-2.149013823852044883e-02,9.002425302882783864e-01,1.540556190268844126e-02,1.378464140126668680e-02,5.161698506201183312e-01,8.562367299028371681e-01,-1.279664909478118728e-01,7.482466126767767234e-02,1.703203407006350645e-01,2.301780845944438603e-01,-1.120626288038603785e-01,-4.379947489362111257e-02,-2.055215418574317110e-01,-2.202636862596342171e-01,-1.848250727158708417e-01,4.064674928541294197e-01,-1.740076488530773180e-01,9.713851883884698502e-02,-6.062262352923791786e-02,0.000000000000000000e+00,0.000000000000000000e+00,-5.937209716522141856e-02,2.098028672644500769e-01,-4.404235398968316950e-01,1.128213185134118390e+00,0.000000000000000000e+00,0.000000000000000000e+00,0.000000000000000000e+00,-7.603253524871247948e-02,-2.667695267047245911e-01,6.130254811028462703e-01,1.046182009694885728e+00,0.000000000000000000e+00,0.000000000000000000e+00,0.000000000000000000e+00
2.102243109940902469e-03,-2.141729633617274822e-02,9.002454733005382792e-01,1.537623187619000659e-02,1.367918328745613456e-02,5.164955127284045489e-01,8.560425437846527208e-01,-1.289471487417396256e-01,7.525367436576392566e-02,1.693970978090875712e-01,2.328729489146987852e-01,-1.133314348454786680e-01,-4.401836541630890776e-02,-2.049988442164897007e-01,-2.202679654498682360e-01,-1.861036761214041046e-01,4.069498516292452406e-01,-1.741862573593594421e-01,9.705697714035059487e-02,-5.999000040779587511e-02,0.000000000000000000e+00,0.000000000000000000e+00,-5.928830098016701911e-02,2.098092060489352983e-01,-4.396398674848661647e-01,1.127979498254659818e+00,0.000000000000000000e+00,0.000000000000000000e+00,0.000000000000000000e+00,-7.439976884786936306e-02,-2.670398863994282168e-01,6.130238584627365483e-01,1.044296931493914338e+00,0.000000000000000000e+00,0.000000000000000000e+00,0.000000000000000000e+00
2.389225128766861352e-03,-2.137670036848378710e-02,9.002621299919740805e-01,1.517339901054482083e-02,1.336698092494854710e-02,5.172227513310545532e-01,8.556118964162149343e-01,-1.300142678682016661e-01,7.640116181710855658e-02,1.687596550533271844e-01,2.355735202678221341e-01,-1.138968499488107605e-01,-4.399655152622987397e-02,-2.033527896014051817e-01,-2.200254428594274891e-01,-1.888560530772770696e-01,4.060086187768863208e-01,-1.732410196713079775e-01,9.712283219822438751e-02,-5.890029372361388349e-02,0.000000000000000000e+00,0.000000000000000000e+00,-5.900093514150722696e-02,2.098169130107533087e-01,-4.375294202918815212e-01,1.126856365373525071e+00,0.000000000000000000e+00,0.000000000000000000e+00,0.000000000000000000e+00,-7.194728962070695566e-02,-2.678870602023056269e-01,6.150066523169656074e-01,1.041370035455732035e+00,0.000000000000000000e+00,0.000000000000000000e+00,0.000000000000000000e+00
2.739583102670863860e-03,-2.133447574024942631e-02,9.004148380243180982e-01,1.497157474489504807e-02,1.327723252356176678e-02,5.178370197430657296e-01,8.552452209920802240e-01,-1.290691488585047619e-01,7.691884101553914110e-02,1.678455105575364925e-01,2.330725439883357120e-01,-1.111585053075858087e-01,-4.494536156779820046e-02,-2.012077523504635368e-01,-2.194530417492774332e-01,-1.910811904395153249e-01,4.029356503553775948e-01,-1.711974680606317689e-01,9.681700762755236778e-02,-5.792393394655781513e-02,0.000000000000000000e+00,0.000000000000000000e+00,-5.814371531351376216e-02,2.101826551943623556e-01,-4.367338005962150826e-01,1.125023046792410275e+00,0.000000000000000000e+00,0.000000000000000000e+00,0.000000000000000000e+00,-6.911575417311291436e-02,-2.679096983317639791e-01,6.170449475281358787e-01,1.038033377168380733e+00,0.000000000000000000e+00,0.000000000000000000e+00,0.000000000000000000e+00
3.097755225468203349e-03,-2.124723919586132131e-02,9.003653214449671705e-01,1.484300385669202853e-02,1.310419326096974417e-02,5.182290961502008519e-01,8.550126135086162371e-01,-1.301990086420552473e-01,7.756741429049207603e-02,1.662125491732455995e-01,2.360626697572470456e-01,-1.127732084530125994e-01,-4.483986416278964299e-02,-2.008243926550222491e-01,-2.188576274453477299e-01,-1.915490987757658137e-01,4.039180311967369152e-01,-1.726313042229866423e-01,9.657213888935385626e-02,-5.659238347213949027e-02,0.000000000000000000e+00,0.000000000000000000e+00,-5.762724989134554443e-02,2.097511204627286741e-01,-4.348959306493160315e-01,1.123413833791897520e+00,0.000000000000000000e+00,0.000000000000000000e+00,0.000000000000000000e+00,-6.688187504295850516e-02,-2.682915676255846482e-01,6.183473835352406578e-01,1.035872873765500080e+00,0.000000000000000000e+00,0.000000000000000000e+00,0.000000000000000000e+00
3.511145612249128370e-03,-2.113802756749470768e-02,9.005360030983252662e-01,1.447317619812328419e-02,1.287318606165821326e-02,5.180654136924014441e-01,8.551216494669517942e-01,-1.283214466788326069e-01,7.878117136978006474e-02,1.659917476645612622e-01,2.330649171735039160e-01,-1.116623161299937911e-01,-4.550474886312479150e-02,-1.978570141364673907e-01,-2.171271893622112037e-01,-1.929288520095864823e-01,3.987883360819728940e-01,-1.709466356963758316e-01,9.766615515447042706e-02,-5.502292855202348815e-02,0.000000000000000000e+00,0.000000000000000000e+00,-5.669489554989903812e-02,2.099825621694582090e-01,-4.339975857929993519e-01,1.121661718316828260e+00,0.000000000000000000e+00,0.000000000000000000e+00,0.000000000000000000e+00,-6.477519565149833514e-02,-2.673054004973430819e-01,6.178548212863511635e-01,1.033856537607459769e+00,0.000000000000000000e+00,0.000000000000000000e+00,0.000000000000000000e+00
3.983727232084411859e-03,-2.102354487854609516e-02,9.006923633787794481e-01,1.427929969813485946e-02,1.252678091354136186e-02,5.177189706100530087e-01,8.553398440564669025e-01,-1.259942510208774125e-01,8.004265486020105402e-02,1.662423873517339112e-01,2.302059812562351482e-01,-1.097635340527323700e-01,-4.675509481572270171e-02,-1.949977719893698225e-01,-2.154522226982459876e-01,-1.936464363876430617e-01,3.945312231743181575e-01,-1.693316963872096015e-01,9.893181582940092922e-02,-5.456493047082508485e-02,0.000000000000000000e+00,0.000000000000000000e+00,-5.575561430456756062e-02,2.105801349813327672e-01,-4.335883095391145914e-01,1.121486962825173350e+00,0.000000000000000000e+00,0.000000000000000000e+00,0.000000000000000000e+00,-6.330107957586260381e-02,-2.662953712363702596e-01,6.186043963595008188e-01,1.031431982272429160e+00,0.000000000000000000e+00,0.000000000000000000e+00,0.000000000000000000e+00
4.527177095995510436e-03,-2.094570166932160915e-02,9.008595508368691940e-01,1.410739826945250040e-02,1.211706492414656861e-02,5.177810127896327330e-01,8.553110433323265482e-01,-1.239086920266059544e-01,8.089386926382215182e-02,1.648531663470594322e-01,2.275997261926262227e-01,-1.079716836400163721e-01,-4.612636770495984195e-02,-1.923333584937052532e-01,-2.141288671844780167e-01,-1.954336506946867391e-01,3.915200342932023680e-01,-1.676509342302998362e-01,9.910662041684230317e-02,-5.354420143383230302e-02,0.000000000000000000e+00,0.000000000000000000e+00,-5.476971578736362922e-02,2.108551261195608650e-01,-4.336790069150244231e-01,1.120019580182689101e+00,0.000000000000000000e+00,0.000000000000000000e+00,0.000000000000000000e+00,-6.138076487999899467e-02,-2.661865501141266188e-01,6.199480958795725583e-01,1.028739678655702150e+00,0.000000000000000000e+00,0.000000000000000000e+00,0.000000000000000000e+00
5.145613603561107613e-03,-2.095135565239556602e-02,9.008058334652339072e-01,1.433787940070627674e-02,1.170198926655110876e-02,5.173544371580102164e-01,8.555710812167592882e-01,-1.238104508905688572e-01,8.180604528287391264e-02,1.641019965603213171e-01,2.306608297428157373e-01,-1.090758989762104086e-01,-4.595775195590903750e-02,-1.917176768470438275e-01,-2.141863522815349585e-01,-1.972728205818005676e-01,3.934578935166359037e-01,-1.693268249165277850e-01,9.967967756855625194e-02,-5.272954641599259668e-02,0.000000000000000000e+00,0.000000000000000000e+00,-5.292374198419252940e-02,2.107358711328234380e-01,-4.325008334506426078e-01,1.118717923959284377e+00,0.000000000000000000e+00,0.000000000000000000e+00,0.000000000000000000e+00,-6.074498889500566656e-02,-2.655057986281266769e-01,6.216236984994597536e-01,1.026893676689683232e+00,0.000000000000000000e+00,0.000000000000000000e+00,0.000000000000000000e+00
5.862733188681708459e-03,-2.106551429878920564e-02,9.009314978713238720e-01,1.442999270983498852e-02,1.140629223119283067e-02,5.164041062991218123e-01,8.561474585638482182e-01,-1.211003876185213768e-01,8.264996244020964000e-02,1.634520792297851632e-01,2.276352160875016462e-01,-1.069507310184289739e-01,-4.685715970576068840e-02,-1.902543324771519273e-01,-2.121122769619487591e-01,-1.956572846014514311e-01,3.914791692246792909e-01,-1.696725014884136462e-01,9.973702503889847470e-02,-5.230417662481812863e-02,0.000000000000000000e+00,0.000000000000000000e+00,-4.954988555731776323e-02,2.110154879629695390e-01,-4.302844424370710352e-01,1.116106664818793170e+00,0.000000000000000000e+00,0.000000000000000000e+00,0.000000000000000000e+00,-6.109681127869476258e-02,-2.646375696045037973e-01,6.230177311654366834e-01,1.020633892443891355e+00,0.000000000000000000e+00,0.000000000000000000e+00,0.000000000000000000e+00
6.610285513529250839e-03,-2.133475154838176610e-02,9.009139713098293090e-01,1.485777044612020779e-02,1.072264843354298058e-02,5.163638944164469224e-01,8.561732301415539981e-01,-1.203396599773444986e-01,8.339440408269710447e-02,1.614864998540279928e-01,2.298592024034539216e-01,-1.069533746618418213e-01,-4.716425879198896109e-02,-1.891447714881850373e-01,-2.114260332107058271e-01,-1.955140171897004620e-01,3.936453626248346271e-01,-1.708789880825286600e-01,1.029292285397220563e-01,-5.283909241337284707e-02,0.000000000000000000e+00,0.000000000000000000e+00,-4.789231319369893769e-02,2.111807419024136767e-01,-4.292168398605059609e-01,1.115797560343113393e+00,0.000000000000000000e+00,0.000000000000000000e+00,0.000000000000000000e+00,-6.311478820095543785e-02,-2.642307813794245730e-01,6.223286494626196763e-01,1.013306165047865193e+00,0.000000000000000000e+00,0.000000000000000000e+00,0.000000000000000000e+00
7.445193012551731479e-03,-2.186208852702762814e-02,9.008540517434262540e-01,1.575067921779168059e-02,9.858899826162378921e-03,5.161345514761431774e-01,8.563059283754357320e-01,-1.175595421675839081e-01,8.409180494276261020e-02,1.621539548411079501e-01,2.297311401334292402e-01,-1.068523031304408483e-01,-4.619309259440769477e-02,-1.871947624308795133e-01,-2.116607551543926158e-01,-1.972009342102268303e-01,3.956519172670868167e-01,-1.742400892482106056e-01,1.035685921653662495e-01,-5.333707348084652800e-02,0.000000000000000000e+00,0.000000000000000000e+00,-4.459111953195624839e-02,2.122053488603163340e-01,-4.259336312498314125e-01,1.112443990605286537e+00,0.000000000000000000e+00,0.000000000000000000e+00,0.000000000000000000e+00,-7.107396193590348465e-02,-2.655484787070989672e-01,6.231727021040012193e-01,1.005572383953732496e+00,0.000000000000000000e+00,0.000000000000000000e+00,0.000000000000000000e+00
8.286801829762708085e-03,-2.265475391247384618e-02,9.007589077689754919e-01,1.649500548257929952e-02,8.697294205805805936e-03,5.162942907846844731e-01,8.562081973274767721e-01,-1.168013495839741317e-01,8.509242635842051428e-02,1.593118703650864831e-01,2.331054212344975674e-01,-1.069200897308227594e-01,-4.616461832699114004e-02,-1.858941440057928496e-01,-2.105018643770411313e-01,-1.969516775380537599e-01,3.991483960859536495e-01,-1.771718612405501769e-01,1.030793806416848285e-01,-5.370686550377026108e-02,0.000000000000000000e+00,0.000000000000000000e+00,-4.490024088573153077e-02,2.127948353613450250e-01,-4.194349555953814646e-01,1.112936437602687789e+00,0.000000000000000000e+00,0.000000000000000000e+00,0.000000000000000000e+00,-8.454109014851077242e-02,-2.677006523190109677e-01,6.233483924651752606e-01,9.981928205753926031e-01,0.000000000000000000e+00,0.000000000000000000e+00,0.000000000000000000e+00
9.190307526883285255e-03,-2.361509319277019930e-02,9.003061393991159678e-01,1.840762675520056166e-02,7.335957440309656512e-03,5.165097579785441484e-01,8.560519919482818541e-01,-1.183171477306175362e-01,8.497081731013905737e-02,1.576743759718929883e-01,2.450438789057290123e-01,-1.121084978971162022e-01,-4.406032066907529521e-02,-1.872411967538998578e-01,-2.126062903524135739e-01,-1.960982182962791587e-01,4.119319799893467748e-01,-1.854392872731404351e-01,1.046812523972980025e-01,-5.358897421784122178e-02,0.000000000000000000e+00,0.000000000000000000e+00,-4.753578182429769872e-02,2.155323145914485039e-01,-4.194900935159130428e-01,1.110591217627997729e+00,0.000000000000000000e+00,0.000000000000000000e+00,0.000000000000000000e+00,-1.000975995625359716e-01,-2.703119943866960639e-01,6.218101375165105971e-01,9.922029135302554703e-01,0.000000000000000000e+00,0.000000000000000000e+00,0.000000000000000000e+00
1.015026575361751594e-02,-2.502099058096348555e-02,9.005450237970398231e-01,1.850892058002233040e-02,7.141155118283577102e-03,5.160178325635408347e-01,8.563480718953971893e-01,-1.136248267064724204e-01,8.624939256419471290e-02,1.572034390988108488e-01,2.335464784292737850e-01,-1.030032200867399550e-01,-4.573893235963338161e-02,-1.841328879333723190e-01,-2.106513036720985554e-01,-2.003384518611741605e-01,4.050960859855036178e-01,-1.862681941542327912e-01,1.028706821480835365e-01,-5.427026036637679074e-02,0.000000000000000000e+00,0.000000000000000000e+00,-6.077874484005079542e-02,2.317369797139367804e-01,-4.159978177915811814e-01,1.092754196066979100e+00,0.000000000000000000e+00,0.000000000000000000e+00,0.000000000000000000e+00,-1.161039260911773952e-01,-2.750735568649937957e-01,6.254304039210758503e-01,9.800071744303504584e-01,0.000000000000000000e+00,0.000000000000000000e+00,0.000000000000000000e+00
1.103173457741312216e-02,-2.647324560742194202e-02,8.999654606221838549e-01,2.173371966366575633e-02,4.806650869409119335e-03,5.159562806139308400e-01,8.563256728792144612e-01,-1.117707272805201074e-01,8.489367987017876205e-02,1.548809019500243245e-01,2.444699044176738001e-01,-1.071534472730233389e-01,-4.678217086277065839e-02,-1.836091175072898651e-01,-2.137393357724315102e-01,-1.982744798891139526e-01,4.198345017616170183e-01,-1.987279499939320904e-01,1.030438071880288714e-01,-5.434357633010084010e-02,0.000000000000000000e+00,0.000000000000000000e+00,-1.008322472756552485e-01,2.591905781094671068e-01,-4.121870604656222570e-01,1.056178188731500045e+00,0.000000000000000000e+00,0.000000000000000000e+00,0.000000000000000000e+00,-1.254625461631183325e-01,-2.766019712639466444e-01,6.261503615023438218e-01,9.783181702811666325e-01,0.000000000000000000e+00,0.000000000000000000e+00,0.000000000000000000e+00
1.195184251568037759e-02,-2.841398973624279997e-02,9.002667611250146917e-01,2.109565426389969564e-02,5.013772231333206604e-03,5.162454217687076907e-01,8.561661637568023231e-01,-1.105866819340292212e-01,8.654187563702750441e-02,1.511188402135261177e-01,2.343370898969102389e-01,-9.746880028987647826e-02,-4.633588574095344470e-02,-1.819697083116461611e-01,-2.101644037438067658e-01,-2.019486086253010626e-01,4.115786910449447111e-01,-1.964039518209449720e-01,1.019142923471568485e-01,-5.157725530651000034e-02,0.000000000000000000e+00,0.000000000000000000e+00,-1.561055108220943954e-01,3.015816422154104504e-01,-4.111436611346114822e-01,1.000108724524035209e+00,0.000000000000000000e+00,0.000000000000000000e+00,0.000000000000000000e+00,-1.362601535180514856e-01,-2.770491140026064003e-01,6.188741981486951538e-01,9.725975110094533527e-01,0.000000000000000000e+00,0.000000000000000000e+00,0.000000000000000000e+00
1.271265738812108088e-02,-3.020602015921294500e-02,8.996521125698363486e-01,2.413169375658871102e-02,2.666272567358302613e-03,5.169335824857640427e-01,8.556811460149563731e-01,-1.109026552337814553e-01,8.516678613639212803e-02,1.471060386863189962e-01,2.474900636128133657e-01,-1.020441607707566062e-01,-4.489647803484037025e-02,-1.821889396761067204e-01,-2.138431253164445045e-01,-2.025655227270056480e-01,4.273374355663983604e-01,-2.070543089104187606e-01,9.994983636023022089e-02,-4.841187247641381280e-02,0.000000000000000000e+00,0.000000000000000000e+00,-1.796265689860034043e-01,3.141359248680777316e-01,-4.071428737622857508e-01,9.758862767552861639e-01,0.000000000000000000e+00,0.000000000000000000e+00,0.000000000000000000e+00,-1.429940503432541310e-01,-2.777752051392251009e-01,6.191503689218144091e-01,9.770972516381702944e-01,0.000000000000000000e+00,0.000000000000000000e+00,0.000000000000000000e+00
1.340440985679215539e-02,-3.223248738511525630e-02,8.998752657437368851e-01,2.387632988573010553e-02,2.897826897141531251e-03,5.170630019236750474e-01,8.556093591775045804e-01,-1.089302822543010835e-01,8.586119964907724944e-02,1.430085460675575848e-01,2.363335519507170912e-01,-9.210931680838940760e-02,-4.803482019596225921e-02,-1.818867706512552196e-01,-2.109653269594642389e-01,-2.042455360300368672e-01,4.216972108608953995e-01,-2.060929791872989636e-01,9.819648517944187804e-02,-4.555500122236347260e-02,0.000000000000000000e+00,0.000000000000000000e+00,-2.024399124380549253e-01,3.297361319816663472e-01,-3.973091635922481601e-01,9.509349045455858240e-01,0.000000000000000000e+00,0.000000000000000000e+00,0.000000000000000000e+00,-1.518505938223357610e-01,-2.786379710496938999e-01,6.155723951012546102e-01,9.720366459222022915e-01,0.000000000000000000e+00,0.000000000000000000e+00,0.000000000000000000e+00
1.390217180812367177e-02,-3.409479330126521240e-02,8.990948482002290021e-01,2.707581080354426808e-02,9.431034834828380068e-04,5.175134068862751180e-01,8.552460959970008547e-01,-1.096787343873297932e-01,8.264001841532325754e-02,1.362194796836058153e-01,2.481492873799064358e-01,-9.500711752248339192e-02,-4.811439752752753179e-02,-1.837692973109517069e-01,-2.155718299313181541e-01,-2.036083052263158444e-01,4.389283608741557097e-01,-2.190068805648341388e-01,9.683323219549273830e-02,-4.238152819357884210e-02,0.000000000000000000e+00,0.000000000000000000e+00,-2.198352743583403546e-01,3.404938308660905855e-01,-3.880125803601585099e-01,9.253297096301630331e-01,0.000000000000000000e+00,0.000000000000000000e+00,0.000000000000000000e+00,-1.574432081779375547e-01,-2.790482674721060374e-01,6.115125110428565325e-01,9.786557303119928219e-01,0.000000000000000000e+00,0.000000000000000000e+00,0.000000000000000000e+00
1.427127580521326232e-02,-3.611344225111412509e-02,8.992220076090041703e-01,2.694900946664842770e-02,1.019079795174433235e-03,5.179156641665781935e-01,8.550064778561800027e-01,-1.090902875640697989e-01,8.256511802902924413e-02,1.305310318006198400e-01,2.397733315798468712e-01,-8.587091527075541020e-02,-4.910680758969664106e-02,-1.837835939718683864e-01,-2.138494288299487012e-01,-2.065117115949855198e-01,4.346395423363306199e-01,-2.172604242032930844e-01,9.418971137787637837e-02,-3.752349576681325571e-02,0.000000000000000000e+00,0.000000000000000000e+00,-2.442636354744880944e-01,3.573390932811025822e-01,-3.811813956028317629e-01,8.922919108365716667e-01,0.000000000000000000e+00,0.000000000000000000e+00,0.000000000000000000e+00,-1.658028030457743274e-01,-2.797481989675412173e-01,6.063331287025442995e-01,9.792318536746165147e-01,0.000000000000000000e+00,0.000000000000000000e+00,0.000000000000000000e+00
1.443982756592970818e-02,-3.773601160264945797e-02,8.985561146717861991e-01,3.018933307015469331e-02,-9.783354477915916659e-04,5.185086274141239571e-01,8.545387354155766779e-01,-1.097930842960638531e-01,7.926340665662315321e-02,1.258507609930386573e-01,2.520738662825387499e-01,-8.865240534139821882e-02,-4.966011812643339463e-02,-1.840615564544410554e-01,-2.196389387710921404e-01,-2.077917398601008547e-01,4.491132657745081636e-01,-2.265833845126500601e-01,9.489016299837073343e-02,-3.252708859876923125e-02,0.000000000000000000e+00,0.000000000000000000e+00,-2.632978930498089398e-01,3.671502157047582537e-01,-3.763959641094259956e-01,8.648535796463489023e-01,0.000000000000000000e+00,0.000000000000000000e+00,0.000000000000000000e+00,-1.688353307413160698e-01,-2.825221953424963406e-01,6.054915918132904862e-01,9.839520111205694031e-01,0.000000000000000000e+00,0.000000000000000000e+00,0.000000000000000000e+00
1.452741516163017464e-02,-3.930577024257537327e-02,8.987233687097668788e-01,2.959366573078134680e-02,-3.430208355407978783e-04,5.168726125673469562e-01,8.555505827612572833e-01,-1.103092569756964486e-01,8.003224571977768376e-02,1.239781843361768415e-01,2.457371756327716428e-01,-8.114193941143163502e-02,-4.951792773978901802e-02,-1.859756293047722386e-01,-2.165433688595143347e-01,-2.065191683844007642e-01,4.434807607491485504e-01,-2.249734326923878147e-01,9.461036435912097142e-02,-2.777133696337375987e-02,0.000000000000000000e+00,0.000000000000000000e+00,-2.849873483631947813e-01,3.836507455710734260e-01,-3.681252895899285171e-01,8.378965910987108412e-01,0.000000000000000000e+00,0.000000000000000000e+00,0.000000000000000000e+00,-1.762805600661820349e-01,-2.806680040909372842e-01,5.974824286226125825e-01,9.853130077972890311e-01,0.000000000000000000e+00,0.000000000000000000e+00,0.000000000000000000e+00
1.443270038067065095e-02,-4.032431669324246931e-02,8.982034309968688346e-01,3.138438234121936760e-02,-1.369715302147173248e-03,5.156177602434172114e-01,8.562426465357900751e-01,-1.130486252499544181e-01,7.884031672154394321e-02,1.237286175129220511e-01,2.589281641142658907e-01,-8.826797134864436400e-02,-4.740970340604351574e-02,-1.896431546650982902e-01,-2.190103125271438134e-01,-2.025427536724194455e-01,4.556657282998717862e-01,-2.314180389586059927e-01,9.817673563378233326e-02,-2.378901709716608331e-02,0.000000000000000000e+00,0.000000000000000000e+00,-2.989089635991141747e-01,3.910969366834640137e-01,-3.572066085325568130e-01,8.048320002357044478e-01,0.000000000000000000e+00,0.000000000000000000e+00,0.000000000000000000e+00,-1.779604904081470984e-01,-2.812442237955274371e-01,5.913569303682097988e-01,9.889467768296112959e-01,0.000000000000000000e+00,0.000000000000000000e+00,0.000000000000000000e+00
1.447738843514473350e-02,-4.146631730174009378e-02,8.985341332179228591e-01,3.068923610833285825e-02,-5.865907972220220194e-04,5.152612584182527655e-01,8.564833111459690951e-01,-1.122267707019283522e-01,7.991837946216925892e-02,1.249368353783627539e-01,2.493652986985084030e-01,-7.932221552902070372e-02,-4.893107491289671457e-02,-1.897444132761516578e-01,-2.164236001257429376e-01,-2.024180724997300396e-01,4.472876774604742645e-01,-2.261524088058489146e-01,9.752993981743446339e-02,-1.958722233399953425e-02,0.000000000000000000e+00,0.000000000000000000e+00,-3.194640693448708713e-01,4.058502931704410788e-01,-3.491481675896368486e-01,7.751189375518591218e-01,0.000000000000000000e+00,0.000000000000000000e+00,0.000000000000000000e+00,-1.823037633876329611e-01,-2.820114393272919462e-01,5.843554608016078289e-01,9.860859516683699866e-01,0.000000000000000000e+00,0.000000000000000000e+00,0.000000000000000000e+00
1.446755625870970764e-02,-4.221134232937031466e-02,8.986259716206649317e-01,3.093128728539699598e-02,-1.040231834985289212e-03,5.133691989881598028e-01,8.576096075224748372e-01,-1.095818020094061485e-01,8.040452113353775687e-02,1.250650901830590578e-01,2.455304142375649423e-01,-7.493677064923522091e-02,-4.870097987849668353e-02,-1.890240033300707723e-01,-2.139610532717571290e-01,-1.986253389376299583e-01,4.436247716055267132e-01,-2.243950552465739379e-01,9.885089760770811307e-02,-1.688828531534465605e-02,0.000000000000000000e+00,0.000000000000000000e+00,-3.331504822504491314e-01,4.166902834445445070e-01,-3.432433756443664663e-01,7.433688137846385935e-01,0.000000000000000000e+00,0.000000000000000000e+00,0.000000000000000000e+00,-1.844297416260589628e-01,-2.803477399974672046e-01,5.746454734045872703e-01,9.858582838576714913e-01,0.000000000000000000e+00,0.000000000000000000e+00,0.000000000000000000e+00
1.461833798772939168e-02,-4.268313711022533180e-02,8.980262436259600634e-01,3.307441279454177707e-02,-2.140541767862995989e-03,5.135296391124259952e-01,8.574315197450453896e-01,-1.105033192745267373e-01,7.860889496883188832e-02,1.254690286647142106e-01,2.565661336372733192e-01,-8.141011071957551803e-02,-4.865500071192885995e-02,-1.915261288067071910e-01,-2.178477523933003424e-01,-1.960709902985593445e-01,4.575840263064376301e-01,-2.321712627535970630e-01,9.950493796387212264e-02,-1.467597306307817130e-02,0.000000000000000000e+00,0.000000000000000000e+00,-3.436371768923039971e-01,4.211796276976334519e-01,-3.336649346414697348e-01,7.091622200901936957e-01,0.000000000000000000e+00,0.000000000000000000e+00,0.000000000000000000e+00,-1.819691452427674161e-01,-2.828074206560982629e-01,5.662712618071990001e-01,9.828500982491609195e-01,0.000000000000000000e+00,0.000000000000000000e+00,0.000000000000000000e+00
1.492536220375489768e-02,-4.312611890857580982e-02,8.982377602078325252e-01,3.264495564221078783e-02,-7.712793823990188487e-04,5.113225154948182194e-01,8.587683023652444847e-01,-1.065157543692463460e-01,7.828259127702076603e-02,1.270953647396219077e-01,2.423106138651645869e-01,-7.296182942470097466e-02,-5.046002399178909498e-02,-1.937607142204919308e-01,-2.150684752205309636e-01,-1.913924389862559361e-01,4.513655966903344363e-01,-2.306517921274741367e-01,9.727287694228800574e-02,-1.539846204021463882e-02,0.000000000000000000e+00,0.000000000000000000e+00,-3.583233605853726744e-01,4.351424436820848785e-01,-3.285188334633968865e-01,6.748899579862422948e-01,0.000000000000000000e+00,0.000000000000000000e+00,0.000000000000000000e+00,-1.881627662131853951e-01,-2.847980555439870720e-01,5.598390281546492542e-01,9.726231621745241585e-01,0.000000000000000000e+00,0.000000000000000000e+00,0.000000000000000000e+00
1.536819271594744470e-02,-4.315899483289867278e-02,8.978051878941889496e-01,3.497738215916724319e-02,-1.640993160388005273e-03,5.115080355073597929e-01,8.585647439128516467e-01,-1.057948752721781377e-01,7.567445774411359072e-02,1.273427703486325613e-01,2.505217247562024352e-01,-7.679015213469403411e-02,-5.070204104826861458e-02,-1.953445040823376666e-01,-2.189627717681084385e-01,-1.875922299158885309e-01,4.642497795824512830e-01,-2.376748201919545722e-01,9.891016699189916772e-02,-1.464414438048105421e-02,0.000000000000000000e+00,0.000000000000000000e+00,-3.665471697852087374e-01,4.391496377387836270e-01,-3.221683836904676856e-01,6.456840683492436339e-01,0.000000000000000000e+00,0.000000000000000000e+00,0.000000000000000000e+00,-1.865904550890741254e-01,-2.897064621930370287e-01,5.503017986016472962e-01,9.635246854675491024e-01,0.000000000000000000e+00,0.000000000000000000e+00,0.000000000000000000e+00
1.589135297175920530e-02,-4.309400051727566711e-02,8.981231372618504460e-01,3.372719867776185348e-02,-9.075334385774506962e-04,5.103899595270189327e-01,8.592809445498117427e-01,-1.019368796551866074e-01,7.698390409512903543e-02,1.267270072396753655e-01,2.382747216603304519e-01,-7.317308280340392712e-02,-5.046606803093066362e-02,-1.948948560701936339e-01,-2.137624901065962035e-01,-1.835742388668339109e-01,4.559358784758484884e-01,-2.341912060933399875e-01,9.843784880419624572e-02,-1.481577332934944785e-02,0.000000000000000000e+00,0.000000000000000000e+00,-3.773012395086622894e-01,4.494890258982521258e-01,-3.191273833301879748e-01,6.205042405601143285e-01,0.000000000000000000e+00,0.000000000000000000e+00,0.000000000000000000e+00,-1.953046102630535130e-01,-2.950626901367409127e-01,5.403597408315780060e-01,9.525687141905797573e-01,0.000000000000000000e+00,0.000000000000000000e+00,0.000000000000000000e+00
1.654433150434930777e-02,-4.267289741915903517e-02,8.975813205378035953e-01,3.604879931880863170e-02,-1.784989807429639922e-03,5.112097485979317790e-01,8.586977878261357056e-01,-1.022051191925274632e-01,7.433643249267520015e-02,1.261764490402288996e-01,2.492074343979926720e-01,-7.780144164033574172e-02,-5.129762222879344358e-02,-1.973144308355321563e-01,-2.174246651531500096e-01,-1.778671705367161904e-01,4.718729444802565176e-01,-2.408936539739535698e-01,1.004267360701116829e-01,-1.799153233031262900e-02,0.000000000000000000e+00,0.000000000000000000e+00,-3.767686522796500070e-01,4.500347371105239414e-01,-3.165442694916001942e-01,6.042131270046158242e-01,0.000000000000000000e+00,0.000000000000000000e+00,0.000000000000000000e+00,-2.029555708628970889e-01,-3.093059576836647562e-01,5.342462209897774761e-01,9.364790865700837186e-01,0.000000000000000000e+00,0.000000000000000000e+00,0.000000000000000000e+00
1.714698404909394472e-02,-4.203406237303157489e-02,8.973875313825572242e-01,3.618068703370948963e-02,-2.835945341945076293e-03,5.110439331593537027e-01,8.587881075566918820e-01,-1.030517918453313503e-01,7.642669181313316296e-02,1.263197250619224610e-01,2.582301533677388017e-01,-8.226539232089447040e-02,-5.254591001297614916e-02,-1.954947555137460657e-01,-2.145695488997448053e-01,-1.729445065343862276e-01,4.745490819234960411e-01,-2.440894202366859222e-01,1.028649980563454691e-01,-2.183897598019305178e-02,0.000000000000000000e+00,0.000000000000000000e+00,-3.749670313492018958e-01,4.532949830243727107e-01,-3.071409880661377656e-01,5.899957400103056360e-01,0.000000000000000000e+00,0.000000000000000000e+00,0.000000000000000000e+00,-2.277454269181817259e-01,-3.385619383378185576e-01,5.244147124094395984e-01,9.021446344593755384e-01,0.000000000000000000e+00,0.000000000000000000e+00,0.000000000000000000e+00
1.780693799401458083e-02,-4.126977053611502466e-02,8.972130509915626773e-01,3.645121225330029413e-02,-4.285270987903464640e-03,5.106534197241190398e-01,8.590029281101944081e-01,-1.011877597240928711e-01,7.878821365936365673e-02,1.269068561279189655e-01,2.639329533872042388e-01,-8.465631437136941773e-02,-5.526673672914361041e-02,-1.917563772121719523e-01,-2.121781579659159367e-01,-1.705448255199407404e-01,4.752958229944098112e-01,-2.455914093416927679e-01,1.033286524728477540e-01,-2.609770465542591428e-02,0.000000000000000000e+00,0.000000000000000000e+00,-3.718266065394080777e-01,4.566264219118165157e-01,-3.026359763480507836e-01,5.812422428878262215e-01,0.000000000000000000e+00,0.000000000000000000e+00,0.000000000000000000e+00,-2.846236849204591413e-01,-3.878351672617131318e-01,5.085422000149031341e-01,8.631352555371573088e-01,0.000000000000000000e+00,0.000000000000000000e+00,0.000000000000000000e+00
1.847589550067611427e-02,-4.033455776022928929e-02,8.973118510427444683e-01,3.636006217561896237e-02,-5.412860740975754953e-03,5.104793552712826310e-01,8.591038788522608050e-01,-9.821523176787369525e-02,8.030437980908637641e-02,1.257339534745656739e-01,2.653278911957194230e-01,-8.623501391821516981e-02,-5.446793781064694639e-02,-1.871458963945731857e-01,-2.093345902211643794e-01,-1.689982898519971632e-01,4.727532070067486103e-01,-2.450779654174833067e-01,1.024074130402213567e-01,-2.950693947282814408e-02,0.000000000000000000e+00,0.000000000000000000e+00,-3.720372075200793494e-01,4.607253447641953548e-01,-2.988468563215800344e-01,5.750561037525515617e-01,0.000000000000000000e+00,0.000000000000000000e+00,0.000000000000000000e+00,-3.463384764880133027e-01,-4.399420890505873483e-01,4.898051494887871171e-01,8.230949388659143384e-01,0.000000000000000000e+00,0.000000000000000000e+00,0.000000000000000000e+00
1.915767275407487258e-02,-3.940167272880203131e-02,8.980329283573874610e-01,3.443312646107331287e-02,-2.901122605050132294e-03,5.097615138583891925e-01,8.596215110608562693e-01,-9.348557553624296801e-02,8.034644405413829404e-02,1.260247904314332201e-01,2.437930054493588350e-01,-7.385303845336226025e-02,-5.925816350223246654e-02,-1.850597664072367587e-01,-2.064922662224636107e-01,-1.708119606519317712e-01,4.563838037404504000e-01,-2.403001181903386962e-01,1.023005339364424782e-01,-3.269677771027432872e-02,0.000000000000000000e+00,0.000000000000000000e+00,-3.797059912331778864e-01,4.650861356131731905e-01,-2.890498855662331223e-01,5.725383479082606364e-01,0.000000000000000000e+00,0.000000000000000000e+00,0.000000000000000000e+00,-3.730800988838377519e-01,-4.655239883952833058e-01,4.672393960140399649e-01,7.865210376223812361e-01,0.000000000000000000e+00,0.000000000000000000e+00,0.000000000000000000e+00
1.966421575521432388e-02,-3.802428918341018566e-02,8.976056154004220522e-01,3.558328822503414868e-02,-3.871445327848748418e-03,5.088397646398814533e-01,8.601168149916603722e-01,-9.278923259790695932e-02,8.073283493732531790e-02,1.296874416856506063e-01,2.546200123385771175e-01,-8.030918600420094977e-02,-6.066887842848008028e-02,-1.847289250189081689e-01,-2.083657744784406241e-01,-1.681923895282654846e-01,4.654959225060205652e-01,-2.467465827445838311e-01,1.048648955626557688e-01,-3.837285299678110106e-02,0.000000000000000000e+00,0.000000000000000000e+00,-3.718193207309939963e-01,4.634174417085046849e-01,-2.760359750223018160e-01,5.617937620596151760e-01,0.000000000000000000e+00,0.000000000000000000e+00,0.000000000000000000e+00,-3.850347930809703834e-01,-4.833007500485639318e-01,4.559992942211064659e-01,7.563294026975190265e-01,0.000000000000000000e+00,0.000000000000000000e+00,0.000000000000000000e+00
1.988905631703709320e-02,-3.682134736697632860e-02,8.982498137974798125e-01,3.363263253143435744e-02,-3.278195142566596790e-03,5.074444331777701045e-01,8.610216296368544686e-01,-8.910326795082992857e-02,8.345086837060050611e-02,1.319807677564556747e-01,2.443203393592511541e-01,-7.537112701081989663e-02,-6.097546037181294371e-02,-1.810803189403413505e-01,-2.027374087356544896e-01,-1.654236232840163578e-01,4.513533468457099906e-01,-2.370226725179249705e-01,1.073223545747847285e-01,-4.339130839882377605e-02,0.000000000000000000e+00,0.000000000000000000e+00,-3.734051327270995757e-01,4.631218691748599237e-01,-2.630419033492664704e-01,5.529348910235378778e-01,0.000000000000000000e+00,0.000000000000000000e+00,0.000000000000000000e+00,-3.997664818894555161e-01,-4.956636475939965036e-01,4.321277367715820605e-01,7.246110442825823839e-01,0.000000000000000000e+00,0.000000000000000000e+00,0.000000000000000000e+00
1.993715035731734656e-02,-3.541847349795965161e-02,8.979376311629353458e-01,3.475521356469279954e-02,-4.706438278339222618e-03,5.065561722729006178e-01,8.614933365389613185e-01,-8.816877962236494004e-02,8.380124166889306447e-02,1.355851515786871408e-01,2.560486432227970788e-01,-8.318124152045582032e-02,-6.084791786940138558e-02,-1.795294799752375492e-01,-2.037463483135947551e-01,-1.609489560423310872e-01,4.588507762145524471e-01,-2.417906819420591324e-01,1.107038944304166578e-01,-4.870623245191457729e-02,0.000000000000000000e+00,0.000000000000000000e+00,-3.649948378395778681e-01,4.600052034260694866e-01,-2.547022818055797444e-01,5.418820336711119845e-01,0.000000000000000000e+00,0.000000000000000000e+00,0.000000000000000000e+00,-4.127289178453980578e-01,-5.152179810905216373e-01,4.222827340540447616e-01,6.836515692885467566e-01,0.000000000000000000e+00,0.000000000000000000e+00,0.000000000000000000e+00
1.975919466926180298e-02,-3.428369857516615909e-02,8.987218915793706575e-01,3.204994629099634784e-02,-2.360339072858860365e-03,5.061399479954595826e-01,8.618524135751773896e-01,-8.744299031913513320e-02,8.529357070366089255e-02,1.385877560371204797e-01,2.420188026999834652e-01,-7.805068592810014694e-02,-6.095874794021712700e-02,-1.789572143588685216e-01,-2.001931225636145451e-01,-1.616887858781932419e-01,4.432237930768970768e-01,-2.315315910532581289e-01,1.109925904142767122e-01,-5.259233516096474548e-02,0.000000000000000000e+00,0.000000000000000000e+00,-3.705193908726425733e-01,4.578392251782095745e-01,-2.457941092712382092e-01,5.343302179240927430e-01,0.000000000000000000e+00,0.000000000000000000e+00,0.000000000000000000e+00,-4.249582311069313723e-01,-5.297986292554294208e-01,4.069532708129560139e-01,6.542818761894129143e-01,0.000000000000000000e+00,0.000000000000000000e+00,0.000000000000000000e+00
1.938052534850187927e-02,-3.316911598124120536e-02,8.983077632992643169e-01,3.402630538984581510e-02,-5.242431199639121728e-03,5.052975561161008322e-01,8.622581442002910102e-01,-8.456809782939447850e-02,8.493417227839698824e-02,1.403558199596908751e-01,2.559524137859846560e-01,-8.706942367564309004e-02,-5.905145806868056929e-02,-1.752209224643924146e-01,-2.019610891085222848e-01,-1.579596939340834338e-01,4.526601516035581030e-01,-2.353271160706726095e-01,1.117380787808113507e-01,-5.515167543664800665e-02,0.000000000000000000e+00,0.000000000000000000e+00,-3.642881105066047565e-01,4.488339867723075693e-01,-2.353384242791918268e-01,5.244119848282021712e-01,0.000000000000000000e+00,0.000000000000000000e+00,0.000000000000000000e+00,-4.332445491346030852e-01,-5.419492272178101366e-01,3.877736406863735996e-01,6.364628573246279286e-01,0.000000000000000000e+00,0.000000000000000000e+00,0.000000000000000000e+00
1.874436587695169076e-02,-3.236564204328250954e-02,8.989941098919641549e-01,3.209533703506774194e-02,-5.809468891003530429e-03,5.049531228892493173e-01,8.625302795242638654e-01,-7.996573178501176216e-02,8.835985133902211908e-02,1.427159518998989962e-01,2.454247776496800426e-01,-8.167145430777950077e-02,-6.144919880351026875e-02,-1.673241790940796225e-01,-1.967767411473634598e-01,-1.591869895913028410e-01,4.338568279941346639e-01,-2.224791088828897423e-01,1.137877014276435228e-01,-5.688526710511564860e-02,0.000000000000000000e+00,0.000000000000000000e+00,-3.717623623593223070e-01,4.440916209598938513e-01,-2.302424682071437523e-01,5.206238717857378795e-01,0.000000000000000000e+00,0.000000000000000000e+00,0.000000000000000000e+00,-4.490117130855639793e-01,-5.559038111055016884e-01,3.751715465081547629e-01,6.099757192579027265e-01,0.000000000000000000e+00,0.000000000000000000e+00,0.000000000000000000e+00
1.814074001034726366e-02,-3.142690269772729222e-02,8.987559183921309813e-01,3.299905514954360602e-02,-7.947268301167076041e-03,5.044983067091279860e-01,8.627452473432751789e-01,-7.801728125017849680e-02,8.945613736940760674e-02,1.461438681859897337e-01,2.549576710785385614e-01,-8.800235388971547335e-02,-6.203839268950374353e-02,-1.637990075727857597e-01,-1.978096060897737429e-01,-1.578845410503885438e-01,4.382705387683326625e-01,-2.236085536408304875e-01,1.182252788309794134e-01,-5.850196006438822260e-02,0.000000000000000000e+00,0.000000000000000000e+00,-3.697555708451885637e-01,4.394169691849426629e-01,-2.256245238740783032e-01,5.122019731138957033e-01,0.000000000000000000e+00,0.000000000000000000e+00,0.000000000000000000e+00,-4.599533306136959765e-01,-5.731704631714366061e-01,3.725200061712898303e-01,5.843410788669939349e-01,0.000000000000000000e+00,0.000000000000000000e+00,0.000000000000000000e+00
1.742111344759360650e-02,-3.080354067751726183e-02,8.986733301429173926e-01,3.319751958961474070e-02,-9.740123159472003148e-03,5.037477356799728856e-01,8.631577338419876844e-01,-7.717175198532381930e-02,9.110641259685871296e-02,1.482310425557587796e-01,2.623852572336596300e-01,-9.162162784427049789e-02,-6.158818375355497310e-02,-1.609657860638580296e-01,-1.963463567306222290e-01,-1.547891169275217860e-01,4.387501407546078869e-01,-2.199250047721141577e-01,1.186244792615943344e-01,-5.887326797866908323e-02,0.000000000000000000e+00,0.000000000000000000e+00,-3.739763660762842612e-01,4.349859095779962659e-01,-2.192499516228881562e-01,5.043207231768349619e-01,0.000000000000000000e+00,0.000000000000000000e+00,0.000000000000000000e+00,-4.791929365603349034e-01,-5.892375796239694985e-01,3.652878673760985850e-01,5.641836021975209503e-01,0.000000000000000000e+00,0.000000000000000000e+00,0.000000000000000000e+00
1.685216580303927625e-02,-3.026248205694230878e-02,8.987532874649598602e-01,3.312019527409356540e-02,-1.021372811480232221e-02,5.034942595346544314e-01,8.633031119129903619e-01,-7.596603488988278030e-02,9.120773049735006466e-02,1.495899810911356931e-01,2.624968964535385196e-01,-9.133021547720837630e-02,-6.204593992297854216e-02,-1.596011151094259284e-01,-1.954676673707223533e-01,-1.522415632391402318e-01,4.371782170397686684e-01,-2.171433354170952124e-01,1.176165712039014821e-01,-5.991846031642791143e-02,0.000000000000000000e+00,0.000000000000000000e+00,-3.811039680896267101e-01,4.339884173249421440e-01,-2.161291225066094557e-01,4.968181130607390861e-01,0.000000000000000000e+00,0.000000000000000000e+00,0.000000000000000000e+00,-4.995269688615918691e-01,-6.091009063985838301e-01,3.654697346304422445e-01,5.410736117842553927e-01,0.000000000000000000e+00,0.000000000000000000e+00,0.000000000000000000e+00
1.624688677861075084e-02,-2.988068157170916186e-02,8.989826893922076012e-01,3.287974389734785174e-02,-1.100203135873076277e-02,5.030615597809620088e-01,8.635548302325521952e-01,-7.348481640555572236e-02,9.210714713103387852e-02,1.516621255396840839e-01,2.604645624805402848e-01,-8.923457258110155388e-02,-6.214645704354090222e-02,-1.566014101414079374e-01,-1.948610093226435525e-01,-1.529197607184237528e-01,4.329832488325353612e-01,-2.125467494432330684e-01,1.190252464144678918e-01,-5.887156877177220776e-02,0.000000000000000000e+00,0.000000000000000000e+00,-3.913639162139412320e-01,4.335140669873022157e-01,-2.187901575648944219e-01,4.869144824396094418e-01,0.000000000000000000e+00,0.000000000000000000e+00,0.000000000000000000e+00,-5.212066859459274504e-01,-6.300617742483120010e-01,3.646263058288824466e-01,5.225298440852276238e-01,0.000000000000000000e+00,0.000000000000000000e+00,0.000000000000000000e+00
1.574571544358186956e-02,-2.954346101561111659e-02,8.991351667230128575e-01,3.272074339752821526e-02,-1.154139715550657128e-02,5.034021516526803186e-01,8.633553282482615554e-01,-7.206738976989340850e-02,9.217523077606165627e-02,1.519502749842410183e-01,2.592899322657468142e-01,-8.895378242979286310e-02,-6.163006156980534861e-02,-1.551235473297235545e-01,-1.938723443906630317e-01,-1.513080328691266963e-01,4.315698056959468287e-01,-2.090677933599562333e-01,1.176394742666411614e-01,-5.860200956151225687e-02,0.000000000000000000e+00,0.000000000000000000e+00,-4.035790483960859931e-01,4.329039325142164940e-01,-2.193257066652010978e-01,4.757883668698372204e-01,0.000000000000000000e+00,0.000000000000000000e+00,0.000000000000000000e+00,-5.436696992489682412e-01,-6.444990836331775386e-01,3.637329354450745678e-01,5.115332123403726339e-01,0.000000000000000000e+00,0.000000000000000000e+00,0.000000000000000000e+00
1.530236084231569212e-02,-2.942211102727337532e-02,8.991944164581231469e-01,3.298309932800343180e-02,-1.280648356303313098e-02,5.032933518330031664e-01,8.633909376048426454e-01,-6.986443596346819662e-02,9.290385814506638140e-02,1.527458687508626012e-01,2.600960212493454438e-01,-8.793089001980089470e-02,-6.220289559846812338e-02,-1.530401895546180946e-01,-1.929593086248765632e-01,-1.500681152325399892e-01,4.319695858377796682e-01,-2.062664836305657112e-01,1.154330456327812837e-01,-5.797596862827950059e-02,0.000000000000000000e+00,0.000000000000000000e+00,-4.160263858898701761e-01,4.339848210331158085e-01,-2.170954048759390909e-01,4.627878749184280438e-01,0.000000000000000000e+00,0.000000000000000000e+00,0.000000000000000000e+00,-5.692107112286198811e-01,-6.588204633092734630e-01,3.635278195645518240e-01,4.965127973986762089e-01,0.000000000000000000e+00,0.000000000000000000e+00,0.000000000000000000e+00
1.496873769009838054e-02,-2.930290795769834727e-02,8.992712370203834737e-01,3.276242330034121603e-02,-1.309161560966284193e-02,5.035075202264616134e-01,8.632701838333215472e-01,-6.957793982413307265e-02,9.381736100454482474e-02,1.549025734739647997e-01,2.603138195667424326e-01,-8.809441958472372103e-02,-6.294203074624615812e-02,-1.531062918464948519e-01,-1.920969237766582682e-01,-1.483334486361561066e-01,4.322074532739302866e-01,-2.035077251481210436e-01,1.167114677688156910e-01,-5.807628508900999215e-02,0.000000000000000000e+00,0.000000000000000000e+00,-4.306253681430473601e-01,4.373243156657060093e-01,-2.160836476147002805e-01,4.449454041314001018e-01,0.000000000000000000e+00,0.000000000000000000e+00,0.000000000000000000e+00,-5.894329013129435690e-01,-6.739833540930805222e-01,3.704580993941040123e-01,4.796262017114907295e-01,0.000000000000000000e+00,0.000000000000000000e+00,0.000000000000000000e+00
1.463210575839712577e-02,-2.935472409300782584e-02,8.992559055593901673e-01,3.288090502542136140e-02,-1.438173384576518429e-02,5.044232154421524061e-01,8.627103984184367746e-01,-6.961426359477944359e-02,9.498120358340034208e-02,1.540872037335404565e-01,2.642320866865955908e-01,-8.904856361774608764e-02,-6.322061344512004688e-02,-1.500380326299079747e-01,-1.916153590955744779e-01,-1.498809529218632641e-01,4.314961537126483782e-01,-2.005435232134355761e-01,1.162367400680521384e-01,-5.766923101465245421e-02,0.000000000000000000e+00,0.000000000000000000e+00,-4.481216556545893903e-01,4.404003362329662608e-01,-2.174625432842232642e-01,4.296812494509748559e-01,0.000000000000000000e+00,0.000000000000000000e+00,0.000000000000000000e+00,-6.124524545545775300e-01,-6.867070362831595443e-01,3.749276654894039273e-01,4.670379347380346768e-01,0.000000000000000000e+00,0.000000000000000000e+00,0.000000000000000000e+00
1.445769438053235052e-02,-2.937879603651351312e-02,8.990800979443688279e-01,3.339803089244631346e-02,-1.545042401003849687e-02,5.041177323150231038e-01,8.628506057806156759e-01,-6.848994823332596460e-02,9.495562086338590890e-02,1.524766565615134628e-01,2.670507488464078927e-01,-9.073031238542181298e-02,-6.462879234609260337e-02,-1.489691039788881011e-01,-1.908482431423546011e-01,-1.476877540525219912e-01,4.338992886621992340e-01,-2.025073590215125119e-01,1.128459068142902560e-01,-5.776463395987840171e-02,0.000000000000000000e+00,0.000000000000000000e+00,-4.629763103161315674e-01,4.450119183399078859e-01,-2.117763200573810067e-01,4.080402926827669807e-01,0.000000000000000000e+00,0.000000000000000000e+00,0.000000000000000000e+00,-6.318733880595372998e-01,-6.965861935688049122e-01,3.705430770866620649e-01,4.526006722390445436e-01,0.000000000000000000e+00,0.000000000000000000e+00,0.000000000000000000e+00
1.430210794927752604e-02,-2.931514583470913593e-02,8.990654551093831826e-01,3.361087681433812951e-02,-1.647226214565570765e-02,5.041183021291136823e-01,8.628231052759514075e-01,-6.732358765329210515e-02,9.575386065251718926e-02,1.524262758908290216e-01,2.691412837003740455e-01,-9.104159005332985999e-02,-6.519985441969795847e-02,-1.471994459063309668e-01,-1.898792102391791414e-01,-1.463832212691043855e-01,4.344352732567867692e-01,-2.008084272951134730e-01,1.132579676204383129e-01,-5.747250708916167017e-02,0.000000000000000000e+00,0.000000000000000000e+00,-4.754450516003829730e-01,4.490905714769363732e-01,-2.080068486426570051e-01,3.892548387439397350e-01,0.000000000000000000e+00,0.000000000000000000e+00,0.000000000000000000e+00,-6.521822234894435466e-01,-7.084151160587125462e-01,3.648962418430432564e-01,4.384913993320032621e-01,0.000000000000000000e+00,0.000000000000000000e+00,0.000000000000000000e+00
1.417321183455531181e-02,-2.925878398345166387e-02,8.990960388189281893e-01,3.397406930537225783e-02,-1.785618028488517722e-02,5.049955752079067217e-01,8.622681650512804552e-01,-6.496445829111421877e-02,9.671783592542794461e-02,1.518390941944169070e-01,2.696970786689092403e-01,-9.006751760619717551e-02,-6.926846438057410182e-02,-1.430465519643510375e-01,-1.896457791851060282e-01,-1.485020101550563187e-01,4.333830347738287792e-01,-1.993315211392347464e-01,1.116401308084120220e-01,-5.616009208198727981e-02,0.000000000000000000e+00,0.000000000000000000e+00,-4.868829996450952935e-01,4.540834519368828759e-01,-2.057101982538843687e-01,3.728246027627033499e-01,0.000000000000000000e+00,0.000000000000000000e+00,0.000000000000000000e+00,-6.739174835381739337e-01,-7.268638087740424414e-01,3.696663719815051485e-01,4.311516287448227680e-01,0.000000000000000000e+00,0.000000000000000000e+00,0.000000000000000000e+00
1.404854318817095465e-02,-2.902060375959570823e-02,8.991943408628150225e-01,3.382387558381475673e-02,-1.863128851665095398e-02,5.050988915066060292e-01,8.621971528180178979e-01,-6.218148360059581881e-02,9.753174992394288145e-02,1.517203789830149363e-01,2.673121205144139978e-01,-9.059480714409892665e-02,-7.148841168850939010e-02,-1.406744882519035122e-01,-1.881653102503884067e-01,-1.477440798295739377e-01,4.315175651869268547e-01,-1.971301884332713472e-01,1.112940176415059546e-01,-5.419488888091937573e-02,0.000000000000000000e+00,0.000000000000000000e+00,-4.955868181851999510e-01,4.573485970432003000e-01,-2.015178273863018343e-01,3.556384183164161827e-01,0.000000000000000000e+00,0.000000000000000000e+00,0.000000000000000000e+00,-7.021188244463101302e-01,-7.451486902449511174e-01,3.728256468342949770e-01,4.276552674780636498e-01,0.000000000000000000e+00,0.000000000000000000e+00,0.000000000000000000e+00
1.397220345817273314e-02,-2.872762293166670339e-02,8.992521588681030575e-01,3.409265512464459968e-02,-1.924751774552503278e-02,5.063741959906437051e-01,8.614246325489047784e-01,-6.001322661472408004e-02,9.773144420444013214e-02,1.528508502393277624e-01,2.657391837146646507e-01,-9.020779840386553006e-02,-7.304285978756688835e-02,-1.374312933316701180e-01,-1.885508483058890572e-01,-1.490662554276617757e-01,4.296420774660343889e-01,-1.949889907283142709e-01,1.112745144933941221e-01,-5.255850083651598947e-02,0.000000000000000000e+00,0.000000000000000000e+00,-5.029020103859147550e-01,4.608610522618686867e-01,-2.034948959185076123e-01,3.424471208831206814e-01,0.000000000000000000e+00,0.000000000000000000e+00,0.000000000000000000e+00,-7.281098747285151829e-01,-7.681270057763186498e-01,3.810481621556353615e-01,4.215782804297071862e-01,0.000000000000000000e+00,0.000000000000000000e+00,0.000000000000000000e+00
1.391824701018889998e-02,-2.837774635094707232e-02,8.993961201537382655e-01,3.433485309471791258e-02,-1.974525527840660655e-02,5.074020935239823560e-01,8.607986746298074143e-01,-5.713376039708108201e-02,9.743177964916321931e-02,1.524660700168120053e-01,2.623291509045215797e-01,-8.821708333483370412e-02,-7.713527719961200957e-02,-1.339298963153363053e-01,-1.889486003223992683e-01,-1.508686638943571023e-01,4.269894323642119960e-01,-1.936077572427092608e-01,1.093487834659744307e-01,-5.115180302798323642e-02,0.000000000000000000e+00,0.000000000000000000e+00,-5.057779663751522659e-01,4.629628784968856658e-01,-2.053737467634675906e-01,3.294193292904833426e-01,0.000000000000000000e+00,0.000000000000000000e+00,0.000000000000000000e+00,-7.550518773496183167e-01,-7.877139886278986536e-01,3.885412183281524157e-01,4.235493698150576969e-01,0.000000000000000000e+00,0.000000000000000000e+00,0.000000000000000000e+00
1.382903135891703182e-02,-2.804894628677441146e-02,8.995031663588241022e-01,3.458861819344048044e-02,-2.019630542530618383e-02,5.070239098694008240e-01,8.610008661780662598e-01,-5.379782333644818337e-02,9.763496873922981878e-02,1.550772130538186910e-01,2.590923577013082291e-01,-8.676829439962399637e-02,-7.840090033830292293e-02,-1.325383826890272621e-01,-1.883403987042364669e-01,-1.485683833084890382e-01,4.258793393650417980e-01,-1.910003751942727368e-01,1.083430284188199033e-01,-4.979246025602201281e-02,0.000000000000000000e+00,0.000000000000000000e+00,-5.060761616296606258e-01,4.629382247583982979e-01,-2.023008519519576276e-01,3.183097850509643556e-01,0.000000000000000000e+00,0.000000000000000000e+00,0.000000000000000000e+00,-7.811033021663286169e-01,-8.037730940766303345e-01,3.957075770998622066e-01,4.250178358313133620e-01,0.000000000000000000e+00,0.000000000000000000e+00,0.000000000000000000e+00
1.383904621438471205e-02,-2.769438116733521915e-02,8.996418154211097695e-01,3.451563108340235941e-02,-1.991153917937193984e-02,5.074414514589224989e-01,8.607644132744355359e-01,-5.260508240836409000e-02,9.730466220264112620e-02,1.563865596049247575e-01,2.562428614960914341e-01,-8.660068081989405475e-02,-7.905124215186661030e-02,-1.315935534849391464e-01,-1.885943843144332055e-01,-1.486004528588481255e-01,4.236019871266251124e-01,-1.887045448628269229e-01,1.090146552597958118e-01,-4.681806522535911924e-02,0.000000000000000000e+00,0.000000000000000000e+00,-5.073829369147695445e-01,4.675763949146917176e-01,-2.088417916077177083e-01,3.071274013436445238e-01,0.000000000000000000e+00,0.000000000000000000e+00,0.000000000000000000e+00,-8.088763551553282971e-01,-8.252602337527837895e-01,4.123356294546237089e-01,4.263166039797483542e-01,0.000000000000000000e+00,0.000000000000000000e+00,0.000000000000000000e+00
1.386357551927120541e-02,-2.746020455253910669e-02,8.996930540961813882e-01,3.513188451445205945e-02,-2.064297294152126969e-02,5.082850639796087089e-01,8.602243382361615121e-01,-4.950147859255574906e-02,9.680386865039519728e-02,1.566842553491455958e-01,2.539264704938016814e-01,-8.487629895355970622e-02,-8.011586799401328174e-02,-1.283098197550056607e-01,-1.894324814505558008e-01,-1.497532679008932999e-01,4.225425739854204998e-01,-1.875069895226007810e-01,1.089091725005342792e-01,-4.677563523291126263e-02,0.000000000000000000e+00,0.000000000000000000e+00,-5.079723359515175840e-01,4.697660008830211176e-01,-2.141388317675663178e-01,3.004694767863541616e-01,0.000000000000000000e+00,0.000000000000000000e+00,0.000000000000000000e+00,-8.307286992240036083e-01,-8.386542596870183441e-01,4.199047757401090375e-01,4.256644559944060546e-01,0.000000000000000000e+00,0.000000000000000000e+00,0.000000000000000000e+00
1.408494758480359141e-02,-2.723341349418998206e-02,8.997362156770956076e-01,3.547213581082740014e-02,-2.064380500850765410e-02,5.085757636544397942e-01,8.600385186252361702e-01,-4.741551310459923146e-02,9.576566438669860404e-02,1.554585007686455356e-01,2.505962818176065143e-01,-8.241877642262172843e-02,-8.217672265542756704e-02,-1.270492156673082018e-01,-1.903125252176490478e-01,-1.509471957226489469e-01,4.220259424669913773e-01,-1.876865905378788946e-01,1.077586398867442508e-01,-4.546961653900303407e-02,0.000000000000000000e+00,0.000000000000000000e+00,-5.088175534051520010e-01,4.728717867504741990e-01,-2.171973153381544230e-01,2.975412604452147836e-01,0.000000000000000000e+00,0.000000000000000000e+00,0.000000000000000000e+00,-8.522513327121570281e-01,-8.500316976572738215e-01,4.265657114322142784e-01,4.276157494345464438e-01,0.000000000000000000e+00,0.000000000000000000e+00,0.000000000000000000e+00
1.442379711849076790e-02,-2.697147639296236174e-02,8.997974318444343922e-01,3.535175801973361454e-02,-2.007438799213893954e-02,5.079407968089626468e-01,8.604321118419102632e-01,-4.533210904034819244e-02,9.524678672978038885e-02,1.555985074397037426e-01,2.452062210176938206e-01,-7.947943283485071897e-02,-8.420584342435843972e-02,-1.277332889121089998e-01,-1.900562518209923668e-01,-1.500792891009422314e-01,4.212758762243996036e-01,-1.883390834705818140e-01,1.069680192815221226e-01,-4.422276863752476472e-02,0.000000000000000000e+00,0.000000000000000000e+00,-5.088069159041537226e-01,4.787967004435325080e-01,-2.195942252580623533e-01,2.917431085733591667e-01,0.000000000000000000e+00,0.000000000000000000e+00,0.000000000000000000e+00,-8.759802265265905774e-01,-8.606215059541353352e-01,4.391587339187777439e-01,4.301404271008671953e-01,0.000000000000000000e+00,0.000000000000000000e+00,0.000000000000000000e+00
1.485783985767170044e-02,-2.681383898013135064e-02,8.998177802987675777e-01,3.561933753076568926e-02,-1.974343532563935244e-02,5.081840702112013775e-01,8.602850750413996161e-01,-4.353943723190006887e-02,9.426874615248111156e-02,1.551580932336474317e-01,2.412975511443636312e-01,-7.760824386022328880e-02,-8.445178848268099225e-02,-1.279690583468025278e-01,-1.905026830679549255e-01,-1.498559456954999258e-01,4.222258664610027412e-01,-1.896023381148939368e-01,1.048654212346857434e-01,-4.372212572362578487e-02,0.000000000000000000e+00,0.000000000000000000e+00,-5.098559881631762325e-01,4.862641344132215826e-01,-2.257478016052660852e-01,2.881363722473290756e-01,0.000000000000000000e+00,0.000000000000000000e+00,0.000000000000000000e+00,-8.994403083664189724e-01,-8.668539552082559219e-01,4.476706060046463098e-01,4.348117800144310485e-01,0.000000000000000000e+00,0.000000000000000000e+00,0.000000000000000000e+00
1.538610077147500518e-02,-2.665161706992770149e-02,8.998233542122905382e-01,3.571592173901948220e-02,-1.942139104072548167e-02,5.074940054432185432e-01,8.606956587223920652e-01,-4.219285496543351277e-02,9.403380552707783779e-02,1.553683443125379871e-01,2.387291048796642834e-01,-7.495524357779206892e-02,-8.402742690196489395e-02,-1.294690633640778188e-01,-1.897710187130174364e-01,-1.473346829207192732e-01,4.239935582863705310e-01,-1.897004592044711224e-01,1.028441087871868331e-01,-4.264127227088033989e-02,0.000000000000000000e+00,0.000000000000000000e+00,-5.107456293505492351e-01,4.969137292147364771e-01,-2.338798568060319605e-01,2.839331894531516576e-01,0.000000000000000000e+00,0.000000000000000000e+00,0.000000000000000000e+00,-9.272628038201327083e-01,-8.762192791145980708e-01,4.681818644975986321e-01,4.381436235375640309e-01,0.000000000000000000e+00,0.000000000000000000e+00,0.000000000000000000e+00
1.599755063193021923e-02,-2.648460733679996321e-02,8.998326332898811675e-01,3.577511896913611322e-02,-1.896910115359205437e-02,5.070719642559068374e-01,8.609519946720746164e-01,-4.109934989329833144e-02,9.395906471825833661e-02,1.560749902721630111e-01,2.362922140978329644e-01,-7.343882849703058102e-02,-8.407941141108288274e-02,-1.304838338532719189e-01,-1.898349526932316955e-01,-1.471521345241764978e-01,4.250138976708898730e-01,-1.897869741138324406e-01,1.018074356699652516e-01,-4.069272404794178205e-02,0.000000000000000000e+00,0.000000000000000000e+00,-5.127424482506273140e-01,5.090213329369575046e-01,-2.446177918401183649e-01,2.784651435701424593e-01,0.000000000000000000e+00,0.000000000000000000e+00,0.000000000000000000e+00,-9.597795381818841065e-01,-8.847292366267269781e-01,4.903046397641435683e-01,4.456093703609212975e-01,0.000000000000000000e+00,0.000000000000000000e+00,0.000000000000000000e+00
1.668500372092023357e-02,-2.630467191329548607e-02,8.998641889058779375e-01,3.564323788937581033e-02,-1.849956450013688636e-02,5.064901024424014464e-01,8.613101078206103489e-01,-4.000230792656859352e-02,9.416159399833608223e-02,1.561699648725247136e-01,2.339500030443052159e-01,-7.317034164501182159e-02,-8.479501815636240891e-02,-1.316900637875992874e-01,-1.890070780827943220e-01,-1.461045473540266149e-01,4.262331844054166874e-01,-1.914771316467030471e-01,1.004061804015962123e-01,-3.943748373306524974e-02,0.000000000000000000e+00,0.000000000000000000e+00,-5.149198453356138572e-01,5.205968254232911097e-01,-2.513802696509596646e-01,2.710607042518731746e-01,0.000000000000000000e+00,0.000000000000000000e+00,0.000000000000000000e+00,-9.964733119794743077e-01,-8.947987788385617369e-01,5.198902585318424530e-01,4.488173205892465045e-01,0.000000000000000000e+00,0.000000000000000000e+00,0.000000000000000000e+00
1.740768944903896623e-02,-2.617396844410263199e-02,8.998589645163044271e-01,3.579517441445607961e-02,-1.805245282484025521e-02,5.055559550478933017e-01,8.618619325340093340e-01,-3.813140814928563105e-02,9.405751381812625656e-02,1.570109298383363661e-01,2.305390322878934084e-01,-7.071501283692727124e-02,-8.570524267170603894e-02,-1.328226537010038788e-01,-1.887526902642493176e-01,-1.451692400046400988e-01,4.272183878051168393e-01,-1.920306906635697031e-01,9.846085380499086659e-02,-3.822568875115852499e-02,0.000000000000000000e+00,0.000000000000000000e+00,-5.187715351474470049e-01,5.340225015504298511e-01,-2.601582592334283350e-01,2.621754374728860748e-01,0.000000000000000000e+00,0.000000000000000000e+00,0.000000000000000000e+00,-1.039174258584720567e+00,-9.014743978157476745e-01,5.486208858478802686e-01,4.534074874109506048e-01,0.000000000000000000e+00,0.000000000000000000e+00,0.000000000000000000e+00
1.813134774367018004e-02,-2.611488633806292176e-02,8.998720900890139207e-01,3.582750512905547025e-02,-1.802138939295318959e-02,5.057677813328539385e-01,8.617369498670788275e-01,-3.717798546553464228e-02,9.473502495408234192e-02,1.568377078897124077e-01,2.293911031472180562e-01,-6.963384697928082234e-02,-8.710427304778904645e-02,-1.323674586076524495e-01,-1.878512649167905779e-01,-1.449889610929906425e-01,4.274806921471576704e-01,-1.918547845842648869e-01,9.717566934258999034e-02,-3.779117936045006676e-02,0.000000000000000000e+00,0.000000000000000000e+00,-5.267039117857710284e-01,5.494635037024547808e-01,-2.692040859885850290e-01,2.526379790267795911e-01,0.000000000000000000e+00,0.000000000000000000e+00,0.000000000000000000e+00,-1.086810225420712372e+00,-9.155922202465773818e-01,5.887335149418693181e-01,4.526965869483858262e-01,0.000000000000000000e+00,0.000000000000000000e+00,0.000000000000000000e+00
1.881459885276450320e-02,-2.617040531750619570e-02,8.998726757282127231e-01,3.636443997428001618e-02,-1.829987155035864635e-02,5.071134578218979838e-01,8.609173497511328765e-01,-3.594416745284415710e-02,9.456926082093750074e-02,1.557439011403457529e-01,2.284587127944865959e-01,-6.773509410598599345e-02,-8.778026597077678850e-02,-1.310724444370055530e-01,-1.883273962835392834e-01,-1.465717135559699846e-01,4.292915543331532469e-01,-1.912999311522619039e-01,9.388528853478074476e-02,-3.816136837667583742e-02,0.000000000000000000e+00,0.000000000000000000e+00,-5.403813597351381226e-01,5.648016631102786844e-01,-2.789275174969621518e-01,2.426015806937844854e-01,0.000000000000000000e+00,0.000000000000000000e+00,0.000000000000000000e+00,-1.135552884689317477e+00,-9.292154389529673209e-01,6.224144805369710154e-01,4.506808833802949388e-01,0.000000000000000000e+00,0.000000000000000000e+00,0.000000000000000000e+00
1.946141346131604818e-02,-2.624818994189173638e-02,8.998253163879506022e-01,3.695160294473760765e-02,-1.872309171792328752e-02,5.077266233621452463e-01,8.605217607972560634e-01,-3.401362882058174553e-02,9.465612204609591407e-02,1.553619159922947079e-01,2.275104165345617491e-01,-6.642277321433048831e-02,-8.959503726930730105e-02,-1.291644163797463496e-01,-1.888342649012181851e-01,-1.481907360555337339e-01,4.300432691029902332e-01,-1.919935911703400666e-01,9.385087916491638427e-02,-3.897993201914591588e-02,0.000000000000000000e+00,0.000000000000000000e+00,-5.603548150239172632e-01,5.833575533611039532e-01,-2.889521322296353945e-01,2.285871466927893170e-01,0.000000000000000000e+00,0.000000000000000000e+00,0.000000000000000000e+00,-1.180456017044741346e+00,-9.357411271889347626e-01,6.474184787748143988e-01,4.471690360467452940e-01,0.000000000000000000e+00,0.000000000000000000e+00,0.000000000000000000e+00
2.012644512677718225e-02,-2.636205054958947955e-02,8.997196811798455762e-01,3.728983750034364081e-02,-1.847463809241484123e-02,5.088064621541722454e-01,8.598744907465891707e-01,-3.399180551546922280e-02,9.380652638855081771e-02,1.521710732064717464e-01,2.264709577779870919e-01,-6.563757996018457219e-02,-9.163675084087999356e-02,-1.287120996387108862e-01,-1.899765099786133726e-01,-1.510810881020028806e-01,4.312407806796512144e-01,-1.945241463420979144e-01,9.237831675743417292e-02,-4.001861456613572260e-02,0.000000000000000000e+00,0.000000000000000000e+00,-5.869547990590268105e-01,6.017000504074144773e-01,-2.970689874313202639e-01,2.092695065677606103e-01,0.000000000000000000e+00,0.000000000000000000e+00,0.000000000000000000e+00,-1.220683621580677336e+00,-9.439003871431518311e-01,6.711018839059066377e-01,4.422723900525986074e-01,0.000000000000000000e+00,0.000000000000000000e+00,0.000000000000000000e+00
2.077334992645622422e-02,-2.650731469575275459e-02,8.997214936142030606e-01,3.736439324131607398e-02,-1.830253370527882076e-02,5.094994324562364119e-01,8.594645121844456392e-01,-3.390412275203806558e-02,9.349391865239431443e-02,1.494086679281111663e-01,2.252464688120557612e-01,-6.437529425810040173e-02,-9.115723776376515042e-02,-1.282212642912368417e-01,-1.900533657933621556e-01,-1.531712624388923971e-01,4.311590278910453211e-01,-1.945282368765827996e-01,9.043226007754177898e-02,-3.741590152947297382e-02,0.000000000000000000e+00,0.000000000000000000e+00,-6.202793395928523079e-01,6.228717490856838790e-01,-3.102284412002088154e-01,1.909896630737394074e-01,0.000000000000000000e+00,0.000000000000000000e+00,0.000000000000000000e+00,-1.265350133297957091e+00,-9.544597389621910510e-01,7.011636946525799940e-01,4.445685583024664989e-01,0.000000000000000000e+00,0.000000000000000000e+00,0.000000000000000000e+00
2.131547645048500680e-02,-2.675574382512863753e-02,8.997784157704662444e-01,3.730373318527942239e-02,-1.849569607431174323e-02,5.107332941172773033e-01,8.587303668773345056e-01,-3.412237920061347157e-02,9.446665311591727343e-02,1.485434697958424588e-01,2.251169130903186988e-01,-6.322342333295968841e-02,-9.106698972045523810e-02,-1.266335079392784391e-01,-1.897621315477717452e-01,-1.562892731085458731e-01,4.297785218942731800e-01,-1.914955591347645703e-01,8.921922932801018558e-02,-3.510963416860864161e-02,0.000000000000000000e+00,0.000000000000000000e+00,-6.573655090273512469e-01,6.419815394603134440e-01,-3.241660075736804703e-01,1.736491927908428157e-01,0.000000000000000000e+00,0.000000000000000000e+00,0.000000000000000000e+00,-1.308979666720114121e+00,-9.596280250548849811e-01,7.284776075034042897e-01,4.540022405276326056e-01,0.000000000000000000e+00,0.000000000000000000e+00,0.000000000000000000e+00
2.191371273898208225e-02,-2.699226218549257914e-02,8.998781888517718430e-01,3.698662686125693544e-02,-1.806070109729368198e-02,5.112574178256870105e-01,8.584414093154580927e-01,-3.454208226004373133e-02,9.471013923839237403e-02,1.464095379470591041e-01,2.230617800845738075e-01,-6.177285941427135968e-02,-9.097070969812628971e-02,-1.261467648832540756e-01,-1.887437116781804092e-01,-1.575223052078138508e-01,4.270659054083107975e-01,-1.900539362695677637e-01,8.790596088587085410e-02,-3.145372099940527827e-02,0.000000000000000000e+00,0.000000000000000000e+00,-6.953810047071556921e-01,6.616718461142194752e-01,-3.387925093937745324e-01,1.580127844560862693e-01,0.000000000000000000e+00,0.000000000000000000e+00,0.000000000000000000e+00,-1.356788981568795904e+00,-9.659545401907269069e-01,7.580307014363772966e-01,4.648363537747670082e-01,0.000000000000000000e+00,0.000000000000000000e+00,0.000000000000000000e+00
2.242825053426353993e-02,-2.734563769737091699e-02,8.998897340055886929e-01,3.699683655274529914e-02,-1.785325993638601366e-02,5.120888498235037778e-01,8.579495935549902308e-01,-3.374144014795560365e-02,9.493698667514122169e-02,1.454641991840127935e-01,2.194511441469711444e-01,-5.968923371365691954e-02,-9.317784816246868496e-02,-1.249908257830891212e-01,-1.891566475951241555e-01,-1.612037112229233737e-01,4.251598830464903278e-01,-1.903349681306828189e-01,8.712183930948794175e-02,-3.011085235957357970e-02,0.000000000000000000e+00,0.000000000000000000e+00,-7.299461132884823567e-01,6.810215943594876142e-01,-3.528410326203905711e-01,1.445314821783053039e-01,0.000000000000000000e+00,0.000000000000000000e+00,0.000000000000000000e+00,-1.400239656561085066e+00,-9.719192176011579587e-01,7.768379233247881821e-01,4.741723367489363294e-01,0.000000000000000000e+00,0.000000000000000000e+00,0.000000000000000000e+00
2.296534379718445651e-02,-2.775606959464854348e-02,8.999656050503758165e-01,3.655137911137108092e-02,-1.774906644944938827e-02,5.122771640010747030e-01,8.578584233824626537e-01,-3.322176687987756644e-02,9.616601527575190100e-02,1.443625161587411276e-01,2.162990609096197558e-01,-5.778693655266425172e-02,-9.395211432496269888e-02,-1.241667873615439482e-01,-1.877233524064686465e-01,-1.633606851238346147e-01,4.224811150593013043e-01,-1.902988525620127602e-01,8.615682801356598641e-02,-2.769157935599666359e-02,0.000000000000000000e+00,0.000000000000000000e+00,-7.604808989021234478e-01,6.980145092739497015e-01,-3.613466595097111766e-01,1.347791163488805122e-01,0.000000000000000000e+00,0.000000000000000000e+00,0.000000000000000000e+00,-1.441756695415491896e+00,-9.780487042189617286e-01,7.980418727951538171e-01,4.819453579956018419e-01,0.000000000000000000e+00,0.000000000000000000e+00,0.000000000000000000e+00
2.347423155725972613e-02,-2.827488387629125202e-02,9.000518404498420999e-01,3.603396618314860800e-02,-1.794573664631599411e-02,5.127305002203539352e-01,8.576053509401144748e-01,-3.322997040300047777e-02,9.814605350482230595e-02,1.433967401720760426e-01,2.147170074251987526e-01,-5.644204068762261051e-02,-9.481672970673662992e-02,-1.223602906147636393e-01,-1.862577963313730711e-01,-1.671380122948197267e-01,4.189513862955543955e-01,-1.889749492979070633e-01,8.626043419757319086e-02,-2.597574607907617017e-02,0.000000000000000000e+00,0.000000000000000000e+00,-7.854714416294465984e-01,7.126557416802860034e-01,-3.694322715018080738e-01,1.282903817822183268e-01,0.000000000000000000e+00,0.000000000000000000e+00,0.000000000000000000e+00,-1.482849815721047237e+00,-9.857070313639001435e-01,8.251991619062570837e-01,4.915920573067620314e-01,0.000000000000000000e+00,0.000000000000000000e+00,0.000000000000000000e+00
2.403233952115889360e-02,-2.891972520755265591e-02,9.000812326341421921e-01,3.580728135340235235e-02,-1.866336228349349882e-02,5.136539215395823366e-01,8.570467702508192120e-01,-3.347541608030191185e-02,1.002347229642872178e-01,1.412986542744745500e-01,2.154986523357832751e-01,-5.568424526319124684e-02,-9.555123250685336467e-02,-1.199545468401261028e-01,-1.844084023516862070e-01,-1.704435711943160792e-01,4.166450000917943930e-01,-1.871677905444722179e-01,8.291437957778970136e-02,-2.286742307787342429e-02,0.000000000000000000e+00,0.000000000000000000e+00,-8.083791732601667279e-01,7.223180641188911011e-01,-3.788294278985659402e-01,1.262590537474887475e-01,0.000000000000000000e+00,0.000000000000000000e+00,0.000000000000000000e+00,-1.526700592898975639e+00,-9.887011986586524692e-01,8.520604825875693900e-01,5.098980088626360319e-01,0.000000000000000000e+00,0.000000000000000000e+00,0.000000000000000000e+00
2.456218972480460339e-02,-2.965424718780820812e-02,9.001164073268577148e-01,3.562895801415054409e-02,-1.958599266033986958e-02,5.138302116398091313e-01,8.569279315371407524e-01,-3.364178896686413622e-02,1.027321224394187604e-01,1.398890676756381901e-01,2.175014814543813346e-01,-5.499251638400676212e-02,-9.600588704864827794e-02,-1.171991550306480806e-01,-1.825411289150602745e-01,-1.740102461422029512e-01,4.138940121879282064e-01,-1.854154208668543635e-01,8.188480778932043236e-02,-1.926533207854479179e-02,0.000000000000000000e+00,0.000000000000000000e+00,-8.296708494155806690e-01,7.316967270842668070e-01,-3.904435529595775556e-01,1.247385992941311000e-01,0.000000000000000000e+00,0.000000000000000000e+00,0.000000000000000000e+00,-1.568510352406710329e+00,-9.896782759523528039e-01,8.800931501802081725e-01,5.244032586763182069e-01,0.000000000000000000e+00,0.000000000000000000e+00,0.000000000000000000e+00
2.511491532582525374e-02,-3.040058611040707265e-02,9.002012347833493466e-01,3.486208883410730347e-02,-2.011545894414190627e-02,5.129668082057221579e-01,8.574643180639190954e-01,-3.484513566926220746e-02,1.063684422708255500e-01,1.399492295251550944e-01,2.199903519041110922e-01,-5.454738925608430128e-02,-9.691357938871626720e-02,-1.157161367241907879e-01,-1.793104732429308124e-01,-1.760610052366723410e-01,4.097943086105249599e-01,-1.836150924310542276e-01,8.299538884608849421e-02,-1.579418299181204605e-02,0.000000000000000000e+00,0.000000000000000000e+00,-8.496597849014883019e-01,7.393218131526002601e-01,-3.982097014185784767e-01,1.211568886118996324e-01,0.000000000000000000e+00,0.000000000000000000e+00,0.000000000000000000e+00,-1.609815431117585405e+00,-9.876224997168819852e-01,9.114280466934543412e-01,5.366890464479523448e-01,0.000000000000000000e+00,0.000000000000000000e+00,0.000000000000000000e+00
2.568250146446653462e-02,-3.120757082721318382e-02,9.001932816887784350e-01,3.426496038251994336e-02,-2.112696389232600683e-02,5.127481076683024774e-01,8.575948588752443369e-01,-3.619654648768292488e-02,1.105507624794122429e-01,1.400893026980097045e-01,2.243052157410443670e-01,-5.527021456852561354e-02,-9.768935892906756291e-02,-1.129928980754129897e-01,-1.763886387264425315e-01,-1.798914276287820468e-01,4.059726410734131319e-01,-1.813883391061675843e-01,8.319952869175667454e-02,-1.413155452049015201e-02,0.000000000000000000e+00,0.000000000000000000e+00,-8.691746129652875297e-01,7.493345935315556261e-01,-4.066864810161914812e-01,1.201733738110980637e-01,0.000000000000000000e+00,0.000000000000000000e+00,0.000000000000000000e+00,-1.654625867149864593e+00,-9.877094727356999782e-01,9.496177062164266047e-01,5.476933458816297673e-01,0.000000000000000000e+00,0.000000000000000000e+00,0.000000000000000000e+00
2.624622421238672135e-02,-3.205100777765430148e-02,9.001504638279893555e-01,3.417260801070978044e-02,-2.152407270564385064e-02,5.125164650174045544e-01,8.577271245809884315e-01,-3.827397999182596128e-02,1.123231250039785911e-01,1.378413834677111316e-01,2.286128570216229838e-01,-5.553872854252552699e-02,-9.930388593963791755e-02,-1.120719593374117085e-01,-1.751677594105066627e-01,-1.827607019719302839e-01,4.046542399485777430e-01,-1.814190061302941026e-01,8.250772074653203725e-02,-1.030361295420636515e-02,0.000000000000000000e+00,0.000000000000000000e+00,-8.879635725784793543e-01,7.532151582167700976e-01,-4.159270397439244205e-01,1.212526920245115547e-01,0.000000000000000000e+00,0.000000000000000000e+00,0.000000000000000000e+00,-1.696775485705598330e+00,-9.801008718427978161e-01,9.794968089132279898e-01,5.659910929466669405e-01,0.000000000000000000e+00,0.000000000000000000e+00,0.000000000000000000e+00
2.676693810341673058e-02,-3.287211963651209823e-02,9.001134792904224025e-01,3.396553352859139202e-02,-2.173997876937322146e-02,5.126553257634531846e-01,8.576469161733117907e-01,-4.019767183680814093e-02,1.138541040364924595e-01,1.353983205042526838e-01,2.313881218650385430e-01,-5.650983032557640312e-02,-1.007238477138314575e-01,-1.114449936819173342e-01,-1.737425046716745691e-01,-1.851784744583245268e-01,4.031150844537564337e-01,-1.814482889073767424e-01,8.090821539337431090e-02,-8.199138241681331110e-03,0.000000000000000000e+00,0.000000000000000000e+00,-9.075339354626156263e-01,7.591775712820942879e-01,-4.276267748889637232e-01,1.229231733108897412e-01,0.000000000000000000e+00,0.000000000000000000e+00,0.000000000000000000e+00,-1.744229331493903912e+00,-9.729197224162955404e-01,1.013717251258130059e+00,5.854818343001266800e-01,0.000000000000000000e+00,0.000000000000000000e+00,0.000000000000000000e+00
2.717919500110288142e-02,-3.372520708372279963e-02,9.000922048995730895e-01,3.426165239401640639e-02,-2.153849394292040725e-02,5.126536997825164033e-01,8.576411933630513351e-01,-4.150084697991934801e-02,1.137739489831526563e-01,1.335183770589443153e-01,2.320251079098600011e-01,-5.444953815399938141e-02,-1.031384298568462504e-01,-1.115550435427620501e-01,-1.743032594767393029e-01,-1.877072995524602383e-01,4.021674948246576897e-01,-1.810773892111043892e-01,8.113244596722189728e-02,-6.125479383887418028e-03,0.000000000000000000e+00,0.000000000000000000e+00,-9.278073925475193162e-01,7.666395932182141770e-01,-4.441084360597297720e-01,1.253304829058151104e-01,0.000000000000000000e+00,0.000000000000000000e+00,0.000000000000000000e+00,-1.789157034693488857e+00,-9.610129085838771124e-01,1.045039057304487429e+00,6.102438831258767404e-01,0.000000000000000000e+00,0.000000000000000000e+00,0.000000000000000000e+00
2.731808724389628990e-02,-3.464321818120297269e-02,9.000693113473514639e-01,3.447358851582192629e-02,-2.178780778401735729e-02,5.136808326388322410e-01,8.570115899486328015e-01,-4.254947146032594940e-02,1.140067063416269483e-01,1.317111510270440045e-01,2.324480624141618545e-01,-5.388596928258141544e-02,-1.034520516326575407e-01,-1.107388244760174750e-01,-1.749950138708776526e-01,-1.916280697632578855e-01,4.013741209486952899e-01,-1.796619042696414592e-01,8.253333914519513093e-02,-4.467438648861983899e-03,0.000000000000000000e+00,0.000000000000000000e+00,-9.465320694671393031e-01,7.676108784247092087e-01,-4.608801609064800409e-01,1.278892354456950264e-01,0.000000000000000000e+00,0.000000000000000000e+00,0.000000000000000000e+00,-1.822544082260358023e+00,-9.473559895951526588e-01,1.058499991495282844e+00,6.387149481149628771e-01,0.000000000000000000e+00,0.000000000000000000e+00,0.000000000000000000e+00
2.739012839693892587e-02,-3.546580014794301766e-02,9.001028688020269453e-01,3.449216856859798480e-02,-2.261420752139301632e-02,5.138870122379083361e-01,8.568658159705110355e-01,-4.212478372893679185e-02,1.157841429241688314e-01,1.320084532397265420e-01,2.326035172729506439e-01,-5.218753576001566863e-02,-1.042409799108594132e-01,-1.093192248875070050e-01,-1.728402893914375849e-01,-1.908127115275556063e-01,3.993547128796667289e-01,-1.765066627640343999e-01,8.193231163032707598e-02,-2.673579764201534231e-03,0.000000000000000000e+00,0.000000000000000000e+00,-9.622073256150271980e-01,7.683300002507972293e-01,-4.776346666977195343e-01,1.305150932996091140e-01,0.000000000000000000e+00,0.000000000000000000e+00,0.000000000000000000e+00,-1.850526696462883480e+00,-9.335186331140589155e-01,1.063180684115655028e+00,6.632904897253308896e-01,0.000000000000000000e+00,0.000000000000000000e+00,0.000000000000000000e+00
2.746843464985789657e-02,-3.622371353739639588e-02,9.001286895455737902e-01,3.421881606374522350e-02,-2.340705629076225008e-02,5.137807151087309121e-01,8.569192255547526393e-01,-4.178132028204332299e-02,1.180818331323137821e-01,1.326204127084536222e-01,2.329102345681053066e-01,-5.241427288951543834e-02,-1.039312577587037656e-01,-1.083558923270878938e-01,-1.699033677748733595e-01,-1.890711956748653555e-01,3.973182901176268156e-01,-1.732019559693223354e-01,8.265429503608162642e-02,-2.698893006681201551e-03,0.000000000000000000e+00,0.000000000000000000e+00,-9.763514977103511239e-01,7.745822521074910982e-01,-4.958973791263290853e-01,1.346059125061905559e-01,0.000000000000000000e+00,0.000000000000000000e+00,0.000000000000000000e+00,-1.876598848039385370e+00,-9.204768665600435718e-01,1.071451207983640241e+00,6.851428103354358923e-01,0.000000000000000000e+00,0.000000000000000000e+00,0.000000000000000000e+00
2.775168819727237904e-02,-3.706557957410776954e-02,9.001482696035062459e-01,3.480090556283339104e-02,-2.396645009789614283e-02,5.146828522129448524e-01,8.563387576652474742e-01,-4.224706310185613600e-02,1.174666210235700559e-01,1.282549218953807357e-01,2.340848519579780129e-01,-5.074253322709450925e-02,-1.038206600193367080e-01,-1.062421056004740627e-01,-1.709316894239464868e-01,-1.939392968524670802e-01,3.959670078878952948e-01,-1.701814310152531540e-01,8.027035342761008885e-02,9.446743427037745944e-05,0.000000000000000000e+00,0.000000000000000000e+00,-9.916829771852341269e-01,7.834073500685543312e-01,-5.223211277223567262e-01,1.424027243252106167e-01,0.000000000000000000e+00,0.000000000000000000e+00,0.000000000000000000e+00,-1.902325134795343597e+00,-9.065470124764051230e-01,1.086893627247128347e+00,7.171867783794100282e-01,0.000000000000000000e+00,0.000000000000000000e+00,0.000000000000000000e+00
2.801491455647622808e-02,-3.768961613054466059e-02,9.001446615673638352e-01,3.454126823239225125e-02,-2.421438762337670136e-02,5.144246400256730078e-01,8.564974337120802028e-01,-4.299465120181351907e-02,1.183077888357220164e-01,1.255970554443313625e-01,2.349242817932358784e-01,-5.157456112780461899e-02,-1.030224225062131016e-01,-1.061021775967409958e-01,-1.687770848695042403e-01,-1.930029555297639032e-01,3.945950881557006573e-01,-1.700969962657455647e-01,8.015076434012849416e-02,5.829983031522059655e-04,0.000000000000000000e+00,0.000000000000000000e+00,-1.004507770255827381e+00,7.910342223562849551e-01,-5.388926356482892643e-01,1.453013607721156952e-01,0.000000000000000000e+00,0.000000000000000000e+00,0.000000000000000000e+00,-1.922605441529371184e+00,-8.950040624544133294e-01,1.101917397330530957e+00,7.369342865281424126e-01,0.000000000000000000e+00,0.000000000000000000e+00,0.000000000000000000e+00
2.850726223183291941e-02,-3.826188205438579848e-02,9.000947045865703711e-01,3.476284847761679925e-02,-2.428629660511821484e-02,5.156627651912144561e-01,8.557415689086749211e-01,-4.388629697192833468e-02,1.180093657709499755e-01,1.218831442187954944e-01,2.350051112732656489e-01,-5.057217080113782931e-02,-1.037613715003486425e-01,-1.046910510128912924e-01,-1.692427043083831739e-01,-1.969629959222996551e-01,3.934705132588654508e-01,-1.709134329837757871e-01,7.891725945723827851e-02,-5.492291578463748963e-04,0.000000000000000000e+00,0.000000000000000000e+00,-1.019292550494603988e+00,8.022874342638030010e-01,-5.659002973192009955e-01,1.535186623401919859e-01,0.000000000000000000e+00,0.000000000000000000e+00,0.000000000000000000e+00,-1.944514380493860495e+00,-8.884233995809676099e-01,1.124105477476281312e+00,7.514821068359716083e-01,0.000000000000000000e+00,0.000000000000000000e+00,0.000000000000000000e+00
2.899384992074821241e-02,-3.863244078026583511e-02,9.002080679306497801e-01,3.423945224302717139e-02,-2.442033014597091295e-02,5.152506104796519271e-01,8.560070769485521591e-01,-4.343252234251867433e-02,1.199073165303846944e-01,1.216881804755769597e-01,2.335392134582189860e-01,-4.979787796684864015e-02,-1.039984084156246047e-01,-1.037676030835815999e-01,-1.665012133083371426e-01,-1.966545521652895978e-01,3.901254543828156507e-01,-1.695723207791249576e-01,7.806876598477509310e-02,-7.822731738695038600e-04,0.000000000000000000e+00,0.000000000000000000e+00,-1.026929870702780301e+00,8.065087544176394729e-01,-5.749532874407756733e-01,1.562652666300862747e-01,0.000000000000000000e+00,0.000000000000000000e+00,0.000000000000000000e+00,-1.960451676306093960e+00,-8.828806552360713988e-01,1.141978764175981320e+00,7.603507514581374638e-01,0.000000000000000000e+00,0.000000000000000000e+00,0.000000000000000000e+00
2.944285550135394836e-02,-3.889369761132693837e-02,9.002380415482582610e-01,3.412129710346337857e-02,-2.440119622849212799e-02,5.142807208998030344e-01,8.565953880434878931e-01,-4.205493212036327116e-02,1.205189912532310809e-01,1.209690859758993653e-01,2.311561319293517491e-01,-4.895383483442779238e-02,-1.045817805248090288e-01,-1.032143781706595931e-01,-1.650763657154777353e-01,-1.960658832490540515e-01,3.880645796166316552e-01,-1.704426507917218836e-01,7.916359521054631976e-02,-1.646539362678244023e-03,0.000000000000000000e+00,0.000000000000000000e+00,-1.031122639507682681e+00,8.096726390904664949e-01,-5.759318690267530849e-01,1.590743139019920316e-01,0.000000000000000000e+00,0.000000000000000000e+00,0.000000000000000000e+00,-1.970200934764527290e+00,-8.763729857025558401e-01,1.148570424039013105e+00,7.648413657428233536e-01,0.000000000000000000e+00,0.000000000000000000e+00,0.000000000000000000e+00
2.989624123504019959e-02,-3.909373557287545292e-02,9.002613986975819271e-01,3.369245366493353600e-02,-2.411941184236641306e-02,5.138086558901663325e-01,8.569035754802019067e-01,-4.266452783659244880e-02,1.217648628686239382e-01,1.211262369814698342e-01,2.309894843754435600e-01,-4.874973649370045736e-02,-1.050583506630484443e-01,-1.037887014061093793e-01,-1.638447779268125126e-01,-1.964718001242221623e-01,3.871363712654198319e-01,-1.710821314782818292e-01,7.998785638031760681e-02,-1.798355410175861771e-03,0.000000000000000000e+00,0.000000000000000000e+00,-1.031230405404997885e+00,8.080751750493395669e-01,-5.722430473423638642e-01,1.603526302496456057e-01,0.000000000000000000e+00,0.000000000000000000e+00,0.000000000000000000e+00,-1.978658979304080523e+00,-8.719458155474026917e-01,1.156825933473401680e+00,7.703177096034692362e-01,0.000000000000000000e+00,0.000000000000000000e+00,0.000000000000000000e+00
3.025997200961161315e-02,-3.922650881375170512e-02,9.002913792602075249e-01,3.321977247401804861e-02,-2.369507546011725280e-02,5.131970613137436521e-01,8.573002778342312391e-01,-4.360136141041414531e-02,1.229789816631767507e-01,1.220280404275999181e-01,2.308535158067647752e-01,-4.759656698160780186e-02,-1.052967488122312917e-01,-1.043305415256037122e-01,-1.628633546893611672e-01,-1.967545311065206637e-01,3.851584555455042080e-01,-1.705525229494978534e-01,8.266475338027991226e-02,-1.377069687654729896e-03,0.000000000000000000e+00,0.000000000000000000e+00,-1.032588816921901076e+00,8.066080345151581676e-01,-5.691834813257494741e-01,1.599221245973075356e-01,0.000000000000000000e+00,0.000000000000000000e+00,0.000000000000000000e+00,-1.985317776465045148e+00,-8.686589193918906604e-01,1.162239245785376074e+00,7.734896588651909433e-01,0.000000000000000000e+00,0.000000000000000000e+00,0.000000000000000000e+00
3.051505741729902341e-02,-3.942612912322093766e-02,9.003261660624676255e-01,3.275174850852981961e-02,-2.384903021070799642e-02,5.136937813646234030e-01,8.570164792551868693e-01,-4.507270738073511362e-02,1.245859303936806411e-01,1.216559420414814047e-01,2.324135500676651478e-01,-4.641436082108477135e-02,-1.044417168252892159e-01,-1.035737163358374652e-01,-1.618096513113738699e-01,-1.987613681651055897e-01,3.833727825652103460e-01,-1.683129395385248306e-01,8.390352122466977758e-02,-7.670503126286365436e-04,0.000000000000000000e+00,0.000000000000000000e+00,-1.035180791334605832e+00,8.017267417158310261e-01,-5.687811042900431380e-01,1.606276890461416085e-01,0.000000000000000000e+00,0.000000000000000000e+00,0.000000000000000000e+00,-1.989605787532517489e+00,-8.685548136820081533e-01,1.165982218981536311e+00,7.768916436656770896e-01,0.000000000000000000e+00,0.000000000000000000e+00,0.000000000000000000e+00
3.075224658247269899e-02,-3.966530152393005215e-02,9.003968188912035986e-01,3.229886170020785513e-02,-2.381101118499715300e-02,5.128698379510404637e-01,8.575280453718649998e-01,-4.602234845222618470e-02,1.262268751481680218e-01,1.221496832741381239e-01,2.334036121681109799e-01,-4.447739722569789278e-02,-1.056216458191765045e-01,-1.034500815486174286e-01,-1.607907269919530702e-01,-2.005905561395612269e-01,3.811709575009786799e-01,-1.668395372882237604e-01,8.385247043757340646e-02,1.605238778933780475e-03,0.000000000000000000e+00,0.000000000000000000e+00,-1.035124282935535378e+00,7.948232948828981570e-01,-5.640498028122067353e-01,1.603259129606151023e-01,0.000000000000000000e+00,0.000000000000000000e+00,0.000000000000000000e+00,-1.992734696443569709e+00,-8.670017304733467212e-01,1.168252419852279456e+00,7.795170624785852098e-01,0.000000000000000000e+00,0.000000000000000000e+00,0.000000000000000000e+00
3.094403123620418847e-02,-3.990544125766923994e-02,9.004731995038302017e-01,3.194949229990670658e-02,-2.375992037461673381e-02,5.122661138026768368e-01,8.579033306702289474e-01,-4.727681038973829269e-02,1.273179864245467252e-01,1.218699117990517111e-01,2.347278250141104361e-01,-4.167701864806764439e-02,-1.054514295509622057e-01,-1.033467952287469571e-01,-1.596528390948791509e-01,-2.010598246411859913e-01,3.789660290518872543e-01,-1.650359864194014814e-01,8.419334304779590994e-02,3.782886716646741143e-03,0.000000000000000000e+00,0.000000000000000000e+00,-1.038082426664987068e+00,7.898358155253835111e-01,-5.606894778947161262e-01,1.574101822733821876e-01,0.000000000000000000e+00,0.000000000000000000e+00,0.000000000000000000e+00,-1.995984459435431901e+00,-8.668714842950016042e-01,1.168756967219089393e+00,7.809523349852960372e-01,0.000000000000000000e+00,0.000000000000000000e+00,0.000000000000000000e+00
3.103415137605724725e-02,-4.016011874457288411e-02,9.005204785857900962e-01,3.156907293309522272e-02,-2.332828189978432970e-02,5.119672869760805156e-01,8.581076167731526150e-01,-4.887509461194518984e-02,1.282097067269917789e-01,1.225420760806448517e-01,2.350193600481724487e-01,-3.980414842345001564e-02,-1.075457327580637279e-01,-1.040810016461605481e-01,-1.594909448646150141e-01,-2.026442095846351932e-01,3.772686095169197618e-01,-1.631249039699222414e-01,8.517328587357272940e-02,5.598988019773792901e-03,0.000000000000000000e+00,0.000000000000000000e+00,-1.043677512869577217e+00,7.836142370735259544e-01,-5.605106912289216092e-01,1.517440089990998719e-01,0.000000000000000000e+00,0.000000000000000000e+00,0.000000000000000000e+00,-1.998446959496016806e+00,-8.674559456822694692e-01,1.167070203654259064e+00,7.793864736585266462e-01,0.000000000000000000e+00,0.000000000000000000e+00,0.000000000000000000e+00
3.102615297446442363e-02,-4.045566424849494913e-02,9.006011858667610781e-01,3.124652125765333202e-02,-2.290632625441741191e-02,5.109714185814098197e-01,8.587241492584923863e-01,-4.873048254620409442e-02,1.288436052603304516e-01,1.239419221083904316e-01,2.327715950213758433e-01,-3.840419699123633762e-02,-1.095151622312823397e-01,-1.049016495990363618e-01,-1.590048646428979806e-01,-2.029461635182103207e-01,3.751975190834287988e-01,-1.622386343032049538e-01,8.590127375304164314e-02,6.137978090528845368e-03,0.000000000000000000e+00,0.000000000000000000e+00,-1.053556685834580620e+00,7.771496849257365502e-01,-5.604782185039182130e-01,1.419048489853818040e-01,0.000000000000000000e+00,0.000000000000000000e+00,0.000000000000000000e+00,-2.001391212717187340e+00,-8.656973106217349390e-01,1.167212193459494562e+00,7.784097022359587337e-01,0.000000000000000000e+00,0.000000000000000000e+00,0.000000000000000000e+00
3.081088251099287773e-02,-4.080176439669692262e-02,9.006325642977238699e-01,3.141060781818741376e-02,-2.351441218211618514e-02,5.102500850716625846e-01,8.591305470186596516e-01,-4.713635165820379003e-02,1.296359453550858243e-01,1.255337544368244351e-01,2.318004359390324343e-01,-3.627648722726354441e-02,-1.100633376266240693e-01,-1.040924495461770238e-01,-1.586438553626526304e-01,-2.029769659037490293e-01,3.744359566656031424e-01,-1.602823209773810154e-01,8.642496992130740963e-02,6.043100441167108955e-03,0.000000000000000000e+00,0.000000000000000000e+00,-1.079156906499029844e+00,7.689789532267191641e-01,-5.713117279781598778e-01,1.291349085360155025e-01,0.000000000000000000e+00,0.000000000000000000e+00,0.000000000000000000e+00,-2.000401388590289375e+00,-8.616542542255694048e-01,1.165647482994980111e+00,7.828434402806889736e-01,0.000000000000000000e+00,0.000000000000000000e+00,0.000000000000000000e+00
3.047581771587360919e-02,-4.108099646088832213e-02,9.006153357722980202e-01,3.168761086980217967e-02,-2.454050424246409512e-02,5.093628185570809874e-01,8.596180419468141265e-01,-4.474623089776371548e-02,1.303944416660292316e-01,1.269300875124117489e-01,2.314345472195453446e-01,-3.596178634329064150e-02,-1.087930697404518310e-01,-1.026214015522823042e-01,-1.576923128010329911e-01,-2.011751390970050735e-01,3.738280424239411870e-01,-1.582547596396854384e-01,8.821924800954611401e-02,3.504279456455507841e-03,0.000000000000000000e+00,0.000000000000000000e+00,-1.125263279572622510e+00,7.625065696799496751e-01,-5.940168895395675497e-01,1.175705082219810765e-01,0.000000000000000000e+00,0.000000000000000000e+00,0.000000000000000000e+00,-1.999675079273347755e+00,-8.550622550898360208e-01,1.167123055207651472e+00,7.881352677342782220e-01,0.000000000000000000e+00,0.000000000000000000e+00,0.000000000000000000e+00
3.006783338159476140e-02,-4.139856524628317269e-02,9.006273593780380615e-01,3.192014990553579401e-02,-2.552005017408601889e-02,5.091119999637346849e-01,8.597294938304984591e-01,-4.236185303280116943e-02,1.311266244537481196e-01,1.284400835710443056e-01,2.301523276721113009e-01,-3.556704798381852412e-02,-1.085346697250186565e-01,-1.003570000649125493e-01,-1.572601113077668755e-01,-2.014566017666969411e-01,3.721340155324200927e-01,-1.564840971962360439e-01,9.001192991524149811e-02,1.411466950717591567e-03,0.000000000000000000e+00,0.000000000000000000e+00,-1.178256644674402720e+00,7.539394062969542176e-01,-6.263798029180726035e-01,1.148135785595047753e-01,0.000000000000000000e+00,0.000000000000000000e+00,0.000000000000000000e+00,-2.003706517257788811e+00,-8.488393537839389325e-01,1.174416953931689322e+00,7.964130792275413429e-01,0.000000000000000000e+00,0.000000000000000000e+00,0.000000000000000000e+00
2.961459604707444154e-02,-4.179601728618389384e-02,9.007187304514785442e-01,3.195944562528200972e-02,-2.593619893136367080e-02,5.080605626334487868e-01,8.603373594799307300e-01,-3.997336671995169871e-02,1.316306261120581689e-01,1.308470697707259101e-01,2.266742552558525248e-01,-3.324383118134315723e-02,-1.087745965426101524e-01,-9.967109617608232996e-02,-1.567331780178357059e-01,-2.008952348135411847e-01,3.698324229941080676e-01,-1.539705858337261368e-01,9.102862290153541924e-02,5.759759419672622754e-04,0.000000000000000000e+00,0.000000000000000000e+00,-1.224193380422642807e+00,7.478164332756285226e-01,-6.625416608119586437e-01,1.234096379411670774e-01,0.000000000000000000e+00,0.000000000000000000e+00,0.000000000000000000e+00,-2.011019466820898494e+00,-8.405301190399964151e-01,1.186090859799389552e+00,8.066419641483768554e-01,0.000000000000000000e+00,0.000000000000000000e+00,0.000000000000000000e+00
2.908223427728293467e-02,-4.229321141478664670e-02,9.008129672025998458e-01,3.270061228295578076e-02,-2.670437162266752623e-02,5.077847455665540632e-01,8.604488355866760640e-01,-3.658069046628099896e-02,1.311348259262039573e-01,1.331685877901611359e-01,2.228549581877178609e-01,-2.916988959964189956e-02,-1.103241314366702197e-01,-9.762109924109212133e-02,-1.576304416110160256e-01,-2.010961049693870129e-01,3.678655124003418764e-01,-1.502203159992102910e-01,9.188435287743998425e-02,4.017243486834215505e-04,0.000000000000000000e+00,0.000000000000000000e+00,-1.266302986726053348e+00,7.368743185451277489e-01,-7.024301892813721304e-01,1.402368444661087898e-01,0.000000000000000000e+00,0.000000000000000000e+00,0.000000000000000000e+00,-2.016642640232418682e+00,-8.299727830805104789e-01,1.193515216998259687e+00,8.195997928340960081e-01,0.000000000000000000e+00,0.000000000000000000e+00,0.000000000000000000e+00
2.841790285725306897e-02,-4.274744516048908233e-02,9.009185634217907745e-01,3.289619198872843764e-02,-2.716050022084455853e-02,5.064576945214983583e-01,8.612088895502421071e-01,-3.387338619478093282e-02,1.314235856332750252e-01,1.368406062654101973e-01,2.191494152144926322e-01,-2.619334583290780505e-02,-1.105049693681947887e-01,-9.717664723846738961e-02,-1.572278201841790790e-01,-1.990090636418314074e-01,3.653219694214449031e-01,-1.462052764191146270e-01,9.400797209317394987e-02,4.296384679568342885e-04,0.000000000000000000e+00,0.000000000000000000e+00,-1.300375264947711162e+00,7.201079952707661880e-01,-7.375118504037930789e-01,1.628929187029529435e-01,0.000000000000000000e+00,0.000000000000000000e+00,0.000000000000000000e+00,-2.016932487513044769e+00,-8.148868063719314492e-01,1.191951163973914207e+00,8.366433905884456124e-01,0.000000000000000000e+00,0.000000000000000000e+00,0.000000000000000000e+00
2.777426593195103655e-02,-4.318782321733874441e-02,9.008761328827893378e-01,3.366998584310799958e-02,-2.809851796402539764e-02,5.054019220584878846e-01,8.617689380113062736e-01,-2.985168101957869774e-02,1.314233963913738201e-01,1.412768857797748745e-01,2.156665465661935788e-01,-2.299440811803264359e-02,-1.108712575379650067e-01,-9.672188484742996750e-02,-1.577921401073019425e-01,-1.967584307003866217e-01,3.663678965828578438e-01,-1.442209663763465988e-01,9.504465489648364351e-02,-2.794277039920809239e-03,0.000000000000000000e+00,0.000000000000000000e+00,-1.335671592709213984e+00,7.101170124649207605e-01,-7.767634188228660364e-01,1.904509300679431971e-01,0.000000000000000000e+00,0.000000000000000000e+00,0.000000000000000000e+00,-2.018200792526565923e+00,-8.002458821894601337e-01,1.195783253026243109e+00,8.478584604033232441e-01,0.000000000000000000e+00,0.000000000000000000e+00,0.000000000000000000e+00
2.713370893854176805e-02,-4.352234695193481911e-02,9.009427310308061321e-01,3.403830705705176984e-02,-2.814366388792631166e-02,5.034945128539409787e-01,8.628688216418681778e-01,-2.648864036331444183e-02,1.306567048702565459e-01,1.450262151796055665e-01,2.103571282301264500e-01,-1.977862383915247879e-02,-1.111548578038464019e-01,-9.783205102612028969e-02,-1.578743575106548447e-01,-1.928132741335221445e-01,3.654730101305375678e-01,-1.416765089724331683e-01,9.680784217501040012e-02,-5.428619319424647302e-03,0.000000000000000000e+00,0.000000000000000000e+00,-1.365749109735771905e+00,6.943206776810971759e-01,-8.114909283581881461e-01,2.138364506547875687e-01,0.000000000000000000e+00,0.000000000000000000e+00,0.000000000000000000e+00,-2.020849761028667313e+00,-7.816887906405667330e-01,1.195718277155136677e+00,8.647936666824909135e-01,0.000000000000000000e+00,0.000000000000000000e+00,0.000000000000000000e+00
2.652729099662243933e-02,-4.382938800711214111e-02,9.010551473831405200e-01,3.398047388379214079e-02,-2.725438113208582952e-02,5.022213076353542194e-01,8.636412937445588911e-01,-2.504078576647327664e-02,1.296875261700011217e-01,1.492619237692891510e-01,2.038429857375544108e-01,-1.621830519696657730e-02,-1.118753347071539117e-01,-1.000064745694710655e-01,-1.580919919783070893e-01,-1.892458228310252011e-01,3.628051634661659808e-01,-1.393830322895722174e-01,9.933026896685412388e-02,-7.638822690593533721e-03,0.000000000000000000e+00,0.000000000000000000e+00,-1.389634183570641390e+00,6.790481551754344869e-01,-8.395387915787151378e-01,2.341335835169710833e-01,0.000000000000000000e+00,0.000000000000000000e+00,0.000000000000000000e+00,-2.022335528651647341e+00,-7.656019071200829140e-01,1.188684923289448525e+00,8.766210874931216201e-01,0.000000000000000000e+00,0.000000000000000000e+00,0.000000000000000000e+00
2.590157102684558649e-02,-4.411177362501694788e-02,9.011769619249754282e-01,3.344714247028716947e-02,-2.664225937785337159e-02,5.006925985722788797e-01,8.645683318343061474e-01,-2.427729739437230541e-02,1.302389018379391528e-01,1.543108070560525180e-01,1.994926175269714497e-01,-1.521274454763588309e-02,-1.111969939780178274e-01,-1.012464382420352887e-01,-1.571887610721844908e-01,-1.863639495571683125e-01,3.582497766589600174e-01,-1.363555543177373264e-01,1.049537074818130966e-01,-9.723654343467303188e-03,0.000000000000000000e+00,0.000000000000000000e+00,-1.409207067757870080e+00,6.650021998858216543e-01,-8.617030962967663354e-01,2.543336534547019911e-01,0.000000000000000000e+00,0.000000000000000000e+00,0.000000000000000000e+00,-2.024947553629391273e+00,-7.533314183389598906e-01,1.191372692255063814e+00,8.855268884440833377e-01,0.000000000000000000e+00,0.000000000000000000e+00,0.000000000000000000e+00
2.533543242760128919e-02,-4.452677666192123712e-02,9.012446049341100718e-01,3.376904023310930980e-02,-2.650225653705002779e-02,4.997373147292950568e-01,8.651126508075890342e-01,-2.281712963714020020e-02,1.293522807196620106e-01,1.571062434159631038e-01,1.957730545076441231e-01,-1.119900183413572066e-02,-1.106975694714968511e-01,-1.020553543288340581e-01,-1.579427917437158380e-01,-1.848199272989451969e-01,3.566254943996485238e-01,-1.327433654676926922e-01,1.057141741477611030e-01,-9.331596420544794462e-03,0.000000000000000000e+00,0.000000000000000000e+00,-1.430287533058931526e+00,6.541210564682780060e-01,-8.860815765340690486e-01,2.749174028637904610e-01,0.000000000000000000e+00,0.000000000000000000e+00,0.000000000000000000e+00,-2.027023307533978524e+00,-7.423617690919922518e-01,1.195014317142904847e+00,8.965532629948339549e-01,0.000000000000000000e+00,0.000000000000000000e+00,0.000000000000000000e+00
2.482966007483851378e-02,-4.489480997234355369e-02,9.013005218665387508e-01,3.370678665713491146e-02,-2.643538921825000498e-02,4.990453245356813450e-01,8.655164855675525626e-01,-2.220273295536511621e-02,1.295775381815505167e-01,1.600331803921960505e-01,1.935144191912141765e-01,-9.248921191600050287e-03,-1.107624877564103300e-01,-1.027921096691795794e-01,-1.576021685614199808e-01,-1.832223671720769054e-01,3.549450706156436208e-01,-1.300838281726988954e-01,1.058956760129808328e-01,-1.011674167320395987e-02,0.000000000000000000e+00,0.000000000000000000e+00,-1.447886143735735986e+00,6.441441829599275914e-01,-9.021872168329915231e-01,2.930509993005817604e-01,0.000000000000000000e+00,0.000000000000000000e+00,0.000000000000000000e+00,-2.031720668100224003e+00,-7.341954386529983001e-01,1.203949118864265699e+00,9.034339456620005260e-01,0.000000000000000000e+00,0.000000000000000000e+00,0.000000000000000000e+00
2.433990701266937340e-02,-4.528250777942093019e-02,9.013397031331027431e-01,3.349693473867765281e-02,-2.627463818188706043e-02,4.985205374808038270e-01,8.658318961908109124e-01,-2.205291153654736352e-02,1.298273995106915546e-01,1.620573804410349594e-01,1.911996431101096183e-01,-7.762388012708353741e-03,-1.111843921105915567e-01,-1.034480732573402062e-01,-1.570528333824927347e-01,-1.819959495150458295e-01,3.527198366693561349e-01,-1.283543645554662826e-01,1.061985987404825832e-01,-1.057846483802863530e-02,0.000000000000000000e+00,0.000000000000000000e+00,-1.460480602559770080e+00,6.367326652679112797e-01,-9.166448167150695880e-01,3.071272518614334146e-01,0.000000000000000000e+00,0.000000000000000000e+00,0.000000000000000000e+00,-2.034286133304577415e+00,-7.271660082758736321e-01,1.212697419469467741e+00,9.085221240118643848e-01,0.000000000000000000e+00,0.000000000000000000e+00,0.000000000000000000e+00
2.386993767872899047e-02,-4.564721700327432213e-02,9.014124761555982746e-01,3.283573255542315827e-02,-2.623778308947614241e-02,4.971066538278838265e-01,8.666708533959959215e-01,-2.175654045578582010e-02,1.314853550138325444e-01,1.654769291926991848e-01,1.891729040748685031e-01,-6.137533837560189311e-03,-1.112583567969239601e-01,-1.047269242160590447e-01,-1.550550541497646151e-01,-1.797366492988360376e-01,3.503995616412031167e-01,-1.262164110067730827e-01,1.069212698918824422e-01,-1.033742927736766050e-02,0.000000000000000000e+00,0.000000000000000000e+00,-1.468594098923161617e+00,6.320051074242255540e-01,-9.242903519892402553e-01,3.163765679466614689e-01,0.000000000000000000e+00,0.000000000000000000e+00,0.000000000000000000e+00,-2.036188114144419359e+00,-7.226601947175402829e-01,1.224923193855652626e+00,9.102120806956389698e-01,0.000000000000000000e+00,0.000000000000000000e+00,0.000000000000000000e+00
2.347733515165790000e-02,-4.604806007091346437e-02,9.014568213410306674e-01,3.251494912209450250e-02,-2.595327236836905693e-02,4.962378093500011134e-01,8.671892770949567453e-01,-2.265048644914390008e-02,1.320988773866890176e-01,1.677596934705845033e-01,1.887137834245137258e-01,-4.832962427565365600e-03,-1.106913668712778270e-01,-1.062775577744510536e-01,-1.545296968167687579e-01,-1.788584434169331883e-01,3.491075462486303849e-01,-1.243120302467656951e-01,1.072761557304087593e-01,-8.611452663305383184e-03,0.000000000000000000e+00,0.000000000000000000e+00,-1.475296340614910218e+00,6.288632650445739047e-01,-9.320805678148155193e-01,3.228385207984436067e-01,0.000000000000000000e+00,0.000000000000000000e+00,0.000000000000000000e+00,-2.040235317835565887e+00,-7.179180322423782679e-01,1.238838312568490974e+00,9.146180012701243811e-01,0.000000000000000000e+00,0.000000000000000000e+00,0.000000000000000000e+00
2.311345849703803218e-02,-4.645827107314789983e-02,9.014309681136087882e-01,3.241257763816075138e-02,-2.558738285201035689e-02,4.963531136780929276e-01,8.671379920126310870e-01,-2.376598533049101292e-02,1.320232302599154139e-01,1.689909517727804789e-01,1.878112154928929800e-01,-3.793840301278942912e-03,-1.115390957235788683e-01,-1.077827980513147849e-01,-1.550353186089817870e-01,-1.793023574814919530e-01,3.490763121431810778e-01,-1.239842737729278388e-01,1.065526253517152383e-01,-7.806488236345126078e-03,0.000000000000000000e+00,0.000000000000000000e+00,-1.480789617666937508e+00,6.268314433667859786e-01,-9.391321916126106339e-01,3.263325867919584233e-01,0.000000000000000000e+00,0.000000000000000000e+00,0.000000000000000000e+00,-2.042534009378409898e+00,-7.139561395443516645e-01,1.247589998117994092e+00,9.157985007006734790e-01,0.000000000000000000e+00,0.000000000000000000e+00,0.000000000000000000e+00
2.282112022071914811e-02,-4.684784440198476452e-02,9.013957953560243208e-01,3.229173239965745651e-02,-2.534429832533869470e-02,4.956545582200466704e-01,8.675491164635673602e-01,-2.454159335940797951e-02,1.321696301226282511e-01,1.699348295384093821e-01,1.876582781447727055e-01,-3.233532796147048360e-03,-1.121687120750199246e-01,-1.096054511924707681e-01,-1.548846476677136486e-01,-1.785214980427622389e-01,3.497174227799025870e-01,-1.252329215551657993e-01,1.058135334537382150e-01,-5.486903817209655421e-03,0.000000000000000000e+00,0.000000000000000000e+00,-1.483711924563420492e+00,6.241849061377200414e-01,-9.407717689278423112e-01,3.302643949413125446e-01,0.000000000000000000e+00,0.000000000000000000e+00,0.000000000000000000e+00,-2.046922387071180349e+00,-7.094998532360075050e-01,1.262497637712746368e+00,9.172114622278718654e-01,0.000000000000000000e+00,0.000000000000000000e+00,0.000000000000000000e+00
2.245950557443751605e-02,-4.722841804241045133e-02,9.014758784140813885e-01,3.234692558536774593e-02,-2.522723409725644364e-02,4.961924438033147866e-01,8.672429427660235390e-01,-2.389401138422443671e-02,1.318588057928878621e-01,1.717989223813485844e-01,1.842918431221821085e-01,-9.941990510407287991e-04,-1.121502390138267302e-01,-1.104879083145874630e-01,-1.553880511857548552e-01,-1.787275194874007878e-01,3.497803743633930984e-01,-1.225996363496423686e-01,1.041506955017782454e-01,-4.081098639928405422e-03,0.000000000000000000e+00,0.000000000000000000e+00,-1.485335726110809995e+00,6.196386122748143155e-01,-9.433928598574669033e-01,3.333556588363816298e-01,0.000000000000000000e+00,0.000000000000000000e+00,0.000000000000000000e+00,-2.049410120439650651e+00,-7.038395829370589496e-01,1.270020060554724939e+00,9.247440236810874348e-01,0.000000000000000000e+00,0.000000000000000000e+00,0.000000000000000000e+00
2.219362542498629770e-02,-4.753316737812235404e-02,9.015355706987288054e-01,3.237565039086638674e-02,-2.525156812834056588e-02,4.967297564682524036e-01,8.669335179861376028e-01,-2.332656643326460819e-02,1.316656910606909814e-01,1.725143563974458338e-01,1.818034681472916192e-01,9.731055478744575406e-04,-1.127384300825235719e-01,-1.100692276639752137e-01,-1.559925991661166023e-01,-1.803158324234536425e-01,3.485739146844449299e-01,-1.211457593235234081e-01,1.048156406743525199e-01,-9.153339611738652709e-04,0.000000000000000000e+00,0.000000000000000000e+00,-1.489626587778962508e+00,6.147789169354971328e-01,-9.481125105558747546e-01,3.390958935917872674e-01,0.000000000000000000e+00,0.000000000000000000e+00,0.000000000000000000e+00,-2.052525750477301791e+00,-6.987968266897541803e-01,1.285517687204502435e+00,9.306907547085947474e-01,0.000000000000000000e+00,0.000000000000000000e+00,0.000000000000000000e+00
2.193522039010117539e-02,-4.779053377701836941e-02,9.015222990530383784e-01,3.242829153395364317e-02,-2.494840453294214916e-02,4.962667227321024832e-01,8.672054675382242506e-01,-2.311276048872780084e-02,1.310132711153140783e-01,1.729819723958364586e-01,1.795234498417426494e-01,3.319765947694800802e-03,-1.130061908615754701e-01,-1.108935264373016316e-01,-1.568808605018173485e-01,-1.811945403152614709e-01,3.478820939307761262e-01,-1.208625656421584843e-01,1.052693547525683365e-01,2.596520557470083715e-03,0.000000000000000000e+00,0.000000000000000000e+00,-1.496487821954956221e+00,6.139796484301214274e-01,-9.554128601532694276e-01,3.413451696372118427e-01,0.000000000000000000e+00,0.000000000000000000e+00,0.000000000000000000e+00,-2.053239734821287854e+00,-6.927874049256668165e-01,1.295859072283527480e+00,9.319191396375554604e-01,0.000000000000000000e+00,0.000000000000000000e+00,0.000000000000000000e+00
2.171115630159848112e-02,-4.799546624457867033e-02,9.015473641798567028e-01,3.249964353851099441e-02,-2.413969984421071233e-02,4.958307423862152730e-01,8.674750272866854628e-01,-2.340452813704698223e-02,1.296323835525558243e-01,1.736709025325954281e-01,1.767403744948476407e-01,5.084379168058342398e-03,-1.128548284899825865e-01,-1.131175632840662887e-01,-1.580243336962878498e-01,-1.806516794602613940e-01,3.481782936527505479e-01,-1.211800345445983168e-01,1.056284809200402630e-01,5.543638775779018320e-03,0.000000000000000000e+00,0.000000000000000000e+00,-1.501583233767833203e+00,6.134932430167016060e-01,-9.620351226602124051e-01,3.426048366343746876e-01,0.000000000000000000e+00,0.000000000000000000e+00,0.000000000000000000e+00,-2.051765018994480272e+00,-6.857003393695586535e-01,1.302741861379350663e+00,9.304338948093605621e-01,0.000000000000000000e+00,0.000000000000000000e+00,0.000000000000000000e+00
2.148565747998361711e-02,-4.816401165921712496e-02,9.015730754624379228e-01,3.262717723524283242e-02,-2.378172051916962321e-02,4.959601510239606270e-01,8.674061480477863739e-01,-2.394484376221392777e-02,1.287280781693757592e-01,1.740122246319911192e-01,1.757385605635468362e-01,7.032931474607205177e-03,-1.120925473386776838e-01,-1.144055566595319068e-01,-1.590443317458029304e-01,-1.806632577248944438e-01,3.489616640482406384e-01,-1.206793379539768674e-01,1.059660052533124286e-01,8.072304436553278534e-03,0.000000000000000000e+00,0.000000000000000000e+00,-1.506598480212317348e+00,6.120278132291022688e-01,-9.679159566896345934e-01,3.460098802698574061e-01,0.000000000000000000e+00,0.000000000000000000e+00,0.000000000000000000e+00,-2.047005449272714550e+00,-6.790650663492728834e-01,1.309639741842631100e+00,9.280708891690858664e-01,0.000000000000000000e+00,0.000000000000000000e+00,0.000000000000000000e+00
2.125389966194981065e-02,-4.825582887962940465e-02,9.015816309164403908e-01,3.265952506563246649e-02,-2.364713727652292471e-02,4.960451848619611970e-01,8.673599846063775320e-01,-2.453450752585208117e-02,1.281621715039378551e-01,1.738260644630011675e-01,1.757348365707385729e-01,7.579369005820625962e-03,-1.104037997209610933e-01,-1.148006973386149071e-01,-1.596032355646429812e-01,-1.808383330892406882e-01,3.488382147366329011e-01,-1.201945589968429484e-01,1.064819128953111704e-01,1.054275110891191372e-02,0.000000000000000000e+00,0.000000000000000000e+00,-1.511636413570681015e+00,6.099198916409909188e-01,-9.727922010334036917e-01,3.491272935556579693e-01,0.000000000000000000e+00,0.000000000000000000e+00,0.000000000000000000e+00,-2.040232502509466528e+00,-6.736178831625349028e-01,1.315455068659941329e+00,9.227838479838234020e-01,0.000000000000000000e+00,0.000000000000000000e+00,0.000000000000000000e+00
2.102572304718438798e-02,-4.823994817142156916e-02,9.016387654068449553e-01,3.248090913644108291e-02,-2.345738334418792301e-02,4.959289998558639723e-01,8.674382795394012247e-01,-2.549227489220579415e-02,1.281856955832411382e-01,1.745767567588379920e-01,1.764620594438542633e-01,7.654416296901568259e-03,-1.089445569630049099e-01,-1.148124052699706354e-01,-1.595752038039644216e-01,-1.806886055824591664e-01,3.472918376078351632e-01,-1.192554845492573984e-01,1.075413319989933919e-01,1.169419630643920086e-02,0.000000000000000000e+00,0.000000000000000000e+00,-1.516287435505638825e+00,6.086561427066973229e-01,-9.784731532539271415e-01,3.514676570907372954e-01,0.000000000000000000e+00,0.000000000000000000e+00,0.000000000000000000e+00,-2.031205502626478587e+00,-6.684364767378208061e-01,1.319369910741301055e+00,9.154121563150219298e-01,0.000000000000000000e+00,0.000000000000000000e+00,0.000000000000000000e+00
2.081453143262061364e-02,-4.823355705431538187e-02,9.016929897445502551e-01,3.265116021863397056e-02,-2.344078172953745903e-02,4.954767327057844062e-01,8.676907506914462997e-01,-2.556246032505800347e-02,1.277669031396848343e-01,1.754787429445988645e-01,1.770997716363369723e-01,8.168878328661288366e-03,-1.076690266969281273e-01,-1.142695091535140400e-01,-1.600817673585759604e-01,-1.807925874561468194e-01,3.457752655988169943e-01,-1.183266529607597262e-01,1.074062807651282314e-01,1.447548652251328359e-02,0.000000000000000000e+00,0.000000000000000000e+00,-1.520808045037677081e+00,6.063288801659959537e-01,-9.858452206981809240e-01,3.565001356980092018e-01,0.000000000000000000e+00,0.000000000000000000e+00,0.000000000000000000e+00,-2.022313916650163357e+00,-6.623616390483019201e-01,1.323877969236042507e+00,9.115413949037264318e-01,0.000000000000000000e+00,0.000000000000000000e+00,0.000000000000000000e+00
2.054175465847288273e-02,-4.813318413802805673e-02,9.017534889582201618e-01,3.254373207929198153e-02,-2.339812726867463236e-02,4.956069699725590416e-01,8.676215560123485826e-01,-2.611689051687487648e-02,1.275511978836600946e-01,1.756593666243855267e-01,1.775607473392379343e-01,8.239776919601855473e-03,-1.064518552294965170e-01,-1.139993737143793762e-01,-1.600683259155490090e-01,-1.803419651408207924e-01,3.446336107617095079e-01,-1.171053487797145548e-01,1.079159561175217497e-01,1.520897184275479125e-02,0.000000000000000000e+00,0.000000000000000000e+00,-1.526363443949818377e+00,6.029242993717528476e-01,-9.933094779985273126e-01,3.622611907756578264e-01,0.000000000000000000e+00,0.000000000000000000e+00,0.000000000000000000e+00,-2.011012076453072339e+00,-6.580757041818804387e-01,1.323089155413576856e+00,9.055788364204334639e-01,0.000000000000000000e+00,0.000000000000000000e+00,0.000000000000000000e+00
2.023893012198168043e-02,-4.796648117080070522e-02,9.018084181995110749e-01,3.222529180045654446e-02,-2.345926640528507232e-02,4.954250157856977532e-01,8.677357011912339990e-01,-2.673585437335123521e-02,1.279538202204343611e-01,1.761594078344252690e-01,1.786229430711525623e-01,7.446327285901598383e-03,-1.050334063561374626e-01,-1.138805744288192978e-01,-1.593150497543894539e-01,-1.792450095548246136e-01,3.434539698786756023e-01,-1.154888053616238974e-01,1.080892660843931763e-01,1.547900233979235263e-02,0.000000000000000000e+00,0.000000000000000000e+00,-1.532350841476657122e+00,6.003694959328927938e-01,-9.989971368217620551e-01,3.667846966450437063e-01,0.000000000000000000e+00,0.000000000000000000e+00,0.000000000000000000e+00,-2.001787900040302492e+00,-6.540232518079042157e-01,1.323073127717713238e+00,9.009425155429759968e-01,0.000000000000000000e+00,0.000000000000000000e+00,0.000000000000000000e+00
1.990443692602941045e-02,-4.783286777552461094e-02,9.018536190433055211e-01,3.198126438405691357e-02,-2.337617610136664276e-02,4.951764351720823187e-01,8.678888472434380663e-01,-2.815535195925564574e-02,1.280976466693223847e-01,1.762757920427035496e-01,1.807787435298211509e-01,6.945689568870372366e-03,-1.045074751535153973e-01,-1.140551658649557321e-01,-1.592636335064367414e-01,-1.792215083219015348e-01,3.424562867815276190e-01,-1.138309022060152720e-01,1.082955501932570813e-01,1.575760905476817145e-02,0.000000000000000000e+00,0.000000000000000000e+00,-1.538597115902885060e+00,5.979722652430875529e-01,-1.006141162591435823e+00,3.727467213350105224e-01,0.000000000000000000e+00,0.000000000000000000e+00,0.000000000000000000e+00,-1.994792131497911791e+00,-6.516821353238027026e-01,1.329839822406628125e+00,8.933200264592315865e-01,0.000000000000000000e+00,0.000000000000000000e+00,0.000000000000000000e+00
1.948931569521177715e-02,-4.772896245639884905e-02,9.018682946431134662e-01,3.168842399048211328e-02,-2.310694007516111634e-02,4.945115808973972182e-01,8.682857878968877063e-01,-2.929801663100001230e-02,1.282662110212053619e-01,1.776835563547093377e-01,1.819857850651213915e-01,6.063241779583268196e-03,-1.041791841285760190e-01,-1.149327556966523861e-01,-1.591581551238408498e-01,-1.783694500462237598e-01,3.414725002177585456e-01,-1.131338062406768152e-01,1.087337456446514361e-01,1.652174463024862899e-02,0.000000000000000000e+00,0.000000000000000000e+00,-1.544406930418328106e+00,5.945155053884062513e-01,-1.010291146814338070e+00,3.787892201081608512e-01,0.000000000000000000e+00,0.000000000000000000e+00,0.000000000000000000e+00,-1.987487370229111372e+00,-6.479965853103722973e-01,1.331209449940160994e+00,8.907451080407358113e-01,0.000000000000000000e+00,0.000000000000000000e+00,0.000000000000000000e+00
1.897729290319440099e-02,-4.758006221429640636e-02,9.018540454965767728e-01,3.136565348872488029e-02,-2.326715769381431168e-02,4.941015658811155342e-01,8.685266131489038921e-01,-2.978284739610238124e-02,1.293615282489161966e-01,1.808338998954984733e-01,1.831189274331148087e-01,6.373701142251003357e-03,-1.041872713455613414e-01,-1.151580571180057938e-01,-1.587711048229352162e-01,-1.774159587522503023e-01,3.408662734446701315e-01,-1.115582558516947931e-01,1.110730077771290430e-01,1.405811946966628763e-02,0.000000000000000000e+00,0.000000000000000000e+00,-1.551672887539719881e+00,5.960407240478911017e-01,-1.018661064594453158e+00,3.802143299767651863e-01,0.000000000000000000e+00,0.000000000000000000e+00,0.000000000000000000e+00,-1.979829407820205667e+00,-6.470016618144803777e-01,1.336190101026974109e+00,8.817362245211708416e-01,0.000000000000000000e+00,0.000000000000000000e+00,0.000000000000000000e+00
1.846778893385702877e-02,-4.747695224734339164e-02,9.019031425732607632e-01,3.109003816679927965e-02,-2.308449651227891669e-02,4.942999800723585357e-01,8.684284917297607764e-01,-3.095311707157248279e-02,1.292265172889585645e-01,1.815264478422551619e-01,1.837524830241584473e-01,5.841049734207279243e-03,-1.035454865355439763e-01,-1.156201277310492659e-01,-1.587700332120046687e-01,-1.764575993614853899e-01,3.398162447020048882e-01,-1.097006520353381309e-01,1.121906753876349278e-01,1.397398399549968154e-02,0.000000000000000000e+00,0.000000000000000000e+00,-1.557395725376314877e+00,5.929596284373973569e-01,-1.024511191085291761e+00,3.848962024023253603e-01,0.000000000000000000e+00,0.000000000000000000e+00,0.000000000000000000e+00,-1.974218632677516849e+00,-6.464388376279072146e-01,1.339534271952867561e+00,8.778358925591844830e-01,0.000000000000000000e+00,0.000000000000000000e+00,0.000000000000000000e+00
1.792615320396005393e-02,-4.738272871884655763e-02,9.019519434726973595e-01,3.078570520706184685e-02,-2.234760495402681596e-02,4.943776714855211418e-01,8.684143842914373579e-01,-3.279963805105240437e-02,1.282474188033155271e-01,1.818071951524766472e-01,1.834208913631721061e-01,5.762950470885971899e-03,-1.027908969813713935e-01,-1.176199802153995305e-01,-1.591730942398622839e-01,-1.747465496978212185e-01,3.392867846770093454e-01,-1.079386880543126565e-01,1.124785018592114882e-01,1.338436533687805373e-02,0.000000000000000000e+00,0.000000000000000000e+00,-1.563219583092380072e+00,5.901383161754309992e-01,-1.029483304898388241e+00,3.892492974782431614e-01,0.000000000000000000e+00,0.000000000000000000e+00,0.000000000000000000e+00,-1.968059104811981541e+00,-6.448036533129588577e-01,1.336946275793928551e+00,8.748742526512279793e-01,0.000000000000000000e+00,0.000000000000000000e+00,0.000000000000000000e+00
1.734464687999638308e-02,-4.741139111866801703e-02,9.018788248627718218e-01,3.090633638622942297e-02,-2.228845997238814228e-02,4.940662095905049567e-01,8.685888575523585953e-01,-3.317841978224791988e-02,1.273176260131400062e-01,1.817455460593150329e-01,1.837148092275561473e-01,4.658052770646891987e-03,-1.026850643560905940e-01,-1.183072183297917551e-01,-1.598880397996865210e-01,-1.738099068423366589e-01,3.393282631120997372e-01,-1.079462162304141437e-01,1.118587003628965515e-01,1.209989182020063288e-02,0.000000000000000000e+00,0.000000000000000000e+00,-1.568906565219442051e+00,5.888116203129286630e-01,-1.035851086059087045e+00,3.955432466068963260e-01,0.000000000000000000e+00,0.000000000000000000e+00,0.000000000000000000e+00,-1.962984657382823128e+00,-6.420774808056119998e-01,1.338726978014658231e+00,8.720275156033042707e-01,0.000000000000000000e+00,0.000000000000000000e+00,0.000000000000000000e+00
1.675013973190501992e-02,-4.731626888759998817e-02,9.019161340138970306e-01,3.048252814051397377e-02,-2.189434618372398597e-02,4.940945561946385456e-01,8.685977334889685153e-01,-3.476442435252562191e-02,1.269030552348214824e-01,1.818665316349407091e-01,1.838001031106504257e-01,4.663255549964847799e-03,-1.010780773637246638e-01,-1.201937095907006509e-01,-1.594977148617435780e-01,-1.710731494527405472e-01,3.394340834109935146e-01,-1.060578720394485253e-01,1.137331070903452868e-01,9.226755976758357902e-03,0.000000000000000000e+00,0.000000000000000000e+00,-1.574213289275093297e+00,5.871907900964159488e-01,-1.040123271742908528e+00,3.992931128212950931e-01,0.000000000000000000e+00,0.000000000000000000e+00,0.000000000000000000e+00,-1.956120085376314988e+00,-6.412388016213770303e-01,1.335977348991087332e+00,8.670477078791249959e-01,0.000000000000000000e+00,0.000000000000000000e+00,0.000000000000000000e+00
1.611177998071422479e-02,-4.734061521048334858e-02,9.018704695302107721e-01,3.043235287091492977e-02,-2.213705272395981652e-02,4.942237065568564347e-01,8.685198619908693907e-01,-3.513194189432523873e-02,1.269294225006506460e-01,1.832423683201589992e-01,1.842110169033700506e-01,5.141828279597510272e-03,-9.971314092946037544e-02,-1.216089516274463100e-01,-1.591581878348728163e-01,-1.679981450559434042e-01,3.413939965338754767e-01,-1.040600018002561938e-01,1.136527386826946401e-01,4.711461803506218279e-03,0.000000000000000000e+00,0.000000000000000000e+00,-1.578091459668950813e+00,5.871171821232447074e-01,-1.043121770235729384e+00,4.037204505307969704e-01,0.000000000000000000e+00,0.000000000000000000e+00,0.000000000000000000e+00,-1.946043830520223894e+00,-6.394425407452558607e-01,1.327197187715765558e+00,8.627791018861847849e-01,0.000000000000000000e+00,0.000000000000000000e+00,0.000000000000000000e+00
1.562703857701300617e-02,-4.732351499541572609e-02,9.018670163296634845e-01,3.008080094312255010e-02,-2.186516702671498918e-02,4.936664595398707056e-01,8.688558491550153473e-01,-3.503257277849027712e-02,1.269061637045082458e-01,1.844045697676648665e-01,1.823093691868239996e-01,5.096213842954397735e-03,-1.005638167954520795e-01,-1.224363369771127308e-01,-1.587806797172344742e-01,-1.666795299168437605e-01,3.402177209871478647e-01,-1.047618861345330221e-01,1.149633664406462252e-01,1.565141233133365839e-03,0.000000000000000000e+00,0.000000000000000000e+00,-1.582587573860291030e+00,5.875438218073582020e-01,-1.046115739950981283e+00,4.072343361818297480e-01,0.000000000000000000e+00,0.000000000000000000e+00,0.000000000000000000e+00,-1.941102743153007015e+00,-6.380281766615414352e-01,1.325603250786739462e+00,8.559801327893922229e-01,0.000000000000000000e+00,0.000000000000000000e+00,0.000000000000000000e+00
1.511810301941546655e-02,-4.737851458593451970e-02,9.018360698335482484e-01,2.989021044042773287e-02,-2.141783941127244767e-02,4.930592703557964973e-01,8.692182737327768249e-01,-3.495898375193626922e-02,1.267380217388366648e-01,1.872753624692175545e-01,1.802516872315397811e-01,4.484735733568888036e-03,-1.013026600814352501e-01,-1.239154796601313197e-01,-1.593030674692138271e-01,-1.660762043347190353e-01,3.395167464307443650e-01,-1.040971568787280727e-01,1.164790816643038462e-01,-1.476306979292438953e-03,0.000000000000000000e+00,0.000000000000000000e+00,-1.585682643158828897e+00,5.882370010385937764e-01,-1.047527190684318432e+00,4.092721616762863834e-01,0.000000000000000000e+00,0.000000000000000000e+00,0.000000000000000000e+00,-1.937365237098328530e+00,-6.349751523440959611e-01,1.325355413840360486e+00,8.519368377421829841e-01,0.000000000000000000e+00,0.000000000000000000e+00,0.000000000000000000e+00
1.465745320651304882e-02,-4.745007088152296965e-02,9.018639370046077630e-01,2.968937827452628256e-02,-2.097468476949352831e-02,4.929903122273265326e-01,8.692750746837819564e-01,-3.500642792100557010e-02,1.261058027646318469e-01,1.881398221079853272e-01,1.776196603094865045e-01,4.716711033964475497e-03,-1.019189325954186071e-01,-1.252822967914465901e-01,-1.596674325893987501e-01,-1.655115901209095464e-01,3.390689117919228890e-01,-1.034841763866962139e-01,1.162206991899278757e-01,-4.014627312616966814e-03,0.000000000000000000e+00,0.000000000000000000e+00,-1.585782552343957041e+00,5.861795589968999964e-01,-1.046041898504979084e+00,4.112036089743739686e-01,0.000000000000000000e+00,0.000000000000000000e+00,0.000000000000000000e+00,-1.933689923242748465e+00,-6.319401143662649600e-01,1.325203085660893620e+00,8.492499697879227760e-01,0.000000000000000000e+00,0.000000000000000000e+00,0.000000000000000000e+00
1.424844183253874685e-02,-4.755656431658498995e-02,9.018730790097490013e-01,2.976539702347532484e-02,-2.046547566583084565e-02,4.926670777973494730e-01,8.694678463867571150e-01,-3.481904663138821882e-02,1.247165784435219360e-01,1.882015447671498143e-01,1.747462450468773576e-01,6.109940803171412527e-03,-1.026208377131013483e-01,-1.270672942927895677e-01,-1.606101664570227516e-01,-1.647505155619103934e-01,3.398660967052009596e-01,-1.044172756669052154e-01,1.157020105064051202e-01,-5.108820473219581604e-03,0.000000000000000000e+00,0.000000000000000000e+00,-1.586386699897357921e+00,5.840964368845139587e-01,-1.043986890141347379e+00,4.130339271750474994e-01,0.000000000000000000e+00,0.000000000000000000e+00,0.000000000000000000e+00,-1.927306168761257377e+00,-6.296445843333592363e-01,1.318988731495051026e+00,8.451634671690437806e-01,0.000000000000000000e+00,0.000000000000000000e+00,0.000000000000000000e+00
1.378638955867767663e-02,-4.766125461844048644e-02,9.018841318069544810e-01,2.972772462469417190e-02,-2.038995047873755004e-02,4.921493165795283176e-01,8.697640843920925180e-01,-3.371562460075026163e-02,1.241832445426756804e-01,1.892552875186402361e-01,1.716287174062232634e-01,7.463642020992790338e-03,-1.022812479190039758e-01,-1.283202335732787636e-01,-1.606162281203029618e-01,-1.628815736387266011e-01,3.403632226706105879e-01,-1.037563459133746535e-01,1.169877345125583251e-01,-6.261459902649172890e-03,0.000000000000000000e+00,0.000000000000000000e+00,-1.586919479640707564e+00,5.809302558456972410e-01,-1.042066942247459549e+00,4.143132361998789759e-01,0.000000000000000000e+00,0.000000000000000000e+00,0.000000000000000000e+00,-1.917929343228785832e+00,-6.265304887748865958e-01,1.307773595782549592e+00,8.445594323032405981e-01,0.000000000000000000e+00,0.000000000000000000e+00,0.000000000000000000e+00
1.340677543333103870e-02,-4.777429991050092389e-02,9.018512832377384436e-01,2.961796845499385308e-02,-2.027003046496354474e-02,4.917104780206035253e-01,8.700187972764134026e-01,-3.317065009656981756e-02,1.238811490498609863e-01,1.899665651398912136e-01,1.693498054441999745e-01,7.891080815628717313e-03,-1.021634277776599375e-01,-1.294494227153130117e-01,-1.606550032811067119e-01,-1.620138836210656963e-01,3.407330819280912637e-01,-1.044059282075205652e-01,1.173395387880501045e-01,-6.434774929635394582e-03,0.000000000000000000e+00,0.000000000000000000e+00,-1.587342949671733061e+00,5.782928440937861181e-01,-1.040440244443586737e+00,4.143024167011798986e-01,0.000000000000000000e+00,0.000000000000000000e+00,0.000000000000000000e+00,-1.910153671272681875e+00,-6.236188180736713660e-01,1.299325845050839812e+00,8.449296337490469488e-01,0.000000000000000000e+00,0.000000000000000000e+00,0.000000000000000000e+00
1.309758411999954741e-02,-4.788254400417241152e-02,9.018129244745247686e-01,2.969588776817634612e-02,-2.027629069130702441e-02,4.912960553637507055e-01,8.702500860496819035e-01,-3.218036868000502537e-02,1.235593190898066907e-01,1.912875116681090337e-01,1.673139354552084512e-01,8.109754546864971977e-03,-1.019644584705177021e-01,-1.298252616642164570e-01,-1.609497336881376972e-01,-1.614440753546852458e-01,3.406988155708948751e-01,-1.053493688050850113e-01,1.181471183561691174e-01,-5.908488925423871149e-03,0.000000000000000000e+00,0.000000000000000000e+00,-1.589650954916233871e+00,5.771118901640460708e-01,-1.041706661582127547e+00,4.132203214224891008e-01,0.000000000000000000e+00,0.000000000000000000e+00,0.000000000000000000e+00,-1.904327853761827560e+00,-6.227460264370262566e-01,1.297741398790418721e+00,8.414088812182398680e-01,0.000000000000000000e+00,0.000000000000000000e+00,0.000000000000000000e+00
1.284885657976684442e-02,-4.802314488616357679e-02,9.018245851077020259e-01,2.978038004764896329e-02,-2.022517414820781609e-02,4.919240086607876705e-01,8.698935802717436827e-01,-3.197899201292451338e-02,1.228635362588858526e-01,1.906113619061167719e-01,1.656133411792537757e-01,8.781902537433945721e-03,-1.032695071394442304e-01,-1.296268885493465917e-01,-1.618821989374426840e-01,-1.630590280813374315e-01,3.405505857803386438e-01,-1.056983526567783493e-01,1.178844520953341024e-01,-4.870250805464437782e-03,0.000000000000000000e+00,0.000000000000000000e+00,-1.592427535204516520e+00,5.747197041676606055e-01,-1.044225123035745106e+00,4.129502021440208392e-01,0.000000000000000000e+00,0.000000000000000000e+00,0.000000000000000000e+00,-1.902897080519795336e+00,-6.241365383678001422e-01,1.301619812849878377e+00,8.394779500135811645e-01,0.000000000000000000e+00,0.000000000000000000e+00,0.000000000000000000e+00
1.262384548545906864e-02,-4.808343011241270060e-02,9.018767211646068205e-01,2.955880896875201155e-02,-1.983118928890391375e-02,4.914701384654914240e-01,8.701667103150099170e-01,-3.209058878884055166e-02,1.221239197303271712e-01,1.894121825799823522e-01,1.634290112152310681e-01,1.011809896107513512e-02,-1.026832891972498663e-01,-1.308670759699623876e-01,-1.616473821945780820e-01,-1.618057489474681310e-01,3.400766668085568600e-01,-1.051923050581792113e-01,1.186777739728867437e-01,-4.539058205147059391e-03,0.000000000000000000e+00,0.000000000000000000e+00,-1.597578063803849480e+00,5.752440399987146513e-01,-1.046407338974046919e+00,4.119610602319427328e-01,0.000000000000000000e+00,0.000000000000000000e+00,0.000000000000000000e+00,-1.902035120406548208e+00,-6.243278909525131759e-01,1.305301788908547866e+00,8.364630796561360881e-01,0.000000000000000000e+00,0.000000000000000000e+00,0.000000000000000000e+00
1.250240193127915081e-02,-4.821001934534100558e-02,9.018430646198791756e-01,2.957300867449630735e-02,-1.896871714265870729e-02,4.910061807986191296e-01,8.704473305981542675e-01,-3.275275629444023007e-02,1.206370647950080338e-01,1.884534946779625741e-01,1.609994932433021220e-01,1.189603568177055593e-02,-1.033194883765962413e-01,-1.330504744097765202e-01,-1.628877986038111403e-01,-1.618707426403027672e-01,3.405075569059509699e-01,-1.061135527141408436e-01,1.203586333677795495e-01,-4.100508761748032811e-03,0.000000000000000000e+00,0.000000000000000000e+00,-1.606822991478132678e+00,5.787327621854623239e-01,-1.052508843457670595e+00,4.122405923244606973e-01,0.000000000000000000e+00,0.000000000000000000e+00,0.000000000000000000e+00,-1.903949967213735439e+00,-6.249226852704502511e-01,1.311891366503906475e+00,8.303122439401009469e-01,0.000000000000000000e+00,0.000000000000000000e+00,0.000000000000000000e+00
1.234646258932878618e-02,-4.839103986136257529e-02,9.018802921440250975e-01,2.934681970374964505e-02,-1.858125406647282568e-02,4.910258303959684767e-01,8.704522589174786829e-01,-3.276916195234329254e-02,1.203049035651442000e-01,1.887105464287262557e-01,1.582085900763421649e-01,1.326598524210841241e-02,-1.021162647240518306e-01,-1.341643019159531047e-01,-1.630906330335215315e-01,-1.621445372434773269e-01,3.400305495919884180e-01,-1.049795773433252200e-01,1.218240476903452718e-01,-4.540363818183989694e-03,0.000000000000000000e+00,0.000000000000000000e+00,-1.617161509452876178e+00,5.816995078070459346e-01,-1.061273428673074282e+00,4.129572217118097077e-01,0.000000000000000000e+00,0.000000000000000000e+00,0.000000000000000000e+00,-1.904620719691456410e+00,-6.255665256006702757e-01,1.323087878175067456e+00,8.255070308456137207e-01,0.000000000000000000e+00,0.000000000000000000e+00,0.000000000000000000e+00
1.224259694380108385e-02,-4.862365265878106774e-02,9.019365855906205098e-01,2.925488129712458876e-02,-1.826082224150362907e-02,4.906016522232261035e-01,8.707012766311963414e-01,-3.224229657682044919e-02,1.195653435362435402e-01,1.876660717804954914e-01,1.549855165336186946e-01,1.503057219613500133e-02,-1.011966916215914780e-01,-1.347191814667128285e-01,-1.632587874812953810e-01,-1.623486890588531351e-01,3.387404364538177948e-01,-1.039512648056085675e-01,1.240453270324159835e-01,-5.477415820615129036e-03,0.000000000000000000e+00,0.000000000000000000e+00,-1.628151975421240349e+00,5.866032019885105697e-01,-1.071407659252648248e+00,4.156966286681693656e-01,0.000000000000000000e+00,0.000000000000000000e+00,0.000000000000000000e+00,-1.903685002501893653e+00,-6.244952973955338882e-01,1.332357644808472186e+00,8.192304075069759550e-01,0.000000000000000000e+00,0.000000000000000000e+00,0.000000000000000000e+00
1.225616662068904246e-02,-4.895983360764517844e-02,9.019383210875701051e-01,2.917488213131394503e-02,-1.789496626661555775e-02,4.907300463974329507e-01,8.706392008161089047e-01,-3.191494990673121590e-02,1.187179519191020050e-01,1.854706486652851205e-01,1.513081417354951719e-01,1.688088114774034115e-02,-1.015395675424550365e-01,-1.349205992627900697e-01,-1.636681349569969746e-01,-1.638150013297033913e-01,3.373777386621119034e-01,-1.047142442128540379e-01,1.257325347790112235e-01,-4.447695541125271101e-03,0.000000000000000000e+00,0.000000000000000000e+00,-1.640772542372886056e+00,5.881371960441855729e-01,-1.077925747964880943e+00,4.235914123642718909e-01,0.000000000000000000e+00,0.000000000000000000e+00,0.000000000000000000e+00,-1.901374851089920215e+00,-6.246321239759083932e-01,1.335856060975117554e+00,8.151844930286945567e-01,0.000000000000000000e+00,0.000000000000000000e+00,0.000000000000000000e+00
1.232797627336811551e-02,-4.936965708059169039e-02,9.019013723571259744e-01,2.898212822144497630e-02,-1.797280336111532414e-02,4.900043731736191122e-01,8.710526556149323918e-01,-3.146024231379120767e-02,1.190192844109306952e-01,1.834601305218692691e-01,1.496134849505490472e-01,1.727493671107649745e-02,-1.011818513763746707e-01,-1.347251679458128515e-01,-1.625406722754205724e-01,-1.636483899245156359e-01,3.356293911449966805e-01,-1.053672699622953540e-01,1.270276948175530773e-01,-3.371779072768334856e-03,0.000000000000000000e+00,0.000000000000000000e+00,-1.654608834381317450e+00,5.916792571857584226e-01,-1.083077168770088194e+00,4.327953648611870818e-01,0.000000000000000000e+00,0.000000000000000000e+00,0.000000000000000000e+00,-1.898795255507655488e+00,-6.225034763806018834e-01,1.342445395291818278e+00,8.110594031357931666e-01,0.000000000000000000e+00,0.000000000000000000e+00,0.000000000000000000e+00
1.249107507178197005e-02,-4.984775909542173838e-02,9.018745542591253272e-01,2.854287466031735568e-02,-1.717993400115579855e-02,4.893547083494210748e-01,8.714482908297505048e-01,-3.294674027174613468e-02,1.189918526679259597e-01,1.818621490011830821e-01,1.476761604002433670e-01,1.925311790382946975e-02,-1.004564394067073291e-01,-1.370174552076202368e-01,-1.618159956314469683e-01,-1.630865580097972112e-01,3.346589797090930296e-01,-1.053152158137785621e-01,1.286991889377894771e-01,6.825488299384676119e-04,0.000000000000000000e+00,0.000000000000000000e+00,-1.667860516141242755e+00,5.939154495246864451e-01,-1.085742314094437555e+00,4.420038931363990398e-01,0.000000000000000000e+00,0.000000000000000000e+00,0.000000000000000000e+00,-1.892119487198168359e+00,-6.200608013430789489e-01,1.341889296140131194e+00,8.089657004634815962e-01,0.000000000000000000e+00,0.000000000000000000e+00,0.000000000000000000e+00
1.277811004076451380e-02,-5.043281477660216394e-02,9.017967966586389883e-01,2.833676680693580571e-02,-1.693113401020339762e-02,4.882151598659045799e-01,8.720988029031837563e-01,-3.332543061072299612e-02,1.195801353186896343e-01,1.804268061346290253e-01,1.464554071005843561e-01,2.106990644893328227e-02,-1.008871505218160852e-01,-1.378497640989709005e-01,-1.610511216995912098e-01,-1.642202195570469647e-01,3.334454715530025259e-01,-1.071410783006636197e-01,1.290368611330544590e-01,5.416244773977185040e-03,0.000000000000000000e+00,0.000000000000000000e+00,-1.678968121517898870e+00,6.004966117434744621e-01,-1.087593605158550858e+00,4.459243336315351081e-01,0.000000000000000000e+00,0.000000000000000000e+00,0.000000000000000000e+00,-1.879688903280900103e+00,-6.134316624762159442e-01,1.339920470653592766e+00,8.079535980855570010e-01,0.000000000000000000e+00,0.000000000000000000e+00,0.000000000000000000e+00
1.319881251096109882e-02,-5.091982721080949570e-02,9.017719433561788289e-01,2.786432420080505248e-02,-1.669251690225198245e-02,4.883611528878245567e-01,8.720368820562434120e-01,-3.444688973941185256e-02,1.204561344550054425e-01,1.776175779423083967e-01,1.456787548472999461e-01,2.084672801782953486e-02,-1.012748030263904281e-01,-1.376538221557717934e-01,-1.596190135175964697e-01,-1.654590473024764030e-01,3.308331640827627540e-01,-1.070380017448811505e-01,1.293622139551647843e-01,9.020736114638093842e-03,0.000000000000000000e+00,0.000000000000000000e+00,-1.683838600768544635e+00,6.121400461403141424e-01,-1.082326255348911914e+00,4.388208876201010189e-01,0.000000000000000000e+00,0.000000000000000000e+00,0.000000000000000000e+00,-1.860279238071339769e+00,-6.033743566649910628e-01,1.336454023182372941e+00,8.020704047180565732e-01,0.000000000000000000e+00,0.000000000000000000e+00,0.000000000000000000e+00
1.389807718900415955e-02,-5.120647369067185539e-02,9.018356570059608002e-01,2.706765035365019459e-02,-1.580974433867046378e-02,4.869771281906319915e-01,8.728520326535776919e-01,-3.516852754329968106e-02,1.216828538574337842e-01,1.760806762167803630e-01,1.433818414501246141e-01,2.072335184186861398e-02,-1.033382540182160303e-01,-1.384251234542994702e-01,-1.573152107892239748e-01,-1.659825278283401373e-01,3.268611863779481985e-01,-1.088326526979533082e-01,1.274284967086435350e-01,1.542428631141425262e-02,0.000000000000000000e+00,0.000000000000000000e+00,-1.681514620501088686e+00,6.354413908412361867e-01,-1.066742286669496664e+00,4.176905637834462670e-01,0.000000000000000000e+00,0.000000000000000000e+00,0.000000000000000000e+00,-1.846420072701052684e+00,-5.982501049937459792e-01,1.335823026540087000e+00,7.875347011037791001e-01,0.000000000000000000e+00,0.000000000000000000e+00,0.000000000000000000e+00
1.465779485640805908e-02,-5.135068204664188646e-02,9.018136761365767029e-01,2.684005543282323714e-02,-1.741637017100735804e-02,4.867595191607799743e-01,8.729498565099801377e-01,-3.305107542880954263e-02,1.253785480764954829e-01,1.761278766452786249e-01,1.457357981693097604e-01,1.940892377762767559e-02,-1.041103700854989073e-01,-1.343424238948937033e-01,-1.543197035649269411e-01,-1.688506156094227162e-01,3.254887443090905830e-01,-1.094805831832395826e-01,1.225267270317431378e-01,1.957407288779273308e-02,0.000000000000000000e+00,0.000000000000000000e+00,-1.663075262852093061e+00,6.745930245439272221e-01,-1.037730597924674036e+00,3.773131738019162573e-01,0.000000000000000000e+00,0.000000000000000000e+00,0.000000000000000000e+00,-1.852755058516656117e+00,-6.178929720632918565e-01,1.343027679691123133e+00,7.630145899770720552e-01,0.000000000000000000e+00,0.000000000000000000e+00,0.000000000000000000e+00
1.556460571079484531e-02,-5.130802805967159264e-02,9.017800620577187676e-01,2.626908615617866427e-02,-1.792878524619064690e-02,4.866767288832901106e-01,8.730030099235480678e-01,-3.356443728331168219e-02,1.276722660769059881e-01,1.722878782193426606e-01,1.486553202782221472e-01,1.688604349053976147e-02,-1.048372449036387294e-01,-1.321082170931031918e-01,-1.514101378431155775e-01,-1.706310641675333195e-01,3.238403196797242645e-01,-1.136273199955565583e-01,1.176405300859597880e-01,2.877191451504371514e-02,0.000000000000000000e+00,0.000000000000000000e+00,-1.633451007322306303e+00,7.214026375058344431e-01,-9.914358602422468358e-01,3.263857089468962802e-01,0.000000000000000000e+00,0.000000000000000000e+00,0.000000000000000000e+00,-1.856559799492214946e+00,-6.471563785451726059e-01,1.345499384332392134e+00,7.350643870269810698e-01,0.000000000000000000e+00,0.000000000000000000e+00,0.000000000000000000e+00
1.651759275481837555e-02,-5.091473477411202764e-02,9.020569142133909590e-01,2.407190602788580880e-02,-1.654970398095327935e-02,4.867095934880003583e-01,8.730752672279015192e-01,-3.803958904897101340e-02,1.299192188343921139e-01,1.654634567527146216e-01,1.486415894219661471e-01,1.586422439791778868e-02,-1.042858056375049053e-01,-1.308644187206932374e-01,-1.466038000928852614e-01,-1.731546087869941242e-01,3.138672965279678539e-01,-1.134933712650762760e-01,1.113748136538661448e-01,3.626871290214429833e-02,0.000000000000000000e+00,0.000000000000000000e+00,-1.585427646620500841e+00,7.857868766182101172e-01,-9.261672904108351201e-01,2.605051755096219890e-01,0.000000000000000000e+00,0.000000000000000000e+00,0.000000000000000000e+00,-1.863929314968616469e+00,-6.903554290244974245e-01,1.344507521219283630e+00,7.004140396565077253e-01,0.000000000000000000e+00,0.000000000000000000e+00,0.000000000000000000e+00
1.748334835876408019e-02,-5.015908424094757401e-02,9.020528295818480702e-01,2.285425791639439375e-02,-1.730343435158353954e-02,4.870095781801715429e-01,8.729260821028901329e-01,-3.922993630848736063e-02,1.337735309201246170e-01,1.621567537456721220e-01,1.536968068541410271e-01,1.229099565332952490e-02,-1.048549857120101431e-01,-1.275852131600689332e-01,-1.420749366472248698e-01,-1.736765088806377089e-01,3.111767753093940270e-01,-1.160035501409133335e-01,1.076310457643357421e-01,3.818951695505085758e-02,0.000000000000000000e+00,0.000000000000000000e+00,-1.531079825759104729e+00,8.462302622204427305e-01,-8.554893920496453585e-01,1.967105374029885501e-01,0.000000000000000000e+00,0.000000000000000000e+00,0.000000000000000000e+00,-1.878662098941223713e+00,-7.352804796601970505e-01,1.358070351560569433e+00,6.602351971568436451e-01,0.000000000000000000e+00,0.000000000000000000e+00,0.000000000000000000e+00
1.858894946743504598e-02,-4.894778090323261693e-02,9.022167467778868799e-01,2.064809119453363956e-02,-1.751416581216758833e-02,4.868392634987794843e-01,8.730718423141884399e-01,-3.912324638641041102e-02,1.388582456252105413e-01,1.616271722096150332e-01,1.543037630847875208e-01,8.560202041476311363e-03,-1.036940812915237708e-01,-1.214037256258051201e-01,-1.357688811736696421e-01,-1.748544656389743324e-01,2.998317638920873218e-01,-1.178944566145504191e-01,1.102943847867027538e-01,4.579680606594283693e-02,0.000000000000000000e+00,0.000000000000000000e+00,-1.479464406658239639e+00,9.188214631055025006e-01,-7.838616352111154040e-01,1.363376266447957619e-01,0.000000000000000000e+00,0.000000000000000000e+00,0.000000000000000000e+00,-1.899998552812679709e+00,-7.917170498192246386e-01,1.370027534401909053e+00,6.120132815448074970e-01,0.000000000000000000e+00,0.000000000000000000e+00,0.000000000000000000e+00
1.980282938503642384e-02,-4.791058614613945277e-02,9.023841307661968347e-01,1.870537806970135747e-02,-1.692322862965327940e-02,4.884197927491139013e-01,8.722441282203792223e-01,-4.085794391362380928e-02,1.406815295556238521e-01,1.527201413388263318e-01,1.530821193779013378e-01,5.523264397827000460e-03,-1.035344894004978228e-01,-1.166085925824801722e-01,-1.316812602280482136e-01,-1.792071453825979099e-01,2.904840834181005027e-01,-1.225249113579773147e-01,1.093869599826713529e-01,5.584117854044871182e-02,0.000000000000000000e+00,0.000000000000000000e+00,-1.410346360987630110e+00,9.710131671031630995e-01,-7.064278766028260215e-01,1.000690543402719540e-01,0.000000000000000000e+00,0.000000000000000000e+00,0.000000000000000000e+00,-1.920448986730188601e+00,-8.410478870103439419e-01,1.390219452749112294e+00,5.809439203359938464e-01,0.000000000000000000e+00,0.000000000000000000e+00,0.000000000000000000e+00
2.086214458377358069e-02,-4.704081365275906285e-02,9.025097456158903686e-01,1.831942869112426417e-02,-1.686172447249281378e-02,4.895043052881408729e-01,8.716453498324979732e-01,-4.030803494428950029e-02,1.404208801986369382e-01,1.457387427086670739e-01,1.528430614467997384e-01,3.369938291518634593e-03,-1.048164597293093914e-01,-1.120626410160729530e-01,-1.307094169147326179e-01,-1.837076996869857481e-01,2.860600691843105947e-01,-1.273956366000819906e-01,1.047095741635866717e-01,6.562790386993611058e-02,0.000000000000000000e+00,0.000000000000000000e+00,-1.345414704025621910e+00,1.008240877700129934e+00,-6.271310039058175523e-01,6.749795622407005202e-02,0.000000000000000000e+00,0.000000000000000000e+00,0.000000000000000000e+00,-1.925751938404242303e+00,-8.761726013545503289e-01,1.388266470840558542e+00,5.645665444607838035e-01,0.000000000000000000e+00,0.000000000000000000e+00,0.000000000000000000e+00
2.171361840592835046e-02,-4.634634579007180372e-02,9.025783013465756843e-01,1.777532662357068222e-02,-1.772888183542965443e-02,4.894305631527229861e-01,8.716808179398565226e-01,-3.863704698161388174e-02,1.428489667279946029e-01,1.439686108332060011e-01,1.546314973963491546e-01,1.046281656515207249e-03,-1.055558172226829378e-01,-1.076768026926680361e-01,-1.276720198031461029e-01,-1.846650819507034136e-01,2.826682725009078689e-01,-1.296572076457081779e-01,1.026264997413312563e-01,7.340954486326374540e-02,0.000000000000000000e+00,0.000000000000000000e+00,-1.273148067144836748e+00,1.033765171803258776e+00,-5.411422638974446864e-01,4.162529574857286307e-02,0.000000000000000000e+00,0.000000000000000000e+00,0.000000000000000000e+00,-1.929910645525766189e+00,-9.049844906943883549e-01,1.391028833238441509e+00,5.527036323138269092e-01,0.000000000000000000e+00,0.000000000000000000e+00,0.000000000000000000e+00
2.241440153776554089e-02,-4.584110021978178573e-02,9.023493423847569472e-01,1.900553253232884279e-02,-2.140710746386011512e-02,4.893546066800240069e-01,8.716149347069682696e-01,-3.436462742679901455e-02,1.452222352955714335e-01,1.409109018912279021e-01,1.656880743634758235e-01,-6.792732383417149702e-03,-1.032640068897618391e-01,-1.008616470349627259e-01,-1.263074974111002557e-01,-1.857034168986699263e-01,2.894893380470692779e-01,-1.363707654511516487e-01,1.000957666274491370e-01,8.052635553660637824e-02,0.000000000000000000e+00,0.000000000000000000e+00,-1.217199295865726727e+00,1.059201997564535480e+00,-4.775168348517247474e-01,2.736561900725954094e-02,0.000000000000000000e+00,0.000000000000000000e+00,0.000000000000000000e+00,-1.934618558222167106e+00,-9.317028982228481304e-01,1.392925713830767354e+00,5.481400874490784947e-01,0.000000000000000000e+00,0.000000000000000000e+00,0.000000000000000000e+00
2.291242755649054719e-02,-4.562429874350724945e-02,9.022573386319007183e-01,1.898672581137464399e-02,-2.210236068341039570e-02,4.895208293870956795e-01,8.715046457084177911e-01,-3.593389097718050623e-02,1.469211277493660261e-01,1.401759518798603998e-01,1.726564945962411057e-01,-1.094424295268301220e-02,-1.028054028214091115e-01,-9.859896596079427422e-02,-1.257623677788574368e-01,-1.885722005007692270e-01,2.893834839619016663e-01,-1.382993690132724163e-01,9.956539628036088774e-02,8.422585763908836676e-02,0.000000000000000000e+00,0.000000000000000000e+00,-1.150356666816021223e+00,1.082653485217465850e+00,-4.033268586710841430e-01,7.025015036893657305e-03,0.000000000000000000e+00,0.000000000000000000e+00,0.000000000000000000e+00,-1.947133615401870577e+00,-9.569841602562437766e-01,1.402717110843721970e+00,5.365994655080749132e-01,0.000000000000000000e+00,0.000000000000000000e+00,0.000000000000000000e+00
2.334722669419933908e-02,-4.533911446706707232e-02,9.018516917645255093e-01,2.066076376607779014e-02,-2.583081795536047026e-02,4.880514882239422314e-01,8.721878504810505195e-01,-3.068828959158453537e-02,1.492656167188067817e-01,1.410421631633944628e-01,1.835854129054202422e-01,-1.757705057761589640e-02,-1.010964551747051826e-01,-9.347291857537341764e-02,-1.256243925908107073e-01,-1.884880323457899798e-01,2.988099861704982541e-01,-1.462350315536007916e-01,1.008520145881106750e-01,8.733050385877222377e-02,0.000000000000000000e+00,0.000000000000000000e+00,-1.105043306263246761e+00,1.106787316546900435e+00,-3.584369473676976003e-01,-4.208847189399107444e-03,0.000000000000000000e+00,0.000000000000000000e+00,0.000000000000000000e+00,-1.958191695318507453e+00,-9.778704426719325715e-01,1.413386712680015034e+00,5.323809727506272349e-01,0.000000000000000000e+00,0.000000000000000000e+00,0.000000000000000000e+00
2.385898995403865769e-02,-4.499125620940462589e-02,9.016227656826903969e-01,2.107515038008239347e-02,-2.641634815192507243e-02,4.857525428231854736e-01,8.734428897916471923e-01,-2.942490533546310988e-02,1.497714423985631038e-01,1.401546193294427589e-01,1.884935987008286573e-01,-2.187421950245259025e-02,-1.038563967833607410e-01,-9.331564948063984788e-02,-1.248637149423673376e-01,-1.856773470794301772e-01,3.022237697601019013e-01,-1.528668131093536831e-01,1.014042112859617900e-01,9.083061430950581383e-02,0.000000000000000000e+00,0.000000000000000000e+00,-1.065085042569578810e+00,1.124324430970264688e+00,-3.192083362946770420e-01,-2.034478066439573962e-02,0.000000000000000000e+00,0.000000000000000000e+00,0.000000000000000000e+00,-1.972994776593759436e+00,-9.931781013939704472e-01,1.420139515108072459e+00,5.275939867175621911e-01,0.000000000000000000e+00,0.000000000000000000e+00,0.000000000000000000e+00
2.425330587434080046e-02,-4.473287581139717001e-02,9.014637413198439697e-01,2.177007529602734831e-02,-2.728505235512979771e-02,4.860280206905048250e-01,8.732458719302681471e-01,-2.791478536113299255e-02,1.498893017124658389e-01,1.398466268787314226e-01,1.915733378423239153e-01,-2.496858991783302770e-02,-1.053629348981138386e-01,-9.182443428141413844e-02,-1.259169207389499168e-01,-1.871363359315819652e-01,3.064623224454164352e-01,-1.576589470321220487e-01,1.021472371448425287e-01,9.056332933143555752e-02,0.000000000000000000e+00,0.000000000000000000e+00,-1.034397822927991761e+00,1.138800071561299809e+00,-2.876277555715757162e-01,-2.997450105301377454e-02,0.000000000000000000e+00,0.000000000000000000e+00,0.000000000000000000e+00,-1.986439924728822692e+00,-1.008256296766821603e+00,1.426842947468385692e+00,5.242390359667089550e-01,0.000000000000000000e+00,0.000000000000000000e+00,0.000000000000000000e+00
2.463744417309001594e-02,-4.439049911722987851e-02,9.013637705717434390e-01,2.235347650986040449e-02,-2.749935357681156795e-02,4.848734559436233549e-01,8.738660305573553444e-01,-2.653652457018967903e-02,1.496297110243199058e-01,1.412544457917391805e-01,1.935944485748871124e-01,-2.607241656847510136e-02,-1.055630306609590952e-01,-9.146508157111471471e-02,-1.274260541435548455e-01,-1.883736351049041247e-01,3.091094463302674344e-01,-1.611851309390866238e-01,1.046231109442958968e-01,8.983987387923163259e-02,0.000000000000000000e+00,0.000000000000000000e+00,-1.009899160167118559e+00,1.152653076046745273e+00,-2.707657872256953313e-01,-3.736574481233104206e-02,0.000000000000000000e+00,0.000000000000000000e+00,0.000000000000000000e+00,-2.004240425868977216e+00,-1.017513211179295718e+00,1.438317845788140703e+00,5.177597790364166785e-01,0.000000000000000000e+00,0.000000000000000000e+00,0.000000000000000000e+00
2.494608909151270482e-02,-4.387497439972374430e-02,9.012443636130914593e-01,2.285678119922084084e-02,-2.787273699022035228e-02,4.855555503792689520e-01,8.734623549883366866e-01,-2.478034076828999899e-02,1.485902030960622178e-01,1.397135041541365252e-01,1.934405920631553644e-01,-2.842091658766310314e-02,-1.044077743240266892e-01,-8.995210730672691113e-02,-1.290921947629686262e-01,-1.906701757064502289e-01,3.117039444157785333e-01,-1.651434746400951004e-01,1.058859083403323048e-01,8.761210751042641798e-02,0.000000000000000000e+00,0.000000000000000000e+00,-9.910135112835103399e-01,1.171479186025456309e+00,-2.622446734258251921e-01,-4.321348359764194680e-02,0.000000000000000000e+00,0.000000000000000000e+00,0.000000000000000000e+00,-2.023670566874909316e+00,-1.031187508667580577e+00,1.445034732399008037e+00,5.135153233526807970e-01,0.000000000000000000e+00,0.000000000000000000e+00,0.000000000000000000e+00
2.529037980762793847e-02,-4.330908850018021228e-02,9.012224470341839710e-01,2.301106461408634549e-02,-2.661457167116618519e-02,4.851201950112935535e-01,8.737394073019096874e-01,-2.446273374241778042e-02,1.464853987740028785e-01,1.399844139307184487e-01,1.904457245244034203e-01,-2.821452746474698015e-02,-1.041251898494104516e-01,-9.202130716991809012e-02,-1.313365711373658540e-01,-1.914534351079286156e-01,3.133345162247372362e-01,-1.687880075617989584e-01,1.073944995281610609e-01,8.630094171116749202e-02,0.000000000000000000e+00,0.000000000000000000e+00,-9.772457098188370717e-01,1.179112927514790243e+00,-2.630615492303417513e-01,-5.034815851377318768e-02,0.000000000000000000e+00,0.000000000000000000e+00,0.000000000000000000e+00,-2.038211265662395633e+00,-1.036569004410314854e+00,1.448577337066409898e+00,5.064525721492527666e-01,0.000000000000000000e+00,0.000000000000000000e+00,0.000000000000000000e+00
2.557782503068790556e-02,-4.271775745988016376e-02,9.012843480177608058e-01,2.333883193199547817e-02,-2.623447147330355139e-02,4.842850985953826570e-01,8.742053504234733596e-01,-2.173156655349163524e-02,1.449095109412945614e-01,1.404310356228634371e-01,1.863241585006990830e-01,-2.523410955352146934e-02,-1.027088181395054284e-01,-9.239355803375204346e-02,-1.325313942917193955e-01,-1.907090024155583263e-01,3.146053030034525744e-01,-1.706086459033254454e-01,1.088744988576293704e-01,8.540029514123541332e-02,0.000000000000000000e+00,0.000000000000000000e+00,-9.666295553369509408e-01,1.189828240974262874e+00,-2.692956823871743843e-01,-5.051974761183060381e-02,0.000000000000000000e+00,0.000000000000000000e+00,0.000000000000000000e+00,-2.051557927481792554e+00,-1.040102608570344644e+00,1.454030753919108854e+00,4.966153792170842629e-01,0.000000000000000000e+00,0.000000000000000000e+00,0.000000000000000000e+00
2.578132978947416873e-02,-4.202942260240125072e-02,9.013410788453675160e-01,2.316100194473166493e-02,-2.561556021166373764e-02,4.831866882246561024e-01,8.748360048525946064e-01,-1.861078493717694196e-02,1.437965405557848075e-01,1.410303949554025937e-01,1.800430776547523315e-01,-2.417119519072709333e-02,-1.014908335941293871e-01,-9.272045022374600376e-02,-1.325488932721936852e-01,-1.891191429668661605e-01,3.138125231287451355e-01,-1.736093682820354367e-01,1.106486040616331545e-01,8.464966601719589590e-02,0.000000000000000000e+00,0.000000000000000000e+00,-9.582420855564556250e-01,1.197993733281008222e+00,-2.766853247239479119e-01,-4.822158837703550277e-02,0.000000000000000000e+00,0.000000000000000000e+00,0.000000000000000000e+00,-2.062156644462701305e+00,-1.043095117673055183e+00,1.457652770918686613e+00,4.895376518387863918e-01,0.000000000000000000e+00,0.000000000000000000e+00,0.000000000000000000e+00
2.584392049119588544e-02,-4.148064437893191070e-02,9.014074767659384646e-01,2.320745161020316277e-02,-2.471910398726659755e-02,4.820051662679276094e-01,8.755120786024915835e-01,-1.605313039678544010e-02,1.419444138784230758e-01,1.423544380105432883e-01,1.738712440422576500e-01,-2.204140584209859921e-02,-9.958318856540068764e-02,-9.404131630334376657e-02,-1.331978970072619228e-01,-1.860076558057187635e-01,3.130132372912944883e-01,-1.740516984281323398e-01,1.140415171530282795e-01,8.358854670884284521e-02,0.000000000000000000e+00,0.000000000000000000e+00,-9.531636827991143424e-01,1.202446003802398522e+00,-2.885813507330278194e-01,-4.997187806261865761e-02,0.000000000000000000e+00,0.000000000000000000e+00,0.000000000000000000e+00,-2.069001035295876090e+00,-1.039930055766178585e+00,1.455878390106376763e+00,4.850998593728618191e-01,0.000000000000000000e+00,0.000000000000000000e+00,0.000000000000000000e+00
2.574146595962445438e-02,-4.117137009372320161e-02,9.014909857164111751e-01,2.316653813244284529e-02,-2.496520201440110415e-02,4.818737902998842526e-01,8.755784947229817705e-01,-1.228720422373252331e-02,1.420414720835980193e-01,1.455628176356323078e-01,1.680402599836304245e-01,-2.004028655368501888e-02,-9.720388672546989572e-02,-9.254115504259685654e-02,-1.333019226312971428e-01,-1.863600519628317298e-01,3.115591244960334016e-01,-1.745277721924405612e-01,1.177765043722205085e-01,8.284504076805465633e-02,0.000000000000000000e+00,0.000000000000000000e+00,-9.487657814958332381e-01,1.197694403982610734e+00,-3.011899836542791253e-01,-4.891156742165145288e-02,0.000000000000000000e+00,0.000000000000000000e+00,0.000000000000000000e+00,-2.069874922026337494e+00,-1.035241436104253676e+00,1.451973519445148186e+00,4.833486730722775793e-01,0.000000000000000000e+00,0.000000000000000000e+00,0.000000000000000000e+00
2.566506742567620236e-02,-4.106611482960797338e-02,9.015461440744634292e-01,2.318049756695194502e-02,-2.465115187756452761e-02,4.811099577253326598e-01,8.760069599159516773e-01,-1.044869794309729108e-02,1.412758962755751024e-01,1.465252060204212392e-01,1.637245627955338234e-01,-1.727242780932888508e-02,-9.664124154886211127e-02,-9.287521442426997786e-02,-1.333192100617991149e-01,-1.850771519220124617e-01,3.103662782268467590e-01,-1.748124137383075538e-01,1.180475387583900942e-01,8.043618705994891316e-02,0.000000000000000000e+00,0.000000000000000000e+00,-9.445641779235922630e-01,1.191809589612893516e+00,-3.205854625991392814e-01,-5.256728365182381651e-02,0.000000000000000000e+00,0.000000000000000000e+00,0.000000000000000000e+00,-2.068003491541697159e+00,-1.025001168289203957e+00,1.451211073301490684e+00,4.787601388914112244e-01,0.000000000000000000e+00,0.000000000000000000e+00,0.000000000000000000e+00
2.544556944138410062e-02,-4.120344487243998710e-02,9.016223588842898762e-01,2.319334752760507379e-02,-2.350720220736301352e-02,4.794250102237337385e-01,8.769613102337070476e-01,-1.001937122518559327e-02,1.401672518697560099e-01,1.502646258056946071e-01,1.593909606604406171e-01,-1.386058327071740433e-02,-9.622097369257419375e-02,-9.600110530973744727e-02,-1.339753652149355823e-01,-1.823184119246850088e-01,3.097547104700326681e-01,-1.741018520443490258e-01,1.192289937464956345e-01,7.714271579677144108e-02,0.000000000000000000e+00,0.000000000000000000e+00,-9.437733739122904364e-01,1.182197819999731392e+00,-3.433107477133018337e-01,-5.303978865209808824e-02,0.000000000000000000e+00,0.000000000000000000e+00,0.000000000000000000e+00,-2.060102230821728497e+00,-1.013812600713604573e+00,1.443055338078591099e+00,4.775858653787700692e-01,0.000000000000000000e+00,0.000000000000000000e+00,0.000000000000000000e+00
2.507488209193249953e-02,-4.169273196086539096e-02,9.015667783515235456e-01,2.355789645910366312e-02,-2.365982754186498130e-02,4.778163664267807698e-01,8.778250156208933230e-01,-8.195269591136186693e-03,1.399283746874676326e-01,1.530908184220853285e-01,1.568658402780201411e-01,-1.172299635950862194e-02,-9.530163588057158353e-02,-9.721141626580971640e-02,-1.342422787385550154e-01,-1.808270968430948644e-01,3.105661577631093628e-01,-1.749344197200572437e-01,1.189464040595427513e-01,7.353854197965106754e-02,0.000000000000000000e+00,0.000000000000000000e+00,-9.429273124055662647e-01,1.174117370113248793e+00,-3.701777868842535679e-01,-5.466592831523639506e-02,0.000000000000000000e+00,0.000000000000000000e+00,0.000000000000000000e+00,-2.051839104849791706e+00,-1.002733928785140449e+00,1.436333005870913393e+00,4.783155545370129103e-01,0.000000000000000000e+00,0.000000000000000000e+00,0.000000000000000000e+00
2.462412601450572613e-02,-4.230979991663977313e-02,9.016122315415584509e-01,2.369145078504760263e-02,-2.347752631282152072e-02,4.760223171512575346e-01,8.788004747904268887e-01,-6.931275168497501304e-03,1.396254461707704120e-01,1.560220581183729416e-01,1.535904635386318717e-01,-8.553216012165439433e-03,-9.383783610211569870e-02,-9.937257905875658548e-02,-1.339321245679914174e-01,-1.776782609980618877e-01,3.105377027633424714e-01,-1.737427047924375023e-01,1.208906461075827943e-01,7.004486141071165906e-02,0.000000000000000000e+00,0.000000000000000000e+00,-9.435135900429283407e-01,1.166815521249988219e+00,-4.040319476821699340e-01,-5.997333719857277090e-02,0.000000000000000000e+00,0.000000000000000000e+00,0.000000000000000000e+00,-2.044020561096794530e+00,-9.872609200571533794e-01,1.433328615044058063e+00,4.789310747089223219e-01,0.000000000000000000e+00,0.000000000000000000e+00,0.000000000000000000e+00
2.404051966259182840e-02,-4.320009892989870592e-02,9.016288401705895295e-01,2.390816581810292427e-02,-2.345923797024112439e-02,4.753156511443055732e-01,8.791775108238017999e-01,-7.088021750696317513e-03,1.394752901450066473e-01,1.580812816908283569e-01,1.519656015510433555e-01,-5.589320035494639398e-03,-9.343960339916586311e-02,-1.007966992932628897e-01,-1.345177966302898431e-01,-1.779410108632051013e-01,3.102055179616323155e-01,-1.718984157667781953e-01,1.217216725615291734e-01,6.719724331817367169e-02,0.000000000000000000e+00,0.000000000000000000e+00,-9.434851477653616314e-01,1.156990575072576855e+00,-4.421799410330755631e-01,-6.437500603200091431e-02,0.000000000000000000e+00,0.000000000000000000e+00,0.000000000000000000e+00,-2.035161048412375440e+00,-9.723729679745722887e-01,1.432822259328909276e+00,4.831513830883608640e-01,0.000000000000000000e+00,0.000000000000000000e+00,0.000000000000000000e+00
2.334830040590776465e-02,-4.417214615030390368e-02,9.016365432433021132e-01,2.393127542118122023e-02,-2.390129438775720483e-02,4.746517307480623282e-01,8.795235964322820621e-01,-7.244798534716325247e-03,1.405946901250114678e-01,1.616574977893805443e-01,1.517402541610688160e-01,-3.751436162545537280e-03,-9.207860224324172782e-02,-1.016572024830771775e-01,-1.338513670163276603e-01,-1.768982378055281302e-01,3.096109136717227206e-01,-1.694752559340009790e-01,1.229306161000283393e-01,6.401608557313276382e-02,0.000000000000000000e+00,0.000000000000000000e+00,-9.494050195443748397e-01,1.143111974595683256e+00,-4.814260075281011630e-01,-6.415973968926355631e-02,0.000000000000000000e+00,0.000000000000000000e+00,0.000000000000000000e+00,-2.026774972836155708e+00,-9.535101841020222624e-01,1.432047473553019090e+00,4.922192159659927180e-01,0.000000000000000000e+00,0.000000000000000000e+00,0.000000000000000000e+00
2.263825388317263279e-02,-4.524861454471140743e-02,9.016245845867895126e-01,2.407391791491560185e-02,-2.306516737578394663e-02,4.735732176016942963e-01,8.801232027963658000e-01,-9.238028028064079397e-03,1.396631741566665141e-01,1.638645028839609830e-01,1.504094678606107127e-01,-1.857245131171064018e-03,-9.170254464847014952e-02,-1.053721021873196689e-01,-1.346409816875629994e-01,-1.753814012054193405e-01,3.093108769524641755e-01,-1.682296843927763574e-01,1.233092190683595518e-01,6.259673020338157867e-02,0.000000000000000000e+00,0.000000000000000000e+00,-9.496936067630231681e-01,1.130953087605777174e+00,-5.270820913842356736e-01,-6.139268912348266188e-02,0.000000000000000000e+00,0.000000000000000000e+00,0.000000000000000000e+00,-2.017161723014044394e+00,-9.388025528222654348e-01,1.429224531817657962e+00,4.971926538840242271e-01,0.000000000000000000e+00,0.000000000000000000e+00,0.000000000000000000e+00
2.179013883594500822e-02,-4.624238246839349614e-02,9.016195893914499271e-01,2.372294690235491471e-02,-2.244058701858293869e-02,4.731293271813665768e-01,8.803875746541625080e-01,-1.072030845849768557e-02,1.393167697089606472e-01,1.646736531883663535e-01,1.473218149487001416e-01,-1.617853307747885161e-03,-9.101508039239519787e-02,-1.083547149714005342e-01,-1.341882866003079322e-01,-1.735902276938843802e-01,3.080360208952276913e-01,-1.671954591211620988e-01,1.247242150481335105e-01,5.889377882706244016e-02,0.000000000000000000e+00,0.000000000000000000e+00,-9.499004086114100076e-01,1.122493084214597259e+00,-5.693029855293298969e-01,-6.083176098436429702e-02,0.000000000000000000e+00,0.000000000000000000e+00,0.000000000000000000e+00,-2.011006146016851126e+00,-9.264832649803431686e-01,1.424522261888921060e+00,5.087557708620817909e-01,0.000000000000000000e+00,0.000000000000000000e+00,0.000000000000000000e+00
2.083057217204078646e-02,-4.734869682358077564e-02,9.015381530674000388e-01,2.380471440012696741e-02,-2.245956015774132342e-02,4.711068837292511358e-01,8.814687787056130208e-01,-1.142060769138776577e-02,1.396609744542447740e-01,1.682940728118355878e-01,1.470987548464945116e-01,-2.840115196121751479e-04,-8.963328805288578449e-02,-1.107190234614849750e-01,-1.337671803979763874e-01,-1.708898937558489539e-01,3.068777041524100024e-01,-1.652998494556073006e-01,1.268144126933726246e-01,5.730914572505991372e-02,0.000000000000000000e+00,0.000000000000000000e+00,-9.476244544044474249e-01,1.106192304900829981e+00,-6.093655065174926611e-01,-6.133810152745328148e-02,0.000000000000000000e+00,0.000000000000000000e+00,0.000000000000000000e+00,-2.001600358302227711e+00,-9.128960161568333564e-01,1.414700046855752458e+00,5.213138363466688352e-01,0.000000000000000000e+00,0.000000000000000000e+00,0.000000000000000000e+00
1.987444696563200192e-02,-4.828655863808860998e-02,9.014320414756596955e-01,2.349454028795160479e-02,-2.187066348999103585e-02,4.697584011251437208e-01,8.822112701771136489e-01,-1.336817780277810980e-02,1.397546825710872798e-01,1.709214517986700210e-01,1.459707137547614220e-01,2.357734276443434335e-04,-8.920723749722009321e-02,-1.155172092448795013e-01,-1.332981325333528477e-01,-1.673957867068959215e-01,3.082328548590673734e-01,-1.649607668987373432e-01,1.285406248217312031e-01,5.454010109362130571e-02,0.000000000000000000e+00,0.000000000000000000e+00,-9.339551742476376317e-01,1.096715532134098225e+00,-6.473224210233703424e-01,-6.020474119995925660e-02,0.000000000000000000e+00,0.000000000000000000e+00,0.000000000000000000e+00,-1.993208049046409691e+00,-9.058774371606818088e-01,1.408614751153271172e+00,5.250035396677898980e-01,0.000000000000000000e+00,0.000000000000000000e+00,0.000000000000000000e+00
1.895891818193061462e-02,-4.906488764251244750e-02,9.013986343953461766e-01,2.286055117683400556e-02,-2.086373422482764792e-02,4.686785922737855548e-01,8.828264138200383471e-01,-1.676984811405163658e-02,1.393561716350317226e-01,1.706140370360594294e-01,1.454066267475218610e-01,2.587712938776571062e-04,-8.834906675056684866e-02,-1.204583179831202056e-01,-1.324430317681057345e-01,-1.640462229769358571e-01,3.084359751843892550e-01,-1.646911078658205019e-01,1.287815371212682192e-01,5.441943156278423316e-02,0.000000000000000000e+00,0.000000000000000000e+00,-9.214418228867523597e-01,1.079723256891632843e+00,-6.757347866072022091e-01,-5.615382790716948874e-02,0.000000000000000000e+00,0.000000000000000000e+00,0.000000000000000000e+00,-1.989094211797469036e+00,-8.974626646847797540e-01,1.402900508480289909e+00,5.347092907116512972e-01,0.000000000000000000e+00,0.000000000000000000e+00,0.000000000000000000e+00
1.787007424227682328e-02,-4.975631283691175216e-02,9.013745604694024527e-01,2.236200974551623422e-02,-1.992909367487464764e-02,4.671664923315349549e-01,8.836618358784592564e-01,-2.047908299672308863e-02,1.393661321638090256e-01,1.736509780584127860e-01,1.468000773111137192e-01,-4.043428025648629007e-04,-8.667129435419496097e-02,-1.246695932853819772e-01,-1.327213377943085304e-01,-1.625016404762156252e-01,3.071242068679581605e-01,-1.619985169325167118e-01,1.326932801295105102e-01,5.352220101890872717e-02,0.000000000000000000e+00,0.000000000000000000e+00,-9.013838291214872900e-01,1.060734144489313691e+00,-7.038313446240924698e-01,-5.058176311792794699e-02,0.000000000000000000e+00,0.000000000000000000e+00,0.000000000000000000e+00,-1.981037098605309410e+00,-8.881950940112636195e-01,1.397539568003140609e+00,5.417776749542214665e-01,0.000000000000000000e+00,0.000000000000000000e+00,0.000000000000000000e+00
1.676680794149546308e-02,-5.021070468631415318e-02,9.013627077736462434e-01,2.250114896777191675e-02,-1.974353231490765664e-02,4.669685351613317992e-01,8.837670951082867710e-01,-2.192689074805501820e-02,1.378982717091453147e-01,1.739166575247593771e-01,1.469197466086568094e-01,-1.409814325746073030e-03,-8.435542848493408907e-02,-1.250813255920755762e-01,-1.333692658534820219e-01,-1.603934537432251672e-01,3.040849857025729186e-01,-1.599876103794264093e-01,1.351835891909030363e-01,4.996351846613026476e-02,0.000000000000000000e+00,0.000000000000000000e+00,-8.890292603431689811e-01,1.041890974574657402e+00,-7.376029690406744610e-01,-4.994698506773152802e-02,0.000000000000000000e+00,0.000000000000000000e+00,0.000000000000000000e+00,-1.978592223421247853e+00,-8.813024650435200558e-01,1.391114635434033575e+00,5.473382633790041529e-01,0.000000000000000000e+00,0.000000000000000000e+00,0.000000000000000000e+00
1.560928927342629911e-02,-5.046426343148948529e-02,9.014475197658016192e-01,2.164476157507315424e-02,-1.858618681986965587e-02,4.659453641974654059e-01,8.843534223028403085e-01,-2.538767998881691357e-02,1.375542065955376037e-01,1.756327247071875763e-01,1.466174165431235188e-01,-2.152279019657320908e-03,-8.300365910336457431e-02,-1.280725490757646523e-01,-1.327968076378994167e-01,-1.576568892381486342e-01,2.998033791525884229e-01,-1.562285772291233388e-01,1.373817092887702485e-01,4.924029415576763880e-02,0.000000000000000000e+00,0.000000000000000000e+00,-8.700127680834790489e-01,1.017739092938589884e+00,-7.581777537777381060e-01,-4.523966277780145512e-02,0.000000000000000000e+00,0.000000000000000000e+00,0.000000000000000000e+00,-1.975571328978849239e+00,-8.757588625330687826e-01,1.387132114809498162e+00,5.510276358889737436e-01,0.000000000000000000e+00,0.000000000000000000e+00,0.000000000000000000e+00
1.431269596988852741e-02,-5.051811994067448297e-02,9.015183149933680973e-01,2.114615740969083557e-02,-1.858581903118789944e-02,4.649189032567371260e-01,8.849055434069201809e-01,-2.745279994750085550e-02,1.375437325165666524e-01,1.770723293779545293e-01,1.491447904526929658e-01,-5.187037161403331050e-03,-7.915758506466816224e-02,-1.276854995073721244e-01,-1.312303699406439650e-01,-1.523572124932541794e-01,2.936861613310663421e-01,-1.509548688429874497e-01,1.412843315392384447e-01,4.752691336200694922e-02,0.000000000000000000e+00,0.000000000000000000e+00,-8.512867790770622944e-01,9.985644541640925631e-01,-7.771691989027611491e-01,-4.209195821975311030e-02,0.000000000000000000e+00,0.000000000000000000e+00,0.000000000000000000e+00,-1.977941799977881443e+00,-8.728343825290849622e-01,1.386712380980181347e+00,5.537221222124827369e-01,0.000000000000000000e+00,0.000000000000000000e+00,0.000000000000000000e+00
1.289895140974573785e-02,-5.051580563452649081e-02,9.016254520273139228e-01,2.039410844519242219e-02,-1.786306178466484998e-02,4.640349031927533119e-01,8.854019426132373471e-01,-3.074000548991010287e-02,1.375374676877678948e-01,1.801737553222266808e-01,1.510024452321203636e-01,-8.082767205665589844e-03,-7.901794392150245094e-02,-1.295035207059945515e-01,-1.309366201705619293e-01,-1.495333905207715253e-01,2.887871773689071331e-01,-1.439354027558937821e-01,1.442410109471233826e-01,4.719303910296251958e-02,0.000000000000000000e+00,0.000000000000000000e+00,-8.330632166813246586e-01,9.694831961106281648e-01,-7.903337861821090327e-01,-3.664051108762331893e-02,0.000000000000000000e+00,0.000000000000000000e+00,0.000000000000000000e+00,-1.974994696038021136e+00,-8.646833585892277352e-01,1.377616605628297020e+00,5.610393876900938714e-01,0.000000000000000000e+00,0.000000000000000000e+00,0.000000000000000000e+00
1.144211912749555464e-02,-5.032194253109417009e-02,9.017837692831214280e-01,1.897107601562032439e-02,-1.733436650514755956e-02,4.617558002190147448e-01,8.866347607537004016e-01,-3.359397513383549638e-02,1.396379357372843077e-01,1.861197554739733584e-01,1.529646911864214753e-01,-9.226079049759883591e-03,-7.675730308809843028e-02,-1.314162629764890067e-01,-1.280236970474062930e-01,-1.438869834841946527e-01,2.823901641650296557e-01,-1.359512079793479267e-01,1.469253316382385099e-01,4.758802350135415971e-02,0.000000000000000000e+00,0.000000000000000000e+00,-8.165669049849821892e-01,9.439777410502655508e-01,-7.935010256417013297e-01,-2.613124184802772046e-02,0.000000000000000000e+00,0.000000000000000000e+00,0.000000000000000000e+00,-1.976268726397468756e+00,-8.596705885188582474e-01,1.366794177837614033e+00,5.702643066199502009e-01,0.000000000000000000e+00,0.000000000000000000e+00,0.000000000000000000e+00
9.963010025883642026e-03,-5.022638544800395177e-02,9.018063701384985142e-01,1.807472258162198808e-02,-1.637699852827189870e-02,4.597957870628478494e-01,8.876896600288066708e-01,-3.781672565914642042e-02,1.396688340531090922e-01,1.887339027756408383e-01,1.561975803307618094e-01,-1.177110468476188013e-02,-7.596182073642167298e-02,-1.355724297344968465e-01,-1.263898023386318403e-01,-1.360376569193563756e-01,2.797034537731049597e-01,-1.311501615791156872e-01,1.489578433737284158e-01,4.741290104988912096e-02,0.000000000000000000e+00,0.000000000000000000e+00,-8.015944022189868123e-01,9.159661376095656893e-01,-7.974327971490338118e-01,-1.283295706979815584e-02,0.000000000000000000e+00,0.000000000000000000e+00,0.000000000000000000e+00,-1.973909511290077745e+00,-8.526162188059768221e-01,1.356127806023037063e+00,5.749556912804444364e-01,0.000000000000000000e+00,0.000000000000000000e+00,0.000000000000000000e+00
8.551281532991313397e-03,-5.007571189241671189e-02,9.018899269200477686e-01,1.693771738904618906e-02,-1.550498958954803219e-02,4.584737686022867242e-01,8.884112294039810953e-01,-4.275670252142889372e-02,1.405665613340704723e-01,1.915917830801385224e-01,1.605873801791020961e-01,-1.480554676535941402e-02,-7.576288861430581500e-02,-1.390136214367133916e-01,-1.255473667695852225e-01,-1.332191754967836372e-01,2.770867634727762763e-01,-1.258198812645089371e-01,1.508170923779460215e-01,4.494810095423930341e-02,0.000000000000000000e+00,0.000000000000000000e+00,-7.910586227809851545e-01,8.917404247715892129e-01,-8.011854626705849913e-01,2.947769937803168712e-03,0.000000000000000000e+00,0.000000000000000000e+00,0.000000000000000000e+00,-1.980503752161469011e+00,-8.487591756966392786e-01,1.361660320804725322e+00,5.771865874704215083e-01,0.000000000000000000e+00,0.000000000000000000e+00,0.000000000000000000e+00
7.054846969586648850e-03,-4.994119589699808764e-02,9.019309697441199036e-01,1.577328312201449478e-02,-1.354188272790284898e-02,4.571098771228036539e-01,8.891672402807648812e-01,-4.938549300223754601e-02,1.400008638993144316e-01,1.942131093541305531e-01,1.634397288070579268e-01,-1.619957074843922026e-02,-7.481964670599418332e-02,-1.469485981224235016e-01,-1.248222370544606885e-01,-1.257907230325231718e-01,2.780901604722125775e-01,-1.211198963332468098e-01,1.507033861452083678e-01,4.342927948734168903e-02,0.000000000000000000e+00,0.000000000000000000e+00,-7.813535446669903628e-01,8.581004815402045738e-01,-8.056197298608557267e-01,2.093568020763543133e-02,0.000000000000000000e+00,0.000000000000000000e+00,0.000000000000000000e+00,-1.979354633530278518e+00,-8.408558997911584898e-01,1.353250711734244716e+00,5.873988437154044062e-01,0.000000000000000000e+00,0.000000000000000000e+00,0.000000000000000000e+00
5.530395281703529009e-03,-5.006484904932123614e-02,9.018820826163805870e-01,1.576611696563204323e-02,-1.279951579047608826e-02,4.560194371737418817e-01,8.897380934135046271e-01,-5.342489632166199515e-02,1.386781775027842445e-01,1.964083378708142424e-01,1.674593783105754463e-01,-1.773437704493055142e-02,-7.552078840846315755e-02,-1.517246121584256147e-01,-1.265164904684282221e-01,-1.227213516980510261e-01,2.803605017136622801e-01,-1.182251180502753435e-01,1.514320002564331080e-01,4.284998178269898428e-02,0.000000000000000000e+00,0.000000000000000000e+00,-7.728541971282112399e-01,8.251067303563005551e-01,-8.109118852975455427e-01,3.721371393515849474e-02,0.000000000000000000e+00,0.000000000000000000e+00,0.000000000000000000e+00,-1.977096898998053520e+00,-8.310681429328272696e-01,1.348742661240080798e+00,5.957692733785915351e-01,0.000000000000000000e+00,0.000000000000000000e+00,0.000000000000000000e+00
4.017449116208203844e-03,-5.001648450507813204e-02,9.019646099702385289e-01,1.497334318650924215e-02,-1.190323794899058631e-02,4.548699849668622619e-01,8.903524070256645384e-01,-5.694657332104716835e-02,1.385898094424688476e-01,1.998988441288372386e-01,1.691662817491184079e-01,-2.033336118266388520e-02,-7.475740936687069738e-02,-1.563866587933131769e-01,-1.255028178100497382e-01,-1.158630734497506365e-01,2.801458867330427482e-01,-1.138770013281062005e-01,1.533613022755373201e-01,4.189310600353055719e-02,0.000000000000000000e+00,0.000000000000000000e+00,-7.601851859222804597e-01,7.862829740737837803e-01,-8.031402536869720610e-01,4.611651782471024030e-02,0.000000000000000000e+00,0.000000000000000000e+00,0.000000000000000000e+00,-1.978480769959209962e+00,-8.267174380066323325e-01,1.347123984005974107e+00,5.989835941623127269e-01,0.000000000000000000e+00,0.000000000000000000e+00,0.000000000000000000e+00
2.528854214801130960e-03,-5.012287155468232724e-02,9.018339261307674048e-01,1.511162425868590488e-02,-1.164839755327310399e-02,4.539343740053306542e-01,8.908308131980465783e-01,-6.015365378829420906e-02,1.379412508566297546e-01,2.037030705424194288e-01,1.739105913205509779e-01,-2.209583454170794062e-02,-7.494963287135705809e-02,-1.611490191979480513e-01,-1.267109657422871294e-01,-1.113663798361776147e-01,2.845304762848851476e-01,-1.111622738936985655e-01,1.546548381788246385e-01,3.983142320515154627e-02,0.000000000000000000e+00,0.000000000000000000e+00,-7.521662332700776998e-01,7.561156960506213442e-01,-7.987134386044677514e-01,5.280734752333298559e-02,0.000000000000000000e+00,0.000000000000000000e+00,0.000000000000000000e+00,-1.979407269514245060e+00,-8.206222794782963570e-01,1.349369497535836793e+00,5.960941242647721516e-01,0.000000000000000000e+00,0.000000000000000000e+00,0.000000000000000000e+00
1.051961137275750791e-03,-5.020717851145106020e-02,9.017329306798836930e-01,1.488607763823207933e-02,-1.119437074673788717e-02,4.525721712322199886e-01,8.915332414342644896e-01,-6.257844366097826960e-02,1.382192672952706203e-01,2.096915575204921778e-01,1.764619940119938057e-01,-2.402348160269157304e-02,-7.673038034422703657e-02,-1.657383310929893827e-01,-1.274489192871821330e-01,-1.079757825403586113e-01,2.871177249320239766e-01,-1.090793981317948053e-01,1.562425867024243575e-01,3.601737187869572671e-02,0.000000000000000000e+00,0.000000000000000000e+00,-7.430523239272447400e-01,7.281536468888604174e-01,-7.973680987527171915e-01,5.504062086560831957e-02,0.000000000000000000e+00,0.000000000000000000e+00,0.000000000000000000e+00,-1.977720899334865168e+00,-8.124828542915625285e-01,1.347689985970516702e+00,6.004933061100894420e-01,0.000000000000000000e+00,0.000000000000000000e+00,0.000000000000000000e+00
-3.134142786089645985e-04,-5.032472612288690916e-02,9.017409108649975247e-01,1.442164150281610713e-02,-1.102441868950670978e-02,4.524912061104800487e-01,8.915840884861084836e-01,-6.477490430263489751e-02,1.390777488588892385e-01,2.148545493537186157e-01,1.780098770255801599e-01,-2.446587346543707686e-02,-7.799228028111658551e-02,-1.688178115580932503e-01,-1.276396359281749271e-01,-1.061268940410701050e-01,2.885298409422618060e-01,-1.051972843693845527e-01,1.562320567733700427e-01,3.294184827450304803e-02,0.000000000000000000e+00,0.000000000000000000e+00,-7.383922587331216425e-01,6.986094207899892217e-01,-7.891869188552136372e-01,5.942048184785840570e-02,0.000000000000000000e+00,0.000000000000000000e+00,0.000000000000000000e+00,-1.972605708933577562e+00,-8.061470410806736986e-01,1.342390772359865592e+00,6.028268903835014569e-01,0.000000000000000000e+00,0.000000000000000000e+00,0.000000000000000000e+00
-1.524742280072932882e-03,-5.037099544565799142e-02,9.017933881910866756e-01,1.414187037776116693e-02,-1.054714637944991103e-02,4.517921324424471474e-01,8.919487845546820726e-01,-6.683576736577545585e-02,1.384813778284285368e-01,2.172827303449164638e-01,1.789121369316475085e-01,-2.508780506932729165e-02,-7.733123689470225437e-02,-1.719190573516164999e-01,-1.277563629735010697e-01,-1.023258862260495589e-01,2.889019771776560330e-01,-1.016701404563662842e-01,1.578176864103753574e-01,3.157346472127861570e-02,0.000000000000000000e+00,0.000000000000000000e+00,-7.437116364100335719e-01,6.732364541839566119e-01,-7.835637536837496420e-01,6.158108649469694329e-02,0.000000000000000000e+00,0.000000000000000000e+00,0.000000000000000000e+00,-1.968423402899107888e+00,-8.009774576330832563e-01,1.341233765237743514e+00,6.044490746292420225e-01,0.000000000000000000e+00,0.000000000000000000e+00,0.000000000000000000e+00
-2.599939286252786128e-03,-5.053995594242715467e-02,9.017191615858455300e-01,1.450387460966134738e-02,-9.507676711907565512e-03,4.512986908105517947e-01,8.922044235361817899e-01,-6.625926078427803179e-02,1.350419459418921442e-01,2.175881949712160646e-01,1.726959629361712323e-01,-2.355974507577137528e-02,-7.998357253861904104e-02,-1.758478456382472355e-01,-1.297378861651103943e-01,-9.946842124159363530e-02,2.906605965701796745e-01,-1.031098776838591802e-01,1.544182269303771005e-01,3.074249159424127451e-02,0.000000000000000000e+00,0.000000000000000000e+00,-7.554402481736913755e-01,6.532210380245051518e-01,-7.833883168304820455e-01,5.513054112417398872e-02,0.000000000000000000e+00,0.000000000000000000e+00,0.000000000000000000e+00,-1.963793652416324864e+00,-7.922763259292722182e-01,1.333949660316628982e+00,6.094996417808856704e-01,0.000000000000000000e+00,0.000000000000000000e+00,0.000000000000000000e+00
-3.646246620930242242e-03,-5.071110300113874925e-02,9.018327994791955904e-01,1.462182376405778660e-02,-9.704979984305263027e-03,4.524836267646263344e-01,8.916000129784916739e-01,-6.453373793775933620e-02,1.330319315510774814e-01,2.169455882914241018e-01,1.663344778547594660e-01,-1.780171545671076910e-02,-7.901827572703985780e-02,-1.773116748596915981e-01,-1.309576473487755743e-01,-9.884543602357231951e-02,2.927996054933300618e-01,-9.849216540610414294e-02,1.534853668943324811e-01,2.922287824499210374e-02,0.000000000000000000e+00,0.000000000000000000e+00,-7.742886467984331222e-01,6.324196276555940077e-01,-7.856565354167237558e-01,5.574155814258926339e-02,0.000000000000000000e+00,0.000000000000000000e+00,0.000000000000000000e+00,-1.957408447506917559e+00,-7.866160971520202994e-01,1.329053321309606961e+00,6.132372121027772627e-01,0.000000000000000000e+00,0.000000000000000000e+00,0.000000000000000000e+00
-4.631685979976208657e-03,-5.088167941650823672e-02,9.018409747882963901e-01,1.543775629653129471e-02,-9.878831782806931500e-03,4.518646364994815534e-01,8.918982198907714487e-01,-6.140635863293638502e-02,1.304291129848577646e-01,2.190595675087717020e-01,1.610185183220952942e-01,-1.528827608880590702e-02,-7.908125373702246108e-02,-1.787092599971070173e-01,-1.330291909860229771e-01,-9.691245885597396525e-02,2.951761403164694930e-01,-9.733250740209256624e-02,1.537132058527847511e-01,2.717170677536333984e-02,0.000000000000000000e+00,0.000000000000000000e+00,-7.950998361503884837e-01,6.199397383616177537e-01,-7.868624683168894407e-01,4.886367734068886720e-02,0.000000000000000000e+00,0.000000000000000000e+00,0.000000000000000000e+00,-1.951922587380541030e+00,-7.815615222944514162e-01,1.324479702602966658e+00,6.089649994938767241e-01,0.000000000000000000e+00,0.000000000000000000e+00,0.000000000000000000e+00
-5.551672733664440515e-03,-5.108112444077582415e-02,9.017858778816454368e-01,1.630316765870413326e-02,-1.011097120312759445e-02,4.529144324848490832e-01,8.913475707223016409e-01,-6.015197515424824948e-02,1.277218444161756228e-01,2.194197765137819722e-01,1.581253743780511867e-01,-1.288137748572454853e-02,-7.958134874331172781e-02,-1.806916136108463189e-01,-1.355773925853845374e-01,-9.506766023550398959e-02,3.000939089815459759e-01,-9.529874116845883647e-02,1.537127784331822622e-01,2.445883497236134296e-02,0.000000000000000000e+00,0.000000000000000000e+00,-8.157922221064016766e-01,6.019211637318727659e-01,-7.880572746806803197e-01,4.471795077745877034e-02,0.000000000000000000e+00,0.000000000000000000e+00,0.000000000000000000e+00,-1.944665050387219374e+00,-7.756958039817001271e-01,1.311690350962079199e+00,6.101439615772074054e-01,0.000000000000000000e+00,0.000000000000000000e+00,0.000000000000000000e+00
-6.231837389370605690e-03,-5.112306504338531843e-02,9.018271782834439421e-01,1.621350819346181749e-02,-9.506552513961845016e-03,4.530857885845189226e-01,8.912687674288292117e-01,-6.118893442340827410e-02,1.263844687330803185e-01,2.201006367303996458e-01,1.562661767724627393e-01,-1.136604798302867300e-02,-7.872691150972015162e-02,-1.840431179937527806e-01,-1.366950816682016567e-01,-9.390744107389295547e-02,3.027440870444167986e-01,-9.244411944317373897e-02,1.548605709476640058e-01,2.259942756709271833e-02,0.000000000000000000e+00,0.000000000000000000e+00,-8.355896929650469263e-01,5.863708389724673342e-01,-7.799383808519955164e-01,4.673461244066830916e-02,0.000000000000000000e+00,0.000000000000000000e+00,0.000000000000000000e+00,-1.942875427052970672e+00,-7.708359177824509745e-01,1.310066663860068870e+00,6.081516488297505907e-01,0.000000000000000000e+00,0.000000000000000000e+00,0.000000000000000000e+00
-6.800392743889998801e-03,-5.120083019166880162e-02,9.017838978332969324e-01,1.653407656462058464e-02,-8.681601912934331158e-03,4.531231815875584323e-01,8.912522854996496324e-01,-6.131251606133045901e-02,1.243367759322745181e-01,2.223452485469216422e-01,1.528397930157748275e-01,-9.333564327418785583e-03,-7.897158353210073645e-02,-1.868862255170756215e-01,-1.389709455289600271e-01,-9.335781261735215386e-02,3.042796944043940077e-01,-9.070547165619030627e-02,1.563033248102744521e-01,2.017392128940457413e-02,0.000000000000000000e+00,0.000000000000000000e+00,-8.578055787220870698e-01,5.749758590796225644e-01,-7.782482154060107460e-01,4.147643889998649941e-02,0.000000000000000000e+00,0.000000000000000000e+00,0.000000000000000000e+00,-1.940006464063965597e+00,-7.637875445686799214e-01,1.301730628242295351e+00,6.057149764991052177e-01,0.000000000000000000e+00,0.000000000000000000e+00,0.000000000000000000e+00
-7.180054663032833448e-03,-5.130459665101016337e-02,9.017368464464331490e-01,1.699458738004706176e-02,-8.472319885820658869e-03,4.525690605082698936e-01,8.915271444359931241e-01,-6.033904974572196905e-02,1.228536438174265277e-01,2.236955743448872380e-01,1.504075165664731650e-01,-7.232968030593833232e-03,-7.854738447919963618e-02,-1.884809205055923143e-01,-1.405449163802240387e-01,-9.291387912874363164e-02,3.059078652817748267e-01,-8.968670760729638425e-02,1.574533147390235754e-01,1.974350703199870272e-02,0.000000000000000000e+00,0.000000000000000000e+00,-8.802633342287728979e-01,5.650641433657903612e-01,-7.764265058230573890e-01,3.853548510332547444e-02,0.000000000000000000e+00,0.000000000000000000e+00,0.000000000000000000e+00,-1.936887159391701196e+00,-7.578834479581906258e-01,1.292796763209539623e+00,6.019757333395830967e-01,0.000000000000000000e+00,0.000000000000000000e+00,0.000000000000000000e+00
-7.346266567979717679e-03,-5.134491321674374692e-02,9.017103161100784581e-01,1.770545778836297643e-02,-8.481070471980723877e-03,4.517652732021708584e-01,8.919208070993307480e-01,-5.770934079436333686e-02,1.211380556328006675e-01,2.248701309868744447e-01,1.467402842763571025e-01,-4.868976708212250683e-03,-7.911449292026162539e-02,-1.890156191531323915e-01,-1.416882254351322368e-01,-9.111290265080849993e-02,3.069149868979846318e-01,-8.895183156861652396e-02,1.575776165264347883e-01,1.910501179451717935e-02,0.000000000000000000e+00,0.000000000000000000e+00,-9.045491609696857394e-01,5.582367695780121597e-01,-7.750610279237808431e-01,3.129770114626560101e-02,0.000000000000000000e+00,0.000000000000000000e+00,0.000000000000000000e+00,-1.935899432803199760e+00,-7.507756729185098843e-01,1.287193581231799167e+00,5.975871726775467963e-01,0.000000000000000000e+00,0.000000000000000000e+00,0.000000000000000000e+00
-7.345568914803444170e-03,-5.130737581868462238e-02,9.017189092250692539e-01,1.799226894776157631e-02,-8.655599781915424701e-03,4.510938728792757146e-01,8.922531460865252839e-01,-5.505788426474433894e-02,1.205592063208568987e-01,2.260020154042589879e-01,1.430384836481886357e-01,-2.014669947206875616e-03,-7.890416016631275620e-02,-1.893029196485533916e-01,-1.416862920894684796e-01,-8.954868387295855658e-02,3.079836575460960235e-01,-8.871057748625252315e-02,1.581413038598338539e-01,1.709818692539215659e-02,0.000000000000000000e+00,0.000000000000000000e+00,-9.262588635371931112e-01,5.526900212092438203e-01,-7.690215204974976126e-01,3.164888772327981853e-02,0.000000000000000000e+00,0.000000000000000000e+00,0.000000000000000000e+00,-1.934444963319793986e+00,-7.452516425694402091e-01,1.283807663876581628e+00,5.952482381761822205e-01,0.000000000000000000e+00,0.000000000000000000e+00,0.000000000000000000e+00
-7.081887152853559922e-03,-5.110013419036121135e-02,9.018267019316750233e-01,1.779352092921952094e-02,-7.808036867307814946e-03,4.500586930253814844e-01,8.927875435989828246e-01,-5.274440225506968338e-02,1.198789481907985566e-01,2.278432299590263943e-01,1.361468446464499660e-01,1.754677249245635909e-03,-8.047466827866511796e-02,-1.899144056432225391e-01,-1.419669273580125846e-01,-9.031692277556517545e-02,3.056102824887163560e-01,-8.855504823347960797e-02,1.592860899278173981e-01,1.489140138104608213e-02,0.000000000000000000e+00,0.000000000000000000e+00,-9.507307025146165547e-01,5.531307614285784213e-01,-7.660143271730552872e-01,2.844542051481473155e-02,0.000000000000000000e+00,0.000000000000000000e+00,0.000000000000000000e+00,-1.933553154623732340e+00,-7.395503133219688552e-01,1.277732446809911160e+00,5.956187809796428256e-01,0.000000000000000000e+00,0.000000000000000000e+00,0.000000000000000000e+00
-6.716978202239192591e-03,-5.091824176221370485e-02,9.019722165866648211e-01,1.780214218159585984e-02,-7.880214996923259191e-03,4.508264052583918491e-01,8.923993154788638638e-01,-4.934707138358691153e-02,1.191964004410616257e-01,2.275049014955964899e-01,1.293991673338660275e-01,5.594219896774292947e-03,-7.976596187365370128e-02,-1.882579231631063554e-01,-1.421222297839945803e-01,-9.145902432898371515e-02,3.039789358489292104e-01,-8.638992660104498345e-02,1.601874490162914499e-01,1.359797317223544050e-02,0.000000000000000000e+00,0.000000000000000000e+00,-9.731728834119816041e-01,5.480232085958781640e-01,-7.621390925130853145e-01,2.728655244681356049e-02,0.000000000000000000e+00,0.000000000000000000e+00,0.000000000000000000e+00,-1.932846753905687720e+00,-7.346714678051254888e-01,1.274769478229099473e+00,6.009810733023011053e-01,0.000000000000000000e+00,0.000000000000000000e+00,0.000000000000000000e+00
-6.137929438579424815e-03,-5.070841941877759357e-02,9.020016394595482545e-01,1.876641879327660759e-02,-8.233225808040655486e-03,4.504700314882141288e-01,8.925563210517736268e-01,-4.416442249118410213e-02,1.173624144436166139e-01,2.281113106285153624e-01,1.236700988322774197e-01,8.249961080552366960e-03,-7.879588938794421238e-02,-1.865063451593707566e-01,-1.436467274690758356e-01,-9.193311666242044711e-02,3.050793490386355389e-01,-8.784747295085447438e-02,1.618878263892577496e-01,1.392372703596280424e-02,0.000000000000000000e+00,0.000000000000000000e+00,-1.003578474179107172e+00,5.458215723274395526e-01,-7.629212039486237273e-01,2.313155722493191388e-02,0.000000000000000000e+00,0.000000000000000000e+00,0.000000000000000000e+00,-1.931044848080921472e+00,-7.290183333102268071e-01,1.269150922189762332e+00,6.046997752549958527e-01,0.000000000000000000e+00,0.000000000000000000e+00,0.000000000000000000e+00
-5.355754869559060938e-03,-5.049218300431569662e-02,9.019325862979601371e-01,2.003837867052002744e-02,-8.524494051764541086e-03,4.500650169087623831e-01,8.927302374941346041e-01,-3.928278406268764789e-02,1.156495635993163296e-01,2.302797052156024260e-01,1.194701302489785816e-01,1.059077684574639619e-02,-7.901419963590861073e-02,-1.853632511608362676e-01,-1.462856248732397335e-01,-9.381942293663658727e-02,3.081470904476099615e-01,-9.030835826956515322e-02,1.634155902843337227e-01,1.393033353265759125e-02,0.000000000000000000e+00,0.000000000000000000e+00,-1.041392371043865950e+00,5.536148514581159530e-01,-7.695778306637448551e-01,1.317613061962222623e-02,0.000000000000000000e+00,0.000000000000000000e+00,0.000000000000000000e+00,-1.929056900489305892e+00,-7.247647211612496809e-01,1.265540437960294806e+00,6.091812765546124053e-01,0.000000000000000000e+00,0.000000000000000000e+00,0.000000000000000000e+00
-4.316658534153547909e-03,-5.025730777179583664e-02,9.018924124738698644e-01,2.113430228270882574e-02,-9.009792161738640684e-03,4.504628077919050066e-01,8.924995370914539095e-01,-3.484508019025583242e-02,1.145823290967183661e-01,2.310969789569087551e-01,1.163402958680396920e-01,1.249132072076841043e-02,-7.995130990557383632e-02,-1.840077872876617615e-01,-1.477926360438308051e-01,-9.460210222376728983e-02,3.121752557520990901e-01,-9.318228999099952004e-02,1.626796771133184882e-01,1.331361545221804513e-02,0.000000000000000000e+00,0.000000000000000000e+00,-1.079389500351920050e+00,5.592857309676247946e-01,-7.724270459940177913e-01,7.876703721555335103e-03,0.000000000000000000e+00,0.000000000000000000e+00,0.000000000000000000e+00,-1.925752300849161713e+00,-7.207485715281355398e-01,1.260218841268163636e+00,6.106891776752030321e-01,0.000000000000000000e+00,0.000000000000000000e+00,0.000000000000000000e+00
-2.991886347571070040e-03,-4.988235676473894847e-02,9.018487717679725124e-01,2.178465848309554809e-02,-9.053006058009868337e-03,4.502724885496162677e-01,8.925794966228078886e-01,-3.181745184228669532e-02,1.145999577609546349e-01,2.325981537305935043e-01,1.148733279078644615e-01,1.369380318559807255e-02,-8.191615522235530522e-02,-1.830834081085961906e-01,-1.487371119894158045e-01,-9.626354421529384475e-02,3.150552036163711822e-01,-9.664446204918114569e-02,1.635751258942985953e-01,1.403818755801817912e-02,0.000000000000000000e+00,0.000000000000000000e+00,-1.116800794341482828e+00,5.676617970433692761e-01,-7.703255745938925036e-01,1.853403128047698308e-03,0.000000000000000000e+00,0.000000000000000000e+00,0.000000000000000000e+00,-1.925826828766166843e+00,-7.222640155287890495e-01,1.259489295188886748e+00,6.091430728439547471e-01,0.000000000000000000e+00,0.000000000000000000e+00,0.000000000000000000e+00
-1.393081460544635421e-03,-4.942555348597856696e-02,9.018773296615258950e-01,2.244874809880839650e-02,-8.899453435730965076e-03,4.499022368928234927e-01,8.927512703301946351e-01,-2.862106042840437820e-02,1.142783790246695852e-01,2.333627633519255173e-01,1.126756652393796493e-01,1.605180141071871347e-02,-8.175938920461452153e-02,-1.806917593106535658e-01,-1.496926114598532420e-01,-9.882549852169680848e-02,3.146691096871261362e-01,-9.975416817695999250e-02,1.639876471636319555e-01,1.516226331944105395e-02,0.000000000000000000e+00,0.000000000000000000e+00,-1.159629799052019683e+00,5.872413607744694231e-01,-7.830111135502876296e-01,-4.271381101452920159e-03,0.000000000000000000e+00,0.000000000000000000e+00,0.000000000000000000e+00,-1.928135871720613181e+00,-7.242172752942398484e-01,1.266957312267814162e+00,6.077233597585454117e-01,0.000000000000000000e+00,0.000000000000000000e+00,0.000000000000000000e+00
3.682191765291783526e-04,-4.886401882098131977e-02,9.018869267834646042e-01,2.302656496940436864e-02,-8.268530126811269448e-03,4.490804943340589439e-01,8.931562675836351994e-01,-2.534246455935908887e-02,1.134524639091020193e-01,2.335546593626554590e-01,1.090791788468573331e-01,1.798393095410482853e-02,-8.222723124558817265e-02,-1.802654425353552303e-01,-1.497604783993630728e-01,-9.786540664774542875e-02,3.159725080057112501e-01,-1.041304856473029700e-01,1.632028607225256278e-01,1.458563153548876092e-02,0.000000000000000000e+00,0.000000000000000000e+00,-1.199089740890870281e+00,6.097654067408260214e-01,-7.923819904029846262e-01,-1.039793020873093672e-02,0.000000000000000000e+00,0.000000000000000000e+00,0.000000000000000000e+00,-1.929213503679239938e+00,-7.285584183457451957e-01,1.267995020144065288e+00,5.997960244346418612e-01,0.000000000000000000e+00,0.000000000000000000e+00,0.000000000000000000e+00
2.169143152490280498e-03,-4.830544715823536367e-02,9.018626624217166432e-01,2.364335480155349903e-02,-7.317694740743987437e-03,4.491210394064398814e-01,8.931280619708963364e-01,-2.324483585037456432e-02,1.121496793765779931e-01,2.335108436049902758e-01,1.060600987744612367e-01,1.888623031494011256e-02,-8.183666045258519706e-02,-1.811829668772038660e-01,-1.507601902411345451e-01,-9.763541745132083005e-02,3.196697921725016878e-01,-1.100550731763086099e-01,1.626112471579324037e-01,1.297307423482946254e-02,0.000000000000000000e+00,0.000000000000000000e+00,-1.229058768885433972e+00,6.378176130469090932e-01,-8.020057403804585761e-01,-1.558482359520856585e-02,0.000000000000000000e+00,0.000000000000000000e+00,0.000000000000000000e+00,-1.925590980196751900e+00,-7.290482466250890470e-01,1.263979275969761229e+00,5.956014539342483483e-01,0.000000000000000000e+00,0.000000000000000000e+00,0.000000000000000000e+00
4.046315168448878959e-03,-4.769175777763253604e-02,9.019778199402518348e-01,2.413945678959292587e-02,-5.907846958853895172e-03,4.483978902586608362e-01,8.934885091492766884e-01,-2.084419495854644699e-02,1.102310221417709540e-01,2.328649049013451489e-01,1.011350381504716456e-01,2.172342446113117650e-02,-8.063263839183790194e-02,-1.816501848895006599e-01,-1.522709538580857003e-01,-9.926197369861669562e-02,3.204915771214555953e-01,-1.154184674327378146e-01,1.638899125440383964e-01,1.315278258055371623e-02,0.000000000000000000e+00,0.000000000000000000e+00,-1.261333599098672931e+00,6.674476669236029114e-01,-8.297889874675236088e-01,-2.022816401964240562e-02,0.000000000000000000e+00,0.000000000000000000e+00,0.000000000000000000e+00,-1.924725742674745055e+00,-7.322307154877484292e-01,1.275362762592942012e+00,5.861599882000283479e-01,0.000000000000000000e+00,0.000000000000000000e+00,0.000000000000000000e+00
5.777656230502608257e-03,-4.710389708913560736e-02,9.020202504432808244e-01,2.487944738609386419e-02,-4.266521180526375648e-03,4.485834212270126131e-01,8.933844212292085807e-01,-1.873045258044567923e-02,1.070667131316118403e-01,2.308085074953429849e-01,9.477349446749656903e-02,2.493179687675349532e-02,-8.046537845554280199e-02,-1.824573114747106706e-01,-1.550727496772188740e-01,-1.017587259823084234e-01,3.215876675028976894e-01,-1.199499212632324646e-01,1.627727393784525189e-01,1.429294883192772092e-02,0.000000000000000000e+00,0.000000000000000000e+00,-1.285038092215935457e+00,6.954272733107615956e-01,-8.629600853939158878e-01,-2.748541373277826189e-02,0.000000000000000000e+00,0.000000000000000000e+00,0.000000000000000000e+00,-1.917860262574131225e+00,-7.427683731923974131e-01,1.276150679386566233e+00,5.749139507363539847e-01,0.000000000000000000e+00,0.000000000000000000e+00,0.000000000000000000e+00
7.115878050964740201e-03,-4.659220538119563521e-02,9.021423703499386049e-01,2.489144248518904146e-02,-3.965888341784667287e-03,4.483791292476720369e-01,8.934880213387123016e-01,-1.521438694193610539e-02,1.072323373614859215e-01,2.319990408355793177e-01,8.994319447667906142e-02,2.581490922390401038e-02,-7.922564168046572486e-02,-1.798207503549063835e-01,-1.552728936345613708e-01,-1.050760352428781741e-01,3.188301737802025082e-01,-1.222666868595911477e-01,1.649993400228460805e-01,1.514111083735484968e-02,0.000000000000000000e+00,0.000000000000000000e+00,-1.298734821397153683e+00,7.225657791825212950e-01,-8.952551689855834383e-01,-3.247898113986776025e-02,0.000000000000000000e+00,0.000000000000000000e+00,0.000000000000000000e+00,-1.911790995044792885e+00,-7.499333028882360086e-01,1.276193144377520516e+00,5.659588298089243130e-01,0.000000000000000000e+00,0.000000000000000000e+00,0.000000000000000000e+00
8.181531237078992422e-03,-4.610046684310320497e-02,9.022946657304240503e-01,2.467854506472560300e-02,-4.077949559303872297e-03,4.478228982435605299e-01,8.937723376507120676e-01,-1.140498690639995052e-02,1.077087844779524572e-01,2.318839245689401918e-01,8.552361231596675162e-02,2.526065093961179370e-02,-7.558371149181548898e-02,-1.763101001235174992e-01,-1.536818449965330347e-01,-1.055056459244325257e-01,3.143040407153214200e-01,-1.232699723473492243e-01,1.662086819153267836e-01,1.497186895778427479e-02,0.000000000000000000e+00,0.000000000000000000e+00,-1.305437046664371881e+00,7.442890038157129462e-01,-9.275316400408394335e-01,-3.506374514644112345e-02,0.000000000000000000e+00,0.000000000000000000e+00,0.000000000000000000e+00,-1.912538275422362766e+00,-7.534379980971912527e-01,1.284453933746942056e+00,5.604221374231561636e-01,0.000000000000000000e+00,0.000000000000000000e+00,0.000000000000000000e+00
9.002277098729673244e-03,-4.586865381936597319e-02,9.023653074396104090e-01,2.528863425086032984e-02,-4.016703056371850704e-03,4.485794742115008504e-01,8.933760722061101500e-01,-9.445809949020611551e-03,1.061022525829155710e-01,2.292930330135554695e-01,8.296431518640347280e-02,2.722182496936394885e-02,-7.341558781058406258e-02,-1.736902028352267091e-01,-1.551095775482697892e-01,-1.080691888803802514e-01,3.128257959659899723e-01,-1.249301565366747885e-01,1.659242551219914930e-01,1.572357567535141373e-02,0.000000000000000000e+00,0.000000000000000000e+00,-1.309317860002525036e+00,7.564546063010035848e-01,-9.572410672904009266e-01,-2.273876516974500384e-02,0.000000000000000000e+00,0.000000000000000000e+00,0.000000000000000000e+00,-1.912992519238526423e+00,-7.517075352405470090e-01,1.292193658560393033e+00,5.623728030917076737e-01,0.000000000000000000e+00,0.000000000000000000e+00,0.000000000000000000e+00
9.466626145804230355e-03,-4.568015187489937040e-02,9.023677595515050553e-01,2.569637996561209559e-02,-3.620572568432242535e-03,4.481445665291457492e-01,8.935843748641445483e-01,-8.263618080944883093e-03,1.047239236425822201e-01,2.290967095411582111e-01,8.094217869471881377e-02,2.798630186393471012e-02,-7.041305271658022946e-02,-1.736548454382801643e-01,-1.563169069227714758e-01,-1.087684586142032978e-01,3.127846470602562712e-01,-1.259466794120510102e-01,1.672538207524231213e-01,1.561617299814998389e-02,0.000000000000000000e+00,0.000000000000000000e+00,-1.311978693238866400e+00,7.605549199536110194e-01,-9.788350883387124668e-01,-9.805793738943845497e-03,0.000000000000000000e+00,0.000000000000000000e+00,0.000000000000000000e+00,-1.911025129289936730e+00,-7.460732480651873777e-01,1.295200081383781177e+00,5.641165541774859626e-01,0.000000000000000000e+00,0.000000000000000000e+00,0.000000000000000000e+00
9.606735654800115098e-03,-4.564921222145914420e-02,9.023963362386658860e-01,2.619211659933874670e-02,-3.913195430747323615e-03,4.487728309469210530e-01,8.932533829398319192e-01,-7.480984557133874176e-03,1.038100805186285003e-01,2.282660135620862285e-01,8.082491199506558477e-02,2.890784471273645517e-02,-6.794523541731586902e-02,-1.729879089162193184e-01,-1.574838010096283047e-01,-1.096093148126758565e-01,3.142013627688776678e-01,-1.248624028783210799e-01,1.676659137598741078e-01,1.326378106182000451e-02,0.000000000000000000e+00,0.000000000000000000e+00,-1.309985616945883669e+00,7.540648774457445747e-01,-9.879964692614068289e-01,1.106299345446894872e-02,0.000000000000000000e+00,0.000000000000000000e+00,0.000000000000000000e+00,-1.904049933834341068e+00,-7.380895485292708891e-01,1.290283046362688202e+00,5.720369610495299462e-01,0.000000000000000000e+00,0.000000000000000000e+00,0.000000000000000000e+00
9.624428779454517399e-03,-4.571572802722700946e-02,9.024230004626425661e-01,2.675993128176122268e-02,-4.401447616806115903e-03,4.495265425826447392e-01,8.928552071026779613e-01,-6.688322388780854749e-03,1.028921926353728589e-01,2.268147075075747365e-01,8.122870037166443624e-02,2.984980158525466637e-02,-6.659382685361504850e-02,-1.727073558988283797e-01,-1.586779344667451630e-01,-1.104206769394807941e-01,3.172184686017949784e-01,-1.248459679017879242e-01,1.665026980485377617e-01,1.193004989602670582e-02,0.000000000000000000e+00,0.000000000000000000e+00,-1.307341939918851947e+00,7.460033523417420875e-01,-9.956644199560840125e-01,2.760192486022929048e-02,0.000000000000000000e+00,0.000000000000000000e+00,0.000000000000000000e+00,-1.898909942304915610e+00,-7.305067228690742542e-01,1.293042893992921938e+00,5.788166872993637524e-01,0.000000000000000000e+00,0.000000000000000000e+00,0.000000000000000000e+00
9.627443876939267148e-03,-4.580290983990119996e-02,9.022611494290948553e-01,2.740459965678165161e-02,-4.356389141187042534e-03,4.497986920956366097e-01,8.926987993608803684e-01,-5.421523513955008033e-03,1.012165897635816103e-01,2.257519850995758914e-01,7.885255454204395664e-02,3.162079632724906775e-02,-6.736059289290595442e-02,-1.737035158575015725e-01,-1.610064123986436335e-01,-1.125062846351231882e-01,3.209417939601383329e-01,-1.288719328284639309e-01,1.657103274888280797e-01,1.097113390555860130e-02,0.000000000000000000e+00,0.000000000000000000e+00,-1.313812487709932419e+00,7.465889521166880760e-01,-1.006172757505247484e+00,3.934783927750869215e-02,0.000000000000000000e+00,0.000000000000000000e+00,0.000000000000000000e+00,-1.902488542284695106e+00,-7.256361816157935740e-01,1.305191919823547098e+00,5.797506943400969615e-01,0.000000000000000000e+00,0.000000000000000000e+00,0.000000000000000000e+00
9.520926646484906275e-03,-4.586330790904678822e-02,9.022777923907339126e-01,2.739440782533887619e-02,-3.447479323033321268e-03,4.506218838972748109e-01,8.922878341987453554e-01,-5.815012053123048974e-03,9.958408309778693512e-02,2.257522584966435986e-01,7.491781767061711506e-02,3.301197846524376450e-02,-6.610478870424162101e-02,-1.761469491040889845e-01,-1.626262938363974286e-01,-1.132761884375665384e-01,3.225118325211187575e-01,-1.290981675452899935e-01,1.667215932536180445e-01,1.259568516434883718e-02,0.000000000000000000e+00,0.000000000000000000e+00,-1.316840901741141767e+00,7.366055168054693736e-01,-1.010121869239972270e+00,5.635158031195493245e-02,0.000000000000000000e+00,0.000000000000000000e+00,0.000000000000000000e+00,-1.901165839242154876e+00,-7.175524047262564764e-01,1.314209509682530808e+00,5.908851756826383195e-01,0.000000000000000000e+00,0.000000000000000000e+00,0.000000000000000000e+00
9.354459010905218433e-03,-4.588436996137783969e-02,9.023227657125757473e-01,2.704580037037479165e-02,-2.515489627525948832e-03,4.513287736781954607e-01,8.919442443585791080e-01,-7.376582629644928661e-03,9.901596700781990779e-02,2.266160820915411045e-01,7.284938336096938305e-02,3.379605590261599429e-02,-6.647715177659641039e-02,-1.778693927694410537e-01,-1.637072463900506314e-01,-1.148971150807236580e-01,3.218151653360976083e-01,-1.277147525146121176e-01,1.679423295346674783e-01,1.488163771983219003e-02,0.000000000000000000e+00,0.000000000000000000e+00,-1.322502104635453923e+00,7.261850508349693145e-01,-1.011594906173127084e+00,7.093381880851588883e-02,0.000000000000000000e+00,0.000000000000000000e+00,0.000000000000000000e+00,-1.894809825102491851e+00,-7.079792202333802242e-01,1.313104090815383485e+00,6.028506356287808288e-01,0.000000000000000000e+00,0.000000000000000000e+00,0.000000000000000000e+00
9.281895411144771083e-03,-4.596967316671499854e-02,9.023901037233456046e-01,2.697554586501493476e-02,-1.926761807321469150e-03,4.526677384295598183e-01,8.912690537089744680e-01,-9.044335125782941923e-03,9.810614450184498847e-02,2.250401579649470019e-01,7.196281754953398613e-02,3.527474080582167215e-02,-6.685685779402786300e-02,-1.786454993499743960e-01,-1.648981283877646864e-01,-1.167257163863830161e-01,3.217429640887707332e-01,-1.263883939650635724e-01,1.665656134508753661e-01,1.481596739842930624e-02,0.000000000000000000e+00,0.000000000000000000e+00,-1.328111808542579819e+00,7.178335122427909054e-01,-1.012342246756654518e+00,8.690098235062081178e-02,0.000000000000000000e+00,0.000000000000000000e+00,0.000000000000000000e+00,-1.887305320129705200e+00,-6.998698229907158730e-01,1.313689903748740839e+00,6.114477185777592583e-01,0.000000000000000000e+00,0.000000000000000000e+00,0.000000000000000000e+00
9.169419057216937619e-03,-4.605113139943906725e-02,9.024180745765110201e-01,2.680335758376515415e-02,-1.393089214078237475e-03,4.540494914352385392e-01,8.905721187259799665e-01,-1.024640652059262413e-02,9.718748809252228393e-02,2.227287573367130458e-01,6.996612976200745904e-02,3.661017674390919935e-02,-6.733182936634979354e-02,-1.796199719309689580e-01,-1.657315413760502010e-01,-1.179306646331108599e-01,3.221469595725221513e-01,-1.260544186777046438e-01,1.654472110985131250e-01,1.366394255447680138e-02,0.000000000000000000e+00,0.000000000000000000e+00,-1.331815572855721719e+00,7.131958259690844848e-01,-1.013107310804285399e+00,9.820472651817781229e-02,0.000000000000000000e+00,0.000000000000000000e+00,0.000000000000000000e+00,-1.879091524254838497e+00,-6.930386992541138769e-01,1.311937102439638458e+00,6.203774065102484192e-01,0.000000000000000000e+00,0.000000000000000000e+00,0.000000000000000000e+00
9.049880964230063579e-03,-4.617488012212219578e-02,9.024349789448362635e-01,2.656351405803556581e-02,-1.096223625831439742e-03,4.548455640161228608e-01,8.901734049664183912e-01,-1.102782890605031110e-02,9.684206136289269518e-02,2.208127969183293071e-01,6.827489647767143177e-02,3.816797848567798912e-02,-6.777304006381039414e-02,-1.801678886655648237e-01,-1.662352222099769405e-01,-1.198426150079197477e-01,3.219443882810790747e-01,-1.253034614894208976e-01,1.646930735088641684e-01,1.381515288283476084e-02,0.000000000000000000e+00,0.000000000000000000e+00,-1.335063726219862801e+00,7.100921763152723276e-01,-1.011991952497682590e+00,1.073854270095419838e-01,0.000000000000000000e+00,0.000000000000000000e+00,0.000000000000000000e+00,-1.871925545928659451e+00,-6.854451622375332676e-01,1.310913381756402929e+00,6.304543440316889846e-01,0.000000000000000000e+00,0.000000000000000000e+00,0.000000000000000000e+00
8.909195436827097025e-03,-4.633803672985285782e-02,9.024930037658945858e-01,2.614077813583853480e-02,-2.544305662462906215e-04,4.558195900992542682e-01,8.896882017118632469e-01,-1.293617487744433067e-02,9.636296955245959861e-02,2.194351574227154655e-01,6.640283194792312438e-02,3.869877768944201407e-02,-6.920536199679172551e-02,-1.808550795939352362e-01,-1.672567120847900934e-01,-1.230603037415642087e-01,3.195414950034884960e-01,-1.232760560227027374e-01,1.652514301734153424e-01,1.555126907192045174e-02,0.000000000000000000e+00,0.000000000000000000e+00,-1.338881277498035427e+00,7.053007671097833997e-01,-1.013807660062765459e+00,1.172503848890763534e-01,0.000000000000000000e+00,0.000000000000000000e+00,0.000000000000000000e+00,-1.864432699743151955e+00,-6.769811830353199555e-01,1.310091340664654824e+00,6.425957045420966907e-01,0.000000000000000000e+00,0.000000000000000000e+00,0.000000000000000000e+00
8.748752109909064753e-03,-4.657925427832527998e-02,9.025101655411531532e-01,2.566134348108810304e-02,4.845606911397390090e-04,4.569778537251322215e-01,8.891076998072030557e-01,-1.576325932317885342e-02,9.610565537463988672e-02,2.170784956264325272e-01,6.594936012425403615e-02,3.992684936131477014e-02,-6.939156831467933884e-02,-1.825002228922935066e-01,-1.675537236353992765e-01,-1.244353070753272394e-01,3.190603574043682777e-01,-1.220702010283432060e-01,1.644308470302952296e-01,1.692101688015531027e-02,0.000000000000000000e+00,0.000000000000000000e+00,-1.342904904874314020e+00,6.999704941467950192e-01,-1.013690590960232285e+00,1.275009694414628580e-01,0.000000000000000000e+00,0.000000000000000000e+00,0.000000000000000000e+00,-1.857494173919384428e+00,-6.705316051811561762e-01,1.308745856380081340e+00,6.502506962328775675e-01,0.000000000000000000e+00,0.000000000000000000e+00,0.000000000000000000e+00
8.509001078993352202e-03,-4.689204624360057694e-02,9.025666160643502911e-01,2.512863049021673428e-02,1.244021153302400824e-03,4.576883946758286692e-01,8.887566245717219982e-01,-1.857026530469756478e-02,9.589229156088965866e-02,2.149933403038439272e-01,6.532066841022048098e-02,4.176577797576856710e-02,-6.841645106469557147e-02,-1.844976880072224934e-01,-1.679198896323325918e-01,-1.263956948733608310e-01,3.185760457396265566e-01,-1.202938084081810050e-01,1.641263914436955351e-01,1.890902818219239445e-02,0.000000000000000000e+00,0.000000000000000000e+00,-1.346394203682208968e+00,6.937009223604494457e-01,-1.013993339170246921e+00,1.389476896524484140e-01,0.000000000000000000e+00,0.000000000000000000e+00,0.000000000000000000e+00,-1.853549811181881113e+00,-6.633505166900988126e-01,1.309274774612023018e+00,6.603738749010013009e-01,0.000000000000000000e+00,0.000000000000000000e+00,0.000000000000000000e+00
8.230507950589265043e-03,-4.726865071421075537e-02,9.026306113587363456e-01,2.451963696244763985e-02,1.702109654606750577e-03,4.584613317903781793e-01,8.883744128907292703e-01,-2.122426477299578507e-02,9.624026674206559440e-02,2.130466452682945322e-01,6.529579036045618512e-02,4.279418798645526212e-02,-6.737981933094050468e-02,-1.852942280133503261e-01,-1.674701361273411293e-01,-1.276240476797808887e-01,3.163911707369972404e-01,-1.179591508644366460e-01,1.646642901104666545e-01,2.139304918056974050e-02,0.000000000000000000e+00,0.000000000000000000e+00,-1.351390297775193261e+00,6.836020032065488472e-01,-1.017182015403988116e+00,1.534133542541420425e-01,0.000000000000000000e+00,0.000000000000000000e+00,0.000000000000000000e+00,-1.852317262010120480e+00,-6.559075839141988995e-01,1.315485771800112280e+00,6.731305005904463235e-01,0.000000000000000000e+00,0.000000000000000000e+00,0.000000000000000000e+00
7.910291264269907890e-03,-4.777433485135088032e-02,9.026750966186913860e-01,2.396357812282795888e-02,2.418027474978701880e-03,4.587067479812814152e-01,8.882612337725429574e-01,-2.484509118269906044e-02,9.686156848769494898e-02,2.130353419756650935e-01,6.661052846113801884e-02,4.353503456149621087e-02,-6.748467905773951336e-02,-1.865248042903978054e-01,-1.678193955015836736e-01,-1.308624595263711554e-01,3.136314580489244497e-01,-1.155285726110139438e-01,1.649927758386697529e-01,2.467023178878843467e-02,0.000000000000000000e+00,0.000000000000000000e+00,-1.354746413885564493e+00,6.718200825941978982e-01,-1.017864103271301612e+00,1.688966002076059958e-01,0.000000000000000000e+00,0.000000000000000000e+00,0.000000000000000000e+00,-1.851043660174376493e+00,-6.453860981972978639e-01,1.317762334284625636e+00,6.897090478222052123e-01,0.000000000000000000e+00,0.000000000000000000e+00,0.000000000000000000e+00
7.580431111019792639e-03,-4.830899865762266349e-02,9.027797366536476353e-01,2.326390883731859621e-02,2.977359133474083951e-03,4.592834332448027523e-01,8.879800976514437005e-01,-2.845652490981378374e-02,9.802588762185387994e-02,2.134496158792364429e-01,6.814938598078801313e-02,4.434007456266809977e-02,-6.817171680142194989e-02,-1.871482273958340048e-01,-1.676692555154189468e-01,-1.339797676819241279e-01,3.099825983165305776e-01,-1.110598604456195515e-01,1.661960130884052589e-01,2.765877332400482752e-02,0.000000000000000000e+00,0.000000000000000000e+00,-1.359979762357564681e+00,6.557367996690574019e-01,-1.018988767870501633e+00,1.909208458883159543e-01,0.000000000000000000e+00,0.000000000000000000e+00,0.000000000000000000e+00,-1.850150781399800604e+00,-6.313299944650004880e-01,1.324721058729135148e+00,7.147750889534895125e-01,0.000000000000000000e+00,0.000000000000000000e+00,0.000000000000000000e+00
7.237656769749752084e-03,-4.895392857740533954e-02,9.028216999120719510e-01,2.303100523954400985e-02,3.116357172669839953e-03,4.605546404841416863e-01,8.873270446933041455e-01,-3.220213136987033764e-02,9.875939969371114180e-02,2.126946859157270719e-01,7.153776388746777015e-02,4.493718582530614042e-02,-6.930207955211714621e-02,-1.871997914224937665e-01,-1.685357243245465542e-01,-1.381757700158759705e-01,3.082064567389969922e-01,-1.072444482988549191e-01,1.654419498079685302e-01,2.976187387945100973e-02,0.000000000000000000e+00,0.000000000000000000e+00,-1.368780014372140696e+00,6.414389235029872571e-01,-1.027147714297645731e+00,2.132624678928364270e-01,0.000000000000000000e+00,0.000000000000000000e+00,0.000000000000000000e+00,-1.848736722517950515e+00,-6.165282061492856069e-01,1.333687499553406486e+00,7.398624403610524203e-01,0.000000000000000000e+00,0.000000000000000000e+00,0.000000000000000000e+00
6.920677216711483906e-03,-4.954699265981630379e-02,9.029291315346641422e-01,2.213180933646611420e-02,3.770890564415537577e-03,4.608080915898792318e-01,8.872157945647376476e-01,-3.605269724323732078e-02,1.001972211376293970e-01,2.124225006680610928e-01,7.288116970345373535e-02,4.563352559947785742e-02,-7.043455892550905262e-02,-1.880541878015149770e-01,-1.676724252573312535e-01,-1.408213077694515647e-01,3.039453144556448216e-01,-1.032798682872318047e-01,1.657857472630964724e-01,3.324446606734823839e-02,0.000000000000000000e+00,0.000000000000000000e+00,-1.376324249844337544e+00,6.261529925907775018e-01,-1.029327667153985493e+00,2.343065681950443901e-01,0.000000000000000000e+00,0.000000000000000000e+00,0.000000000000000000e+00,-1.847618073718778398e+00,-6.018015745344044154e-01,1.342471951912150629e+00,7.648455844381812918e-01,0.000000000000000000e+00,0.000000000000000000e+00,0.000000000000000000e+00
6.619937751026025441e-03,-5.015446159861744468e-02,9.030195937490294034e-01,2.150722991496168551e-02,4.718869329980972770e-03,4.604410963212437480e-01,8.874171331184239619e-01,-3.966826610475449738e-02,1.010508659572763174e-01,2.136806066383111213e-01,7.369833965578706514e-02,4.705857106383160016e-02,-7.157792128370113471e-02,-1.894801535401910153e-01,-1.673155654782279012e-01,-1.426165949764003904e-01,2.993826548921183495e-01,-9.901702488543392966e-02,1.656518443373756755e-01,3.794661892816538623e-02,0.000000000000000000e+00,0.000000000000000000e+00,-1.387846828624637929e+00,6.133819613635747015e-01,-1.037403013660044504e+00,2.549699220904759200e-01,0.000000000000000000e+00,0.000000000000000000e+00,0.000000000000000000e+00,-1.845339518654601330e+00,-5.843685935828466516e-01,1.344912950435616761e+00,7.926884542875541895e-01,0.000000000000000000e+00,0.000000000000000000e+00,0.000000000000000000e+00
6.297828060557146210e-03,-5.066637768705245515e-02,9.031072043578689534e-01,2.027087622096316460e-02,5.680444998177815348e-03,4.602638192212932799e-01,8.875325576212319545e-01,-4.418598857857834045e-02,1.030390914520226409e-01,2.145868156917310476e-01,7.515080350269366660e-02,4.711806244976696201e-02,-7.240508735743696189e-02,-1.906611474477273860e-01,-1.653098265756561824e-01,-1.433382245994180293e-01,2.932603066513338463e-01,-9.454895345261761508e-02,1.662601518263515654e-01,4.204189128472708009e-02,0.000000000000000000e+00,0.000000000000000000e+00,-1.398059580628223442e+00,5.999270450241270813e-01,-1.040571995676773609e+00,2.709512526301647295e-01,0.000000000000000000e+00,0.000000000000000000e+00,0.000000000000000000e+00,-1.842713006211466720e+00,-5.695960436075595545e-01,1.342660327974947609e+00,8.158868343427226888e-01,0.000000000000000000e+00,0.000000000000000000e+00,0.000000000000000000e+00
5.977695087969712995e-03,-5.119014060869617189e-02,9.031554258413869718e-01,1.933692996594972915e-02,6.367442472495804702e-03,4.602280793778961154e-01,8.875672671792173007e-01,-4.780573617709318185e-02,1.046532167827822213e-01,2.149316300280361414e-01,7.624447311662352345e-02,4.754700978658382704e-02,-7.445008297319988255e-02,-1.911561833381174025e-01,-1.641618401807560523e-01,-1.454243388776726431e-01,2.878805128964876392e-01,-9.068466481448961281e-02,1.673961932193886726e-01,4.543025954474774059e-02,0.000000000000000000e+00,0.000000000000000000e+00,-1.408677016467675625e+00,5.880239235434052691e-01,-1.048221971294748256e+00,2.855654523444624004e-01,0.000000000000000000e+00,0.000000000000000000e+00,0.000000000000000000e+00,-1.840648111342062299e+00,-5.556122710630430062e-01,1.342058245409296857e+00,8.355802991806314806e-01,0.000000000000000000e+00,0.000000000000000000e+00,0.000000000000000000e+00
5.600515173899653712e-03,-5.166419870192318076e-02,9.031831531232241694e-01,1.850466802708379890e-02,6.683647015538645916e-03,4.603324347259916127e-01,8.875285661109841850e-01,-5.122863837530998443e-02,1.064313568421046963e-01,2.156090408217052334e-01,7.877611283689277266e-02,4.618409657009821256e-02,-7.452417655152047959e-02,-1.917448349841252564e-01,-1.626635951255978596e-01,-1.459685562670963166e-01,2.842699421688772432e-01,-8.714161364763628459e-02,1.682126620406826645e-01,4.703262298443582068e-02,0.000000000000000000e+00,0.000000000000000000e+00,-1.416774970439935499e+00,5.774747770610968445e-01,-1.053588912744621853e+00,2.984351953133946300e-01,0.000000000000000000e+00,0.000000000000000000e+00,0.000000000000000000e+00,-1.840396659998352114e+00,-5.431219074367575894e-01,1.344835852680392518e+00,8.532029839707317986e-01,0.000000000000000000e+00,0.000000000000000000e+00,0.000000000000000000e+00
5.280562285912509743e-03,-5.211015812156439414e-02,9.032043402209053440e-01,1.766310537208158962e-02,7.593538833349252823e-03,4.600576456040169626e-01,8.876808635978864492e-01,-5.500449508989724984e-02,1.076764733263648882e-01,2.164616118039427994e-01,7.990512478412958863e-02,4.663545025212285922e-02,-7.645904359447414089e-02,-1.934508369857956822e-01,-1.618938648518436496e-01,-1.473318251540065016e-01,2.802587950763477664e-01,-8.281253809434145630e-02,1.684417184998002193e-01,4.945655823127574624e-02,0.000000000000000000e+00,0.000000000000000000e+00,-1.428741156244505817e+00,5.696931912703023793e-01,-1.061707146696687865e+00,3.089655075868423806e-01,0.000000000000000000e+00,0.000000000000000000e+00,0.000000000000000000e+00,-1.842789038054009509e+00,-5.329737045239718585e-01,1.353276509355013202e+00,8.668720091123460758e-01,0.000000000000000000e+00,0.000000000000000000e+00,0.000000000000000000e+00
4.959711106273420947e-03,-5.251900265122284167e-02,9.032543213968248219e-01,1.663737778515152893e-02,8.430359314775461022e-03,4.603237404952597589e-01,8.875551704760163974e-01,-5.893050867833586615e-02,1.090109127011543444e-01,2.163153653543913035e-01,8.079672848644769978e-02,4.670821562272585437e-02,-7.728999933777107312e-02,-1.949629443009701091e-01,-1.606798033450562435e-01,-1.482848083089934599e-01,2.763080547209035287e-01,-7.845765902725211627e-02,1.693607213437070547e-01,5.054052854146940527e-02,0.000000000000000000e+00,0.000000000000000000e+00,-1.438837413897837925e+00,5.616286430889657622e-01,-1.067563224079062012e+00,3.179798356223862421e-01,0.000000000000000000e+00,0.000000000000000000e+00,0.000000000000000000e+00,-1.845004049180598571e+00,-5.257681651293309999e-01,1.359575793867551008e+00,8.778679802586200065e-01,0.000000000000000000e+00,0.000000000000000000e+00,0.000000000000000000e+00
4.690690947121009188e-03,-5.295012292904772988e-02,9.032502532396150530e-01,1.597232366445156676e-02,9.336066571896364102e-03,4.604492200529878843e-01,8.874932329264928477e-01,-6.262510756476413754e-02,1.097219697234582542e-01,2.164542600770522907e-01,8.176716455037992548e-02,4.717188459357900265e-02,-7.881758741122171785e-02,-1.971194649065780846e-01,-1.604049010856727631e-01,-1.493803435240348698e-01,2.741204756670662657e-01,-7.548118972675500749e-02,1.697153809298030669e-01,5.187021717721081171e-02,0.000000000000000000e+00,0.000000000000000000e+00,-1.447608322584642782e+00,5.551125749401495391e-01,-1.072799336374115953e+00,3.246249525127103408e-01,0.000000000000000000e+00,0.000000000000000000e+00,0.000000000000000000e+00,-1.846417986191455141e+00,-5.191062606576700711e-01,1.361663895649947165e+00,8.868397979251221308e-01,0.000000000000000000e+00,0.000000000000000000e+00,0.000000000000000000e+00
4.496028926890735175e-03,-5.332096485994503726e-02,9.032486294217090261e-01,1.503642602819760601e-02,1.056883580862363024e-02,4.607851623210290626e-01,8.873213847229939333e-01,-6.658599974718844294e-02,1.105476684793054720e-01,2.171633638426169743e-01,8.158158979616166040e-02,4.784607782181258401e-02,-7.957745762793450028e-02,-2.000754060429549286e-01,-1.597002327037070346e-01,-1.495820421396119593e-01,2.720243013558778511e-01,-7.279804471129192045e-02,1.707608917368249046e-01,5.331124577711834900e-02,0.000000000000000000e+00,0.000000000000000000e+00,-1.456578716079402369e+00,5.486367667490018585e-01,-1.077169705779091213e+00,3.294638420000355339e-01,0.000000000000000000e+00,0.000000000000000000e+00,0.000000000000000000e+00,-1.848671984511466526e+00,-5.142918441745921720e-01,1.363428873602909652e+00,8.956339187168950167e-01,0.000000000000000000e+00,0.000000000000000000e+00,0.000000000000000000e+00
4.372988781338753642e-03,-5.368899158305076580e-02,9.032517946162403888e-01,1.444738219601285345e-02,1.170071241513393617e-02,4.601996881002096140e-01,8.876207599809335935e-01,-6.918337851937045313e-02,1.110103430878131570e-01,2.183422418008698074e-01,8.064098376825531989e-02,4.924129175551104215e-02,-8.138917563659815724e-02,-2.025983696661224631e-01,-1.593667144047893058e-01,-1.499201521092381473e-01,2.696264110791983248e-01,-7.022754074523754331e-02,1.719891410466714843e-01,5.457363624440143141e-02,0.000000000000000000e+00,0.000000000000000000e+00,-1.466728027927991285e+00,5.456198784879698893e-01,-1.085817682137887763e+00,3.341202018361041359e-01,0.000000000000000000e+00,0.000000000000000000e+00,0.000000000000000000e+00,-1.852118324782318082e+00,-5.078971808261779630e-01,1.368072024551245880e+00,9.037125634149171249e-01,0.000000000000000000e+00,0.000000000000000000e+00,0.000000000000000000e+00
4.308554652466855747e-03,-5.405594809065659978e-02,9.032627761026588153e-01,1.366753326183049733e-02,1.291892551889785475e-02,4.604089960371214318e-01,8.875076654689035838e-01,-7.303726921219136359e-02,1.115322094289625254e-01,2.181976545578865057e-01,8.083080794037936223e-02,4.976558561637776240e-02,-8.183920058810648102e-02,-2.053009592583712184e-01,-1.587585625660383193e-01,-1.500498799072261802e-01,2.677565957602370261e-01,-6.870873439893669665e-02,1.727464091060909035e-01,5.469970808216009089e-02,0.000000000000000000e+00,0.000000000000000000e+00,-1.475099201255799297e+00,5.416368388813801449e-01,-1.091291913109909695e+00,3.387075572029877302e-01,0.000000000000000000e+00,0.000000000000000000e+00,0.000000000000000000e+00,-1.853021897557216136e+00,-5.032743980777470982e-01,1.369136768991899622e+00,9.098029006760712800e-01,0.000000000000000000e+00,0.000000000000000000e+00,0.000000000000000000e+00
4.318452674216953502e-03,-5.443128457525237690e-02,9.031971335485080576e-01,1.304749038035773676e-02,1.424942559689519432e-02,4.596662549199372894e-01,8.878815523214861338e-01,-7.579030274723828897e-02,1.122185737267720196e-01,2.204884203809061582e-01,7.967787323869890415e-02,5.132604633640575065e-02,-8.334274211876181726e-02,-2.084021584041503838e-01,-1.587453406288216462e-01,-1.513573194241759623e-01,2.658114471609904217e-01,-6.721522085165912430e-02,1.741790153770690908e-01,5.571039672909919999e-02,0.000000000000000000e+00,0.000000000000000000e+00,-1.486845325175929489e+00,5.411185756274401459e-01,-1.102430137429403656e+00,3.413285686295221555e-01,0.000000000000000000e+00,0.000000000000000000e+00,0.000000000000000000e+00,-1.856628707668708023e+00,-4.977466539822935077e-01,1.375808631149955996e+00,9.156611666216301071e-01,0.000000000000000000e+00,0.000000000000000000e+00,0.000000000000000000e+00
4.383113458408111063e-03,-5.480034140655696412e-02,9.031443035763296878e-01,1.245203983583187575e-02,1.578606154808435275e-02,4.596757630716686305e-01,8.878591891787828150e-01,-8.001552296344424664e-02,1.122734858015202453e-01,2.204340713802730167e-01,7.996484876276278853e-02,5.237759395081032637e-02,-8.454043021098045507e-02,-2.123974723859853309e-01,-1.591899054846694084e-01,-1.524934924229767730e-01,2.656832304486258511e-01,-6.608605909652241761e-02,1.750128824643554792e-01,5.661723287870076143e-02,0.000000000000000000e+00,0.000000000000000000e+00,-1.496081284589126037e+00,5.375695084863606477e-01,-1.108769863168943548e+00,3.466504696867057644e-01,0.000000000000000000e+00,0.000000000000000000e+00,0.000000000000000000e+00,-1.860148700095889618e+00,-4.940405415745265372e-01,1.378513048401447394e+00,9.210852828040142493e-01,0.000000000000000000e+00,0.000000000000000000e+00,0.000000000000000000e+00
4.470274008064012775e-03,-5.513918462867567483e-02,9.031184941599617044e-01,1.184683902080128047e-02,1.707933472451281590e-02,4.589853955450132195e-01,8.882006279028236140e-01,-8.270790232248954876e-02,1.128343272808451370e-01,2.216559400272869185e-01,7.892251549787265841e-02,5.410066997272452993e-02,-8.626652891592802297e-02,-2.154854063999946667e-01,-1.589611180216349284e-01,-1.533424264969631690e-01,2.642508696800897616e-01,-6.494008557121849767e-02,1.760181332912848506e-01,5.764831097506253887e-02,0.000000000000000000e+00,0.000000000000000000e+00,-1.505781746599305970e+00,5.346433978303885004e-01,-1.117533269873236090e+00,3.524091487111539189e-01,0.000000000000000000e+00,0.000000000000000000e+00,0.000000000000000000e+00,-1.863969566216137297e+00,-4.890908903703150012e-01,1.384575323170627703e+00,9.284813437636012523e-01,0.000000000000000000e+00,0.000000000000000000e+00,0.000000000000000000e+00
4.563201675755960973e-03,-5.545813952026110855e-02,9.030710475328075360e-01,1.114223160412257906e-02,1.829000928547488969e-02,4.588639359901066639e-01,8.882483968366527982e-01,-8.578651803434445000e-02,1.134809393336745353e-01,2.225622511756653599e-01,7.834371678075567613e-02,5.489760582773288433e-02,-8.592362310971826678e-02,-2.185190236466175995e-01,-1.583674954931912349e-01,-1.532915274936867689e-01,2.632170388980650810e-01,-6.422260686965712562e-02,1.770891580511302354e-01,5.747233997160027669e-02,0.000000000000000000e+00,0.000000000000000000e+00,-1.515207705214553169e+00,5.306800958429798154e-01,-1.125797288084543712e+00,3.583877865469742852e-01,0.000000000000000000e+00,0.000000000000000000e+00,0.000000000000000000e+00,-1.865437641003472091e+00,-4.845767918635462412e-01,1.385178809013497325e+00,9.346629072160627105e-01,0.000000000000000000e+00,0.000000000000000000e+00,0.000000000000000000e+00
4.703274669677201189e-03,-5.573552287920323367e-02,9.030939406070540576e-01,1.037469544571070421e-02,1.971114596976009103e-02,4.585314722613104688e-01,8.883989674492208666e-01,-8.921287463143134921e-02,1.141321662747286914e-01,2.236132202293795723e-01,7.793831988799432287e-02,5.581152502543043625e-02,-8.614272625145000251e-02,-2.213605588612568287e-01,-1.578422099381499855e-01,-1.539452958998978604e-01,2.607227536318467709e-01,-6.164182020785073657e-02,1.778316502247885567e-01,5.774769587133714993e-02,0.000000000000000000e+00,0.000000000000000000e+00,-1.525242141384684391e+00,5.271614185190449664e-01,-1.135947918088859643e+00,3.651853456631889427e-01,0.000000000000000000e+00,0.000000000000000000e+00,0.000000000000000000e+00,-1.869188241738627410e+00,-4.800051282554945731e-01,1.390491890720624291e+00,9.413413183017622643e-01,0.000000000000000000e+00,0.000000000000000000e+00,0.000000000000000000e+00
4.834972844482513313e-03,-5.605287775633500252e-02,9.030749553504281435e-01,9.606294415175031104e-03,2.088067583057990478e-02,4.587992593711431866e-01,8.882426223082050543e-01,-9.321056976884425915e-02,1.148835802780054233e-01,2.231050589590991007e-01,7.874692141814979007e-02,5.663684448171486113e-02,-8.611076038758244677e-02,-2.240680083806281253e-01,-1.573249193979363303e-01,-1.548502300832332312e-01,2.594058105602887743e-01,-5.969275276613159043e-02,1.780974673148798260e-01,5.737606467480849126e-02,0.000000000000000000e+00,0.000000000000000000e+00,-1.535663969258810324e+00,5.225745435105567660e-01,-1.146578302655909543e+00,3.726899247045695196e-01,0.000000000000000000e+00,0.000000000000000000e+00,0.000000000000000000e+00,-1.870842477932288528e+00,-4.765372510926879634e-01,1.394881069737745838e+00,9.471046205207168667e-01,0.000000000000000000e+00,0.000000000000000000e+00,0.000000000000000000e+00
5.014982538527709699e-03,-5.631186461883955219e-02,9.030930437482223017e-01,8.583152284455827091e-03,2.275431331369183116e-02,4.582939934916197000e-01,8.884678870122355576e-01,-9.737753852086307449e-02,1.155848507600079206e-01,2.239460838456019953e-01,7.774535439582636043e-02,5.769087995183958678e-02,-8.729052124460540130e-02,-2.275987040980462783e-01,-1.567037823452135936e-01,-1.559324103368286973e-01,2.559953483197274227e-01,-5.687768642884679510e-02,1.791636601241393956e-01,5.813577752544331345e-02,0.000000000000000000e+00,0.000000000000000000e+00,-1.546935989919427712e+00,5.188074493501235729e-01,-1.156534060339493797e+00,3.785767384483706977e-01,0.000000000000000000e+00,0.000000000000000000e+00,0.000000000000000000e+00,-1.875313202131372536e+00,-4.721915872500311306e-01,1.398181272525344632e+00,9.535405061212418598e-01,0.000000000000000000e+00,0.000000000000000000e+00,0.000000000000000000e+00
5.185856580822028467e-03,-5.663812220799299690e-02,9.031291943355730378e-01,7.600364623587152479e-03,2.441074238263012813e-02,4.579788393978890260e-01,8.885953706708578093e-01,-1.017616860369731091e-01,1.164047070992650090e-01,2.242605294639007929e-01,7.767544861621679397e-02,5.891217500826900072e-02,-8.734670241760154885e-02,-2.311843363338028090e-01,-1.557747101707923354e-01,-1.564696177781881303e-01,2.536046534942454911e-01,-5.466567769137708338e-02,1.784906971864068104e-01,5.837299009447589199e-02,0.000000000000000000e+00,0.000000000000000000e+00,-1.556473138774576714e+00,5.151252710521178058e-01,-1.165499304686973048e+00,3.848197571190276611e-01,0.000000000000000000e+00,0.000000000000000000e+00,0.000000000000000000e+00,-1.877946270965250131e+00,-4.684591951850297642e-01,1.403018050385961946e+00,9.589617819390089393e-01,0.000000000000000000e+00,0.000000000000000000e+00,0.000000000000000000e+00
5.296618722600994998e-03,-5.697625716226211584e-02,9.030748888879263081e-01,6.708437375298951892e-03,2.575203282870509522e-02,4.577295263508301404e-01,8.886931474810723097e-01,-1.056158527527101820e-01,1.176087087680065119e-01,2.257106137401092560e-01,7.809094690183317200e-02,5.859733778521335895e-02,-8.770788161579207154e-02,-2.341539631655047693e-01,-1.549742957011998601e-01,-1.573079793074457777e-01,2.513975391667040427e-01,-5.297950029296433910e-02,1.792601735579424371e-01,5.805763032342342589e-02,0.000000000000000000e+00,0.000000000000000000e+00,-1.565154969418383724e+00,5.111139665686386113e-01,-1.173649173798212875e+00,3.906376218082805996e-01,0.000000000000000000e+00,0.000000000000000000e+00,0.000000000000000000e+00,-1.879089656158700716e+00,-4.647091665556879470e-01,1.404694785010990765e+00,9.646675734182317274e-01,0.000000000000000000e+00,0.000000000000000000e+00,0.000000000000000000e+00
5.457568591598599417e-03,-5.734225163309231849e-02,9.030347065499566561e-01,5.717203821126979474e-03,2.737338519056140354e-02,4.581766208312885169e-01,8.884211813589869555e-01,-1.099760705161136470e-01,1.182596394710834775e-01,2.254921410925475322e-01,7.721837787099933292e-02,5.985820903697281620e-02,-8.870953233730297094e-02,-2.376417155829983197e-01,-1.544150811743768004e-01,-1.584529662136202055e-01,2.497035342597531959e-01,-5.255576351973401811e-02,1.789846688613190850e-01,5.797877754336603490e-02,0.000000000000000000e+00,0.000000000000000000e+00,-1.572666264881950937e+00,5.054761660253755950e-01,-1.182428000709566884e+00,3.970480766896185010e-01,0.000000000000000000e+00,0.000000000000000000e+00,0.000000000000000000e+00,-1.878987490185566767e+00,-4.619375537298902601e-01,1.404612787919416794e+00,9.704342660573094248e-01,0.000000000000000000e+00,0.000000000000000000e+00,0.000000000000000000e+00
5.575346982796786782e-03,-5.768809933034186460e-02,9.030020634317222905e-01,4.679585302353092210e-03,2.889223607518367695e-02,4.585973359717376296e-01,8.881620480608245494e-01,-1.139950947574440293e-01,1.191195538926085179e-01,2.257013393873260054e-01,7.604673196441044669e-02,6.092245112943334151e-02,-8.995617835142669105e-02,-2.408812084891375771e-01,-1.538096754993626136e-01,-1.598932774871786866e-01,2.477231276425984896e-01,-5.082205507158906593e-02,1.795214835626781913e-01,5.873274165176566031e-02,0.000000000000000000e+00,0.000000000000000000e+00,-1.580580695085047616e+00,4.999900298664118892e-01,-1.191087936678041359e+00,4.018184015653723518e-01,0.000000000000000000e+00,0.000000000000000000e+00,0.000000000000000000e+00,-1.880689121993117885e+00,-4.604919946437634470e-01,1.405614584548859902e+00,9.762577386110844468e-01,0.000000000000000000e+00,0.000000000000000000e+00,0.000000000000000000e+00
5.678432230709969109e-03,-5.806585594397377370e-02,9.030177205172281729e-01,3.751222196308389920e-03,3.050737643648505568e-02,4.588492327978369034e-01,8.879823252046361581e-01,-1.180036990284299980e-01,1.195943416859623354e-01,2.256645505692771447e-01,7.466339220533095566e-02,6.300226937081428169e-02,-9.128935368445781351e-02,-2.445858238228262871e-01,-1.536087098774095716e-01,-1.618696677358126279e-01,2.463369274193202563e-01,-4.885450602508908946e-02,1.785769852437023020e-01,5.886517404854743618e-02,0.000000000000000000e+00,0.000000000000000000e+00,-1.587345859927260738e+00,4.968423327015609736e-01,-1.201159705419228896e+00,4.048301833653527027e-01,0.000000000000000000e+00,0.000000000000000000e+00,0.000000000000000000e+00,-1.882036598841791308e+00,-4.582369318863300234e-01,1.407943022032445590e+00,9.814223707834969224e-01,0.000000000000000000e+00,0.000000000000000000e+00,0.000000000000000000e+00
5.696239766037101450e-03,-5.846202917641667857e-02,9.029435144313738837e-01,2.828022400231063049e-03,3.208736671039012084e-02,4.588372074978008253e-01,8.879362703496890274e-01,-1.219039841226925158e-01,1.203487971383737226e-01,2.269296040950228299e-01,7.346668225368815919e-02,6.382277108432281298e-02,-9.227804566309234791e-02,-2.480786494790280516e-01,-1.532802593174337480e-01,-1.634941864690281910e-01,2.439773998201363037e-01,-4.666824357783441041e-02,1.780914941981409094e-01,5.911975218737885313e-02,0.000000000000000000e+00,0.000000000000000000e+00,-1.597656379197183396e+00,4.949819821852550206e-01,-1.215980887502044361e+00,4.079538357394238424e-01,0.000000000000000000e+00,0.000000000000000000e+00,0.000000000000000000e+00,-1.884667064510779921e+00,-4.540092440142303176e-01,1.412436231964509847e+00,9.908165935534933855e-01,0.000000000000000000e+00,0.000000000000000000e+00,0.000000000000000000e+00
5.684980727596170881e-03,-5.879287094560900484e-02,9.029363138225978691e-01,1.728025797760284268e-03,3.360237509296077479e-02,4.594041557524238262e-01,8.875898354489849540e-01,-1.263080902825636787e-01,1.208821672869943992e-01,2.260343306115117357e-01,7.253178625023658233e-02,6.442941936622902099e-02,-9.203561655365567751e-02,-2.516649010599309455e-01,-1.525238426054751906e-01,-1.641843688151371494e-01,2.422766695223237954e-01,-4.420053825657403734e-02,1.774408180009384439e-01,5.848907821557378789e-02,0.000000000000000000e+00,0.000000000000000000e+00,-1.605632769872923138e+00,4.922443084931049095e-01,-1.227498455353101425e+00,4.110341526880457730e-01,0.000000000000000000e+00,0.000000000000000000e+00,0.000000000000000000e+00,-1.887128356353723779e+00,-4.513938855204250866e-01,1.415045773261020212e+00,9.988591156092644363e-01,0.000000000000000000e+00,0.000000000000000000e+00,0.000000000000000000e+00
5.697684605563921659e-03,-5.914197318432427158e-02,9.028971480278281669e-01,7.128929292668366750e-04,3.534645895350296829e-02,4.596361980980602779e-01,8.874033384099248023e-01,-1.305207214136731020e-01,1.213001018399448294e-01,2.263212883474665649e-01,7.097575245053103221e-02,6.554807892356251386e-02,-9.338602234447448969e-02,-2.557395690244844144e-01,-1.522298633158187253e-01,-1.653228075820974419e-01,2.407643912651880602e-01,-4.316856916452634779e-02,1.773766177419028034e-01,5.931923625453764531e-02,0.000000000000000000e+00,0.000000000000000000e+00,-1.613387944023765508e+00,4.888162143871196963e-01,-1.236973934353762905e+00,4.149530080197914028e-01,0.000000000000000000e+00,0.000000000000000000e+00,0.000000000000000000e+00,-1.890995188339645638e+00,-4.494330998860832094e-01,1.421803578147993408e+00,1.005678311322437235e+00,0.000000000000000000e+00,0.000000000000000000e+00,0.000000000000000000e+00
5.623548763280502086e-03,-5.943625240052797382e-02,9.028562178967549645e-01,-3.320991712891681043e-04,3.669380437845150972e-02,4.603622051864956211e-01,8.869724316269377296e-01,-1.350732670874705554e-01,1.219153532465268031e-01,2.254929243369984126e-01,7.096073568712840673e-02,6.596392906338689743e-02,-9.341538936783497227e-02,-2.593283442085759227e-01,-1.518842928110573087e-01,-1.668842226606946644e-01,2.402217549977221922e-01,-4.180365319382055994e-02,1.762060179250045377e-01,5.939507641719145997e-02,0.000000000000000000e+00,0.000000000000000000e+00,-1.620312361047268945e+00,4.854064361536116756e-01,-1.244193086863358166e+00,4.179867983673557497e-01,0.000000000000000000e+00,0.000000000000000000e+00,0.000000000000000000e+00,-1.894344565782293266e+00,-4.483455232005441049e-01,1.428421243697342691e+00,1.012648458252854766e+00,0.000000000000000000e+00,0.000000000000000000e+00,0.000000000000000000e+00
5.556433177735185455e-03,-5.967045310064519881e-02,9.028395683933938543e-01,-1.601735204784687869e-03,3.842949665954132482e-02,4.607394596407743403e-01,8.867016175471629236e-01,-1.401711270081641425e-01,1.225161941751521100e-01,2.243986391025792337e-01,7.049874586242839414e-02,6.651714283709056486e-02,-9.424209063726671221e-02,-2.636668853328394957e-01,-1.511616963809227221e-01,-1.677791452379386317e-01,2.391736657939015354e-01,-4.112927353951208176e-02,1.755172619561037040e-01,5.902922369609610309e-02,0.000000000000000000e+00,0.000000000000000000e+00,-1.627742064990736814e+00,4.847513972633863966e-01,-1.252130671056827849e+00,4.180145763115499236e-01,0.000000000000000000e+00,0.000000000000000000e+00,0.000000000000000000e+00,-1.898088180600502328e+00,-4.476873417597768134e-01,1.434862679197599356e+00,1.016119349549577722e+00,0.000000000000000000e+00,0.000000000000000000e+00,0.000000000000000000e+00
5.414365751297244012e-03,-5.989242566379306826e-02,9.027603704632105597e-01,-2.788749429120746404e-03,3.998276404905766468e-02,4.613576025484997789e-01,8.863085038666385085e-01,-1.451306008645241730e-01,1.232428297554583885e-01,2.241262434135196657e-01,7.053388948287954430e-02,6.576059704519039706e-02,-9.522757062446347842e-02,-2.665610129251699822e-01,-1.507867774007037309e-01,-1.697889886624202871e-01,2.361645840620280878e-01,-3.981212865238364929e-02,1.756037613578082524e-01,5.789640092343859706e-02,0.000000000000000000e+00,0.000000000000000000e+00,-1.635880176396642405e+00,4.841720738033835070e-01,-1.261416411712438679e+00,4.176608199997898230e-01,0.000000000000000000e+00,0.000000000000000000e+00,0.000000000000000000e+00,-1.902693156739851954e+00,-4.468957332978502617e-01,1.443724888080363256e+00,1.020050369329447815e+00,0.000000000000000000e+00,0.000000000000000000e+00,0.000000000000000000e+00
5.251882177369706847e-03,-6.006997563533132689e-02,9.027431241006509399e-01,-4.138931308560104758e-03,4.150110254758883344e-02,4.616618220698025521e-01,8.860749910578376021e-01,-1.499067442163978803e-01,1.244278971464008454e-01,2.243700428933089464e-01,7.042564697223212267e-02,6.567278903233937648e-02,-9.675695788936262975e-02,-2.697948385630324908e-01,-1.498044923900155867e-01,-1.711841169477190117e-01,2.335126471797886183e-01,-3.797294599853250074e-02,1.756768236927344073e-01,5.773065506545763809e-02,0.000000000000000000e+00,0.000000000000000000e+00,-1.642398127830752008e+00,4.833530469949918196e-01,-1.266324503225591425e+00,4.162289712306473932e-01,0.000000000000000000e+00,0.000000000000000000e+00,0.000000000000000000e+00,-1.906334762577495567e+00,-4.470107175087075224e-01,1.447215760970163689e+00,1.023255477990055340e+00,0.000000000000000000e+00,0.000000000000000000e+00,0.000000000000000000e+00
5.048876355199270055e-03,-6.024313194235772495e-02,9.026995868044670468e-01,-5.506189473448671635e-03,4.289694193098032154e-02,4.621491849042644318e-01,8.857469532224067077e-01,-1.548444497320438928e-01,1.258169158688094424e-01,2.250884717866600826e-01,7.098760861692118840e-02,6.506076797556820113e-02,-9.769726824581959068e-02,-2.728731496359309561e-01,-1.487167902852157275e-01,-1.721714209394796524e-01,2.309406284744263682e-01,-3.583244123132375142e-02,1.763199678479162313e-01,5.751559816146437076e-02,0.000000000000000000e+00,0.000000000000000000e+00,-1.649030750035584303e+00,4.814494346489559540e-01,-1.269721434445772124e+00,4.160122712112577781e-01,0.000000000000000000e+00,0.000000000000000000e+00,0.000000000000000000e+00,-1.909782080386373870e+00,-4.476529103976261137e-01,1.451393069141052594e+00,1.026877209212743614e+00,0.000000000000000000e+00,0.000000000000000000e+00,0.000000000000000000e+00
4.787661655391866125e-03,-6.046048459543164333e-02,9.026682777134136249e-01,-6.601077665675486421e-03,4.381993112367844889e-02,4.624472675901151741e-01,8.855386858338848421e-01,-1.588948205941227987e-01,1.272169501819631621e-01,2.257359734142030949e-01,7.218095579914936277e-02,6.424145710605633219e-02,-9.816158803204402816e-02,-2.749465320143694158e-01,-1.477762514373407721e-01,-1.734570078561213646e-01,2.285603096262354417e-01,-3.385209809111723589e-02,1.772428242001034271e-01,5.639039005015551026e-02,0.000000000000000000e+00,0.000000000000000000e+00,-1.654435868009873856e+00,4.803605754161098251e-01,-1.273753290537886773e+00,4.167537469755290269e-01,0.000000000000000000e+00,0.000000000000000000e+00,0.000000000000000000e+00,-1.911972327303099739e+00,-4.475461132582209678e-01,1.454108460161889882e+00,1.029619031525317974e+00,0.000000000000000000e+00,0.000000000000000000e+00,0.000000000000000000e+00
4.583018621052216066e-03,-6.070616323262677944e-02,9.026475757970668923e-01,-7.566743091908440834e-03,4.488298934467827017e-02,4.630233470524260930e-01,8.851766161342238259e-01,-1.633657973016140463e-01,1.281094803926630665e-01,2.257353115911515662e-01,7.352533393517543536e-02,6.420462116678084252e-02,-9.856752342382270327e-02,-2.773460830167645552e-01,-1.473811850624245912e-01,-1.751085295359722516e-01,2.267117005485241865e-01,-3.157671603807427063e-02,1.769171861141463076e-01,5.652793075115937482e-02,0.000000000000000000e+00,0.000000000000000000e+00,-1.659058467561612682e+00,4.781428571243459547e-01,-1.276067463911324529e+00,4.185785802217950047e-01,0.000000000000000000e+00,0.000000000000000000e+00,0.000000000000000000e+00,-1.914947858550719806e+00,-4.485827692605899863e-01,1.456080701216538653e+00,1.031414451664915743e+00,0.000000000000000000e+00,0.000000000000000000e+00,0.000000000000000000e+00
4.405273750926107235e-03,-6.102354345758727316e-02,9.025893754887179821e-01,-8.133349684785576988e-03,4.557292145388491117e-02,4.633962992679612758e-01,8.849411433975827856e-01,-1.670056059657142045e-01,1.287497910839178195e-01,2.251429670982791620e-01,7.539677071965615596e-02,6.438985702588399807e-02,-9.960977532386813826e-02,-2.794961980691265113e-01,-1.473149472687108053e-01,-1.766643952441249166e-01,2.265300089727549926e-01,-3.094244450938530774e-02,1.748519995232839519e-01,5.674440884748911673e-02,0.000000000000000000e+00,0.000000000000000000e+00,-1.663921662899793263e+00,4.761898295343534593e-01,-1.280068783500635021e+00,4.233667157864176023e-01,0.000000000000000000e+00,0.000000000000000000e+00,0.000000000000000000e+00,-1.917854999517314640e+00,-4.481546551826040559e-01,1.459289827037021592e+00,1.035267430759111651e+00,0.000000000000000000e+00,0.000000000000000000e+00,0.000000000000000000e+00
4.255041253502379883e-03,-6.130518628170130574e-02,9.025905754200633790e-01,-8.953617892810255066e-03,4.617739297268542292e-02,4.639685824687719284e-01,8.846019644940851245e-01,-1.705116579169189683e-01,1.297748012057430289e-01,2.243212266644866171e-01,7.686070430654380614e-02,6.436091575909362594e-02,-9.982217087502866237e-02,-2.814511853734730784e-01,-1.463690413234703114e-01,-1.768492434896005716e-01,2.260192948486015041e-01,-3.023635937613048871e-02,1.748892002172058313e-01,5.640322052334103414e-02,0.000000000000000000e+00,0.000000000000000000e+00,-1.669880020638440765e+00,4.745507787911652509e-01,-1.285142161053852039e+00,4.252283924038973706e-01,0.000000000000000000e+00,0.000000000000000000e+00,0.000000000000000000e+00,-1.920084125593534363e+00,-4.492437626042546928e-01,1.462488323648049260e+00,1.037318429389827212e+00,0.000000000000000000e+00,0.000000000000000000e+00,0.000000000000000000e+00
4.208610920171417143e-03,-6.155757743383268032e-02,9.025342370865715447e-01,-1.000303045722427363e-02,4.756822748189591665e-02,4.639312707603863717e-01,8.845365900439371432e-01,-1.745453597545983948e-01,1.305790483979745453e-01,2.240077492781279989e-01,7.648937920744275365e-02,6.488905728867709610e-02,-1.007890455209305425e-01,-2.850005599054573624e-01,-1.454207198551021873e-01,-1.771687108103052466e-01,2.247433020966908834e-01,-2.946926917778076860e-02,1.739469906852403880e-01,5.782352704949390160e-02,0.000000000000000000e+00,0.000000000000000000e+00,-1.676129071655891867e+00,4.726532392647829761e-01,-1.286748987382420495e+00,4.274774945575648410e-01,0.000000000000000000e+00,0.000000000000000000e+00,0.000000000000000000e+00,-1.924690948363146248e+00,-4.491773961392602210e-01,1.465557955537341694e+00,1.041209858987366177e+00,0.000000000000000000e+00,0.000000000000000000e+00,0.000000000000000000e+00
4.160818159044808728e-03,-6.181167328816930540e-02,9.025186654070350700e-01,-1.099735361293661257e-02,4.897024676459309916e-02,4.641944438666668615e-01,8.843101782907644148e-01,-1.785315709065336265e-01,1.311688315061711740e-01,2.239286506271197241e-01,7.584607719126303105e-02,6.595008837971580440e-02,-1.019309121158908510e-01,-2.887377484041439568e-01,-1.447177288516161286e-01,-1.771377160058209277e-01,2.241261252118701697e-01,-2.859077425083728086e-02,1.738586009764311324e-01,5.711485093847903233e-02,0.000000000000000000e+00,0.000000000000000000e+00,-1.681801305026816795e+00,4.728472033471278202e-01,-1.290012862604468458e+00,4.273852272019090792e-01,0.000000000000000000e+00,0.000000000000000000e+00,0.000000000000000000e+00,-1.928332901349843365e+00,-4.493800261482673863e-01,1.469064533122089955e+00,1.041380782610991318e+00,0.000000000000000000e+00,0.000000000000000000e+00,0.000000000000000000e+00
4.165171922792268444e-03,-6.208017502259378928e-02,9.024470219829848761e-01,-1.192016763924221186e-02,5.045994177265496206e-02,4.643667406014231336e-01,8.841239924936795669e-01,-1.827798260561212806e-01,1.314455360941243489e-01,2.227066396398585946e-01,7.545762996169362580e-02,6.667569774152666551e-02,-1.029696340850683872e-01,-2.928045955744733586e-01,-1.442591238742301774e-01,-1.774391190099829374e-01,2.239638766455439578e-01,-2.832035596614355250e-02,1.726493654032679181e-01,5.726020152628816251e-02,0.000000000000000000e+00,0.000000000000000000e+00,-1.686880251819502519e+00,4.721652147455809301e-01,-1.291196672681921065e+00,4.293978627835156048e-01,0.000000000000000000e+00,0.000000000000000000e+00,0.000000000000000000e+00,-1.933123132491564089e+00,-4.495398127852342496e-01,1.473755610247150072e+00,1.042164990028888072e+00,0.000000000000000000e+00,0.000000000000000000e+00,0.000000000000000000e+00
4.122505098395116974e-03,-6.235077937962480582e-02,9.023544957808528055e-01,-1.259587448148882446e-02,5.154802013418605111e-02,4.645520639553374909e-01,8.839544815436646275e-01,-1.857841329142837505e-01,1.317062115593936600e-01,2.223245455203478604e-01,7.466809355560535821e-02,6.738422532162638423e-02,-1.036783424323537151e-01,-2.961116561658279078e-01,-1.440898739112269067e-01,-1.779817848546560999e-01,2.242736094041011818e-01,-2.814477199500641652e-02,1.716975849552027367e-01,5.574345148965096503e-02,0.000000000000000000e+00,0.000000000000000000e+00,-1.692697886963701936e+00,4.721111438727590981e-01,-1.295810623300812869e+00,4.316476422843365524e-01,0.000000000000000000e+00,0.000000000000000000e+00,0.000000000000000000e+00,-1.936449496412848248e+00,-4.479957050863651036e-01,1.475721433614974210e+00,1.043409896967728789e+00,0.000000000000000000e+00,0.000000000000000000e+00,0.000000000000000000e+00
4.081207649028254641e-03,-6.258916677754809699e-02,9.022272588958765160e-01,-1.306567054410949502e-02,5.228876681687145977e-02,4.649249038818209501e-01,8.837081004882121338e-01,-1.884167153891792568e-01,1.318498904576798081e-01,2.215487177315308143e-01,7.475061843754826629e-02,6.755112355409337299e-02,-1.035769910339656846e-01,-2.993540009482738018e-01,-1.439803058223567134e-01,-1.776011477299658525e-01,2.264393574765457551e-01,-2.940332905518135143e-02,1.699651399745936431e-01,5.376051059191805370e-02,0.000000000000000000e+00,0.000000000000000000e+00,-1.696065079176190427e+00,4.728295437711034777e-01,-1.298758885493331849e+00,4.334149311461986120e-01,0.000000000000000000e+00,0.000000000000000000e+00,0.000000000000000000e+00,-1.938272855904263903e+00,-4.471533067719670740e-01,1.478491468196029501e+00,1.042726776895565033e+00,0.000000000000000000e+00,0.000000000000000000e+00,0.000000000000000000e+00
4.058213339454755722e-03,-6.270847759446704361e-02,9.022105383647986976e-01,-1.380629644412157374e-02,5.336778353786739842e-02,4.650557618580219432e-01,8.835634692660218059e-01,-1.911358119449878545e-01,1.322234992568101508e-01,2.220048178961681051e-01,7.408958624124441228e-02,6.761755713183593974e-02,-1.039709781691207646e-01,-3.029718059741582925e-01,-1.435389788370798336e-01,-1.769873950320458023e-01,2.278033555646030717e-01,-3.017218064622571166e-02,1.700210275558099171e-01,5.245434977736156829e-02,0.000000000000000000e+00,0.000000000000000000e+00,-1.697380725825936798e+00,4.720040157508229584e-01,-1.296340650338901668e+00,4.356218068777013008e-01,0.000000000000000000e+00,0.000000000000000000e+00,0.000000000000000000e+00,-1.939574278786491579e+00,-4.467885376430483779e-01,1.477412524500490321e+00,1.041627650618517809e+00,0.000000000000000000e+00,0.000000000000000000e+00,0.000000000000000000e+00
4.026410291314198690e-03,-6.280350319753390254e-02,9.021387124783900591e-01,-1.409912161647683057e-02,5.391974288606113386e-02,4.652467460065911609e-01,8.834247797220907694e-01,-1.934412697599933728e-01,1.324587289479306207e-01,2.220695088344685764e-01,7.544473336079207670e-02,6.747961376290823043e-02,-1.047675050390657892e-01,-3.058951041387610315e-01,-1.438069549126179403e-01,-1.768077379320853182e-01,2.307383065268122646e-01,-3.112953910288755732e-02,1.692616762655306251e-01,5.069586245954112863e-02,0.000000000000000000e+00,0.000000000000000000e+00,-1.697908424657334381e+00,4.722858165816729015e-01,-1.296584183818360270e+00,4.377652912364781157e-01,0.000000000000000000e+00,0.000000000000000000e+00,0.000000000000000000e+00,-1.940106280825673712e+00,-4.461786900386056076e-01,1.478325204803906390e+00,1.039494333923889124e+00,0.000000000000000000e+00,0.000000000000000000e+00,0.000000000000000000e+00
4.054955545727240152e-03,-6.276599245276928696e-02,9.021007890449260769e-01,-1.447047301668715272e-02,5.460688981647563583e-02,4.654330810325720269e-01,8.832784046243704612e-01,-1.967119337412616409e-01,1.327215982830556029e-01,2.214936764117247381e-01,7.841707150593253683e-02,6.684674228769416082e-02,-1.053280515366037395e-01,-3.090624679649336404e-01,-1.440100330772015602e-01,-1.762359408410957007e-01,2.337564207132273031e-01,-3.143357114491327625e-02,1.689363422938122139e-01,4.827031475809555328e-02,0.000000000000000000e+00,0.000000000000000000e+00,-1.698112419244758309e+00,4.732288543396282465e-01,-1.297761680092907710e+00,4.396145456509936711e-01,0.000000000000000000e+00,0.000000000000000000e+00,0.000000000000000000e+00,-1.941353571565235248e+00,-4.448634562675993220e-01,1.477256016631252056e+00,1.037899334923107819e+00,0.000000000000000000e+00,0.000000000000000000e+00,0.000000000000000000e+00
4.179325418731601703e-03,-6.262423293354246745e-02,9.019682393551591293e-01,-1.499209710966509582e-02,5.551571386333429420e-02,4.653386761332878874e-01,8.832627916045252547e-01,-2.001753610288530549e-01,1.331825837759682829e-01,2.213349965477282577e-01,8.149363780358867548e-02,6.387860692769745108e-02,-1.051345260095361278e-01,-3.125092723441089126e-01,-1.437133692645294891e-01,-1.745305378797699369e-01,2.365217019489357364e-01,-3.441569630088910786e-02,1.697911943666359780e-01,4.598003180640579390e-02,0.000000000000000000e+00,0.000000000000000000e+00,-1.700061672402500612e+00,4.757141707961664578e-01,-1.298061443090027023e+00,4.397027708358033360e-01,0.000000000000000000e+00,0.000000000000000000e+00,0.000000000000000000e+00,-1.943778784772534074e+00,-4.443966278628652122e-01,1.477502311065836960e+00,1.033341052608672372e+00,0.000000000000000000e+00,0.000000000000000000e+00,0.000000000000000000e+00
4.449024109441567995e-03,-6.239463341083491960e-02,9.019528772750440293e-01,-1.568261104337986822e-02,5.639062969734659481e-02,4.653257859064340307e-01,8.832021657376977197e-01,-2.043500744358019983e-01,1.342553096352162578e-01,2.211291990682835440e-01,8.599185210173448946e-02,6.242425954196328258e-02,-1.052205582264768152e-01,-3.160303956243928902e-01,-1.429002274530467020e-01,-1.726472630785402529e-01,2.394080597743569461e-01,-3.496431598252160156e-02,1.703462177919451981e-01,4.421200414374557019e-02,0.000000000000000000e+00,0.000000000000000000e+00,-1.698994023800782127e+00,4.763093799741118239e-01,-1.297836645726280436e+00,4.424921358163758645e-01,0.000000000000000000e+00,0.000000000000000000e+00,0.000000000000000000e+00,-1.944666220251167754e+00,-4.436700497349775896e-01,1.476669998773984638e+00,1.031531727410204713e+00,0.000000000000000000e+00,0.000000000000000000e+00,0.000000000000000000e+00
4.899568916824947537e-03,-6.212660117137440430e-02,9.019077220274042128e-01,-1.630176320163319315e-02,5.685525666252212035e-02,4.654399138179277085e-01,8.831010241934484917e-01,-2.071523035486898812e-01,1.355827866571753526e-01,2.203401277550190718e-01,8.963988249229640215e-02,6.033560077667855792e-02,-1.050999883881149760e-01,-3.183687430819955311e-01,-1.417096437520025121e-01,-1.710976000359021310e-01,2.423088313954978035e-01,-3.674228885699816483e-02,1.702833920323682526e-01,4.209555806942470030e-02,0.000000000000000000e+00,0.000000000000000000e+00,-1.697634620432234343e+00,4.763400090531060282e-01,-1.300673349765890885e+00,4.476644623786277810e-01,0.000000000000000000e+00,0.000000000000000000e+00,0.000000000000000000e+00,-1.943788772106524121e+00,-4.427879756794551591e-01,1.476709316334148481e+00,1.028694291916201875e+00,0.000000000000000000e+00,0.000000000000000000e+00,0.000000000000000000e+00
5.628098841845636385e-03,-6.185087711948816097e-02,9.017959870115935805e-01,-1.666814873610909450e-02,5.734718784237771011e-02,4.657014169005667115e-01,8.829244945979739523e-01,-2.105419086312801669e-01,1.369261976846316842e-01,2.193120350513430572e-01,9.511203380419716580e-02,5.797592088246222852e-02,-1.067407754393407265e-01,-3.200728985446001373e-01,-1.414194162912917885e-01,-1.719231056776765465e-01,2.450634693210225756e-01,-3.938411160841985559e-02,1.686962237767612172e-01,4.128080933662072599e-02,0.000000000000000000e+00,0.000000000000000000e+00,-1.692689994724509317e+00,4.748767572829798445e-01,-1.305815514205170613e+00,4.556317510060196030e-01,0.000000000000000000e+00,0.000000000000000000e+00,0.000000000000000000e+00,-1.941507927349846119e+00,-4.399421966060392819e-01,1.476399905344984997e+00,1.028901904156417357e+00,0.000000000000000000e+00,0.000000000000000000e+00,0.000000000000000000e+00
6.692941213568322743e-03,-6.145713097121630053e-02,9.017926413652237461e-01,-1.737731091250771173e-02,5.811046011658416166e-02,4.662015949389053948e-01,8.825968934722753234e-01,-2.146696524219896818e-01,1.385345536915031650e-01,2.168355853220523821e-01,1.008156201954014952e-01,5.540652163591238549e-02,-1.081631196146867063e-01,-3.223215966025733126e-01,-1.400663980836143463e-01,-1.712842970897199280e-01,2.481116430851745824e-01,-4.186490782909167013e-02,1.672916995483861302e-01,3.937702983683238900e-02,0.000000000000000000e+00,0.000000000000000000e+00,-1.683172622210050928e+00,4.720918484135313009e-01,-1.312629924043562823e+00,4.722112461215108858e-01,0.000000000000000000e+00,0.000000000000000000e+00,0.000000000000000000e+00,-1.934422960105175893e+00,-4.365338733554076645e-01,1.479498260036858248e+00,1.026069246390695300e+00,0.000000000000000000e+00,0.000000000000000000e+00,0.000000000000000000e+00
8.088217625980909445e-03,-6.100144523112951273e-02,9.017930588910318956e-01,-1.819261552876900306e-02,5.880994709829749645e-02,4.665567526055641734e-01,8.823464259918943897e-01,-2.190607325372584124e-01,1.408573804221533443e-01,2.143284661799262913e-01,1.078295456429335109e-01,5.184580228893364423e-02,-1.082606939961002629e-01,-3.248811210114157522e-01,-1.377367477029607656e-01,-1.691791322094925443e-01,2.520828585008374478e-01,-4.491728892157589165e-02,1.659294031756636811e-01,3.677936454666404925e-02,0.000000000000000000e+00,0.000000000000000000e+00,-1.665825182805358518e+00,4.713878886496936094e-01,-1.320832913320591606e+00,4.924224276306922166e-01,0.000000000000000000e+00,0.000000000000000000e+00,0.000000000000000000e+00,-1.912410302155478803e+00,-4.323065058642133751e-01,1.485555724522944709e+00,1.016525150512296971e+00,0.000000000000000000e+00,0.000000000000000000e+00,0.000000000000000000e+00
9.879112661986474975e-03,-6.043585129422915370e-02,9.018391055307442006e-01,-1.879412343078868189e-02,5.886893114236230878e-02,4.670372334469711229e-01,8.820756500690996038e-01,-2.215140627656257688e-01,1.437259115293843537e-01,2.120155239500909339e-01,1.147058982050119663e-01,4.868045004292395617e-02,-1.077148306499664115e-01,-3.260996683927403494e-01,-1.345478209509941570e-01,-1.656223711347118432e-01,2.571985938658386539e-01,-4.823438424277691483e-02,1.652352742331859858e-01,3.226925464114270559e-02,0.000000000000000000e+00,0.000000000000000000e+00,-1.655595780360451741e+00,4.803309887966574765e-01,-1.325394811356025437e+00,4.998639651487661872e-01,0.000000000000000000e+00,0.000000000000000000e+00,0.000000000000000000e+00,-1.889556147834452027e+00,-4.381358458022000524e-01,1.492423949004253680e+00,9.960457451948602214e-01,0.000000000000000000e+00,0.000000000000000000e+00,0.000000000000000000e+00
1.217792389753971811e-02,-5.991240640443019905e-02,9.017455378977401459e-01,-1.857641723795210378e-02,5.781917275827179459e-02,4.682680875395052178e-01,8.814969416715217054e-01,-2.206141299633053443e-01,1.462279463562317083e-01,2.083005258462678477e-01,1.208538700815674632e-01,4.474820047652688926e-02,-1.086606641072622309e-01,-3.242129281336293412e-01,-1.322358696095428943e-01,-1.645550156299327993e-01,2.640737731805751221e-01,-5.557617546333153136e-02,1.624687447382985039e-01,2.712749040517244831e-02,0.000000000000000000e+00,0.000000000000000000e+00,-1.651629370144550801e+00,4.992235666423257556e-01,-1.319409117868587389e+00,4.838852502351693730e-01,0.000000000000000000e+00,0.000000000000000000e+00,0.000000000000000000e+00,-1.888868842645050616e+00,-4.609749023807712676e-01,1.495360382550763978e+00,9.518640386134716858e-01,0.000000000000000000e+00,0.000000000000000000e+00,0.000000000000000000e+00
1.498326369658197627e-02,-5.941993923286671003e-02,9.015639657644426430e-01,-1.768518492888056931e-02,5.617788692106778781e-02,4.681351619841616629e-01,8.816919810053729378e-01,-2.157750210777109601e-01,1.492259607899550367e-01,2.063325077949140218e-01,1.250363280557041656e-01,4.055076466390031970e-02,-1.113428494955477910e-01,-3.187137632661600217e-01,-1.299018926021801579e-01,-1.653474182649516955e-01,2.677159539893735340e-01,-6.555570500829471792e-02,1.620742710822424826e-01,2.575087988283897983e-02,0.000000000000000000e+00,0.000000000000000000e+00,-1.649187928324910457e+00,5.252260309032721342e-01,-1.302237624541885408e+00,4.631222148929265425e-01,0.000000000000000000e+00,0.000000000000000000e+00,0.000000000000000000e+00,-1.895096542181826660e+00,-4.906885853991316826e-01,1.494162730606162226e+00,9.003211998080538070e-01,0.000000000000000000e+00,0.000000000000000000e+00,0.000000000000000000e+00
1.834946548178229692e-02,-5.880984444095000568e-02,9.016784428639413873e-01,-1.718962454200419557e-02,5.405946684012787745e-02,4.703230487290053219e-01,8.806692459075207147e-01,-2.112547141048451704e-01,1.522113503733679707e-01,1.988418389026460620e-01,1.288432700859420132e-01,3.947207098940160030e-02,-1.141433314881140776e-01,-3.099463269852791858e-01,-1.261426450853707082e-01,-1.670128166919595536e-01,2.688268338074765174e-01,-7.311635261684450160e-02,1.587993053664402687e-01,2.337428321695184802e-02,0.000000000000000000e+00,0.000000000000000000e+00,-1.636054988133839538e+00,5.586553377908717311e-01,-1.277409737748715024e+00,4.318952089058614163e-01,0.000000000000000000e+00,0.000000000000000000e+00,0.000000000000000000e+00,-1.902345297903920152e+00,-5.407504827698860206e-01,1.489488468150216294e+00,8.288067524464138858e-01,0.000000000000000000e+00,0.000000000000000000e+00,0.000000000000000000e+00
2.202537035587787129e-02,-5.806376277827961230e-02,9.018373323900867877e-01,-1.650817627525664674e-02,4.877240497726929164e-02,4.742909620478631405e-01,8.788610902460707308e-01,-2.057975411163797674e-01,1.595835400453209096e-01,1.927611312055153570e-01,1.434784111950978269e-01,3.354025467040470943e-02,-1.154979467327246212e-01,-2.950029347600401364e-01,-1.198549479285496849e-01,-1.693941189135889647e-01,2.723306538639270191e-01,-7.789240074745616693e-02,1.550891387685089384e-01,1.577186957146970575e-02,0.000000000000000000e+00,0.000000000000000000e+00,-1.602311513232968609e+00,6.052577909228634701e-01,-1.215390957955527318e+00,3.718672732737386410e-01,0.000000000000000000e+00,0.000000000000000000e+00,0.000000000000000000e+00,-1.920519965874113444e+00,-6.142883014039776102e-01,1.466591732688186545e+00,7.036086829832727263e-01,0.000000000000000000e+00,0.000000000000000000e+00,0.000000000000000000e+00
2.611459558386629298e-02,-5.701215925109986982e-02,9.020586778003989448e-01,-1.562918100170771277e-02,4.163271548560747853e-02,4.770737255293500123e-01,8.777374927118345438e-01,-1.973906982924665265e-01,1.681212529678327572e-01,1.798598948927561114e-01,1.601974803624494625e-01,2.980294864720055975e-02,-1.140720857155529816e-01,-2.715480581285295569e-01,-1.098272431293514928e-01,-1.709509240777950245e-01,2.662974306052779960e-01,-7.867623113118198119e-02,1.513219910150168379e-01,7.162380449202483679e-03,0.000000000000000000e+00,0.000000000000000000e+00,-1.557374566167220031e+00,6.955149492600115613e-01,-1.123464112205283527e+00,2.562449497881051919e-01,0.000000000000000000e+00,0.000000000000000000e+00,0.000000000000000000e+00,-1.959487012740922296e+00,-7.493497900201485651e-01,1.396416656956210423e+00,4.815742304334656998e-01,0.000000000000000000e+00,0.000000000000000000e+00,0.000000000000000000e+00
3.072472010228973621e-02,-5.613428113099359212e-02,9.019775919734169811e-01,-1.394374709762432295e-02,3.560177641572230545e-02,4.810124036936460623e-01,8.758796452286035095e-01,-1.888224795029158631e-01,1.735055607306350556e-01,1.637644243351792372e-01,1.730693659734867107e-01,2.373553812739405411e-02,-1.214761038914683594e-01,-2.453005968918658686e-01,-1.046727295456523071e-01,-1.850225027986158455e-01,2.558892058128025560e-01,-9.051845630448768221e-02,1.408492525471601309e-01,1.444505860064301470e-02,0.000000000000000000e+00,0.000000000000000000e+00,-1.488863198689751144e+00,7.690334161872904861e-01,-1.008720385882800219e+00,1.602205037615021255e-01,0.000000000000000000e+00,0.000000000000000000e+00,0.000000000000000000e+00,-1.961628742096519940e+00,-8.807174271243952690e-01,1.290758172604464127e+00,2.847852336334710244e-01,0.000000000000000000e+00,0.000000000000000000e+00,0.000000000000000000e+00
3.521883794778966903e-02,-5.491179908354054673e-02,9.014737949488791369e-01,-1.093726407948567014e-02,3.171347387521639832e-02,4.854151097080584010e-01,8.736399733851101246e-01,-1.782854748931235467e-01,1.734512055675629383e-01,1.529547007653253576e-01,1.772310834368827914e-01,1.674642491411892573e-02,-1.268154182717199374e-01,-2.341875012333464734e-01,-1.063761622269989576e-01,-1.942732034697680354e-01,2.713157311970437191e-01,-1.135681657816184076e-01,1.273026661162127704e-01,1.629111042913155769e-02,0.000000000000000000e+00,0.000000000000000000e+00,-1.411473483929666317e+00,8.473434133378634492e-01,-8.690309453144036134e-01,8.110523877563328987e-02,0.000000000000000000e+00,0.000000000000000000e+00,0.000000000000000000e+00,-1.934824461923152716e+00,-9.948853351455478888e-01,1.121533740132225621e+00,9.799239685611370321e-02,0.000000000000000000e+00,0.000000000000000000e+00,0.000000000000000000e+00
3.963969717408272891e-02,-5.297342321674003429e-02,9.012300445216510081e-01,-7.987204189059966819e-03,2.587097203926422631e-02,4.901738820419245246e-01,8.712040304882299191e-01,-1.661892995180804244e-01,1.731872337549986984e-01,1.324670887010764853e-01,1.872621084986850204e-01,3.697597943095726897e-03,-1.308924879470863001e-01,-2.169803408557184898e-01,-1.046488395922314935e-01,-1.992921708386307389e-01,2.847819703631657706e-01,-1.404470099092365865e-01,1.171816278707678155e-01,2.241433549026911054e-02,0.000000000000000000e+00,0.000000000000000000e+00,-1.305079387178212258e+00,8.933753013902047124e-01,-7.090252977045805594e-01,6.309318819777524900e-04,0.000000000000000000e+00,0.000000000000000000e+00,0.000000000000000000e+00,-1.890416830154596051e+00,-1.078458280166597838e+00,9.882583591129187051e-01,-2.904732541390611655e-02,0.000000000000000000e+00,0.000000000000000000e+00,0.000000000000000000e+00
4.339557334283913881e-02,-5.027831344407265174e-02,9.010325728542278867e-01,-4.103487926514377652e-03,1.925076225906964533e-02,4.930163654086873737e-01,8.697973516736474675e-01,-1.474878263467755135e-01,1.739545573584787008e-01,1.262186909086552289e-01,1.933500719886750985e-01,-6.365741538395778762e-03,-1.334123706230389561e-01,-1.989289173720047987e-01,-1.066950946698461827e-01,-2.068740856936268913e-01,3.008113577385624349e-01,-1.614292768050635818e-01,1.197369707497424052e-01,2.665027371660669969e-02,0.000000000000000000e+00,0.000000000000000000e+00,-1.209314016265399250e+00,9.211877860039464627e-01,-5.740214138007594391e-01,-4.457028946049376716e-02,0.000000000000000000e+00,0.000000000000000000e+00,0.000000000000000000e+00,-1.850265294522609905e+00,-1.131745076196261079e+00,8.782912758829988231e-01,-1.227808078372624456e-01,0.000000000000000000e+00,0.000000000000000000e+00,0.000000000000000000e+00
4.649879116636153331e-02,-4.671994395434900943e-02,9.010383293032763197e-01,-1.702473786412434659e-03,1.263431914871303990e-02,4.930037796026375263e-01,8.699337611911441837e-01,-1.291859321732139187e-01,1.774036598204137005e-01,1.222988715491856171e-01,2.012322700607964698e-01,-1.793388637249785506e-02,-1.315777410537363745e-01,-1.775817711267802523e-01,-1.031021808011580582e-01,-2.073017637141184588e-01,3.039169787876365159e-01,-1.749971123747993684e-01,1.244568480714577097e-01,3.021084674703182829e-02,0.000000000000000000e+00,0.000000000000000000e+00,-1.139120247442080291e+00,9.681290756230301886e-01,-4.755350637784499512e-01,-7.945610509384520848e-02,0.000000000000000000e+00,0.000000000000000000e+00,0.000000000000000000e+00,-1.840442907594569633e+00,-1.194220817030550608e+00,8.203216818342268235e-01,-1.962299027506533289e-01,0.000000000000000000e+00,0.000000000000000000e+00,0.000000000000000000e+00
4.849163695661680429e-02,-4.293368632435955179e-02,9.009363658568909639e-01,2.282212824059604017e-04,5.351356862830115337e-03,4.933287608674513658e-01,8.698264451002620801e-01,-1.168891576749204464e-01,1.819118649719510261e-01,1.172028564434637876e-01,2.212834736248347756e-01,-3.340292002878392924e-02,-1.302675867481251082e-01,-1.524870568547317673e-01,-9.967414821391154534e-02,-2.112287878256697282e-01,3.003892301471923765e-01,-1.828966921540637058e-01,1.334634788164300312e-01,3.469818289797159394e-02,0.000000000000000000e+00,0.000000000000000000e+00,-1.057150155143822712e+00,1.000794603230051205e+00,-3.749293211901241207e-01,-1.120937601242692760e-01,0.000000000000000000e+00,0.000000000000000000e+00,0.000000000000000000e+00,-1.820685939542940668e+00,-1.251151163394146781e+00,7.499267602391253007e-01,-2.633902276871426529e-01,0.000000000000000000e+00,0.000000000000000000e+00,0.000000000000000000e+00
5.003918043924041742e-02,-3.892917642436624637e-02,9.012059597574397785e-01,2.274848734344473572e-03,-8.031901157244366110e-04,4.941267936034963171e-01,8.693865031112474329e-01,-9.623166497728884161e-02,1.829398293819107235e-01,1.131954319373305040e-01,2.193556684576350446e-01,-4.059730128334225474e-02,-1.335709447564089325e-01,-1.252477528636087578e-01,-9.686538438759176306e-02,-2.150850935148129750e-01,2.875133388580531357e-01,-1.855351026593458907e-01,1.325059870042579746e-01,3.703632940542485319e-02,0.000000000000000000e+00,0.000000000000000000e+00,-9.690733003820464209e-01,1.025178337679521601e+00,-2.680403566794115622e-01,-1.599033383181914236e-01,0.000000000000000000e+00,0.000000000000000000e+00,0.000000000000000000e+00,-1.792527944475382329e+00,-1.306861864367028669e+00,6.772645407576517451e-01,-3.307601087885382318e-01,0.000000000000000000e+00,0.000000000000000000e+00,0.000000000000000000e+00
5.056359132941565249e-02,-3.515363784044874679e-02,9.013975395024983461e-01,5.852765929979717591e-03,-6.175667562156977354e-03,4.938509444884047195e-01,8.695049458680743637e-01,-7.265611473588483304e-02,1.797691977908549010e-01,1.161726330645805327e-01,2.115764866509772524e-01,-4.487978238213278376e-02,-1.311986635196870643e-01,-1.014937522734305902e-01,-9.886435813394960082e-02,-2.146479055842825945e-01,2.786655684165533775e-01,-1.900006932433123408e-01,1.350618746845899110e-01,3.896886581904977082e-02,0.000000000000000000e+00,0.000000000000000000e+00,-8.659198299496480011e-01,1.036437248522033006e+00,-1.539434501757152574e-01,-1.981591234244017841e-01,0.000000000000000000e+00,0.000000000000000000e+00,0.000000000000000000e+00,-1.741110379064823688e+00,-1.362227953357870058e+00,5.951326964717452706e-01,-3.824772328570664182e-01,0.000000000000000000e+00,0.000000000000000000e+00,0.000000000000000000e+00
5.028419639294830212e-02,-3.147846751400990711e-02,9.017587683563582646e-01,9.436506865351468321e-03,-9.558993780600474888e-03,4.948499735259797028e-01,8.688746064176474659e-01,-5.296961881096644981e-02,1.728484648505251853e-01,1.185615799908829870e-01,2.015225899768033901e-01,-4.789533040067540243e-02,-1.294267692452918395e-01,-8.422052038455314638e-02,-1.043817303146868519e-01,-2.123254838907030484e-01,2.737762208013655441e-01,-1.901402770203655668e-01,1.390449843815685649e-01,3.953523261204684031e-02,0.000000000000000000e+00,0.000000000000000000e+00,-7.663910927617925140e-01,1.023195064928952513e+00,-4.220013686473270131e-02,-2.393745540609877043e-01,0.000000000000000000e+00,0.000000000000000000e+00,0.000000000000000000e+00,-1.671706549384010643e+00,-1.398569041130182988e+00,5.044385401749150732e-01,-4.348057525321288308e-01,0.000000000000000000e+00,0.000000000000000000e+00,0.000000000000000000e+00
4.924923718475766876e-02,-2.810029375642556990e-02,9.019227245844849694e-01,1.324185913719440680e-02,-1.079001351334865286e-02,4.938156800744126218e-01,8.693988169347929285e-01,-3.702068576332158412e-02,1.626172335903807720e-01,1.231788839026101978e-01,1.909404794696189511e-01,-4.788916306680394280e-02,-1.248827072785587688e-01,-7.717987602415346537e-02,-1.134516066669968154e-01,-2.058193239570984545e-01,2.777028775197387667e-01,-1.919832777409523905e-01,1.406084804875543381e-01,3.417854346566280566e-02,0.000000000000000000e+00,0.000000000000000000e+00,-6.763707571350463521e-01,1.008182349111578224e+00,7.047657339601968995e-02,-2.691466185732392935e-01,0.000000000000000000e+00,0.000000000000000000e+00,0.000000000000000000e+00,-1.582078689760427759e+00,-1.418040409703919424e+00,4.041612373013639403e-01,-4.739806114464467646e-01,0.000000000000000000e+00,0.000000000000000000e+00,0.000000000000000000e+00
4.770365539017300260e-02,-2.520113404934537504e-02,9.018989087231547019e-01,1.686878135308680221e-02,-1.040020220982493596e-02,4.923936599206884535e-01,8.701469782051565183e-01,-2.422859241777333347e-02,1.501899188505690097e-01,1.274197414228718794e-01,1.784440030022532153e-01,-4.799698783722886747e-02,-1.193497762618355162e-01,-7.652071116342325230e-02,-1.250576806949473818e-01,-1.989446390462132896e-01,2.861732735306188324e-01,-1.976763330757986270e-01,1.470684919644842104e-01,2.653459505239651531e-02,0.000000000000000000e+00,0.000000000000000000e+00,-5.877901395587042943e-01,9.876482547478634411e-01,1.852607551914560724e-01,-2.937718057909211034e-01,0.000000000000000000e+00,0.000000000000000000e+00,0.000000000000000000e+00,-1.476596103455898756e+00,-1.427312818879211687e+00,2.893047820937408865e-01,-4.922553843195273116e-01,0.000000000000000000e+00,0.000000000000000000e+00,0.000000000000000000e+00
4.585527517886471560e-02,-2.284975406398802311e-02,9.020337937508198234e-01,1.975810008694746725e-02,-9.399250093399761502e-03,4.926219250274692096e-01,8.699683388266873374e-01,-1.245333996220004263e-02,1.382326466386139818e-01,1.311152575885371208e-01,1.598186254413917484e-01,-4.313117563929209919e-02,-1.148318803696299489e-01,-7.921658289539734721e-02,-1.361962907549177371e-01,-1.933873128245550133e-01,2.963372473946035424e-01,-2.000582297517560781e-01,1.498515443093981492e-01,5.096178002489829342e-03,0.000000000000000000e+00,0.000000000000000000e+00,-4.878762426049605971e-01,9.673213369051117949e-01,3.120721174110740459e-01,-3.242571170267866121e-01,0.000000000000000000e+00,0.000000000000000000e+00,0.000000000000000000e+00,-1.314586491786776223e+00,-1.409657367920456483e+00,1.249023470168624805e-01,-5.187185445289015373e-01,0.000000000000000000e+00,0.000000000000000000e+00,0.000000000000000000e+00
4.389553706068804323e-02,-2.089535493050175691e-02,9.020898396030525568e-01,2.135856771824822323e-02,-9.369970171026663353e-03,4.922039829656829069e-01,8.701673714847830698e-01,-7.465678932696964698e-03,1.308978459541884631e-01,1.326187149033949408e-01,1.555207987443983919e-01,-4.277991124334999673e-02,-1.104271699025442394e-01,-8.087408311787863679e-02,-1.434723014769306859e-01,-1.894079614997492556e-01,3.038140309654484561e-01,-1.991951317106826769e-01,1.540107563327647588e-01,-9.141589399321716630e-03,0.000000000000000000e+00,0.000000000000000000e+00,-4.240170636068056886e-01,9.456202874851100670e-01,3.953513545477429503e-01,-3.375810824744200356e-01,0.000000000000000000e+00,0.000000000000000000e+00,0.000000000000000000e+00,-1.189081831771722442e+00,-1.387624995486642421e+00,-3.429427366685000155e-03,-5.256042419908528718e-01,0.000000000000000000e+00,0.000000000000000000e+00,0.000000000000000000e+00
4.204073263398783872e-02,-1.953488331646001733e-02,9.022692045123000826e-01,2.066139515203450211e-02,-8.809545454206113915e-03,4.912010467323389973e-01,8.707565850157641396e-01,-6.476867205745879402e-03,1.283718633154177502e-01,1.341689097846017753e-01,1.509041372241822776e-01,-4.054363894831544690e-02,-1.063843452870956025e-01,-8.399256920795668269e-02,-1.446778547247470625e-01,-1.846027824850710042e-01,3.046711469401750527e-01,-1.957455893303716443e-01,1.536495132071308001e-01,-2.434846884447182391e-02,0.000000000000000000e+00,0.000000000000000000e+00,-3.627683571471859714e-01,9.306514538479572218e-01,4.654958466652446836e-01,-3.485721747468298881e-01,0.000000000000000000e+00,0.000000000000000000e+00,0.000000000000000000e+00,-1.038607363737965805e+00,-1.351347079913540972e+00,-1.419774757591712733e-01,-5.391319594798303916e-01,0.000000000000000000e+00,0.000000000000000000e+00,0.000000000000000000e+00
4.036228172713592077e-02,-1.837963096377392622e-02,9.021875034086684897e-01,2.194980479796143635e-02,-9.287381803812028158e-03,4.909669824822173734e-01,8.708520957779610772e-01,-5.611117948095389191e-03,1.238282139500832546e-01,1.351580452616372996e-01,1.548797473597764429e-01,-4.360026459342873639e-02,-1.032930045048149059e-01,-8.592674999517779799e-02,-1.494728378535833124e-01,-1.802785656960033400e-01,3.130497187725250208e-01,-1.975424961732458184e-01,1.539914125651388188e-01,-3.074199595044936617e-02,0.000000000000000000e+00,0.000000000000000000e+00,-3.162668498930891747e-01,9.163510375830196120e-01,5.056574611793817065e-01,-3.517010185008253020e-01,0.000000000000000000e+00,0.000000000000000000e+00,0.000000000000000000e+00,-9.407458149889871279e-01,-1.331477127303672514e+00,-2.176604077189312203e-01,-5.343983921988876284e-01,0.000000000000000000e+00,0.000000000000000000e+00,0.000000000000000000e+00
3.891224563344810455e-02,-1.747194209394370423e-02,9.021661744853199938e-01,2.260366756808374067e-02,-9.261059264703665542e-03,4.902775148901478697e-01,8.712240041383773059e-01,-6.142869875175800340e-03,1.204709471669704879e-01,1.363175945529943034e-01,1.585916686997778102e-01,-4.675023210755880482e-02,-1.007024113021266487e-01,-8.969685334329109694e-02,-1.527641011710573204e-01,-1.750771775440950750e-01,3.208966802325443624e-01,-1.983182978366490323e-01,1.547466172925775207e-01,-3.707026252203019651e-02,0.000000000000000000e+00,0.000000000000000000e+00,-2.712745430690681192e-01,9.123524584582164421e-01,5.319187329009852361e-01,-3.539566094129794060e-01,0.000000000000000000e+00,0.000000000000000000e+00,0.000000000000000000e+00,-8.595151462129884123e-01,-1.315838275479439545e+00,-2.764020646923170954e-01,-5.302365367616798109e-01,0.000000000000000000e+00,0.000000000000000000e+00,0.000000000000000000e+00
3.774876545351249502e-02,-1.689517114700026662e-02,9.021854229692323202e-01,2.187420869761520434e-02,-8.811539052169876235e-03,4.895743655615147905e-01,8.716425966865233299e-01,-8.647396778426109931e-03,1.197321899456117583e-01,1.358584090397466915e-01,1.609166199493624605e-01,-4.948531647474172651e-02,-1.002305453672780317e-01,-9.250227251732728861e-02,-1.526809816279300624e-01,-1.719638967334133350e-01,3.219287860716723570e-01,-1.988027855647205577e-01,1.541166294640628209e-01,-4.155673128061509319e-02,0.000000000000000000e+00,0.000000000000000000e+00,-2.359517241142414790e-01,9.050560956020046177e-01,5.494150902946617343e-01,-3.496645228807767070e-01,0.000000000000000000e+00,0.000000000000000000e+00,0.000000000000000000e+00,-7.841979924573508898e-01,-1.293576670224588110e+00,-3.301239046198938265e-01,-5.253379904535950828e-01,0.000000000000000000e+00,0.000000000000000000e+00,0.000000000000000000e+00
3.682772040239854633e-02,-1.650028923607300968e-02,9.023377954430071846e-01,2.056811249623652013e-02,-8.246662306284371219e-03,4.886729709501639873e-01,8.721855724396546661e-01,-1.212135729231168454e-02,1.204985154708227701e-01,1.355693225624579057e-01,1.634545678701165572e-01,-5.126553633153079631e-02,-9.908792518308572050e-02,-9.449051164976039752e-02,-1.511362825887967165e-01,-1.702073399151235455e-01,3.192231219166783429e-01,-1.964391646821382620e-01,1.541461656652186873e-01,-4.353590455890877370e-02,0.000000000000000000e+00,0.000000000000000000e+00,-2.078995978440304759e-01,9.007747086048494278e-01,5.589954152642784280e-01,-3.406238393167517198e-01,0.000000000000000000e+00,0.000000000000000000e+00,0.000000000000000000e+00,-7.154798324959814604e-01,-1.275472000380819537e+00,-3.773342844649368311e-01,-5.196129383786719513e-01,0.000000000000000000e+00,0.000000000000000000e+00,0.000000000000000000e+00
3.614946592879561549e-02,-1.614247028801098216e-02,9.024721146825699369e-01,1.883572518547198260e-02,-7.553287265024777840e-03,4.880325977703472429e-01,8.725894491808593445e-01,-1.596368969804467380e-02,1.220247830939827083e-01,1.341972258256544648e-01,1.653308471787203193e-01,-5.408354050475680519e-02,-9.752442053958933210e-02,-9.573287753065989891e-02,-1.484662980889905892e-01,-1.692530803174960852e-01,3.141623706865125931e-01,-1.938306750120302735e-01,1.538406429706709044e-01,-4.276490085567285354e-02,0.000000000000000000e+00,0.000000000000000000e+00,-1.906785445446609328e-01,8.980269138868359757e-01,5.638650717070430307e-01,-3.328653870215347865e-01,0.000000000000000000e+00,0.000000000000000000e+00,0.000000000000000000e+00,-6.568810206005709640e-01,-1.259778377381369330e+00,-4.180438179439110447e-01,-5.169262491653699998e-01,0.000000000000000000e+00,0.000000000000000000e+00,0.000000000000000000e+00
3.558804131031337997e-02,-1.590843132794510922e-02,9.025570951133634612e-01,1.730261560507025814e-02,-6.844032944096936806e-03,4.874238478845702160e-01,8.729672223054439906e-01,-1.922610276756506545e-02,1.236272004152759868e-01,1.338486467307264394e-01,1.660899836629657067e-01,-5.566175274569930276e-02,-9.781927465580045333e-02,-9.635289140008190811e-02,-1.461686310462256000e-01,-1.692320573097635950e-01,3.080577543850359645e-01,-1.905747343091054313e-01,1.530166001306623724e-01,-4.156264962278972963e-02,0.000000000000000000e+00,0.000000000000000000e+00,-1.806082074682304195e-01,8.950854120480674636e-01,5.659036346491970182e-01,-3.252659614842003388e-01,0.000000000000000000e+00,0.000000000000000000e+00,0.000000000000000000e+00,-6.025345903034214912e-01,-1.243850050135327123e+00,-4.505881467058979184e-01,-5.150206946123404572e-01,0.000000000000000000e+00,0.000000000000000000e+00,0.000000000000000000e+00
3.508931131190078101e-02,-1.571572169049595402e-02,9.026854742197381043e-01,1.592679865652461141e-02,-6.186178507912799135e-03,4.870811010364340388e-01,8.731895952730758248e-01,-2.293949590482344605e-02,1.247078275610759013e-01,1.319877288839721718e-01,1.676726956016992287e-01,-5.612191131726763232e-02,-9.641726054815795421e-02,-9.667208916218615611e-02,-1.441896753032516076e-01,-1.691314291198408037e-01,3.020313122272549333e-01,-1.866698307456422234e-01,1.542104100580771187e-01,-4.047651026595659729e-02,0.000000000000000000e+00,0.000000000000000000e+00,-1.678958669412064231e-01,8.973297912283368927e-01,5.713990892421126899e-01,-3.153447030774610416e-01,0.000000000000000000e+00,0.000000000000000000e+00,0.000000000000000000e+00,-5.491139906497589651e-01,-1.233416022924805677e+00,-4.842620643427161808e-01,-5.058705453332119628e-01,0.000000000000000000e+00,0.000000000000000000e+00,0.000000000000000000e+00
3.472267037034987291e-02,-1.549451713865062502e-02,9.027918111274856328e-01,1.456313688559499227e-02,-5.682638893449656545e-03,4.874986584917390675e-01,8.729837802777398181e-01,-2.673212647277115744e-02,1.259715994873151779e-01,1.296502953644452782e-01,1.694553073801763343e-01,-5.626746808041057507e-02,-9.439155429757788152e-02,-9.662229168837070670e-02,-1.418052936605769532e-01,-1.684428166337680333e-01,2.966529174553009796e-01,-1.830144472022519064e-01,1.551320543187443834e-01,-3.964811581954133524e-02,0.000000000000000000e+00,0.000000000000000000e+00,-1.560643763064090972e-01,9.000386930647770178e-01,5.802633543020483398e-01,-3.068923967504587069e-01,0.000000000000000000e+00,0.000000000000000000e+00,0.000000000000000000e+00,-4.992938639041426541e-01,-1.227917448673154777e+00,-5.195270367740454365e-01,-4.953128736277740973e-01,0.000000000000000000e+00,0.000000000000000000e+00,0.000000000000000000e+00
3.447817469358011727e-02,-1.526275285478560784e-02,9.029324838297909661e-01,1.301470847309151371e-02,-4.415082329130138802e-03,4.879201387030986381e-01,8.727800769147615600e-01,-3.162023573098220186e-02,1.265605923057076532e-01,1.264844870502951912e-01,1.703332177822791393e-01,-5.681152641818405097e-02,-9.259893745254979547e-02,-9.780900386798038748e-02,-1.396468562764662524e-01,-1.676202151031303267e-01,2.907814746193319033e-01,-1.805164530521085886e-01,1.556207032452464056e-01,-3.877875978359244385e-02,0.000000000000000000e+00,0.000000000000000000e+00,-1.421206852012927846e-01,9.004874430417121323e-01,5.888714118296153321e-01,-2.991951150735520648e-01,0.000000000000000000e+00,0.000000000000000000e+00,0.000000000000000000e+00,-4.512909249372590859e-01,-1.223428855552219474e+00,-5.536011672259633087e-01,-4.851474244554507265e-01,0.000000000000000000e+00,0.000000000000000000e+00,0.000000000000000000e+00
3.437007290808034854e-02,-1.501664228811449425e-02,9.029197209892100284e-01,1.171841060585206325e-02,-3.248201192296859465e-03,4.877505809350549115e-01,8.728983324760128948e-01,-3.417125484382348144e-02,1.271546762670166253e-01,1.246189241891293153e-01,1.683550872850113345e-01,-5.771085860727361017e-02,-9.376111762055704124e-02,-9.856302872028895046e-02,-1.374871033416714960e-01,-1.663209801788974873e-01,2.851130472573640828e-01,-1.816655365243377840e-01,1.536380959295631787e-01,-3.790494619450904268e-02,0.000000000000000000e+00,0.000000000000000000e+00,-1.282710719389896226e-01,9.021269640593384542e-01,5.983962160597301461e-01,-2.933281144813214558e-01,0.000000000000000000e+00,0.000000000000000000e+00,0.000000000000000000e+00,-4.065993591541599561e-01,-1.215833124804727161e+00,-5.844737701426352405e-01,-4.771872309969275583e-01,0.000000000000000000e+00,0.000000000000000000e+00,0.000000000000000000e+00
3.433228222483329650e-02,-1.469319193933292869e-02,9.028127055114580912e-01,1.196100422396545807e-02,-3.502830739706390504e-03,4.882602586077313123e-01,8.726090673486468496e-01,-3.422770368894867410e-02,1.265603702981815126e-01,1.231307818575690105e-01,1.705904768821629447e-01,-6.107920597833994131e-02,-9.289246770138832876e-02,-9.885728140228383642e-02,-1.380709230223279571e-01,-1.651676224681487559e-01,2.888418306242820366e-01,-1.858746358565674106e-01,1.522642761024766700e-01,-3.775905608389943519e-02,0.000000000000000000e+00,0.000000000000000000e+00,-1.069515575691219467e-01,8.944634479179028874e-01,6.047476676658377626e-01,-2.941182590302272581e-01,0.000000000000000000e+00,0.000000000000000000e+00,0.000000000000000000e+00,-3.662605420747911955e-01,-1.204971623488803267e+00,-6.067899731326702462e-01,-4.763356403413135931e-01,0.000000000000000000e+00,0.000000000000000000e+00,0.000000000000000000e+00
3.437927943942530734e-02,-1.422428665251084488e-02,9.028009365882165849e-01,1.155270661916104127e-02,-3.211666531457193097e-03,4.879908751313494775e-01,8.727663639006734142e-01,-3.449694968876086676e-02,1.265022108433001558e-01,1.221247223621838018e-01,1.705519646823323854e-01,-6.209326459271061194e-02,-9.218086339855902089e-02,-9.983716175394362347e-02,-1.374521037390617761e-01,-1.632307106952828879e-01,2.896134344863374177e-01,-1.870972530575404080e-01,1.539305067977849717e-01,-3.748112902140067482e-02,0.000000000000000000e+00,0.000000000000000000e+00,-9.416203560088273750e-02,8.869448538407416205e-01,6.150877184692324917e-01,-2.941726896061792607e-01,0.000000000000000000e+00,0.000000000000000000e+00,0.000000000000000000e+00,-3.312198268324041406e-01,-1.198195278743055425e+00,-6.311194240250043164e-01,-4.730775435670014351e-01,0.000000000000000000e+00,0.000000000000000000e+00,0.000000000000000000e+00
3.439132361674306776e-02,-1.381806985779046246e-02,9.027499727994529044e-01,1.096298177931433540e-02,-2.305797580268587575e-03,4.871823888679023828e-01,8.732283872532945468e-01,-3.486562527445223603e-02,1.266621263891130056e-01,1.237929003988853527e-01,1.683824850100951454e-01,-6.254863667364438107e-02,-9.359620519355642265e-02,-1.022947788240608780e-01,-1.369285070035962115e-01,-1.609007218495064062e-01,2.898014473112097145e-01,-1.889054039361158788e-01,1.540082776187818858e-01,-3.670429762583644201e-02,0.000000000000000000e+00,0.000000000000000000e+00,-8.225545005757922690e-02,8.805306615771688605e-01,6.261497592156926029e-01,-2.908028842300044992e-01,0.000000000000000000e+00,0.000000000000000000e+00,0.000000000000000000e+00,-2.999239430635415316e-01,-1.190603774781263446e+00,-6.539391353331145407e-01,-4.677579734349349150e-01,0.000000000000000000e+00,0.000000000000000000e+00,0.000000000000000000e+00
3.429492860368216905e-02,-1.346882262182567090e-02,9.027948085503411102e-01,1.025856835234181461e-02,-1.581543806489200434e-03,4.863174681745923711e-01,8.737205392130845683e-01,-3.471747893565577114e-02,1.269987415064652014e-01,1.252664729980256797e-01,1.651700207991684544e-01,-6.161582118104558248e-02,-9.295877942979871578e-02,-1.050182841807146272e-01,-1.362066508182930846e-01,-1.593130070389529307e-01,2.905376341035010301e-01,-1.889190428382194475e-01,1.527203400622435536e-01,-3.610187355499532014e-02,0.000000000000000000e+00,0.000000000000000000e+00,-6.870522812979917848e-02,8.778930907573556652e-01,6.343265710546535097e-01,-2.868712974105492308e-01,0.000000000000000000e+00,0.000000000000000000e+00,0.000000000000000000e+00,-2.716019951346250738e-01,-1.183634049516419484e+00,-6.761301579488087077e-01,-4.597053736577545457e-01,0.000000000000000000e+00,0.000000000000000000e+00,0.000000000000000000e+00
3.413407671480501310e-02,-1.320821912338539066e-02,9.027337111703628292e-01,9.985946713767106936e-03,-1.343717770330135749e-03,4.851500897925331013e-01,8.743728413354802109e-01,-3.308329792962387550e-02,1.271481312140124997e-01,1.270261379947842661e-01,1.617546498444042136e-01,-6.051486970799750675e-02,-9.433072447770970981e-02,-1.066817014875568598e-01,-1.363116348660399768e-01,-1.591855600876194432e-01,2.919273448666570014e-01,-1.909242462382728378e-01,1.520737958949952839e-01,-3.584110638699355977e-02,0.000000000000000000e+00,0.000000000000000000e+00,-5.707358254540530890e-02,8.704372145029358743e-01,6.364164405002786795e-01,-2.822506544963117592e-01,0.000000000000000000e+00,0.000000000000000000e+00,0.000000000000000000e+00,-2.467231884935226216e-01,-1.173772026325127449e+00,-6.920187579145797852e-01,-4.558606390317308521e-01,0.000000000000000000e+00,0.000000000000000000e+00,0.000000000000000000e+00
3.392921310582203143e-02,-1.289753334702197288e-02,9.027274176785633486e-01,9.727475408194571210e-03,-1.306847837315933038e-03,4.849905934204752356e-01,8.744642889589996360e-01,-3.209522967460538140e-02,1.267007465005501043e-01,1.256500011739243305e-01,1.593709480907753995e-01,-5.970039139954085028e-02,-9.353649427829842378e-02,-1.071807288922069501e-01,-1.363104957883062296e-01,-1.590239163813411127e-01,2.928161970480088749e-01,-1.926870374241002326e-01,1.525917925639627415e-01,-3.558798554194580327e-02,0.000000000000000000e+00,0.000000000000000000e+00,-5.014545201697068189e-02,8.620008824531182334e-01,6.391625381972462216e-01,-2.780961695436318659e-01,0.000000000000000000e+00,0.000000000000000000e+00,0.000000000000000000e+00,-2.251268289663614364e-01,-1.161751854349324153e+00,-7.087505397828161025e-01,-4.507056353793257308e-01,0.000000000000000000e+00,0.000000000000000000e+00,0.000000000000000000e+00
3.362726401410683769e-02,-1.252742175819035811e-02,9.027578168790892921e-01,9.344971106461361088e-03,-1.311202428390677776e-03,4.843946063900791965e-01,8.747987297449694166e-01,-3.145595365525270803e-02,1.267252263404520518e-01,1.258402533144818425e-01,1.581318192439435388e-01,-5.937374098633770025e-02,-9.148237212418854070e-02,-1.075226676364871709e-01,-1.361017172138077602e-01,-1.588097896848013890e-01,2.926209142694754517e-01,-1.926231261095953662e-01,1.534459217115899110e-01,-3.587230774617005541e-02,0.000000000000000000e+00,0.000000000000000000e+00,-4.458793781987623051e-02,8.539935828938909346e-01,6.447324290972628047e-01,-2.734450078504971349e-01,0.000000000000000000e+00,0.000000000000000000e+00,0.000000000000000000e+00,-2.007924541092978576e-01,-1.151409924429437126e+00,-7.233700518937069557e-01,-4.448810097543991482e-01,0.000000000000000000e+00,0.000000000000000000e+00,0.000000000000000000e+00
3.330093193775198607e-02,-1.208243607299985985e-02,9.027967273276343851e-01,9.023784207155842799e-03,-1.525889077940009806e-03,4.845054208648613692e-01,8.747403844190966282e-01,-3.035096808949939301e-02,1.268821803679402449e-01,1.264072186704922052e-01,1.565880315653274124e-01,-6.002546051315694325e-02,-8.972858356836840854e-02,-1.070099624319420517e-01,-1.359507799908814263e-01,-1.589849809437371420e-01,2.921123120827601172e-01,-1.908311963449338955e-01,1.541042564958636230e-01,-3.549076940986378714e-02,0.000000000000000000e+00,0.000000000000000000e+00,-3.973552824648817622e-02,8.463822626335051336e-01,6.462116600834381108e-01,-2.712859550596868896e-01,0.000000000000000000e+00,0.000000000000000000e+00,0.000000000000000000e+00,-1.814794677271869550e-01,-1.138994729260561778e+00,-7.376795962926113726e-01,-4.425812925993117264e-01,0.000000000000000000e+00,0.000000000000000000e+00,0.000000000000000000e+00
3.306175272821623712e-02,-1.160300070486188981e-02,9.028835974813893550e-01,8.267342111729360579e-03,-3.507229588862406265e-04,4.843648100263404088e-01,8.748269879558825401e-01,-3.108534492693915130e-02,1.260861392617960985e-01,1.264941596271204061e-01,1.527394619900802886e-01,-5.980272248421709957e-02,-8.810939656579080959e-02,-1.086385754287324951e-01,-1.361149566230690500e-01,-1.589298084758546670e-01,2.897046626543929859e-01,-1.905791724994869707e-01,1.546208105228468743e-01,-3.546105608019166355e-02,0.000000000000000000e+00,0.000000000000000000e+00,-3.166756785456516232e-02,8.365871361754640967e-01,6.475059531012095082e-01,-2.661965673034206725e-01,0.000000000000000000e+00,0.000000000000000000e+00,0.000000000000000000e+00,-1.573559176403614424e-01,-1.129084292083055496e+00,-7.498662275074673422e-01,-4.416243259277062849e-01,0.000000000000000000e+00,0.000000000000000000e+00,0.000000000000000000e+00
3.284053872444454153e-02,-1.109515425052983242e-02,9.029258527098195097e-01,8.162965563418887391e-03,2.619702162737927529e-04,4.848200504986291404e-01,8.745757920268110164e-01,-3.033784313940772123e-02,1.249133976467882851e-01,1.276074559862044877e-01,1.489871790336599333e-01,-5.859558856597554127e-02,-8.770951284788529312e-02,-1.088134705377035855e-01,-1.376091224827754866e-01,-1.601663134970771896e-01,2.886879469901537654e-01,-1.899740158752858676e-01,1.562133651111989041e-01,-3.469006953268348459e-02,0.000000000000000000e+00,0.000000000000000000e+00,-2.433357431867289034e-02,8.298954416987730509e-01,6.466964985250041043e-01,-2.609892611467833357e-01,0.000000000000000000e+00,0.000000000000000000e+00,0.000000000000000000e+00,-1.412888937076503537e-01,-1.114955888620398960e+00,-7.626867383167461600e-01,-4.404452941211530193e-01,0.000000000000000000e+00,0.000000000000000000e+00,0.000000000000000000e+00
3.270322187088141319e-02,-1.061436529275511936e-02,9.029692507273731072e-01,8.015868453393179549e-03,9.589165454047072698e-04,4.849498127084040378e-01,8.745047201050898389e-01,-2.959576798149656657e-02,1.237020094059916031e-01,1.281493931741382319e-01,1.451251187179605495e-01,-5.717381287237210258e-02,-8.740383340149331104e-02,-1.098640174070700248e-01,-1.389451900281243601e-01,-1.611404621449253338e-01,2.889722647826247215e-01,-1.911220362312647802e-01,1.562136540861276401e-01,-3.461425398749475024e-02,0.000000000000000000e+00,0.000000000000000000e+00,-1.831326427971824086e-02,8.206411990006100554e-01,6.422150874967276213e-01,-2.550220274667357456e-01,0.000000000000000000e+00,0.000000000000000000e+00,0.000000000000000000e+00,-1.237368836413297174e-01,-1.101659270370810795e+00,-7.692105518546423770e-01,-4.403551704531690758e-01,0.000000000000000000e+00,0.000000000000000000e+00,0.000000000000000000e+00
3.257089798118785462e-02,-1.015341915474222631e-02,9.030134277688445232e-01,8.023752044204062600e-03,1.464140539451196880e-03,4.847182594939820066e-01,8.746323139518337175e-01,-2.763728983489504784e-02,1.223768911250682351e-01,1.293189291842380406e-01,1.402477969096981303e-01,-5.564971447687330069e-02,-8.526323527806228819e-02,-1.104325295973621196e-01,-1.405021138343240383e-01,-1.624007071679230974e-01,2.892107876978772252e-01,-1.923881821642541567e-01,1.575788742368225692e-01,-3.400515092293905639e-02,0.000000000000000000e+00,0.000000000000000000e+00,-1.291760127030245481e-02,8.122816806606281137e-01,6.375337549726951547e-01,-2.492275413585207655e-01,0.000000000000000000e+00,0.000000000000000000e+00,0.000000000000000000e+00,-1.099772015245711887e-01,-1.086857603645066783e+00,-7.726504603908934676e-01,-4.408802453098308871e-01,0.000000000000000000e+00,0.000000000000000000e+00,0.000000000000000000e+00
3.252888096385191108e-02,-9.716703120937539642e-03,9.030476240969846913e-01,8.236690517095860559e-03,2.139854138972260844e-03,4.848602410421092856e-01,8.745502413298951172e-01,-2.547394702890782431e-02,1.207942927938575883e-01,1.317494917453833070e-01,1.346402353035895949e-01,-5.383993908567723252e-02,-8.421351957597379700e-02,-1.113880425868775809e-01,-1.432044322938567371e-01,-1.654055674902059347e-01,2.905029360606555255e-01,-1.932970800171843195e-01,1.585801961634398793e-01,-3.382559963387284790e-02,0.000000000000000000e+00,0.000000000000000000e+00,-5.152817446394928474e-03,8.060199026493883867e-01,6.306853085335356601e-01,-2.413064159389528285e-01,0.000000000000000000e+00,0.000000000000000000e+00,0.000000000000000000e+00,-9.964641935699466990e-02,-1.072815068916896708e+00,-7.748758363441197172e-01,-4.402503604689034233e-01,0.000000000000000000e+00,0.000000000000000000e+00,0.000000000000000000e+00
3.256377069271277486e-02,-9.251172862133184502e-03,9.030905381646846530e-01,8.445058883043567166e-03,2.804200044528538157e-03,4.845654033703805097e-01,8.747097731814098553e-01,-2.332294538876900775e-02,1.190337325744199315e-01,1.328875600728950113e-01,1.291708435028031954e-01,-5.040430222717795505e-02,-8.307182298068443993e-02,-1.127106053855927020e-01,-1.449420523500082048e-01,-1.654034326375725117e-01,2.918311893364485266e-01,-1.938190950810604607e-01,1.594154990194248389e-01,-3.493614924887777917e-02,0.000000000000000000e+00,0.000000000000000000e+00,1.853000837752472041e-03,8.021359158257799216e-01,6.272092911089689471e-01,-2.305798403314715528e-01,0.000000000000000000e+00,0.000000000000000000e+00,0.000000000000000000e+00,-8.713189742781837777e-02,-1.062097847850643761e+00,-7.737862038155108868e-01,-4.382085603497430926e-01,0.000000000000000000e+00,0.000000000000000000e+00,0.000000000000000000e+00
3.267100358742086597e-02,-8.703724429263407295e-03,9.030839476577554592e-01,8.492153947567401828e-03,3.935460511538322118e-03,4.839306557441882539e-01,8.750562929908530796e-01,-2.085169451311401009e-02,1.170018803310355765e-01,1.340289934412885742e-01,1.214032117517128001e-01,-4.640154159331923156e-02,-8.341169191845640429e-02,-1.148707433684843793e-01,-1.463950478535359367e-01,-1.637765901181995609e-01,2.926002644754952531e-01,-1.952760977082236282e-01,1.613728118337753870e-01,-3.619463723345753281e-02,0.000000000000000000e+00,0.000000000000000000e+00,1.036282062261073902e-02,8.004780082814723086e-01,6.267712716458114786e-01,-2.207956992678607455e-01,0.000000000000000000e+00,0.000000000000000000e+00,0.000000000000000000e+00,-7.847209828753272387e-02,-1.052865611545754643e+00,-7.757799085266179340e-01,-4.346114868216512384e-01,0.000000000000000000e+00,0.000000000000000000e+00,0.000000000000000000e+00
3.282728914427212458e-02,-8.229972844109234228e-03,9.030381070483343153e-01,8.432102496904146649e-03,5.343762059854051567e-03,4.836221879658365586e-01,8.752199284532243828e-01,-1.893393900627839133e-02,1.143905691407498537e-01,1.329370724251008884e-01,1.130121999629464385e-01,-4.414967518495249710e-02,-8.178025241380743049e-02,-1.175899566032108101e-01,-1.475019925932868070e-01,-1.609919556701828458e-01,2.933189922953011730e-01,-1.981960391454854198e-01,1.628025218663709528e-01,-3.811917836093105943e-02,0.000000000000000000e+00,0.000000000000000000e+00,2.103144280067077362e-02,8.012933573668968856e-01,6.256802350230663556e-01,-2.115650084938708042e-01,0.000000000000000000e+00,0.000000000000000000e+00,0.000000000000000000e+00,-7.043595944209581072e-02,-1.045536955868454854e+00,-7.781103782116876033e-01,-4.301603349817024191e-01,0.000000000000000000e+00,0.000000000000000000e+00,0.000000000000000000e+00
3.304558026777999064e-02,-7.802306326723225036e-03,9.030062700610143045e-01,8.274614169546157944e-03,6.977100085992597560e-03,4.829908077406452893e-01,8.755585248701396317e-01,-1.706531347516004188e-02,1.122119035759501227e-01,1.335649257817019819e-01,1.036797735886322430e-01,-3.945007624779300892e-02,-8.185270135288932880e-02,-1.211008207964659883e-01,-1.491730458200772325e-01,-1.603268418493149494e-01,2.943418831424351456e-01,-1.998570980646325324e-01,1.645761100054713155e-01,-4.057962715325075936e-02,0.000000000000000000e+00,0.000000000000000000e+00,3.102444492873121171e-02,8.015913436702070127e-01,6.247522757226189327e-01,-2.005854464506687251e-01,0.000000000000000000e+00,0.000000000000000000e+00,0.000000000000000000e+00,-5.888045552913007130e-02,-1.041459346472738856e+00,-7.780336880770797325e-01,-4.228114115854083033e-01,0.000000000000000000e+00,0.000000000000000000e+00,0.000000000000000000e+00
3.329115235800937656e-02,-7.428286650730597102e-03,9.029868875753754853e-01,8.511216521796788337e-03,7.959589056024805875e-03,4.825402822014919768e-01,8.757962549521912665e-01,-1.319685102837019064e-02,1.099274153209869043e-01,1.338672491257069108e-01,9.355739220897969777e-02,-3.463071811461040928e-02,-8.227989272572368284e-02,-1.226883860665100023e-01,-1.508243460128385061e-01,-1.599180295612583347e-01,2.952652344111043048e-01,-2.022875476306783549e-01,1.653399891036699543e-01,-4.200375063649702118e-02,0.000000000000000000e+00,0.000000000000000000e+00,3.458969827047685131e-02,7.979970550950935548e-01,6.214689557159186473e-01,-1.916181760192313399e-01,0.000000000000000000e+00,0.000000000000000000e+00,0.000000000000000000e+00,-5.330378798506132942e-02,-1.033650474075661574e+00,-7.760895622998438270e-01,-4.167578447361031113e-01,0.000000000000000000e+00,0.000000000000000000e+00,0.000000000000000000e+00
3.354021007364194756e-02,-7.213988805732584123e-03,9.029886380024446657e-01,8.755016015277710534e-03,8.652732776537552795e-03,4.832756957548428045e-01,8.753816777856064935e-01,-9.981699120719934176e-03,1.081720048504630355e-01,1.340659015317526292e-01,8.448615276770995997e-02,-2.957386212501037295e-02,-8.261558784178225923e-02,-1.238219647690989161e-01,-1.530205631370367136e-01,-1.625029999332615327e-01,2.973716135954589945e-01,-2.042925202096387838e-01,1.656611968518802991e-01,-4.433151466759470416e-02,0.000000000000000000e+00,0.000000000000000000e+00,3.523172650144047041e-02,7.926320682438900977e-01,6.137700999110349276e-01,-1.840181618915811834e-01,0.000000000000000000e+00,0.000000000000000000e+00,0.000000000000000000e+00,-4.760165873366251077e-02,-1.024663413477164386e+00,-7.736077440210962219e-01,-4.082474111786806303e-01,0.000000000000000000e+00,0.000000000000000000e+00,0.000000000000000000e+00
3.378160397784718549e-02,-7.112917396617041144e-03,9.029669252846248551e-01,9.115448380807338741e-03,9.778383385376839682e-03,4.844476952478128928e-01,8.747180816630396594e-01,-8.442636096538495838e-03,1.060065077862945709e-01,1.353682817390483850e-01,7.698681474589262608e-02,-2.598015915818130406e-02,-8.207860836863831167e-02,-1.269641790865881636e-01,-1.561326088057150285e-01,-1.647044492690277473e-01,3.018958958482088617e-01,-2.058533327918163902e-01,1.657295685541542163e-01,-4.682233375526905633e-02,0.000000000000000000e+00,0.000000000000000000e+00,3.657467849955722827e-02,7.888442507640391899e-01,6.025894863198582030e-01,-1.764495380588908258e-01,0.000000000000000000e+00,0.000000000000000000e+00,0.000000000000000000e+00,-4.113015508156427080e-02,-1.016453784595030108e+00,-7.694682267437910062e-01,-4.001725320617576243e-01,0.000000000000000000e+00,0.000000000000000000e+00,0.000000000000000000e+00
3.400916176946846420e-02,-7.100290657083367304e-03,9.028894883462575960e-01,9.183931329005728256e-03,1.183325975725003747e-02,4.851164808330027389e-01,8.743212392439435598e-01,-8.897625573571515956e-03,1.031685725131469417e-01,1.351982463940032408e-01,6.927636707110977621e-02,-2.177749644446282801e-02,-8.254223982690424288e-02,-1.324113109144304523e-01,-1.592407154802922831e-01,-1.653938332669853128e-01,3.062272275321058501e-01,-2.093514739136699832e-01,1.666234082659530658e-01,-4.923183141812473990e-02,0.000000000000000000e+00,0.000000000000000000e+00,4.164063962745408187e-02,7.880951335504490229e-01,5.955525424339470630e-01,-1.674656263428342950e-01,0.000000000000000000e+00,0.000000000000000000e+00,0.000000000000000000e+00,-3.300543013301581591e-02,-1.010991262147095560e+00,-7.703927052597550063e-01,-3.891116216064016142e-01,0.000000000000000000e+00,0.000000000000000000e+00,0.000000000000000000e+00
3.414107681163017910e-02,-7.296726664276921570e-03,9.027810524870831799e-01,9.523996680373236767e-03,1.359588661944745834e-02,4.850901059785084346e-01,8.743066020773396785e-01,-9.347603056067308250e-03,1.000465669042313044e-01,1.339496087516130196e-01,6.303579337545710259e-02,-1.770373015587041812e-02,-8.247360788567587031e-02,-1.380655365166980897e-01,-1.626350259376467544e-01,-1.661636737147262066e-01,3.117326293387331360e-01,-2.138188254817902922e-01,1.676789793186210520e-01,-4.952501685696034106e-02,0.000000000000000000e+00,0.000000000000000000e+00,4.663915019953564223e-02,7.903004226343283145e-01,5.867493454251851981e-01,-1.565325720642152529e-01,0.000000000000000000e+00,0.000000000000000000e+00,0.000000000000000000e+00,-2.806818681466439688e-02,-1.000284746212116271e+00,-7.668748964249418876e-01,-3.777189827140004508e-01,0.000000000000000000e+00,0.000000000000000000e+00,0.000000000000000000e+00
3.424785397425608030e-02,-7.597088206095699639e-03,9.027282546291496290e-01,9.774226448205761142e-03,1.491734021489658259e-02,4.860103516608979546e-01,8.737710658614779025e-01,-9.267491348347927857e-03,9.791309481332000075e-02,1.341603837988576964e-01,5.628818280380011585e-02,-1.259333499719033321e-02,-8.273119201127779321e-02,-1.420502102844350967e-01,-1.658391264809853383e-01,-1.691060101589892395e-01,3.159594344577457137e-01,-2.157139165792200386e-01,1.685740217644984829e-01,-5.078817118683829485e-02,0.000000000000000000e+00,0.000000000000000000e+00,4.943062237508849543e-02,7.921615074524305244e-01,5.729897562181994752e-01,-1.482991907132951981e-01,0.000000000000000000e+00,0.000000000000000000e+00,0.000000000000000000e+00,-2.622033450976092930e-02,-9.855701188049378336e-01,-7.607047847855400446e-01,-3.681726808161431830e-01,0.000000000000000000e+00,0.000000000000000000e+00,0.000000000000000000e+00
3.432436461935620825e-02,-8.085307217113755704e-03,9.026137966116579703e-01,1.056394989359073396e-02,1.591946199504023704e-02,4.871082308301855623e-01,8.731326045624004939e-01,-9.286575791872125202e-03,9.544847217808408169e-02,1.351601339764719745e-01,5.166981303729055452e-02,-8.317459056646884369e-03,-8.319569853171972229e-02,-1.455241420281587206e-01,-1.703763290069825187e-01,-1.735694224347934522e-01,3.216716770340461995e-01,-2.189433029122170304e-01,1.695081301965829790e-01,-5.217638479273906116e-02,0.000000000000000000e+00,0.000000000000000000e+00,5.076269200226257022e-02,7.949709575255129446e-01,5.580524854096527987e-01,-1.379538272080735040e-01,0.000000000000000000e+00,0.000000000000000000e+00,0.000000000000000000e+00,-2.976194616390814146e-02,-9.683850020149024074e-01,-7.542337077661390721e-01,-3.607586259030234332e-01,0.000000000000000000e+00,0.000000000000000000e+00,0.000000000000000000e+00
3.437255104198590899e-02,-8.460931089982691097e-03,9.024223993699546087e-01,1.065865652950066106e-02,1.792786034348210072e-02,4.867177010269534976e-01,8.733102910028764931e-01,-1.002437037846597156e-02,9.282871969541181545e-02,1.353197926169667775e-01,4.444175175954016149e-02,-4.080093998906811348e-03,-8.387651551415013784e-02,-1.524199700277192593e-01,-1.729433410398927840e-01,-1.725250659491048832e-01,3.271023561628375598e-01,-2.243268124200150371e-01,1.692675253549839609e-01,-5.439718823498582850e-02,0.000000000000000000e+00,0.000000000000000000e+00,5.264103793067394232e-02,7.972284854802090814e-01,5.461626948776252544e-01,-1.284473068991032474e-01,0.000000000000000000e+00,0.000000000000000000e+00,0.000000000000000000e+00,-2.827782539476454693e-02,-9.554361331804996915e-01,-7.449681771346977621e-01,-3.537928314292173582e-01,0.000000000000000000e+00,0.000000000000000000e+00,0.000000000000000000e+00
3.433859689256712339e-02,-8.904664067895836158e-03,9.023593884557797873e-01,1.092307731377589741e-02,1.971257673835857122e-02,4.872795646640314948e-01,8.729551687006410488e-01,-1.077122976679649458e-02,8.974091578750355291e-02,1.347827871404096156e-01,3.739298809727536338e-02,5.575923324311754525e-04,-8.140641743580244449e-02,-1.583841320718415990e-01,-1.761925351110129323e-01,-1.729733509257357360e-01,3.324132528877121739e-01,-2.272284624045896873e-01,1.699117923032579802e-01,-5.604218356293343140e-02,0.000000000000000000e+00,0.000000000000000000e+00,5.396216892805997395e-02,7.992548786468156585e-01,5.313196529959834935e-01,-1.207115541118265051e-01,0.000000000000000000e+00,0.000000000000000000e+00,0.000000000000000000e+00,-3.082612091530220755e-02,-9.395106201608912633e-01,-7.369549900174287016e-01,-3.459152145040069182e-01,0.000000000000000000e+00,0.000000000000000000e+00,0.000000000000000000e+00
3.427475380360665153e-02,-9.450655630521836645e-03,9.022060368864707192e-01,1.138070307151015786e-02,2.188223595871770233e-02,4.877866952058234618e-01,8.726143405463995251e-01,-1.213323731398711913e-02,8.633294208674206771e-02,1.363799881462428032e-01,3.039616346263253333e-02,5.439962618184836229e-03,-8.136820207801499782e-02,-1.651430827875687846e-01,-1.807142552115571232e-01,-1.745266684312908878e-01,3.380644646874768067e-01,-2.311506238024704785e-01,1.704168891456527279e-01,-5.799321707584242924e-02,0.000000000000000000e+00,0.000000000000000000e+00,5.715908852659035144e-02,8.029210202384576833e-01,5.134386690888306237e-01,-1.102451624378179840e-01,0.000000000000000000e+00,0.000000000000000000e+00,0.000000000000000000e+00,-3.263617237469596671e-02,-9.234854187116458002e-01,-7.256310400915527703e-01,-3.376263438101549941e-01,0.000000000000000000e+00,0.000000000000000000e+00,0.000000000000000000e+00
3.415723325072005795e-02,-9.837206461431862586e-03,9.020417029631070394e-01,1.112221622164232850e-02,2.448058205862236117e-02,4.877624110774626542e-01,8.725622199867993922e-01,-1.318780709914666241e-02,8.330112565342079334e-02,1.368809096650375756e-01,2.063797186873043282e-02,7.735864933959151618e-03,-8.064497887084225158e-02,-1.731477651526453776e-01,-1.835294077764801635e-01,-1.736770882546514738e-01,3.426468256137323865e-01,-2.353688329627832143e-01,1.727341580149708289e-01,-6.080898292426212270e-02,0.000000000000000000e+00,0.000000000000000000e+00,6.039979423873562125e-02,8.084883801347078069e-01,5.002173836574226318e-01,-1.024757168946309471e-01,0.000000000000000000e+00,0.000000000000000000e+00,0.000000000000000000e+00,-2.783221033852756668e-02,-9.156487519760567739e-01,-7.144701135239954759e-01,-3.283545068629247776e-01,0.000000000000000000e+00,0.000000000000000000e+00,0.000000000000000000e+00
3.393247074025178972e-02,-1.041096523529870185e-02,9.019461993259725308e-01,1.155699391579523110e-02,2.611081535816146479e-02,4.879330189719702227e-01,8.724139099131000830e-01,-1.299697970398638186e-02,8.028358701353296989e-02,1.386842322139582584e-01,1.275330621123942597e-02,1.228407723198285395e-02,-7.981724629037836860e-02,-1.786700175043878791e-01,-1.876264647994979884e-01,-1.755288409943792927e-01,3.472470486001710821e-01,-2.374694462477909829e-01,1.754853093940237085e-01,-6.261372376697094122e-02,0.000000000000000000e+00,0.000000000000000000e+00,6.449086287805440298e-02,8.151356076137945550e-01,4.808097319545384107e-01,-9.428961971132424069e-02,0.000000000000000000e+00,0.000000000000000000e+00,0.000000000000000000e+00,-2.755107752963420822e-02,-9.026202361214585856e-01,-6.998761763010659109e-01,-3.173436044859034855e-01,0.000000000000000000e+00,0.000000000000000000e+00,0.000000000000000000e+00
3.372911860033744880e-02,-1.103008382865457854e-02,9.017878735886143415e-01,1.210171202186385506e-02,2.786051126407979375e-02,4.882260715081560010e-01,8.721884220614023464e-01,-1.227869740311230903e-02,7.713322436805972182e-02,1.415884392155302707e-01,3.539522515718239188e-03,1.680170139052403894e-02,-8.092988020160431228e-02,-1.839833799542243964e-01,-1.923868600542961438e-01,-1.787179598127872637e-01,3.515514131459948066e-01,-2.403305076335791324e-01,1.771793936925895319e-01,-6.537988742340748727e-02,0.000000000000000000e+00,0.000000000000000000e+00,7.044284300698278045e-02,8.237159678940101371e-01,4.632265313017014385e-01,-8.215216866698318854e-02,0.000000000000000000e+00,0.000000000000000000e+00,0.000000000000000000e+00,-2.838579756205993759e-02,-8.932885843120624836e-01,-6.874066637031530647e-01,-3.072992078280635253e-01,0.000000000000000000e+00,0.000000000000000000e+00,0.000000000000000000e+00
3.356959116660016007e-02,-1.160230776867573164e-02,9.015565332843935575e-01,1.246746884779835474e-02,3.011960092679889442e-02,4.880336436208702056e-01,8.722158761193692378e-01,-1.165216523344402358e-02,7.335369876929773159e-02,1.422164742537647131e-01,-7.643455554638038142e-03,2.203820543672479690e-02,-8.233246213019342064e-02,-1.921667777972033975e-01,-1.959447150780227465e-01,-1.773392074505993898e-01,3.583887574494065698e-01,-2.454591977333120956e-01,1.750051287408100620e-01,-6.883000239968370404e-02,0.000000000000000000e+00,0.000000000000000000e+00,7.523823051586656097e-02,8.285637670838410518e-01,4.518467876476213174e-01,-6.883031586614547781e-02,0.000000000000000000e+00,0.000000000000000000e+00,0.000000000000000000e+00,-2.100337441981161082e-02,-8.910429835035779123e-01,-6.742179918210493561e-01,-2.978850642246998470e-01,0.000000000000000000e+00,0.000000000000000000e+00,0.000000000000000000e+00
3.322309719582524495e-02,-1.224046238853133094e-02,9.014252318098223693e-01,1.299615920234999458e-02,3.144564418046461030e-02,4.882171995975345125e-01,8.720586203491172972e-01,-1.091043446963907253e-02,7.030367685550548140e-02,1.438021861568944959e-01,-1.588037675973895391e-02,2.795504483813238128e-02,-8.037734738847310267e-02,-1.983757769289446471e-01,-1.998405245796724405e-01,-1.777923608332031280e-01,3.650463344743082317e-01,-2.467636814781357657e-01,1.775502632343549381e-01,-7.138137401397223747e-02,0.000000000000000000e+00,0.000000000000000000e+00,7.928501523450870447e-02,8.356047355124983644e-01,4.374007656286987289e-01,-5.960709576262022968e-02,0.000000000000000000e+00,0.000000000000000000e+00,0.000000000000000000e+00,-1.790003093511118720e-02,-8.860623628950229369e-01,-6.598025366700273064e-01,-2.883687102644615918e-01,0.000000000000000000e+00,0.000000000000000000e+00,0.000000000000000000e+00
3.283982894282831688e-02,-1.292834530122868343e-02,9.012811623104715064e-01,1.387629180958611930e-02,3.262423021132816042e-02,4.880889460557165105e-01,8.720735570277058368e-01,-1.173060058950096268e-02,6.678495706187395631e-02,1.432731573882981835e-01,-1.942576617996421076e-02,3.071822657870228873e-02,-7.892252417842672563e-02,-2.038024701761604329e-01,-2.046543254915959842e-01,-1.795484044733715867e-01,3.714300201834629389e-01,-2.490963896928039545e-01,1.796653131213833410e-01,-7.250638414309759638e-02,0.000000000000000000e+00,0.000000000000000000e+00,8.541180742087298161e-02,8.431620654365529210e-01,4.231488839351661979e-01,-4.809531892086517380e-02,0.000000000000000000e+00,0.000000000000000000e+00,0.000000000000000000e+00,-2.126345393288287672e-02,-8.792264758389007895e-01,-6.493664008504275165e-01,-2.810354311591652388e-01,0.000000000000000000e+00,0.000000000000000000e+00,0.000000000000000000e+00
3.238545149201649265e-02,-1.352939185106366050e-02,9.011156601426936197e-01,1.494399838056559120e-02,3.316433956717277504e-02,4.884176061749226361e-01,8.718515042550738503e-01,-1.171715249475123108e-02,6.368640299371447488e-02,1.435165499047773574e-01,-2.178592881357431510e-02,3.273284892945037272e-02,-7.836425018537679366e-02,-2.072776691752313272e-01,-2.087368743805122773e-01,-1.800317333978981305e-01,3.771242833446618037e-01,-2.512947064937792185e-01,1.805587997099294406e-01,-7.443606663104422594e-02,0.000000000000000000e+00,0.000000000000000000e+00,8.868950737454284194e-02,8.506509289596210222e-01,4.124069272988305501e-01,-3.901139540036044351e-02,0.000000000000000000e+00,0.000000000000000000e+00,0.000000000000000000e+00,-2.907378073923399392e-02,-8.706011054020130757e-01,-6.401989508197656331e-01,-2.797558642959224739e-01,0.000000000000000000e+00,0.000000000000000000e+00,0.000000000000000000e+00
3.189062828132721572e-02,-1.403543770507477938e-02,9.009768852407123996e-01,1.581374184545208603e-02,3.377136658152753851e-02,4.889287931442686252e-01,8.715262793528101293e-01,-1.135618275965220511e-02,6.080772414303900475e-02,1.443269084828962545e-01,-2.537165673519554618e-02,3.529704475841023703e-02,-7.869440527411883379e-02,-2.099563872048340052e-01,-2.130269318886509056e-01,-1.825142263957438005e-01,3.813794296395337513e-01,-2.537330173592836635e-01,1.809991323277746478e-01,-7.595011137916006516e-02,0.000000000000000000e+00,0.000000000000000000e+00,8.993647060954562678e-02,8.558580572719890478e-01,4.028597914992775308e-01,-3.230740094925194789e-02,0.000000000000000000e+00,0.000000000000000000e+00,0.000000000000000000e+00,-4.082266222944802569e-02,-8.576203121494079262e-01,-6.324971192657529162e-01,-2.809383484889010907e-01,0.000000000000000000e+00,0.000000000000000000e+00,0.000000000000000000e+00
3.126851595786862142e-02,-1.449330269156221332e-02,9.008446606709112903e-01,1.645460141925966097e-02,3.420122922730484127e-02,4.894096150378057786e-01,8.712277260969276682e-01,-1.079243552315975289e-02,5.831883865651640853e-02,1.445907916790797332e-01,-2.919971747662104128e-02,3.684915885280394543e-02,-7.817561586738290547e-02,-2.128254574027496349e-01,-2.167272643249418262e-01,-1.844687557890727081e-01,3.858630908832032524e-01,-2.550843527025561386e-01,1.812844502446765427e-01,-7.809175306909604819e-02,0.000000000000000000e+00,0.000000000000000000e+00,9.024822224328579723e-02,8.612818790569132243e-01,3.965797571556430867e-01,-2.627188876641263146e-02,0.000000000000000000e+00,0.000000000000000000e+00,0.000000000000000000e+00,-5.215162532970056553e-02,-8.464083186104611745e-01,-6.279213194751063210e-01,-2.808916579520492895e-01,0.000000000000000000e+00,0.000000000000000000e+00,0.000000000000000000e+00
3.057255060288611992e-02,-1.472440235822711566e-02,9.008066199239557204e-01,1.601607995021628317e-02,3.535101233143169569e-02,4.906280611413104120e-01,8.705043921376224292e-01,-1.209533659004905989e-02,5.650088363931780183e-02,1.430186416817387229e-01,-3.442647155808734732e-02,3.720637074612042489e-02,-7.719843376931548318e-02,-2.168059547620007632e-01,-2.182277207910622296e-01,-1.842782102863436966e-01,3.881226015542858510e-01,-2.555160667138674513e-01,1.804824686851764226e-01,-8.116414624836344738e-02,0.000000000000000000e+00,0.000000000000000000e+00,8.759555828228057783e-02,8.603334441112695519e-01,3.944367623362065034e-01,-2.468203189789754115e-02,0.000000000000000000e+00,0.000000000000000000e+00,0.000000000000000000e+00,-5.836764213150436031e-02,-8.371467932561071912e-01,-6.288611531651058240e-01,-2.772235015430916660e-01,0.000000000000000000e+00,0.000000000000000000e+00,0.000000000000000000e+00
2.979058944777311646e-02,-1.503965946145443752e-02,9.008124657125013979e-01,1.562034047079111608e-02,3.628255690227087660e-02,4.925668570057987750e-01,8.693776350974530276e-01,-1.432438062802985496e-02,5.477483218522009867e-02,1.412715017571515852e-01,-3.806754803236461759e-02,3.919885486719698608e-02,-7.439177106882724488e-02,-2.198593426292103359e-01,-2.203944102830732721e-01,-1.860875123410504484e-01,3.898281813919868832e-01,-2.538745633872198093e-01,1.816017115548506922e-01,-8.405846091029205158e-02,0.000000000000000000e+00,0.000000000000000000e+00,8.049595534807577057e-02,8.555428072638201487e-01,3.916891722603043080e-01,-2.406552258945632988e-02,0.000000000000000000e+00,0.000000000000000000e+00,0.000000000000000000e+00,-6.059101906191046577e-02,-8.291459739524973394e-01,-6.281285662295994499e-01,-2.707092479132401364e-01,0.000000000000000000e+00,0.000000000000000000e+00,0.000000000000000000e+00
2.895980818875241655e-02,-1.535642686775923887e-02,9.008213531860687073e-01,1.538536889162453458e-02,3.676614530907746509e-02,4.937051532602916293e-01,8.687155821253660370e-01,-1.604347794169510080e-02,5.295942917172097308e-02,1.371448654670550937e-01,-4.010764821266267488e-02,3.907984885355353377e-02,-6.988567531543371514e-02,-2.224447105961538662e-01,-2.214010183299157664e-01,-1.852149250728953311e-01,3.915997577509788830e-01,-2.530268757398885793e-01,1.812152431930887930e-01,-8.515075276012082361e-02,0.000000000000000000e+00,0.000000000000000000e+00,7.221508977331006496e-02,8.492511739769682544e-01,3.885657726166581449e-01,-2.263620131338932306e-02,0.000000000000000000e+00,0.000000000000000000e+00,0.000000000000000000e+00,-6.542472532071121061e-02,-8.198840803260252219e-01,-6.289190751747998354e-01,-2.616273676620357036e-01,0.000000000000000000e+00,0.000000000000000000e+00,0.000000000000000000e+00
2.824768521899551424e-02,-1.574372076488014111e-02,9.008361362292836017e-01,1.492471935157834405e-02,3.717354224563993587e-02,4.955951828359811406e-01,8.676294112459305152e-01,-1.871866405386845775e-02,5.192277003134127683e-02,1.326883771946660018e-01,-4.105310124379427800e-02,3.897579098349751581e-02,-6.690313565952084318e-02,-2.248598480940557642e-01,-2.223603757297981931e-01,-1.866309353088642375e-01,3.939652389715513903e-01,-2.519821697994532594e-01,1.793235955211794075e-01,-8.606290812540762225e-02,0.000000000000000000e+00,0.000000000000000000e+00,6.428488089873421463e-02,8.464781922788792157e-01,3.805059994501713838e-01,-2.071093047006670324e-02,0.000000000000000000e+00,0.000000000000000000e+00,0.000000000000000000e+00,-6.544890495745950276e-02,-8.130128431200350780e-01,-6.280204629054950694e-01,-2.482867661752298227e-01,0.000000000000000000e+00,0.000000000000000000e+00,0.000000000000000000e+00
2.758618181878448247e-02,-1.623356883484696270e-02,9.008641361992589802e-01,1.444572032794108618e-02,3.746745974232437021e-02,4.963619864948509153e-01,8.671864211272860556e-01,-2.138040757581113199e-02,5.174523054969883129e-02,1.301158836942276076e-01,-4.101384847590684724e-02,4.059195922225564135e-02,-6.617892499094578385e-02,-2.267340635788693826e-01,-2.226716265684846874e-01,-1.879815951915812522e-01,3.944101939376680188e-01,-2.506526853210846451e-01,1.780389599245408572e-01,-8.554433136196756826e-02,0.000000000000000000e+00,0.000000000000000000e+00,5.806119048924414383e-02,8.438269570249627982e-01,3.704597726637887667e-01,-1.894795758949091927e-02,0.000000000000000000e+00,0.000000000000000000e+00,0.000000000000000000e+00,-6.398545074500845697e-02,-8.067444264420381428e-01,-6.250161927411210794e-01,-2.337526976506089371e-01,0.000000000000000000e+00,0.000000000000000000e+00,0.000000000000000000e+00
2.711819559101585897e-02,-1.681539222725608393e-02,9.008917366286913753e-01,1.421868717558920879e-02,3.785899476444728323e-02,4.967215637379563398e-01,8.669672505741776725e-01,-2.457907981382418186e-02,5.165126311723534230e-02,1.293937874278729139e-01,-3.914956525688451094e-02,4.165621890003389644e-02,-6.638422957615570941e-02,-2.289747033043440516e-01,-2.234595144880633377e-01,-1.895182502391194734e-01,3.952547432341889100e-01,-2.488988285877107576e-01,1.766113340018291289e-01,-8.429185860459278978e-02,0.000000000000000000e+00,0.000000000000000000e+00,5.375055404644683843e-02,8.396843406727122483e-01,3.578967433785270602e-01,-1.599580614643164936e-02,0.000000000000000000e+00,0.000000000000000000e+00,0.000000000000000000e+00,-6.270123810226586880e-02,-7.991479333557314213e-01,-6.167579517923643673e-01,-2.214044697541786011e-01,0.000000000000000000e+00,0.000000000000000000e+00,0.000000000000000000e+00
2.677805702812779964e-02,-1.751674778018931164e-02,9.008617993431965454e-01,1.426574649139968759e-02,3.817410258649939908e-02,4.967030169688731456e-01,8.669632860177987066e-01,-2.818888782970687887e-02,5.178500048189500771e-02,1.303216875640120231e-01,-3.500120997828115588e-02,4.114428055782430593e-02,-6.813720915627205499e-02,-2.311316426809299496e-01,-2.246961480451936111e-01,-1.915661513771322599e-01,3.966477118550104652e-01,-2.484728873978744312e-01,1.753605804863518081e-01,-8.345462222092252247e-02,0.000000000000000000e+00,0.000000000000000000e+00,5.182020811160308743e-02,8.385284681746745239e-01,3.435810729394360163e-01,-9.997920691913016883e-03,0.000000000000000000e+00,0.000000000000000000e+00,0.000000000000000000e+00,-5.995014951055265690e-02,-7.946167505099075434e-01,-6.048751617911112266e-01,-2.101264662290222851e-01,0.000000000000000000e+00,0.000000000000000000e+00,0.000000000000000000e+00
2.661600116226838300e-02,-1.822707052578841774e-02,9.008025535344761359e-01,1.428984753337505208e-02,3.853928362917773826e-02,4.972499466015051217e-01,8.666331487311249582e-01,-3.267844723044027039e-02,5.177203136713311865e-02,1.288898686343979694e-01,-2.938652893216726555e-02,3.837397276080577180e-02,-6.876660139333844179e-02,-2.337423894085283449e-01,-2.254063306463756633e-01,-1.920083054503753106e-01,3.994459050487912943e-01,-2.498690939547238421e-01,1.738989403792775001e-01,-8.318974235328420452e-02,0.000000000000000000e+00,0.000000000000000000e+00,4.957576261153683744e-02,8.344743258014302167e-01,3.277186793709646051e-01,-4.714952401420305535e-03,0.000000000000000000e+00,0.000000000000000000e+00,0.000000000000000000e+00,-5.798598605333143974e-02,-7.860959993113840749e-01,-5.917783694527078975e-01,-1.992890299284516276e-01,0.000000000000000000e+00,0.000000000000000000e+00,0.000000000000000000e+00
2.654185889933448686e-02,-1.896267823886274226e-02,9.007508182355763449e-01,1.430476710231942498e-02,3.901898813826974732e-02,4.978142530263713894e-01,8.662874013204919788e-01,-3.833945065505477839e-02,5.164738837250243408e-02,1.269913010011029519e-01,-2.183877259938359766e-02,3.478230138638552238e-02,-6.669692571965259165e-02,-2.367438724021374563e-01,-2.263300857274746503e-01,-1.928947980244036797e-01,4.027628730939571411e-01,-2.516464626837812690e-01,1.724660535089578839e-01,-8.300642852187345433e-02,0.000000000000000000e+00,0.000000000000000000e+00,4.856737768015421952e-02,8.324667924737705338e-01,3.107224319166060345e-01,1.471635984766246630e-04,0.000000000000000000e+00,0.000000000000000000e+00,0.000000000000000000e+00,-5.566990675866075045e-02,-7.763653875641403079e-01,-5.783912072435106744e-01,-1.881275559782240592e-01,0.000000000000000000e+00,0.000000000000000000e+00,0.000000000000000000e+00
2.651278726648580164e-02,-1.966038160327784889e-02,9.007069493877852828e-01,1.421476895940038294e-02,3.939635848449868361e-02,4.979791545449603341e-01,8.661770193905398152e-01,-4.420655221006087460e-02,5.207275190740458942e-02,1.256489934150209764e-01,-1.308737934434298263e-02,3.050815593435318024e-02,-6.513002636285275537e-02,-2.398199315844297130e-01,-2.265015923339385451e-01,-1.928097665697639240e-01,4.060639518017085670e-01,-2.532500027452194158e-01,1.712717803243450077e-01,-8.313698493762405883e-02,0.000000000000000000e+00,0.000000000000000000e+00,4.721821156946341691e-02,8.250170627964950043e-01,2.945744631750081832e-01,5.860186670321773650e-03,0.000000000000000000e+00,0.000000000000000000e+00,0.000000000000000000e+00,-5.226920170017454459e-02,-7.653366562664276618e-01,-5.640087986493185213e-01,-1.751476233518819148e-01,0.000000000000000000e+00,0.000000000000000000e+00,0.000000000000000000e+00
2.657575235997291022e-02,-2.026948644054250154e-02,9.006258673850658925e-01,1.430488401445567659e-02,4.005620308435568766e-02,4.971151594694113163e-01,8.666414420701914478e-01,-4.938342110105735372e-02,5.200301976917925950e-02,1.249475726094585876e-01,-5.144282158376974751e-03,2.601496185440124037e-02,-6.417777685241388141e-02,-2.435342060634247130e-01,-2.264531303508038607e-01,-1.904718289022504230e-01,4.088643762498365142e-01,-2.556911742811280308e-01,1.704688063317963131e-01,-8.208957424754881327e-02,0.000000000000000000e+00,0.000000000000000000e+00,4.811079040173245336e-02,8.169892735417449980e-01,2.777306799409207105e-01,1.198288137889310691e-02,0.000000000000000000e+00,0.000000000000000000e+00,0.000000000000000000e+00,-5.045066427436678547e-02,-7.522983965883328628e-01,-5.483355751218372820e-01,-1.619052627535444711e-01,0.000000000000000000e+00,0.000000000000000000e+00,0.000000000000000000e+00
2.676199576873633523e-02,-2.082937056231220704e-02,9.005621113128390309e-01,1.452147154409172240e-02,4.080342396473708722e-02,4.960511875880180832e-01,8.672124461453875055e-01,-5.407632313582411143e-02,5.156164385233870384e-02,1.241637024060679995e-01,2.098967432721573177e-03,2.220597193693382362e-02,-6.196896034674869574e-02,-2.476294735732415819e-01,-2.261727751257498753e-01,-1.869606727943388114e-01,4.121408905290331326e-01,-2.579610719234630145e-01,1.680059394470433121e-01,-8.094593281914243266e-02,0.000000000000000000e+00,0.000000000000000000e+00,5.195330401993690506e-02,8.126462375600167487e-01,2.606585535245640184e-01,1.749605845867028414e-02,0.000000000000000000e+00,0.000000000000000000e+00,0.000000000000000000e+00,-5.327056531180900806e-02,-7.345342557532873462e-01,-5.344513072409331489e-01,-1.517206919233087259e-01,0.000000000000000000e+00,0.000000000000000000e+00,0.000000000000000000e+00
2.695653782951023050e-02,-2.140827440475239277e-02,9.004831400362546256e-01,1.451803972878250651e-02,4.117240076704470342e-02,4.950171289494219029e-01,8.677857465896662292e-01,-5.892481275935231716e-02,5.246850508880711306e-02,1.252096410155881800e-01,1.067272264753083011e-02,1.861526131022015959e-02,-6.106669489496954761e-02,-2.511795673739638524e-01,-2.256339697577038894e-01,-1.851992159435878194e-01,4.155584750166169128e-01,-2.593741915396229891e-01,1.672348961279029322e-01,-8.096328258237432685e-02,0.000000000000000000e+00,0.000000000000000000e+00,5.298807649520034108e-02,8.033424073606113547e-01,2.459690877228211670e-01,2.410061103312843150e-02,0.000000000000000000e+00,0.000000000000000000e+00,0.000000000000000000e+00,-5.398418798655159334e-02,-7.194792534075391544e-01,-5.199601996753379085e-01,-1.397400675453691621e-01,0.000000000000000000e+00,0.000000000000000000e+00,0.000000000000000000e+00
2.714893288849485817e-02,-2.200329538404765389e-02,9.003758386215093834e-01,1.497265290617432951e-02,4.110049912327531918e-02,4.940034003301310706e-01,8.683589172105267151e-01,-6.267490071937020790e-02,5.285827097634234611e-02,1.251818155517788744e-01,1.988079483586077320e-02,1.334941877411906577e-02,-6.019016859706954187e-02,-2.537094983956459937e-01,-2.250907253216481718e-01,-1.821156495589535684e-01,4.195270997618842923e-01,-2.618023502807453329e-01,1.650217642935913331e-01,-8.160913532730094955e-02,0.000000000000000000e+00,0.000000000000000000e+00,5.341751802691446088e-02,7.928158201337718314e-01,2.296103771724023745e-01,3.148954269254430893e-02,0.000000000000000000e+00,0.000000000000000000e+00,0.000000000000000000e+00,-5.535072222045710894e-02,-7.052374000584515912e-01,-5.040117459118238497e-01,-1.269309850329956302e-01,0.000000000000000000e+00,0.000000000000000000e+00,0.000000000000000000e+00
2.731556143967851444e-02,-2.257525238795864489e-02,9.003038509493527242e-01,1.534237691591736237e-02,4.098523482336700191e-02,4.930052637991617637e-01,8.689249863269918883e-01,-6.711666127010676441e-02,5.363451832636381006e-02,1.259766467806187895e-01,3.049971556571477727e-02,8.339456720713464902e-03,-5.926618827771998332e-02,-2.554023353501522209e-01,-2.249239769258154775e-01,-1.809958530446018621e-01,4.221374842449345799e-01,-2.629116539646014217e-01,1.649251273805454887e-01,-8.268437707616527188e-02,0.000000000000000000e+00,0.000000000000000000e+00,5.341821706050349505e-02,7.834982789214535170e-01,2.105344471079368118e-01,3.853276230523898505e-02,0.000000000000000000e+00,0.000000000000000000e+00,0.000000000000000000e+00,-5.727725550720479814e-02,-6.901910827465527198e-01,-4.872702267515215402e-01,-1.115531772820491235e-01,0.000000000000000000e+00,0.000000000000000000e+00,0.000000000000000000e+00
2.743787852775724651e-02,-2.314958057295943977e-02,9.002740390612056220e-01,1.530491881744998513e-02,4.064426166243298444e-02,4.922131841812577568e-01,8.693905824035907948e-01,-7.209479470416567393e-02,5.530133222643783542e-02,1.256588583264370007e-01,4.196278013306495996e-02,2.798016057681118954e-03,-5.793715227398930218e-02,-2.564985189614867878e-01,-2.233041472639893110e-01,-1.792352371289125945e-01,4.235774364929683067e-01,-2.634961293487271261e-01,1.645012262407169745e-01,-8.377749851268442849e-02,0.000000000000000000e+00,0.000000000000000000e+00,4.983716015371346397e-02,7.685505803592068697e-01,1.920940281521589243e-01,4.305035935313310247e-02,0.000000000000000000e+00,0.000000000000000000e+00,0.000000000000000000e+00,-5.790707852171628894e-02,-6.726934707294882632e-01,-4.681957785826104113e-01,-9.455253023676704616e-02,0.000000000000000000e+00,0.000000000000000000e+00,0.000000000000000000e+00
2.761107464740051448e-02,-2.370472765417411601e-02,9.001870157815798912e-01,1.513779832660350731e-02,4.081503022633421046e-02,4.906922864760488445e-01,8.702448278285568328e-01,-7.720201055566640325e-02,5.689025123440532433e-02,1.267511237472415120e-01,5.228874131995896873e-02,-3.301988263620504391e-03,-5.597533117989907103e-02,-2.589095267090952834e-01,-2.218596077936561273e-01,-1.778800232175920260e-01,4.250372121856140217e-01,-2.663260324511205202e-01,1.621605785232181351e-01,-8.483289818874895083e-02,0.000000000000000000e+00,0.000000000000000000e+00,4.497625940008317946e-02,7.518128563550633414e-01,1.703960233045941353e-01,4.813893873260915307e-02,0.000000000000000000e+00,0.000000000000000000e+00,0.000000000000000000e+00,-5.708379611307357049e-02,-6.621981186067642522e-01,-4.446322132062976440e-01,-7.962890549981996302e-02,0.000000000000000000e+00,0.000000000000000000e+00,0.000000000000000000e+00
2.773852371269275655e-02,-2.426244322086688193e-02,9.004643854641262157e-01,1.368053209830553257e-02,3.979101936353828667e-02,4.896879774388430695e-01,8.708818533942326301e-01,-8.220289966452584696e-02,6.239972175085064382e-02,1.270765974831111478e-01,6.391200087326492918e-02,-9.895563922884110727e-03,-5.459022790335724823e-02,-2.537023332246609586e-01,-2.156914341355504472e-01,-1.801425693963070729e-01,4.136008265989756794e-01,-2.616771283791100577e-01,1.594867904858690288e-01,-8.561795458120892433e-02,0.000000000000000000e+00,0.000000000000000000e+00,2.892005599037747801e-02,7.399910205561048837e-01,1.399688890910666395e-01,6.199804546137675093e-02,0.000000000000000000e+00,0.000000000000000000e+00,0.000000000000000000e+00,-6.576816092825994720e-02,-6.537291837657790428e-01,-4.187284191951896606e-01,-5.138511392659315946e-02,0.000000000000000000e+00,0.000000000000000000e+00,0.000000000000000000e+00
2.764243859044169388e-02,-2.485291195253239507e-02,9.002928010999960984e-01,1.485168147317591884e-02,3.882775019843848902e-02,4.880728450045151989e-01,8.718123257566079420e-01,-8.460270032373802540e-02,6.281024751334733647e-02,1.301055191418631629e-01,7.564949696529439660e-02,-1.475779931944791457e-02,-5.290699200608957320e-02,-2.553326823556402170e-01,-2.168511273246128135e-01,-1.784481160017128143e-01,4.200157960782843758e-01,-2.633003065064307702e-01,1.589854442275558111e-01,-8.878580785424129707e-02,0.000000000000000000e+00,0.000000000000000000e+00,2.075724916383592938e-02,7.194788767018133191e-01,1.121728848303575055e-01,6.973755765567941911e-02,0.000000000000000000e+00,0.000000000000000000e+00,0.000000000000000000e+00,-6.717313985649178698e-02,-6.366423721221956544e-01,-3.962080094759460325e-01,-3.819259949100341917e-02,0.000000000000000000e+00,0.000000000000000000e+00,0.000000000000000000e+00
2.756622106728799648e-02,-2.528427350728902276e-02,9.004262186458259487e-01,1.416322774459699736e-02,3.747701297785765995e-02,4.855135697314713061e-01,8.733106263436373196e-01,-8.713005706923879212e-02,6.727062254459773016e-02,1.317666873793831017e-01,8.685208248407985665e-02,-2.261532330028136195e-02,-5.319175938297707185e-02,-2.516674041127554551e-01,-2.112318543694456652e-01,-1.765335490270310004e-01,4.126651035777025300e-01,-2.602775566054676415e-01,1.564666458472716848e-01,-9.020651662866320530e-02,0.000000000000000000e+00,0.000000000000000000e+00,5.525375661577479336e-04,7.108567686429697607e-01,7.307288299117853381e-02,8.502738509374230258e-02,0.000000000000000000e+00,0.000000000000000000e+00,0.000000000000000000e+00,-7.988840219592982517e-02,-6.278569059649840023e-01,-3.661435225330396670e-01,-4.576553635278524795e-03,0.000000000000000000e+00,0.000000000000000000e+00,0.000000000000000000e+00
2.734793181771426676e-02,-2.562770343307273213e-02,9.002358156280250157e-01,1.440645537122818044e-02,3.714741411970835100e-02,4.844202648462582750e-01,8.739276461321825451e-01,-9.059888277198495377e-02,6.823907710334235766e-02,1.337941425812233798e-01,9.660407493577297111e-02,-2.881337445297681848e-02,-5.280102112681400728e-02,-2.548599597892153845e-01,-2.106319517139441932e-01,-1.728309654012725460e-01,4.188439930004214107e-01,-2.643560912840402510e-01,1.552914690775957784e-01,-9.274927256039112999e-02,0.000000000000000000e+00,0.000000000000000000e+00,-1.249458446708061679e-02,6.911150084225136103e-01,4.509314468395956427e-02,8.792197343446135627e-02,0.000000000000000000e+00,0.000000000000000000e+00,0.000000000000000000e+00,-7.975092280079737472e-02,-6.162324215661002524e-01,-3.422572250502355917e-01,1.279611858800224627e-02,0.000000000000000000e+00,0.000000000000000000e+00,0.000000000000000000e+00
2.693450321432550032e-02,-2.613829319736684850e-02,9.004469146672169355e-01,1.364304802920968118e-02,3.562877781895783941e-02,4.823570471368249790e-01,8.751434948104473976e-01,-9.275281890054422329e-02,7.297011885667793740e-02,1.374757825432210978e-01,1.064178337209736175e-01,-3.425950374398897824e-02,-5.219098441136509059e-02,-2.501883777141808984e-01,-2.057192846107608331e-01,-1.725321100863699830e-01,4.097081741442801794e-01,-2.581126654617050820e-01,1.564623623505833339e-01,-9.191113783517670943e-02,0.000000000000000000e+00,0.000000000000000000e+00,-3.247408970119660537e-02,6.810972051437254038e-01,1.107639488422717047e-02,1.013443632031567621e-01,0.000000000000000000e+00,0.000000000000000000e+00,0.000000000000000000e+00,-9.288521176546127300e-02,-6.094665863304835618e-01,-3.117597112030547901e-01,4.573468330771437995e-02,0.000000000000000000e+00,0.000000000000000000e+00,0.000000000000000000e+00
2.649179588931931464e-02,-2.658679124874104710e-02,9.002471468259736209e-01,1.425440837074300367e-02,3.554671524562929424e-02,4.805834721885600680e-01,8.761123039522010769e-01,-9.505824128095088921e-02,7.262342137997387925e-02,1.394745749920103806e-01,1.133888915401878861e-01,-3.929170980156988097e-02,-5.125906264784194089e-02,-2.534961923956028929e-01,-2.067274903481382820e-01,-1.701736692115400351e-01,4.145286058967794784e-01,-2.605146760059318112e-01,1.560585486114356990e-01,-9.238212616749927331e-02,0.000000000000000000e+00,0.000000000000000000e+00,-3.993214428062689947e-02,6.676611605533520066e-01,-1.737759543627079295e-02,1.065273714324301013e-01,0.000000000000000000e+00,0.000000000000000000e+00,0.000000000000000000e+00,-9.248918578489520592e-02,-6.025671542520872892e-01,-2.840269942815828452e-01,6.468314669496944003e-02,0.000000000000000000e+00,0.000000000000000000e+00,0.000000000000000000e+00
2.587961335319164530e-02,-2.720031342284665032e-02,9.007971410238078125e-01,1.238213884467683976e-02,3.329637517496211729e-02,4.793504214765740845e-01,8.769043319929885616e-01,-9.413975519158682137e-02,7.922542195005329024e-02,1.405469597457209008e-01,1.156420196939446088e-01,-4.069505295611093587e-02,-5.004127316543118681e-02,-2.436410195878979668e-01,-1.976272386587744623e-01,-1.701736518117609454e-01,3.951693491217135312e-01,-2.476832522764499944e-01,1.565998765986112984e-01,-8.962259146388870668e-02,0.000000000000000000e+00,0.000000000000000000e+00,-6.329757694814985847e-02,6.603923621512401976e-01,-4.733326779810497625e-02,1.261307915240256206e-01,0.000000000000000000e+00,0.000000000000000000e+00,0.000000000000000000e+00,-1.077836134271497881e-01,-5.986488988381272192e-01,-2.532957987020598156e-01,1.061412809795441448e-01,0.000000000000000000e+00,0.000000000000000000e+00,0.000000000000000000e+00
2.528442200739956097e-02,-2.779433790117273248e-02,9.005315167099602336e-01,1.329565441816012508e-02,3.304665964373757620e-02,4.784791162846213086e-01,8.773761332173741767e-01,-9.686383787781061017e-02,7.826006740707767972e-02,1.419879343760672707e-01,1.234457466893361249e-01,-4.545526215620968036e-02,-4.928250427703198544e-02,-2.481928741393116533e-01,-1.989237679909242329e-01,-1.652570010566286329e-01,4.038007353700042712e-01,-2.512248136273837473e-01,1.567497606753930628e-01,-8.983253698716242575e-02,0.000000000000000000e+00,0.000000000000000000e+00,-6.798957229131261104e-02,6.489786592764887896e-01,-6.301129007646297242e-02,1.303595584248256056e-01,0.000000000000000000e+00,0.000000000000000000e+00,0.000000000000000000e+00,-1.034516104786944307e-01,-5.919287204275420766e-01,-2.313794044481654044e-01,1.154884000551835710e-01,0.000000000000000000e+00,0.000000000000000000e+00,0.000000000000000000e+00
2.464661760076979069e-02,-2.854159560275299976e-02,9.003572770074458331e-01,1.404567953128100198e-02,3.240298041738889911e-02,4.769517064704159037e-01,8.782196965688783274e-01,-9.889484904744427762e-02,7.843431200487413490e-02,1.441883035620300235e-01,1.311348526633650535e-01,-4.911610147992293701e-02,-4.975147222106311717e-02,-2.501701322291075003e-01,-1.991063051089833058e-01,-1.619020082829306928e-01,4.075981992177416524e-01,-2.528426630217746607e-01,1.570898405986936031e-01,-8.944896627288850821e-02,0.000000000000000000e+00,0.000000000000000000e+00,-7.502529700095178500e-02,6.401136237666087414e-01,-7.624938760570100504e-02,1.379172584210969776e-01,0.000000000000000000e+00,0.000000000000000000e+00,0.000000000000000000e+00,-1.059775168255523148e-01,-5.850338479807387637e-01,-2.098115603642184412e-01,1.300453098554089082e-01,0.000000000000000000e+00,0.000000000000000000e+00,0.000000000000000000e+00
2.399371180983160892e-02,-2.946533662061068259e-02,9.001938349445852694e-01,1.507499054271007992e-02,3.123792464585976175e-02,4.759097289267552600e-01,8.788099149627403017e-01,-1.001985923416672530e-01,7.887418913684668409e-02,1.470818839147023660e-01,1.391990392753579553e-01,-5.241225660962303690e-02,-5.007469575339492524e-02,-2.507936337188549358e-01,-1.999580132055764348e-01,-1.607250019228415594e-01,4.114289126954198683e-01,-2.530288055924789781e-01,1.564090424217890463e-01,-9.097609863682365461e-02,0.000000000000000000e+00,0.000000000000000000e+00,-8.063672473416100273e-02,6.358540231718541325e-01,-9.181045366964135646e-02,1.478042077862314063e-01,0.000000000000000000e+00,0.000000000000000000e+00,0.000000000000000000e+00,-1.121177266551187102e-01,-5.727119547457654170e-01,-1.922441303345113206e-01,1.485360218725993164e-01,0.000000000000000000e+00,0.000000000000000000e+00,0.000000000000000000e+00
2.336957696253149502e-02,-3.049387967260555610e-02,9.006068090475102261e-01,1.349567218135411077e-02,2.960631148240636112e-02,4.746917030842334739e-01,8.795505216732973919e-01,-9.973308093931708418e-02,8.408480716817810785e-02,1.463987896167057434e-01,1.391109228302079559e-01,-5.182485509178538091e-02,-5.057096904916547064e-02,-2.432615142878895020e-01,-1.922267516751438032e-01,-1.608987576290746568e-01,3.942908297137422968e-01,-2.430780639774780538e-01,1.549643409859312593e-01,-9.078091025965183414e-02,0.000000000000000000e+00,0.000000000000000000e+00,-9.547670522615399336e-02,6.336398112439449726e-01,-1.051239249967436673e-01,1.655813182575418818e-01,0.000000000000000000e+00,0.000000000000000000e+00,0.000000000000000000e+00,-1.260984550392268699e-01,-5.654610473628950418e-01,-1.713855517046120880e-01,1.810456207754934099e-01,0.000000000000000000e+00,0.000000000000000000e+00,0.000000000000000000e+00
2.281423826930558882e-02,-3.134597863335186058e-02,9.001603413028905765e-01,1.481428974193220623e-02,2.937085403903294534e-02,4.735900618533462336e-01,8.801308670113796584e-01,-1.029215872884637895e-01,8.245928995722630328e-02,1.469814052301290364e-01,1.483832739400804401e-01,-5.792003545573322365e-02,-4.947722038870634720e-02,-2.496564456242315322e-01,-1.941588048666474109e-01,-1.552661543875698547e-01,4.069341219210422245e-01,-2.498875590971859073e-01,1.533974978007624224e-01,-9.200811256056665166e-02,0.000000000000000000e+00,0.000000000000000000e+00,-9.498176633089794318e-02,6.278022054875095348e-01,-1.110930942308388514e-01,1.694942105382243880e-01,0.000000000000000000e+00,0.000000000000000000e+00,0.000000000000000000e+00,-1.226357826238335946e-01,-5.585569615655100462e-01,-1.569921023177169306e-01,1.893150469273531811e-01,0.000000000000000000e+00,0.000000000000000000e+00,0.000000000000000000e+00
2.233992215437691914e-02,-3.224943658608407648e-02,8.998225331826661400e-01,1.589628560405677293e-02,2.910655830152653056e-02,4.722473041404044447e-01,8.808419836156503591e-01,-1.064249060175481848e-01,8.160845143424755310e-02,1.476240053618797787e-01,1.578578886247502533e-01,-6.248763748641916055e-02,-4.954523142972341865e-02,-2.540414677562843893e-01,-1.953640290540409608e-01,-1.512259250427298585e-01,4.149810636786480100e-01,-2.541336765067714887e-01,1.529817857532909942e-01,-9.238003450213805312e-02,0.000000000000000000e+00,0.000000000000000000e+00,-9.756971277810702614e-02,6.225812002456766470e-01,-1.169027042101615788e-01,1.797930793792367199e-01,0.000000000000000000e+00,0.000000000000000000e+00,0.000000000000000000e+00,-1.230664776584834974e-01,-5.522280771735561533e-01,-1.396918905839628633e-01,1.995826344959029663e-01,0.000000000000000000e+00,0.000000000000000000e+00,0.000000000000000000e+00
2.194050732817506150e-02,-3.317806780669282918e-02,9.001956486190421103e-01,1.440168500111399345e-02,2.863068060469500103e-02,4.720653702670982721e-01,8.809807953592558860e-01,-1.082086802377120183e-01,8.514363081246642539e-02,1.459848586015672911e-01,1.572696020137608897e-01,-6.015248671493789862e-02,-4.942931752088963737e-02,-2.500940246908102127e-01,-1.901458153137891849e-01,-1.526438538941178313e-01,4.024642433986360679e-01,-2.456120035610913910e-01,1.510871678703751553e-01,-9.237963281057642861e-02,0.000000000000000000e+00,0.000000000000000000e+00,-1.089750517250060308e-01,6.191203313503570449e-01,-1.231574958732438857e-01,1.949793894808561356e-01,0.000000000000000000e+00,0.000000000000000000e+00,0.000000000000000000e+00,-1.313683383245390912e-01,-5.453870565842078300e-01,-1.230433473715537018e-01,2.210304515283023352e-01,0.000000000000000000e+00,0.000000000000000000e+00,0.000000000000000000e+00
2.160405337911307580e-02,-3.392537908767993826e-02,8.997988882856428061e-01,1.554804818443409307e-02,2.884936482849405001e-02,4.715243006128801428e-01,8.812438971579774627e-01,-1.135630526201066304e-01,8.400218274732434987e-02,1.477372828460864485e-01,1.685976237912786835e-01,-6.434338842163449257e-02,-4.921961927244179053e-02,-2.563309305269360072e-01,-1.932771783113358399e-01,-1.503824665248380266e-01,4.139268926040368668e-01,-2.503661325169164731e-01,1.518969199487101573e-01,-9.230360178515012448e-02,0.000000000000000000e+00,0.000000000000000000e+00,-1.069605194745643917e-01,6.125354485477266797e-01,-1.267965929599428609e-01,1.979892409648845719e-01,0.000000000000000000e+00,0.000000000000000000e+00,0.000000000000000000e+00,-1.247322252268098924e-01,-5.406287054610188214e-01,-1.092366472551308115e-01,2.218850262453918032e-01,0.000000000000000000e+00,0.000000000000000000e+00,0.000000000000000000e+00
2.135637863247078980e-02,-3.460811874405406163e-02,8.994928170324451022e-01,1.612535056130782671e-02,2.846772149481683126e-02,4.710471149881713115e-01,8.815010932287534740e-01,-1.180253622243450512e-01,8.412848155799539096e-02,1.471066290995370895e-01,1.793743894845523101e-01,-6.942571661034449559e-02,-4.862180546517755331e-02,-2.593786265977243155e-01,-1.935253029516320888e-01,-1.474351558129922413e-01,4.201931945017701731e-01,-2.529974467541346583e-01,1.524128294914235959e-01,-9.201706160987038752e-02,0.000000000000000000e+00,0.000000000000000000e+00,-1.094584464128540713e-01,6.093694709450231395e-01,-1.318054997691572583e-01,2.057292907815810035e-01,0.000000000000000000e+00,0.000000000000000000e+00,0.000000000000000000e+00,-1.246065456725586329e-01,-5.371946796318275430e-01,-9.491723583270891829e-02,2.329052972353334028e-01,0.000000000000000000e+00,0.000000000000000000e+00,0.000000000000000000e+00
2.123208108852043391e-02,-3.539255060353632687e-02,8.999258245520275201e-01,1.453033693180081493e-02,2.804701583852180560e-02,4.698565640966990142e-01,8.821774443877180572e-01,-1.163473894571221690e-01,8.776980561303313055e-02,1.455059795294350034e-01,1.726044133658114488e-01,-6.489938043015980318e-02,-5.041832935818239825e-02,-2.532093467229425965e-01,-1.871110489734275628e-01,-1.486910407494065889e-01,4.026860900003658150e-01,-2.447660003282797758e-01,1.502596049108998466e-01,-9.063757478279543811e-02,0.000000000000000000e+00,0.000000000000000000e+00,-1.205050595548469577e-01,6.109381045430077872e-01,-1.392966926102054137e-01,2.232391250032185748e-01,0.000000000000000000e+00,0.000000000000000000e+00,0.000000000000000000e+00,-1.368898114730558169e-01,-5.310116721655196992e-01,-7.677576813609669759e-02,2.579553793268945516e-01,0.000000000000000000e+00,0.000000000000000000e+00,0.000000000000000000e+00
2.115350235418020017e-02,-3.589533515426219373e-02,8.993451939068510814e-01,1.624898763832678325e-02,2.821753313833942969e-02,4.696231878845116836e-01,8.822662878210318915e-01,-1.210178865479347721e-01,8.515165369577475107e-02,1.454009136410589487e-01,1.847015631378618461e-01,-7.137046547939701613e-02,-4.974428175846890010e-02,-2.601802275677915777e-01,-1.915407961766594502e-01,-1.458300999463456871e-01,4.186970673622060213e-01,-2.544724358673088327e-01,1.502190785498434544e-01,-9.076743515312275801e-02,0.000000000000000000e+00,0.000000000000000000e+00,-1.174592636966874937e-01,6.051225378067819349e-01,-1.428561773317035266e-01,2.253766773648993860e-01,0.000000000000000000e+00,0.000000000000000000e+00,0.000000000000000000e+00,-1.307349318776778735e-01,-5.245400610778701012e-01,-6.787888576037799659e-02,2.605439484234822745e-01,0.000000000000000000e+00,0.000000000000000000e+00,0.000000000000000000e+00
2.114119667193018609e-02,-3.646112522261374389e-02,8.995557831922980085e-01,1.541075695618125858e-02,2.729986815044440837e-02,4.707713826479183461e-01,8.816980951826831614e-01,-1.231651898753671204e-01,8.777504501936873871e-02,1.423295478335571684e-01,1.884006271830248602e-01,-7.173720007633854756e-02,-4.896669975402472008e-02,-2.557898709989371300e-01,-1.885697022019640345e-01,-1.490221317417164959e-01,4.117163958679960212e-01,-2.493552539049274930e-01,1.483813036778993399e-01,-8.995472772447163368e-02,0.000000000000000000e+00,0.000000000000000000e+00,-1.284414798199641494e-01,6.051880057803498136e-01,-1.532621027692481763e-01,2.391138993918348055e-01,0.000000000000000000e+00,0.000000000000000000e+00,0.000000000000000000e+00,-1.355554516249266594e-01,-5.164176743551878168e-01,-5.792625862130141440e-02,2.835120273163469484e-01,0.000000000000000000e+00,0.000000000000000000e+00,0.000000000000000000e+00
2.116335259611974023e-02,-3.674588565224945480e-02,8.990324698937516290e-01,1.645010146373149587e-02,2.732554531654603561e-02,4.712014878729710587e-01,8.814487316692237728e-01,-1.285802060186493623e-01,8.616260771807891794e-02,1.400200950622744467e-01,2.011900849079988063e-01,-7.941932954788374910e-02,-4.872744779873797172e-02,-2.610246163521321439e-01,-1.913135534496010759e-01,-1.467273400520119064e-01,4.247765401183628553e-01,-2.578701340921439877e-01,1.480033224990957852e-01,-8.950304938074331307e-02,0.000000000000000000e+00,0.000000000000000000e+00,-1.285852534153830162e-01,6.039299306086766128e-01,-1.605723855841672265e-01,2.422777689398596945e-01,0.000000000000000000e+00,0.000000000000000000e+00,0.000000000000000000e+00,-1.311159428097010970e-01,-5.141369189933993056e-01,-4.880303319979568261e-02,2.920454794598627002e-01,0.000000000000000000e+00,0.000000000000000000e+00,0.000000000000000000e+00
2.125141604107894794e-02,-3.707571329059157483e-02,8.994982175020374005e-01,1.492966424658066435e-02,2.712997633505196196e-02,4.712408549233310096e-01,8.814607910512358702e-01,-1.264994845159380932e-01,8.873615661804606924e-02,1.376929067274564600e-01,1.931596955379066560e-01,-7.503940454699009610e-02,-4.842256865624960244e-02,-2.551832622191879674e-01,-1.858515365236879102e-01,-1.477239681609616717e-01,4.098175663402182090e-01,-2.513364194154137365e-01,1.462128266952511524e-01,-8.768820790741910232e-02,0.000000000000000000e+00,0.000000000000000000e+00,-1.380093321158249176e-01,6.039097234273191894e-01,-1.656021191481700239e-01,2.534005328217545094e-01,0.000000000000000000e+00,0.000000000000000000e+00,0.000000000000000000e+00,-1.386480614257448729e-01,-5.108414072877693890e-01,-3.742277498533048974e-02,3.143489623992442583e-01,0.000000000000000000e+00,0.000000000000000000e+00,0.000000000000000000e+00
2.128201901924484107e-02,-3.718176318204066688e-02,8.988955656226140789e-01,1.672676289347056755e-02,2.718869649356446191e-02,4.706049838493628346e-01,8.817663745926274110e-01,-1.299977758241628034e-01,8.612818880282395451e-02,1.383182971708244724e-01,2.049235173266811261e-01,-8.136319765459019970e-02,-4.913133551649390834e-02,-2.617057934670143360e-01,-1.905695234414619688e-01,-1.450543010727557702e-01,4.262042653170956541e-01,-2.607881672437517007e-01,1.467001940562352169e-01,-8.638522883502773586e-02,0.000000000000000000e+00,0.000000000000000000e+00,-1.355889265576809832e-01,5.951901914489285961e-01,-1.642103137105040411e-01,2.577400714688422023e-01,0.000000000000000000e+00,0.000000000000000000e+00,0.000000000000000000e+00,-1.338661326888066494e-01,-5.070125957574859177e-01,-2.901463986584169874e-02,3.208653901356223748e-01,0.000000000000000000e+00,0.000000000000000000e+00,0.000000000000000000e+00
2.135738315569114809e-02,-3.729436439497920558e-02,8.993174088948298062e-01,1.593467167954882094e-02,2.673727764434441490e-02,4.704755876323785113e-01,8.818638929362060397e-01,-1.257137457096203226e-01,8.751131231953930556e-02,1.371870091504237554e-01,1.955881093928105718e-01,-7.617137580603065838e-02,-4.898237828125741322e-02,-2.562217075909770658e-01,-1.870497205030095533e-01,-1.460307514028865716e-01,4.145668788939093075e-01,-2.543736732492887787e-01,1.449971229976511899e-01,-8.598788812077910737e-02,0.000000000000000000e+00,0.000000000000000000e+00,-1.418426257502417021e-01,5.968092181858508649e-01,-1.705091095347423258e-01,2.672444036336918960e-01,0.000000000000000000e+00,0.000000000000000000e+00,0.000000000000000000e+00,-1.431451360242502469e-01,-5.020084750856438349e-01,-1.558597685684837836e-02,3.459456231855859709e-01,0.000000000000000000e+00,0.000000000000000000e+00,0.000000000000000000e+00
2.136635792471839115e-02,-3.719328142811170052e-02,8.987326435385729617e-01,1.744094375458756299e-02,2.671690508749027804e-02,4.712004110323091410e-01,8.814489169013022263e-01,-1.308204754798296121e-01,8.474097273487335436e-02,1.350573875987621797e-01,2.091640789653491650e-01,-8.279215811306275818e-02,-4.895718971809271541e-02,-2.621360381485328683e-01,-1.915661135371277690e-01,-1.438312457866369187e-01,4.309408368421716040e-01,-2.627513055175613732e-01,1.444756682735827136e-01,-8.481533954800367370e-02,0.000000000000000000e+00,0.000000000000000000e+00,-1.408988088579521680e-01,5.909788011069320168e-01,-1.735252444074452671e-01,2.682051337363849930e-01,0.000000000000000000e+00,0.000000000000000000e+00,0.000000000000000000e+00,-1.374414769378307088e-01,-4.981447784952275915e-01,-8.564816626031304322e-03,3.557712966501038188e-01,0.000000000000000000e+00,0.000000000000000000e+00,0.000000000000000000e+00
2.140001747318398539e-02,-3.702132487584006842e-02,8.993358283771321071e-01,1.582458205668013304e-02,2.641094141282786245e-02,4.713933453436558452e-01,8.813854768159824493e-01,-1.270525375909120624e-01,8.677501643759030769e-02,1.318898941445846573e-01,1.984895191942919190e-01,-7.649417493686619385e-02,-4.836799473654195686e-02,-2.551875782177330798e-01,-1.864669665895906103e-01,-1.457209407753059793e-01,4.150323466774490377e-01,-2.543572650171694316e-01,1.424465717061159098e-01,-8.248612609857670919e-02,0.000000000000000000e+00,0.000000000000000000e+00,-1.496122739214018060e-01,5.907092393663823104e-01,-1.788200697885126145e-01,2.765300954782758946e-01,0.000000000000000000e+00,0.000000000000000000e+00,0.000000000000000000e+00,-1.441323374599521867e-01,-4.942527360674490722e-01,3.797384977146218976e-03,3.822930817183070595e-01,0.000000000000000000e+00,0.000000000000000000e+00,0.000000000000000000e+00
2.133151930568904370e-02,-3.658030503767292080e-02,8.988908848254016926e-01,1.665066931322945962e-02,2.658470551238825003e-02,4.720295299978133352e-01,8.810244783513594413e-01,-1.316220201307284066e-01,8.416520220330817037e-02,1.286308265341303825e-01,2.095007688701560622e-01,-8.335127760109786732e-02,-4.557027297777578589e-02,-2.607713077794116541e-01,-1.889329016798954597e-01,-1.415116756795507524e-01,4.288912181503589105e-01,-2.622800639514736853e-01,1.405863730279382495e-01,-8.103263986912860595e-02,0.000000000000000000e+00,0.000000000000000000e+00,-1.479518133151295212e-01,5.822971123353779532e-01,-1.771614292686402581e-01,2.734606311510618948e-01,0.000000000000000000e+00,0.000000000000000000e+00,0.000000000000000000e+00,-1.373652387841635958e-01,-4.945479028423939161e-01,1.102731289063890556e-02,3.930313804430718427e-01,0.000000000000000000e+00,0.000000000000000000e+00,0.000000000000000000e+00
2.129309236608413480e-02,-3.617856845531298993e-02,8.996792810862623835e-01,1.501233975176170105e-02,2.649023749108361803e-02,4.722845361096917327e-01,8.809200950849612743e-01,-1.238141068401586442e-01,8.538882708036360514e-02,1.264969904850095361e-01,1.898957897462344446e-01,-7.344164891840547493e-02,-4.470195207197098092e-02,-2.517492282494921962e-01,-1.840190174901903120e-01,-1.439710033634837572e-01,4.082629021167358818e-01,-2.524603637723644156e-01,1.385222091981086479e-01,-7.986767851330803247e-02,0.000000000000000000e+00,0.000000000000000000e+00,-1.552689184648747833e-01,5.825783229565951737e-01,-1.799095292505510091e-01,2.806016737557061602e-01,0.000000000000000000e+00,0.000000000000000000e+00,0.000000000000000000e+00,-1.435841005564348072e-01,-4.926772985351107748e-01,2.217439990150520124e-02,4.175519134617771688e-01,0.000000000000000000e+00,0.000000000000000000e+00,0.000000000000000000e+00
2.113623779393624530e-02,-3.559514306895641966e-02,8.990584637566578774e-01,1.673707506362338490e-02,2.704196169297694990e-02,4.724999129140736165e-01,8.807567399244261575e-01,-1.286047441988125706e-01,8.134652356386122551e-02,1.268069587112032881e-01,2.027241312924892847e-01,-8.086730503413734616e-02,-4.363908770845733448e-02,-2.592952713635928164e-01,-1.902506217676432354e-01,-1.413340249229571854e-01,4.265843443169470284e-01,-2.628313182465623621e-01,1.391512424449036778e-01,-7.955388751847468354e-02,0.000000000000000000e+00,0.000000000000000000e+00,-1.524841018766493472e-01,5.767386521604439542e-01,-1.817819631261862745e-01,2.804905063515477637e-01,0.000000000000000000e+00,0.000000000000000000e+00,0.000000000000000000e+00,-1.369382848331449909e-01,-4.900172055604047339e-01,2.850717031489623937e-02,4.259266572710015963e-01,0.000000000000000000e+00,0.000000000000000000e+00,0.000000000000000000e+00
2.098619807615955540e-02,-3.508028427501467400e-02,8.994385858940120437e-01,1.606956829644987789e-02,2.707344091196323480e-02,4.732371290579440726e-01,8.803723175185296235e-01,-1.255285449826823441e-01,8.091775055990099719e-02,1.246166384064601174e-01,1.943436460498634277e-01,-7.564325835442640977e-02,-4.299685894005569192e-02,-2.547059886459627220e-01,-1.891226948023341514e-01,-1.435405091409014400e-01,4.171748143749625104e-01,-2.575778156676744590e-01,1.375286409405893084e-01,-8.012257062861717627e-02,0.000000000000000000e+00,0.000000000000000000e+00,-1.600260280400607749e-01,5.799365788217855089e-01,-1.912082525466123339e-01,2.888394176686266412e-01,0.000000000000000000e+00,0.000000000000000000e+00,0.000000000000000000e+00,-1.411971963407709363e-01,-4.852677394109835562e-01,4.000403436279745956e-02,4.482175571982307538e-01,0.000000000000000000e+00,0.000000000000000000e+00,0.000000000000000000e+00
2.070010156517399988e-02,-3.434730046672583581e-02,8.989623057361638692e-01,1.714069707471237852e-02,2.737511105153323659e-02,4.732627919831629559e-01,8.803289893687531453e-01,-1.297716540082644032e-01,7.773008630801842012e-02,1.234206943102713477e-01,2.057906978353442884e-01,-8.276824483159006540e-02,-4.065433359698138877e-02,-2.608357376316528531e-01,-1.928523189020015238e-01,-1.392824898425174818e-01,4.318547888109447452e-01,-2.654052208184758399e-01,1.376794356157019783e-01,-7.919017193630104035e-02,0.000000000000000000e+00,0.000000000000000000e+00,-1.593210853025996410e-01,5.740639952983941363e-01,-1.914758733900932541e-01,2.894190217253754249e-01,0.000000000000000000e+00,0.000000000000000000e+00,0.000000000000000000e+00,-1.337514313236280172e-01,-4.881481177658066883e-01,5.312921169691482010e-02,4.561583202684719729e-01,0.000000000000000000e+00,0.000000000000000000e+00,0.000000000000000000e+00
2.041566061148002501e-02,-3.373364667489898300e-02,8.994425285267882986e-01,1.646883598566811421e-02,2.670456258859943074e-02,4.730700151986005353e-01,8.804660155271323285e-01,-1.240277051711838052e-01,7.816731725269682185e-02,1.226691219787233722e-01,1.958800278818938478e-01,-7.859615440518259721e-02,-3.915743492393346237e-02,-2.538760388968984705e-01,-1.897858835446162296e-01,-1.387344654738241201e-01,4.190476505652170336e-01,-2.578851872497253117e-01,1.381734149908550036e-01,-8.028991785690192673e-02,0.000000000000000000e+00,0.000000000000000000e+00,-1.635960330075025282e-01,5.740293680338084403e-01,-1.943522127695219426e-01,2.989965187738606867e-01,0.000000000000000000e+00,0.000000000000000000e+00,0.000000000000000000e+00,-1.370518720813440061e-01,-4.857905522385487229e-01,6.821876280715123697e-02,4.724681343660658839e-01,0.000000000000000000e+00,0.000000000000000000e+00,0.000000000000000000e+00
2.012682417244783181e-02,-3.303655727485326626e-02,8.988630150674482566e-01,1.799518621561866857e-02,2.655953708016526443e-02,4.730602194889176326e-01,8.804457921986165170e-01,-1.281065383424336290e-01,7.528057212784181051e-02,1.236000585498184534e-01,2.098345751284620142e-01,-8.633744597771329798e-02,-3.692356350902375323e-02,-2.596298802727092792e-01,-1.946822959603888292e-01,-1.354953356219470439e-01,4.353794251342500421e-01,-2.648896246034888047e-01,1.399642130492655401e-01,-8.099902029767207245e-02,0.000000000000000000e+00,0.000000000000000000e+00,-1.608595583295216735e-01,5.667663421568119864e-01,-1.947887145022236255e-01,3.002918311841690224e-01,0.000000000000000000e+00,0.000000000000000000e+00,0.000000000000000000e+00,-1.294342005723765066e-01,-4.837580112523676146e-01,8.049891190248384398e-02,4.777957942927182344e-01,0.000000000000000000e+00,0.000000000000000000e+00,0.000000000000000000e+00
2.009690455484258384e-02,-3.244973944043392372e-02,8.991613147220913760e-01,1.769391279661849600e-02,2.586733410278926892e-02,4.736528213392752762e-01,8.801538566146858145e-01,-1.235371667990199929e-01,7.543906938877173451e-02,1.226509595630726479e-01,2.027779615858956719e-01,-8.222778432724488218e-02,-3.646355978427379130e-02,-2.540828939987715418e-01,-1.936785310951991690e-01,-1.377266359641035054e-01,4.279363355288079429e-01,-2.602455023135316625e-01,1.386445409114500371e-01,-8.200690576201587201e-02,0.000000000000000000e+00,0.000000000000000000e+00,-1.666634999136707707e-01,5.699796535765788708e-01,-2.043032091782392146e-01,3.081970074050943142e-01,0.000000000000000000e+00,0.000000000000000000e+00,0.000000000000000000e+00,-1.311241348804360052e-01,-4.753382124025768429e-01,9.492072976972865117e-02,4.965172812980602202e-01,0.000000000000000000e+00,0.000000000000000000e+00,0.000000000000000000e+00
2.015568689134148231e-02,-3.170365998810899255e-02,8.993264367872558784e-01,1.776045672908252784e-02,2.580365042548590782e-02,4.720449632329173362e-01,8.810177583272242874e-01,-1.199460618595603323e-01,7.464916476254335187e-02,1.229311502250069188e-01,1.989403103815510498e-01,-8.116395507228085782e-02,-3.488659100181082384e-02,-2.527097502112686245e-01,-1.920247194944269542e-01,-1.331745223838907144e-01,4.254868913532997010e-01,-2.609389196298237956e-01,1.384601793960486826e-01,-8.093555569602667310e-02,0.000000000000000000e+00,0.000000000000000000e+00,-1.661683095708629820e-01,5.676456254084355502e-01,-2.035679055949909111e-01,3.123668361739724841e-01,0.000000000000000000e+00,0.000000000000000000e+00,0.000000000000000000e+00,-1.282065023149533689e-01,-4.668365341588986972e-01,1.028700291066089040e-01,5.068749701453501011e-01,0.000000000000000000e+00,0.000000000000000000e+00,0.000000000000000000e+00
2.025194377186196465e-02,-3.107018597583170033e-02,8.993020281466248544e-01,1.846803778676769578e-02,2.549301858257470993e-02,4.707079622857729406e-01,8.817273114884388585e-01,-1.177622084074421427e-01,7.333816737519566198e-02,1.234424181581080249e-01,2.000067372719847303e-01,-8.248860090222299990e-02,-3.379516874419886963e-02,-2.520967404970366199e-01,-1.921477328445537758e-01,-1.293409913412250922e-01,4.268650761743397748e-01,-2.625334930574008685e-01,1.381970207095937486e-01,-8.127911194889404778e-02,0.000000000000000000e+00,0.000000000000000000e+00,-1.632086464659807390e-01,5.666621644132220359e-01,-2.060510129162402282e-01,3.166349075560893067e-01,0.000000000000000000e+00,0.000000000000000000e+00,0.000000000000000000e+00,-1.275179725306297140e-01,-4.559674784418027982e-01,1.091399849780392284e-01,5.231603260284591883e-01,0.000000000000000000e+00,0.000000000000000000e+00,0.000000000000000000e+00
2.030534651728656617e-02,-3.047850532702595441e-02,8.985914578361738903e-01,2.018668182047908544e-02,2.525328224434717980e-02,4.707923137823377124e-01,8.816514996847897301e-01,-1.242556649939845353e-01,7.067791707447844407e-02,1.229062609692395391e-01,2.198281062700302713e-01,-9.289622204154220075e-02,-3.201501686703523558e-02,-2.576260633511078257e-01,-1.976233755296923356e-01,-1.282982896840201004e-01,4.446362310674543128e-01,-2.719880542517740252e-01,1.385382540632281168e-01,-8.128331361985367820e-02,0.000000000000000000e+00,0.000000000000000000e+00,-1.595560673523590545e-01,5.611510366915449799e-01,-2.113868870474941986e-01,3.186797187890350602e-01,0.000000000000000000e+00,0.000000000000000000e+00,0.000000000000000000e+00,-1.201699132322046892e-01,-4.509388234069988122e-01,1.182214976120132266e-01,5.354768925972221982e-01,0.000000000000000000e+00,0.000000000000000000e+00,0.000000000000000000e+00
2.043396075059909084e-02,-2.988048400693666187e-02,8.989229354789763926e-01,1.858286469034090699e-02,2.472890963990321753e-02,4.689008241706184021e-01,8.827089980622361276e-01,-1.243045641838199100e-01,7.455368700129859361e-02,1.229593534069595567e-01,2.219528023794309357e-01,-9.568101598457529056e-02,-3.146917797071594608e-02,-2.515320711861239733e-01,-1.916541243301090047e-01,-1.274448565493946361e-01,4.307820626499196393e-01,-2.674041166199010444e-01,1.390938345757040673e-01,-7.869172010473174383e-02,0.000000000000000000e+00,0.000000000000000000e+00,-1.633493470427581640e-01,5.647549402522026307e-01,-2.155976827807793983e-01,3.268575916416071592e-01,0.000000000000000000e+00,0.000000000000000000e+00,0.000000000000000000e+00,-1.230200649500653443e-01,-4.463426015625518439e-01,1.317678342811033076e-01,5.567206240464928069e-01,0.000000000000000000e+00,0.000000000000000000e+00,0.000000000000000000e+00
2.046736008716849506e-02,-2.928190972866438757e-02,8.989821415005680993e-01,1.821043546221306347e-02,2.514468148771142539e-02,4.665858481986425166e-01,8.839308634129207087e-01,-1.244523174343979827e-01,7.477797557050953892e-02,1.239021164208859160e-01,2.233561743318041581e-01,-9.794598537277161843e-02,-2.952843318752305241e-02,-2.514410385971577733e-01,-1.891570216637051549e-01,-1.220807353492844860e-01,4.265922169040552991e-01,-2.668036063107636080e-01,1.404767548322979343e-01,-7.692517250742018919e-02,0.000000000000000000e+00,0.000000000000000000e+00,-1.626379036052105209e-01,5.606252798809058246e-01,-2.099856037823965016e-01,3.335679264877026706e-01,0.000000000000000000e+00,0.000000000000000000e+00,0.000000000000000000e+00,-1.223857895476825886e-01,-4.399963921683724966e-01,1.380840802883728791e-01,5.721195683142956678e-01,0.000000000000000000e+00,0.000000000000000000e+00,0.000000000000000000e+00
2.033479449619697912e-02,-2.884006513526253188e-02,8.990014674378326021e-01,1.825009555423190780e-02,2.508563150452580368e-02,4.665390120295583865e-01,8.839564442656463461e-01,-1.251741906647536873e-01,7.401943627941869053e-02,1.223541604076925499e-01,2.255689261193813411e-01,-9.820319170792495000e-02,-2.841105186711165298e-02,-2.504085527084739526e-01,-1.898431258317547221e-01,-1.227883437456639693e-01,4.254446339638122687e-01,-2.656255661706563020e-01,1.401367358279533848e-01,-7.665362021878643906e-02,0.000000000000000000e+00,0.000000000000000000e+00,-1.616106233282601778e-01,5.577934578576740909e-01,-2.127265934701399186e-01,3.365605511367577019e-01,0.000000000000000000e+00,0.000000000000000000e+00,0.000000000000000000e+00,-1.210558595436541374e-01,-4.359413805491797467e-01,1.469651016270472899e-01,5.915438310414611323e-01,0.000000000000000000e+00,0.000000000000000000e+00,0.000000000000000000e+00
2.003626464106778027e-02,-2.842180314062609306e-02,8.988256953086558587e-01,1.845972067245011533e-02,2.420129914404755417e-02,4.651331866885121125e-01,8.847172737510137219e-01,-1.272480109257651815e-01,7.481035455569193249e-02,1.233682668272020055e-01,2.359793947266124181e-01,-1.043619275814242492e-01,-2.657816004947387983e-02,-2.494872946666195079e-01,-1.890707368865892635e-01,-1.203859255803635814e-01,4.265683626872986967e-01,-2.665543517142782148e-01,1.409068457006110997e-01,-7.491749018407849181e-02,0.000000000000000000e+00,0.000000000000000000e+00,-1.627950312806955568e-01,5.548290858786013580e-01,-2.138006403101976316e-01,3.435605812432916961e-01,0.000000000000000000e+00,0.000000000000000000e+00,0.000000000000000000e+00,-1.188532307048291575e-01,-4.319555089527747360e-01,1.543387804980982936e-01,6.073352835712464426e-01,0.000000000000000000e+00,0.000000000000000000e+00,0.000000000000000000e+00
1.962619908849060762e-02,-2.800319083760498262e-02,8.988471055704919666e-01,1.809227728048360892e-02,2.394715652601334122e-02,4.641719940764084673e-01,8.852364447492299115e-01,-1.282907038158139224e-01,7.597273331002167562e-02,1.256939609271679192e-01,2.398165241280175164e-01,-1.062056878066398591e-01,-2.586079671136918418e-02,-2.484712017709102827e-01,-1.883481263103432002e-01,-1.200391589155140465e-01,4.240070230380054705e-01,-2.649459881067841582e-01,1.420361909242415788e-01,-7.215611832345189547e-02,0.000000000000000000e+00,0.000000000000000000e+00,-1.646343138443349119e-01,5.497945233734889969e-01,-2.117642622058631408e-01,3.469454190182735265e-01,0.000000000000000000e+00,0.000000000000000000e+00,0.000000000000000000e+00,-1.163486914405717360e-01,-4.282951667779588689e-01,1.614358709932926794e-01,6.251339430913499529e-01,0.000000000000000000e+00,0.000000000000000000e+00,0.000000000000000000e+00
1.909353227128320063e-02,-2.761819301716053610e-02,8.989907628253006600e-01,1.783107102627633569e-02,2.337586278807251769e-02,4.637108277238829457e-01,8.854986675295460907e-01,-1.289477024953468165e-01,7.584780576805617847e-02,1.235522891179166305e-01,2.429774932315783564e-01,-1.070587551484895872e-01,-2.421294922268730360e-02,-2.450512545746948156e-01,-1.871409893724056139e-01,-1.191518104383798154e-01,4.179653772457063710e-01,-2.611313114175525252e-01,1.427535743507935828e-01,-7.074258626662720262e-02,0.000000000000000000e+00,0.000000000000000000e+00,-1.689148499961364291e-01,5.443321853774318875e-01,-2.153504531418932721e-01,3.580636605886152735e-01,0.000000000000000000e+00,0.000000000000000000e+00,0.000000000000000000e+00,-1.125849458268688985e-01,-4.252515948393569833e-01,1.722898951811480395e-01,6.399054700135511364e-01,0.000000000000000000e+00,0.000000000000000000e+00,0.000000000000000000e+00
1.841655684153790939e-02,-2.724153570002919161e-02,8.989921028454551655e-01,1.751156728968500387e-02,2.244615894748162865e-02,4.640396554960607434e-01,8.853568281131972695e-01,-1.310224539182378023e-01,7.682509107771162693e-02,1.231139364361664712e-01,2.502059550253683540e-01,-1.116340339966618717e-01,-2.326931140495393582e-02,-2.421898556988329176e-01,-1.864996701368724363e-01,-1.194173224557775470e-01,4.150397680906948716e-01,-2.573810188758148265e-01,1.449133979551382456e-01,-6.957394632188433625e-02,0.000000000000000000e+00,0.000000000000000000e+00,-1.716759983798149536e-01,5.381429623005153928e-01,-2.189939608145361483e-01,3.645218658045883964e-01,0.000000000000000000e+00,0.000000000000000000e+00,0.000000000000000000e+00,-1.074687614154350712e-01,-4.185880361868706823e-01,1.725260910957499283e-01,6.570946816251642675e-01,0.000000000000000000e+00,0.000000000000000000e+00,0.000000000000000000e+00
1.781199701042299188e-02,-2.684171093298763980e-02,8.990787185421164063e-01,1.746246495460613765e-02,2.211917618415882789e-02,4.628910673515198027e-01,8.859670784678257416e-01,-1.310367827471899949e-01,7.686703259003853372e-02,1.247288451462223724e-01,2.526742586633513588e-01,-1.133861595717521181e-01,-2.229849971366619846e-02,-2.402340008378371916e-01,-1.859768933066818231e-01,-1.177911930113375027e-01,4.105601118782095105e-01,-2.542594123281954888e-01,1.458412363364242625e-01,-6.698201222384947418e-02,0.000000000000000000e+00,0.000000000000000000e+00,-1.738971464429635017e-01,5.361977269710187510e-01,-2.286175949742628721e-01,3.730838718984307856e-01,0.000000000000000000e+00,0.000000000000000000e+00,0.000000000000000000e+00,-1.046992778928812345e-01,-4.150061722409825737e-01,1.791823956799508122e-01,6.741065309272666894e-01,0.000000000000000000e+00,0.000000000000000000e+00,0.000000000000000000e+00
1.705082253633397049e-02,-2.646109690855252827e-02,8.991674660429047616e-01,1.673860147701367734e-02,2.091678615115659043e-02,4.632732696302760411e-01,8.858104678337089810e-01,-1.328424479421556059e-01,7.883739455984517530e-02,1.240028813583866907e-01,2.593117693625465181e-01,-1.173871451504387015e-01,-2.189480704793564728e-02,-2.355104158156225980e-01,-1.839929590688383909e-01,-1.185425591965714731e-01,4.039202671557262092e-01,-2.481568120644520314e-01,1.476192357600091543e-01,-6.511299500020790998e-02,0.000000000000000000e+00,0.000000000000000000e+00,-1.776646683521340142e-01,5.319613953766983983e-01,-2.361590672861741680e-01,3.817203751141540757e-01,0.000000000000000000e+00,0.000000000000000000e+00,0.000000000000000000e+00,-1.014586637640770145e-01,-4.096432838852060443e-01,1.805738451411372514e-01,6.959916917332916730e-01,0.000000000000000000e+00,0.000000000000000000e+00,0.000000000000000000e+00
1.633569040895054003e-02,-2.610567786014059144e-02,8.993136874764515731e-01,1.658489781122756551e-02,2.052402997645038502e-02,4.623504549039968436e-01,8.863045538685812019e-01,-1.327954881402681475e-01,7.873487480926427695e-02,1.243754941235474809e-01,2.610289488597365426e-01,-1.180560849347887520e-01,-2.133128428232201890e-02,-2.329597188003757202e-01,-1.834733081207688410e-01,-1.177723556031739227e-01,3.985228370567235334e-01,-2.447264212109451498e-01,1.487541335201976178e-01,-6.272008814429635981e-02,0.000000000000000000e+00,0.000000000000000000e+00,-1.781064177613766175e-01,5.265417200993252056e-01,-2.441135924808468249e-01,3.927179861812964967e-01,0.000000000000000000e+00,0.000000000000000000e+00,0.000000000000000000e+00,-9.897897429995400342e-02,-4.053925786397721831e-01,1.860814948578405070e-01,7.155560751753149429e-01,0.000000000000000000e+00,0.000000000000000000e+00,0.000000000000000000e+00
1.558265167862749392e-02,-2.580198510692166200e-02,8.992923841499140813e-01,1.665071826805092359e-02,1.900751671745505231e-02,4.637485277116105142e-01,8.856064424645456734e-01,-1.339671331012651512e-01,7.917766210337509603e-02,1.232484603767421694e-01,2.682927345617810988e-01,-1.224154339110702372e-01,-1.909166883997409289e-02,-2.290101771030682853e-01,-1.836422422959920475e-01,-1.191906069468122858e-01,3.971127434474396867e-01,-2.400897671016581358e-01,1.493373210906875082e-01,-6.226959671935226870e-02,0.000000000000000000e+00,0.000000000000000000e+00,-1.797834229246933480e-01,5.178395226068784885e-01,-2.514848048323169993e-01,4.074913772411449253e-01,0.000000000000000000e+00,0.000000000000000000e+00,0.000000000000000000e+00,-9.538198331542963038e-02,-3.995866113560541666e-01,1.836135082380305483e-01,7.356828396504725420e-01,0.000000000000000000e+00,0.000000000000000000e+00,0.000000000000000000e+00
1.485462837163624081e-02,-2.541364287058926058e-02,8.993390514776982148e-01,1.651562845752064385e-02,1.817174990980676211e-02,4.613848142994397827e-01,8.868602340029353437e-01,-1.329889631518487159e-01,8.051909703260727580e-02,1.266967707621040051e-01,2.715568821333923522e-01,-1.246415473070409397e-01,-1.871095814916954106e-02,-2.273723512203308372e-01,-1.820681124797880746e-01,-1.166468352691037852e-01,3.940297635802055831e-01,-2.378418129678490089e-01,1.502229779274179000e-01,-5.938581392868545750e-02,0.000000000000000000e+00,0.000000000000000000e+00,-1.779815116462445668e-01,5.068342307397328828e-01,-2.534109819189578339e-01,4.270124474379524138e-01,0.000000000000000000e+00,0.000000000000000000e+00,0.000000000000000000e+00,-9.268897784031616960e-02,-3.929656794417558663e-01,1.854418332401411296e-01,7.494102461568034057e-01,0.000000000000000000e+00,0.000000000000000000e+00,0.000000000000000000e+00
1.413613250606981890e-02,-2.504691158290965960e-02,8.994387949217494960e-01,1.637620374688604497e-02,1.730334052626959426e-02,4.620182715870863044e-01,8.865503545073764036e-01,-1.326513751691279497e-01,8.063634667789824906e-02,1.264723306623232735e-01,2.737968790725242574e-01,-1.281513618839547897e-01,-1.741570458180104891e-02,-2.240175910935729986e-01,-1.820113100119128691e-01,-1.177205907762430975e-01,3.907173763018906842e-01,-2.347322144134111888e-01,1.503430195099092204e-01,-5.882480283915268726e-02,0.000000000000000000e+00,0.000000000000000000e+00,-1.755137859746530582e-01,4.920734898975911986e-01,-2.581740694882855847e-01,4.460324382365271623e-01,0.000000000000000000e+00,0.000000000000000000e+00,0.000000000000000000e+00,-8.660575200851960975e-02,-3.866097207076852338e-01,1.857340063817536913e-01,7.589023723291231649e-01,0.000000000000000000e+00,0.000000000000000000e+00,0.000000000000000000e+00
1.341504163408238463e-02,-2.463136242930673986e-02,8.994924459587769761e-01,1.638378372695563703e-02,1.662593915787890023e-02,4.605022769287787088e-01,8.873515665852619305e-01,-1.322631231578408895e-01,8.041102490709360617e-02,1.267746382191622945e-01,2.771847426325443897e-01,-1.318432369638753154e-01,-1.495684293927960345e-02,-2.225077353390431389e-01,-1.809439286453269347e-01,-1.144372068103132190e-01,3.880523263894074537e-01,-2.316962576471564006e-01,1.513700084331208451e-01,-5.744674971484205889e-02,0.000000000000000000e+00,0.000000000000000000e+00,-1.707927059058639285e-01,4.768429887145868018e-01,-2.627080681218021962e-01,4.743520468565742276e-01,0.000000000000000000e+00,0.000000000000000000e+00,0.000000000000000000e+00,-8.543621279766717980e-02,-3.810863871713748852e-01,1.859475811352837571e-01,7.687441728517488970e-01,0.000000000000000000e+00,0.000000000000000000e+00,0.000000000000000000e+00
1.268155537496148955e-02,-2.422181299061984538e-02,8.995265544091469723e-01,1.632216612241333548e-02,1.589849077873963651e-02,4.606470212833265188e-01,8.872909030677766928e-01,-1.312578389643664911e-01,8.040214807154119625e-02,1.277798271224728777e-01,2.782401771916688249e-01,-1.353525422394464550e-01,-1.306711214876396694e-02,-2.206585134024013350e-01,-1.812551638640302332e-01,-1.147733178761269346e-01,3.867454581531529212e-01,-2.290619248654810203e-01,1.520932879447917940e-01,-5.725416265261078913e-02,0.000000000000000000e+00,0.000000000000000000e+00,-1.633443860299052530e-01,4.603689804202623082e-01,-2.665380370884002925e-01,4.966988503477249850e-01,0.000000000000000000e+00,0.000000000000000000e+00,0.000000000000000000e+00,-8.224177924384898364e-02,-3.757155730076320865e-01,1.846677593038844045e-01,7.761795117334250316e-01,0.000000000000000000e+00,0.000000000000000000e+00,0.000000000000000000e+00
1.207772854477005137e-02,-2.371967768980933963e-02,8.996600558522963587e-01,1.622978116204431068e-02,1.575626147810000807e-02,4.602212853980252039e-01,8.875160296548209038e-01,-1.293680606908818587e-01,7.940556189012180910e-02,1.280793506993203601e-01,2.756540436406535455e-01,-1.369468170646857552e-01,-1.102683143684063914e-02,-2.194360192167674473e-01,-1.808244075199170742e-01,-1.122009365389845109e-01,3.837872766934430913e-01,-2.264066028667569286e-01,1.521826298044544612e-01,-5.704409892447438735e-02,0.000000000000000000e+00,0.000000000000000000e+00,-1.555179251188423262e-01,4.430999150578680545e-01,-2.709575251972892174e-01,5.276825235737279129e-01,0.000000000000000000e+00,0.000000000000000000e+00,0.000000000000000000e+00,-8.079089737444924979e-02,-3.715532689857170556e-01,1.865058769555140994e-01,7.836256134981750554e-01,0.000000000000000000e+00,0.000000000000000000e+00,0.000000000000000000e+00
1.144252902220438579e-02,-2.321517709934327323e-02,8.996247074741470229e-01,1.578072851534468093e-02,1.537774687640684063e-02,4.598361135988172088e-01,8.877303882028975135e-01,-1.300806060544174858e-01,8.047165722435943580e-02,1.304379499994901825e-01,2.785510995054399919e-01,-1.395665709389094511e-01,-9.613945402195999204e-03,-2.186162713772618615e-01,-1.800150336179009436e-01,-1.106647380651615553e-01,3.817043420382787988e-01,-2.230791117709747251e-01,1.544003888512471556e-01,-5.572840263205718070e-02,0.000000000000000000e+00,0.000000000000000000e+00,-1.476614349006073190e-01,4.235113431175653309e-01,-2.733553634352237638e-01,5.625656352251827697e-01,0.000000000000000000e+00,0.000000000000000000e+00,0.000000000000000000e+00,-7.608163880060229978e-02,-3.672544157866451942e-01,1.839593143183190505e-01,7.854992713767093848e-01,0.000000000000000000e+00,0.000000000000000000e+00,0.000000000000000000e+00
1.091859803772839838e-02,-2.263675633090090483e-02,8.998355847282675235e-01,1.556713722319711529e-02,1.537023535781245273e-02,4.589741776054958033e-01,8.881802319321678851e-01,-1.274358091986730890e-01,8.032406257882288014e-02,1.332058887293371130e-01,2.740026323600979752e-01,-1.380473420722294620e-01,-8.728579886786208900e-03,-2.162690015436987689e-01,-1.802204458140623244e-01,-1.110450939216030275e-01,3.755126602062132113e-01,-2.177908414435633100e-01,1.554823714816673530e-01,-5.525866375590348517e-02,0.000000000000000000e+00,0.000000000000000000e+00,-1.357192998532711359e-01,4.041367910198584434e-01,-2.797961690338228724e-01,5.995037677120276243e-01,0.000000000000000000e+00,0.000000000000000000e+00,0.000000000000000000e+00,-7.111228141779477041e-02,-3.627616795709732167e-01,1.816454439308933244e-01,7.803831198524658896e-01,0.000000000000000000e+00,0.000000000000000000e+00,0.000000000000000000e+00
1.040079767536795582e-02,-2.194919309506955171e-02,8.997534679910843547e-01,1.523582803783181741e-02,1.570006426541400990e-02,4.568374651318038437e-01,8.892811186447244776e-01,-1.277291797218746416e-01,8.095705245946158146e-02,1.374376829965293367e-01,2.758001124038969021e-01,-1.408753983914007579e-01,-9.679574883383473827e-03,-2.175484913779308083e-01,-1.794405379093353681e-01,-1.069002500031447367e-01,3.743388060186303434e-01,-2.179095354674417118e-01,1.590479825781748180e-01,-5.749437319841632643e-02,0.000000000000000000e+00,0.000000000000000000e+00,-1.210052643093044167e-01,3.862601356643713957e-01,-2.849452851579019064e-01,6.405348948376278218e-01,0.000000000000000000e+00,0.000000000000000000e+00,0.000000000000000000e+00,-6.889005375323262181e-02,-3.592616222780107282e-01,1.868904552148625553e-01,7.715500615140460372e-01,0.000000000000000000e+00,0.000000000000000000e+00,0.000000000000000000e+00
9.880874438212360056e-03,-2.124642194854142394e-02,8.999365502945476658e-01,1.509419188920859203e-02,1.633529485513868229e-02,4.555405170699962092e-01,8.899371667824697019e-01,-1.239476176235674576e-01,8.020674139603846398e-02,1.425992198461963345e-01,2.674909182815328745e-01,-1.392225616958848722e-01,-9.426441717747303245e-03,-2.174765046102117294e-01,-1.800121232065141630e-01,-1.047213024774423795e-01,3.699454291190359401e-01,-2.140674442976732983e-01,1.625283421753346003e-01,-6.001560181405649758e-02,0.000000000000000000e+00,0.000000000000000000e+00,-1.074837969901273338e-01,3.651802281706101883e-01,-2.923324104587317063e-01,6.853095867447591694e-01,0.000000000000000000e+00,0.000000000000000000e+00,0.000000000000000000e+00,-6.116717261567362895e-02,-3.538550315400215696e-01,1.851662406343955736e-01,7.465627610305078932e-01,0.000000000000000000e+00,0.000000000000000000e+00,0.000000000000000000e+00
9.380995642034206661e-03,-2.046986322964296223e-02,8.998867823839113989e-01,1.489403249484131872e-02,1.826690371828496723e-02,4.538099782667831539e-01,8.907867262426472088e-01,-1.252973030175549563e-01,7.847888105359786259e-02,1.475547452622578692e-01,2.649157699681149447e-01,-1.397660849123978366e-01,-9.336844040901334796e-03,-2.231381263400096793e-01,-1.820710312959281096e-01,-1.014967694952073063e-01,3.719662173502212843e-01,-2.148491475038576404e-01,1.666899210791707442e-01,-6.324205767517694643e-02,0.000000000000000000e+00,0.000000000000000000e+00,-9.695016531548261707e-02,3.429991879668717325e-01,-2.985472499410928848e-01,7.337907832697000421e-01,0.000000000000000000e+00,0.000000000000000000e+00,0.000000000000000000e+00,-5.553282396547123967e-02,-3.475862395026910190e-01,1.818609497551810228e-01,7.085272082870043286e-01,0.000000000000000000e+00,0.000000000000000000e+00,0.000000000000000000e+00
8.644469060958625412e-03,-1.967609763497504827e-02,8.998303382246543025e-01,1.472711850973522536e-02,1.932698340484486840e-02,4.519472562366840807e-01,8.917136632759441461e-01,-1.250615830433539077e-01,7.828919753655785851e-02,1.557045456578124987e-01,2.629113828956696763e-01,-1.408756582755078257e-01,-9.129950843284738438e-03,-2.269555978708853727e-01,-1.835416803248221262e-01,-9.840141040514639725e-02,3.728787624928395772e-01,-2.129960298408624386e-01,1.712455832464208350e-01,-6.833212298344092106e-02,0.000000000000000000e+00,0.000000000000000000e+00,-8.968319292364342055e-02,3.242685980466247786e-01,-3.049124936928606089e-01,7.770747835970605033e-01,0.000000000000000000e+00,0.000000000000000000e+00,0.000000000000000000e+00,-4.967026412954585191e-02,-3.430617511972828271e-01,1.794233780546058143e-01,6.585142818431682921e-01,0.000000000000000000e+00,0.000000000000000000e+00,0.000000000000000000e+00
7.699215608879267023e-03,-1.893384943746626373e-02,9.000051010152618769e-01,1.510463972138425745e-02,2.046344697765980353e-02,4.497441486614667250e-01,8.927952161282307619e-01,-1.213747741025513749e-01,7.582207182532962886e-02,1.631304212092521411e-01,2.539137019753492930e-01,-1.372548244243742555e-01,-8.701919552592803780e-03,-2.297302826038199741e-01,-1.861415114136097670e-01,-9.491729866547736483e-02,3.711906336133671824e-01,-2.079822814506118445e-01,1.764097406426134995e-01,-7.553911719123711233e-02,0.000000000000000000e+00,0.000000000000000000e+00,-8.737452507783240174e-02,3.076709603937236026e-01,-3.133786857352025002e-01,8.219281296319517205e-01,0.000000000000000000e+00,0.000000000000000000e+00,0.000000000000000000e+00,-3.776858175615267765e-02,-3.362935213633056475e-01,1.770156742653319071e-01,5.812200199753189134e-01,0.000000000000000000e+00,0.000000000000000000e+00,0.000000000000000000e+00
6.489074864842702718e-03,-1.822070267752938511e-02,8.998429364090869687e-01,1.578253645138029751e-02,2.175974874975299470e-02,4.468105382034213702e-01,8.942246741327816162e-01,-1.217076801307473699e-01,7.358742862511885585e-02,1.723067954904059507e-01,2.535031443950263030e-01,-1.362209756657039306e-01,-9.721388264953882696e-03,-2.361921244655600660e-01,-1.899769995163245739e-01,-9.022070435731051330e-02,3.759046558676171768e-01,-2.072271725079299631e-01,1.840319691479966602e-01,-8.420453745867589879e-02,0.000000000000000000e+00,0.000000000000000000e+00,-8.612015495434906243e-02,2.909963540163755247e-01,-3.138733769464730483e-01,8.604953281592362391e-01,0.000000000000000000e+00,0.000000000000000000e+00,0.000000000000000000e+00,-2.173780519826740143e-02,-3.258252149722512536e-01,1.733218037603059258e-01,4.779230067319398811e-01,0.000000000000000000e+00,0.000000000000000000e+00,0.000000000000000000e+00
4.949375049673247935e-03,-1.761982401023003131e-02,8.997738328369436767e-01,1.683317356851452007e-02,2.293131456916540356e-02,4.449841449970362572e-01,8.950865375934331514e-01,-1.204386131242823066e-01,7.033989450838921964e-02,1.830196846944413536e-01,2.495652639101731407e-01,-1.337279778852188961e-01,-9.165253283037466669e-03,-2.416057882680964219e-01,-1.962153634548345349e-01,-8.910979054542259026e-02,3.797640114346574891e-01,-2.024502933150534867e-01,1.931039678918655966e-01,-9.507906248747312328e-02,0.000000000000000000e+00,0.000000000000000000e+00,-9.025644036188076869e-02,2.765896893643146615e-01,-3.226066872643896244e-01,9.060305631873246668e-01,0.000000000000000000e+00,0.000000000000000000e+00,0.000000000000000000e+00,-1.379428738985732233e-03,-3.124122474059615739e-01,1.704632745702901464e-01,3.637287813624403010e-01,0.000000000000000000e+00,0.000000000000000000e+00,0.000000000000000000e+00
2.993115672800598839e-03,-1.712063979775918163e-02,8.997307083919469095e-01,1.814934856244488498e-02,2.460051804200741321e-02,4.415732448516950237e-01,8.967042350128442418e-01,-1.182548530572248568e-01,6.487918474035359040e-02,1.918886592259403945e-01,2.417682713803780969e-01,-1.282825139633781975e-01,-9.547299809333711570e-03,-2.486476926535432230e-01,-2.027572372520413391e-01,-8.555055602478876808e-02,3.826967910268270767e-01,-1.985483479619336855e-01,2.028880533632101690e-01,-1.073421718002572217e-01,0.000000000000000000e+00,0.000000000000000000e+00,-9.181331625158201115e-02,2.623348236179832704e-01,-3.274259752891293118e-01,9.468586217379050263e-01,0.000000000000000000e+00,0.000000000000000000e+00,0.000000000000000000e+00,1.807373171852942606e-02,-3.041241476945609756e-01,1.768744710884183335e-01,2.407296535110206581e-01,0.000000000000000000e+00,0.000000000000000000e+00,0.000000000000000000e+00
5.096616135403992699e-04,-1.687978583502772537e-02,8.996062904310285768e-01,1.980895495082147031e-02,2.619790624686285999e-02,4.391215173602533994e-01,8.978271370387883588e-01,-1.154083753117613187e-01,5.749468447248416714e-02,1.988845377366880718e-01,2.310511181549401438e-01,-1.217289129691469934e-01,-8.942531109260418512e-03,-2.556113944977416730e-01,-2.108273906613175042e-01,-8.248779478032666757e-02,3.857740476589880396e-01,-1.950505184849385676e-01,2.142361521069253427e-01,-1.191311975832703568e-01,0.000000000000000000e+00,0.000000000000000000e+00,-9.606754176156380443e-02,2.487787941086388455e-01,-3.328477174808759376e-01,9.846931466140684819e-01,0.000000000000000000e+00,0.000000000000000000e+00,0.000000000000000000e+00,3.946260370097675468e-02,-2.958542705335523992e-01,1.831634215577037372e-01,9.015864137811235857e-02,0.000000000000000000e+00,0.000000000000000000e+00,0.000000000000000000e+00
-2.336060966255134545e-03,-1.701980381228032288e-02,8.994768318162439380e-01,2.195399264320108124e-02,2.801799405685556285e-02,4.378551512364338150e-01,8.983406262391628871e-01,-1.136978516986269783e-01,4.781138524548428359e-02,2.036732141664128470e-01,2.196956468783062000e-01,-1.133594085305559412e-01,-4.301398163980083532e-03,-2.640536432645162468e-01,-2.210110410259936431e-01,-8.012604635593870150e-02,3.913912964824209917e-01,-1.914067351557351693e-01,2.253245394206851160e-01,-1.294525717756701000e-01,0.000000000000000000e+00,0.000000000000000000e+00,-9.902849457598689176e-02,2.371952610066830613e-01,-3.408982710537995509e-01,1.010293374050246440e+00,0.000000000000000000e+00,0.000000000000000000e+00,0.000000000000000000e+00,6.243369944915128089e-02,-2.800105911667937209e-01,1.741732638888286444e-01,-5.977990794283553899e-02,0.000000000000000000e+00,0.000000000000000000e+00,0.000000000000000000e+00
-5.820857406925084368e-03,-1.761473213744299549e-02,8.992321414800402701e-01,2.474769318745058747e-02,2.809417219010393665e-02,4.358753858870443310e-01,8.992279561649938469e-01,-1.115122146512628198e-01,3.923724180348065610e-02,2.098884901082759546e-01,2.143689389832649228e-01,-1.066374233948263889e-01,1.652668797770174072e-03,-2.707701294240291157e-01,-2.301424831942874005e-01,-7.583286097559610583e-02,3.988505424930770538e-01,-1.874847868289971631e-01,2.332510792793982546e-01,-1.387632430987949805e-01,0.000000000000000000e+00,0.000000000000000000e+00,-9.899171898074771159e-02,2.264167287421041952e-01,-3.526371616903273276e-01,1.031505246276124055e+00,0.000000000000000000e+00,0.000000000000000000e+00,0.000000000000000000e+00,7.394036303635931340e-02,-2.724818158577669847e-01,1.695977788809497067e-01,-1.894986087660122109e-01,0.000000000000000000e+00,0.000000000000000000e+00,0.000000000000000000e+00
-9.894889013863344962e-03,-1.875217551434467736e-02,8.987500538683591556e-01,2.800144940817131389e-02,2.733217320979954013e-02,4.347715184983758641e-01,8.996902788411613727e-01,-1.117197560052486105e-01,2.989361472159357894e-02,2.121548329419203627e-01,2.160697619130000913e-01,-1.068731397523710464e-01,9.289560061873536334e-03,-2.785075624457759580e-01,-2.391867245139269460e-01,-6.900676969042277009e-02,4.112894116868000549e-01,-1.855491999643111567e-01,2.400943799711301174e-01,-1.483618629177367310e-01,0.000000000000000000e+00,0.000000000000000000e+00,-9.798817274098908792e-02,2.172311102443017505e-01,-3.634758979347326169e-01,1.045499865778308779e+00,0.000000000000000000e+00,0.000000000000000000e+00,0.000000000000000000e+00,7.387863225077201390e-02,-2.599379901384614167e-01,1.645745916849568613e-01,-3.233998881107324475e-01,0.000000000000000000e+00,0.000000000000000000e+00,0.000000000000000000e+00
-1.454256375556710508e-02,-2.053976899826307281e-02,8.981657267212563855e-01,3.098808296880038726e-02,2.653504841566449446e-02,4.331909175264276324e-01,9.003783976151963353e-01,-1.161142208362905964e-01,2.200006254077418316e-02,2.159269533799397234e-01,2.241254879356327501e-01,-1.095659537655416377e-01,1.974664982463644053e-02,-2.876592924961847708e-01,-2.460162652214793189e-01,-5.849536921580585080e-02,4.223419258763682627e-01,-1.821383764793379212e-01,2.445216736397921586e-01,-1.540287063397045852e-01,0.000000000000000000e+00,0.000000000000000000e+00,-9.882074731193010719e-02,2.120808431434093866e-01,-3.759638564290157525e-01,1.053307112535251777e+00,0.000000000000000000e+00,0.000000000000000000e+00,0.000000000000000000e+00,6.652252142744004282e-02,-2.445994168464449281e-01,1.583046673347933420e-01,-4.526506849081267658e-01,0.000000000000000000e+00,0.000000000000000000e+00,0.000000000000000000e+00
-1.979729841208163060e-02,-2.292362136195345151e-02,8.972308170072521571e-01,3.494281597464878736e-02,2.349069540793839728e-02,4.307894586418373195e-01,9.014697050728247563e-01,-1.193947491772056335e-01,1.640268748238717794e-02,2.236414487896119518e-01,2.403882716642581907e-01,-1.165524715111460607e-01,2.694963977589265314e-02,-2.956283416193801750e-01,-2.525842372900967692e-01,-4.696589652039410284e-02,4.389583766244385954e-01,-1.797927120079874652e-01,2.509230011052666076e-01,-1.608087473344428919e-01,0.000000000000000000e+00,0.000000000000000000e+00,-9.729025982899308644e-02,2.022964919310751286e-01,-3.850903380638174833e-01,1.068128253599271771e+00,0.000000000000000000e+00,0.000000000000000000e+00,0.000000000000000000e+00,4.690789261871099874e-02,-2.373365268214354673e-01,1.703230917308078962e-01,-5.491606570300693324e-01,0.000000000000000000e+00,0.000000000000000000e+00,0.000000000000000000e+00
-2.541038921610904583e-02,-2.609130124718277849e-02,8.965890738116649716e-01,3.850649292507284105e-02,2.181506569740250187e-02,4.293879301278347160e-01,9.020351203649239480e-01,-1.217223349811761141e-01,8.345310694318573003e-03,2.280106667738918680e-01,2.440541452214395890e-01,-1.161197566521391389e-01,3.323401755373229377e-02,-3.041822022941104153e-01,-2.604586400718681971e-01,-3.963796286355771026e-02,4.488909629063654316e-01,-1.724173967310731193e-01,2.550873828318381831e-01,-1.663853213014382382e-01,0.000000000000000000e+00,0.000000000000000000e+00,-9.972949831905146556e-02,1.947623598594097061e-01,-3.912009671200590288e-01,1.081923675796718776e+00,0.000000000000000000e+00,0.000000000000000000e+00,0.000000000000000000e+00,2.484633957567626561e-02,-2.132689001259891470e-01,1.781079368817598818e-01,-6.488326641752510948e-01,0.000000000000000000e+00,0.000000000000000000e+00,0.000000000000000000e+00
-3.140848561088115803e-02,-2.976710228962272872e-02,8.954714977999456149e-01,4.351695199216702031e-02,1.910637791314496667e-02,4.271225453067886701e-01,9.029438257737860685e-01,-1.237478227478968629e-01,-8.690260479877164046e-05,2.350347569281155680e-01,2.533990587048421395e-01,-1.179745346541989370e-01,3.807269825383505224e-02,-3.148489344293986525e-01,-2.688895229457584635e-01,-2.722225736362789833e-02,4.667780646723954097e-01,-1.703643043057424256e-01,2.582896080148185392e-01,-1.727270911181387758e-01,0.000000000000000000e+00,0.000000000000000000e+00,-9.919559415255450874e-02,1.891891189762545389e-01,-4.019671632390632299e-01,1.089582143577430884e+00,0.000000000000000000e+00,0.000000000000000000e+00,0.000000000000000000e+00,-4.792251642824103819e-03,-1.884253654794549870e-01,1.968907938325044626e-01,-7.371819792553404582e-01,0.000000000000000000e+00,0.000000000000000000e+00,0.000000000000000000e+00
-3.735166762875901519e-02,-3.440851934138043633e-02,8.943527438137565122e-01,4.752050698477245511e-02,1.447878803642158041e-02,4.265446789635158331e-01,9.031012141287472206e-01,-1.280578178212284646e-01,-2.122579826891391602e-03,2.444925513842737819e-01,2.715824768699410807e-01,-1.226017427264898541e-01,4.521057243026564698e-02,-3.224636306800047203e-01,-2.741392856142862433e-01,-2.202100176099718726e-02,4.842311797630390879e-01,-1.564014174462910467e-01,2.617914707610278224e-01,-1.786712662484522540e-01,0.000000000000000000e+00,0.000000000000000000e+00,-1.020249288873529281e-01,1.853242771405391731e-01,-4.232687111711351813e-01,1.098514892756132344e+00,0.000000000000000000e+00,0.000000000000000000e+00,0.000000000000000000e+00,-3.741946927810209378e-02,-1.694937803543267729e-01,2.293735305896408838e-01,-8.158482892587779478e-01,0.000000000000000000e+00,0.000000000000000000e+00,0.000000000000000000e+00
-4.296319838016078585e-02,-3.955454618502642072e-02,8.933233248598525522e-01,4.937075470486488454e-02,1.035947999117979579e-02,4.226484710944678480e-01,9.048886559327024015e-01,-1.355584579409060686e-01,2.315284796537777495e-03,2.557384331954474233e-01,2.919625954027709747e-01,-1.272256324127197524e-01,4.978504813961558834e-02,-3.308418954926422573e-01,-2.720912835645037942e-01,-1.840956882006845180e-02,4.938608665473461223e-01,-1.418101021706529852e-01,2.617999999466922301e-01,-1.849990093547795589e-01,0.000000000000000000e+00,0.000000000000000000e+00,-1.018997479264816819e-01,1.833419778742669537e-01,-4.467668595145937172e-01,1.106689586696528060e+00,0.000000000000000000e+00,0.000000000000000000e+00,0.000000000000000000e+00,-7.644553407741394579e-02,-1.572564343316116553e-01,2.520517035745720724e-01,-8.676415185319643619e-01,0.000000000000000000e+00,0.000000000000000000e+00,0.000000000000000000e+00
-4.848045487674385035e-02,-4.485377697207516140e-02,8.922833145727577797e-01,5.100107070925848085e-02,6.493647526876844198e-03,4.185341098013791172e-01,9.067446841647721634e-01,-1.434961172887342928e-01,7.010926245506993865e-03,2.649148122618678602e-01,3.110970484133073199e-01,-1.302033579504149607e-01,5.271052755951909780e-02,-3.392011623661215225e-01,-2.693051382949233630e-01,-1.458897230277388796e-02,5.015006335980257690e-01,-1.253288834544183938e-01,2.617999999999996441e-01,-1.860924149697111840e-01,0.000000000000000000e+00,0.000000000000000000e+00,-1.048458203852862675e-01,1.820781359036590386e-01,-4.719410817217744580e-01,1.114321635052770709e+00,0.000000000000000000e+00,0.000000000000000000e+00,0.000000000000000000e+00,-1.097844879787942263e-01,-1.351351709576663063e-01,2.847500492366608627e-01,-9.024426307166745209e-01,0.000000000000000000e+00,0.000000000000000000e+00,0.000000000000000000e+00
-5.367108048337217163e-02,-4.999127982823343974e-02,8.914512745711919983e-01,5.164595043291345111e-02,4.032698463084113082e-03,4.125639355502743744e-01,9.094544695751711760e-01,-1.512452315389202218e-01,1.255977650975831014e-02,2.739480025923005102e-01,3.245219973223165133e-01,-1.333511933088503132e-01,5.141700587328097011e-02,-3.485359941297652697e-01,-2.655474095423197567e-01,-1.329948364990759385e-02,5.036305056335741437e-01,-1.100028560952740070e-01,2.617999999999999772e-01,-1.863741741323506340e-01,0.000000000000000000e+00,0.000000000000000000e+00,-1.070077211871078571e-01,1.835620348449496786e-01,-4.978135253359263213e-01,1.117817162381108398e+00,0.000000000000000000e+00,0.000000000000000000e+00,0.000000000000000000e+00,-1.450149143692310016e-01,-1.127767411231018896e-01,3.091833423320297092e-01,-9.291641115276741969e-01,0.000000000000000000e+00,0.000000000000000000e+00,0.000000000000000000e+00
-5.851286024956472986e-02,-5.467213497085136875e-02,8.910646162937968517e-01,5.120551029008285626e-02,3.646691845765564002e-03,4.067761271559480196e-01,9.120843599856991446e-01,-1.598356568647740505e-01,1.719449884906990370e-02,2.823924298552344947e-01,3.293886454036755729e-01,-1.311719872203187531e-01,5.284209488943781424e-02,-3.594284382192685645e-01,-2.620338598913999895e-01,-1.110497292479360743e-02,5.025272209604417784e-01,-9.695132832416979152e-02,2.617999999999999772e-01,-1.862986548219713323e-01,0.000000000000000000e+00,0.000000000000000000e+00,-1.112417704546687092e-01,1.839156790957659493e-01,-5.194702296964475163e-01,1.126137656904002249e+00,0.000000000000000000e+00,0.000000000000000000e+00,0.000000000000000000e+00,-1.691239424453737650e-01,-8.517713457102914221e-02,3.343017686195811078e-01,-9.503467776173276649e-01,0.000000000000000000e+00,0.000000000000000000e+00,0.000000000000000000e+00
-6.351691976789552996e-02,-5.836223065372685842e-02,8.909296996156519377e-01,5.124969336575538326e-02,3.735734828881578495e-03,4.028986511897501566e-01,9.138009575857777289e-01,-1.668822728880854367e-01,1.851540757556552341e-02,2.910341881731623448e-01,3.305117533796241847e-01,-1.287348576728215288e-01,5.629051835789181113e-02,-3.674657475100788218e-01,-2.695409345510314525e-01,-1.381436650974240087e-02,5.047061023740133656e-01,-9.179263304034145088e-02,2.617999999999999772e-01,-1.852155145980657336e-01,0.000000000000000000e+00,0.000000000000000000e+00,-1.176474590892787053e-01,1.853476231308581190e-01,-5.380088825092151916e-01,1.132831996592685631e+00,0.000000000000000000e+00,0.000000000000000000e+00,0.000000000000000000e+00,-1.875980888346126252e-01,-6.333308339076704208e-02,3.611548436992779720e-01,-9.625027481511340133e-01,0.000000000000000000e+00,0.000000000000000000e+00,0.000000000000000000e+00
-6.988242651612583400e-02,-5.967765448119733557e-02,8.907077163632184380e-01,5.311932372889281717e-02,4.189861094269485033e-03,3.963596642756729849e-01,9.165477614646557747e-01,-1.711586168069591796e-01,1.438668285840281023e-02,3.064698691299702071e-01,3.312955152240230072e-01,-1.276264245878173942e-01,6.278309869621818973e-02,-3.758666579066048397e-01,-3.076355152907361834e-01,-3.178077702624774320e-02,5.206797385091802566e-01,-9.781151751145658602e-02,2.617986738255491108e-01,-1.833179114375940166e-01,0.000000000000000000e+00,0.000000000000000000e+00,-1.212464678711216715e-01,1.853618413292871803e-01,-5.558215869069949022e-01,1.136457206495508299e+00,0.000000000000000000e+00,0.000000000000000000e+00,0.000000000000000000e+00,-2.045274539352185117e-01,-3.986183365849508414e-02,3.809997240360352699e-01,-9.716158391591809274e-01,0.000000000000000000e+00,0.000000000000000000e+00,0.000000000000000000e+00
-7.460213097991752473e-02,-6.237311521195364888e-02,8.908354994875525845e-01,5.316196938570088432e-02,4.634402635315463571e-03,3.863474062146742272e-01,9.208083454413524827e-01,-1.748502832198996770e-01,1.889789238164936783e-02,3.257718435398035961e-01,3.305925325399347581e-01,-1.248680511053952974e-01,6.830329364193775399e-02,-3.854696154304533273e-01,-3.700386983076985326e-01,-9.710178990875314997e-02,5.527981336659977263e-01,-1.112907588823528610e-01,2.155669847319783006e-01,-1.731764621531175219e-01,0.000000000000000000e+00,0.000000000000000000e+00,-1.231753914788929205e-01,1.906618635472863976e-01,-5.791382889830295477e-01,1.137030222350748687e+00,0.000000000000000000e+00,0.000000000000000000e+00,0.000000000000000000e+00,-2.179986916474918046e-01,-1.515803414730049203e-02,4.086466988208784512e-01,-9.793381262262277343e-01,0.000000000000000000e+00,0.000000000000000000e+00,0.000000000000000000e+00
-7.818957043093405224e-02,-6.579769571675993245e-02,8.912108373576007603e-01,5.163577467593770398e-02,3.988365969261374946e-03,3.775792694736828103e-01,9.245278443477141783e-01,-1.763833888230475488e-01,2.934108921705301867e-02,3.439399283739051350e-01,3.282028476137889283e-01,-1.201542317074431598e-01,7.039842464132736732e-02,-3.876418826560563136e-01,-4.114095167020749289e-01,-1.518761782425872009e-01,5.699114307592971773e-01,-1.205733406193932600e-01,1.908122628275892574e-01,-1.665648564705123347e-01,0.000000000000000000e+00,0.000000000000000000e+00,-1.249232643461719722e-01,1.987896084310109002e-01,-5.958859302983574580e-01,1.137543171529514341e+00,0.000000000000000000e+00,0.000000000000000000e+00,0.000000000000000000e+00,-2.383777958765692651e-01,2.423741674783975314e-03,4.263950376473433224e-01,-9.881243225280218478e-01,0.000000000000000000e+00,0.000000000000000000e+00,0.000000000000000000e+00
-8.120419289529270945e-02,-6.944616086309361724e-02,8.916741000168845188e-01,5.006617711982524338e-02,2.508896543865327816e-03,3.704981161229077835e-01,9.274795034371998703e-01,-1.756645943680609501e-01,3.923117947324067378e-02,3.567615022354241883e-01,3.232865889603653842e-01,-1.135195183967399463e-01,7.307807773500463178e-02,-3.830472256909261963e-01,-4.264651460526494020e-01,-1.816121880431095237e-01,5.737042227470569022e-01,-1.249559202982870876e-01,1.856900287789545190e-01,-1.648082917888955556e-01,0.000000000000000000e+00,0.000000000000000000e+00,-1.237566186240519339e-01,2.075764690956851954e-01,-6.127142529962642525e-01,1.137634251481256076e+00,0.000000000000000000e+00,0.000000000000000000e+00,0.000000000000000000e+00,-2.567441496874872664e-01,1.654762343934763208e-02,4.315849288111653914e-01,-9.901489062775485905e-01,0.000000000000000000e+00,0.000000000000000000e+00,0.000000000000000000e+00
-8.356320218074315964e-02,-7.297019107452677733e-02,8.915917185128846567e-01,5.034950863332371407e-02,1.283181109103444803e-03,3.603003611076339152e-01,9.314756734409830319e-01,-1.743767085746791290e-01,4.790897733878239639e-02,3.733178832812150683e-01,3.244623134862045788e-01,-1.134869968027633208e-01,7.498212458512322487e-02,-3.751643048825660243e-01,-4.458876260285909998e-01,-2.134038323438872675e-01,5.867370135258647146e-01,-1.297215793223888691e-01,1.896553563468401926e-01,-1.610571112018838180e-01,0.000000000000000000e+00,0.000000000000000000e+00,-1.203252039307953630e-01,2.113376099024466548e-01,-6.211952544991121705e-01,1.142263251918497646e+00,0.000000000000000000e+00,0.000000000000000000e+00,0.000000000000000000e+00,-2.768324104634197202e-01,2.544302602932071999e-02,4.372091176622043829e-01,-9.970388350359542518e-01,0.000000000000000000e+00,0.000000000000000000e+00,0.000000000000000000e+00
-8.525106200114565547e-02,-7.665992231974962101e-02,8.913808676181400603e-01,5.111461992722893949e-02,5.128160548449067508e-04,3.490833545728762033e-01,9.356964487532993813e-01,-1.726113328143003001e-01,5.610812006427384757e-02,3.898173513619329622e-01,3.251682646099559038e-01,-1.119412856582283622e-01,7.679033005864800698e-02,-3.648465530581720961e-01,-4.686110712252510857e-01,-2.498282319693753695e-01,6.011502275549073238e-01,-1.343992820899017337e-01,1.906390070615286425e-01,-1.544490477892936919e-01,0.000000000000000000e+00,0.000000000000000000e+00,-1.157516331192587067e-01,2.179380762546086758e-01,-6.309981867518449361e-01,1.142881199139389237e+00,0.000000000000000000e+00,0.000000000000000000e+00,0.000000000000000000e+00,-2.949533560675740573e-01,4.057021574247685752e-02,4.426519631878355066e-01,-1.004378174962647030e+00,0.000000000000000000e+00,0.000000000000000000e+00,0.000000000000000000e+00
-8.648062529901916207e-02,-8.054539971530076670e-02,8.909554297470361206e-01,5.170285463617425858e-02,-1.316370699411945327e-03,3.368273501623271216e-01,9.401448921167825379e-01,-1.697039031367719442e-01,6.899294956059361106e-02,4.111895633046691589e-01,3.309030165248452171e-01,-1.110547782991937599e-01,7.918498411367506928e-02,-3.505872575138324065e-01,-4.933533777123547126e-01,-2.930964580959395382e-01,6.140004398839106203e-01,-1.349435848183017095e-01,1.949208808042417751e-01,-1.464306393537351814e-01,0.000000000000000000e+00,0.000000000000000000e+00,-1.093435888162818670e-01,2.238870894051115945e-01,-6.337560308831027278e-01,1.142989414303751117e+00,0.000000000000000000e+00,0.000000000000000000e+00,0.000000000000000000e+00,-3.085725157891250348e-01,4.529170346083672555e-02,4.426512380674203495e-01,-1.009858116079159318e+00,0.000000000000000000e+00,0.000000000000000000e+00,0.000000000000000000e+00
-8.693178150498795387e-02,-8.462817944655066926e-02,8.903000969936798459e-01,5.314098538942853278e-02,-2.924883435493442606e-03,3.243423494687327491e-01,9.444413804306920346e-01,-1.675395534476233905e-01,8.067619580681623104e-02,4.301368648276959750e-01,3.394100533920195173e-01,-1.093474530405259409e-01,8.394940844703548122e-02,-3.363575962117590912e-01,-5.144766357331858053e-01,-3.259650084161853090e-01,6.298985085418010721e-01,-1.366246359392668808e-01,1.975749262269317352e-01,-1.375708618018283702e-01,0.000000000000000000e+00,0.000000000000000000e+00,-9.979872885608344346e-02,2.294334963997771704e-01,-6.420423827111465531e-01,1.143256975947899878e+00,0.000000000000000000e+00,0.000000000000000000e+00,0.000000000000000000e+00,-3.202835971533274928e-01,5.153388191200099222e-02,4.515821177470688008e-01,-1.014752863908380487e+00,0.000000000000000000e+00,0.000000000000000000e+00,0.000000000000000000e+00
-8.674535346587730622e-02,-8.872247302661374901e-02,8.898034818112832145e-01,5.496692906192034156e-02,-3.764535389683857508e-03,3.098361721428122273e-01,9.491922942242475569e-01,-1.638218120609871153e-01,8.915816748438888661e-02,4.438507113393167502e-01,3.439408930872193126e-01,-1.086257443843549192e-01,8.729288218822442436e-02,-3.177765530730833343e-01,-5.359924141200054226e-01,-3.545354048357183263e-01,6.446383148820317155e-01,-1.414654136299900722e-01,2.018181056864121747e-01,-1.276937764729159652e-01,0.000000000000000000e+00,0.000000000000000000e+00,-8.701758783200196079e-02,2.322314780474368512e-01,-6.381762564287724038e-01,1.144786324646432929e+00,0.000000000000000000e+00,0.000000000000000000e+00,0.000000000000000000e+00,-3.376085992354831422e-01,5.620404618899733223e-02,4.513698112656915340e-01,-1.017977054565045281e+00,0.000000000000000000e+00,0.000000000000000000e+00,0.000000000000000000e+00
-8.596980600316364574e-02,-9.318314798365014140e-02,8.890782844314192301e-01,5.755913458494634621e-02,-4.590842090192124095e-03,2.963485239163367035e-01,9.533327973836537295e-01,-1.589848892171276395e-01,9.550439318891412732e-02,4.550194111375818196e-01,3.459383197326438841e-01,-1.028675116780200377e-01,9.037501953223560369e-02,-3.000648446217210608e-01,-5.533393218316275952e-01,-3.684160081699302536e-01,6.586879411160591058e-01,-1.371103332664641017e-01,2.075640438275228594e-01,-1.175841873954306671e-01,0.000000000000000000e+00,0.000000000000000000e+00,-7.407476552773525902e-02,2.328119009910437631e-01,-6.369827849757525584e-01,1.144714048274189544e+00,0.000000000000000000e+00,0.000000000000000000e+00,0.000000000000000000e+00,-3.492007900090186023e-01,6.189702527859075598e-02,4.598270223308340565e-01,-1.016125946123006552e+00,0.000000000000000000e+00,0.000000000000000000e+00,0.000000000000000000e+00
-8.469422472564068494e-02,-9.785850722400887824e-02,8.887285913929027226e-01,5.910357508859848119e-02,-5.590566015166618767e-03,2.837265359284034671e-01,9.570657061003928767e-01,-1.529288001958650500e-01,1.030377727368520097e-01,4.633174815042699346e-01,3.437579844637354554e-01,-9.357533681625128386e-02,9.608674583393658764e-02,-2.799794105444075587e-01,-5.625488461948709995e-01,-3.768445288104524393e-01,6.639893004099348683e-01,-1.352899708317534810e-01,2.125282747689006824e-01,-1.058101569249524643e-01,0.000000000000000000e+00,0.000000000000000000e+00,-6.278046876708348600e-02,2.356116064343291294e-01,-6.351479820889265326e-01,1.142398841037610024e+00,0.000000000000000000e+00,0.000000000000000000e+00,0.000000000000000000e+00,-3.652309270568355748e-01,6.551987943033160677e-02,4.632449592474139899e-01,-1.016523364477973645e+00,0.000000000000000000e+00,0.000000000000000000e+00,0.000000000000000000e+00
-8.317148738977739320e-02,-1.029774197775909089e-01,8.883337352386360131e-01,6.100692253002383547e-02,-6.095609032362402785e-03,2.725743371299899631e-01,9.601792695596409466e-01,-1.461048861463073445e-01,1.104756281958905184e-01,4.752500515532486758e-01,3.390957574146060138e-01,-8.175787736777918868e-02,9.617697258730260879e-02,-2.601118268832126601e-01,-5.712153934049348791e-01,-3.859138312852612440e-01,6.652665748063704143e-01,-1.344617206162494472e-01,2.181409013117096563e-01,-9.325263534458232140e-02,0.000000000000000000e+00,0.000000000000000000e+00,-5.221716751672738493e-02,2.347379714568521847e-01,-6.303300945750757167e-01,1.138114703568157582e+00,0.000000000000000000e+00,0.000000000000000000e+00,0.000000000000000000e+00,-3.735784593071271864e-01,6.755979621987047434e-02,4.682074407367819435e-01,-1.015851934673213774e+00,0.000000000000000000e+00,0.000000000000000000e+00,0.000000000000000000e+00
-8.128633779477328902e-02,-1.085341115856264249e-01,8.876827284977119037e-01,6.279564818925911784e-02,-6.198330501915673245e-03,2.608360518433463504e-01,9.633186603228726108e-01,-1.397304810878141068e-01,1.197604849665325488e-01,4.898807787522572177e-01,3.358767935364766477e-01,-7.195832465528904931e-02,9.653916534199688537e-02,-2.400604132283863379e-01,-5.741023675751433242e-01,-3.989507185432341618e-01,6.635731851271796655e-01,-1.358760560535531847e-01,2.217356064176981278e-01,-8.361372710842351896e-02,0.000000000000000000e+00,0.000000000000000000e+00,-4.251504468339641768e-02,2.332258406475512247e-01,-6.286345905538156531e-01,1.134939503530734806e+00,0.000000000000000000e+00,0.000000000000000000e+00,0.000000000000000000e+00,-3.791249518201699198e-01,6.564965477807167826e-02,4.758510936487843068e-01,-1.018210361536887820e+00,0.000000000000000000e+00,0.000000000000000000e+00,0.000000000000000000e+00
-7.929280045596487358e-02,-1.143163337907700805e-01,8.871344025037115610e-01,6.356358537212285220e-02,-7.255621647912761929e-03,2.494754766183109596e-01,9.662654982639135026e-01,-1.331831086584258916e-01,1.328686740106861108e-01,5.028700835794179813e-01,3.361595315479074531e-01,-6.354506722214764425e-02,9.201192867802789055e-02,-2.197016033382919453e-01,-5.708959036924614594e-01,-4.076679185165640873e-01,6.555520287772158561e-01,-1.429079070790329475e-01,2.278803758063896456e-01,-7.509663427249538281e-02,0.000000000000000000e+00,0.000000000000000000e+00,-3.431070396283925072e-02,2.298424076320770837e-01,-6.208580592537256138e-01,1.131629682553761729e+00,0.000000000000000000e+00,0.000000000000000000e+00,0.000000000000000000e+00,-3.796288457988905574e-01,6.792551963817193561e-02,4.778157574095327487e-01,-1.016514566207075809e+00,0.000000000000000000e+00,0.000000000000000000e+00,0.000000000000000000e+00
-7.713039467192860099e-02,-1.203971860040528724e-01,8.866388784233734111e-01,6.284811973096025850e-02,-8.283175345327164693e-03,2.404846031661122541e-01,9.685807444361662633e-01,-1.301552530666896801e-01,1.490549094840346034e-01,5.109818629041692484e-01,3.402682584711758662e-01,-5.779582473003191945e-02,8.738357374294390689e-02,-2.019412577717570878e-01,-5.617881826025175052e-01,-4.133177649549081289e-01,6.407166048133079439e-01,-1.488655656999474663e-01,2.345871483910209332e-01,-6.830834619106013195e-02,0.000000000000000000e+00,0.000000000000000000e+00,-3.038639808227388411e-02,2.273266704545660044e-01,-6.163752037770169334e-01,1.129810559147271354e+00,0.000000000000000000e+00,0.000000000000000000e+00,0.000000000000000000e+00,-3.742375469479711780e-01,7.057536649228467185e-02,4.767292389291322707e-01,-1.018755346126315464e+00,0.000000000000000000e+00,0.000000000000000000e+00,0.000000000000000000e+00
-7.483260077361729434e-02,-1.266552397932606544e-01,8.861356267925267760e-01,6.180027081817193041e-02,-9.405593475373062382e-03,2.301695946683721405e-01,9.711406793191054154e-01,-1.270320712227788473e-01,1.659282279992027875e-01,5.158008587295657144e-01,3.447925288418250411e-01,-5.071512837732170681e-02,8.183310314213140813e-02,-1.884216499686718060e-01,-5.451522713205234627e-01,-4.136291297462329486e-01,6.263074038409907063e-01,-1.613304865395998600e-01,2.392838807127105061e-01,-6.439175900394396301e-02,0.000000000000000000e+00,0.000000000000000000e+00,-2.687464839315750059e-02,2.267813002846807702e-01,-6.127067503325610565e-01,1.127856734318544829e+00,0.000000000000000000e+00,0.000000000000000000e+00,0.000000000000000000e+00,-3.711911857541528859e-01,6.987653647376257382e-02,4.704236953102154395e-01,-1.021969894208599072e+00,0.000000000000000000e+00,0.000000000000000000e+00,0.000000000000000000e+00
-7.259339300475042833e-02,-1.330108475974829396e-01,8.858738266834699226e-01,5.946239653337516418e-02,-1.132511883970752781e-02,2.223748324540552601e-01,9.730803661429022755e-01,-1.235485800399274137e-01,1.864569071922733967e-01,5.215344840272689853e-01,3.503120014422076989e-01,-4.521336118352661110e-02,7.625341270694797891e-02,-1.779961454170527480e-01,-5.263928350720559202e-01,-4.156279276828295788e-01,6.116748524225351646e-01,-1.776227461444683242e-01,2.411597907278947295e-01,-6.261757348446699012e-02,0.000000000000000000e+00,0.000000000000000000e+00,-2.980951747928277384e-02,2.296788444391178463e-01,-6.109915982851744642e-01,1.129364573729282561e+00,0.000000000000000000e+00,0.000000000000000000e+00,0.000000000000000000e+00,-3.669619725841711810e-01,7.901661851370465894e-02,4.579342457817076606e-01,-1.028383179660596003e+00,0.000000000000000000e+00,0.000000000000000000e+00,0.000000000000000000e+00
-7.028643443016678594e-02,-1.394096704456695146e-01,8.857414728553247851e-01,5.650400682613172798e-02,-1.384347911899104673e-02,2.150605442366965436e-01,9.748664614248919724e-01,-1.189255066431797458e-01,2.083311268176555875e-01,5.255541858329465521e-01,3.556445496501860482e-01,-3.977935926582334275e-02,6.793065596584053900e-02,-1.689420753572069278e-01,-5.041601125748803591e-01,-4.178770340097049396e-01,6.004401111385756495e-01,-2.006196441266725472e-01,2.402509502763251203e-01,-6.571670988812225445e-02,0.000000000000000000e+00,0.000000000000000000e+00,-3.029764098919571561e-02,2.366860637565672554e-01,-6.123845928227437119e-01,1.132670564056562190e+00,0.000000000000000000e+00,0.000000000000000000e+00,0.000000000000000000e+00,-3.615979449908762189e-01,8.484082425755758161e-02,4.496439416297219327e-01,-1.033073009838631817e+00,0.000000000000000000e+00,0.000000000000000000e+00,0.000000000000000000e+00
-6.805960138568678541e-02,-1.457516248744413490e-01,8.852576341422351280e-01,5.358714834549714590e-02,-1.716622848073343088e-02,2.067321505810038873e-01,9.767781508859104678e-01,-1.140626973091700969e-01,2.313321173630320526e-01,5.279926927326149544e-01,3.654757225262677545e-01,-3.766445720402230440e-02,6.165128522290376500e-02,-1.609470294880525898e-01,-4.843065329281944775e-01,-4.234801990400330896e-01,5.935284577046522347e-01,-2.259798850363767264e-01,2.397260342880798978e-01,-6.770268074802088254e-02,0.000000000000000000e+00,0.000000000000000000e+00,-2.846074463031696491e-02,2.439080083112793729e-01,-6.112298692345028428e-01,1.134461207881150235e+00,0.000000000000000000e+00,0.000000000000000000e+00,0.000000000000000000e+00,-3.600968763312813459e-01,8.924191350902478670e-02,4.405626068021601394e-01,-1.040754962415132656e+00,0.000000000000000000e+00,0.000000000000000000e+00,0.000000000000000000e+00
-6.561022621938739086e-02,-1.518076962996746937e-01,8.851544634273370571e-01,4.948124578346093511e-02,-1.915811809679360267e-02,1.985978016194368256e-01,9.786436971741213631e-01,-1.110464189124229922e-01,2.526832627666004694e-01,5.239747650627344377e-01,3.700561286999697330e-01,-3.323175600130463120e-02,5.611121104504850077e-02,-1.553981945903770701e-01,-4.582621997320430185e-01,-4.214625535819340185e-01,5.826330093268378141e-01,-2.488941794975277899e-01,2.412495014172328645e-01,-7.213215295638669700e-02,0.000000000000000000e+00,0.000000000000000000e+00,-2.770187850526144996e-02,2.528678712387270600e-01,-6.105773772033216140e-01,1.136193787974276059e+00,0.000000000000000000e+00,0.000000000000000000e+00,0.000000000000000000e+00,-3.553706484221116346e-01,9.772939942110632494e-02,4.344757337575746448e-01,-1.046618317356375227e+00,0.000000000000000000e+00,0.000000000000000000e+00,0.000000000000000000e+00
-6.320515472909683796e-02,-1.577636102887004788e-01,8.850256699862408816e-01,4.531081943295731107e-02,-2.115161377439960660e-02,1.904275893702370714e-01,9.804268825790600772e-01,-1.083922232466459495e-01,2.757452877984576389e-01,5.233351821475721311e-01,3.776694215050667158e-01,-2.931663720155033501e-02,5.181442442009211169e-02,-1.488001052068993746e-01,-4.332190377043007579e-01,-4.234105856682495728e-01,5.704304392153760617e-01,-2.703257492678336482e-01,2.394370060209801976e-01,-8.048076970775241978e-02,0.000000000000000000e+00,0.000000000000000000e+00,-2.674113770765193521e-02,2.635751034385676039e-01,-6.108527211034083804e-01,1.139423306184088380e+00,0.000000000000000000e+00,0.000000000000000000e+00,0.000000000000000000e+00,-3.549048706956415278e-01,1.024273654873475992e-01,4.180478475014319240e-01,-1.047199999818223981e+00,0.000000000000000000e+00,0.000000000000000000e+00,0.000000000000000000e+00
-6.089936195027584320e-02,-1.637191478268421596e-01,8.849584481040739803e-01,4.098197518122467103e-02,-2.317246226664174472e-02,1.839314699420774857e-01,9.818109436483659636e-01,-1.051581952064939152e-01,2.966182824060522027e-01,5.191845819816156560e-01,3.809541100751024922e-01,-2.614513157755566503e-02,4.714690227973192260e-02,-1.409860498670304774e-01,-4.070472748987495892e-01,-4.239942324281547603e-01,5.563663043766592375e-01,-2.882231430664440874e-01,2.357379017042616209e-01,-8.370693704794704426e-02,0.000000000000000000e+00,0.000000000000000000e+00,-2.989118848307882603e-02,2.729214784223255030e-01,-6.107314795536968877e-01,1.142523088375797968e+00,0.000000000000000000e+00,0.000000000000000000e+00,0.000000000000000000e+00,-3.528381247989175185e-01,1.113343383711001972e-01,4.117604152197801293e-01,-1.047199999999999909e+00,0.000000000000000000e+00,0.000000000000000000e+00,0.000000000000000000e+00
-5.880633018304439602e-02,-1.695736967906446013e-01,8.848804068776726650e-01,3.749774594710945930e-02,-2.498313273716500776e-02,1.766566440955096851e-01,9.832406583458788152e-01,-1.000187343857396188e-01,3.160169088169474394e-01,5.197475234114850018e-01,3.822155105753717308e-01,-1.770319076140324313e-02,4.324832837460337864e-02,-1.364376657625117062e-01,-3.836312968380440891e-01,-4.216499378077908089e-01,5.459957127766026375e-01,-3.025498120537763458e-01,2.282236210043772084e-01,-9.255708011069692376e-02,0.000000000000000000e+00,0.000000000000000000e+00,-3.070201975631998287e-02,2.831390140831562818e-01,-6.127126998926472057e-01,1.144135752844001708e+00,0.000000000000000000e+00,0.000000000000000000e+00,0.000000000000000000e+00,-3.577695524870147525e-01,1.145664246892287019e-01,4.014171017554999388e-01,-1.047199999999999909e+00,0.000000000000000000e+00,0.000000000000000000e+00,0.000000000000000000e+00
-5.721218619898770646e-02,-1.753654847608921152e-01,8.846569715611101170e-01,3.417450348964969770e-02,-2.686778456513980173e-02,1.696356738373019923e-01,9.845475933775691413e-01,-9.415454857373904696e-02,3.337499758787015325e-01,5.206475220458074427e-01,3.811059554108859881e-01,-1.271245485792224690e-02,4.509149778011306564e-02,-1.299084066493077227e-01,-3.644767746111236550e-01,-4.282098723796150530e-01,5.347488852152547656e-01,-3.142128112920779537e-01,2.293345521202660720e-01,-9.682375980733640142e-02,0.000000000000000000e+00,0.000000000000000000e+00,-3.410286281580944545e-02,2.935045627275806868e-01,-6.208568053801084563e-01,1.145581021322873427e+00,0.000000000000000000e+00,0.000000000000000000e+00,0.000000000000000000e+00,-3.566554606025658103e-01,1.210850085532415299e-01,4.002234227553385648e-01,-1.047199999999999909e+00,0.000000000000000000e+00,0.000000000000000000e+00,0.000000000000000000e+00
-5.589231469536788677e-02,-1.809300097557469955e-01,8.843977885201202982e-01,3.102267057048478313e-02,-2.864252314918983716e-02,1.626738716495778614e-01,9.857760451851430572e-01,-8.964411105124787948e-02,3.496302177798929489e-01,5.168299311801628493e-01,3.800200893973533778e-01,-1.694654227650590952e-03,4.417036390304712040e-02,-1.264630196919057092e-01,-3.419955453221324992e-01,-4.222844502319412774e-01,5.248951417348276527e-01,-3.291004814590707817e-01,2.227171682721409141e-01,-1.004311705695217771e-01,0.000000000000000000e+00,0.000000000000000000e+00,-3.579126001118529410e-02,2.987927620285452668e-01,-6.184624490546505315e-01,1.148530843726124129e+00,0.000000000000000000e+00,0.000000000000000000e+00,0.000000000000000000e+00,-3.553861647800928836e-01,1.206830154939503991e-01,3.909790918045654151e-01,-1.047199999999999909e+00,0.000000000000000000e+00,0.000000000000000000e+00,0.000000000000000000e+00
-5.495219789808461486e-02,-1.864323603488173275e-01,8.843354941056934537e-01,2.819254555122516562e-02,-2.963886122719189969e-02,1.574241208999041242e-01,9.866835178715567256e-01,-8.646059341669032339e-02,3.635790078977833573e-01,5.138806908377407945e-01,3.769972200551314767e-01,8.449356816444351242e-03,3.826672568665899499e-02,-1.228156829520958004e-01,-3.234194638568365643e-01,-4.232429947047910423e-01,5.146085525057736421e-01,-3.377743307058762579e-01,2.208303620707411374e-01,-1.042043798677863425e-01,0.000000000000000000e+00,0.000000000000000000e+00,-3.823324469833666583e-02,3.059696437321812734e-01,-6.236358776858680342e-01,1.147008154127839852e+00,0.000000000000000000e+00,0.000000000000000000e+00,0.000000000000000000e+00,-3.537005858222206922e-01,1.235187687881446339e-01,3.905267076039578567e-01,-1.047199999999999909e+00,0.000000000000000000e+00,0.000000000000000000e+00,0.000000000000000000e+00
-5.462315181406395687e-02,-1.915521948475487068e-01,8.843884217211505083e-01,2.500096429951471216e-02,-3.057286404813765526e-02,1.514212828879978046e-01,9.876800326302755950e-01,-8.370986424379309176e-02,3.785780920703940011e-01,5.136955789422454899e-01,3.751003174893164926e-01,2.012310572347299903e-02,3.839573662222016404e-02,-1.207127526749665475e-01,-3.039179203120370709e-01,-4.208090916634215639e-01,5.024606630242323124e-01,-3.355300086721895170e-01,2.204832700069432050e-01,-1.115772065688900583e-01,0.000000000000000000e+00,0.000000000000000000e+00,-3.539084932685884755e-02,3.107619377225858681e-01,-6.263209309898847277e-01,1.139769261346643470e+00,0.000000000000000000e+00,0.000000000000000000e+00,0.000000000000000000e+00,-3.531058184660064159e-01,1.186117694499121411e-01,3.884810863999408337e-01,-1.047199999999999909e+00,0.000000000000000000e+00,0.000000000000000000e+00,0.000000000000000000e+00
-5.443632342832103316e-02,-1.966228931928372947e-01,8.843979569409121666e-01,2.278831809011616638e-02,-3.172736429454450779e-02,1.463428626344488725e-01,9.884623581449631935e-01,-8.145009506188589932e-02,3.892859099374990084e-01,5.079656577950499852e-01,3.722026655337237755e-01,3.360673840681122071e-02,3.764953506892664004e-02,-1.185165855501630755e-01,-2.872347010017090585e-01,-4.180845500666005021e-01,4.930054204951031527e-01,-3.377939531502772152e-01,2.179152652518274447e-01,-1.135495389235975788e-01,0.000000000000000000e+00,0.000000000000000000e+00,-3.831342712579227650e-02,3.158575072745727352e-01,-6.287936752299709831e-01,1.139631184679958942e+00,0.000000000000000000e+00,0.000000000000000000e+00,0.000000000000000000e+00,-3.515215837450760272e-01,1.229764410071043645e-01,3.933188302475220666e-01,-1.047199999999999909e+00,0.000000000000000000e+00,0.000000000000000000e+00,0.000000000000000000e+00
-5.464193193924273689e-02,-2.013831773905730427e-01,8.844784359142205954e-01,2.048057128060929918e-02,-3.324130743495724849e-02,1.415881279206482879e-01,9.891553789531565277e-01,-7.828678622554874345e-02,4.012411349918912351e-01,5.068283004717868412e-01,3.693323003367681712e-01,5.087503124956323231e-02,3.892614840023238959e-02,-1.160576768497012801e-01,-2.708156591336287056e-01,-4.149994867153758982e-01,4.839854554344152349e-01,-3.388996289058994749e-01,2.121421332355194200e-01,-1.162997294746303534e-01,0.000000000000000000e+00,0.000000000000000000e+00,-4.048018713482991193e-02,3.194650090996201675e-01,-6.259218499514552780e-01,1.140679068444860000e+00,0.000000000000000000e+00,0.000000000000000000e+00,0.000000000000000000e+00,-3.462202239579850183e-01,1.199565437696397674e-01,3.950841286444506384e-01,-1.047199999999999909e+00,0.000000000000000000e+00,0.000000000000000000e+00,0.000000000000000000e+00
-5.478982890127203492e-02,-2.059028366903556118e-01,8.846661908555022436e-01,1.909250113280235028e-02,-3.388033573889981387e-02,1.368088600861840920e-01,9.898337916300050665e-01,-7.560683351377082972e-02,4.080591978262618769e-01,5.012025561066468793e-01,3.629272277878120012e-01,7.019213286966978493e-02,3.608510522035264512e-02,-1.155444641325427402e-01,-2.566541828272910775e-01,-4.102636997820140463e-01,4.758370311297451805e-01,-3.420651973710164828e-01,2.045163530838293442e-01,-1.167692620654497554e-01,0.000000000000000000e+00,0.000000000000000000e+00,-4.159848560030006415e-02,3.206226102034773762e-01,-6.230281267499172548e-01,1.146070003601126874e+00,0.000000000000000000e+00,0.000000000000000000e+00,0.000000000000000000e+00,-3.429822138620514105e-01,1.268260661474602535e-01,3.983969542049897172e-01,-1.047199999999999909e+00,0.000000000000000000e+00,0.000000000000000000e+00,0.000000000000000000e+00
-5.509856583010892123e-02,-2.100295707562065683e-01,8.848907654486558583e-01,1.778772199175942745e-02,-3.430362311431964933e-02,1.315583816367065784e-01,9.905550214948712906e-01,-7.117199570540944098e-02,4.143358635416158897e-01,5.005486410683206433e-01,3.546351190206769033e-01,8.563175764627174724e-02,4.093079055256252513e-02,-1.158414771966550932e-01,-2.435111419708203551e-01,-4.052341132519808875e-01,4.676497475448769814e-01,-3.424878773330565784e-01,1.984056161814655161e-01,-1.196342763229552852e-01,0.000000000000000000e+00,0.000000000000000000e+00,-4.510331113474889270e-02,3.227975302869679486e-01,-6.206857817943260969e-01,1.153244245894868625e+00,0.000000000000000000e+00,0.000000000000000000e+00,0.000000000000000000e+00,-3.419900060047654233e-01,1.321010197104108552e-01,4.007354014063987946e-01,-1.047199999999999909e+00,0.000000000000000000e+00,0.000000000000000000e+00,0.000000000000000000e+00
-5.541529235347909810e-02,-2.137382602750871330e-01,8.850802004656167510e-01,1.673729883066317134e-02,-3.424365806037561744e-02,1.264917262653773022e-01,9.912351274530692979e-01,-6.856857196097035367e-02,4.207708746476940265e-01,5.011777466066291709e-01,3.495185569706101281e-01,1.023842422397329421e-01,4.070545077406957646e-02,-1.160700508981351159e-01,-2.325085846615666529e-01,-4.023981059642355862e-01,4.589074351528386053e-01,-3.420242276149002003e-01,1.960793417781912518e-01,-1.205370643779507672e-01,0.000000000000000000e+00,0.000000000000000000e+00,-4.687619872414793692e-02,3.252609401931987332e-01,-6.190470092495782284e-01,1.159079315533573462e+00,0.000000000000000000e+00,0.000000000000000000e+00,0.000000000000000000e+00,-3.402750647338502743e-01,1.321173224664355383e-01,4.074915900928329782e-01,-1.047199999999999909e+00,0.000000000000000000e+00,0.000000000000000000e+00,0.000000000000000000e+00
-5.565991712085201909e-02,-2.169628753331107884e-01,8.852490463353351879e-01,1.533563761450256260e-02,-3.311563408417645543e-02,1.214136181939687031e-01,9.919308979536878290e-01,-6.682514109419915305e-02,4.268037791578829787e-01,5.033186538312535152e-01,3.428728737515061020e-01,1.136231946830808248e-01,4.216291682778811750e-02,-1.181701536461138152e-01,-2.219269310923562277e-01,-4.003235929428110573e-01,4.492752320239203900e-01,-3.381245938118632166e-01,1.959821301213309219e-01,-1.224492106049237111e-01,0.000000000000000000e+00,0.000000000000000000e+00,-4.612280915929409947e-02,3.271772210379233492e-01,-6.170305169806554746e-01,1.164811170480936076e+00,0.000000000000000000e+00,0.000000000000000000e+00,0.000000000000000000e+00,-3.413031835712856399e-01,1.306368432383904488e-01,4.143122502624431713e-01,-1.047199999999999909e+00,0.000000000000000000e+00,0.000000000000000000e+00,0.000000000000000000e+00
-5.586516917770444068e-02,-2.198871765660612987e-01,8.854065712194820748e-01,1.505202319178740832e-02,-3.202031747002433149e-02,1.169233003518900388e-01,9.925104924895128411e-01,-6.538067809556151466e-02,4.296425628106648187e-01,5.043653336476547899e-01,3.366692919557126018e-01,1.273669226388703668e-01,4.402402619491514735e-02,-1.208817282296233420e-01,-2.150577787454331924e-01,-3.982227021085841812e-01,4.428162919036438550e-01,-3.367824234964327257e-01,1.928801903061366507e-01,-1.225917498734577227e-01,0.000000000000000000e+00,0.000000000000000000e+00,-4.551067055537622030e-02,3.318351513193053548e-01,-6.185193910536336270e-01,1.168557606869465415e+00,0.000000000000000000e+00,0.000000000000000000e+00,0.000000000000000000e+00,-3.423672421557242829e-01,1.365013498447588403e-01,4.287706457407067795e-01,-1.047199999999999909e+00,0.000000000000000000e+00,0.000000000000000000e+00,0.000000000000000000e+00
-5.596974360281187916e-02,-2.223810821028079365e-01,8.856394273830016095e-01,1.490721920860748825e-02,-3.046385463383711328e-02,1.124216608898375158e-01,9.930816172596722557e-01,-6.301857127867173392e-02,4.312237266157227245e-01,5.073707159866576166e-01,3.282240941274944812e-01,1.402122244438799847e-01,4.447846928445554904e-02,-1.257280146233195062e-01,-2.086884842023335462e-01,-3.929355785216163133e-01,4.380825988944172522e-01,-3.332214602026663530e-01,1.907381645982494101e-01,-1.245849889163527929e-01,0.000000000000000000e+00,0.000000000000000000e+00,-4.281742088215483022e-02,3.344274331682953738e-01,-6.142612535531166706e-01,1.172428959365705792e+00,0.000000000000000000e+00,0.000000000000000000e+00,0.000000000000000000e+00,-3.444812737435108407e-01,1.383923406980501758e-01,4.405878701295637412e-01,-1.047199999999999909e+00,0.000000000000000000e+00,0.000000000000000000e+00,0.000000000000000000e+00
-5.615421932089444124e-02,-2.244319891599084460e-01,8.857119226005691903e-01,1.460654368693245497e-02,-2.932965545643045208e-02,1.085103087037630198e-01,9.935551988175310711e-01,-6.126556763809078848e-02,4.333546617474656748e-01,5.105167966473049823e-01,3.223414157525388846e-01,1.493493468867727880e-01,5.008046382272475505e-02,-1.292756635387655451e-01,-2.035447956577947082e-01,-3.901743504765519122e-01,4.341242822155750303e-01,-3.308815848980623531e-01,1.912746618684759425e-01,-1.274724680891987927e-01,0.000000000000000000e+00,0.000000000000000000e+00,-4.070920536992878730e-02,3.358752894252434729e-01,-6.115269457368597283e-01,1.178503232138558898e+00,0.000000000000000000e+00,0.000000000000000000e+00,0.000000000000000000e+00,-3.456416176864436918e-01,1.380613788946220000e-01,4.493182168679309418e-01,-1.047199999999999909e+00,0.000000000000000000e+00,0.000000000000000000e+00,0.000000000000000000e+00
-5.628675019921755562e-02,-2.260326373315061643e-01,8.858344624061349482e-01,1.467298639324985700e-02,-2.830981773444879099e-02,1.042510666249596291e-01,9.940397239535776475e-01,-5.869590061598785324e-02,4.335256348554356043e-01,5.123741924956127791e-01,3.164733752379276233e-01,1.573479400401549544e-01,5.495581317720041326e-02,-1.333315533467213654e-01,-2.000005354577061301e-01,-3.864917153268792038e-01,4.318094862312834015e-01,-3.265163307770118650e-01,1.908442920594627668e-01,-1.309906817752747310e-01,0.000000000000000000e+00,0.000000000000000000e+00,-3.710388156723529174e-02,3.370286066332386365e-01,-6.080633922055793672e-01,1.183665808572265776e+00,0.000000000000000000e+00,0.000000000000000000e+00,0.000000000000000000e+00,-3.460732056432533899e-01,1.374301812807955658e-01,4.577696233524904401e-01,-1.047199999999999909e+00,0.000000000000000000e+00,0.000000000000000000e+00,0.000000000000000000e+00
-5.643365432494244077e-02,-2.272735732468055825e-01,8.858982871952354454e-01,1.489100510433156825e-02,-2.687705838115467261e-02,1.002409886510263748e-01,9.944886253215894367e-01,-5.776424402493729460e-02,4.329917810824511215e-01,5.130801076777583569e-01,3.119759047159362808e-01,1.645388869930961839e-01,5.762893014894599625e-02,-1.376717128327631656e-01,-1.973885354855127727e-01,-3.831005493765796688e-01,4.291537256389281740e-01,-3.241619893283622100e-01,1.923800072254208404e-01,-1.338087723336397472e-01,0.000000000000000000e+00,0.000000000000000000e+00,-3.395026785697655147e-02,3.387897039278662259e-01,-6.073469079890987388e-01,1.187044914541762530e+00,0.000000000000000000e+00,0.000000000000000000e+00,0.000000000000000000e+00,-3.459987651796317953e-01,1.406199355543028273e-01,4.686273132664179331e-01,-1.047199999999999909e+00,0.000000000000000000e+00,0.000000000000000000e+00,0.000000000000000000e+00
-5.667706862773320281e-02,-2.281953355391682370e-01,8.859607702092342496e-01,1.478582908171597807e-02,-2.550374151454432720e-02,9.681457772670622186e-02,9.948657577616822900e-01,-5.708566972169643039e-02,4.331586408132459542e-01,5.145552740073444653e-01,3.076770183749629739e-01,1.698364783237092945e-01,5.942606891180805817e-02,-1.415173866657341017e-01,-1.944680348053943186e-01,-3.802159462845023929e-01,4.263364376371719944e-01,-3.236593508039995459e-01,1.927739173618014390e-01,-1.354844924245545423e-01,0.000000000000000000e+00,0.000000000000000000e+00,-3.232753644476808741e-02,3.383001717003586983e-01,-5.998605012543999360e-01,1.193357563738513427e+00,0.000000000000000000e+00,0.000000000000000000e+00,0.000000000000000000e+00,-3.459442090710831974e-01,1.408313383521617723e-01,4.738407609980281876e-01,-1.047199999999999909e+00,0.000000000000000000e+00,0.000000000000000000e+00,0.000000000000000000e+00
-5.701490331589149224e-02,-2.288279227044117681e-01,8.860125821584244887e-01,1.496130522955824854e-02,-2.425668094237455955e-02,9.339944705022491800e-02,9.952207373573972449e-01,-5.670847098353849758e-02,4.322470671178080259e-01,5.149088234526885133e-01,3.043335599108555334e-01,1.750345461293928151e-01,6.176003112342720591e-02,-1.459440398724285992e-01,-1.929572431955993705e-01,-3.771262798105533554e-01,4.251454872127479745e-01,-3.220689468267756705e-01,1.933446955788073185e-01,-1.375926713077948171e-01,0.000000000000000000e+00,0.000000000000000000e+00,-3.221349119377145409e-02,3.376936035634616751e-01,-5.950831200500197316e-01,1.201288924569401839e+00,0.000000000000000000e+00,0.000000000000000000e+00,0.000000000000000000e+00,-3.449751279857964925e-01,1.421792141474865767e-01,4.761553762913720567e-01,-1.047199999999999909e+00,0.000000000000000000e+00,0.000000000000000000e+00,0.000000000000000000e+00
-5.759915915720715401e-02,-2.291801424622116057e-01,8.860081107380943788e-01,1.502854756155862052e-02,-2.358449174198269660e-02,9.111922962944081494e-02,9.954472364214996816e-01,-5.698396975916721063e-02,4.327826891155080458e-01,5.175034593481067091e-01,3.035579630109032645e-01,1.800547531649792921e-01,6.556796984960393260e-02,-1.497175989322045153e-01,-1.922358086646533404e-01,-3.750301186706586631e-01,4.254920035097695119e-01,-3.201545824577112787e-01,1.920816790451999045e-01,-1.401904416593087732e-01,0.000000000000000000e+00,0.000000000000000000e+00,-3.266012042399940585e-02,3.367952560024726760e-01,-5.916222606472232304e-01,1.206149557334676325e+00,0.000000000000000000e+00,0.000000000000000000e+00,0.000000000000000000e+00,-3.446079731016207792e-01,1.409962258670540147e-01,4.698377751654391199e-01,-1.047199999999999909e+00,0.000000000000000000e+00,0.000000000000000000e+00,0.000000000000000000e+00
-5.831914980938277676e-02,-2.293105734639993010e-01,8.859505996475630640e-01,1.501527970927710523e-02,-2.300905770499069372e-02,8.833522077594314903e-02,9.957118124282985372e-01,-5.785658793405031031e-02,4.328904048024503903e-01,5.169896591249429907e-01,3.039990516070733562e-01,1.850506704298951477e-01,6.817883956945935964e-02,-1.539904331640057356e-01,-1.917262327053554094e-01,-3.727834693099609242e-01,4.268256985917753266e-01,-3.185290266502504575e-01,1.908519987274557850e-01,-1.408256195674532918e-01,0.000000000000000000e+00,0.000000000000000000e+00,-3.311195386092795345e-02,3.356005649934989954e-01,-5.899185068638650442e-01,1.209858237841903827e+00,0.000000000000000000e+00,0.000000000000000000e+00,0.000000000000000000e+00,-3.432954243337159594e-01,1.375912078001554073e-01,4.642790950679336337e-01,-1.047199999999999909e+00,0.000000000000000000e+00,0.000000000000000000e+00,0.000000000000000000e+00
-5.904110189969628136e-02,-2.292399811487800254e-01,8.859290510996842283e-01,1.493694258078421232e-02,-2.198335746233042939e-02,8.670129803492755693e-02,9.958797641583453375e-01,-6.006548431917171221e-02,4.332420344116926225e-01,5.180907486864405609e-01,3.045345505446998557e-01,1.875343902781639316e-01,6.888370402439639162e-02,-1.589430770835112416e-01,-1.910689657356952897e-01,-3.692399080633387287e-01,4.275891214966249798e-01,-3.162209481031521552e-01,1.890644735847049063e-01,-1.420396101507988285e-01,0.000000000000000000e+00,0.000000000000000000e+00,-3.504642013422905322e-02,3.333831127760568114e-01,-5.856836477802606078e-01,1.214522898209810631e+00,0.000000000000000000e+00,0.000000000000000000e+00,0.000000000000000000e+00,-3.429573004247957191e-01,1.347455570375663270e-01,4.534099400921258183e-01,-1.047199999999999909e+00,0.000000000000000000e+00,0.000000000000000000e+00,0.000000000000000000e+00
-5.980561150727124742e-02,-2.291088725322778241e-01,8.858853466359982720e-01,1.490356534607703391e-02,-2.085473340673238418e-02,8.456128451887387487e-02,9.960885266857700815e-01,-6.267154493592079489e-02,4.336011850885381214e-01,5.190161104301842521e-01,3.059852615643153806e-01,1.903686959286671754e-01,7.030112683944776675e-02,-1.639484044815857355e-01,-1.904046054368463969e-01,-3.657547856110163753e-01,4.280974246380687132e-01,-3.158741626782004541e-01,1.879915828062447558e-01,-1.415908250610339314e-01,0.000000000000000000e+00,0.000000000000000000e+00,-3.717757337973533194e-02,3.325949581539372479e-01,-5.808333514243524398e-01,1.215848959525968054e+00,0.000000000000000000e+00,0.000000000000000000e+00,0.000000000000000000e+00,-3.430520377866758119e-01,1.298810978346411071e-01,4.469205672592216905e-01,-1.047199999999999909e+00,0.000000000000000000e+00,0.000000000000000000e+00,0.000000000000000000e+00
-6.047782931446139126e-02,-2.289109921404276493e-01,8.857802586978841264e-01,1.479935856593790101e-02,-2.008429767480917477e-02,8.275169602243606648e-02,9.962578766455785217e-01,-6.518049376848145116e-02,4.344059349955231020e-01,5.194448681598480277e-01,3.086789968940052420e-01,1.918791717014113329e-01,7.143430126399161195e-02,-1.675707820273107107e-01,-1.914547142234848676e-01,-3.671057365371217518e-01,4.288922804006906064e-01,-3.122861631135166460e-01,1.904357981475446604e-01,-1.406466776097752003e-01,0.000000000000000000e+00,0.000000000000000000e+00,-3.918866999590125272e-02,3.318667407032915295e-01,-5.791906205728521995e-01,1.216542848879782479e+00,0.000000000000000000e+00,0.000000000000000000e+00,0.000000000000000000e+00,-3.427064021771024094e-01,1.226829610044049140e-01,4.427642691336093894e-01,-1.047199999999999909e+00,0.000000000000000000e+00,0.000000000000000000e+00,0.000000000000000000e+00
-6.100749184095777267e-02,-2.287046819923543861e-01,8.857429065934178114e-01,1.508957258985424432e-02,-1.913969974405874477e-02,8.080387917049351720e-02,9.964319895526050352e-01,-6.753576421354884340e-02,4.335146666334642740e-01,5.184815125874308039e-01,3.102155928322803957e-01,1.949124537816692704e-01,7.350138760804070248e-02,-1.717453917513406259e-01,-1.924321132632149933e-01,-3.656355649983518696e-01,4.298158152001800292e-01,-3.101595965468592064e-01,1.902009011194359667e-01,-1.394724565681262352e-01,0.000000000000000000e+00,0.000000000000000000e+00,-3.956286796215682799e-02,3.307381697586679881e-01,-5.791164984343587507e-01,1.217895945117541956e+00,0.000000000000000000e+00,0.000000000000000000e+00,0.000000000000000000e+00,-3.420076555223004466e-01,1.184397056130007952e-01,4.413844341471763189e-01,-1.047199999999999909e+00,0.000000000000000000e+00,0.000000000000000000e+00,0.000000000000000000e+00
-6.132211526506169824e-02,-2.285187271191204961e-01,8.857579409549088956e-01,1.546027228558244024e-02,-1.798758327951256383e-02,7.934739985064745427e-02,9.965648082114677564e-01,-6.943010584725471668e-02,4.320223540863012412e-01,5.182515876521607279e-01,3.100456023859973209e-01,1.973675043629823100e-01,7.435278172500077443e-02,-1.763917051664297964e-01,-1.929893114093774453e-01,-3.623072505219125383e-01,4.314011851734347869e-01,-3.102064935787622324e-01,1.892717429834656351e-01,-1.390126082111812766e-01,0.000000000000000000e+00,0.000000000000000000e+00,-4.063656185005450061e-02,3.283056334182343217e-01,-5.764083858008985928e-01,1.220162489315761878e+00,0.000000000000000000e+00,0.000000000000000000e+00,0.000000000000000000e+00,-3.416616280880107048e-01,1.155447177307810658e-01,4.409966381782170486e-01,-1.047199999999999909e+00,0.000000000000000000e+00,0.000000000000000000e+00,0.000000000000000000e+00
-6.150926038532273515e-02,-2.283542341090919747e-01,8.857422904216578630e-01,1.617777778706340486e-02,-1.699480316550829040e-02,7.835272002056173357e-02,9.966495409303195441e-01,-7.135721529584622413e-02,4.300222697713514397e-01,5.179507491825970922e-01,3.105844633537874211e-01,1.997173256598217261e-01,7.414634539611289488e-02,-1.796939155386066411e-01,-1.956381261779578107e-01,-3.628533954902169456e-01,4.330929876955285640e-01,-3.110026058016036599e-01,1.904329008312572458e-01,-1.383030749548973815e-01,0.000000000000000000e+00,0.000000000000000000e+00,-4.155033016224857906e-02,3.259792679436275264e-01,-5.742673878333340864e-01,1.223298548748582126e+00,0.000000000000000000e+00,0.000000000000000000e+00,0.000000000000000000e+00,-3.424999901534001023e-01,1.117532614582007616e-01,4.435422756926020171e-01,-1.047199999999999909e+00,0.000000000000000000e+00,0.000000000000000000e+00,0.000000000000000000e+00
-6.166195490860433559e-02,-2.280767047618063870e-01,8.856622252777365256e-01,1.690234353899554287e-02,-1.679241703520594625e-02,7.766823071382998600e-02,9.966945226350891751e-01,-7.197850315462049620e-02,4.278541672254435047e-01,5.166057569540949412e-01,3.112417822885177876e-01,2.025147428723544640e-01,7.452019873569817876e-02,-1.817356367288444630e-01,-1.985036120661711478e-01,-3.628661353607238738e-01,4.360881033942753948e-01,-3.122546299184286167e-01,1.915865862275147880e-01,-1.384802174507773209e-01,0.000000000000000000e+00,0.000000000000000000e+00,-4.215425035607321680e-02,3.233849174607761889e-01,-5.722498988338226011e-01,1.225375032800003705e+00,0.000000000000000000e+00,0.000000000000000000e+00,0.000000000000000000e+00,-3.431419477134015072e-01,1.101058920432082394e-01,4.410797822808431579e-01,-1.047199999999999909e+00,0.000000000000000000e+00,0.000000000000000000e+00,0.000000000000000000e+00
-6.176329530332757417e-02,-2.277097265821635963e-01,8.855886210474258613e-01,1.746234552745043120e-02,-1.705620863513374399e-02,7.773828314119521354e-02,9.966749277321738099e-01,-7.218440589290708864e-02,4.260550038432614484e-01,5.149631597791806126e-01,3.122354098838294734e-01,2.040823998007858242e-01,7.479797829784413932e-02,-1.827184571270165092e-01,-2.015412732336966939e-01,-3.636681045504929766e-01,4.395638630024934490e-01,-3.114160098685068156e-01,1.925563842031104422e-01,-1.392034803045809899e-01,0.000000000000000000e+00,0.000000000000000000e+00,-4.302033511707397534e-02,3.209025543820701598e-01,-5.725516830402052060e-01,1.226707388797697140e+00,0.000000000000000000e+00,0.000000000000000000e+00,0.000000000000000000e+00,-3.417046984616976535e-01,1.069091004030973957e-01,4.374687938730553727e-01,-1.047199999999999909e+00,0.000000000000000000e+00,0.000000000000000000e+00,0.000000000000000000e+00
-6.174970829558712460e-02,-2.272272997565851216e-01,8.855904323061144501e-01,1.802286329897384576e-02,-1.667384553485153076e-02,7.756227222010125821e-02,9.966851324273084956e-01,-7.249383352351367049e-02,4.235122495362801942e-01,5.137641960406975628e-01,3.113186902666291722e-01,2.052843652012417142e-01,7.401258150666095714e-02,-1.842475206589949954e-01,-2.038689310841693969e-01,-3.629976537820580051e-01,4.413004087870487924e-01,-3.123425067004165223e-01,1.940428814055710771e-01,-1.392382981264185249e-01,0.000000000000000000e+00,0.000000000000000000e+00,-4.352101124608646898e-02,3.180489733960080168e-01,-5.705028676004152421e-01,1.226785951084426562e+00,0.000000000000000000e+00,0.000000000000000000e+00,0.000000000000000000e+00,-3.411099170785910628e-01,1.045423109008316725e-01,4.322383952015740882e-01,-1.047199999999999909e+00,0.000000000000000000e+00,0.000000000000000000e+00,0.000000000000000000e+00
-6.176854615250249730e-02,-2.266119284462487782e-01,8.855904590636453078e-01,1.841807884306916401e-02,-1.670881570879198530e-02,7.738497950634978806e-02,9.966911029983873682e-01,-7.182624528228635785e-02,4.211364970271307961e-01,5.124485163164476109e-01,3.101363224464676049e-01,2.057013682923022890e-01,7.437990378208302056e-02,-1.852716235174759474e-01,-2.060609757389212371e-01,-3.624033326699511171e-01,4.433535543063281681e-01,-3.108237251962666092e-01,1.945180663800173682e-01,-1.399212800417249936e-01,0.000000000000000000e+00,0.000000000000000000e+00,-4.385148382349496332e-02,3.147242143476867704e-01,-5.710578764812072050e-01,1.227929340447390105e+00,0.000000000000000000e+00,0.000000000000000000e+00,0.000000000000000000e+00,-3.404316146627766049e-01,1.030147378741029379e-01,4.251033044107935255e-01,-1.047199999999999909e+00,0.000000000000000000e+00,0.000000000000000000e+00,0.000000000000000000e+00
-6.176635135405043192e-02,-2.258946468259974971e-01,8.856173750128747413e-01,1.910967426292394661e-02,-1.675968689243470880e-02,7.752599285865448275e-02,9.966662699600664643e-01,-7.152160548178199129e-02,4.181122049175621247e-01,5.110562966625860071e-01,3.096935494309130399e-01,2.062856673217283165e-01,7.354425473662483392e-02,-1.853861632113724123e-01,-2.095569560171336998e-01,-3.636613723483774763e-01,4.447996679162841693e-01,-3.107981976993484663e-01,1.950798164129269596e-01,-1.392998652283849170e-01,0.000000000000000000e+00,0.000000000000000000e+00,-4.525976759842721686e-02,3.123185501100839701e-01,-5.726480443607933069e-01,1.228481703591250307e+00,0.000000000000000000e+00,0.000000000000000000e+00,0.000000000000000000e+00,-3.403264839940497999e-01,1.026228181942249046e-01,4.172537846776007142e-01,-1.047199999999999909e+00,0.000000000000000000e+00,0.000000000000000000e+00,0.000000000000000000e+00
-6.176046602938406460e-02,-2.250400326590568378e-01,8.856064933757654689e-01,1.951712475462353408e-02,-1.725853561100303482e-02,7.845563251878168165e-02,9.965771111740194810e-01,-7.164231319575525836e-02,4.159568276787732888e-01,5.087646197003353743e-01,3.106378581237750902e-01,2.065826868781905079e-01,7.304731984854516413e-02,-1.849659180577901407e-01,-2.125248803440278333e-01,-3.639112455929264245e-01,4.470080253228776446e-01,-3.087640297541602852e-01,1.956926374205502361e-01,-1.393786292313547448e-01,0.000000000000000000e+00,0.000000000000000000e+00,-4.613821795000011550e-02,3.089500589660743035e-01,-5.739713144456197735e-01,1.229411725899155261e+00,0.000000000000000000e+00,0.000000000000000000e+00,0.000000000000000000e+00,-3.394305264947911072e-01,9.963509151139934850e-02,4.078957578722058330e-01,-1.047199999999999909e+00,0.000000000000000000e+00,0.000000000000000000e+00,0.000000000000000000e+00
-6.176973159070299479e-02,-2.240493799590428936e-01,8.856183560101500429e-01,1.982503826183758255e-02,-1.798649850023998145e-02,7.891557171304718066e-02,9.965218443520547087e-01,-7.052872469845415659e-02,4.141971515814164007e-01,5.077307959041366114e-01,3.114414510212888954e-01,2.061014045500129399e-01,7.155740178836064724e-02,-1.830017679797533992e-01,-2.156622502945857445e-01,-3.662985772671175089e-01,4.477070432572755054e-01,-3.073016873627717471e-01,1.970370769252461074e-01,-1.396697473197439920e-01,0.000000000000000000e+00,0.000000000000000000e+00,-4.679845491778922284e-02,3.053347885432556308e-01,-5.746495254030823396e-01,1.230174115177183003e+00,0.000000000000000000e+00,0.000000000000000000e+00,0.000000000000000000e+00,-3.405174785768653178e-01,9.446685776203135598e-02,3.959154155923489404e-01,-1.047199999999999909e+00,0.000000000000000000e+00,0.000000000000000000e+00,0.000000000000000000e+00
-6.175434149948159923e-02,-2.229971180315024337e-01,8.857068398681144927e-01,1.992324756991140089e-02,-1.850994215624266262e-02,7.971842504480879110e-02,9.964463954252712474e-01,-6.939896135249426501e-02,4.124128884873857759e-01,5.075299771043142449e-01,3.112414982304742006e-01,2.019886973332455371e-01,7.272017594870705537e-02,-1.804785616745248900e-01,-2.183906855783900591e-01,-3.695359139097938450e-01,4.466240011162386225e-01,-3.045582966391470192e-01,1.997414813280751766e-01,-1.392538842341001781e-01,0.000000000000000000e+00,0.000000000000000000e+00,-4.831600301467142700e-02,3.023554811689235233e-01,-5.765121282158613969e-01,1.229690669531572356e+00,0.000000000000000000e+00,0.000000000000000000e+00,0.000000000000000000e+00,-3.399506709278379279e-01,9.052320864233354136e-02,3.823847391465929890e-01,-1.047199999999999909e+00,0.000000000000000000e+00,0.000000000000000000e+00,0.000000000000000000e+00
-6.168095337750492679e-02,-2.218441232302361954e-01,8.858525309326161779e-01,1.996059626693152608e-02,-1.924929898458286118e-02,8.059420651754389819e-02,9.963611859968644069e-01,-6.776951229231456542e-02,4.099527328349208410e-01,5.052583502521282854e-01,3.103104475082723024e-01,1.985241127121213922e-01,7.229146253670155897e-02,-1.778073219553399642e-01,-2.197809948812590175e-01,-3.694251561403955608e-01,4.453316438860300264e-01,-3.017948519281407616e-01,1.989361813680811941e-01,-1.381765177188377658e-01,0.000000000000000000e+00,0.000000000000000000e+00,-5.058106877583718602e-02,2.987320590259843200e-01,-5.756935303311271346e-01,1.231149431303570463e+00,0.000000000000000000e+00,0.000000000000000000e+00,0.000000000000000000e+00,-3.394843672637739562e-01,8.874448858457024969e-02,3.664115867126318538e-01,-1.047199999999999909e+00,0.000000000000000000e+00,0.000000000000000000e+00,0.000000000000000000e+00
-6.161322235679760756e-02,-2.206821571233276158e-01,8.859788331201057243e-01,1.974879086253417126e-02,-1.987624344052289077e-02,8.157168002291942388e-02,9.962735473876637160e-01,-6.681410541110695267e-02,4.088619972134083791e-01,5.043798019336649396e-01,3.106052938059293278e-01,1.949311178178892157e-01,7.155333598859263400e-02,-1.745930428708981630e-01,-2.210843881254917487e-01,-3.713832176969742993e-01,4.429995029209771729e-01,-2.987790390435316468e-01,1.991609856643663801e-01,-1.377567843275578630e-01,0.000000000000000000e+00,0.000000000000000000e+00,-5.197873926769763092e-02,2.957200358112234695e-01,-5.770539163983946507e-01,1.231053648551297286e+00,0.000000000000000000e+00,0.000000000000000000e+00,0.000000000000000000e+00,-3.395037964310029799e-01,8.418219814906353904e-02,3.505613610834574234e-01,-1.047199999999999909e+00,0.000000000000000000e+00,0.000000000000000000e+00,0.000000000000000000e+00
-6.152958575523430340e-02,-2.195805354247081231e-01,8.860863085293418928e-01,1.968736667805796522e-02,-2.065922009937715131e-02,8.269454946983705035e-02,9.961662590683093566e-01,-6.592472560338155652e-02,4.076418418065941851e-01,5.031071871761971792e-01,3.114209603687199124e-01,1.921854382838068809e-01,7.045235002834140947e-02,-1.709714893456721896e-01,-2.226462923846984909e-01,-3.733058037064378443e-01,4.410215283229209082e-01,-2.973308010580899552e-01,1.993766473211760482e-01,-1.365921399673598879e-01,0.000000000000000000e+00,0.000000000000000000e+00,-5.428367394554772102e-02,2.939735894276372941e-01,-5.799391674165222943e-01,1.231530020489597588e+00,0.000000000000000000e+00,0.000000000000000000e+00,0.000000000000000000e+00,-3.376242926957625512e-01,8.035154329011602592e-02,3.378440708582561847e-01,-1.047199999999999909e+00,0.000000000000000000e+00,0.000000000000000000e+00,0.000000000000000000e+00
-6.142027827138119012e-02,-2.184680898635114610e-01,8.861836687053791239e-01,1.931979519841175996e-02,-2.120000106654073083e-02,8.369900715846312345e-02,9.960782005791301019e-01,-6.571113322780529342e-02,4.070446252973828338e-01,5.016750751676702924e-01,3.125157491714594116e-01,1.881413912197660021e-01,7.164653962255609909e-02,-1.676782533777934348e-01,-2.235277260543486744e-01,-3.756307752328146843e-01,4.384904235613736878e-01,-2.950956910251996690e-01,1.997694506541445036e-01,-1.353699380685565168e-01,0.000000000000000000e+00,0.000000000000000000e+00,-5.565590438419248942e-02,2.912322704046111377e-01,-5.809491344083607123e-01,1.230778256528451298e+00,0.000000000000000000e+00,0.000000000000000000e+00,0.000000000000000000e+00,-3.355007093348475466e-01,7.797687916397248731e-02,3.251614710131687236e-01,-1.047199999999999909e+00,0.000000000000000000e+00,0.000000000000000000e+00,0.000000000000000000e+00
-6.138982083834791659e-02,-2.173673140389905667e-01,8.862516360696066631e-01,1.895643603386400200e-02,-2.200302381853587105e-02,8.501129799986688329e-02,9.959566254049987410e-01,-6.533618979405306226e-02,4.066235749593899440e-01,5.000082174604301155e-01,3.140036753372693057e-01,1.838124247295525870e-01,7.048643206323096377e-02,-1.634818526600610999e-01,-2.242489781257649695e-01,-3.777023114803837456e-01,4.354423858398480673e-01,-2.936386594674780803e-01,2.020723672006201344e-01,-1.339608685180070091e-01,0.000000000000000000e+00,0.000000000000000000e+00,-5.701358694228862711e-02,2.898126099924015486e-01,-5.817875360773167026e-01,1.227530031859301651e+00,0.000000000000000000e+00,0.000000000000000000e+00,0.000000000000000000e+00,-3.342383870785569644e-01,7.407796443255890151e-02,3.127291506320766801e-01,-1.047199999999999909e+00,0.000000000000000000e+00,0.000000000000000000e+00,0.000000000000000000e+00
-6.127684925247417480e-02,-2.163083457636438278e-01,8.863896779560516137e-01,1.868721802884347125e-02,-2.243103177958103919e-02,8.572536031913165211e-02,9.958909575318980467e-01,-6.509760669974894165e-02,4.058581408964962445e-01,4.986544970742713412e-01,3.149165210531678638e-01,1.809225631810920387e-01,7.101413967516356784e-02,-1.604619103374236022e-01,-2.244980794520169132e-01,-3.781533477460341519e-01,4.321761339259707069e-01,-2.913778365016580496e-01,2.018810394586144918e-01,-1.322507317065777788e-01,0.000000000000000000e+00,0.000000000000000000e+00,-5.759109067162554441e-02,2.878749153459723154e-01,-5.826314704859359983e-01,1.226666921321112769e+00,0.000000000000000000e+00,0.000000000000000000e+00,0.000000000000000000e+00,-3.333838858956450490e-01,6.951801091226389451e-02,3.038417637421221285e-01,-1.047199999999999909e+00,0.000000000000000000e+00,0.000000000000000000e+00,0.000000000000000000e+00
-6.126428358112646216e-02,-2.151994088846721220e-01,8.865081920677250205e-01,1.837205185364953683e-02,-2.331927080660714524e-02,8.720311572107675158e-02,9.957481086742124843e-01,-6.487872360576651953e-02,4.046499459920911979e-01,4.949612623564174640e-01,3.158885731984847345e-01,1.781376741091715565e-01,7.017644361765605632e-02,-1.565057971861696928e-01,-2.243394347469429284e-01,-3.774676136699577356e-01,4.291609465091631437e-01,-2.898409808942808974e-01,2.008165063118304561e-01,-1.304451551145138499e-01,0.000000000000000000e+00,0.000000000000000000e+00,-5.947343319749925916e-02,2.857241595056479455e-01,-5.807728181854702187e-01,1.225891410594158293e+00,0.000000000000000000e+00,0.000000000000000000e+00,0.000000000000000000e+00,-3.327624818608765356e-01,6.593076301719522081e-02,2.897704472773378059e-01,-1.047199999999999909e+00,0.000000000000000000e+00,0.000000000000000000e+00,0.000000000000000000e+00
-6.129068242517639320e-02,-2.141394201348547632e-01,8.865916822480145454e-01,1.823377214899235196e-02,-2.428183343306361541e-02,8.857857119845623239e-02,9.956062267999269411e-01,-6.439910235996186560e-02,4.033111105044079325e-01,4.919199738177102432e-01,3.171354267295969365e-01,1.741553897332422385e-01,6.950532118637367529e-02,-1.525529221001439562e-01,-2.253088083815735776e-01,-3.788355403147168898e-01,4.271291145761925145e-01,-2.897403988146427523e-01,1.997201101819219005e-01,-1.280695661476816960e-01,0.000000000000000000e+00,0.000000000000000000e+00,-6.218001204919700736e-02,2.833305075383760752e-01,-5.800931100946272734e-01,1.226797811037877217e+00,0.000000000000000000e+00,0.000000000000000000e+00,0.000000000000000000e+00,-3.301144526526180734e-01,6.485198794151121604e-02,2.795423987326854931e-01,-1.047199999999999909e+00,0.000000000000000000e+00,0.000000000000000000e+00,0.000000000000000000e+00
-6.130584129737828847e-02,-2.129810134844427605e-01,8.866513316085334884e-01,1.797299601070410577e-02,-2.503527738782212672e-02,8.923715856663486101e-02,9.955334930736721155e-01,-6.386032452382923996e-02,4.026271684171892629e-01,4.901183056489363254e-01,3.190930793139404864e-01,1.694212712299435208e-01,6.827258604704145029e-02,-1.492541652854170731e-01,-2.263556804625648233e-01,-3.804441093780129846e-01,4.246671018143701182e-01,-2.860144458532234424e-01,2.022897108052877091e-01,-1.280485169571905779e-01,0.000000000000000000e+00,0.000000000000000000e+00,-6.286419275391938455e-02,2.811673839673251019e-01,-5.826656037431212631e-01,1.226521746944659874e+00,0.000000000000000000e+00,0.000000000000000000e+00,0.000000000000000000e+00,-3.272592989297652410e-01,6.027726363134262161e-02,2.695696306112478347e-01,-1.047199999999999909e+00,0.000000000000000000e+00,0.000000000000000000e+00,0.000000000000000000e+00
-6.135545150657809033e-02,-2.117845412754291723e-01,8.866732285166047944e-01,1.771271128531999930e-02,-2.616769021870671286e-02,9.021415388431253124e-02,9.954209754101419616e-01,-6.323943380324260899e-02,4.022555619455489007e-01,4.881731685509799190e-01,3.218174770616623048e-01,1.660983893254638355e-01,6.764273999081127364e-02,-1.452141621170591479e-01,-2.273166747644733143e-01,-3.816804166865184755e-01,4.226298044827329070e-01,-2.840227667909877018e-01,2.030496071009378345e-01,-1.268388418757118163e-01,0.000000000000000000e+00,0.000000000000000000e+00,-6.403756243074630594e-02,2.786654376823967660e-01,-5.836758698665258649e-01,1.226380209141826549e+00,0.000000000000000000e+00,0.000000000000000000e+00,0.000000000000000000e+00,-3.239362087566184378e-01,5.667024898246786346e-02,2.587265542412974240e-01,-1.047199999999999909e+00,0.000000000000000000e+00,0.000000000000000000e+00,0.000000000000000000e+00
-6.137779654651456113e-02,-2.105688633988644365e-01,8.867114797553004024e-01,1.751525801511756922e-02,-2.700535696167000871e-02,9.057197631398201942e-02,9.953696014740535114e-01,-6.238063291031487045e-02,4.015626716143033681e-01,4.868795692955599774e-01,3.239436698587698782e-01,1.622588712862508553e-01,6.757853532803216601e-02,-1.419980656186844437e-01,-2.283987979346547292e-01,-3.828734539909859902e-01,4.206915983464147857e-01,-2.824261589762905866e-01,2.039478962036306020e-01,-1.267154946984560271e-01,0.000000000000000000e+00,0.000000000000000000e+00,-6.353785063761521745e-02,2.762576552467547186e-01,-5.864243447511642282e-01,1.226250579797373730e+00,0.000000000000000000e+00,0.000000000000000000e+00,0.000000000000000000e+00,-3.223193744727554377e-01,5.273836781670709906e-02,2.494992923801834794e-01,-1.047199999999999909e+00,0.000000000000000000e+00,0.000000000000000000e+00,0.000000000000000000e+00
-6.137739219946737601e-02,-2.093021229560103336e-01,8.867468212235001257e-01,1.733700822099662475e-02,-2.760926148876496553e-02,9.095889440662047187e-02,9.953208710533077985e-01,-6.214371206394767033e-02,4.008539626168792225e-01,4.856514708704892103e-01,3.264433600055056672e-01,1.588033305219176683e-01,6.660782227721590010e-02,-1.395402228357687235e-01,-2.292279842170890647e-01,-3.825656997654484082e-01,4.190700132422373603e-01,-2.818476339000577369e-01,2.049585678285142931e-01,-1.262541853604771946e-01,0.000000000000000000e+00,0.000000000000000000e+00,-6.321052848063427043e-02,2.730972747809693457e-01,-5.866837125254156238e-01,1.225650850549098614e+00,0.000000000000000000e+00,0.000000000000000000e+00,0.000000000000000000e+00,-3.203948278713356079e-01,4.836723037154658927e-02,2.390200662645260432e-01,-1.047199999999999909e+00,0.000000000000000000e+00,0.000000000000000000e+00,0.000000000000000000e+00
-6.139774864775539298e-02,-2.080280687635484849e-01,8.867431819575836149e-01,1.722248029240425887e-02,-2.841508674042679192e-02,9.150020772140773917e-02,9.952505619214948585e-01,-6.180065173386040112e-02,4.000689994959126805e-01,4.842340129496874868e-01,3.292659078548660356e-01,1.551799522373536744e-01,6.656465706783412650e-02,-1.370382244551922868e-01,-2.304659554565695045e-01,-3.826014919816267401e-01,4.184516444128829060e-01,-2.815642509950479488e-01,2.047429568213156026e-01,-1.260133119786968625e-01,0.000000000000000000e+00,0.000000000000000000e+00,-6.304659506640952760e-02,2.705550692081135633e-01,-5.871707501456984168e-01,1.224644479803876029e+00,0.000000000000000000e+00,0.000000000000000000e+00,0.000000000000000000e+00,-3.192290045745106442e-01,4.466091714745270419e-02,2.301142317039834295e-01,-1.047199999999999909e+00,0.000000000000000000e+00,0.000000000000000000e+00,0.000000000000000000e+00
-6.138708840017317175e-02,-2.066969212243983389e-01,8.867500300544585157e-01,1.706276296407976609e-02,-2.879515272938455023e-02,9.167321479695307584e-02,9.952264681910922839e-01,-6.186655304018710139e-02,3.989408231468335453e-01,4.825946260682707489e-01,3.317541576964076477e-01,1.500254808384417493e-01,6.658316343566564321e-02,-1.358383840267081699e-01,-2.313453555716890042e-01,-3.812290023234197189e-01,4.178267029300410940e-01,-2.799713655273320390e-01,2.057077031256862587e-01,-1.264811919648123062e-01,0.000000000000000000e+00,0.000000000000000000e+00,-6.343486676007947800e-02,2.686138840100990022e-01,-5.906752722985867399e-01,1.224149967556749763e+00,0.000000000000000000e+00,0.000000000000000000e+00,0.000000000000000000e+00,-3.170262916488087446e-01,4.188967178341647390e-02,2.206155960604577748e-01,-1.047199999999999909e+00,0.000000000000000000e+00,0.000000000000000000e+00,0.000000000000000000e+00
-6.147974751107126989e-02,-2.053745178893083279e-01,8.867202357442237615e-01,1.701663713743950881e-02,-2.950601542225371118e-02,9.181879179549909398e-02,9.951930157450109560e-01,-6.152479778424103235e-02,3.984134552617348279e-01,4.825769356336674920e-01,3.351072519363653135e-01,1.461263738256485811e-01,6.701841622901576201e-02,-1.338582654691420903e-01,-2.331475739814463100e-01,-3.819923928883100506e-01,4.174757207878140308e-01,-2.792703020007590298e-01,2.058261225191266586e-01,-1.256708186607502220e-01,0.000000000000000000e+00,0.000000000000000000e+00,-6.386196338084894342e-02,2.662547888605735769e-01,-5.930973904426022347e-01,1.223425971971448423e+00,0.000000000000000000e+00,0.000000000000000000e+00,0.000000000000000000e+00,-3.147472560430829569e-01,3.895573841050144898e-02,2.124426808934890276e-01,-1.047199999999999909e+00,0.000000000000000000e+00,0.000000000000000000e+00,0.000000000000000000e+00
-6.159815926602489611e-02,-2.040186028406505980e-01,8.867433954597931933e-01,1.695893642866487527e-02,-3.002870107107737108e-02,9.165783488065611107e-02,9.951932038012434312e-01,-6.114103033946516330e-02,3.974092611931491215e-01,4.821068303537768829e-01,3.376502862250972403e-01,1.427393311361657702e-01,6.773991752024344226e-02,-1.329422304413703515e-01,-2.341843035142991414e-01,-3.799908396739624106e-01,4.171875193138797067e-01,-2.774616198165754666e-01,2.049948870558663538e-01,-1.251070650225106218e-01,0.000000000000000000e+00,0.000000000000000000e+00,-6.299524466248603016e-02,2.633176713905206467e-01,-5.952337743258133695e-01,1.222498442883430458e+00,0.000000000000000000e+00,0.000000000000000000e+00,0.000000000000000000e+00,-3.112841812304336098e-01,3.609792182393137955e-02,2.045602706043708197e-01,-1.047199999999999909e+00,0.000000000000000000e+00,0.000000000000000000e+00,0.000000000000000000e+00
-6.180914154127713223e-02,-2.026816762178695608e-01,8.867393121133386735e-01,1.689441588844728739e-02,-3.058255506619944955e-02,9.192871936257360210e-02,9.951524489211532876e-01,-6.097025442713888826e-02,3.961574773984628539e-01,4.810871417075148759e-01,3.398722971015489258e-01,1.379816747983117209e-01,6.787782401297956514e-02,-1.314236055382627666e-01,-2.355214217684957478e-01,-3.792151048751602471e-01,4.164071100959135241e-01,-2.760683269220364222e-01,2.064822042382524203e-01,-1.247924663891075148e-01,0.000000000000000000e+00,0.000000000000000000e+00,-6.363845243599634827e-02,2.608212990797054154e-01,-5.960344590538343423e-01,1.222745024128006230e+00,0.000000000000000000e+00,0.000000000000000000e+00,0.000000000000000000e+00,-3.081354001976437940e-01,3.364198694656575506e-02,1.965918073294752044e-01,-1.047199999999999909e+00,0.000000000000000000e+00,0.000000000000000000e+00,0.000000000000000000e+00
-6.210108696193223504e-02,-2.013836486396484438e-01,8.867800453632280755e-01,1.699704741479407186e-02,-3.124830134537581391e-02,9.218950433007905287e-02,9.951058935277100614e-01,-6.029881790555094434e-02,3.942013685075231866e-01,4.797425270170484479e-01,3.412476947848023245e-01,1.339949211709043631e-01,6.775513949004710601e-02,-1.303100768386468433e-01,-2.371289909341620372e-01,-3.776161952177163328e-01,4.163719711054258976e-01,-2.738910249836051247e-01,2.064978967046010583e-01,-1.246232141448217756e-01,0.000000000000000000e+00,0.000000000000000000e+00,-6.471065859863747716e-02,2.581065570538897957e-01,-5.979523556584738220e-01,1.223425947577526207e+00,0.000000000000000000e+00,0.000000000000000000e+00,0.000000000000000000e+00,-3.040145298959276987e-01,3.152795704558692541e-02,1.906907829560395284e-01,-1.047199999999999909e+00,0.000000000000000000e+00,0.000000000000000000e+00,0.000000000000000000e+00
-6.245177198801345891e-02,-2.000894695980802163e-01,8.868156873975115984e-01,1.700752163022578242e-02,-3.169348380926676617e-02,9.298540602392098287e-02,9.950175785173827059e-01,-6.077741420065973371e-02,3.924191235360162122e-01,4.780097248997395853e-01,3.431139309386893599e-01,1.291527252402560055e-01,6.692813446096898544e-02,-1.292595817241249112e-01,-2.390358932341345444e-01,-3.776391038553242874e-01,4.161455886473858223e-01,-2.712885170467213003e-01,2.066414220372372879e-01,-1.252163704596473137e-01,0.000000000000000000e+00,0.000000000000000000e+00,-6.580159490764095342e-02,2.553630396491818888e-01,-6.015542154989436119e-01,1.222878627774357962e+00,0.000000000000000000e+00,0.000000000000000000e+00,0.000000000000000000e+00,-3.008969742437637152e-01,2.844053476093318100e-02,1.842145705527582777e-01,-1.047199999999999909e+00,0.000000000000000000e+00,0.000000000000000000e+00,0.000000000000000000e+00
-6.287453448508027731e-02,-1.989112714221879796e-01,8.868462270370895961e-01,1.749225155624528627e-02,-3.226634997908454233e-02,9.311686691876505662e-02,9.949784685558545894e-01,-6.040469832293864777e-02,3.897005409246092622e-01,4.767480786168207807e-01,3.444292954883698687e-01,1.272294605208212914e-01,6.723378962567766459e-02,-1.287894290300852784e-01,-2.421657655532384601e-01,-3.775916300235114820e-01,4.169031095891539418e-01,-2.681564163754335262e-01,2.065848256910316483e-01,-1.256956467884604023e-01,0.000000000000000000e+00,0.000000000000000000e+00,-6.608883524349348781e-02,2.532877332296729622e-01,-6.087203955211446527e-01,1.223500609296397590e+00,0.000000000000000000e+00,0.000000000000000000e+00,0.000000000000000000e+00,-2.980885066986205256e-01,2.675811181827214558e-02,1.800709539269531867e-01,-1.047199999999999909e+00,0.000000000000000000e+00,0.000000000000000000e+00,0.000000000000000000e+00
-6.341343297609458585e-02,-1.978100877601555729e-01,8.867566678530728330e-01,1.776757046158605052e-02,-3.352422644762818177e-02,9.441573920963543254e-02,9.948095837246840878e-01,-6.047342384533243437e-02,3.886658237180754538e-01,4.757627341733414728e-01,3.477083656076415674e-01,1.269355427497908528e-01,6.686160658087138275e-02,-1.264351466733139584e-01,-2.450681834355111222e-01,-3.786562648805324449e-01,4.181000157077519042e-01,-2.672350361542599750e-01,2.067970274100391082e-01,-1.259425933854130819e-01,0.000000000000000000e+00,0.000000000000000000e+00,-6.719100448206712095e-02,2.507763597999458360e-01,-6.139600728111812566e-01,1.223460079155169522e+00,0.000000000000000000e+00,0.000000000000000000e+00,0.000000000000000000e+00,-2.951847680751906733e-01,2.040988866554269143e-02,1.755113788575358436e-01,-1.047199999999999909e+00,0.000000000000000000e+00,0.000000000000000000e+00,0.000000000000000000e+00
-6.386910712624725706e-02,-1.967394202231904088e-01,8.867453583116325921e-01,1.815727296028923562e-02,-3.431327976156962195e-02,9.559351650422956426e-02,9.946631549791143945e-01,-6.007650071028799998e-02,3.859927560486792197e-01,4.738091591004229275e-01,3.485324734844961192e-01,1.225060443412920169e-01,6.564726601111943449e-02,-1.254705811285254935e-01,-2.482192754796829215e-01,-3.788888747798724865e-01,4.198887647163129233e-01,-2.643967853899116260e-01,2.087799176790135214e-01,-1.270906750785059935e-01,0.000000000000000000e+00,0.000000000000000000e+00,-6.809644864741697112e-02,2.483296389298526030e-01,-6.187324924082244770e-01,1.223281809473673709e+00,0.000000000000000000e+00,0.000000000000000000e+00,0.000000000000000000e+00,-2.931166114309990967e-01,1.733339633220226661e-02,1.716402942379559315e-01,-1.047199999999999909e+00,0.000000000000000000e+00,0.000000000000000000e+00,0.000000000000000000e+00
-6.432756562854756444e-02,-1.957031270104056253e-01,8.867928243180452919e-01,1.842534107343701127e-02,-3.480827931057953184e-02,9.600829151916621951e-02,9.946010750332694439e-01,-5.936759824764480803e-02,3.842080157766221138e-01,4.744273250991223878e-01,3.489647898424881323e-01,1.198658442668269763e-01,6.511609701972470576e-02,-1.243144694553497409e-01,-2.507100600913375610e-01,-3.797249978833620032e-01,4.194562163366227781e-01,-2.620668080624087848e-01,2.107896403551948739e-01,-1.281154727682522199e-01,0.000000000000000000e+00,0.000000000000000000e+00,-6.817233674047847025e-02,2.453027576115355546e-01,-6.200222134776512961e-01,1.223000170741071368e+00,0.000000000000000000e+00,0.000000000000000000e+00,0.000000000000000000e+00,-2.910803566899848871e-01,1.145459838812975389e-02,1.667724973172787228e-01,-1.047199999999999909e+00,0.000000000000000000e+00,0.000000000000000000e+00,0.000000000000000000e+00
-6.470120186871473889e-02,-1.947105203732876766e-01,8.868678817661433955e-01,1.877474507736405160e-02,-3.529491591543200413e-02,9.705484686433660246e-02,9.944758089355130171e-01,-5.892517689692110955e-02,3.816587688330207451e-01,4.735694085262198705e-01,3.490006501854184817e-01,1.156849508536784560e-01,6.430326427923023502e-02,-1.230397934807452021e-01,-2.527775837443244633e-01,-3.790021894287782245e-01,4.191499649134798888e-01,-2.609319154157602183e-01,2.112603569298066308e-01,-1.287472104129645523e-01,0.000000000000000000e+00,0.000000000000000000e+00,-6.947849863171454143e-02,2.423047300367273393e-01,-6.209114597116958123e-01,1.224115940273189818e+00,0.000000000000000000e+00,0.000000000000000000e+00,0.000000000000000000e+00,-2.898994756749567747e-01,9.390178990925722446e-03,1.582095367625404869e-01,-1.047199999999999909e+00,0.000000000000000000e+00,0.000000000000000000e+00,0.000000000000000000e+00
-6.501104249669016621e-02,-1.938083224819553418e-01,8.869493854001562205e-01,1.909408069348410980e-02,-3.568190322806312487e-02,9.787846297044455746e-02,9.943751929483344298e-01,-5.865919428249378315e-02,3.796513826390183199e-01,4.733321639120456892e-01,3.494845452160684762e-01,1.128875321498336581e-01,6.310447079884699828e-02,-1.222685437542845588e-01,-2.548787237735563038e-01,-3.786749330405734248e-01,4.194223675936477047e-01,-2.591166741128523299e-01,2.114583795201458727e-01,-1.289037021281159157e-01,0.000000000000000000e+00,0.000000000000000000e+00,-7.059334794267434210e-02,2.398600492687481822e-01,-6.226051810956964028e-01,1.224207220350171044e+00,0.000000000000000000e+00,0.000000000000000000e+00,0.000000000000000000e+00,-2.885408621973357124e-01,5.931757529708851610e-03,1.529572356335646144e-01,-1.047199999999999909e+00,0.000000000000000000e+00,0.000000000000000000e+00,0.000000000000000000e+00
-6.528817524068777911e-02,-1.930169879285761891e-01,8.869094238128852892e-01,1.965229865830440265e-02,-3.640033510606956874e-02,9.884200858393052402e-02,9.942429582857023052e-01,-5.863180349322427709e-02,3.775266900770201106e-01,4.721709423406572625e-01,3.512780883491601891e-01,1.119610138603772259e-01,6.356214088832565223e-02,-1.209731761268665329e-01,-2.578371576789379449e-01,-3.789615308066879296e-01,4.208286561498371103e-01,-2.592864459252320897e-01,2.124555163461965546e-01,-1.287774674912768036e-01,0.000000000000000000e+00,0.000000000000000000e+00,-7.139231187311566307e-02,2.376050608639034556e-01,-6.266467203080539061e-01,1.224336924668526283e+00,0.000000000000000000e+00,0.000000000000000000e+00,0.000000000000000000e+00,-2.885382318603444407e-01,6.642233272355801965e-03,1.508123678756507768e-01,-1.047199999999999909e+00,0.000000000000000000e+00,0.000000000000000000e+00,0.000000000000000000e+00
-6.546586700677678450e-02,-1.922362844304635887e-01,8.869532287625860878e-01,1.998531621903461633e-02,-3.681185467436413894e-02,9.973950410993319415e-02,9.941315334556910521e-01,-5.847246894171520548e-02,3.758482382628535734e-01,4.721234251301278384e-01,3.521804929611650481e-01,1.095460367130460244e-01,6.439842751150944011e-02,-1.200498560634341572e-01,-2.601547149096723466e-01,-3.793348955049873350e-01,4.215602621553821150e-01,-2.576808355130336681e-01,2.134454667785941895e-01,-1.291599837638384152e-01,0.000000000000000000e+00,0.000000000000000000e+00,-7.165739218509348252e-02,2.357476842787892823e-01,-6.295543804865748605e-01,1.223631696683745940e+00,0.000000000000000000e+00,0.000000000000000000e+00,0.000000000000000000e+00,-2.883744815294626562e-01,4.449189208783909527e-03,1.464948432849832727e-01,-1.047199999999999909e+00,0.000000000000000000e+00,0.000000000000000000e+00,0.000000000000000000e+00
-6.559344577511928842e-02,-1.914899144869757208e-01,8.869889768932135432e-01,2.028227536094185171e-02,-3.730342760132537155e-02,1.004731670633649404e-01,9.940333124677631638e-01,-5.807435030797435810e-02,3.743297476307670402e-01,4.718666686439743074e-01,3.531214615952735225e-01,1.075936463358199147e-01,6.494976140862079861e-02,-1.187825623495733784e-01,-2.622953855618695984e-01,-3.800901363371810837e-01,4.219433986479148024e-01,-2.559897600512691662e-01,2.139144598545982268e-01,-1.295891479380841815e-01,0.000000000000000000e+00,0.000000000000000000e+00,-7.166314625007982886e-02,2.343247459489599949e-01,-6.322445391562907524e-01,1.223204095006664938e+00,0.000000000000000000e+00,0.000000000000000000e+00,0.000000000000000000e+00,-2.885163879257482966e-01,1.387044525453204856e-03,1.414431422514305092e-01,-1.047199999999999909e+00,0.000000000000000000e+00,0.000000000000000000e+00,0.000000000000000000e+00
-6.563006350935951527e-02,-1.907690756380282515e-01,8.871071237259091635e-01,2.047309519432415417e-02,-3.721708967050232214e-02,1.007400198791527229e-01,9.940056282558821232e-01,-5.787087400687871558e-02,3.725900976572517065e-01,4.720322384318720310e-01,3.528837684772691552e-01,1.043214681031409408e-01,6.586333001103684970e-02,-1.184089803262119156e-01,-2.636892648034499520e-01,-3.800908793632426508e-01,4.209724959141150080e-01,-2.529356176523078759e-01,2.150987244356338257e-01,-1.302336656102422718e-01,0.000000000000000000e+00,0.000000000000000000e+00,-7.084203799099890453e-02,2.333069873117329107e-01,-6.358026235164672135e-01,1.222514067915962732e+00,0.000000000000000000e+00,0.000000000000000000e+00,0.000000000000000000e+00,-2.899001741584873448e-01,-2.190404737174124657e-03,1.368382159105428486e-01,-1.047199999999999909e+00,0.000000000000000000e+00,0.000000000000000000e+00,0.000000000000000000e+00
-6.563438390811938972e-02,-1.901032559498054553e-01,8.871754021491198294e-01,2.053782793908890542e-02,-3.704752215561399331e-02,1.013536785517991645e-01,9.939482434059095928e-01,-5.858520709293334183e-02,3.713506353228153145e-01,4.715556014121589090e-01,3.533118535499421009e-01,1.019755453522191158e-01,6.606480403207125318e-02,-1.178049613285331310e-01,-2.649309878863785883e-01,-3.808889143449228909e-01,4.197661977804497679e-01,-2.506326728527586423e-01,2.171811707589783036e-01,-1.305238818166793158e-01,0.000000000000000000e+00,0.000000000000000000e+00,-7.056314380501735317e-02,2.328175284625361718e-01,-6.389124921505280330e-01,1.221608462448791066e+00,0.000000000000000000e+00,0.000000000000000000e+00,0.000000000000000000e+00,-2.909159323403136543e-01,-6.491092235024048356e-03,1.323588412913086210e-01,-1.047199999999999909e+00,0.000000000000000000e+00,0.000000000000000000e+00,0.000000000000000000e+00
-6.563740532586415100e-02,-1.895018730535668328e-01,8.872190220065540034e-01,2.053803233361028296e-02,-3.710348472448757318e-02,1.017250999521602528e-01,9.939082073757549152e-01,-5.869660862828051523e-02,3.707825686553752886e-01,4.718218970255334543e-01,3.539920388859943423e-01,1.002430291328508111e-01,6.617268983671509286e-02,-1.168069482406076803e-01,-2.660193105706727401e-01,-3.820813624294694399e-01,4.186882277358556226e-01,-2.484780048139998143e-01,2.186457778439254707e-01,-1.310949194451890010e-01,0.000000000000000000e+00,0.000000000000000000e+00,-6.993109600755190169e-02,2.323815618894351231e-01,-6.427828312958061563e-01,1.220149897896395386e+00,0.000000000000000000e+00,0.000000000000000000e+00,0.000000000000000000e+00,-2.916352896873868339e-01,-1.126717952980813009e-02,1.305181181508136001e-01,-1.047199999999999909e+00,0.000000000000000000e+00,0.000000000000000000e+00,0.000000000000000000e+00
-6.567002307800687277e-02,-1.889327394117710501e-01,8.872538017538528221e-01,2.047141906678677861e-02,-3.740926762449232890e-02,1.017146081665733365e-01,9.938991931693633708e-01,-5.813353759676374855e-02,3.706836586151575075e-01,4.726129823112189543e-01,3.549852280703461038e-01,9.822455859663836719e-02,6.711748944020271002e-02,-1.152534785644671600e-01,-2.663254894564499042e-01,-3.823594825776841510e-01,4.168882866499983297e-01,-2.470208380141914462e-01,2.191335082120594302e-01,-1.318451035503155344e-01,0.000000000000000000e+00,0.000000000000000000e+00,-6.900426993047148461e-02,2.322873894668092964e-01,-6.473937967026407447e-01,1.218998906784593661e+00,0.000000000000000000e+00,0.000000000000000000e+00,0.000000000000000000e+00,-2.923052063638060805e-01,-1.386028277196482694e-02,1.281986508055348029e-01,-1.047199999999999909e+00,0.000000000000000000e+00,0.000000000000000000e+00,0.000000000000000000e+00
-6.561352441458551121e-02,-1.884353338390452604e-01,8.873092609901600536e-01,2.038971459824275717e-02,-3.740440355877914375e-02,1.022906741489304216e-01,9.938419331640074850e-01,-5.882217842710949635e-02,3.704481144457812403e-01,4.723286388877120934e-01,3.562141928909929312e-01,9.664157425766724263e-02,6.693401078204791466e-02,-1.142302160998788368e-01,-2.667844318439844264e-01,-3.830987285752756599e-01,4.155422376928801231e-01,-2.449858195778464309e-01,2.196467796629980040e-01,-1.320955756022647309e-01,0.000000000000000000e+00,0.000000000000000000e+00,-6.870621158317705146e-02,2.327803529263064719e-01,-6.516734211190965409e-01,1.218174793265681233e+00,0.000000000000000000e+00,0.000000000000000000e+00,0.000000000000000000e+00,-2.925121937974410891e-01,-1.640142626045553928e-02,1.273459083795810132e-01,-1.047199999999999909e+00,0.000000000000000000e+00,0.000000000000000000e+00,0.000000000000000000e+00
-6.564086645104859341e-02,-1.879724230078621550e-01,8.872872411799274106e-01,2.024092493645491750e-02,-3.774531791344698517e-02,1.022208081093949894e-01,9.938392738882841915e-01,-5.842092979414611337e-02,3.709270790540004081e-01,4.732229286359334042e-01,3.577042515059615790e-01,9.485056955635343123e-02,6.768203226840299735e-02,-1.130521329843288958e-01,-2.670984637758760383e-01,-3.837163988052472163e-01,4.149342747900496287e-01,-2.448654709254818873e-01,2.210749224953958425e-01,-1.319893734749920111e-01,0.000000000000000000e+00,0.000000000000000000e+00,-6.855612947291166159e-02,2.325208103519473268e-01,-6.504877976442631216e-01,1.218390266540944955e+00,0.000000000000000000e+00,0.000000000000000000e+00,0.000000000000000000e+00,-2.918968883518811008e-01,-1.810226692538744950e-02,1.258962334512720715e-01,-1.047199999999999909e+00,0.000000000000000000e+00,0.000000000000000000e+00,0.000000000000000000e+00
-6.558813841703423075e-02,-1.875528187203620856e-01,8.873049097762150117e-01,2.013792170767197617e-02,-3.804592554697148327e-02,1.027449104181368256e-01,9.937758575462269928e-01,-5.851760393228950391e-02,3.709550159970568251e-01,4.728748678484397949e-01,3.590757793840275713e-01,9.330044055654702906e-02,6.769149078947082898e-02,-1.120868019107271046e-01,-2.674929391391048794e-01,-3.840112619648727854e-01,4.149047241975296618e-01,-2.431306566702226557e-01,2.209098820979409350e-01,-1.325260703395185202e-01,0.000000000000000000e+00,0.000000000000000000e+00,-6.808557030286720158e-02,2.315368676152832206e-01,-6.488078283337195273e-01,1.219401343890471612e+00,0.000000000000000000e+00,0.000000000000000000e+00,0.000000000000000000e+00,-2.912860252875359990e-01,-2.040661372561536693e-02,1.255687042902246531e-01,-1.047199999999999909e+00,0.000000000000000000e+00,0.000000000000000000e+00,0.000000000000000000e+00
-6.552441680723360140e-02,-1.872120137618022984e-01,8.873419982756921565e-01,2.026275706649673450e-02,-3.833253801577272274e-02,1.028070826050299369e-01,9.937558759431693867e-01,-5.774118789983154892e-02,3.704606515019973623e-01,4.733599382166334135e-01,3.594885741610817087e-01,9.227581135186462002e-02,6.836397475417604896e-02,-1.116097610909621562e-01,-2.677043259173124135e-01,-3.823687000899241850e-01,4.150125391437450295e-01,-2.425383611273317086e-01,2.198828757659874733e-01,-1.334462201873967968e-01,0.000000000000000000e+00,0.000000000000000000e+00,-6.772362616884028408e-02,2.309496819368349885e-01,-6.480012944888482451e-01,1.220658757841601494e+00,0.000000000000000000e+00,0.000000000000000000e+00,0.000000000000000000e+00,-2.918281187693966827e-01,-1.929373252012230033e-02,1.243117700369664180e-01,-1.047199999999999909e+00,0.000000000000000000e+00,0.000000000000000000e+00,0.000000000000000000e+00
-6.543565544640621290e-02,-1.869307060349285066e-01,8.873740372983780489e-01,2.009489180043085368e-02,-3.825020703815838752e-02,1.024361420146490259e-01,9.938007616188577753e-01,-5.759109402505861730e-02,3.706262195923312186e-01,4.738163249535443100e-01,3.598956265157719492e-01,9.131913496501797844e-02,6.900091202581948302e-02,-1.118596457380739984e-01,-2.673185432691127517e-01,-3.811866093393881938e-01,4.148219277935636939e-01,-2.419498755358807374e-01,2.212229855715542315e-01,-1.337866204739801279e-01,0.000000000000000000e+00,0.000000000000000000e+00,-6.693691896567914579e-02,2.303336782453352938e-01,-6.465641426987367435e-01,1.219999656280234213e+00,0.000000000000000000e+00,0.000000000000000000e+00,0.000000000000000000e+00,-2.915485515919635784e-01,-1.955813335068152733e-02,1.259011667870418849e-01,-1.047199999999999909e+00,0.000000000000000000e+00,0.000000000000000000e+00,0.000000000000000000e+00
-6.532684533606671062e-02,-1.867803684819119570e-01,8.873814498626781955e-01,2.016222518379184869e-02,-3.842000613316020469e-02,1.023659214191250111e-01,9.938000834857981802e-01,-5.706917927474856878e-02,3.700598904002078138e-01,4.729716687855369806e-01,3.599563109715255282e-01,9.036550511388302676e-02,6.853153499275187188e-02,-1.116609339533675277e-01,-2.674827274786301667e-01,-3.805974893324789998e-01,4.151884766902642632e-01,-2.412639977356423049e-01,2.202740787468770722e-01,-1.345098702115689604e-01,0.000000000000000000e+00,0.000000000000000000e+00,-6.653671722172871394e-02,2.311067896624994233e-01,-6.456905434224884388e-01,1.221300334027397794e+00,0.000000000000000000e+00,0.000000000000000000e+00,0.000000000000000000e+00,-2.925511076408669475e-01,-1.981497491938758598e-02,1.261729191977709885e-01,-1.047199999999999909e+00,0.000000000000000000e+00,0.000000000000000000e+00,0.000000000000000000e+00
-6.522256324170841446e-02,-1.867459494861823388e-01,8.873709868562549286e-01,2.016972411669464005e-02,-3.845995644365346466e-02,1.023277850014160245e-01,9.938023135393239116e-01,-5.675325619616730655e-02,3.700521517267706395e-01,4.730357846689567380e-01,3.598117413784511220e-01,9.080503085468859259e-02,6.815349036630755086e-02,-1.116771178570573897e-01,-2.673914808179241875e-01,-3.799908962030859039e-01,4.155896516239508953e-01,-2.418103672736064691e-01,2.201707211102261752e-01,-1.350080680595724947e-01,0.000000000000000000e+00,0.000000000000000000e+00,-6.612861383232405965e-02,2.311235149677518808e-01,-6.436979796922167596e-01,1.222553674143736169e+00,0.000000000000000000e+00,0.000000000000000000e+00,0.000000000000000000e+00,-2.941019321739550829e-01,-2.067808221428299106e-02,1.261075869165596830e-01,-1.047199999999999909e+00,0.000000000000000000e+00,0.000000000000000000e+00,0.000000000000000000e+00
-6.520207247450164612e-02,-1.868577900438689043e-01,8.873066742801638540e-01,2.027012331284197902e-02,-3.886372865435021307e-02,1.023961509131312009e-01,9.937775208637688040e-01,-5.587501725240681671e-02,3.704556125373568154e-01,4.740259331322813630e-01,3.600701887953627334e-01,9.109035397675094292e-02,6.893118567116418571e-02,-1.109063746852356896e-01,-2.679960493241247965e-01,-3.811522063597768684e-01,4.166409525291664417e-01,-2.435414593020158447e-01,2.212943447372568984e-01,-1.349649437860335477e-01,0.000000000000000000e+00,0.000000000000000000e+00,-6.647180574546264487e-02,2.315014672007616736e-01,-6.402946531761334326e-01,1.223092724996579728e+00,0.000000000000000000e+00,0.000000000000000000e+00,0.000000000000000000e+00,-2.947406365810478213e-01,-1.902945933476453411e-02,1.285524475590722471e-01,-1.047199999999999909e+00,0.000000000000000000e+00,0.000000000000000000e+00,0.000000000000000000e+00
-6.514223984394559852e-02,-1.870243006795457019e-01,8.872532182832922887e-01,2.030685913491415973e-02,-3.926137559122355736e-02,1.026354706955069779e-01,9.937364519900993010e-01,-5.524742417633228542e-02,3.709915164505368512e-01,4.744120273709888647e-01,3.604830506527632594e-01,9.137025486634475779e-02,6.892678152746908871e-02,-1.099441362616729034e-01,-2.681663060772551677e-01,-3.820381569663909849e-01,4.171177474574563337e-01,-2.440576968658162149e-01,2.218976291539307422e-01,-1.359890202551366778e-01,0.000000000000000000e+00,0.000000000000000000e+00,-6.631364884989639219e-02,2.329586704722820534e-01,-6.385599647368693788e-01,1.223865207463361582e+00,0.000000000000000000e+00,0.000000000000000000e+00,0.000000000000000000e+00,-2.947772110399228263e-01,-1.913920978303207399e-02,1.301039881482571603e-01,-1.047199999999999909e+00,0.000000000000000000e+00,0.000000000000000000e+00,0.000000000000000000e+00
-6.502669227072634117e-02,-1.872725937003551222e-01,8.871879186398444750e-01,2.037196982192286676e-02,-3.959814155629736571e-02,1.022983210256899339e-01,9.937565212597030406e-01,-5.443123688223738821e-02,3.714848511566400946e-01,4.744168708852615213e-01,3.607743933629187216e-01,9.293275643742403280e-02,6.860088915050921443e-02,-1.093342469622334834e-01,-2.678077771365514614e-01,-3.819377320264717435e-01,4.176204703110901195e-01,-2.464517318577624239e-01,2.209610608549337774e-01,-1.363922197035760397e-01,0.000000000000000000e+00,0.000000000000000000e+00,-6.570722020067312763e-02,2.343945269015178245e-01,-6.374260218676073286e-01,1.224735004785118209e+00,0.000000000000000000e+00,0.000000000000000000e+00,0.000000000000000000e+00,-2.947015733845601004e-01,-1.854235727024973468e-02,1.333056900496207009e-01,-1.047199999999999909e+00,0.000000000000000000e+00,0.000000000000000000e+00,0.000000000000000000e+00
-6.486187907739435210e-02,-1.875733675265763012e-01,8.871595618311688414e-01,2.038680512833655409e-02,-3.964417384138365502e-02,1.017844576524684214e-01,9.938071451934149536e-01,-5.376920846493496442e-02,3.722271020638054373e-01,4.754127698823050197e-01,3.607470397561334252e-01,9.437172948886948798e-02,6.865175428276588943e-02,-1.093291716818157039e-01,-2.675780607377830633e-01,-3.824605989641167714e-01,4.180109221814600762e-01,-2.474142874550837867e-01,2.216529566983482524e-01,-1.370880960811398652e-01,0.000000000000000000e+00,0.000000000000000000e+00,-6.374766410058227417e-02,2.350811375324416697e-01,-6.345477842463678186e-01,1.224748275457244295e+00,0.000000000000000000e+00,0.000000000000000000e+00,0.000000000000000000e+00,-2.945422592931724592e-01,-1.948426426364557179e-02,1.378789597325600080e-01,-1.047199999999999909e+00,0.000000000000000000e+00,0.000000000000000000e+00,0.000000000000000000e+00
-6.465533171072540553e-02,-1.879109914100680345e-01,8.871757460379662286e-01,2.038765968644429272e-02,-3.995033018538339531e-02,1.019321524690562919e-01,9.937797294891925759e-01,-5.276113392660605056e-02,3.722679553730511848e-01,4.747109223998929872e-01,3.597503700540579663e-01,9.496852960015354783e-02,6.964543356832300636e-02,-1.084339639303050357e-01,-2.673486292516239482e-01,-3.834081941296697549e-01,4.184843269783740660e-01,-2.476842262054841370e-01,2.214431439643207156e-01,-1.379491409687192693e-01,0.000000000000000000e+00,0.000000000000000000e+00,-6.331783415326763809e-02,2.368799397876573953e-01,-6.331155362034105449e-01,1.225930355001431549e+00,0.000000000000000000e+00,0.000000000000000000e+00,0.000000000000000000e+00,-2.935589109820785914e-01,-1.882225444706710216e-02,1.417112648066557457e-01,-1.047199999999999909e+00,0.000000000000000000e+00,0.000000000000000000e+00,0.000000000000000000e+00
-6.439105195604061249e-02,-1.882710266947682232e-01,8.872228146209121258e-01,2.034758497589182064e-02,-3.993279498551697421e-02,1.022699501664646321e-01,9.937465496610499160e-01,-5.205295573846355217e-02,3.723176717869319807e-01,4.744627271728957818e-01,3.579637810534881948e-01,9.573673745531212365e-02,6.913926083187475757e-02,-1.079437832231123218e-01,-2.665416417503762569e-01,-3.832350389676738578e-01,4.182358635904122046e-01,-2.480213128561744584e-01,2.212615040853783965e-01,-1.390758049123422546e-01,0.000000000000000000e+00,0.000000000000000000e+00,-6.254903325637595213e-02,2.384385101205104274e-01,-6.307156781723285421e-01,1.226030031242925755e+00,0.000000000000000000e+00,0.000000000000000000e+00,0.000000000000000000e+00,-2.930807014126348142e-01,-1.994530119747906644e-02,1.446336800264304834e-01,-1.047199999999999909e+00,0.000000000000000000e+00,0.000000000000000000e+00,0.000000000000000000e+00
-6.416466696977661532e-02,-1.887074809997784375e-01,8.872600975587533467e-01,2.049666838448853737e-02,-3.998063231310051979e-02,1.019073733338511367e-01,9.937788098390782920e-01,-5.052548220748621227e-02,3.725733996744837184e-01,4.761472393397853109e-01,3.561504819797414734e-01,9.770164166662445582e-02,6.966909698248033300e-02,-1.075933776563243321e-01,-2.660728161645751211e-01,-3.832343247505360928e-01,4.181797233935292679e-01,-2.502194739971972393e-01,2.205097967247436619e-01,-1.393740839201069726e-01,0.000000000000000000e+00,0.000000000000000000e+00,-6.169694272160473891e-02,2.402330871104780274e-01,-6.274678696540764156e-01,1.225285263861022766e+00,0.000000000000000000e+00,0.000000000000000000e+00,0.000000000000000000e+00,-2.926846585277934620e-01,-1.794813705164833434e-02,1.497269781149444534e-01,-1.047199999999999909e+00,0.000000000000000000e+00,0.000000000000000000e+00,0.000000000000000000e+00
-6.387555195071112357e-02,-1.891724526314139954e-01,8.873075482026488991e-01,2.058302693974977185e-02,-3.984038502714770669e-02,1.020371570415947726e-01,9.937693400914289210e-01,-4.976454151768181650e-02,3.720686798748319424e-01,4.751708135006641465e-01,3.537313701114158659e-01,9.903287027432947087e-02,6.833531979981499749e-02,-1.077382956843344064e-01,-2.653908344760879667e-01,-3.827570527244320564e-01,4.184367340121163403e-01,-2.508706056650683580e-01,2.196790655123919966e-01,-1.397253289822213973e-01,0.000000000000000000e+00,0.000000000000000000e+00,-6.078832978831998773e-02,2.424427039232556202e-01,-6.247696982605277505e-01,1.224895094301910792e+00,0.000000000000000000e+00,0.000000000000000000e+00,0.000000000000000000e+00,-2.922812914360053416e-01,-1.672465620117205218e-02,1.538679426466532940e-01,-1.047199999999999909e+00,0.000000000000000000e+00,0.000000000000000000e+00,0.000000000000000000e+00
-6.370967400142084347e-02,-1.897258928651708865e-01,8.872097372697266282e-01,2.075540658118004214e-02,-4.046609685916698063e-02,1.027829413185671892e-01,9.936636126358545651e-01,-4.905940508352187035e-02,3.720378135570713285e-01,4.730513058338549071e-01,3.533072431962661630e-01,1.010982962295162157e-01,6.763793720870729664e-02,-1.065729459594886436e-01,-2.653715193012887719e-01,-3.833013939264244829e-01,4.202135209006454541e-01,-2.533710139312143061e-01,2.188958658768057897e-01,-1.398037214467855449e-01,0.000000000000000000e+00,0.000000000000000000e+00,-6.116285880940645209e-02,2.452032340347690686e-01,-6.233125363827421994e-01,1.224822757046076571e+00,0.000000000000000000e+00,0.000000000000000000e+00,0.000000000000000000e+00,-2.911459268490558805e-01,-1.441167113351389875e-02,1.587485712232173107e-01,-1.047199999999999909e+00,0.000000000000000000e+00,0.000000000000000000e+00,0.000000000000000000e+00
-6.354988721642802763e-02,-1.903014189231434783e-01,8.870921161322475879e-01,2.087543607662247294e-02,-4.068239696418454038e-02,1.027630004195930064e-01,9.936543284717384017e-01,-4.896944678310957005e-02,3.724927552487068971e-01,4.718678992468702815e-01,3.534992959829313941e-01,1.032991976792508454e-01,6.756385648937082711e-02,-1.063820016535116653e-01,-2.652312852336162208e-01,-3.840221705650616046e-01,4.218018044030004132e-01,-2.570863691840284959e-01,2.193533395574805145e-01,-1.402130000360028994e-01,0.000000000000000000e+00,0.000000000000000000e+00,-5.997458579331884504e-02,2.474084561143211902e-01,-6.226066666241734104e-01,1.225626670640983740e+00,0.000000000000000000e+00,0.000000000000000000e+00,0.000000000000000000e+00,-2.907663142230622055e-01,-1.303478795664750681e-02,1.651311314219990889e-01,-1.047199999999999909e+00,0.000000000000000000e+00,0.000000000000000000e+00,0.000000000000000000e+00
-6.343918701492946843e-02,-1.908996488825042692e-01,8.870638044601134586e-01,2.106655475652228354e-02,-4.079832768083067884e-02,1.027549647937788385e-01,9.936463726796204154e-01,-4.790941734803296631e-02,3.725647672498786367e-01,4.724177066149950477e-01,3.519324965862231092e-01,1.035308282681069308e-01,6.784627876251789202e-02,-1.062268365779940466e-01,-2.654130893165481675e-01,-3.855760484060765103e-01,4.228853793087199997e-01,-2.591699199166072609e-01,2.188817915761787636e-01,-1.412529012806345297e-01,0.000000000000000000e+00,0.000000000000000000e+00,-5.965606981104067119e-02,2.502397507927743292e-01,-6.216264248900440492e-01,1.226723841965781991e+00,0.000000000000000000e+00,0.000000000000000000e+00,0.000000000000000000e+00,-2.910214375413402443e-01,-1.233583823742024840e-02,1.691226670749309824e-01,-1.047199999999999909e+00,0.000000000000000000e+00,0.000000000000000000e+00,0.000000000000000000e+00
-6.340554907759558823e-02,-1.914890709746706332e-01,8.870231269391252171e-01,2.117007326169483700e-02,-4.095581127591944870e-02,1.032429116000816299e-01,9.935871128014711617e-01,-4.760883726303327679e-02,3.730884838044449814e-01,4.727966777994510039e-01,3.511259702121974913e-01,1.049736004346468188e-01,6.749718814155683533e-02,-1.057375756166423486e-01,-2.648880287474503215e-01,-3.857541909988421169e-01,4.233082941308500269e-01,-2.616092029533021446e-01,2.190235667284653465e-01,-1.423984643059418298e-01,0.000000000000000000e+00,0.000000000000000000e+00,-5.956514249422954072e-02,2.527235907029145578e-01,-6.190438434248782817e-01,1.226448220196530547e+00,0.000000000000000000e+00,0.000000000000000000e+00,0.000000000000000000e+00,-2.917801559087100371e-01,-1.199150566036909747e-02,1.712421880251164819e-01,-1.047199999999999909e+00,0.000000000000000000e+00,0.000000000000000000e+00,0.000000000000000000e+00
-6.343559197886365630e-02,-1.921241884385200271e-01,8.870484497816046865e-01,2.140490132461932843e-02,-4.101850228049864350e-02,1.032835837627361225e-01,9.935752684095319198e-01,-4.678220785088155892e-02,3.727523830460056642e-01,4.727963622276293298e-01,3.491298854868582491e-01,1.060904000649472018e-01,6.715632756382833302e-02,-1.058121888893993057e-01,-2.643185165376520374e-01,-3.852983445541462437e-01,4.236566066204821013e-01,-2.639142480826141557e-01,2.175577602332077753e-01,-1.426608875477120841e-01,0.000000000000000000e+00,0.000000000000000000e+00,-6.028560948736996772e-02,2.553093497256610500e-01,-6.156846807664150267e-01,1.227431629121683354e+00,0.000000000000000000e+00,0.000000000000000000e+00,0.000000000000000000e+00,-2.925635457899703473e-01,-8.179392354217687039e-03,1.721841648113357492e-01,-1.047199999999999909e+00,0.000000000000000000e+00,0.000000000000000000e+00,0.000000000000000000e+00
-6.359612211518163305e-02,-1.927544541985973525e-01,8.870142661882083335e-01,2.135305026513957885e-02,-4.131706367030343191e-02,1.037328351257035541e-01,9.935172099218120279e-01,-4.692089678454474527e-02,3.739068633132701103e-01,4.730276201334361330e-01,3.492498450123641129e-01,1.079719763071620708e-01,6.743075639706948288e-02,-1.052202111321619699e-01,-2.634703185978989892e-01,-3.857922163190618536e-01,4.237968760471534924e-01,-2.650011951858127213e-01,2.181557601536861790e-01,-1.436088261835968272e-01,0.000000000000000000e+00,0.000000000000000000e+00,-6.058027939207696194e-02,2.580624375790966374e-01,-6.148383833560528977e-01,1.226962925791388548e+00,0.000000000000000000e+00,0.000000000000000000e+00,0.000000000000000000e+00,-2.922187786759362083e-01,-6.820556504015900384e-03,1.736095404840853618e-01,-1.047199999999999909e+00,0.000000000000000000e+00,0.000000000000000000e+00,0.000000000000000000e+00
-6.378232804718929339e-02,-1.934348085172211684e-01,8.870360710027141993e-01,2.125973605275019440e-02,-4.144326102573365339e-02,1.042517178682796086e-01,9.934596413846074059e-01,-4.702984192225691945e-02,3.747417294422728529e-01,4.730112089684288534e-01,3.481927000676295902e-01,1.091939607225600323e-01,6.736264830128751990e-02,-1.048332057494488351e-01,-2.626248602179248604e-01,-3.871547851664354223e-01,4.234953877875127226e-01,-2.648538365236021708e-01,2.171788924819747224e-01,-1.435375934096931316e-01,0.000000000000000000e+00,0.000000000000000000e+00,-6.120901030535224469e-02,2.611862012088779217e-01,-6.137439535614064301e-01,1.226355913336939052e+00,0.000000000000000000e+00,0.000000000000000000e+00,0.000000000000000000e+00,-2.914749942561642992e-01,-6.401696976872974995e-03,1.758886630481143742e-01,-1.047199999999999909e+00,0.000000000000000000e+00,0.000000000000000000e+00,0.000000000000000000e+00
-6.404780573262423837e-02,-1.941568577847577748e-01,8.870120176977208670e-01,2.123436275533041248e-02,-4.179073960422471229e-02,1.045751822666554642e-01,9.934116302800174436e-01,-4.703297817985228196e-02,3.755508320574355019e-01,4.723771588049163750e-01,3.475092133486826218e-01,1.123840779226080305e-01,6.723941517610994290e-02,-1.044800047469884308e-01,-2.612971416747017495e-01,-3.866308757761208748e-01,4.235605240627129953e-01,-2.664518942705261795e-01,2.156388456811490217e-01,-1.431877986748806009e-01,0.000000000000000000e+00,0.000000000000000000e+00,-6.187752394069272882e-02,2.640542152057924197e-01,-6.113770147424555379e-01,1.226099034293814061e+00,0.000000000000000000e+00,0.000000000000000000e+00,0.000000000000000000e+00,-2.902669384235105898e-01,-4.169614876995839103e-03,1.788817157799173774e-01,-1.047199999999999909e+00,0.000000000000000000e+00,0.000000000000000000e+00,0.000000000000000000e+00
-6.433543014842925400e-02,-1.949279670053953861e-01,8.870186242242766861e-01,2.115365082154384291e-02,-4.220319310857712641e-02,1.049185475163306319e-01,9.933597092370033410e-01,-4.683099447601147408e-02,3.762748437570419546e-01,4.712759665342108883e-01,3.466518322546793263e-01,1.137755487467125015e-01,6.714350363106516562e-02,-1.041183343488486929e-01,-2.596251382521923556e-01,-3.859762389078255085e-01,4.237249682988451505e-01,-2.678918397579604926e-01,2.125938520229654627e-01,-1.433492737491584568e-01,0.000000000000000000e+00,0.000000000000000000e+00,-6.334385749141929756e-02,2.672363122782885902e-01,-6.096951017710753318e-01,1.227180235473747105e+00,0.000000000000000000e+00,0.000000000000000000e+00,0.000000000000000000e+00,-2.892646807563902800e-01,-9.496558861211007452e-04,1.801907796455708699e-01,-1.047199999999999909e+00,0.000000000000000000e+00,0.000000000000000000e+00,0.000000000000000000e+00
-6.465113529996559250e-02,-1.957616361231210855e-01,8.870070094882350764e-01,2.097347315502827089e-02,-4.240155772878758528e-02,1.054160232516047624e-01,9.933024128470668845e-01,-4.742574071535354818e-02,3.773051695077630496e-01,4.700133666812189581e-01,3.460831077670595834e-01,1.151367705168136746e-01,6.649326821527667963e-02,-1.040030664909713382e-01,-2.580402101355295796e-01,-3.864391338056631930e-01,4.236989515564943964e-01,-2.685782337288387112e-01,2.107743363796101277e-01,-1.439150147345562292e-01,0.000000000000000000e+00,0.000000000000000000e+00,-6.412074589170004002e-02,2.706001689842833513e-01,-6.091761345117241433e-01,1.227313003786115964e+00,0.000000000000000000e+00,0.000000000000000000e+00,0.000000000000000000e+00,-2.894657140820988683e-01,-1.075493473059235296e-03,1.823518542599020520e-01,-1.047199999999999909e+00,0.000000000000000000e+00,0.000000000000000000e+00,0.000000000000000000e+00
-6.502219807630651993e-02,-1.966433480982685833e-01,8.869632463762524566e-01,2.080250708264168302e-02,-4.274916254575500396e-02,1.057974608885701440e-01,9.932505535212378112e-01,-4.805689886964083918e-02,3.786579491927992147e-01,4.688987676515499192e-01,3.462050974255843072e-01,1.168472750561947715e-01,6.675345782665156880e-02,-1.035300995363398896e-01,-2.562828925987315487e-01,-3.868395470169190276e-01,4.234899174577069214e-01,-2.705189155523194944e-01,2.087941093067487430e-01,-1.442521372308474548e-01,0.000000000000000000e+00,0.000000000000000000e+00,-6.526231440797414241e-02,2.747619638864400304e-01,-6.086601745994276724e-01,1.226696961499841976e+00,0.000000000000000000e+00,0.000000000000000000e+00,0.000000000000000000e+00,-2.895983635969545111e-01,-8.500280236347235868e-05,1.838062998917804614e-01,-1.047199999999999909e+00,0.000000000000000000e+00,0.000000000000000000e+00,0.000000000000000000e+00
-6.541233913500173192e-02,-1.975987229453409211e-01,8.868771376492500247e-01,2.058163654576803878e-02,-4.328910275958308684e-02,1.064801935543137623e-01,9.931588081470177354e-01,-4.901970375910132821e-02,3.802039990995918495e-01,4.667279716982637439e-01,3.468242459913009057e-01,1.195380912478729019e-01,6.685350687059046781e-02,-1.028856329449178014e-01,-2.545850895164398220e-01,-3.875947052796204217e-01,4.240746166312394094e-01,-2.725286447252286415e-01,2.069638484673789747e-01,-1.442961021456425352e-01,0.000000000000000000e+00,0.000000000000000000e+00,-6.641913450288175480e-02,2.788522905279142705e-01,-6.098312264958452023e-01,1.226044658216759231e+00,0.000000000000000000e+00,0.000000000000000000e+00,0.000000000000000000e+00,-2.881332698815656235e-01,6.597555041774564449e-04,1.863400298015314982e-01,-1.047199999999999909e+00,0.000000000000000000e+00,0.000000000000000000e+00,0.000000000000000000e+00
-6.578823133842358339e-02,-1.986012533437943040e-01,8.868585981845173993e-01,2.023223603224193548e-02,-4.370771230279662384e-02,1.070388204192036646e-01,9.930876010874657434e-01,-4.962798619226586189e-02,3.817508447916860281e-01,4.647216651423976552e-01,3.464487218608658936e-01,1.212121186477242984e-01,6.710851176699178522e-02,-1.023954096972897743e-01,-2.522312708970217976e-01,-3.878922298924959433e-01,4.239190248702808250e-01,-2.727890722977305837e-01,2.044759390845533598e-01,-1.441623529235144252e-01,0.000000000000000000e+00,0.000000000000000000e+00,-6.768660413448823743e-02,2.828012516751871042e-01,-6.097358595396756842e-01,1.225977265633835023e+00,0.000000000000000000e+00,0.000000000000000000e+00,0.000000000000000000e+00,-2.874898969565543583e-01,9.344300135567112919e-04,1.877591958261971006e-01,-1.047199999999999909e+00,0.000000000000000000e+00,0.000000000000000000e+00,0.000000000000000000e+00
-6.616683874106311924e-02,-1.996918535077157608e-01,8.868784496214736635e-01,2.004586478082949486e-02,-4.405974009156254229e-02,1.080949606846602074e-01,9.929614202388907795e-01,-5.026098635977928331e-02,3.825003013102424299e-01,4.621252183240348588e-01,3.448184018491353142e-01,1.238612507603959745e-01,6.666363139270742311e-02,-1.021764667569367707e-01,-2.496361844498247162e-01,-3.864369343372313081e-01,4.237546190917174660e-01,-2.731756802805441753e-01,2.011497422704310312e-01,-1.444092411011546617e-01,0.000000000000000000e+00,0.000000000000000000e+00,-6.966849591923378326e-02,2.868868577842783596e-01,-6.097631941298140568e-01,1.226521097115843340e+00,0.000000000000000000e+00,0.000000000000000000e+00,0.000000000000000000e+00,-2.865211805030652981e-01,3.975940434707015032e-03,1.901657516938608794e-01,-1.047199999999999909e+00,0.000000000000000000e+00,0.000000000000000000e+00,0.000000000000000000e+00
-6.659834658039986977e-02,-2.008682314205477437e-01,8.868870637335476426e-01,1.984207509826386648e-02,-4.455914880595372024e-02,1.088172156561014181e-01,9.928643350883027408e-01,-5.064238859595917436e-02,3.838483181950792522e-01,4.603049499629990882e-01,3.438748024357967115e-01,1.266325565816813215e-01,6.653596227890058723e-02,-1.012351812736981826e-01,-2.474235860235806383e-01,-3.872191799047931537e-01,4.230910482525933602e-01,-2.738358190380466017e-01,1.987566381739852006e-01,-1.439885249673238943e-01,0.000000000000000000e+00,0.000000000000000000e+00,-7.158755061043635404e-02,2.910531288009471917e-01,-6.088266000506293851e-01,1.226798711637017369e+00,0.000000000000000000e+00,0.000000000000000000e+00,0.000000000000000000e+00,-2.853415849502423107e-01,6.022200576831896607e-03,1.921538643337443175e-01,-1.047199999999999909e+00,0.000000000000000000e+00,0.000000000000000000e+00,0.000000000000000000e+00
-6.701152676469013247e-02,-2.021335405557211085e-01,8.868630249432184476e-01,1.975888055865258550e-02,-4.520560920617244793e-02,1.096384005255509470e-01,9.927464231441819331e-01,-5.094816577868924168e-02,3.848086326583124439e-01,4.574775500535002148e-01,3.429008666097310143e-01,1.300746499180754356e-01,6.612087933114338401e-02,-1.000803632362396584e-01,-2.454879483784838667e-01,-3.881243960633151691e-01,4.231133658645296891e-01,-2.757079870192451487e-01,1.968201556007457553e-01,-1.433152044749618215e-01,0.000000000000000000e+00,0.000000000000000000e+00,-7.377434644194917623e-02,2.969246953798834188e-01,-6.109531527872644752e-01,1.225586409961851642e+00,0.000000000000000000e+00,0.000000000000000000e+00,0.000000000000000000e+00,-2.839821077503270064e-01,7.945156357819890131e-03,1.965336891406579412e-01,-1.047199999999999909e+00,0.000000000000000000e+00,0.000000000000000000e+00,0.000000000000000000e+00
-6.738933779532245427e-02,-2.034667183643083244e-01,8.868592224051088380e-01,1.955861691684748077e-02,-4.572903394543773731e-02,1.108313450084625340e-01,9.925939395958111033e-01,-5.172124605774746503e-02,3.863985569144535726e-01,4.553725293367655302e-01,3.420143932883779603e-01,1.337839389143953561e-01,6.550842518632900291e-02,-9.905601168250831312e-02,-2.429962557221296282e-01,-3.886333402669422954e-01,4.228195686306558954e-01,-2.771317854888733501e-01,1.935557622437255876e-01,-1.425440076922775412e-01,0.000000000000000000e+00,0.000000000000000000e+00,-7.572522350877672337e-02,3.022400774306114868e-01,-6.125957904147933952e-01,1.224868879760644402e+00,0.000000000000000000e+00,0.000000000000000000e+00,0.000000000000000000e+00,-2.826866686085359182e-01,8.314766521283621648e-03,1.995013711787533006e-01,-1.047199999999999909e+00,0.000000000000000000e+00,0.000000000000000000e+00,0.000000000000000000e+00
-6.773326530688555946e-02,-2.048154858318803062e-01,8.869194547459399169e-01,1.921708965611178960e-02,-4.573422311038130572e-02,1.119240364515069197e-01,9.924777550988439501e-01,-5.283013844514814622e-02,3.880520739651557860e-01,4.540811758684318855e-01,3.401321772525394138e-01,1.359799617421365292e-01,6.404346516174093396e-02,-9.878154455226251240e-02,-2.402942144382277656e-01,-3.897722802855405067e-01,4.217436307327852574e-01,-2.778206092959656925e-01,1.913252700996868061e-01,-1.419888688476013683e-01,0.000000000000000000e+00,0.000000000000000000e+00,-7.694676635332504955e-02,3.063467067782350006e-01,-6.112898830101375358e-01,1.224567981679552719e+00,0.000000000000000000e+00,0.000000000000000000e+00,0.000000000000000000e+00,-2.807379568959866845e-01,6.423947746647301442e-03,2.025810274841809422e-01,-1.047199999999999909e+00,0.000000000000000000e+00,0.000000000000000000e+00,0.000000000000000000e+00
-6.804459033077718544e-02,-2.062079922114842534e-01,8.869745680577946212e-01,1.891773600112526751e-02,-4.580708427542982963e-02,1.135090383401474445e-01,9.923001201803165472e-01,-5.425498549571398238e-02,3.895074785462548372e-01,4.520330413245891577e-01,3.382408558028255352e-01,1.386811782878733523e-01,6.248278427839507043e-02,-9.822948262632573424e-02,-2.372804627771000763e-01,-3.900335378973501244e-01,4.204776088182465288e-01,-2.787159642465433795e-01,1.877544413135779355e-01,-1.412557368419568027e-01,0.000000000000000000e+00,0.000000000000000000e+00,-7.897988003847587757e-02,3.106993039936273848e-01,-6.100323341362678953e-01,1.223866311515537042e+00,0.000000000000000000e+00,0.000000000000000000e+00,0.000000000000000000e+00,-2.793955362078923144e-01,6.759136319750256444e-03,2.062783896365239233e-01,-1.047199999999999909e+00,0.000000000000000000e+00,0.000000000000000000e+00,0.000000000000000000e+00
-6.831346938544351211e-02,-2.075923052653315115e-01,8.870184200005295505e-01,1.824093128311763193e-02,-4.552952876248145264e-02,1.143492272791784420e-01,9.922290988764872477e-01,-5.614468138602091846e-02,3.917555403893603350e-01,4.498488947189067666e-01,3.364346752390452999e-01,1.412902757734607884e-01,6.176489419852351781e-02,-9.789604434675967803e-02,-2.330795181075036582e-01,-3.902848026146710225e-01,4.176093982628208412e-01,-2.799856158484129165e-01,1.861513007493889038e-01,-1.405074220294510179e-01,0.000000000000000000e+00,0.000000000000000000e+00,-8.014029419045422264e-02,3.147671540402591783e-01,-6.070070356654526655e-01,1.224144189425702356e+00,0.000000000000000000e+00,0.000000000000000000e+00,0.000000000000000000e+00,-2.786390807930709257e-01,4.842664145144998447e-03,2.083925494797141953e-01,-1.047199999999999909e+00,0.000000000000000000e+00,0.000000000000000000e+00,0.000000000000000000e+00
-6.859177995952654705e-02,-2.090603794483011368e-01,8.870043108048815128e-01,1.788398724637666956e-02,-4.586728430152729741e-02,1.152987227459983666e-01,9.921101550554335402e-01,-5.702109666567001939e-02,3.939670999888672531e-01,4.482458982877460252e-01,3.351531102353423885e-01,1.467114507542457980e-01,6.136319157366242061e-02,-9.742894743309542249e-02,-2.296327629933218040e-01,-3.896145055774720145e-01,4.171229813475841319e-01,-2.819832352109696294e-01,1.821192001662458038e-01,-1.391306887343095600e-01,0.000000000000000000e+00,0.000000000000000000e+00,-8.195058513453545856e-02,3.187396835004108753e-01,-6.045352712169338449e-01,1.224189337055178850e+00,0.000000000000000000e+00,0.000000000000000000e+00,0.000000000000000000e+00,-2.773556707342557104e-01,9.085713592521516696e-03,2.119548683978647874e-01,-1.047199999999999909e+00,0.000000000000000000e+00,0.000000000000000000e+00,0.000000000000000000e+00
-6.883389839968513668e-02,-2.105481051607877852e-01,8.869264772159853871e-01,1.747699320642609466e-02,-4.624509044196260799e-02,1.161256277964836103e-01,9.920034197961972167e-01,-5.819502889088710301e-02,3.962801909035871817e-01,4.456518674095322208e-01,3.346609601500224462e-01,1.509777784995159355e-01,6.101355568832393661e-02,-9.648530954849275643e-02,-2.260419314633292653e-01,-3.893848370840441997e-01,4.161616430591942861e-01,-2.849860246843698985e-01,1.807818047958554830e-01,-1.381512741659851606e-01,0.000000000000000000e+00,0.000000000000000000e+00,-8.281892786347498647e-02,3.232449474224756703e-01,-6.031259999560477647e-01,1.224059492449953046e+00,0.000000000000000000e+00,0.000000000000000000e+00,0.000000000000000000e+00,-2.770814189718220355e-01,1.400348246664880059e-02,2.135932558808522064e-01,-1.047199999999999909e+00,0.000000000000000000e+00,0.000000000000000000e+00,0.000000000000000000e+00
-6.902713226998856422e-02,-2.120807765964969893e-01,8.868260975803726742e-01,1.698967858609982257e-02,-4.648215493109887630e-02,1.174138316624526862e-01,9.918491580017823050e-01,-5.999155841621327256e-02,3.987574203665439354e-01,4.427232982156179553e-01,3.343835668249946491e-01,1.535713182212508909e-01,5.927633908664323159e-02,-9.570697916977083386e-02,-2.228845380744521321e-01,-3.907237650179178901e-01,4.158354849483643090e-01,-2.877691039151670793e-01,1.804555314840287361e-01,-1.374136358147538539e-01,0.000000000000000000e+00,0.000000000000000000e+00,-8.426076565968464160e-02,3.274685138538759865e-01,-6.015416692670421117e-01,1.225199457067774889e+00,0.000000000000000000e+00,0.000000000000000000e+00,0.000000000000000000e+00,-2.772143435971058945e-01,1.615201165080740187e-02,2.145198483571624515e-01,-1.047199999999999909e+00,0.000000000000000000e+00,0.000000000000000000e+00,0.000000000000000000e+00
-6.922388742260635053e-02,-2.136033712914836014e-01,8.867523448291394494e-01,1.654980598501909136e-02,-4.656755778702675874e-02,1.187473964826239875e-01,9.916938147998147768e-01,-6.182629242055544955e-02,4.009181352663496734e-01,4.400055012680403332e-01,3.334793856520498201e-01,1.556198768428276313e-01,5.803937594922200377e-02,-9.434176399691014681e-02,-2.206266408766416331e-01,-3.951164890914752315e-01,4.143374744466667980e-01,-2.887391633149885006e-01,1.805719034822068914e-01,-1.366569486278564338e-01,0.000000000000000000e+00,0.000000000000000000e+00,-8.515192763203291437e-02,3.318182162052445427e-01,-6.026991774887220377e-01,1.224972141988657226e+00,0.000000000000000000e+00,0.000000000000000000e+00,0.000000000000000000e+00,-2.800662271457702301e-01,1.809502925885328115e-02,2.154120510803320121e-01,-1.047199999999999909e+00,0.000000000000000000e+00,0.000000000000000000e+00,0.000000000000000000e+00
-6.946021450479276937e-02,-2.150760022509809188e-01,8.867007264342047224e-01,1.600839193613104450e-02,-4.651786891708054733e-02,1.196359031096718012e-01,9.915982401891232367e-01,-6.371909845204438982e-02,4.033426792624754120e-01,4.377349764160484158e-01,3.329247025117333947e-01,1.570412676290188492e-01,5.629294151447911121e-02,-9.343775722735873923e-02,-2.177738653556943460e-01,-3.983375857493284267e-01,4.123824630849946549e-01,-2.898607808428989574e-01,1.812765039773515385e-01,-1.364100008204436332e-01,0.000000000000000000e+00,0.000000000000000000e+00,-8.586271641894294149e-02,3.358324085695236771e-01,-6.032188407484504467e-01,1.224933994686469907e+00,0.000000000000000000e+00,0.000000000000000000e+00,0.000000000000000000e+00,-2.809090657929327328e-01,1.896931442686928745e-02,2.156021794407384229e-01,-1.047199999999999909e+00,0.000000000000000000e+00,0.000000000000000000e+00,0.000000000000000000e+00
-6.975399280527458390e-02,-2.165585250562798991e-01,8.866138824094785820e-01,1.560779011045798637e-02,-4.666536082574073568e-02,1.208557965029751630e-01,9.914497553777009697e-01,-6.599395320503859130e-02,4.059054155910541972e-01,4.355895730136073452e-01,3.332982583788746123e-01,1.605686598122094411e-01,5.424704091666070205e-02,-9.258053615407477177e-02,-2.152943138532798784e-01,-4.010615779744405307e-01,4.114689457995089894e-01,-2.918493629733460160e-01,1.808426759867917677e-01,-1.356940665430251824e-01,0.000000000000000000e+00,0.000000000000000000e+00,-8.654037126904304267e-02,3.394690555617970729e-01,-6.044206092137297537e-01,1.224816730121166763e+00,0.000000000000000000e+00,0.000000000000000000e+00,0.000000000000000000e+00,-2.806745519823987678e-01,1.934136950235722241e-02,2.188747108606189651e-01,-1.047199999999999909e+00,0.000000000000000000e+00,0.000000000000000000e+00,0.000000000000000000e+00
-7.010091924162441257e-02,-2.179894012500820100e-01,8.865287187986510276e-01,1.496041022791060049e-02,-4.655819905648359014e-02,1.228469397949635972e-01,9.912200308758104539e-01,-6.903783564548833518e-02,4.088564277866894581e-01,4.339699524230696270e-01,3.332726317866501198e-01,1.610009061562171495e-01,5.122727802588598195e-02,-9.185277002312494665e-02,-2.126731410490195762e-01,-4.046068520835683358e-01,4.100356309762563933e-01,-2.926633995077528860e-01,1.825225421672385107e-01,-1.350434628664514136e-01,0.000000000000000000e+00,0.000000000000000000e+00,-8.915360666011071245e-02,3.424339999571716087e-01,-6.024162486358559665e-01,1.224179120702237222e+00,0.000000000000000000e+00,0.000000000000000000e+00,0.000000000000000000e+00,-2.784072279858603727e-01,1.935823872705332710e-02,2.193160198819899265e-01,-1.047199999999999909e+00,0.000000000000000000e+00,0.000000000000000000e+00,0.000000000000000000e+00
-7.054334197452646893e-02,-2.193713389885780518e-01,8.864621762196369659e-01,1.458971844158367913e-02,-4.642620009807994080e-02,1.243336386363093210e-01,9.910463633774678760e-01,-7.227617416318518617e-02,4.107003959079849609e-01,4.307743784235139595e-01,3.333953098961752737e-01,1.642565716211478177e-01,4.799689096812867484e-02,-9.196760979116755386e-02,-2.106165172449616096e-01,-4.070793330493205353e-01,4.095976367730516654e-01,-2.942566648493094572e-01,1.821072458213463530e-01,-1.335023290744530577e-01,0.000000000000000000e+00,0.000000000000000000e+00,-9.181923055630478170e-02,3.449941967795990827e-01,-6.011662867500867646e-01,1.225197871607649036e+00,0.000000000000000000e+00,0.000000000000000000e+00,0.000000000000000000e+00,-2.756801695807385988e-01,2.182439251061247393e-02,2.236135936854402595e-01,-1.047199999999999909e+00,0.000000000000000000e+00,0.000000000000000000e+00,0.000000000000000000e+00
-7.114466673447263079e-02,-2.206757391823359893e-01,8.862733568965135422e-01,1.414634153694110767e-02,-4.716633936815921996e-02,1.266755536761022261e-01,9.907212128306230881e-01,-7.548049667003986496e-02,4.131459238491765329e-01,4.265959451348628750e-01,3.352274985019004783e-01,1.683046910374697280e-01,4.516807616194803282e-02,-9.103222496755936088e-02,-2.089253133823280317e-01,-4.099811803521211662e-01,4.114152238441263210e-01,-2.968569410260358254e-01,1.801337135908735732e-01,-1.327879851009571288e-01,0.000000000000000000e+00,0.000000000000000000e+00,-9.592880541687734408e-02,3.477345666085620568e-01,-6.004523620721100574e-01,1.226239523093129113e+00,0.000000000000000000e+00,0.000000000000000000e+00,0.000000000000000000e+00,-2.709545061241253605e-01,2.408859996660952033e-02,2.275468906361721722e-01,-1.047199999999999909e+00,0.000000000000000000e+00,0.000000000000000000e+00,0.000000000000000000e+00
-7.176966892559948075e-02,-2.218989969660055128e-01,8.861168305253734889e-01,1.372302487498028821e-02,-4.769386875824127570e-02,1.293654099719425410e-01,9.903542619557627047e-01,-7.910580639290493155e-02,4.145403382442509055e-01,4.209999302078362149e-01,3.362903511906552012e-01,1.695634784378749760e-01,4.250516073911915493e-02,-9.126463764936225409e-02,-2.073615212929785234e-01,-4.117385820090149751e-01,4.143116939463856174e-01,-2.984264183261005621e-01,1.769960810285774733e-01,-1.330266535110702919e-01,0.000000000000000000e+00,0.000000000000000000e+00,-1.000180824028870930e-01,3.500291804387053451e-01,-6.010155581495596477e-01,1.227354679525270331e+00,0.000000000000000000e+00,0.000000000000000000e+00,0.000000000000000000e+00,-2.648448280960390977e-01,2.719924217082676440e-02,2.309634266307459549e-01,-1.047199999999999909e+00,0.000000000000000000e+00,0.000000000000000000e+00,0.000000000000000000e+00
-7.244185988080562022e-02,-2.230279637563120643e-01,8.860176070459319098e-01,1.333474952925400338e-02,-4.801047238322086325e-02,1.310736467787111947e-01,9.901196281847268743e-01,-8.166384055489279981e-02,4.164371977585408779e-01,4.188345943310546327e-01,3.366733765679750245e-01,1.711653720716403426e-01,4.030617799715810468e-02,-9.151053665972196105e-02,-2.058488290869516790e-01,-4.140132410908476390e-01,4.156392373142897556e-01,-3.001215153078855002e-01,1.741969480810646731e-01,-1.332022931784155040e-01,0.000000000000000000e+00,0.000000000000000000e+00,-1.027822136207634796e-01,3.523147490169203921e-01,-6.003423497758036964e-01,1.226409850391319223e+00,0.000000000000000000e+00,0.000000000000000000e+00,0.000000000000000000e+00,-2.591977192779340577e-01,2.725947928505272760e-02,2.335256507248779367e-01,-1.047199999999999909e+00,0.000000000000000000e+00,0.000000000000000000e+00,0.000000000000000000e+00
-7.314124891861531474e-02,-2.240626336926774265e-01,8.859083791323677515e-01,1.293488050330959468e-02,-4.845139022927025946e-02,1.338491704982449626e-01,9.897320603113494153e-01,-8.454089239318030025e-02,4.176986384621837467e-01,4.152790624938446085e-01,3.364334938848814183e-01,1.718954707937257465e-01,3.576196314240673302e-02,-9.072851306335033561e-02,-2.049367478518885621e-01,-4.177497648071391012e-01,4.165680111572140354e-01,-3.009791627517112711e-01,1.739883317680875341e-01,-1.329084819446641474e-01,0.000000000000000000e+00,0.000000000000000000e+00,-1.058187746202721990e-01,3.537388629630535686e-01,-5.980581576336279070e-01,1.225641880831290109e+00,0.000000000000000000e+00,0.000000000000000000e+00,0.000000000000000000e+00,-2.532705412346544782e-01,2.581655069461839119e-02,2.355708533762232160e-01,-1.047199999999999909e+00,0.000000000000000000e+00,0.000000000000000000e+00,0.000000000000000000e+00
-7.385111185555687241e-02,-2.249336136369903538e-01,8.857432094098361963e-01,1.250025385191537441e-02,-4.894872309389822901e-02,1.364053371831628614e-01,9.893641140394485722e-01,-8.766419432404923273e-02,4.190804255551469626e-01,4.117798315854057645e-01,3.374108641080976745e-01,1.708731360873097238e-01,3.356563189988336082e-02,-8.971145133674379712e-02,-2.039591560647577295e-01,-4.210799993974862487e-01,4.174094034345895432e-01,-3.036976427586285943e-01,1.741123116882916932e-01,-1.335519262886752934e-01,0.000000000000000000e+00,0.000000000000000000e+00,-1.086195704761092756e-01,3.557512565825253770e-01,-5.992455764146131791e-01,1.224427530922064689e+00,0.000000000000000000e+00,0.000000000000000000e+00,0.000000000000000000e+00,-2.490748289179190167e-01,2.668805615098258227e-02,2.348658882299044515e-01,-1.047199999999999909e+00,0.000000000000000000e+00,0.000000000000000000e+00,0.000000000000000000e+00
-7.443331456859388073e-02,-2.256810945496285359e-01,8.856945861327913949e-01,1.204156239007287549e-02,-4.905122457196316871e-02,1.388404969908951792e-01,9.890259321870783493e-01,-9.122221150767427511e-02,4.193549853239516012e-01,4.063154291369875382e-01,3.374897370584749590e-01,1.695361090192686049e-01,3.063740660134473687e-02,-8.919028764740166704e-02,-2.031507287700423103e-01,-4.249810142953784897e-01,4.174923882545082954e-01,-3.043734838836538725e-01,1.735237984351649665e-01,-1.326512450490156259e-01,0.000000000000000000e+00,0.000000000000000000e+00,-1.114417542664591643e-01,3.568462749783493648e-01,-6.005445925653637440e-01,1.223828011189033615e+00,0.000000000000000000e+00,0.000000000000000000e+00,0.000000000000000000e+00,-2.437729814129223627e-01,2.670539030439434899e-02,2.323942849103652064e-01,-1.047199999999999909e+00,0.000000000000000000e+00,0.000000000000000000e+00,0.000000000000000000e+00
-7.506491335398982057e-02,-2.262406102928880836e-01,8.855593237444883137e-01,1.165803271980362689e-02,-4.963280344781376835e-02,1.404452787131207081e-01,9.887748979328965238e-01,-9.432688198852796913e-02,4.210276200032611604e-01,4.032573229985666474e-01,3.403504829624726669e-01,1.718767568906927889e-01,2.932102441445759433e-02,-8.841484576280710106e-02,-2.022628778090743429e-01,-4.271066708134360623e-01,4.183110199184072453e-01,-3.058787269124566000e-01,1.726229707118234480e-01,-1.313520565240432481e-01,0.000000000000000000e+00,0.000000000000000000e+00,-1.130246174122788855e-01,3.582486332294085862e-01,-6.014067118422677938e-01,1.220984554269937350e+00,0.000000000000000000e+00,0.000000000000000000e+00,0.000000000000000000e+00,-2.405133844200436910e-01,2.280571154424988062e-02,2.297460234391792699e-01,-1.047199999999999909e+00,0.000000000000000000e+00,0.000000000000000000e+00,0.000000000000000000e+00
-7.550613324512180091e-02,-2.266378546453077236e-01,8.854798400101518974e-01,1.153156962932074502e-02,-4.959701858313331213e-02,1.428872603194812352e-01,9.884282419518081175e-01,-9.844105843567184377e-02,4.210959473140764575e-01,3.996691771222313783e-01,3.421205785393717780e-01,1.721188997571433121e-01,2.792859460790879031e-02,-8.893559366864053906e-02,-2.027664487769217372e-01,-4.295861226907748964e-01,4.201514840295372255e-01,-3.061899006276169177e-01,1.709814261017199855e-01,-1.294835796453612242e-01,0.000000000000000000e+00,0.000000000000000000e+00,-1.152863429894553371e-01,3.581478061340909735e-01,-6.029982180729825947e-01,1.220740715190776537e+00,0.000000000000000000e+00,0.000000000000000000e+00,0.000000000000000000e+00,-2.390707388491810637e-01,1.925328957893733539e-02,2.253486897156235513e-01,-1.047199999999999909e+00,0.000000000000000000e+00,0.000000000000000000e+00,0.000000000000000000e+00
-7.598718131686212074e-02,-2.266599654625589821e-01,8.853565288109307430e-01,1.095623002308980000e-02,-4.951738450186560225e-02,1.451386636925947049e-01,9.881107012664641642e-01,-1.029553742536420263e-01,4.222175713634278016e-01,3.969680114916995795e-01,3.451033708989014737e-01,1.698473745391413936e-01,2.792615013992674061e-02,-8.880746338722551869e-02,-2.029010512397130817e-01,-4.334111757484253591e-01,4.205879328466835543e-01,-3.058948189717382582e-01,1.715154749299634407e-01,-1.288174704435369744e-01,0.000000000000000000e+00,0.000000000000000000e+00,-1.168853167803366733e-01,3.576668704931126319e-01,-6.037611789239062388e-01,1.217058340693449647e+00,0.000000000000000000e+00,0.000000000000000000e+00,0.000000000000000000e+00,-2.378139457895315223e-01,1.440683067516262787e-02,2.161699090537597956e-01,-1.047199999999999909e+00,0.000000000000000000e+00,0.000000000000000000e+00,0.000000000000000000e+00
-7.633274968780626168e-02,-2.264156917368633781e-01,8.853064625564698309e-01,1.045485770533760919e-02,-4.903647726481254882e-02,1.474026916779251628e-01,9.878049232181026484e-01,-1.081995250156727179e-01,4.226508514843508313e-01,3.941208028324134083e-01,3.484904400948553027e-01,1.665687166010012821e-01,2.824218959338297211e-02,-8.912212277837025520e-02,-2.027832904469536179e-01,-4.354272869122888800e-01,4.200464793128084739e-01,-3.060798306734794916e-01,1.705486096521229844e-01,-1.276877773121453397e-01,0.000000000000000000e+00,0.000000000000000000e+00,-1.183735081331450528e-01,3.584496156028419978e-01,-6.064029157215391486e-01,1.211890630332057794e+00,0.000000000000000000e+00,0.000000000000000000e+00,0.000000000000000000e+00,-2.377332094631897097e-01,9.894647081660760957e-03,2.055269655658761296e-01,-1.047199999999999909e+00,0.000000000000000000e+00,0.000000000000000000e+00,0.000000000000000000e+00
-7.663106908835101705e-02,-2.258062047200512235e-01,8.852326330355924089e-01,9.782059535200516784e-03,-4.871615246410106875e-02,1.488779045116489230e-01,9.876064081143688389e-01,-1.131859214687462450e-01,4.239686147041112907e-01,3.922970322096682172e-01,3.537007602984277299e-01,1.637256801441261955e-01,2.969222027528378022e-02,-8.879546933767509809e-02,-2.029422131296824972e-01,-4.386223945588343942e-01,4.191742702359763095e-01,-3.064964848623356608e-01,1.706387427943605872e-01,-1.253342791542081669e-01,0.000000000000000000e+00,0.000000000000000000e+00,-1.185329809116602018e-01,3.578524167377030718e-01,-6.062685910905021291e-01,1.205751333225602018e+00,0.000000000000000000e+00,0.000000000000000000e+00,0.000000000000000000e+00,-2.371624865310086872e-01,4.810988022383529475e-03,1.935767692000411877e-01,-1.047199999999999909e+00,0.000000000000000000e+00,0.000000000000000000e+00,0.000000000000000000e+00
-7.677579009463630921e-02,-2.248061305802767085e-01,8.851909508113861014e-01,9.078414092700774068e-03,-4.823217752872346192e-02,1.505831754679191892e-01,9.873783199536020350e-01,-1.187619461113679775e-01,4.244004265189719183e-01,3.889093628805307956e-01,3.594982080899443710e-01,1.591129689385011869e-01,3.129308346198404756e-02,-8.896426551486819045e-02,-2.027976335389345131e-01,-4.392520888056947737e-01,4.184622776427726065e-01,-3.064338407092704331e-01,1.699275397485369155e-01,-1.233842262822758690e-01,0.000000000000000000e+00,0.000000000000000000e+00,-1.186223137487620177e-01,3.570296132203634176e-01,-6.062531988443474740e-01,1.199854087703418726e+00,0.000000000000000000e+00,0.000000000000000000e+00,0.000000000000000000e+00,-2.362703298017296560e-01,1.233208646842485351e-03,1.784219505276630757e-01,-1.047199999999999909e+00,0.000000000000000000e+00,0.000000000000000000e+00,0.000000000000000000e+00
-7.685463129278789773e-02,-2.234256593201969510e-01,8.850823938695319137e-01,8.140781193356476375e-03,-4.820875509712117118e-02,1.522468942113617274e-01,9.871324768320324239e-01,-1.235087954109373026e-01,4.258047773260509317e-01,3.868653440133742460e-01,3.664189557709248701e-01,1.525129979069025921e-01,3.464194904977004053e-02,-8.800067664379983279e-02,-2.026363168125028813e-01,-4.402139452559644672e-01,4.176898567831524023e-01,-3.055088056941345775e-01,1.701731288777585394e-01,-1.211328290265379637e-01,0.000000000000000000e+00,0.000000000000000000e+00,-1.189531385181250844e-01,3.547669112872755548e-01,-6.046501864105492396e-01,1.195261821081663012e+00,0.000000000000000000e+00,0.000000000000000000e+00,0.000000000000000000e+00,-2.352572663154251786e-01,-5.527753487535644501e-03,1.594869625448046002e-01,-1.047199999999999909e+00,0.000000000000000000e+00,0.000000000000000000e+00,0.000000000000000000e+00
-7.670171932800110004e-02,-2.216561445037047995e-01,8.850738631550448821e-01,7.508558317587693369e-03,-4.763402164517384352e-02,1.540087239803607788e-01,9.868920581663632730e-01,-1.287282028988790405e-01,4.260460984290609376e-01,3.858635962746109760e-01,3.733048276938331078e-01,1.459512587992571608e-01,3.819102132938379662e-02,-8.815122324823800037e-02,-2.032392661296181513e-01,-4.394036093082527294e-01,4.172653965710218515e-01,-3.049232670184767735e-01,1.676464132409457020e-01,-1.172704387082812161e-01,0.000000000000000000e+00,0.000000000000000000e+00,-1.191725098424448182e-01,3.511893853540457022e-01,-6.040077014207020367e-01,1.191247618599272862e+00,0.000000000000000000e+00,0.000000000000000000e+00,0.000000000000000000e+00,-2.358890614902576233e-01,-1.088449709749765050e-02,1.408651868848481148e-01,-1.047199999999999909e+00,0.000000000000000000e+00,0.000000000000000000e+00,0.000000000000000000e+00
-7.638185078304622622e-02,-2.195074234797914359e-01,8.850588307571711777e-01,6.775522458486527358e-03,-4.624999356028598740e-02,1.563164301338439421e-01,9.866003264044158616e-01,-1.352045997935993615e-01,4.252878247876671902e-01,3.843231740781085648e-01,3.791217397772523312e-01,1.366424825971266632e-01,4.060504743299066244e-02,-8.951844961826663227e-02,-2.045250955553847005e-01,-4.388701846320914313e-01,4.167409388954850802e-01,-3.040465080180224100e-01,1.673383532847654009e-01,-1.132930406143251439e-01,0.000000000000000000e+00,0.000000000000000000e+00,-1.190375598982845451e-01,3.469217431239149940e-01,-6.050192226058644929e-01,1.185038806847176662e+00,0.000000000000000000e+00,0.000000000000000000e+00,0.000000000000000000e+00,-2.366206052824929573e-01,-1.972410301463738483e-02,1.240116853598157015e-01,-1.047199999999999909e+00,0.000000000000000000e+00,0.000000000000000000e+00,0.000000000000000000e+00
-7.583995496465270603e-02,-2.169704252283213008e-01,8.850758065075167158e-01,6.315627459354415489e-03,-4.474429214216417428e-02,1.587879067261758204e-01,9.862780854546103759e-01,-1.410509962843559673e-01,4.237415349669407250e-01,3.843988249428365034e-01,3.846393022968422892e-01,1.269861036088051898e-01,4.322461498623991066e-02,-9.122889490628213749e-02,-2.071857273761539830e-01,-4.376721963186659403e-01,4.173932650490149165e-01,-3.027680289409986902e-01,1.680082432696808348e-01,-1.083316071582377804e-01,0.000000000000000000e+00,0.000000000000000000e+00,-1.188791125155140432e-01,3.415162187362639767e-01,-6.061420104688272081e-01,1.178088126194232865e+00,0.000000000000000000e+00,0.000000000000000000e+00,0.000000000000000000e+00,-2.341367743366984666e-01,-3.015645639146112555e-02,1.122492885938425333e-01,-1.047199999999999909e+00,0.000000000000000000e+00,0.000000000000000000e+00,0.000000000000000000e+00
-7.506274957765664280e-02,-2.139939308407098617e-01,8.851426729184616038e-01,6.125374007364273524e-03,-4.291138701352453094e-02,1.605669180256051876e-01,9.860726938180597312e-01,-1.460358026970275391e-01,4.206882783180583840e-01,3.845594547634121341e-01,3.893693419469939632e-01,1.164980121853644857e-01,4.709431704363319093e-02,-9.375758710090238701e-02,-2.106383406731389130e-01,-4.347341839471282610e-01,4.183341935888516550e-01,-3.009889274773099310e-01,1.683246242517889568e-01,-1.026542623465198922e-01,0.000000000000000000e+00,0.000000000000000000e+00,-1.157289282193061930e-01,3.332548752998156782e-01,-6.056971068430970773e-01,1.171626552890516981e+00,0.000000000000000000e+00,0.000000000000000000e+00,0.000000000000000000e+00,-2.304158783061513727e-01,-3.627565092527740981e-02,1.100737185921241007e-01,-1.047199999999999909e+00,0.000000000000000000e+00,0.000000000000000000e+00,0.000000000000000000e+00
-7.403914037029978024e-02,-2.106387659767639808e-01,8.852468747409113492e-01,6.311705103361968210e-03,-4.088182408503867465e-02,1.622740922575950928e-01,9.858782672420273174e-01,-1.497196058183858924e-01,4.166854495435339811e-01,3.870046173125440969e-01,3.927851491707842202e-01,1.067587163879740175e-01,5.018326485750994326e-02,-9.636548728391972074e-02,-2.163476637516354717e-01,-4.335215878871868656e-01,4.202748120156900025e-01,-2.983970177816682723e-01,1.693181911300238041e-01,-9.700039061105358851e-02,0.000000000000000000e+00,0.000000000000000000e+00,-1.106102951661617761e-01,3.247821455232960952e-01,-6.073434076033384921e-01,1.164688549196141620e+00,0.000000000000000000e+00,0.000000000000000000e+00,0.000000000000000000e+00,-2.252212209106106977e-01,-3.806054576766186581e-02,1.203974423277355404e-01,-1.047199999999999909e+00,0.000000000000000000e+00,0.000000000000000000e+00,0.000000000000000000e+00
-7.277178280742285787e-02,-2.068917594300177243e-01,8.853907111887800996e-01,6.636246330638361467e-03,-3.870587324589235684e-02,1.643360463981987374e-01,9.856223817797162834e-01,-1.532826951603450949e-01,4.118735869658991522e-01,3.897885668424753702e-01,3.963055804486196321e-01,9.614253531866054359e-02,5.343218043475447820e-02,-9.857521337269149753e-02,-2.219536206820567903e-01,-4.300152300361414492e-01,4.215200788858390890e-01,-2.973509189405308395e-01,1.702984804548474118e-01,-9.160871298937728335e-02,0.000000000000000000e+00,0.000000000000000000e+00,-1.041544985613758190e-01,3.163968377861169912e-01,-6.109940715928418031e-01,1.159544458998179595e+00,0.000000000000000000e+00,0.000000000000000000e+00,0.000000000000000000e+00,-2.183793603365248026e-01,-3.808442802012780570e-02,1.389727684486504744e-01,-1.047199999999999909e+00,0.000000000000000000e+00,0.000000000000000000e+00,0.000000000000000000e+00
-7.133339365906854468e-02,-2.027669282950642637e-01,8.855377394375600897e-01,7.153654281414006423e-03,-3.621045668621163116e-02,1.666315381762160375e-01,9.853281476452531162e-01,-1.570223287862574368e-01,4.061831185481931117e-01,3.933639721885949792e-01,3.998968118747592282e-01,8.441599947097047640e-02,5.773593536451576691e-02,-1.015467202398118302e-01,-2.285158214063487125e-01,-4.255886408319394798e-01,4.237804933833628218e-01,-2.966928728608840271e-01,1.705589913585602302e-01,-8.643564508621118248e-02,0.000000000000000000e+00,0.000000000000000000e+00,-9.542218258437377976e-02,3.077454183461376669e-01,-6.134393695596382923e-01,1.156578853915824823e+00,0.000000000000000000e+00,0.000000000000000000e+00,0.000000000000000000e+00,-2.108717964177696524e-01,-3.509196121692285952e-02,1.633605463491978604e-01,-1.047199999999999909e+00,0.000000000000000000e+00,0.000000000000000000e+00,0.000000000000000000e+00
-6.986988391757154027e-02,-1.982624004540451401e-01,8.857248305981840764e-01,8.016199437626188654e-03,-3.359684629731906486e-02,1.683133682422562061e-01,9.851282162928828301e-01,-1.599150766848086713e-01,3.994051529165247860e-01,3.979486752298014851e-01,4.035714019486426052e-01,7.194493530765624922e-02,6.183231174313442990e-02,-1.048210610062177001e-01,-2.366816992925407648e-01,-4.214612066588843686e-01,4.266039168206787191e-01,-2.958314697920270131e-01,1.723620526079686910e-01,-8.123596797109483569e-02,0.000000000000000000e+00,0.000000000000000000e+00,-8.506509850815104079e-02,2.999598046944570995e-01,-6.157355689772366913e-01,1.155439233320853853e+00,0.000000000000000000e+00,0.000000000000000000e+00,0.000000000000000000e+00,-2.039127485612571566e-01,-3.391541261348404723e-02,1.899971066093575078e-01,-1.047199999999999909e+00,0.000000000000000000e+00,0.000000000000000000e+00,0.000000000000000000e+00
-6.850318009446666745e-02,-1.933045382863846362e-01,8.859142082238534721e-01,9.074377668058365362e-03,-3.095349631928006467e-02,1.697542921891019019e-01,9.849583833944084432e-01,-1.616802954334184417e-01,3.914055357677748703e-01,4.035663293412529162e-01,4.061093542798725475e-01,5.734340714159253533e-02,6.714857698709830736e-02,-1.081143281440462844e-01,-2.461406311957420046e-01,-4.175255286130037935e-01,4.294303001063582981e-01,-2.940837258826045630e-01,1.758973674652820618e-01,-7.717888145694998259e-02,0.000000000000000000e+00,0.000000000000000000e+00,-7.636084927941357015e-02,2.931451036794655018e-01,-6.144848999517791288e-01,1.158214447949236003e+00,0.000000000000000000e+00,0.000000000000000000e+00,0.000000000000000000e+00,-1.954909650102212293e-01,-3.558088723822564609e-02,2.092332086289118431e-01,-1.047199999999999909e+00,0.000000000000000000e+00,0.000000000000000000e+00,0.000000000000000000e+00
-6.731686998908661956e-02,-1.878621289542266592e-01,8.860133728089334415e-01,1.058775051273703333e-02,-2.896947016812102468e-02,1.715434300536541889e-01,9.846936178033680598e-01,-1.627296122909586140e-01,3.829056371783201573e-01,4.107484679052258447e-01,4.106895772808169531e-01,4.355212610473508522e-02,7.386667255231496587e-02,-1.101717448084142681e-01,-2.578767982480392185e-01,-4.145405644979925919e-01,4.336178696202352412e-01,-2.917445191337086907e-01,1.787155010883723083e-01,-7.425851613057916911e-02,0.000000000000000000e+00,0.000000000000000000e+00,-7.333347603427461947e-02,2.881985645599625667e-01,-6.135666716169010382e-01,1.161009236303051750e+00,0.000000000000000000e+00,0.000000000000000000e+00,0.000000000000000000e+00,-1.889439561193707040e-01,-4.104991303424870147e-02,2.217441067598774074e-01,-1.047199999999999909e+00,0.000000000000000000e+00,0.000000000000000000e+00,0.000000000000000000e+00
-6.642691095021928394e-02,-1.818729360188395261e-01,8.860001200211666816e-01,1.253652495803943799e-02,-2.850338684749462170e-02,1.742888642424025025e-01,9.842021054038099237e-01,-1.621425428982467554e-01,3.723436445789828353e-01,4.140548724301782446e-01,4.163869727885054495e-01,3.126335887725686935e-02,7.929515258711092307e-02,-1.088543637236788764e-01,-2.708699020322781204e-01,-4.106860169736218924e-01,4.385266682599920918e-01,-2.896996608396183448e-01,1.812513760140045116e-01,-6.982436757469082100e-02,0.000000000000000000e+00,0.000000000000000000e+00,-7.577819940384396269e-02,2.846044275654447397e-01,-6.142498317483372494e-01,1.159361712506615127e+00,0.000000000000000000e+00,0.000000000000000000e+00,0.000000000000000000e+00,-1.827837315523845596e-01,-4.704966575159136993e-02,2.273219125016520958e-01,-1.047199999999999909e+00,0.000000000000000000e+00,0.000000000000000000e+00,0.000000000000000000e+00
-6.574397071935909886e-02,-1.753392505719132966e-01,8.859840484432484065e-01,1.517455352059514893e-02,-2.927956684149035996e-02,1.778019423560953938e-01,9.835135531274724618e-01,-1.592093937072945053e-01,3.592990246909628649e-01,4.157163600767956324e-01,4.219537048659072753e-01,2.099114895756018506e-02,8.517983671703086013e-02,-1.061963701155610174e-01,-2.857847947769378005e-01,-4.043075667189822697e-01,4.461610324080418355e-01,-2.846464714673557217e-01,1.808062480160329832e-01,-6.547724141151183008e-02,0.000000000000000000e+00,0.000000000000000000e+00,-8.010681803615114782e-02,2.808774811629060064e-01,-6.189767762778324300e-01,1.155887960791576852e+00,0.000000000000000000e+00,0.000000000000000000e+00,0.000000000000000000e+00,-1.749622685520067500e-01,-5.393173336804772677e-02,2.280956749768122960e-01,-1.047170898808006845e+00,0.000000000000000000e+00,0.000000000000000000e+00,0.000000000000000000e+00
-6.508142328096915008e-02,-1.678694056016680758e-01,8.861722823563462637e-01,1.737260274117935141e-02,-2.663739394403250721e-02,1.796686542645192231e-01,9.832130067247100147e-01,-1.592945286728294496e-01,3.463185491535154537e-01,4.260678934151394537e-01,4.256024958370955291e-01,1.162184951974136373e-03,9.186341728107247362e-02,-1.093944854919962628e-01,-3.022913208097449678e-01,-3.999810555244422972e-01,4.498312856982827346e-01,-2.759714301286770866e-01,1.882552482557637574e-01,-6.366022759810388565e-02,0.000000000000000000e+00,0.000000000000000000e+00,-8.181328962876878441e-02,2.722291729978716934e-01,-6.163784955990445624e-01,1.156545436162433882e+00,0.000000000000000000e+00,0.000000000000000000e+00,0.000000000000000000e+00,-1.693731550491446025e-01,-6.031033684231802000e-02,2.186463689779825637e-01,-1.041047675783635773e+00,0.000000000000000000e+00,0.000000000000000000e+00,0.000000000000000000e+00
-6.457305362697550455e-02,-1.598042808132008330e-01,8.864853973604468473e-01,2.081951272278870571e-02,-2.550572263321906549e-02,1.820033322255519836e-01,9.827465558635850584e-01,-1.564617663608131037e-01,3.282803585973854132e-01,4.306405844297465091e-01,4.283761257993936589e-01,-1.033197795443033425e-02,9.447333764665570566e-02,-1.096850742936873041e-01,-3.224787917997135045e-01,-3.956829060097363238e-01,4.552229449735559763e-01,-2.628118264781274527e-01,1.909274019112717768e-01,-6.013494054722050286e-02,0.000000000000000000e+00,0.000000000000000000e+00,-8.667174646562431084e-02,2.638430456375444599e-01,-6.168442022711211337e-01,1.156948287425370481e+00,0.000000000000000000e+00,0.000000000000000000e+00,0.000000000000000000e+00,-1.634382474174660149e-01,-6.324318847454019066e-02,2.101232386520961171e-01,-1.032969615615987324e+00,0.000000000000000000e+00,0.000000000000000000e+00,0.000000000000000000e+00
-6.394109939590381098e-02,-1.509287443865893474e-01,8.873058430965419241e-01,2.414546759160696165e-02,-2.260348660021312128e-02,1.844709537692474643e-01,9.822812967799815498e-01,-1.529354763164973707e-01,3.103515890768792085e-01,4.455683610653028426e-01,4.267721180569121753e-01,-2.429328037608005295e-02,1.003816063564303973e-01,-1.129531366249454383e-01,-3.429218057342778847e-01,-3.885263980530682670e-01,4.584207276278531307e-01,-2.423197498502276115e-01,1.982194291677200904e-01,-6.311211149420631328e-02,0.000000000000000000e+00,0.000000000000000000e+00,-9.039856356977529761e-02,2.528068014907858818e-01,-6.131891220570605538e-01,1.161877121414407243e+00,0.000000000000000000e+00,0.000000000000000000e+00,0.000000000000000000e+00,-1.612840359903424392e-01,-6.779381895158338722e-02,1.922085745364492393e-01,-1.015213641708864856e+00,0.000000000000000000e+00,0.000000000000000000e+00,0.000000000000000000e+00
-6.350323314693577526e-02,-1.416136203575270591e-01,8.879130469131200076e-01,2.802449083875682354e-02,-2.037915200211902131e-02,1.869572557743872376e-01,9.817567430836494635e-01,-1.489384917927961405e-01,2.886937797906544700e-01,4.532718036269495210e-01,4.242789169562705687e-01,-3.178723597065805789e-02,1.032257187975093859e-01,-1.155684444035271069e-01,-3.648862842289632979e-01,-3.797983190507938644e-01,4.629466879176463712e-01,-2.219318456040266785e-01,2.016722673377517872e-01,-6.381140032194551615e-02,0.000000000000000000e+00,0.000000000000000000e+00,-9.192843619380444697e-02,2.410101942620845317e-01,-6.112373118062630617e-01,1.163844654200325790e+00,0.000000000000000000e+00,0.000000000000000000e+00,0.000000000000000000e+00,-1.552612012519589135e-01,-7.519019319579395288e-02,1.819440444247465705e-01,-9.948030544868503577e-01,0.000000000000000000e+00,0.000000000000000000e+00,0.000000000000000000e+00
-6.305441631470887209e-02,-1.319269758693749628e-01,8.887220830329934929e-01,3.290406932990642963e-02,-1.778816862866310425e-02,1.897042970811923801e-01,9.811285251929552365e-01,-1.422496936627323516e-01,2.634160530644051867e-01,4.646007038621087215e-01,4.167053781924311417e-01,-3.851558484150285899e-02,1.082390377212944926e-01,-1.180459226100026154e-01,-3.900411883368959942e-01,-3.710156205021218900e-01,4.667038344151639429e-01,-1.965130104116829535e-01,2.106931096960300565e-01,-6.739285240251795261e-02,0.000000000000000000e+00,0.000000000000000000e+00,-9.180422521942271930e-02,2.315989619789095844e-01,-6.106928613908163550e-01,1.163827446344674055e+00,0.000000000000000000e+00,0.000000000000000000e+00,0.000000000000000000e+00,-1.511410342671328511e-01,-8.356949344515332556e-02,1.699177137505475943e-01,-9.707168175570244362e-01,0.000000000000000000e+00,0.000000000000000000e+00,0.000000000000000000e+00
-6.273579602615135531e-02,-1.222018844921830411e-01,8.888343269297271920e-01,3.908014250454457800e-02,-1.607352650681912951e-02,1.936653461501746110e-01,9.801571904077396313e-01,-1.349259777162885587e-01,2.339328601660015383e-01,4.701794159270092921e-01,4.090217471055053178e-01,-4.432646556245248282e-02,1.117068258172324025e-01,-1.204278749814275545e-01,-4.189547180462303011e-01,-3.608883564949313949e-01,4.784158014112420698e-01,-1.833556636678776719e-01,2.148691754254503372e-01,-7.034356063908848988e-02,0.000000000000000000e+00,0.000000000000000000e+00,-9.464409557643869986e-02,2.225671924783853284e-01,-6.137858647585358041e-01,1.165575914662067447e+00,0.000000000000000000e+00,0.000000000000000000e+00,0.000000000000000000e+00,-1.433906644604324432e-01,-9.070364101957266445e-02,1.575700873163945748e-01,-9.427975988749247582e-01,0.000000000000000000e+00,0.000000000000000000e+00,0.000000000000000000e+00
-6.251701859067228251e-02,-1.122066503323801284e-01,8.893470432874610587e-01,4.440411688691809494e-02,-1.218263551698897836e-02,1.971356650094271412e-01,9.792943313308036801e-01,-1.297107145231732039e-01,2.059420482743747338e-01,4.828021779131839164e-01,3.985291031970733533e-01,-5.210397235981278907e-02,1.185753872420735322e-01,-1.292281817959817780e-01,-4.451143836948822652e-01,-3.441606978318427212e-01,4.898935990933250273e-01,-1.626706926100076056e-01,2.233118218607626493e-01,-7.593860051242684595e-02,0.000000000000000000e+00,0.000000000000000000e+00,-9.273024604498249224e-02,2.116415876324798662e-01,-6.081062999554162074e-01,1.161577638291311665e+00,0.000000000000000000e+00,0.000000000000000000e+00,0.000000000000000000e+00,-1.321997137196032346e-01,-1.026367932560096480e-01,1.495253472638986003e-01,-9.099694962827161726e-01,0.000000000000000000e+00,0.000000000000000000e+00,0.000000000000000000e+00
-6.253894908163563915e-02,-1.025319423601926405e-01,8.891431472617783438e-01,5.078227260185678299e-02,-9.831617792275154297e-03,2.009989550619012133e-01,9.782248821947850947e-01,-1.226059707999464787e-01,1.758140052198913783e-01,4.908349831957463660e-01,3.879068108596087083e-01,-5.425989449152904959e-02,1.250769135489548378e-01,-1.380579542112601865e-01,-4.772795718790493469e-01,-3.343043283265635379e-01,5.077946606525670648e-01,-1.401245403290751479e-01,2.240690019042167191e-01,-7.952658038493824744e-02,0.000000000000000000e+00,0.000000000000000000e+00,-9.280037546704113238e-02,2.003239455950055758e-01,-6.017543361758634912e-01,1.160884654836537466e+00,0.000000000000000000e+00,0.000000000000000000e+00,0.000000000000000000e+00,-1.154448057286159984e-01,-1.148195218637749621e-01,1.490443306923634470e-01,-8.783482883706678068e-01,0.000000000000000000e+00,0.000000000000000000e+00,0.000000000000000000e+00
-6.279032179405583114e-02,-9.294971283145035679e-02,8.886314247326974058e-01,5.726875014060203023e-02,-8.188740358327010332e-03,2.044080294718946533e-01,9.771748012899708069e-01,-1.136419247884846440e-01,1.470622774337531913e-01,5.027971614501480779e-01,3.784004681141353577e-01,-6.025388556545920732e-02,1.353545744426753183e-01,-1.460879719415856537e-01,-5.159839166956284862e-01,-3.372762817106101929e-01,5.223456568680836520e-01,-9.271551763466578944e-02,2.287503436739709017e-01,-8.373732633981953444e-02,0.000000000000000000e+00,0.000000000000000000e+00,-8.893379277629043234e-02,1.890428234635981586e-01,-5.925514739367371275e-01,1.158766700696994389e+00,0.000000000000000000e+00,0.000000000000000000e+00,0.000000000000000000e+00,-9.923443755233762875e-02,-1.290320063186126964e-01,1.452343737620511444e-01,-8.338715792551726347e-01,0.000000000000000000e+00,0.000000000000000000e+00,0.000000000000000000e+00
-6.280203338845992411e-02,-8.361859116023438732e-02,8.881558920525598477e-01,6.333761541469359879e-02,-6.364439882296145379e-03,2.078067760399206487e-01,9.760964010846769900e-01,-1.045505003929569077e-01,1.163945655448979100e-01,5.071219940080005095e-01,3.646964645404436878e-01,-6.656500075122712135e-02,1.439736035692031901e-01,-1.554676936712751645e-01,-5.486073351511444596e-01,-3.311462663427133246e-01,5.386904055316001916e-01,-5.453084880650298921e-02,2.254272003669926527e-01,-8.459996426997275221e-02,0.000000000000000000e+00,0.000000000000000000e+00,-8.606310961546628779e-02,1.805009420821905020e-01,-5.786532315369129487e-01,1.157221519803108167e+00,0.000000000000000000e+00,0.000000000000000000e+00,0.000000000000000000e+00,-8.146710244991647865e-02,-1.208373333159798030e-01,1.372956786199935331e-01,-7.910983259261850087e-01,0.000000000000000000e+00,0.000000000000000000e+00,0.000000000000000000e+00
-6.250372106558488294e-02,-7.477061928531414381e-02,8.875168202463811218e-01,6.888101145817514259e-02,-4.477758547285895507e-03,2.126434002587871130e-01,9.746887401962084363e-01,-9.757071468153211136e-02,8.799347183233992287e-02,5.095548883999900802e-01,3.535874843186125882e-01,-7.153995259740437984e-02,1.549821284278626865e-01,-1.669407637279494705e-01,-5.816186997206999054e-01,-3.296230214155557170e-01,5.609641788730308498e-01,-1.283503090352674549e-02,2.135400894857192311e-01,-8.508848330476768973e-02,0.000000000000000000e+00,0.000000000000000000e+00,-8.576123977579772073e-02,1.746791370813328970e-01,-5.628696782992878012e-01,1.156948785954764913e+00,0.000000000000000000e+00,0.000000000000000000e+00,0.000000000000000000e+00,-6.350964251686616602e-02,-1.060475312316912500e-01,1.300852138090662080e-01,-7.527034597231372359e-01,0.000000000000000000e+00,0.000000000000000000e+00,0.000000000000000000e+00
-6.196559297723652077e-02,-6.634828871119557991e-02,8.867630738892359199e-01,7.359530715102478859e-02,-3.803019205118354090e-03,2.173596517814245233e-01,9.733057328443769363e-01,-9.009674931424463407e-02,6.377014765578324640e-02,5.098232995940199519e-01,3.465957021184147835e-01,-7.645147646013915332e-02,1.634635855519495640e-01,-1.799850392260717302e-01,-6.098181560864639472e-01,-3.253646382338889476e-01,5.883476766291738658e-01,2.743876006055807892e-02,2.046821133581170904e-01,-8.487042969634224499e-02,0.000000000000000000e+00,0.000000000000000000e+00,-8.526455843268529455e-02,1.681035700474304562e-01,-5.482686074779079544e-01,1.162762211451561445e+00,0.000000000000000000e+00,0.000000000000000000e+00,0.000000000000000000e+00,-4.829117754636827464e-02,-1.052667847381108385e-01,1.225787528549990291e-01,-7.071155259456332054e-01,0.000000000000000000e+00,0.000000000000000000e+00,0.000000000000000000e+00
-6.090638922415442247e-02,-5.861273265629075163e-02,8.866414911551652178e-01,7.740408520139144266e-02,-2.317333898608860479e-03,2.266544496054025415e-01,9.708918570220940181e-01,-8.382898910357614031e-02,3.696301487039652806e-02,4.978242625204044036e-01,3.333091748847443747e-01,-8.380771687234313261e-02,1.695038051273392854e-01,-1.943146234423679397e-01,-6.226202713423051316e-01,-3.017354921950156088e-01,6.180512813144939388e-01,4.661384867188358982e-02,2.108454503027981375e-01,-9.193526080826536218e-02,0.000000000000000000e+00,0.000000000000000000e+00,-8.235328235632798088e-02,1.633099438971302997e-01,-5.340221865826414449e-01,1.165642506245632815e+00,0.000000000000000000e+00,0.000000000000000000e+00,0.000000000000000000e+00,-3.277752730287140925e-02,-8.692568070674548675e-02,1.052610580746669161e-01,-6.474130903683529281e-01,0.000000000000000000e+00,0.000000000000000000e+00,0.000000000000000000e+00
-5.956044264762967028e-02,-5.171100224269550155e-02,8.864708528090012862e-01,8.063890638042284231e-02,-1.521886283662913326e-03,2.370668864767273010e-01,9.681396293800498265e-01,-7.715619959507548364e-02,1.384843810805909750e-02,4.852669616731923874e-01,3.218748209631390744e-01,-8.991686479389517095e-02,1.748418847658906872e-01,-2.118906352191489428e-01,-6.230668295944714608e-01,-2.617423950210578942e-01,6.602675391675937311e-01,4.411827231155467793e-02,2.219948052890332035e-01,-1.000232800258616800e-01,0.000000000000000000e+00,0.000000000000000000e+00,-7.349562521488552103e-02,1.567337291170309288e-01,-5.103283072981128488e-01,1.165495420983508001e+00,0.000000000000000000e+00,0.000000000000000000e+00,0.000000000000000000e+00,-2.098221276648514974e-02,-6.620505741367317676e-02,8.437929223087117792e-02,-5.804186006675549070e-01,0.000000000000000000e+00,0.000000000000000000e+00,0.000000000000000000e+00
-5.804540329459348391e-02,-4.562519747337979992e-02,8.857063431069738257e-01,8.503573645110383550e-02,-1.856918109063258144e-03,2.472498690592460358e-01,9.652113642262717397e-01,-6.985121896582140166e-02,-7.579426379378313705e-03,4.741796426390014751e-01,3.170223729110981381e-01,-9.759294552731731520e-02,1.790611378175060164e-01,-2.289189554044561981e-01,-6.239932607327887126e-01,-2.293287697293741878e-01,7.070814948762600416e-01,3.518448852707474483e-02,2.257457322187872428e-01,-1.113393347812018375e-01,0.000000000000000000e+00,0.000000000000000000e+00,-6.549009979969737383e-02,1.592496577558920601e-01,-4.892532380801852820e-01,1.161936780990439066e+00,0.000000000000000000e+00,0.000000000000000000e+00,0.000000000000000000e+00,-1.345479178124328948e-02,-5.006759492363037356e-02,5.995706452938760062e-02,-5.022736672875264263e-01,0.000000000000000000e+00,0.000000000000000000e+00,0.000000000000000000e+00
-5.657701759067790270e-02,-4.006606186477854742e-02,8.851278627186902614e-01,8.810712349076740835e-02,-2.650059772205466419e-03,2.575606560952942714e-01,9.622331424375009101e-01,-6.341952520209895305e-02,-2.329300468960505271e-02,4.654328824569310408e-01,3.159514401424210472e-01,-1.055127635225047711e-01,1.842102369828885755e-01,-2.403491149418447714e-01,-6.235862973287116251e-01,-2.050593967792987415e-01,7.396761490963921215e-01,4.513155309252474268e-02,2.359182645367965681e-01,-1.202403388488305497e-01,0.000000000000000000e+00,0.000000000000000000e+00,-5.954599218443235031e-02,1.617613185604596659e-01,-4.791994615756231535e-01,1.161310450018352647e+00,0.000000000000000000e+00,0.000000000000000000e+00,0.000000000000000000e+00,-9.918328885580559098e-03,-3.903891703632744736e-02,3.443313454746694396e-02,-4.264302216910275112e-01,0.000000000000000000e+00,0.000000000000000000e+00,0.000000000000000000e+00
-5.523880032400749901e-02,-3.507423406945198163e-02,8.848119366875368819e-01,8.976424318158685023e-02,-3.588946648724057956e-03,2.676342970802504384e-01,9.593233986171452177e-01,-5.832882371132269705e-02,-3.658493881248065654e-02,4.495159068906013911e-01,3.144541082591412184e-01,-1.126731331483393356e-01,1.859882730949298235e-01,-2.520812344509296143e-01,-6.199106284773565623e-01,-1.811636162300459540e-01,7.617491316054953998e-01,4.756693201252517461e-02,2.366703109515627679e-01,-1.225571156048830684e-01,0.000000000000000000e+00,0.000000000000000000e+00,-5.444587049104203380e-02,1.633011439275551258e-01,-4.618516900907769784e-01,1.161485903364043670e+00,0.000000000000000000e+00,0.000000000000000000e+00,0.000000000000000000e+00,-6.610206895262937116e-03,-3.442994975277539199e-02,8.042075664703553575e-03,-3.590596904435357506e-01,0.000000000000000000e+00,0.000000000000000000e+00,0.000000000000000000e+00
-5.398140777593304906e-02,-3.051790951915710551e-02,8.847823485360335471e-01,9.012595043141681528e-02,-4.405730757995041796e-03,2.771493989605917085e-01,9.565804269642490532e-01,-5.548504929519266354e-02,-4.540169318367338891e-02,4.345639707609153524e-01,3.158684639819142603e-01,-1.185047769822895058e-01,1.885083521834159948e-01,-2.636819731304859693e-01,-6.143698742759740039e-01,-1.634984353036996185e-01,7.820534740733520174e-01,4.771565049290721339e-02,2.369021079511939298e-01,-1.261835020921849848e-01,0.000000000000000000e+00,0.000000000000000000e+00,-4.830217991314874476e-02,1.662377266537655995e-01,-4.433938798620248312e-01,1.164377769509985727e+00,0.000000000000000000e+00,0.000000000000000000e+00,0.000000000000000000e+00,-6.302185421216702221e-03,-3.404368402246669978e-02,-1.775136428932238761e-02,-2.999498574689214436e-01,0.000000000000000000e+00,0.000000000000000000e+00,0.000000000000000000e+00
-5.301637382007477750e-02,-2.656570123518365439e-02,8.846604012481606993e-01,9.064355323407057019e-02,-6.326962087802119952e-03,2.874349284185303000e-01,9.534804023853223898e-01,-5.062091976807414628e-02,-5.280801384027412199e-02,4.197557776650928663e-01,3.174062468170468776e-01,-1.254368765866566149e-01,1.876921295201499085e-01,-2.732143875803110800e-01,-6.055334237814159470e-01,-1.500174797742821198e-01,7.996924094578666820e-01,3.763245996990637054e-02,2.300625962845825323e-01,-1.316268913918879624e-01,0.000000000000000000e+00,0.000000000000000000e+00,-4.270238948532505824e-02,1.697052843727132609e-01,-4.212238173707473221e-01,1.167323898134647653e+00,0.000000000000000000e+00,0.000000000000000000e+00,0.000000000000000000e+00,-3.735979094539654266e-03,-4.024667322262681646e-02,-4.623199788954941714e-02,-2.322566233494258725e-01,0.000000000000000000e+00,0.000000000000000000e+00,0.000000000000000000e+00
-5.209685638467227015e-02,-2.315142475956036283e-02,8.844310110107698186e-01,9.076209548463493038e-02,-8.090813586676705998e-03,2.986476404256028228e-01,9.500033513767008886e-01,-5.008241653728981446e-02,-5.771488163055210618e-02,4.036714124860466546e-01,3.258619530227802596e-01,-1.333430205471599628e-01,1.883458639268381085e-01,-2.846263078512450972e-01,-5.892890097121615822e-01,-1.363646890300445891e-01,8.105592374319934290e-01,1.951577247999244924e-02,2.236130955231111495e-01,-1.347239926566609625e-01,0.000000000000000000e+00,0.000000000000000000e+00,-3.897764854095477766e-02,1.719017751638615976e-01,-4.002456688951812058e-01,1.168032004111446698e+00,0.000000000000000000e+00,0.000000000000000000e+00,0.000000000000000000e+00,1.202471736475712108e-03,-4.285961449626279202e-02,-7.174856189228291659e-02,-1.705006241128892708e-01,0.000000000000000000e+00,0.000000000000000000e+00,0.000000000000000000e+00
-5.111727674369621194e-02,-1.978566158160395549e-02,8.846535252061428212e-01,8.887295668778079361e-02,-8.160537403700098349e-03,3.094868562027897063e-01,9.467063372749590089e-01,-5.348195487623506189e-02,-5.914929226551911279e-02,3.878026548591302358e-01,3.334420188406937435e-01,-1.420827526037503341e-01,1.840032811970440940e-01,-2.942942759873209968e-01,-5.711453178435038636e-01,-1.292270886689038389e-01,8.014716372339849570e-01,-4.524363353245818876e-03,2.168071071220061541e-01,-1.366722432569380530e-01,0.000000000000000000e+00,0.000000000000000000e+00,-3.591080635555147366e-02,1.727417036424668539e-01,-3.724315457953701336e-01,1.169167822334196805e+00,0.000000000000000000e+00,0.000000000000000000e+00,0.000000000000000000e+00,7.102559013739617559e-03,-5.523209798982915003e-02,-9.381918681085839318e-02,-1.132664020902353214e-01,0.000000000000000000e+00,0.000000000000000000e+00,0.000000000000000000e+00
-5.014807871788051763e-02,-1.646934663726869544e-02,8.850546797095988349e-01,8.561962501322831209e-02,-7.380306890090530467e-03,3.216587724943330007e-01,9.429477424333972957e-01,-5.964328463832630628e-02,-5.818626837385999090e-02,3.712987037932922729e-01,3.411323257708129275e-01,-1.517966277553499388e-01,1.773678167824529195e-01,-3.045362327230466404e-01,-5.512942067558008752e-01,-1.181189850241736450e-01,7.856799751277666610e-01,-2.365766471005136679e-02,2.157835622838454315e-01,-1.345606625441997384e-01,0.000000000000000000e+00,0.000000000000000000e+00,-3.699558208413220028e-02,1.723724928323226158e-01,-3.420044293164024585e-01,1.169688068444494577e+00,0.000000000000000000e+00,0.000000000000000000e+00,0.000000000000000000e+00,1.899898328368761907e-02,-6.330379400141047941e-02,-1.096490356918550513e-01,-6.920833030429329735e-02,0.000000000000000000e+00,0.000000000000000000e+00,0.000000000000000000e+00
-4.927212655208396130e-02,-1.346733613465600672e-02,8.854885532244909374e-01,8.205311966146744407e-02,-7.211976459720392113e-03,3.354423747041979653e-01,9.384528151176134703e-01,-6.864640090187236476e-02,-5.520489673330971486e-02,3.528499572351463387e-01,3.544678389366648918e-01,-1.585379429178489230e-01,1.729825978886494753e-01,-3.158301284268645870e-01,-5.242176285577303529e-01,-1.053503360354675344e-01,7.643948636790044437e-01,-5.087775138486328591e-02,2.094135024860587502e-01,-1.352500002322203909e-01,0.000000000000000000e+00,0.000000000000000000e+00,-3.887111898669945442e-02,1.764598827651158164e-01,-3.225790943153266643e-01,1.166400893455336929e+00,0.000000000000000000e+00,0.000000000000000000e+00,0.000000000000000000e+00,3.367164310792184617e-02,-6.593689590186002647e-02,-1.218660971991151754e-01,-2.933182905489127579e-02,0.000000000000000000e+00,0.000000000000000000e+00,0.000000000000000000e+00
-4.818948354357734803e-02,-1.036625927579023013e-02,8.861395888032628232e-01,7.713105264653435933e-02,-5.300129900678844652e-03,3.506119429735657933e-01,9.333241531134690572e-01,-8.073257715057878536e-02,-5.290028415420735403e-02,3.288559100562914450e-01,3.647369337566621628e-01,-1.693158727725645740e-01,1.615318581185574698e-01,-3.234602331151548715e-01,-4.892161296363068956e-01,-8.761294598563887370e-02,7.364867650424348211e-01,-7.684818816304600508e-02,2.107643906998526162e-01,-1.379345324142182971e-01,0.000000000000000000e+00,0.000000000000000000e+00,-4.081997252784804603e-02,1.806299958730257227e-01,-3.062904407444581034e-01,1.165895489821118014e+00,0.000000000000000000e+00,0.000000000000000000e+00,0.000000000000000000e+00,4.647253435554549172e-02,-8.061784885398112777e-02,-1.290865032787737177e-01,8.240162872336661767e-03,0.000000000000000000e+00,0.000000000000000000e+00,0.000000000000000000e+00
-4.709385090935760965e-02,-7.314257442430580243e-03,8.869286720011795300e-01,7.184022340130170881e-02,-2.522115922560445259e-03,3.670699512859969538e-01,9.274115979950975364e-01,-9.532122688790203857e-02,-5.082183843455095884e-02,3.050214671755585583e-01,3.745550972103645071e-01,-1.766962881260596974e-01,1.529505296509988677e-01,-3.304419725711373879e-01,-4.554332923138433853e-01,-6.826824316919580249e-02,7.046440563359621656e-01,-9.998858963016335477e-02,2.128802527310668935e-01,-1.413040232229295645e-01,0.000000000000000000e+00,0.000000000000000000e+00,-4.472835575523283203e-02,1.850588985401928621e-01,-2.952636071378629823e-01,1.162995749362152553e+00,0.000000000000000000e+00,0.000000000000000000e+00,0.000000000000000000e+00,6.188504965156260695e-02,-9.403387894645390266e-02,-1.294750095606789220e-01,3.603142518472682299e-02,0.000000000000000000e+00,0.000000000000000000e+00,0.000000000000000000e+00
-4.617700295567692126e-02,-4.602136249763665206e-03,8.874499992174746943e-01,6.721383179986341327e-02,-1.652974666727690181e-03,3.845775314895041319e-01,9.206409130399162422e-01,-1.068574093768148991e-01,-4.861729898991098281e-02,2.811133398435309294e-01,3.858310774526388931e-01,-1.851861916488706239e-01,1.466605548572388340e-01,-3.351094403283481071e-01,-4.240732922762039392e-01,-4.730379476439791619e-02,6.826051191706286048e-01,-1.196832028400034720e-01,2.096289587830876822e-01,-1.419690330639730436e-01,0.000000000000000000e+00,0.000000000000000000e+00,-5.042045053975254681e-02,1.914831127712452730e-01,-2.825647131292784442e-01,1.155991270543403449e+00,0.000000000000000000e+00,0.000000000000000000e+00,0.000000000000000000e+00,7.833231620364546066e-02,-1.155089307424457951e-01,-1.263336034387593787e-01,6.616370180786747268e-02,0.000000000000000000e+00,0.000000000000000000e+00,0.000000000000000000e+00
-4.526298621360361901e-02,-1.933067686272386043e-03,8.878065412032110082e-01,6.269625159437205997e-02,-1.598378427286628080e-04,4.002446093659295934e-01,9.142611263536222221e-01,-1.201588042698067960e-01,-4.744094785635025180e-02,2.577321492300945760e-01,3.990151632805166715e-01,-1.963569623231815331e-01,1.414947786232182703e-01,-3.392813191680207896e-01,-3.956364499803238233e-01,-2.730907375796809422e-02,6.662144187154434016e-01,-1.373794994712397299e-01,2.083641100038569616e-01,-1.416752117143724177e-01,0.000000000000000000e+00,0.000000000000000000e+00,-5.219694582701604746e-02,1.962380410415138221e-01,-2.718459798737846711e-01,1.144471905259236033e+00,0.000000000000000000e+00,0.000000000000000000e+00,0.000000000000000000e+00,9.449068872967462951e-02,-1.430477343644996069e-01,-1.260856742284596210e-01,9.426325821615537393e-02,0.000000000000000000e+00,0.000000000000000000e+00,0.000000000000000000e+00
-4.429079264133206628e-02,2.135453953939468481e-04,8.878412121233421050e-01,5.913300107406234407e-02,-4.191059280840118972e-04,4.179052723674296366e-01,9.065640053861063752e-01,-1.323630552431449559e-01,-4.646546696189161885e-02,2.328850938873685272e-01,4.162158729101428922e-01,-2.044390718651951933e-01,1.384059604621922235e-01,-3.410014844635543829e-01,-3.706505866431749063e-01,-9.447111537291094652e-03,6.531668950720591615e-01,-1.465802916649453780e-01,2.063867115116468365e-01,-1.416229257787891826e-01,0.000000000000000000e+00,0.000000000000000000e+00,-5.647479301205912683e-02,2.002059128442242875e-01,-2.754524619293207688e-01,1.137510452487456414e+00,0.000000000000000000e+00,0.000000000000000000e+00,0.000000000000000000e+00,1.066835108203701976e-01,-1.681209364715653409e-01,-1.186586992279416997e-01,1.191233020831608536e-01,0.000000000000000000e+00,0.000000000000000000e+00,0.000000000000000000e+00
-4.312815769776689317e-02,2.082342925172364113e-03,8.877806084958248523e-01,5.578453248810906484e-02,-4.537121856262940622e-04,4.341004823138636670e-01,8.991355022104325911e-01,-1.431637963113449596e-01,-4.555494592309224794e-02,2.108833457441367798e-01,4.307570569269256744e-01,-2.138189680960675410e-01,1.350858129828927390e-01,-3.400538850929285539e-01,-3.510994589962290746e-01,2.791328106826806987e-03,6.451545525791700930e-01,-1.556960895946035150e-01,2.047947253191348682e-01,-1.369273505986539352e-01,0.000000000000000000e+00,0.000000000000000000e+00,-6.034564694917214644e-02,2.050274743954880741e-01,-2.776483853933782164e-01,1.129113334319386874e+00,0.000000000000000000e+00,0.000000000000000000e+00,0.000000000000000000e+00,1.197218036606334524e-01,-1.995041970506253037e-01,-1.129962328720152953e-01,1.455711844365372987e-01,0.000000000000000000e+00,0.000000000000000000e+00,0.000000000000000000e+00
-4.171785880321203510e-02,3.617247177980894429e-03,8.875733066961931650e-01,5.393005639182907318e-02,-1.493354284157818925e-03,4.487444417064584967e-01,8.920301255832759901e-01,-1.501822757075949588e-01,-4.615111017487566469e-02,1.898382916904208240e-01,4.444917231697998461e-01,-2.215918876476274391e-01,1.306726084970868118e-01,-3.343276185628089037e-01,-3.404017524926430949e-01,3.250020349419832644e-03,6.428475498804143706e-01,-1.613609952323324104e-01,2.027988409822225613e-01,-1.306589628954777926e-01,0.000000000000000000e+00,0.000000000000000000e+00,-6.191204103687551752e-02,2.079147194261320719e-01,-2.834434213008272252e-01,1.123759062072724690e+00,0.000000000000000000e+00,0.000000000000000000e+00,0.000000000000000000e+00,1.280894447196085362e-01,-2.263455638866734287e-01,-1.121312016418747337e-01,1.800248719168140998e-01,0.000000000000000000e+00,0.000000000000000000e+00,0.000000000000000000e+00
-3.986619948491566812e-02,4.966672296409172481e-03,8.873745313819276781e-01,5.270600754507293734e-02,-3.137713272124715430e-03,4.624997984463719014e-01,8.850458564171382880e-01,-1.534309499557975354e-01,-4.658711532354787438e-02,1.703503737377481952e-01,4.551189979968807142e-01,-2.293268511483938510e-01,1.258521642786951389e-01,-3.262165441416015055e-01,-3.345367754013657269e-01,-1.277515671540677133e-03,6.417432531080020652e-01,-1.624231561582760164e-01,1.975646146870307929e-01,-1.243893657117027540e-01,0.000000000000000000e+00,0.000000000000000000e+00,-6.182261431877968116e-02,2.087244749794853194e-01,-2.928125482535298141e-01,1.119630704689389855e+00,0.000000000000000000e+00,0.000000000000000000e+00,0.000000000000000000e+00,1.335778702474105240e-01,-2.498756481777515970e-01,-1.107470311101999699e-01,2.129501328688908346e-01,0.000000000000000000e+00,0.000000000000000000e+00,0.000000000000000000e+00
-3.744906638042336255e-02,6.224183166450098816e-03,8.872964910168891217e-01,5.195250251459509333e-02,-4.853933893887033349e-03,4.749532725592457427e-01,8.784627286877267904e-01,-1.548673320718561564e-01,-4.641754965263229088e-02,1.529450380582979274e-01,4.636954073720309655e-01,-2.319713026116476950e-01,1.199978300720809937e-01,-3.148254720216003277e-01,-3.332951786163865227e-01,-1.411028132787510436e-02,6.430490968635969029e-01,-1.634226111447592833e-01,1.891809663092440252e-01,-1.156635345170319851e-01,0.000000000000000000e+00,0.000000000000000000e+00,-5.988352568012982047e-02,2.084347721147356836e-01,-2.970568420267644671e-01,1.115750969978041685e+00,0.000000000000000000e+00,0.000000000000000000e+00,0.000000000000000000e+00,1.384701329058042885e-01,-2.704244945035165770e-01,-1.148461574930221274e-01,2.507096584482234047e-01,0.000000000000000000e+00,0.000000000000000000e+00,0.000000000000000000e+00
-3.437067263557146840e-02,7.437427439990640203e-03,8.871184697378405870e-01,5.204805281062172689e-02,-6.606763444081270760e-03,4.865979855836313761e-01,8.720491679380055761e-01,-1.537051531666363824e-01,-4.850368139358000874e-02,1.329250234384871943e-01,4.702292026565965677e-01,-2.387346594628227958e-01,1.153879359588536185e-01,-3.015741360901987300e-01,-3.349792202504829342e-01,-2.899197983969801357e-02,6.463837204754723231e-01,-1.657991015860791617e-01,1.793290920868703953e-01,-1.053269899276967625e-01,0.000000000000000000e+00,0.000000000000000000e+00,-5.767955466998159197e-02,2.074458134593964997e-01,-2.950575130479302643e-01,1.114873339385711759e+00,0.000000000000000000e+00,0.000000000000000000e+00,0.000000000000000000e+00,1.430910748336316485e-01,-2.840845575815551527e-01,-1.231267028814212183e-01,2.914374603624000915e-01,0.000000000000000000e+00,0.000000000000000000e+00,0.000000000000000000e+00
-3.075376046601166480e-02,8.870901288125010442e-03,8.874420161621029424e-01,5.152883273211900095e-02,-7.904398330738362025e-03,4.962827945890098125e-01,8.665943039734430586e-01,-1.491119799082008535e-01,-4.891218574832527366e-02,1.146856806832915882e-01,4.686133291966363412e-01,-2.424224608231419220e-01,1.096982876056724759e-01,-2.869041062998702873e-01,-3.355937285792591207e-01,-4.521668501540140189e-02,6.459359698260750404e-01,-1.700657823022949655e-01,1.693391499231530484e-01,-9.512896716002092190e-02,0.000000000000000000e+00,0.000000000000000000e+00,-5.231245423230756336e-02,2.079098699029522102e-01,-2.927065072379942956e-01,1.113097468444493865e+00,0.000000000000000000e+00,0.000000000000000000e+00,0.000000000000000000e+00,1.452486175419409054e-01,-3.058674744999243522e-01,-1.272184846170195116e-01,3.353048456803608968e-01,0.000000000000000000e+00,0.000000000000000000e+00,0.000000000000000000e+00
-2.655187550843623664e-02,1.046894492388849088e-02,8.878656651655374432e-01,5.046628249251604997e-02,-8.149424901107050687e-03,5.057711140937886096e-01,8.611517411893758744e-01,-1.462282940128835085e-01,-4.864328045005297113e-02,9.676041279428944375e-02,4.666009331032888174e-01,-2.475792113129688110e-01,1.051583250384098972e-01,-2.740599867641466125e-01,-3.339120741126645475e-01,-5.828332135571610839e-02,6.455518842886818209e-01,-1.763274251699277206e-01,1.593043725868382998e-01,-8.640136005585669077e-02,0.000000000000000000e+00,0.000000000000000000e+00,-4.489381418106101751e-02,2.078444741125798911e-01,-2.917077103739988964e-01,1.112152686844210869e+00,0.000000000000000000e+00,0.000000000000000000e+00,0.000000000000000000e+00,1.471094889930943117e-01,-3.230146434731434590e-01,-1.276034243865097062e-01,3.791393569140876219e-01,0.000000000000000000e+00,0.000000000000000000e+00,0.000000000000000000e+00
-2.188729849213859324e-02,1.214769736496791597e-02,8.885135004591077079e-01,4.869833483391538403e-02,-8.436291697591222910e-03,5.143917502939451269e-01,8.561299132703682480e-01,-1.425679271462632625e-01,-4.584289246422573738e-02,7.931730066644371302e-02,4.628816616058096245e-01,-2.526733548742045032e-01,9.842400173940674124e-02,-2.593022686279370936e-01,-3.306032465020251054e-01,-7.447454723972643520e-02,6.408553693825971287e-01,-1.849098379489971522e-01,1.502986520282452443e-01,-7.803058839126059132e-02,0.000000000000000000e+00,0.000000000000000000e+00,-3.760082571063439599e-02,2.098675830643598195e-01,-2.875852862721395287e-01,1.112031499574943849e+00,0.000000000000000000e+00,0.000000000000000000e+00,0.000000000000000000e+00,1.498650934256842704e-01,-3.355078080875480984e-01,-1.308959862264762464e-01,4.257617393033933939e-01,0.000000000000000000e+00,0.000000000000000000e+00,0.000000000000000000e+00
-1.690771934193376069e-02,1.378493745333952622e-02,8.891803484130910151e-01,4.654062862190790767e-02,-8.749943088769905966e-03,5.210112612428821066e-01,8.522351049103304987e-01,-1.404907307909536440e-01,-4.058430359181562641e-02,6.462437608153015489e-02,4.613642415595105017e-01,-2.518929066539181139e-01,9.334307983256434627e-02,-2.475959775777547833e-01,-3.247833447709304044e-01,-8.811255271090852326e-02,6.377520029075929298e-01,-1.878139003767901050e-01,1.428649881362043517e-01,-6.809032985967813922e-02,0.000000000000000000e+00,0.000000000000000000e+00,-2.903980862866243837e-02,2.117345113751550323e-01,-2.833266439791194968e-01,1.111789227284255110e+00,0.000000000000000000e+00,0.000000000000000000e+00,0.000000000000000000e+00,1.478861427059920408e-01,-3.481553438144143198e-01,-1.329059824756671504e-01,4.900708210544684751e-01,0.000000000000000000e+00,0.000000000000000000e+00,0.000000000000000000e+00
-1.169620465358659628e-02,1.512318382985678757e-02,8.896680022886858108e-01,4.545306637607478273e-02,-9.070582605388555902e-03,5.262488117682588840e-01,8.490665058761336370e-01,-1.353662863740703881e-01,-3.465444365736491950e-02,5.551224888160451870e-02,4.570777585055970094e-01,-2.527694006155625783e-01,8.421886096547778755e-02,-2.366037830675777887e-01,-3.208917664768993760e-01,-1.018882533663158368e-01,6.366708301782049162e-01,-1.974268310891256761e-01,1.349631441521856878e-01,-6.025760109619463650e-02,0.000000000000000000e+00,0.000000000000000000e+00,-2.103389214092249437e-02,2.160215963107305903e-01,-2.783088121562331541e-01,1.112519476812664498e+00,0.000000000000000000e+00,0.000000000000000000e+00,0.000000000000000000e+00,1.415424720972096873e-01,-3.592270765661874643e-01,-1.263753353822312242e-01,5.635013126870388467e-01,0.000000000000000000e+00,0.000000000000000000e+00,0.000000000000000000e+00
-6.517755988094149980e-03,1.626337158596566704e-02,8.904566604589353451e-01,4.298354746873011417e-02,-9.521854265434134476e-03,5.317456173809783637e-01,8.457590362121314431e-01,-1.329334516761067342e-01,-2.485524491316660339e-02,4.833936082198821149e-02,4.543636456668715962e-01,-2.521488832516931011e-01,7.813033946149315623e-02,-2.243731575696173153e-01,-3.118624133605715221e-01,-1.146102810335716954e-01,6.295079227062492233e-01,-2.038084560739269468e-01,1.262200578225109726e-01,-5.371456714184243142e-02,0.000000000000000000e+00,0.000000000000000000e+00,-1.150723250235304029e-02,2.186967136981364246e-01,-2.726684781525699486e-01,1.116025398758732745e+00,0.000000000000000000e+00,0.000000000000000000e+00,0.000000000000000000e+00,1.321979558409030753e-01,-3.680221956036314745e-01,-1.118479679171226621e-01,6.392870316997916191e-01,0.000000000000000000e+00,0.000000000000000000e+00,0.000000000000000000e+00
-1.432424694489588951e-03,1.692705761697130620e-02,8.911989680512714118e-01,4.050082908441507423e-02,-1.096823494975412983e-02,5.360937111156520718e-01,8.431150061336885049e-01,-1.303816967226530954e-01,-1.417428627053867601e-02,3.943146377557274485e-02,4.540295395558073266e-01,-2.523283259469226159e-01,7.255273498047488945e-02,-2.110250444599801323e-01,-3.014158894936433963e-01,-1.285330945247874501e-01,6.209455983779695876e-01,-2.100647288544701397e-01,1.163126110965518045e-01,-4.635806893993780348e-02,0.000000000000000000e+00,0.000000000000000000e+00,-5.489077260471101477e-03,2.241546055565328266e-01,-2.709689352984849253e-01,1.122367034713227518e+00,0.000000000000000000e+00,0.000000000000000000e+00,0.000000000000000000e+00,1.177672065486504993e-01,-3.711514872189973779e-01,-9.022879092930033429e-02,7.242847940611979451e-01,0.000000000000000000e+00,0.000000000000000000e+00,0.000000000000000000e+00
3.557500405915770946e-03,1.724339064326609050e-02,8.920913188701319330e-01,3.732496292155441930e-02,-1.192330399786626846e-02,5.398606213333781989e-01,8.408419539355881378e-01,-1.300024686267847729e-01,-2.185939629280351376e-03,3.191094669873346945e-02,4.533138913819152460e-01,-2.501396047755512497e-01,6.828167616725618061e-02,-1.997959667924740224e-01,-2.889756706663340058e-01,-1.408130390371213903e-01,6.102827032526019213e-01,-2.131859616227878007e-01,1.064769018390501060e-01,-3.626753606942464958e-02,0.000000000000000000e+00,0.000000000000000000e+00,-6.503275347657447303e-04,2.294362694460209406e-01,-2.709183942990924798e-01,1.124705962072807042e+00,0.000000000000000000e+00,0.000000000000000000e+00,0.000000000000000000e+00,1.043719731861297989e-01,-3.735151330325695573e-01,-6.973613681983409363e-02,8.158874500484389891e-01,0.000000000000000000e+00,0.000000000000000000e+00,0.000000000000000000e+00
8.317425096506039089e-03,1.716365817880273134e-02,8.930177621486358186e-01,3.423648356894570810e-02,-1.230878720312229661e-02,5.436927378811259315e-01,8.384954166396776376e-01,-1.305690101632254185e-01,1.012256738675633774e-02,2.721589520157398356e-02,4.504560882709207070e-01,-2.444216676947335021e-01,6.170612847679485258e-02,-1.902915424560096547e-01,-2.772327658412815365e-01,-1.525684493595730329e-01,5.988005401961438157e-01,-2.145590564422508728e-01,9.710231551295363250e-02,-2.811066349683399510e-02,0.000000000000000000e+00,0.000000000000000000e+00,2.082407700325462213e-03,2.293759419536996469e-01,-2.708616431795644042e-01,1.133351132879458545e+00,0.000000000000000000e+00,0.000000000000000000e+00,0.000000000000000000e+00,9.091257760747541161e-02,-3.668004658982511046e-01,-4.616589489178302141e-02,8.836478734202316554e-01,0.000000000000000000e+00,0.000000000000000000e+00,0.000000000000000000e+00
1.270122486307070746e-02,1.676597109853313755e-02,8.938136270091414648e-01,3.141766936460563958e-02,-1.299866119373123234e-02,5.458564808080590414e-01,8.371885493834155811e-01,-1.321439551258788703e-01,2.305636133816652000e-02,2.577283876401327556e-02,4.512411961400723537e-01,-2.396734899971677824e-01,5.601668300351956425e-02,-1.832841387983223658e-01,-2.648022401662828984e-01,-1.605082164144931434e-01,5.894359662437117509e-01,-2.130287745415085920e-01,8.737389071278277297e-02,-2.061908153622658488e-02,0.000000000000000000e+00,0.000000000000000000e+00,6.176686610883615203e-03,2.282031083108299052e-01,-2.699446545190593016e-01,1.141782289940274309e+00,0.000000000000000000e+00,0.000000000000000000e+00,0.000000000000000000e+00,7.431871383979704593e-02,-3.614333256989302745e-01,-9.839992337504814557e-03,9.590785607398003565e-01,0.000000000000000000e+00,0.000000000000000000e+00,0.000000000000000000e+00
1.680379738488600033e-02,1.599685039049183674e-02,8.947511458803043549e-01,2.960392577508550588e-02,-1.407449469073956960e-02,5.470348383278774707e-01,8.364678127898863558e-01,-1.309963871149436576e-01,3.527158663765220248e-02,2.635085636101514028e-02,4.490838697520732614e-01,-2.283359418713746813e-01,4.659531684196328155e-02,-1.753397690262178399e-01,-2.549170591922276241e-01,-1.695707877868439517e-01,5.799397651253458408e-01,-2.106814190344389881e-01,8.060692214631359764e-02,-1.402219069102752201e-02,0.000000000000000000e+00,0.000000000000000000e+00,1.060200433538478239e-02,2.292716614776327266e-01,-2.799549176922932481e-01,1.147209697329227174e+00,0.000000000000000000e+00,0.000000000000000000e+00,0.000000000000000000e+00,5.821929571726167096e-02,-3.535587051797004499e-01,2.639993755527741959e-02,1.030388773597584962e+00,0.000000000000000000e+00,0.000000000000000000e+00,0.000000000000000000e+00
2.039111462773298550e-02,1.513729149356410515e-02,8.953909250475119430e-01,2.876130855580534898e-02,-1.515369498574168500e-02,5.466802883162582560e-01,8.367101140926227476e-01,-1.264978580566829269e-01,4.632423721042383535e-02,3.224572841547571067e-02,4.435073200908704050e-01,-2.214927722646697350e-01,4.099859540671166314e-02,-1.712284491533145603e-01,-2.455657325914275546e-01,-1.713630510101097348e-01,5.756281227868986772e-01,-2.082564292925320470e-01,7.107319512162992015e-02,-1.203638238882077938e-02,0.000000000000000000e+00,0.000000000000000000e+00,1.656833477563875862e-02,2.240937795895190932e-01,-2.878386440135177748e-01,1.157906048060107329e+00,0.000000000000000000e+00,0.000000000000000000e+00,0.000000000000000000e+00,4.079469297808800687e-02,-3.411475725997332731e-01,6.907514527745990673e-02,1.093442121275043810e+00,0.000000000000000000e+00,0.000000000000000000e+00,0.000000000000000000e+00
2.352464791866122965e-02,1.420662123711654949e-02,8.956883744228163469e-01,2.772019485967986210e-02,-1.676448873258705105e-02,5.462988742251601026e-01,8.369636089668410772e-01,-1.247128906730678305e-01,5.782964766625731112e-02,3.710866335731376892e-02,4.440013416952238168e-01,-2.157845300960021251e-01,3.391685713640818500e-02,-1.662390373225742235e-01,-2.364828629589409981e-01,-1.746146508428989830e-01,5.715958584547403687e-01,-2.104888183264040924e-01,6.550474341504351761e-02,-9.652323650130783389e-03,0.000000000000000000e+00,0.000000000000000000e+00,1.792296619990091378e-02,2.195979798980762510e-01,-2.954405772855963619e-01,1.172486706607643869e+00,0.000000000000000000e+00,0.000000000000000000e+00,0.000000000000000000e+00,2.900586152132472728e-02,-3.277760166711924938e-01,1.102073886383245632e-01,1.141447685984008587e+00,0.000000000000000000e+00,0.000000000000000000e+00,0.000000000000000000e+00
2.623474329029032090e-02,1.345631286591732201e-02,8.961251555279022840e-01,2.599477545730647862e-02,-1.742400721608302130e-02,5.455537374824191987e-01,8.374913701886257389e-01,-1.241668580655475168e-01,7.002823175915273701e-02,4.558946540335164638e-02,4.412864870183567656e-01,-2.072275257247203628e-01,2.720933371899926512e-02,-1.632128681828839967e-01,-2.271892233826697527e-01,-1.768608272447590446e-01,5.647729781452088815e-01,-2.101683362460443905e-01,5.857589272886891407e-02,-1.009089831564684986e-02,0.000000000000000000e+00,0.000000000000000000e+00,1.755181722013469253e-02,2.117650269912201011e-01,-3.053912758749668388e-01,1.189622174654266340e+00,0.000000000000000000e+00,0.000000000000000000e+00,0.000000000000000000e+00,1.955091960785264316e-02,-3.128018070283154484e-01,1.510131236102827401e-01,1.176438816708198720e+00,0.000000000000000000e+00,0.000000000000000000e+00,0.000000000000000000e+00
2.848110347725700889e-02,1.281135830724405844e-02,8.966160786401535798e-01,2.500163832101024233e-02,-1.842055641954254419e-02,5.437547246023716196e-01,8.386694227495472553e-01,-1.189913045255246021e-01,7.857111083345263980e-02,5.076635660203551725e-02,4.335420621131157448e-01,-2.025572134796425616e-01,2.340359328443611733e-02,-1.593829130127264460e-01,-2.188171188538324263e-01,-1.766432336515921520e-01,5.574216693836946401e-01,-2.099270796347944834e-01,5.359443454049024613e-02,-1.245241918531753492e-02,0.000000000000000000e+00,0.000000000000000000e+00,1.983380482489729285e-02,2.041403442448408989e-01,-3.075759718472349524e-01,1.200850045378039077e+00,0.000000000000000000e+00,0.000000000000000000e+00,0.000000000000000000e+00,1.392442225873911921e-02,-2.978006278751982316e-01,1.793066939706954299e-01,1.201502637380471139e+00,0.000000000000000000e+00,0.000000000000000000e+00,0.000000000000000000e+00
3.045641058224850956e-02,1.226958629662769362e-02,8.972116513482121247e-01,2.469331615831563478e-02,-1.889563056917467621e-02,5.417461661624353164e-01,8.399668366851170687e-01,-1.124281703883117933e-01,8.557621648650140522e-02,5.948961395852971068e-02,4.226424585602439055e-01,-1.936948491517287707e-01,1.924214624097100521e-02,-1.566970468474819522e-01,-2.124796030607034591e-01,-1.744328417808977405e-01,5.509993440326682590e-01,-2.082116037913656625e-01,4.797908761661631022e-02,-1.568385689058405738e-02,0.000000000000000000e+00,0.000000000000000000e+00,2.192032333629408136e-02,1.962854770263742221e-01,-3.098830924775775597e-01,1.215715386890665384e+00,0.000000000000000000e+00,0.000000000000000000e+00,0.000000000000000000e+00,9.051592698332257270e-03,-2.832009625671849107e-01,2.097404834743646918e-01,1.224891908652473438e+00,0.000000000000000000e+00,0.000000000000000000e+00,0.000000000000000000e+00
3.218573981539665091e-02,1.188329437063681548e-02,8.978424443587484927e-01,2.404943665029704927e-02,-1.915765345166566339e-02,5.396624170991447533e-01,8.413198467180829088e-01,-1.076238491553329762e-01,9.140885129321936475e-02,6.523750560082403060e-02,4.138645933622538409e-01,-1.847442878248472253e-01,1.490560488322071470e-02,-1.535013997353892323e-01,-2.063490108430921510e-01,-1.729687585811672257e-01,5.423137148572487742e-01,-2.066229585009303760e-01,4.601485211865587871e-02,-1.748201272414546398e-02,0.000000000000000000e+00,0.000000000000000000e+00,2.101960979171909813e-02,1.890482552333876409e-01,-3.091487255017233426e-01,1.230713796655010794e+00,0.000000000000000000e+00,0.000000000000000000e+00,0.000000000000000000e+00,9.566421037653568063e-03,-2.670064640266071043e-01,2.287140036702779156e-01,1.238751647897584629e+00,0.000000000000000000e+00,0.000000000000000000e+00,0.000000000000000000e+00
3.372197289343248361e-02,1.157379320759336673e-02,8.985343270669016169e-01,2.377960685406717289e-02,-1.962895984198499005e-02,5.371752159029120621e-01,8.429068878903814843e-01,-1.016680769243959864e-01,9.653471606785446468e-02,7.177632308071789369e-02,4.044398891353567782e-01,-1.721311914302154078e-01,1.066532527756504714e-02,-1.511107143896379679e-01,-1.999856445354203927e-01,-1.683850707400095792e-01,5.353759961984813076e-01,-2.023462948095893499e-01,4.075758602406548414e-02,-1.981639201062808733e-02,0.000000000000000000e+00,0.000000000000000000e+00,2.011981126617018098e-02,1.834877396670489547e-01,-3.036342384318704846e-01,1.244306214559393942e+00,0.000000000000000000e+00,0.000000000000000000e+00,0.000000000000000000e+00,1.188193943844058527e-02,-2.546507363076337405e-01,2.467035180043636589e-01,1.251414275224950856e+00,0.000000000000000000e+00,0.000000000000000000e+00,0.000000000000000000e+00
3.501535330648769540e-02,1.134201164429235464e-02,8.991881675831377985e-01,2.419363323983048791e-02,-2.072944053450901172e-02,5.354723038773017141e-01,8.439516397200242936e-01,-9.271282310256448445e-02,1.010041493920428857e-01,7.958597857686042221e-02,3.928616786956876661e-01,-1.620888918361007569e-01,7.141862125632301994e-03,-1.451848194452244611e-01,-1.953996573402338177e-01,-1.660543371631702236e-01,5.268677439825576458e-01,-1.993055718026375822e-01,3.765906540195394087e-02,-2.532543598174741978e-02,0.000000000000000000e+00,0.000000000000000000e+00,1.928192775394824143e-02,1.803495896188381797e-01,-3.012874817260527971e-01,1.259777298976303417e+00,0.000000000000000000e+00,0.000000000000000000e+00,0.000000000000000000e+00,1.341573187814160996e-02,-2.432748764836354938e-01,2.611858526360203991e-01,1.259655025190422606e+00,0.000000000000000000e+00,0.000000000000000000e+00,0.000000000000000000e+00
3.619540791052925505e-02,1.133646968819735507e-02,9.002016555514316121e-01,2.460245674341403344e-02,-2.120285809757184795e-02,5.340990943166673555e-01,8.447977955586760679e-01,-8.130057396721072915e-02,1.022265906616656311e-01,8.337851506510846056e-02,3.737586016026692159e-01,-1.489917084621561194e-01,6.115999084200900160e-03,-1.380626349695381616e-01,-1.915669081293710219e-01,-1.639838970183697953e-01,5.141906948481391737e-01,-1.947159153440258805e-01,3.621131938795622146e-02,-3.004640251244736909e-02,0.000000000000000000e+00,0.000000000000000000e+00,1.809319699603210985e-02,1.773095328265693882e-01,-2.967521191468758812e-01,1.272318983434398199e+00,0.000000000000000000e+00,0.000000000000000000e+00,0.000000000000000000e+00,1.755458774021631876e-02,-2.334747412678388201e-01,2.672002218110643423e-01,1.262604713426386471e+00,0.000000000000000000e+00,0.000000000000000000e+00,0.000000000000000000e+00
3.712515660166110926e-02,1.141434092113866559e-02,9.006093642850513392e-01,2.513422566738633679e-02,-2.175946554519964452e-02,5.316859467347170298e-01,8.462888693608681123e-01,-7.275384562627078278e-02,1.043297829508553209e-01,9.029624859498104616e-02,3.635655906737620957e-01,-1.447718067083818838e-01,4.811257077792909474e-03,-1.347202570985528425e-01,-1.883639869802237743e-01,-1.590948712010426813e-01,5.087860804020837291e-01,-1.946171687671906514e-01,3.683182026164943251e-02,-3.622473132843621879e-02,0.000000000000000000e+00,0.000000000000000000e+00,1.731604957650395571e-02,1.752169752105147693e-01,-2.947901694454994614e-01,1.284934597617981789e+00,0.000000000000000000e+00,0.000000000000000000e+00,0.000000000000000000e+00,1.882692855611423424e-02,-2.262196036414491629e-01,2.708024938215359834e-01,1.266363631620530672e+00,0.000000000000000000e+00,0.000000000000000000e+00,0.000000000000000000e+00
3.785019722824913696e-02,1.151223766604572187e-02,9.009114387099765864e-01,2.638209000009274566e-02,-2.241747873729667620e-02,5.303377905265803660e-01,8.470792583422613875e-01,-6.437421257866825230e-02,1.038902222656001573e-01,9.448588627870174728e-02,3.540865370246331079e-01,-1.388002398159016992e-01,5.926923474699568456e-03,-1.316145384232912385e-01,-1.873658125159117505e-01,-1.543893471435546783e-01,5.068043544636315900e-01,-1.941893929205533720e-01,3.800279690130372451e-02,-4.241326810377387541e-02,0.000000000000000000e+00,0.000000000000000000e+00,1.780397407079993208e-02,1.735990866277507538e-01,-2.946811477076283214e-01,1.293178553769402717e+00,0.000000000000000000e+00,0.000000000000000000e+00,0.000000000000000000e+00,2.014796437298518178e-02,-2.226617341023117980e-01,2.708983717927432311e-01,1.267478184428100008e+00,0.000000000000000000e+00,0.000000000000000000e+00,0.000000000000000000e+00
3.837376880555915665e-02,1.178608157119422246e-02,9.011001587432857507e-01,2.748243850859603821e-02,-2.231946483176381474e-02,5.278185118674021403e-01,8.486189814005615784e-01,-5.671116509256354798e-02,1.029864358737858088e-01,1.013023404689911561e-01,3.443751891027478917e-01,-1.332160237248569967e-01,7.795981848626012782e-03,-1.316078403254116180e-01,-1.863696523342665834e-01,-1.460737052649067058e-01,5.064051258558647239e-01,-1.954568922068695147e-01,3.932400955642885443e-02,-4.899388412369411888e-02,0.000000000000000000e+00,0.000000000000000000e+00,1.911524146416525988e-02,1.725180690492711666e-01,-2.982672346594344437e-01,1.300040475762820114e+00,0.000000000000000000e+00,0.000000000000000000e+00,0.000000000000000000e+00,1.833525036410447312e-02,-2.200116420743571943e-01,2.692566719229456673e-01,1.271851113021344570e+00,0.000000000000000000e+00,0.000000000000000000e+00,0.000000000000000000e+00
3.857771245437228297e-02,1.213414933337849354e-02,9.010213829082078796e-01,2.814378387173451304e-02,-2.285903681255906095e-02,5.266306056895853072e-01,8.493206679555159733e-01,-5.118747140012522290e-02,1.029866952045892237e-01,1.054743792314902229e-01,3.399999690065172442e-01,-1.357673585758055190e-01,1.000579724891575290e-02,-1.297791854502270137e-01,-1.854619299972050384e-01,-1.416359106032120951e-01,5.060084691911233001e-01,-1.986724632105748012e-01,4.239231828037554051e-02,-5.426065970809171995e-02,0.000000000000000000e+00,0.000000000000000000e+00,2.014085214013491137e-02,1.721608889269195253e-01,-2.992203815891706364e-01,1.303145881334994538e+00,0.000000000000000000e+00,0.000000000000000000e+00,0.000000000000000000e+00,1.712917735842657899e-02,-2.198891205751390410e-01,2.663022272995333450e-01,1.272629645449870672e+00,0.000000000000000000e+00,0.000000000000000000e+00,0.000000000000000000e+00
3.859294555511860736e-02,1.247968823875604018e-02,9.009903317397791600e-01,2.895619792566461737e-02,-2.337900386549077517e-02,5.264863442157524664e-01,8.493686420714383623e-01,-4.599873232671224110e-02,1.021537413310189546e-01,1.083338241722554968e-01,3.351741571022982535e-01,-1.378028731466636736e-01,1.138972406441074621e-02,-1.277469579929496613e-01,-1.860322846364959037e-01,-1.395946764003083429e-01,5.062760477092587141e-01,-1.996655624869687617e-01,4.381319442761349298e-02,-5.855032390392543584e-02,0.000000000000000000e+00,0.000000000000000000e+00,2.064460961787111665e-02,1.720427247509191404e-01,-3.007736084457930392e-01,1.304418594654457308e+00,0.000000000000000000e+00,0.000000000000000000e+00,0.000000000000000000e+00,1.645716392322957994e-02,-2.210950177859092314e-01,2.678158993781461494e-01,1.272236290714156892e+00,0.000000000000000000e+00,0.000000000000000000e+00,0.000000000000000000e+00
3.845649566778493178e-02,1.279859690487880099e-02,9.008690870771203230e-01,3.006095951595609203e-02,-2.388394333431501787e-02,5.265480086222812384e-01,8.492779819232881833e-01,-4.066196745233466303e-02,1.006543536057911831e-01,1.111885469911223917e-01,3.305578605860354791e-01,-1.404976299977962473e-01,1.101799421680128670e-02,-1.262026240258362075e-01,-1.885805291105004389e-01,-1.395555879391105203e-01,5.089254863570971121e-01,-2.029258332847595769e-01,4.735501098409371917e-02,-5.955466131102341715e-02,0.000000000000000000e+00,0.000000000000000000e+00,1.968589717094541142e-02,1.727712202878540215e-01,-3.045495879065898692e-01,1.303332072177010970e+00,0.000000000000000000e+00,0.000000000000000000e+00,0.000000000000000000e+00,1.729763110154880490e-02,-2.227405943498551588e-01,2.644606410258520390e-01,1.271678113910246877e+00,0.000000000000000000e+00,0.000000000000000000e+00,0.000000000000000000e+00
3.813208387261152188e-02,1.314354767283422779e-02,9.009772594684073432e-01,3.032608564189587588e-02,-2.464063671116149129e-02,5.268236575775008257e-01,8.490759691386708941e-01,-3.697873053566921170e-02,1.012707166835966344e-01,1.142780310752243150e-01,3.276592575056146983e-01,-1.412290728984922639e-01,9.539482665701945127e-03,-1.225998713618181024e-01,-1.889371655668943828e-01,-1.405339580619309747e-01,5.061961914796500039e-01,-2.025867264604906404e-01,4.962450483416962904e-02,-6.057933841295536775e-02,0.000000000000000000e+00,0.000000000000000000e+00,1.995073574841032746e-02,1.733371300564185979e-01,-3.058593668852779279e-01,1.300276598575077713e+00,0.000000000000000000e+00,0.000000000000000000e+00,0.000000000000000000e+00,1.806977016947034984e-02,-2.243976011378972513e-01,2.663752245436413202e-01,1.269083874988338412e+00,0.000000000000000000e+00,0.000000000000000000e+00,0.000000000000000000e+00
3.768242003492592446e-02,1.344815232951100323e-02,9.010085370070793909e-01,3.065560837334371791e-02,-2.495829645126451321e-02,5.279520204159969810e-01,8.483536887714803187e-01,-3.526782578072816532e-02,1.009925661957819520e-01,1.165323526323948505e-01,3.262575938681522292e-01,-1.429337832718606538e-01,8.732091084140216480e-03,-1.210223473091581459e-01,-1.906787330552250637e-01,-1.422397804121999509e-01,5.064951900883661873e-01,-2.009743552292372060e-01,5.072605001653665568e-02,-6.110403720063047051e-02,0.000000000000000000e+00,0.000000000000000000e+00,2.019109965537471685e-02,1.734714584420209704e-01,-3.108101007497190982e-01,1.295196794104670035e+00,0.000000000000000000e+00,0.000000000000000000e+00,0.000000000000000000e+00,1.875015962736512054e-02,-2.265972715643964630e-01,2.702658306576712910e-01,1.266133922340912044e+00,0.000000000000000000e+00,0.000000000000000000e+00,0.000000000000000000e+00
3.712655198291125308e-02,1.376204248231397385e-02,9.011246733439516321e-01,3.069195062985418179e-02,-2.542877417148018543e-02,5.284149974689762441e-01,8.480500999708282528e-01,-3.323828160627335937e-02,1.014136979200904870e-01,1.194000562308691199e-01,3.243805333153459425e-01,-1.434522125236034895e-01,8.430143818508144260e-03,-1.185811748488001666e-01,-1.914601318725909218e-01,-1.438141139205571517e-01,5.040396523053464195e-01,-1.987375629476543226e-01,5.210128674107928487e-02,-6.048469574652012848e-02,0.000000000000000000e+00,0.000000000000000000e+00,2.004902695038233637e-02,1.740310362850155390e-01,-3.128954079861955284e-01,1.290109519730554322e+00,0.000000000000000000e+00,0.000000000000000000e+00,0.000000000000000000e+00,1.898612188399813328e-02,-2.284436049832692384e-01,2.731319538407799841e-01,1.261466734131984069e+00,0.000000000000000000e+00,0.000000000000000000e+00,0.000000000000000000e+00
3.658915613237396364e-02,1.398658025757554269e-02,9.013409300130141855e-01,3.101737506139987804e-02,-2.543266990074552827e-02,5.299267613081770634e-01,8.470942860127471663e-01,-3.184794124563425366e-02,1.006219182193884287e-01,1.217479154864558738e-01,3.212177084865011079e-01,-1.414299025501216112e-01,7.661150955837768561e-03,-1.168829591361790349e-01,-1.938108082579000080e-01,-1.465789601781117835e-01,5.028478007805785577e-01,-1.953401183930913720e-01,5.192213570152703905e-02,-6.046936257938443499e-02,0.000000000000000000e+00,0.000000000000000000e+00,1.908482988263065019e-02,1.744115591068774729e-01,-3.165227070364516337e-01,1.285273364108374006e+00,0.000000000000000000e+00,0.000000000000000000e+00,0.000000000000000000e+00,1.962228692828967697e-02,-2.307219050293232154e-01,2.732719468510586558e-01,1.254061824933036418e+00,0.000000000000000000e+00,0.000000000000000000e+00,0.000000000000000000e+00
3.602142463642877407e-02,1.422519357856507141e-02,9.016285647545803084e-01,3.132659263838816904e-02,-2.492518181835170002e-02,5.308182734958835081e-01,8.465396272046806780e-01,-2.955982669150962472e-02,9.882776121676718761e-02,1.245070246319756324e-01,3.148479771065662569e-01,-1.383661724951768812e-01,7.747731699000144981e-03,-1.166124646376826696e-01,-1.961429964818112437e-01,-1.474029820592399898e-01,5.017362874782884674e-01,-1.927082138116381349e-01,5.183367362296407294e-02,-6.002692320877547894e-02,0.000000000000000000e+00,0.000000000000000000e+00,1.768915116437701912e-02,1.745964433103432967e-01,-3.223322186511883292e-01,1.283236158276905625e+00,0.000000000000000000e+00,0.000000000000000000e+00,0.000000000000000000e+00,1.822465507610739402e-02,-2.328384389856436865e-01,2.741601989070693302e-01,1.250522761765117785e+00,0.000000000000000000e+00,0.000000000000000000e+00,0.000000000000000000e+00
3.534266577181904845e-02,1.436688151573604043e-02,9.017432539083496401e-01,3.152224614019893956e-02,-2.490480197068223323e-02,5.324536568709163920e-01,8.455052939644233101e-01,-2.904822712304414023e-02,9.740238866694560238e-02,1.245735301192566480e-01,3.125782967041907945e-01,-1.382686695003662591e-01,8.737927096048503720e-03,-1.157501061927874164e-01,-1.980790735341389497e-01,-1.491064927111994953e-01,5.014505360302567993e-01,-1.895125406581433802e-01,5.216420539910867488e-02,-5.876977612693415343e-02,0.000000000000000000e+00,0.000000000000000000e+00,1.564111275973013165e-02,1.743498311318246452e-01,-3.269686819280971379e-01,1.280263820012503162e+00,0.000000000000000000e+00,0.000000000000000000e+00,0.000000000000000000e+00,1.709735432889697426e-02,-2.358662501674027301e-01,2.730478317734498783e-01,1.248668953017585181e+00,0.000000000000000000e+00,0.000000000000000000e+00,0.000000000000000000e+00
3.467124168489645053e-02,1.447462661061097410e-02,9.019860969999239364e-01,3.150852626038409127e-02,-2.505076331852656643e-02,5.344709987014336638e-01,8.442277083685121308e-01,-2.819083040325674402e-02,9.678823193145502657e-02,1.249899707181542641e-01,3.089409582998138837e-01,-1.352581225634429396e-01,9.371582528894001340e-03,-1.132644118071355344e-01,-1.995053028696931186e-01,-1.523470854602970714e-01,4.984898469656305897e-01,-1.850475177515727154e-01,5.171880351842069595e-02,-5.663910114911827054e-02,0.000000000000000000e+00,0.000000000000000000e+00,1.277782358570881890e-02,1.741127992001780533e-01,-3.315793310683017858e-01,1.277254240719427170e+00,0.000000000000000000e+00,0.000000000000000000e+00,0.000000000000000000e+00,1.669267526397487031e-02,-2.386532630512975539e-01,2.734461866977571654e-01,1.246853019740459034e+00,0.000000000000000000e+00,0.000000000000000000e+00,0.000000000000000000e+00
3.400401915570971934e-02,1.459660514556538127e-02,9.021195809299136226e-01,3.129453940383693927e-02,-2.481297318180211361e-02,5.353907241463522482e-01,8.436597303791529834e-01,-2.768638727535564087e-02,9.638077778873460622e-02,1.270403394239892347e-01,3.053600453980066520e-01,-1.338533835334681510e-01,1.043438900380889295e-02,-1.132937212548692230e-01,-1.998056121652852513e-01,-1.519518901970413893e-01,4.968832413523732172e-01,-1.817729658679477500e-01,4.944767434511941617e-02,-5.590453188935861489e-02,0.000000000000000000e+00,0.000000000000000000e+00,1.167601195125712171e-02,1.741825973924818749e-01,-3.375945812641128474e-01,1.274087600214535598e+00,0.000000000000000000e+00,0.000000000000000000e+00,0.000000000000000000e+00,1.473761439635034101e-02,-2.412195240670821361e-01,2.760393428120344606e-01,1.246666310789988463e+00,0.000000000000000000e+00,0.000000000000000000e+00,0.000000000000000000e+00
3.337871857832760969e-02,1.470768957271762975e-02,9.022026888651417664e-01,3.110854790910271353e-02,-2.506391527038212552e-02,5.363698366870799372e-01,8.430370434865724905e-01,-2.709763210381040122e-02,9.664922974178510873e-02,1.286814558185028212e-01,3.039847880883691511e-01,-1.352535225899523519e-01,1.073311015349569415e-02,-1.117079630676521967e-01,-2.000073551998764465e-01,-1.531675502525872701e-01,4.946390856247651069e-01,-1.798871751295137711e-01,4.859244951901908749e-02,-5.488468454508822064e-02,0.000000000000000000e+00,0.000000000000000000e+00,1.034091402126989176e-02,1.743332116862969239e-01,-3.426719294482334921e-01,1.272278424763895188e+00,0.000000000000000000e+00,0.000000000000000000e+00,0.000000000000000000e+00,1.414905554571308822e-02,-2.436131488051934690e-01,2.794049887219872130e-01,1.247171730881486917e+00,0.000000000000000000e+00,0.000000000000000000e+00,0.000000000000000000e+00
3.284730142109174023e-02,1.478559122457087129e-02,9.022129700649301753e-01,3.100486024761243617e-02,-2.521545770436843525e-02,5.376078629723901603e-01,8.422473894314216336e-01,-2.702772422979323602e-02,9.644975629696712904e-02,1.289269422421100153e-01,3.030226577725998460e-01,-1.365148521425962602e-01,1.081323520779818234e-02,-1.106184174629708944e-01,-2.007292049965462843e-01,-1.547314693583813627e-01,4.937262582008511980e-01,-1.786053905319352764e-01,4.909249739026661646e-02,-5.402086377072237711e-02,0.000000000000000000e+00,0.000000000000000000e+00,9.629879886207908316e-03,1.748354792841075311e-01,-3.471218744451664007e-01,1.269367498157915941e+00,0.000000000000000000e+00,0.000000000000000000e+00,0.000000000000000000e+00,1.415695765653437500e-02,-2.455558275212225139e-01,2.813076947216380241e-01,1.248117383160890048e+00,0.000000000000000000e+00,0.000000000000000000e+00,0.000000000000000000e+00
3.246460250076656923e-02,1.493280576823004940e-02,9.022701063672674548e-01,3.042013407851495987e-02,-2.502078207208975960e-02,5.381785006190312748e-01,8.419100173881991500e-01,-2.853988886376856993e-02,9.706835677750148828e-02,1.294491480703670871e-01,3.035352373452411823e-01,-1.367577461562997920e-01,1.051234584298201685e-02,-1.103246946381681998e-01,-2.003754368994873636e-01,-1.557939313708682494e-01,4.916765623671406349e-01,-1.785507312438669447e-01,4.859657557844622444e-02,-5.245970339380782305e-02,0.000000000000000000e+00,0.000000000000000000e+00,8.913508658586581646e-03,1.753147070049411171e-01,-3.502225773321365754e-01,1.266814328661777900e+00,0.000000000000000000e+00,0.000000000000000000e+00,0.000000000000000000e+00,1.438688647678855459e-02,-2.464048252309088971e-01,2.842638385385439781e-01,1.248198249515913405e+00,0.000000000000000000e+00,0.000000000000000000e+00,0.000000000000000000e+00
3.216586383079877293e-02,1.511690305852949126e-02,9.022349297267383550e-01,2.990956217892375146e-02,-2.476060583103041612e-02,5.387441617220681822e-01,8.415741551993694003e-01,-2.966115719352914112e-02,9.708504269252341001e-02,1.287082386892224872e-01,3.036794740157806594e-01,-1.396732717847687932e-01,1.049912586822347033e-02,-1.105159354318028253e-01,-2.000566542817773241e-01,-1.559750469421558039e-01,4.906687673278160577e-01,-1.793272021010474948e-01,4.989349242058599421e-02,-5.214638540768837260e-02,0.000000000000000000e+00,0.000000000000000000e+00,8.352201594325311257e-03,1.752775735520188394e-01,-3.515200622928956742e-01,1.265714345358467163e+00,0.000000000000000000e+00,0.000000000000000000e+00,0.000000000000000000e+00,1.461050318692074489e-02,-2.475463501753378259e-01,2.851055983404425231e-01,1.247639595589784101e+00,0.000000000000000000e+00,0.000000000000000000e+00,0.000000000000000000e+00
3.199690384733633319e-02,1.531341508938673102e-02,9.022015938420230308e-01,2.926127192488810203e-02,-2.446040739249509197e-02,5.397429094085904877e-01,8.409655511248254056e-01,-3.216805698408536918e-02,9.764717190608258879e-02,1.279809955494301543e-01,3.056768397513452973e-01,-1.417209018233753504e-01,1.143363359636800913e-02,-1.105035055766313140e-01,-1.998168309608055471e-01,-1.576639279263016280e-01,4.895258388859460297e-01,-1.795389866985465654e-01,5.034819237732413022e-02,-5.102974675116275782e-02,0.000000000000000000e+00,0.000000000000000000e+00,6.913308910116823872e-03,1.760043303970200423e-01,-3.528610903231663709e-01,1.264841241048756837e+00,0.000000000000000000e+00,0.000000000000000000e+00,0.000000000000000000e+00,1.548903382079684990e-02,-2.485459366666006031e-01,2.870790700776707505e-01,1.247789176378738096e+00,0.000000000000000000e+00,0.000000000000000000e+00,0.000000000000000000e+00
3.192096271103705279e-02,1.558447284737729706e-02,9.022173931536009439e-01,2.825413801933021607e-02,-2.388122625174884939e-02,5.402323510829568631e-01,8.407023239892218447e-01,-3.405190685057569305e-02,9.862434706825441710e-02,1.278465543779521429e-01,3.054608331537879695e-01,-1.448057466357114409e-01,1.148910535208468378e-02,-1.111099949001174564e-01,-1.983767982755018089e-01,-1.576875510990553841e-01,4.869408158946311738e-01,-1.792024162245380303e-01,5.101398892644758848e-02,-5.039196296337367098e-02,0.000000000000000000e+00,0.000000000000000000e+00,5.598064520321084647e-03,1.765198583144510780e-01,-3.519211452333546597e-01,1.265022095403269153e+00,0.000000000000000000e+00,0.000000000000000000e+00,0.000000000000000000e+00,1.622454355210622284e-02,-2.492925120283739360e-01,2.899195181067324434e-01,1.246261016841390790e+00,0.000000000000000000e+00,0.000000000000000000e+00,0.000000000000000000e+00
3.196465109186440168e-02,1.585833514682655210e-02,9.023259569442135808e-01,2.761211315592097121e-02,-2.338380839590577590e-02,5.413089613869016548e-01,8.400448660840692527e-01,-3.496356661693295759e-02,9.944532012765108786e-02,1.289190580986638301e-01,3.041286323652153678e-01,-1.463719665743296594e-01,1.128634680676472365e-02,-1.104911438248512567e-01,-1.979128744399062945e-01,-1.594340544254661540e-01,4.842606052994165577e-01,-1.790103846392703257e-01,5.042808138414980879e-02,-4.960130461364622295e-02,0.000000000000000000e+00,0.000000000000000000e+00,4.112709292137398456e-03,1.776102894847284563e-01,-3.528019825365571460e-01,1.265146151252651618e+00,0.000000000000000000e+00,0.000000000000000000e+00,0.000000000000000000e+00,1.774945866947597040e-02,-2.502210217675682191e-01,2.932441254727722324e-01,1.245302754505147158e+00,0.000000000000000000e+00,0.000000000000000000e+00,0.000000000000000000e+00
3.208312993564087223e-02,1.609590707883775187e-02,9.022606027656800975e-01,2.800354108213214469e-02,-2.328756567523332724e-02,5.418149966980724264e-01,8.397082828726001313e-01,-3.337025492190364567e-02,9.887379604943785649e-02,1.306099936994774557e-01,3.021972245884076425e-01,-1.474631272726693032e-01,1.138717237959650623e-02,-1.099623028366121941e-01,-1.998557685859293498e-01,-1.618325606433989317e-01,4.855707805818457179e-01,-1.811662093111839344e-01,5.038807927125636688e-02,-4.896856775303017745e-02,0.000000000000000000e+00,0.000000000000000000e+00,2.535582923368136926e-03,1.780282823956203520e-01,-3.555918009327152518e-01,1.269007074778167654e+00,0.000000000000000000e+00,0.000000000000000000e+00,0.000000000000000000e+00,1.761496208291411444e-02,-2.501003613211805754e-01,2.935897701463751619e-01,1.249926356157604168e+00,0.000000000000000000e+00,0.000000000000000000e+00,0.000000000000000000e+00
3.219166618880545810e-02,1.643640171353963342e-02,9.023994651935706157e-01,2.773328711995684884e-02,-2.280455596278713540e-02,5.425520935257408528e-01,8.392544565408622814e-01,-3.302947658035865902e-02,9.913256832748496006e-02,1.322904944967547569e-01,2.994795937025578336e-01,-1.461028068318370177e-01,1.014844764845413555e-02,-1.091850687129368169e-01,-2.004456118796502928e-01,-1.639203107236049950e-01,4.835472081072991757e-01,-1.809482280146675615e-01,5.077930288898370448e-02,-4.875933283883458758e-02,0.000000000000000000e+00,0.000000000000000000e+00,1.722527047976658843e-03,1.781989338373031473e-01,-3.572472722683484037e-01,1.270222966764902317e+00,0.000000000000000000e+00,0.000000000000000000e+00,0.000000000000000000e+00,1.850202659182629758e-02,-2.506742438403868900e-01,2.974786123756905654e-01,1.250025018418958078e+00,0.000000000000000000e+00,0.000000000000000000e+00,0.000000000000000000e+00
3.227346470647764198e-02,1.685334938148120090e-02,9.024748783014997500e-01,2.738979908203244620e-02,-2.236516438149430477e-02,5.427426758175060151e-01,8.391543279843631797e-01,-3.298022752635611232e-02,9.985591074467342620e-02,1.354190857572765694e-01,2.981935957629963108e-01,-1.461344175363537001e-01,1.080173651740454210e-02,-1.087411468997821762e-01,-2.008322402302373522e-01,-1.655669617221756929e-01,4.819252650454892706e-01,-1.819212665460163969e-01,5.123765704027966744e-02,-4.883762848624231129e-02,0.000000000000000000e+00,0.000000000000000000e+00,5.700619379318330737e-04,1.778261703666467741e-01,-3.594430762861067219e-01,1.274259850873325162e+00,0.000000000000000000e+00,0.000000000000000000e+00,0.000000000000000000e+00,1.864465671736140889e-02,-2.506086715540326026e-01,2.994127601256747484e-01,1.251588298392868115e+00,0.000000000000000000e+00,0.000000000000000000e+00,0.000000000000000000e+00
3.228744837999585060e-02,1.728490560702115181e-02,9.025293363728883467e-01,2.707389931007236211e-02,-2.219721977090079179e-02,5.435375331065555038e-01,8.386544207926354133e-01,-3.341607011243059172e-02,1.008431410991439681e-01,1.379332061378469865e-01,2.984506803594564883e-01,-1.467106776646862620e-01,1.085125488344178268e-02,-1.078729445485341470e-01,-2.010500339927213664e-01,-1.674324753232574181e-01,4.807768939014767651e-01,-1.809402496967562612e-01,5.087821253394133464e-02,-4.944875886189088743e-02,0.000000000000000000e+00,0.000000000000000000e+00,-7.572293440751137750e-04,1.773248617412293004e-01,-3.606731298325785429e-01,1.278606250898765451e+00,0.000000000000000000e+00,0.000000000000000000e+00,0.000000000000000000e+00,1.896283172860535257e-02,-2.507724186444151848e-01,3.046449937761223081e-01,1.254321032517382584e+00,0.000000000000000000e+00,0.000000000000000000e+00,0.000000000000000000e+00
3.226296636001247525e-02,1.773817531602928446e-02,9.025518504119977026e-01,2.677854265726922062e-02,-2.203655340312619601e-02,5.445229141730409950e-01,8.380286963510042986e-01,-3.373799629694950591e-02,1.015543658991032716e-01,1.400080765538566085e-01,2.986225049176408075e-01,-1.489017289182060499e-01,1.128669933321083119e-02,-1.067198594542475981e-01,-2.016102197780827443e-01,-1.700376513373513254e-01,4.797387107753431357e-01,-1.813688039073529656e-01,5.087671311049110634e-02,-4.933179162891699471e-02,0.000000000000000000e+00,0.000000000000000000e+00,-2.180347908766016446e-03,1.768580486985635303e-01,-3.612812774485055223e-01,1.282334873369703754e+00,0.000000000000000000e+00,0.000000000000000000e+00,0.000000000000000000e+00,2.002024658707747193e-02,-2.510684800290644558e-01,3.104297819134642644e-01,1.256607209836919870e+00,0.000000000000000000e+00,0.000000000000000000e+00,0.000000000000000000e+00
3.214334962524287298e-02,1.819269962339988694e-02,9.024917245548433886e-01,2.646190660537570474e-02,-2.205274377313970122e-02,5.451227088257716291e-01,8.376483010866427881e-01,-3.398285255035356223e-02,1.029807485633503078e-01,1.437085678134895628e-01,2.998283555461457861e-01,-1.523718325647785421e-01,1.125471317594660056e-02,-1.055489366028141696e-01,-2.022291015892558608e-01,-1.728276820795548174e-01,4.789263933737222256e-01,-1.825699533225814963e-01,5.170421319629983636e-02,-4.897193265608095619e-02,0.000000000000000000e+00,0.000000000000000000e+00,-2.669160104644047182e-03,1.765252518748727240e-01,-3.625350595529134301e-01,1.283348718188155768e+00,0.000000000000000000e+00,0.000000000000000000e+00,0.000000000000000000e+00,2.088242609675661915e-02,-2.516369333575479983e-01,3.153342640358459126e-01,1.257851486518712480e+00,0.000000000000000000e+00,0.000000000000000000e+00,0.000000000000000000e+00
3.196024024705891586e-02,1.862741882189535708e-02,9.024462127117026666e-01,2.590900191947858797e-02,-2.176584117233248961e-02,5.461735519676421680e-01,8.369883051205961877e-01,-3.553241323480687414e-02,1.039220112944923835e-01,1.457431917537085342e-01,3.012999518434049118e-01,-1.563802877124711166e-01,1.245896147223156565e-02,-1.051097288783192363e-01,-2.027549464903422305e-01,-1.756524609666033077e-01,4.781585884997451297e-01,-1.832129305040225420e-01,5.207503239901203895e-02,-4.865275519744332450e-02,0.000000000000000000e+00,0.000000000000000000e+00,-3.695560634863578886e-03,1.761335822793478334e-01,-3.641081289807155397e-01,1.284464815873542110e+00,0.000000000000000000e+00,0.000000000000000000e+00,0.000000000000000000e+00,2.208584141350478439e-02,-2.521238575097723422e-01,3.201050542352955608e-01,1.259291439805931390e+00,0.000000000000000000e+00,0.000000000000000000e+00,0.000000000000000000e+00
3.173239583790343071e-02,1.897590974801913882e-02,9.022213470824831383e-01,2.563652039566092014e-02,-2.169347509491677609e-02,5.470962985692618963e-01,8.363957209671294413e-01,-3.855993415877115305e-02,1.051030351798313556e-01,1.482133137662828282e-01,3.072996127767663177e-01,-1.621701024525890600e-01,1.341227554645152593e-02,-1.055279971076821532e-01,-2.039988415972241453e-01,-1.784079564612611191e-01,4.803344588481316957e-01,-1.849426690842350951e-01,5.254654946440562302e-02,-4.879113169486592322e-02,0.000000000000000000e+00,0.000000000000000000e+00,-4.731981043545562676e-03,1.752402561885438026e-01,-3.664657710092508180e-01,1.285617238738111956e+00,0.000000000000000000e+00,0.000000000000000000e+00,0.000000000000000000e+00,2.294491848721474242e-02,-2.527252498764418487e-01,3.251293755528519291e-01,1.260171187156577499e+00,0.000000000000000000e+00,0.000000000000000000e+00,0.000000000000000000e+00
3.149084140271291021e-02,1.927091793834369293e-02,9.022702195370829736e-01,2.494380041943860746e-02,-2.165168346775067990e-02,5.476625915817886492e-01,8.360470663817726189e-01,-3.961396126035716947e-02,1.068090870101907619e-01,1.504487350530692158e-01,3.079248541268479467e-01,-1.630400404182945073e-01,1.224955481009188871e-02,-1.045608614734443026e-01,-2.028240775984823385e-01,-1.790865077538769112e-01,4.775965513390741934e-01,-1.841993039483365291e-01,5.179042114091796101e-02,-4.982341535408153776e-02,0.000000000000000000e+00,0.000000000000000000e+00,-3.556693423360769712e-03,1.755954592707524298e-01,-3.675755243673676231e-01,1.283373540776915345e+00,0.000000000000000000e+00,0.000000000000000000e+00,0.000000000000000000e+00,2.369040359726275885e-02,-2.538502025537031637e-01,3.340966406849693038e-01,1.258084394328310429e+00,0.000000000000000000e+00,0.000000000000000000e+00,0.000000000000000000e+00
3.120654265821974985e-02,1.941375672344514483e-02,9.020100550629100988e-01,2.491472307140290762e-02,-2.200988908732860391e-02,5.483054615438943680e-01,8.356171026240289956e-01,-4.179435678671585691e-02,1.080738144727039357e-01,1.523110103093551770e-01,3.139421819053634932e-01,-1.678271845835013765e-01,1.191158612984670115e-02,-1.044145173112040192e-01,-2.036273624988925723e-01,-1.808170334021130810e-01,4.798869512400962822e-01,-1.859011471636306811e-01,5.251095633261796541e-02,-5.105841597728754538e-02,0.000000000000000000e+00,0.000000000000000000e+00,-3.460123627921179307e-03,1.751589388463521968e-01,-3.699913342173571373e-01,1.283443044102441588e+00,0.000000000000000000e+00,0.000000000000000000e+00,0.000000000000000000e+00,2.383856404174115873e-02,-2.542862066374380059e-01,3.376960174906770140e-01,1.258894955501906221e+00,0.000000000000000000e+00,0.000000000000000000e+00,0.000000000000000000e+00
3.095712630948340913e-02,1.951385740429351437e-02,9.019514528680142584e-01,2.448541652550024345e-02,-2.191455675768756023e-02,5.489246745594791310e-01,8.352256690496631109e-01,-4.279934975456552160e-02,1.088095929943752455e-01,1.533921055671426947e-01,3.144956407194843262e-01,-1.705053638653679648e-01,1.256059455981224128e-02,-1.043850698901327700e-01,-2.038337759406187721e-01,-1.826275583368283106e-01,4.792609883764473722e-01,-1.853499708500477294e-01,5.337697621626964761e-02,-5.116346150375617602e-02,0.000000000000000000e+00,0.000000000000000000e+00,-3.620898995701300055e-03,1.755284375768705329e-01,-3.728241077628682287e-01,1.281924185673386729e+00,0.000000000000000000e+00,0.000000000000000000e+00,0.000000000000000000e+00,2.415445208961629689e-02,-2.551319518900566630e-01,3.421742843090571085e-01,1.259050059099648289e+00,0.000000000000000000e+00,0.000000000000000000e+00,0.000000000000000000e+00
3.071578153401836875e-02,1.950240351178181286e-02,9.018465185043937904e-01,2.430746440518876533e-02,-2.201165885173306594e-02,5.494684590287525205e-01,8.348706765609593683e-01,-4.338915858869679676e-02,1.095394816207486272e-01,1.546378721223141406e-01,3.154415037027977209e-01,-1.730989025919061897e-01,1.183843955215634243e-02,-1.040838413747725705e-01,-2.043812284134015056e-01,-1.846558131019723770e-01,4.794481995808601016e-01,-1.864447246207980580e-01,5.417239038337812174e-02,-5.155802429935546494e-02,0.000000000000000000e+00,0.000000000000000000e+00,-3.813248030080571699e-03,1.755767461800637752e-01,-3.751323623467104906e-01,1.280948352570772109e+00,0.000000000000000000e+00,0.000000000000000000e+00,0.000000000000000000e+00,2.419136862167544505e-02,-2.558527738711189325e-01,3.460596226763401062e-01,1.259509860787076496e+00,0.000000000000000000e+00,0.000000000000000000e+00,0.000000000000000000e+00
3.047034438386247296e-02,1.938175914357585794e-02,9.015913799440422594e-01,2.425930983728142795e-02,-2.227717453033403738e-02,5.497990584208438669e-01,8.346473559178856361e-01,-4.609334081359434815e-02,1.106743861692988939e-01,1.557025985679870439e-01,3.215273333639356301e-01,-1.769196515517491575e-01,1.167547002309862400e-02,-1.050497789428909978e-01,-2.049672465401652932e-01,-1.857520804775017464e-01,4.824676492409417650e-01,-1.877228030372973810e-01,5.418821002336083464e-02,-5.183841084745736960e-02,0.000000000000000000e+00,0.000000000000000000e+00,-4.109725918344686590e-03,1.756273735831920257e-01,-3.772600165169326392e-01,1.280446109328125415e+00,0.000000000000000000e+00,0.000000000000000000e+00,0.000000000000000000e+00,2.405653833574958669e-02,-2.560828965064007035e-01,3.486987003282990827e-01,1.260398722412393813e+00,0.000000000000000000e+00,0.000000000000000000e+00,0.000000000000000000e+00
3.027240499162052109e-02,1.921863510324370999e-02,9.016424240301303961e-01,2.396140019374716837e-02,-2.207723386024208756e-02,5.503412020387975501e-01,8.343039064899111512e-01,-4.671897202217561301e-02,1.111216421063824372e-01,1.566059880126931536e-01,3.202771593789428550e-01,-1.759694115849326224e-01,1.098723433239460860e-02,-1.055953293508112012e-01,-2.047890274847737335e-01,-1.860977698200369790e-01,4.818207253446509242e-01,-1.860202639517158363e-01,5.430475323526166853e-02,-5.247573488272303660e-02,0.000000000000000000e+00,0.000000000000000000e+00,-4.759615183650551390e-03,1.759822106470038672e-01,-3.802687149013311285e-01,1.279479351224306782e+00,0.000000000000000000e+00,0.000000000000000000e+00,0.000000000000000000e+00,2.385576289806425748e-02,-2.560907364540013220e-01,3.511034481147928266e-01,1.260481591847694371e+00,0.000000000000000000e+00,0.000000000000000000e+00,0.000000000000000000e+00
3.007353585274959509e-02,1.897689110553390027e-02,9.015722411633764199e-01,2.384737655962040556e-02,-2.194486352506979862e-02,5.509996454650698539e-01,8.338759597766665088e-01,-4.805747770606337566e-02,1.113721672030408560e-01,1.570781777991095141e-01,3.208345549250503081e-01,-1.759859057263143678e-01,1.067782072605866217e-02,-1.066414134847869649e-01,-2.054495619618447455e-01,-1.873742369206244929e-01,4.831597939014019572e-01,-1.854374160664464533e-01,5.370532075417649986e-02,-5.268935978672634884e-02,0.000000000000000000e+00,0.000000000000000000e+00,-5.595678493898633560e-03,1.757698365530341311e-01,-3.822925258472045784e-01,1.278860774728675764e+00,0.000000000000000000e+00,0.000000000000000000e+00,0.000000000000000000e+00,2.363954090573125444e-02,-2.565587821003519897e-01,3.532913668383004802e-01,1.260852220829461245e+00,0.000000000000000000e+00,0.000000000000000000e+00,0.000000000000000000e+00
2.986756492255769613e-02,1.867786870562623824e-02,9.013216884549032359e-01,2.380405614054448976e-02,-2.194717739411508606e-02,5.512377423021942446e-01,8.337197609372516416e-01,-5.137673680336037746e-02,1.121178656622199565e-01,1.575519684597037340e-01,3.266417289303420457e-01,-1.789128137462782930e-01,1.033917690485210497e-02,-1.086706399164626691e-01,-2.060089452196331994e-01,-1.875433926749164870e-01,4.866206361462561691e-01,-1.863656202092751346e-01,5.361832932833480309e-02,-5.325763408583423369e-02,0.000000000000000000e+00,0.000000000000000000e+00,-6.266865753303492437e-03,1.757705565614197940e-01,-3.849802884571276174e-01,1.279256819320524041e+00,0.000000000000000000e+00,0.000000000000000000e+00,0.000000000000000000e+00,2.251302715203521571e-02,-2.566846681050244383e-01,3.557326102974971427e-01,1.262078064915789666e+00,0.000000000000000000e+00,0.000000000000000000e+00,0.000000000000000000e+00
2.966613571823457918e-02,1.839366397244855331e-02,9.013009163213177022e-01,2.343886893026892598e-02,-2.183295285401064267e-02,5.516931718046294009e-01,8.334318123140556089e-01,-5.274123998079209563e-02,1.125254999978744369e-01,1.571815337068346863e-01,3.267683996101359845e-01,-1.791827351021280379e-01,1.087081798449219053e-02,-1.096097175957099767e-01,-2.057378526637448912e-01,-1.879302186743637693e-01,4.864230351322367252e-01,-1.838994588086968196e-01,5.496466103192677172e-02,-5.254699458872365975e-02,0.000000000000000000e+00,0.000000000000000000e+00,-8.050828505815319641e-03,1.762775590696803452e-01,-3.883968104573675695e-01,1.279681742128397248e+00,0.000000000000000000e+00,0.000000000000000000e+00,0.000000000000000000e+00,2.159332686748210300e-02,-2.562581726449567054e-01,3.570911903342989802e-01,1.264911420631545047e+00,0.000000000000000000e+00,0.000000000000000000e+00,0.000000000000000000e+00
2.949740957278733713e-02,1.809668270803643092e-02,9.012591734617004802e-01,2.305589765866527044e-02,-2.140996233110645935e-02,5.519078763843098256e-01,8.333113074242388674e-01,-5.548023118317151753e-02,1.128910912544497380e-01,1.573650452708369729e-01,3.285934031698514723e-01,-1.792662204282268190e-01,1.176169712947512484e-02,-1.120142972691630379e-01,-2.054475304699153737e-01,-1.870834988256697695e-01,4.875325735625896106e-01,-1.818350065469693522e-01,5.461962234094983049e-02,-5.233683960319723827e-02,0.000000000000000000e+00,0.000000000000000000e+00,-9.235920848127451843e-03,1.764457995855600314e-01,-3.905323431231476072e-01,1.280281465060584489e+00,0.000000000000000000e+00,0.000000000000000000e+00,0.000000000000000000e+00,2.017663681157817746e-02,-2.563531994464030017e-01,3.597378178717721697e-01,1.266735877554741041e+00,0.000000000000000000e+00,0.000000000000000000e+00,0.000000000000000000e+00
2.933717456229271991e-02,1.778769547185453728e-02,9.011473518686277107e-01,2.272075050353875025e-02,-2.132929121220372010e-02,5.523194146576843044e-01,8.330498742723230210e-01,-5.747508832660278705e-02,1.140322783476422075e-01,1.582027237249351570e-01,3.305517111004029895e-01,-1.806662062899412058e-01,1.026069809350264872e-02,-1.128891412214260703e-01,-2.050869999852835135e-01,-1.874763682899457939e-01,4.876884310846040238e-01,-1.817903077572791681e-01,5.510398904460000330e-02,-5.230635128301641679e-02,0.000000000000000000e+00,0.000000000000000000e+00,-1.014906204299594744e-02,1.770523529081057257e-01,-3.927244656932304401e-01,1.280262627502793960e+00,0.000000000000000000e+00,0.000000000000000000e+00,0.000000000000000000e+00,1.899626994047892356e-02,-2.562796977389100173e-01,3.633805180587981187e-01,1.269162679945609051e+00,0.000000000000000000e+00,0.000000000000000000e+00,0.000000000000000000e+00
2.923106502051139519e-02,1.749911016371161199e-02,9.011282521262865552e-01,2.250638523432378635e-02,-2.104033170141751674e-02,5.522374773007666660e-01,8.331173601180467125e-01,-5.842376507969779253e-02,1.142335197123655471e-01,1.583194582623331792e-01,3.300632794784210677e-01,-1.797299969086798566e-01,8.410245445832029501e-03,-1.143881632853051000e-01,-2.052423386950441297e-01,-1.878473009571778318e-01,4.881662491442821938e-01,-1.817658087211201368e-01,5.461098508592433787e-02,-5.214384010433792405e-02,0.000000000000000000e+00,0.000000000000000000e+00,-1.096388168412064379e-02,1.774352554495788603e-01,-3.943093452638417040e-01,1.280330674288288506e+00,0.000000000000000000e+00,0.000000000000000000e+00,0.000000000000000000e+00,1.795111167217037368e-02,-2.564760608132062858e-01,3.672007044332274428e-01,1.269828221899443887e+00,0.000000000000000000e+00,0.000000000000000000e+00,0.000000000000000000e+00
2.913802264231226888e-02,1.723011039521946466e-02,9.010842148977302735e-01,2.245280036177811980e-02,-2.079101507643064603e-02,5.519507878162887016e-01,8.333150264317711331e-01,-5.891203645148096468e-02,1.143388154030433312e-01,1.592384000761908058e-01,3.293304720252288043e-01,-1.782488856799525068e-01,7.285643064104660449e-03,-1.156722970220554064e-01,-2.058106353280098055e-01,-1.883345552419882774e-01,4.888023436359879570e-01,-1.825442308925029899e-01,5.477097133990397465e-02,-5.204279457807898385e-02,0.000000000000000000e+00,0.000000000000000000e+00,-1.177343911847326952e-02,1.774759445151861958e-01,-3.962530178962161420e-01,1.281347649923701981e+00,0.000000000000000000e+00,0.000000000000000000e+00,0.000000000000000000e+00,1.643842421024277120e-02,-2.562852152421803420e-01,3.708680771869508064e-01,1.271470711950582588e+00,0.000000000000000000e+00,0.000000000000000000e+00,0.000000000000000000e+00
2.902158384890613993e-02,1.701182135623624872e-02,9.010540964206505965e-01,2.208740044552247664e-02,-2.051979068074320789e-02,5.516864192237447284e-01,8.335065565285374456e-01,-6.037819764030125796e-02,1.148576950500998645e-01,1.594779418235995894e-01,3.300217692450710949e-01,-1.783743887010884321e-01,6.663505285867886777e-03,-1.170670595459064045e-01,-2.055852155789957281e-01,-1.884898353039639041e-01,4.888033799871611129e-01,-1.826984557105516271e-01,5.514147276617194227e-02,-5.188434817131872684e-02,0.000000000000000000e+00,0.000000000000000000e+00,-1.256441925706684032e-02,1.776006087203560457e-01,-3.975449098285931959e-01,1.282127383406152399e+00,0.000000000000000000e+00,0.000000000000000000e+00,0.000000000000000000e+00,1.477293830323700603e-02,-2.564649713587429103e-01,3.746833834872413393e-01,1.273046678933528630e+00,0.000000000000000000e+00,0.000000000000000000e+00,0.000000000000000000e+00
2.894710732761419936e-02,1.677113368736530066e-02,9.010141552594825853e-01,2.211587174968338704e-02,-2.013397670771822218e-02,5.517868784850732400e-01,8.334487098378539072e-01,-6.181460897341490429e-02,1.147888886019973187e-01,1.605316629509926651e-01,3.305984897599444361e-01,-1.764615111167927575e-01,6.151648491601355122e-03,-1.188742044155763206e-01,-2.064238153460013492e-01,-1.886468139418054080e-01,4.904158156589524808e-01,-1.824519546918664525e-01,5.429231919945126661e-02,-5.210839220093319013e-02,0.000000000000000000e+00,0.000000000000000000e+00,-1.323095759186558237e-02,1.775456157263303192e-01,-3.999572907395268495e-01,1.282822036239177566e+00,0.000000000000000000e+00,0.000000000000000000e+00,0.000000000000000000e+00,1.337980197159293824e-02,-2.564359613836665330e-01,3.779098903048662694e-01,1.275022924283650383e+00,0.000000000000000000e+00,0.000000000000000000e+00,0.000000000000000000e+00
2.883870825800662410e-02,1.660350987292689984e-02,9.009353388702560084e-01,2.188935468875658624e-02,-1.966177797821238790e-02,5.522212937704641389e-01,8.331782002336111104e-01,-6.360058360125722676e-02,1.145099445682961625e-01,1.601807438953820883e-01,3.311894306937738230e-01,-1.782620077974386985e-01,6.421660662058899932e-03,-1.203548336081984027e-01,-2.071592385924934943e-01,-1.897135558133590250e-01,4.913163113369382051e-01,-1.835324647920098529e-01,5.455834004409593901e-02,-5.171829793200903580e-02,0.000000000000000000e+00,0.000000000000000000e+00,-1.416066981401086985e-02,1.779437583581776616e-01,-4.009600880436027803e-01,1.281686057854248828e+00,0.000000000000000000e+00,0.000000000000000000e+00,0.000000000000000000e+00,1.330192283856043711e-02,-2.573477549215194005e-01,3.787608255079141784e-01,1.274012466355590956e+00,0.000000000000000000e+00,0.000000000000000000e+00,0.000000000000000000e+00
2.872578040029794000e-02,1.643039505619778642e-02,9.009194613839641708e-01,2.182048112174568219e-02,-1.922429392521995267e-02,5.523867043417218792e-01,8.330805615264244013e-01,-6.511006685141185191e-02,1.142741869745546590e-01,1.606598962701074884e-01,3.316170073068363533e-01,-1.768526767382114229e-01,5.829878855597971088e-03,-1.216962870359258181e-01,-2.080576606123839822e-01,-1.904508474962509634e-01,4.919492948668074406e-01,-1.838488904150370473e-01,5.439916037654512343e-02,-5.164511176556987188e-02,0.000000000000000000e+00,0.000000000000000000e+00,-1.450261286565135421e-02,1.778276358866200946e-01,-4.022746555392984757e-01,1.280689674529076116e+00,0.000000000000000000e+00,0.000000000000000000e+00,0.000000000000000000e+00,1.329647756699000455e-02,-2.577707726863254778e-01,3.799841250529539249e-01,1.273201229204247831e+00,0.000000000000000000e+00,0.000000000000000000e+00,0.000000000000000000e+00
2.860975791271239480e-02,1.629990104735836581e-02,9.009446784561878641e-01,2.166467806221396633e-02,-1.887577245307936122e-02,5.529363835883407408e-01,8.327278682997263370e-01,-6.636713543903580148e-02,1.140383891257403109e-01,1.602531464515205561e-01,3.314646239676775630e-01,-1.759062171476241387e-01,4.623968700549834290e-03,-1.220923979435241391e-01,-2.086329564046803808e-01,-1.915852502290452120e-01,4.913847708715820550e-01,-1.836965821202617977e-01,5.508023377227962147e-02,-5.139519446346731135e-02,0.000000000000000000e+00,0.000000000000000000e+00,-1.558236360627063624e-02,1.778096443063755805e-01,-4.039257752064645546e-01,1.280029485986721838e+00,0.000000000000000000e+00,0.000000000000000000e+00,0.000000000000000000e+00,1.370734967141663992e-02,-2.575601628793934839e-01,3.802711413276637642e-01,1.272475113274798897e+00,0.000000000000000000e+00,0.000000000000000000e+00,0.000000000000000000e+00
2.846410536377715766e-02,1.614813936084136953e-02,9.009042422392442573e-01,2.182325977997239333e-02,-1.884416261414573884e-02,5.530417189549404755e-01,8.326544901478111216e-01,-6.680154958144322863e-02,1.136966867167172879e-01,1.604167620134266392e-01,3.320147978424945467e-01,-1.757109162539604585e-01,4.383587765467626338e-03,-1.226020464703169444e-01,-2.093928555252252133e-01,-1.918203062830446948e-01,4.922697240535064411e-01,-1.834891648206838644e-01,5.554858301369524493e-02,-5.184601443947061544e-02,0.000000000000000000e+00,0.000000000000000000e+00,-1.633692012360030490e-02,1.772289633198034231e-01,-4.045292195336900321e-01,1.281590980918142941e+00,0.000000000000000000e+00,0.000000000000000000e+00,0.000000000000000000e+00,1.334438190033487674e-02,-2.580558169260584456e-01,3.816722895626788459e-01,1.272203296309682985e+00,0.000000000000000000e+00,0.000000000000000000e+00,0.000000000000000000e+00
2.831557514304849227e-02,1.599132116785081936e-02,9.008291935981423970e-01,2.201679726835259129e-02,-1.901435042630872374e-02,5.533153341517652590e-01,8.324637266022041349e-01,-6.695757490310989823e-02,1.131848898557308303e-01,1.593741739423204518e-01,3.326049455365320262e-01,-1.764681112780065453e-01,4.703989149729263276e-03,-1.225700195510469048e-01,-2.100897564299099574e-01,-1.923967302394660184e-01,4.930509236083123747e-01,-1.828545115073948735e-01,5.618096101262533282e-02,-5.240338747309767481e-02,0.000000000000000000e+00,0.000000000000000000e+00,-1.707966794089258583e-02,1.767820219845179786e-01,-4.066286958215252212e-01,1.282906262464948544e+00,0.000000000000000000e+00,0.000000000000000000e+00,0.000000000000000000e+00,1.297977096200676403e-02,-2.587006526757169578e-01,3.829894710490668874e-01,1.272255342247864851e+00,0.000000000000000000e+00,0.000000000000000000e+00,0.000000000000000000e+00
2.824947777191349346e-02,1.583843465476533763e-02,9.007619413598391134e-01,2.220201451035884455e-02,-1.896197799302730413e-02,5.535433305202480669e-01,8.323084134975595738e-01,-6.763932992782241416e-02,1.126655050842301220e-01,1.587617752483499733e-01,3.334376664202977625e-01,-1.758333876517278738e-01,4.702570302734352010e-03,-1.231425371924046580e-01,-2.105863955781609176e-01,-1.920666013241199566e-01,4.941575065226000429e-01,-1.829936199456169976e-01,5.610851080878205555e-02,-5.251888054172065140e-02,0.000000000000000000e+00,0.000000000000000000e+00,-1.837778057081601926e-02,1.765483416786928772e-01,-4.073123687451328800e-01,1.284808706857639260e+00,0.000000000000000000e+00,0.000000000000000000e+00,0.000000000000000000e+00,1.288786312874336953e-02,-2.585004894844268875e-01,3.814553712543563013e-01,1.272606785814417218e+00,0.000000000000000000e+00,0.000000000000000000e+00,0.000000000000000000e+00
2.823441134816747841e-02,1.569897155862433336e-02,9.007102886270131892e-01,2.235562067134464967e-02,-1.884363997411550584e-02,5.539052972177112011e-01,8.320661423054562800e-01,-6.832848456913530322e-02,1.120947779311933790e-01,1.580909669312470789e-01,3.341381046066206895e-01,-1.764652613425680416e-01,5.255610958177280544e-03,-1.239682350514404452e-01,-2.112743577845965781e-01,-1.921821719089405467e-01,4.958425896875766625e-01,-1.831267849624134414e-01,5.608305236958119333e-02,-5.266515655777685712e-02,0.000000000000000000e+00,0.000000000000000000e+00,-1.872184112783880847e-02,1.766883817660910572e-01,-4.089957509264352531e-01,1.284378340212156910e+00,0.000000000000000000e+00,0.000000000000000000e+00,0.000000000000000000e+00,1.288997427757891841e-02,-2.585549637624897090e-01,3.802333586425813428e-01,1.272618946589628930e+00,0.000000000000000000e+00,0.000000000000000000e+00,0.000000000000000000e+00
2.829506835723143154e-02,1.560508269592808701e-02,9.007086295319387537e-01,2.235190222188710579e-02,-1.865276105292247230e-02,5.542606465114704450e-01,8.318338792696845507e-01,-6.813720959551802792e-02,1.120416788142233194e-01,1.585941483553717779e-01,3.327510783136796713e-01,-1.768073793021735785e-01,4.826655871899314908e-03,-1.242170234197723794e-01,-2.119274638176946446e-01,-1.933949194712598629e-01,4.959879787105868632e-01,-1.827971001466664469e-01,5.662632926554285462e-02,-5.259835474005616213e-02,0.000000000000000000e+00,0.000000000000000000e+00,-1.919257742758577120e-02,1.765963194986755191e-01,-4.094484886219372233e-01,1.284284510771807275e+00,0.000000000000000000e+00,0.000000000000000000e+00,0.000000000000000000e+00,1.289893063983655816e-02,-2.584042947303460402e-01,3.800513688399562717e-01,1.272762602000348631e+00,0.000000000000000000e+00,0.000000000000000000e+00,0.000000000000000000e+00
2.846441285273060631e-02,1.552602198550994198e-02,9.006706763171528074e-01,2.258137215417348534e-02,-1.833363860639431603e-02,5.544149899976328344e-01,8.317319148577915211e-01,-6.789877630540157305e-02,1.112332032070672272e-01,1.582554207458417017e-01,3.313100481782886852e-01,-1.757627414381659203e-01,4.235077058387610137e-03,-1.254720774830463959e-01,-2.128152467390779234e-01,-1.933038355982676926e-01,4.980840398887269038e-01,-1.834303831005257568e-01,5.603184924688416058e-02,-5.264571185253469343e-02,0.000000000000000000e+00,0.000000000000000000e+00,-1.840035279418035866e-02,1.766477318217151704e-01,-4.099385011117033240e-01,1.282723514753960403e+00,0.000000000000000000e+00,0.000000000000000000e+00,0.000000000000000000e+00,1.274266045693859054e-02,-2.581505095269134853e-01,3.808818472828369717e-01,1.273644295128080639e+00,0.000000000000000000e+00,0.000000000000000000e+00,0.000000000000000000e+00
2.869427925980595415e-02,1.547274391139375621e-02,9.006862880238920566e-01,2.262812036228643506e-02,-1.818543984301299390e-02,5.548148491265901816e-01,8.314672219247274398e-01,-6.790329111427990949e-02,1.111099781077688475e-01,1.578026121847814767e-01,3.304682410444809149e-01,-1.748602821280521580e-01,3.708990695791415052e-03,-1.255473868545018135e-01,-2.127098142996918240e-01,-1.933819139286527267e-01,4.982833437840271662e-01,-1.837290534036495893e-01,5.450712746489188437e-02,-5.316204594846465903e-02,0.000000000000000000e+00,0.000000000000000000e+00,-1.828309009395750334e-02,1.769146924481257988e-01,-4.092929561606779010e-01,1.283074893474195566e+00,0.000000000000000000e+00,0.000000000000000000e+00,0.000000000000000000e+00,1.327698236849935223e-02,-2.578057455340305726e-01,3.826328082932541896e-01,1.273145465370056240e+00,0.000000000000000000e+00,0.000000000000000000e+00,0.000000000000000000e+00
2.897109168607729657e-02,1.543264738285907330e-02,9.006094172325834757e-01,2.272801423590159117e-02,-1.805639641191886247e-02,5.553489140602415608e-01,8.311106951361038053e-01,-6.870228853865549545e-02,1.108450363803761274e-01,1.563026862990855026e-01,3.314475759959897294e-01,-1.751414487327829506e-01,2.976790129363644354e-03,-1.258754634462943556e-01,-2.131712112140728976e-01,-1.942929666362178953e-01,4.997695506831776879e-01,-1.847587223135014889e-01,5.408219683786377741e-02,-5.307522467050876380e-02,0.000000000000000000e+00,0.000000000000000000e+00,-1.846875911775701720e-02,1.774376294469967863e-01,-4.087554074821885264e-01,1.282721517045525728e+00,0.000000000000000000e+00,0.000000000000000000e+00,0.000000000000000000e+00,1.409686117094995778e-02,-2.574227153093330278e-01,3.824153186990017494e-01,1.272952924062952240e+00,0.000000000000000000e+00,0.000000000000000000e+00,0.000000000000000000e+00
2.927072837976708169e-02,1.544466617350300983e-02,9.005770072162272433e-01,2.260274017610500868e-02,-1.777907965548202948e-02,5.557024126580945023e-01,8.308837758851158606e-01,-6.935788644040499773e-02,1.111691996036150987e-01,1.562835728170227645e-01,3.316110044497861398e-01,-1.759349770403905167e-01,2.244768649467158723e-03,-1.260828102114318339e-01,-2.132043128145026945e-01,-1.951870886348631984e-01,4.998827747674366995e-01,-1.859391294313076926e-01,5.407230830539905275e-02,-5.285963383289785100e-02,0.000000000000000000e+00,0.000000000000000000e+00,-1.882003102866305899e-02,1.780016531564347915e-01,-4.093911378648568133e-01,1.282830039401823052e+00,0.000000000000000000e+00,0.000000000000000000e+00,0.000000000000000000e+00,1.474304827174204198e-02,-2.570156296241111749e-01,3.820429814919178435e-01,1.272469688618474537e+00,0.000000000000000000e+00,0.000000000000000000e+00,0.000000000000000000e+00
2.954856711314967840e-02,1.545908209800369443e-02,9.005257823277992291e-01,2.244243964291264479e-02,-1.755271687306361392e-02,5.563259648711900152e-01,8.304755624600803632e-01,-7.076788175482483234e-02,1.115335196432677978e-01,1.556551528772043558e-01,3.330150630532152656e-01,-1.769866456024297985e-01,2.143302804860656129e-03,-1.263831216675606051e-01,-2.134880546976788140e-01,-1.967461972865653386e-01,5.004575466305912768e-01,-1.855437250476037470e-01,5.432394841086674031e-02,-5.304763050646578437e-02,0.000000000000000000e+00,0.000000000000000000e+00,-1.921034610459991521e-02,1.782765752355967848e-01,-4.084407582482325605e-01,1.283435519508658640e+00,0.000000000000000000e+00,0.000000000000000000e+00,0.000000000000000000e+00,1.525499303311333987e-02,-2.564407722352339825e-01,3.827028928175195688e-01,1.272535728957933321e+00,0.000000000000000000e+00,0.000000000000000000e+00,0.000000000000000000e+00
2.981782271000943396e-02,1.546479761747053712e-02,9.005349861507800924e-01,2.227458354934306467e-02,-1.715858310105645990e-02,5.567017590180947106e-01,8.302364587633005444e-01,-7.166016757433224527e-02,1.116710095829043375e-01,1.556816469944852233e-01,3.328375278473293397e-01,-1.766302181730868281e-01,2.542553718180387036e-03,-1.273821005103342729e-01,-2.135264998740885878e-01,-1.971822132269770156e-01,5.012003118305056182e-01,-1.851477641400912366e-01,5.338900223078849039e-02,-5.327015035462291659e-02,0.000000000000000000e+00,0.000000000000000000e+00,-1.928407183049851703e-02,1.789540382914404371e-01,-4.092655875289710199e-01,1.283313150320374962e+00,0.000000000000000000e+00,0.000000000000000000e+00,0.000000000000000000e+00,1.553110436834760286e-02,-2.561970664439802703e-01,3.838928425201316719e-01,1.272897624344962786e+00,0.000000000000000000e+00,0.000000000000000000e+00,0.000000000000000000e+00
3.009788802270840086e-02,1.545922677614280580e-02,9.005325267700904357e-01,2.208534868390726880e-02,-1.670986495909074915e-02,5.568873424326304944e-01,8.301261986137288273e-01,-7.257089833697731585e-02,1.116218602012613442e-01,1.548908492611204557e-01,3.325931577904743808e-01,-1.764269526062576532e-01,1.460694228803152001e-03,-1.281566438994368728e-01,-2.135507902762441290e-01,-1.977106117081017800e-01,5.014181524646774690e-01,-1.864893343098052991e-01,5.342080556566985994e-02,-5.279967526904266739e-02,0.000000000000000000e+00,0.000000000000000000e+00,-1.919692854497507400e-02,1.796129761952984516e-01,-4.099483414418340077e-01,1.282051335866712494e+00,0.000000000000000000e+00,0.000000000000000000e+00,0.000000000000000000e+00,1.595162787781081309e-02,-2.555032324705828195e-01,3.839072716002087104e-01,1.272794364456718563e+00,0.000000000000000000e+00,0.000000000000000000e+00,0.000000000000000000e+00
3.031047087588632782e-02,1.541126143639734783e-02,9.006060424071058446e-01,2.183250103517221999e-02,-1.646781643921147592e-02,5.575772171178973169e-01,8.296745144159448637e-01,-7.324787292087024670e-02,1.120394242920585287e-01,1.546075159359147633e-01,3.318730198568765055e-01,-1.760325634203858958e-01,9.911805615806521322e-04,-1.280607253218713215e-01,-2.133366508463943045e-01,-1.989552391999764858e-01,5.004226815400663053e-01,-1.845531770460041854e-01,5.307882887167674618e-02,-5.331308170929013879e-02,0.000000000000000000e+00,0.000000000000000000e+00,-1.976036471933837607e-02,1.792762014008811855e-01,-4.091748191709929094e-01,1.283010234184718934e+00,0.000000000000000000e+00,0.000000000000000000e+00,0.000000000000000000e+00,1.563795035944669926e-02,-2.544371511171760192e-01,3.837948618605440121e-01,1.274674095697437393e+00,0.000000000000000000e+00,0.000000000000000000e+00,0.000000000000000000e+00
3.052581926626503350e-02,1.529257199920955150e-02,9.006603964396371342e-01,2.192928853692963087e-02,-1.648146704846416635e-02,5.576097064183369589e-01,8.296498555753802906e-01,-7.249662071230575378e-02,1.123249891375013992e-01,1.551834037430115110e-01,3.303624838975962041e-01,-1.741412281689863062e-01,2.664258523549099984e-04,-1.275090266123131699e-01,-2.131385963252790949e-01,-1.993541435013727603e-01,4.995781380293643492e-01,-1.845807158563980421e-01,5.199348406526116406e-02,-5.331153646493989873e-02,0.000000000000000000e+00,0.000000000000000000e+00,-1.978926225076028944e-02,1.800465870786662204e-01,-4.096843289993960524e-01,1.282694157000975110e+00,0.000000000000000000e+00,0.000000000000000000e+00,0.000000000000000000e+00,1.551028236089177503e-02,-2.536877268988463885e-01,3.854475325862132817e-01,1.274546991448202604e+00,0.000000000000000000e+00,0.000000000000000000e+00,0.000000000000000000e+00
3.072652316551992627e-02,1.516692090005329098e-02,9.007523306008480279e-01,2.165937760250081015e-02,-1.614490161278164110e-02,5.580092225289330354e-01,8.293949126239202885e-01,-7.306128638185796498e-02,1.127762021162236894e-01,1.557380544031911340e-01,3.291091599614331953e-01,-1.734326461802550567e-01,8.304218803527885218e-04,-1.278656191365428185e-01,-2.128979792022215600e-01,-2.002984599210985706e-01,4.986785098983164133e-01,-1.835298618128757830e-01,5.154007053604882371e-02,-5.253378264307094481e-02,0.000000000000000000e+00,0.000000000000000000e+00,-2.042632905925093056e-02,1.808948117616071549e-01,-4.117537836963439113e-01,1.281700824629005142e+00,0.000000000000000000e+00,0.000000000000000000e+00,0.000000000000000000e+00,1.538573746032697101e-02,-2.530867012379497960e-01,3.866282556427287354e-01,1.275803905432608243e+00,0.000000000000000000e+00,0.000000000000000000e+00,0.000000000000000000e+00
3.091733238863949088e-02,1.499969116801773764e-02,9.007715768694982694e-01,2.154633811994948606e-02,-1.607913890129842108e-02,5.580437680700506275e-01,8.293758915738943527e-01,-7.309823718380273339e-02,1.131747162836438947e-01,1.559225528652504744e-01,3.284747409228377935e-01,-1.736234873703704495e-01,1.659926838143200179e-03,-1.280352577672561054e-01,-2.121496729650094448e-01,-1.999025794232551223e-01,4.981569866751230924e-01,-1.836909048198794581e-01,5.088963385454845639e-02,-5.192275370684135138e-02,0.000000000000000000e+00,0.000000000000000000e+00,-2.104105800881892960e-02,1.815458860281221332e-01,-4.119845364371443885e-01,1.282082646689734151e+00,0.000000000000000000e+00,0.000000000000000000e+00,0.000000000000000000e+00,1.507143096658532591e-02,-2.526752665693510203e-01,3.883564691915822875e-01,1.276671249710558564e+00,0.000000000000000000e+00,0.000000000000000000e+00,0.000000000000000000e+00
3.113165982359352227e-02,1.481031725395812355e-02,9.007701875709195338e-01,2.149508834142858232e-02,-1.591730481677348930e-02,5.577384391882390657e-01,8.295857002362263533e-01,-7.302686226030581651e-02,1.133253766173726723e-01,1.558443878205529598e-01,3.276483287927272059e-01,-1.735069885583080951e-01,1.297413299147449298e-03,-1.286490677111015168e-01,-2.121504944897929512e-01,-2.006251273296653648e-01,4.985738791453813157e-01,-1.858363727254734865e-01,5.019131360195457081e-02,-5.091052393603583137e-02,0.000000000000000000e+00,0.000000000000000000e+00,-2.184667968434622978e-02,1.819421016313427786e-01,-4.123410819814100625e-01,1.282851614105866123e+00,0.000000000000000000e+00,0.000000000000000000e+00,0.000000000000000000e+00,1.422745208083577018e-02,-2.520625194813262970e-01,3.897120154010141335e-01,1.278022754363250746e+00,0.000000000000000000e+00,0.000000000000000000e+00,0.000000000000000000e+00
3.131343163071895197e-02,1.456558296435259657e-02,9.007379000845368022e-01,2.156279924071664855e-02,-1.600353233270634251e-02,5.578526968871869718e-01,8.295054558093465369e-01,-7.346299706149929387e-02,1.133594301793042908e-01,1.544808702648127752e-01,3.282648901706663458e-01,-1.731329854405317392e-01,9.708867633561376470e-04,-1.290260445517768251e-01,-2.119136584790038413e-01,-2.007890794882868368e-01,4.996049139105881998e-01,-1.862169455804795759e-01,4.892046625610241284e-02,-5.089063685451371277e-02,0.000000000000000000e+00,0.000000000000000000e+00,-2.260064232522428912e-02,1.822058629507503080e-01,-4.132780300337475232e-01,1.284087418670756930e+00,0.000000000000000000e+00,0.000000000000000000e+00,0.000000000000000000e+00,1.321805301247306469e-02,-2.515666003693745045e-01,3.931262418798593949e-01,1.280119132084130973e+00,0.000000000000000000e+00,0.000000000000000000e+00,0.000000000000000000e+00
3.151363118283588560e-02,1.428818350166372389e-02,9.006630287965172732e-01,2.157533887872280232e-02,-1.616457823828526541e-02,5.579660304489471034e-01,8.294257772867259515e-01,-7.451507470145866951e-02,1.137486831787611480e-01,1.530548360464848434e-01,3.303071871728053277e-01,-1.733673370016723392e-01,6.089825031529664395e-04,-1.291313518241929692e-01,-2.113703369120951414e-01,-2.008546883193812471e-01,5.001812271750404326e-01,-1.871944016787826515e-01,4.877735604782250378e-02,-5.034578807270003592e-02,0.000000000000000000e+00,0.000000000000000000e+00,-2.444779284584180576e-02,1.829279427937496039e-01,-4.141838174977547360e-01,1.286193903375034031e+00,0.000000000000000000e+00,0.000000000000000000e+00,0.000000000000000000e+00,1.229588643280416296e-02,-2.504463604003620003e-01,3.946680010727599552e-01,1.282522088634526769e+00,0.000000000000000000e+00,0.000000000000000000e+00,0.000000000000000000e+00
3.166878589485118412e-02,1.401146013304706457e-02,9.007881955350199865e-01,2.114324799442142758e-02,-1.565844485791650226e-02,5.585099985608675821e-01,8.290804289551263473e-01,-7.649808442088106009e-02,1.145012324863154685e-01,1.536521609747963368e-01,3.301072475402744844e-01,-1.712098369239730689e-01,6.360306507584420274e-04,-1.302960135579337708e-01,-2.109019192140987320e-01,-2.015578105375477880e-01,4.993838658822173926e-01,-1.847260442382713808e-01,4.801386082243148251e-02,-5.014223942207285400e-02,0.000000000000000000e+00,0.000000000000000000e+00,-2.589627757026358515e-02,1.832188237989039459e-01,-4.151304879680332571e-01,1.286977790337820560e+00,0.000000000000000000e+00,0.000000000000000000e+00,0.000000000000000000e+00,1.186139278226575403e-02,-2.491414085709082182e-01,3.966137619402240744e-01,1.283550627702713776e+00,0.000000000000000000e+00,0.000000000000000000e+00,0.000000000000000000e+00
3.179651465750215483e-02,1.365108177414098463e-02,9.008159935533508467e-01,2.112287739008936530e-02,-1.573690067507507728e-02,5.588026268397583429e-01,8.288822583726173088e-01,-7.697896917649288406e-02,1.152330231724239679e-01,1.542285439533004066e-01,3.301837400836999947e-01,-1.702170786484281384e-01,6.632309447520017866e-04,-1.299819082366161505e-01,-2.107536815047804102e-01,-2.028619162352151006e-01,4.987170003407818131e-01,-1.843778438918730889e-01,4.737202418787865577e-02,-4.964609011917685277e-02,0.000000000000000000e+00,0.000000000000000000e+00,-2.729560382292674919e-02,1.842397309672462458e-01,-4.167154116041665302e-01,1.287551638865579440e+00,0.000000000000000000e+00,0.000000000000000000e+00,0.000000000000000000e+00,1.109562331132800915e-02,-2.482869962470318492e-01,3.985238247618436147e-01,1.285000460771279274e+00,0.000000000000000000e+00,0.000000000000000000e+00,0.000000000000000000e+00
3.191565425326602784e-02,1.332943405177878030e-02,9.009423248830813469e-01,2.105021655467562841e-02,-1.547257330872130188e-02,5.587235630451905521e-01,8.289423791532753993e-01,-7.678439755365197572e-02,1.154170100551817069e-01,1.551844304661893492e-01,3.279237480598065635e-01,-1.684205937233486938e-01,7.327402913617497848e-04,-1.305931625963490939e-01,-2.108787249871838798e-01,-2.037454513284438218e-01,4.981070098493191045e-01,-1.835772354244046556e-01,4.662395316922814115e-02,-4.906323824103323017e-02,0.000000000000000000e+00,0.000000000000000000e+00,-2.809637175200276060e-02,1.845119978662860816e-01,-4.178822766819860757e-01,1.288223268745901207e+00,0.000000000000000000e+00,0.000000000000000000e+00,0.000000000000000000e+00,1.051959601043613371e-02,-2.475235846490538572e-01,4.007738844374483245e-01,1.285352381085663742e+00,0.000000000000000000e+00,0.000000000000000000e+00,0.000000000000000000e+00
3.203975374330243070e-02,1.298069257723523037e-02,9.010083014783982769e-01,2.124113784212824929e-02,-1.550432758749520877e-02,5.586867934487959042e-01,8.289616979783406281e-01,-7.607858488168785238e-02,1.152978327391111779e-01,1.551275047247516192e-01,3.261478082397677447e-01,-1.662186814653386635e-01,1.658100830688657643e-04,-1.305392134615208088e-01,-2.110771723477346540e-01,-2.043609735598585220e-01,4.979110320654587252e-01,-1.834303739082212004e-01,4.595696017800381811e-02,-4.844944399458551293e-02,0.000000000000000000e+00,0.000000000000000000e+00,-2.888481875687583245e-02,1.852390130325310691e-01,-4.189546573230675253e-01,1.288620866200865800e+00,0.000000000000000000e+00,0.000000000000000000e+00,0.000000000000000000e+00,1.022794874060378723e-02,-2.465954031470597441e-01,4.012259528620187310e-01,1.286300181817534138e+00,0.000000000000000000e+00,0.000000000000000000e+00,0.000000000000000000e+00
3.216610190011390258e-02,1.269759133774792798e-02,9.010667801200943350e-01,2.112849406780930098e-02,-1.528448682228650615e-02,5.592371555805922823e-01,8.285974746637441157e-01,-7.634157195655649764e-02,1.152201162460488731e-01,1.543898510607866204e-01,3.242979079760307526e-01,-1.651195386731050263e-01,-3.089065304437300236e-04,-1.306649574775579359e-01,-2.110359242696725757e-01,-2.053565664379040923e-01,4.972542548022280129e-01,-1.834469615136279930e-01,4.577114225007461457e-02,-4.832683235942185351e-02,0.000000000000000000e+00,0.000000000000000000e+00,-3.023231134658505015e-02,1.855411498695594408e-01,-4.198412992955657397e-01,1.289675368358720986e+00,0.000000000000000000e+00,0.000000000000000000e+00,0.000000000000000000e+00,1.004219992852839818e-02,-2.462616878139519128e-01,4.026210723537275715e-01,1.286773949256959648e+00,0.000000000000000000e+00,0.000000000000000000e+00,0.000000000000000000e+00
3.233443629464704400e-02,1.247114972523904498e-02,9.011539776441105376e-01,2.103818762661757019e-02,-1.482779650078169809e-02,5.596488164150278388e-01,8.283300872222240097e-01,-7.669784846811286694e-02,1.147672893577864617e-01,1.536515597160333924e-01,3.220386349391483050e-01,-1.631164476522613260e-01,-1.170223472604686038e-03,-1.311805985831323296e-01,-2.111668439710465695e-01,-2.059368585364733939e-01,4.965200363315620535e-01,-1.837139568870422568e-01,4.543083303826654651e-02,-4.858165053906646907e-02,0.000000000000000000e+00,0.000000000000000000e+00,-3.116192593364105340e-02,1.862002135020456584e-01,-4.202991227060459134e-01,1.289970883071799745e+00,0.000000000000000000e+00,0.000000000000000000e+00,0.000000000000000000e+00,9.840826451119390542e-03,-2.458689455700130699e-01,4.038308071427043067e-01,1.286216051162923701e+00,0.000000000000000000e+00,0.000000000000000000e+00,0.000000000000000000e+00
3.247001032080689548e-02,1.227632971443857329e-02,9.011818798253736773e-01,2.086784671019463466e-02,-1.476388887983484492e-02,5.603670717226100217e-01,8.278498085328345191e-01,-7.757052949204698566e-02,1.151605609315494438e-01,1.528921754030416746e-01,3.218606565598866598e-01,-1.619492529459735375e-01,-1.537520165359507890e-03,-1.310568119049555502e-01,-2.108439602298494697e-01,-2.068977289468339198e-01,4.960914627993026071e-01,-1.828988893118608794e-01,4.520837952378728430e-02,-4.868689705286892433e-02,0.000000000000000000e+00,0.000000000000000000e+00,-3.249798899304594257e-02,1.863442444135408604e-01,-4.207261305876104363e-01,1.291242540420860951e+00,0.000000000000000000e+00,0.000000000000000000e+00,0.000000000000000000e+00,1.028319545975162064e-02,-2.449805539905983154e-01,4.046995419329515453e-01,1.286611436684226506e+00,0.000000000000000000e+00,0.000000000000000000e+00,0.000000000000000000e+00
3.264250507071844720e-02,1.213692227820442615e-02,9.011164312597641501e-01,2.082571757653071953e-02,-1.464466526816593332e-02,5.605141102813552267e-01,8.277534387981160258e-01,-7.887684222776852883e-02,1.153286606090832694e-01,1.521055976031231993e-01,3.236556229087107495e-01,-1.628206656027516297e-01,-1.746754140286095776e-03,-1.317062779401321493e-01,-2.109570469012237159e-01,-2.074350992411563288e-01,4.970804445475096034e-01,-1.836857882149062482e-01,4.531275834220113014e-02,-4.843036991183281154e-02,0.000000000000000000e+00,0.000000000000000000e+00,-3.273944936343265583e-02,1.868394421787841764e-01,-4.200533955715859413e-01,1.291283625261381074e+00,0.000000000000000000e+00,0.000000000000000000e+00,0.000000000000000000e+00,1.050930564558103658e-02,-2.444161071261977403e-01,4.048669451432586608e-01,1.286530174400738913e+00,0.000000000000000000e+00,0.000000000000000000e+00,0.000000000000000000e+00
3.283708982748426153e-02,1.207745353300406291e-02,9.011469954527833170e-01,2.066536165682997597e-02,-1.435803876950340029e-02,5.611468096677186823e-01,8.273336978209137049e-01,-7.947168645529399666e-02,1.153353237661211006e-01,1.515125858304602890e-01,3.227915152639633245e-01,-1.627286846400269604e-01,-2.139676333210590274e-03,-1.317478263159173602e-01,-2.108928260826507806e-01,-2.082977996884825822e-01,4.965452583811508225e-01,-1.838782155316568689e-01,4.502597024020754679e-02,-4.849485742601079841e-02,0.000000000000000000e+00,0.000000000000000000e+00,-3.303155442748000048e-02,1.875545987133621639e-01,-4.201646380420827054e-01,1.290114713353137210e+00,0.000000000000000000e+00,0.000000000000000000e+00,0.000000000000000000e+00,1.102871734871874003e-02,-2.438617355111981078e-01,4.050984178888297205e-01,1.286106379377543796e+00,0.000000000000000000e+00,0.000000000000000000e+00,0.000000000000000000e+00
3.303746213595207953e-02,1.207641531365834936e-02,9.011209930180898997e-01,2.073032303229584844e-02,-1.408977953925475736e-02,5.613334805208958223e-01,8.272100431364507456e-01,-7.938740747332392877e-02,1.149539613100515612e-01,1.512334476297227115e-01,3.218515997004450235e-01,-1.629479977950141489e-01,-2.597722217657120851e-03,-1.320927459646799584e-01,-2.113536542819028086e-01,-2.087789353927061164e-01,4.970770409420684488e-01,-1.852960244606600970e-01,4.494389757520988321e-02,-4.847317683451541487e-02,0.000000000000000000e+00,0.000000000000000000e+00,-3.259670183719606124e-02,1.881437189614216798e-01,-4.195731981833951685e-01,1.289037170675438659e+00,0.000000000000000000e+00,0.000000000000000000e+00,0.000000000000000000e+00,1.153761203757869627e-02,-2.435791474421504510e-01,4.060068395189295187e-01,1.285515258014769957e+00,0.000000000000000000e+00,0.000000000000000000e+00,0.000000000000000000e+00
3.322226590632026966e-02,1.211095202494188831e-02,9.010614993690938546e-01,2.081729325088397045e-02,-1.397137090522337227e-02,5.619070094282770933e-01,8.268203879030229242e-01,-7.998155193438341581e-02,1.145455052758738296e-01,1.500615142008310254e-01,3.225832513298217963e-01,-1.639295229672974863e-01,-2.248508897573225571e-03,-1.322227051849912682e-01,-2.117760544480930263e-01,-2.093753466941217223e-01,4.982587410304558095e-01,-1.863361751572976677e-01,4.461088521201785756e-02,-4.836809952876949814e-02,0.000000000000000000e+00,0.000000000000000000e+00,-3.250636209571691748e-02,1.885138932651963251e-01,-4.185209925654502783e-01,1.288356445632094394e+00,0.000000000000000000e+00,0.000000000000000000e+00,0.000000000000000000e+00,1.249666156812000335e-02,-2.431849506262083183e-01,4.052856115540864890e-01,1.285889639523724481e+00,0.000000000000000000e+00,0.000000000000000000e+00,0.000000000000000000e+00
3.339827219438775557e-02,1.224869052229260458e-02,9.010576109504209175e-01,2.068113284441540703e-02,-1.363289209880452421e-02,5.620057283000674531e-01,8.267623578484957214e-01,-8.055702121957313000e-02,1.145497529893755861e-01,1.500484992771783654e-01,3.225263017963286294e-01,-1.636097131623100442e-01,-2.973060844692112722e-03,-1.327141502559346931e-01,-2.115033298098315806e-01,-2.087026084883370491e-01,4.981980245392082507e-01,-1.870947150873285003e-01,4.464511093753445459e-02,-4.866026122815170912e-02,0.000000000000000000e+00,0.000000000000000000e+00,-3.167783012453533747e-02,1.887825530616252800e-01,-4.183007089019399327e-01,1.286802032498272519e+00,0.000000000000000000e+00,0.000000000000000000e+00,0.000000000000000000e+00,1.263897850994595735e-02,-2.429128773226373883e-01,4.056974264875751190e-01,1.285529794478421417e+00,0.000000000000000000e+00,0.000000000000000000e+00,0.000000000000000000e+00
3.354268842995822980e-02,1.241966679781802800e-02,9.010519777986439882e-01,2.056674187345031157e-02,-1.331319965330417590e-02,5.626610423636394520e-01,8.263245846820511664e-01,-8.105358034451266847e-02,1.138649215261672981e-01,1.481928276394628985e-01,3.219130071408073390e-01,-1.643041001897603270e-01,-3.277958282249847713e-03,-1.327218308538769265e-01,-2.118183606551269638e-01,-2.094808504664427140e-01,4.982338469359183231e-01,-1.876422373234502561e-01,4.470654699694045359e-02,-4.835993025527508815e-02,0.000000000000000000e+00,0.000000000000000000e+00,-3.170168563664038652e-02,1.887689029430854037e-01,-4.163652341888391950e-01,1.286239127971687379e+00,0.000000000000000000e+00,0.000000000000000000e+00,0.000000000000000000e+00,1.401997377703198717e-02,-2.429143003284412183e-01,4.058092466457224878e-01,1.284612704430883268e+00,0.000000000000000000e+00,0.000000000000000000e+00,0.000000000000000000e+00
3.363115531308340928e-02,1.261842692210965802e-02,9.010011486394312596e-01,2.060017277279315578e-02,-1.323517572414724570e-02,5.629417721165239641e-01,8.261337810618742949e-01,-8.118759841643298503e-02,1.136502634767720121e-01,1.478318738035445667e-01,3.223296846414188677e-01,-1.648402494022823961e-01,-3.345295043491844540e-03,-1.325300892821151821e-01,-2.122587743585059861e-01,-2.100725284970663131e-01,4.987764771727124513e-01,-1.885430913536624287e-01,4.482958203192741881e-02,-4.852203068664336094e-02,0.000000000000000000e+00,0.000000000000000000e+00,-3.128178337463223546e-02,1.888751357497900629e-01,-4.171557474739120974e-01,1.285632199504683326e+00,0.000000000000000000e+00,0.000000000000000000e+00,0.000000000000000000e+00,1.428660928088020671e-02,-2.429877027474676709e-01,4.063286545653260751e-01,1.285567223630887712e+00,0.000000000000000000e+00,0.000000000000000000e+00,0.000000000000000000e+00
3.370007001907006361e-02,1.285467152862485724e-02,9.009936338849627857e-01,2.069786866408892395e-02,-1.315480603589196801e-02,5.633948946951828907e-01,8.258236748497375102e-01,-8.087111704356651776e-02,1.131447709004088920e-01,1.472729352574699835e-01,3.218235105977536037e-01,-1.647542066863811605e-01,-3.728415701043829439e-03,-1.320885300521428274e-01,-2.127354260635365979e-01,-2.104922221041975461e-01,4.990241955864368473e-01,-1.887035456098369035e-01,4.460137386098795426e-02,-4.838374076243439487e-02,0.000000000000000000e+00,0.000000000000000000e+00,-3.110416717455579197e-02,1.889569628244097133e-01,-4.176813753903503290e-01,1.284830490469059283e+00,0.000000000000000000e+00,0.000000000000000000e+00,0.000000000000000000e+00,1.510128102441062048e-02,-2.431104867335386888e-01,4.060042023194468941e-01,1.286121596665153799e+00,0.000000000000000000e+00,0.000000000000000000e+00,0.000000000000000000e+00
3.368582627490981224e-02,1.313420328764856003e-02,9.010126342808619793e-01,2.054052618176452349e-02,-1.339808455238444829e-02,5.637443977682330409e-01,8.255851452754189301e-01,-8.064300489458325893e-02,1.134249859554907619e-01,1.464985637010000896e-01,3.222254372385286447e-01,-1.654668488169573348e-01,-3.328780367348407702e-03,-1.306905868353808453e-01,-2.123743139095311538e-01,-2.113431650006709073e-01,4.977206915691141376e-01,-1.873857986127522857e-01,4.506237465917359297e-02,-4.771766977890630479e-02,0.000000000000000000e+00,0.000000000000000000e+00,-3.106999174383944656e-02,1.887434353560535905e-01,-4.167368704276308566e-01,1.284378089148935143e+00,0.000000000000000000e+00,0.000000000000000000e+00,0.000000000000000000e+00,1.571981773172993757e-02,-2.429754991016345178e-01,4.065115751914507580e-01,1.287958334785808123e+00,0.000000000000000000e+00,0.000000000000000000e+00,0.000000000000000000e+00
3.365949228613816097e-02,1.341884543608491687e-02,9.010173916946955242e-01,2.044460555980301408e-02,-1.352002656973770069e-02,5.640765019412156134e-01,8.253586656374416464e-01,-8.073627897438173662e-02,1.137083369659837861e-01,1.464499791470525447e-01,3.230832038268991457e-01,-1.660066860740485872e-01,-3.738258191919734824e-03,-1.296742270936498687e-01,-2.124038598363148511e-01,-2.122152343415640297e-01,4.969512727046435652e-01,-1.864724794480273062e-01,4.535366586202795730e-02,-4.723543522027401353e-02,0.000000000000000000e+00,0.000000000000000000e+00,-3.090943778070650086e-02,1.884162589281910272e-01,-4.159936712747080434e-01,1.284138443064707369e+00,0.000000000000000000e+00,0.000000000000000000e+00,0.000000000000000000e+00,1.673568991888494534e-02,-2.428834336062569155e-01,4.067535431644809796e-01,1.288457265750365677e+00,0.000000000000000000e+00,0.000000000000000000e+00,0.000000000000000000e+00
3.363295045779137599e-02,1.370316708226981470e-02,9.010114233037506137e-01,2.044662605401583594e-02,-1.355145997252694794e-02,5.643830314755545752e-01,8.251485243264282676e-01,-8.096219502295107229e-02,1.138187062908305736e-01,1.467867303590426054e-01,3.241764129454355881e-01,-1.663724058265612371e-01,-4.213909951934212937e-03,-1.291437170775627807e-01,-2.127576570166027636e-01,-2.127479454186224916e-01,4.970266444952649576e-01,-1.856244420855314992e-01,4.562799668519999102e-02,-4.724395386692415572e-02,0.000000000000000000e+00,0.000000000000000000e+00,-3.057569680215829408e-02,1.882057328472337421e-01,-4.157466693434912486e-01,1.283873322500511005e+00,0.000000000000000000e+00,0.000000000000000000e+00,0.000000000000000000e+00,1.756835948731612709e-02,-2.427740155818207402e-01,4.073072562430019583e-01,1.288844977938834901e+00,0.000000000000000000e+00,0.000000000000000000e+00,0.000000000000000000e+00
3.356891136115871394e-02,1.399715512500269640e-02,9.010190581742320015e-01,2.012021911541171312e-02,-1.364627638547212009e-02,5.644774856666591178e-01,8.250903732919230293e-01,-8.170208250008746675e-02,1.141973720632457751e-01,1.456347794907551785e-01,3.257877669975004498e-01,-1.676294152337335919e-01,-4.404337957157894098e-03,-1.285578035485927528e-01,-2.121241127293414519e-01,-2.129801631814894902e-01,4.960085257368124778e-01,-1.843420476636759009e-01,4.576153509415432225e-02,-4.701933503005309434e-02,0.000000000000000000e+00,0.000000000000000000e+00,-3.032035608811136859e-02,1.881363690223856189e-01,-4.153834525475013639e-01,1.283738726608664393e+00,0.000000000000000000e+00,0.000000000000000000e+00,0.000000000000000000e+00,1.790278007934870477e-02,-2.428172487766139254e-01,4.083524113040546966e-01,1.289561051737902586e+00,0.000000000000000000e+00,0.000000000000000000e+00,0.000000000000000000e+00
3.354778209621144675e-02,1.426342083299362434e-02,9.010566709981023825e-01,1.993381066597020232e-02,-1.374625673039912843e-02,5.645581685773295444e-01,8.250380342207537243e-01,-8.192496224466158661e-02,1.144435440191750725e-01,1.449278406914382145e-01,3.266556666294815892e-01,-1.677274282419297935e-01,-4.842115502302526096e-03,-1.276939246503270842e-01,-2.120919844980694857e-01,-2.141904656804058948e-01,4.950657464947274544e-01,-1.835755168990592656e-01,4.610277497067392927e-02,-4.612373247625713851e-02,0.000000000000000000e+00,0.000000000000000000e+00,-3.035612548396145541e-02,1.876881965153721354e-01,-4.141998328536134477e-01,1.283604123589082269e+00,0.000000000000000000e+00,0.000000000000000000e+00,0.000000000000000000e+00,1.871540376108433990e-02,-2.428050711718127697e-01,4.092427217087058477e-01,1.289885083993451476e+00,0.000000000000000000e+00,0.000000000000000000e+00,0.000000000000000000e+00
3.354623165878772156e-02,1.448930837614112802e-02,9.011229136728693412e-01,1.960943674874777998e-02,-1.393326973569614102e-02,5.649965308983123657e-01,8.247425380430792874e-01,-8.253463991903108032e-02,1.150801933759382084e-01,1.438538994708737917e-01,3.276862246660424138e-01,-1.671909579272729540e-01,-5.155924344473555680e-03,-1.264570352160860611e-01,-2.113942097178171386e-01,-2.153406594506286353e-01,4.934006235878720115e-01,-1.816713196796502783e-01,4.553101912447377747e-02,-4.503580148828906227e-02,0.000000000000000000e+00,0.000000000000000000e+00,-3.056010664010649566e-02,1.876185405299085063e-01,-4.140809900243849206e-01,1.282763496944582915e+00,0.000000000000000000e+00,0.000000000000000000e+00,0.000000000000000000e+00,1.988993532834338468e-02,-2.425339458329388020e-01,4.102387313925613954e-01,1.290411701758849006e+00,0.000000000000000000e+00,0.000000000000000000e+00,0.000000000000000000e+00
3.360375308262678745e-02,1.469389990338578096e-02,9.011455060543658302e-01,1.943356893293340243e-02,-1.391055873480308812e-02,5.652347601670186794e-01,8.245838336113230360e-01,-8.284782923304669089e-02,1.154792415876883527e-01,1.439368300097030318e-01,3.282394388767019833e-01,-1.674459055144388586e-01,-5.670431503355199618e-03,-1.260341350214117528e-01,-2.112501503122917179e-01,-2.160924291227844518e-01,4.928850894547170403e-01,-1.811380122896419365e-01,4.528693859999671778e-02,-4.454870709892747027e-02,0.000000000000000000e+00,0.000000000000000000e+00,-3.048836091786399222e-02,1.877969733553169762e-01,-4.135151988830191305e-01,1.282177437850457125e+00,0.000000000000000000e+00,0.000000000000000000e+00,0.000000000000000000e+00,2.084862059961614666e-02,-2.423075795576313252e-01,4.122147630264740292e-01,1.290143300284931849e+00,0.000000000000000000e+00,0.000000000000000000e+00,0.000000000000000000e+00
3.368512985866656262e-02,1.483701804322342006e-02,9.011501782649818937e-01,1.934171154101946288e-02,-1.389150669075240457e-02,5.655586602864753898e-01,8.243641950081835867e-01,-8.339311339688705582e-02,1.155787644643520157e-01,1.432816758478607788e-01,3.290657438016034164e-01,-1.674992333006614098e-01,-5.803494353228934137e-03,-1.258062329661231993e-01,-2.112750397862817597e-01,-2.168586519540078306e-01,4.929356791791361658e-01,-1.806169900276894391e-01,4.455926222150051463e-02,-4.451992147142024708e-02,0.000000000000000000e+00,0.000000000000000000e+00,-3.061211073702098384e-02,1.878004607329529785e-01,-4.135832434348727937e-01,1.282373725757659511e+00,0.000000000000000000e+00,0.000000000000000000e+00,0.000000000000000000e+00,2.130201082011437541e-02,-2.425899670632652994e-01,4.136436132694889523e-01,1.289944609684755772e+00,0.000000000000000000e+00,0.000000000000000000e+00,0.000000000000000000e+00
3.378085615685525595e-02,1.493588336997783185e-02,9.011243220601896642e-01,1.930506267495180756e-02,-1.370780744119055351e-02,5.656038674299862512e-01,8.243371129086171090e-01,-8.379106758349047501e-02,1.156375300355578645e-01,1.435692812880069447e-01,3.294185583526683114e-01,-1.673870838866521604e-01,-6.180313035029580578e-03,-1.263133636501709844e-01,-2.112531183449140315e-01,-2.164146716112665958e-01,4.933658965435485655e-01,-1.805225005177226172e-01,4.398150782142061510e-02,-4.516486784250008102e-02,0.000000000000000000e+00,0.000000000000000000e+00,-3.008213192229066205e-02,1.881479589614774572e-01,-4.142944279110906680e-01,1.282082258884430281e+00,0.000000000000000000e+00,0.000000000000000000e+00,0.000000000000000000e+00,2.113509397419669616e-02,-2.422906987511287413e-01,4.147532062471587788e-01,1.290401354191544669e+00,0.000000000000000000e+00,0.000000000000000000e+00,0.000000000000000000e+00
3.387616169563945068e-02,1.497265391823364086e-02,9.011092971628260617e-01,1.916871699696549511e-02,-1.373914128084323394e-02,5.660183358466783776e-01,8.240552407277755842e-01,-8.466819173419692923e-02,1.161439982386177072e-01,1.433441887526617498e-01,3.308134407392593901e-01,-1.678432349159007242e-01,-6.362501243795044489e-03,-1.258140630552416206e-01,-2.108250349598332907e-01,-2.168015469541910156e-01,4.928043176669157366e-01,-1.806057108471210981e-01,4.390870905642486194e-02,-4.467619907721757239e-02,0.000000000000000000e+00,0.000000000000000000e+00,-3.032908078888782444e-02,1.886870300725289606e-01,-4.146222756091602069e-01,1.281416894765534886e+00,0.000000000000000000e+00,0.000000000000000000e+00,0.000000000000000000e+00,2.167225982549073060e-02,-2.420715667883889533e-01,4.160357360625346335e-01,1.290600414787777206e+00,0.000000000000000000e+00,0.000000000000000000e+00,0.000000000000000000e+00
3.395801512610588380e-02,1.498342760375313831e-02,9.010930027789438856e-01,1.895451950546996403e-02,-1.368807571749748944e-02,5.664638636505395786e-01,8.237548506391765279e-01,-8.606476258036958871e-02,1.163999127447724324e-01,1.420653487311287488e-01,3.325531894301185787e-01,-1.686523139553732786e-01,-6.472587630229144177e-03,-1.259514732495709000e-01,-2.103718457182194301e-01,-2.170951453538834675e-01,4.928900846242947331e-01,-1.801597485626253714e-01,4.330986772883188562e-02,-4.420363576831407709e-02,0.000000000000000000e+00,0.000000000000000000e+00,-3.084063939134049775e-02,1.892906874995120559e-01,-4.142287625884454871e-01,1.281042933943260076e+00,0.000000000000000000e+00,0.000000000000000000e+00,0.000000000000000000e+00,2.216554180317940187e-02,-2.417566804640211009e-01,4.169375948210350957e-01,1.290879114829633023e+00,0.000000000000000000e+00,0.000000000000000000e+00,0.000000000000000000e+00
3.401021322321775425e-02,1.494314004958999069e-02,9.010644039322089904e-01,1.901036614302314964e-02,-1.381762214477601051e-02,5.667230686357832559e-01,8.235730949790758260e-01,-8.657247576831407498e-02,1.165143782470051959e-01,1.414766657649058901e-01,3.338765992355936518e-01,-1.689050884004494324e-01,-6.473730034355821596e-03,-1.258296998276839107e-01,-2.102527829044790464e-01,-2.170573771908879124e-01,4.933966828804248195e-01,-1.796526331655920183e-01,4.298730304806779035e-02,-4.354813180536358519e-02,0.000000000000000000e+00,0.000000000000000000e+00,-3.110878927184225831e-02,1.895375680604619584e-01,-4.137400815830792333e-01,1.281009611280367277e+00,0.000000000000000000e+00,0.000000000000000000e+00,0.000000000000000000e+00,2.236141165162944255e-02,-2.411426801566224631e-01,4.165388889384923354e-01,1.292468971707907199e+00,0.000000000000000000e+00,0.000000000000000000e+00,0.000000000000000000e+00
3.407360207054740964e-02,1.489042228985141929e-02,9.010524851202640351e-01,1.928146059346122834e-02,-1.374991654017686596e-02,5.670864119280375482e-01,8.233177797661757058e-01,-8.635546224064824528e-02,1.159722097604766466e-01,1.413130360509737005e-01,3.333770580183753052e-01,-1.678772940123595958e-01,-7.210347823747711299e-03,-1.257600157587461520e-01,-2.107661151249737297e-01,-2.168754810618055973e-01,4.940361392253650452e-01,-1.802671928027038961e-01,4.274184882041918987e-02,-4.324878914972644928e-02,0.000000000000000000e+00,0.000000000000000000e+00,-3.082474541332074283e-02,1.900040739415085889e-01,-4.142569378101756405e-01,1.279380690309273927e+00,0.000000000000000000e+00,0.000000000000000000e+00,0.000000000000000000e+00,2.266717450458827568e-02,-2.405697103305729223e-01,4.157175485087818423e-01,1.293472427518937762e+00,0.000000000000000000e+00,0.000000000000000000e+00,0.000000000000000000e+00
3.406850247961561162e-02,1.485190517236872725e-02,9.010249427886782847e-01,1.942450845315698074e-02,-1.392565277527541001e-02,5.673341803576678055e-01,8.231407488783608617e-01,-8.616801184035075001e-02,1.157669482922935034e-01,1.406157199991315276e-01,3.337070515022176886e-01,-1.684885233199391597e-01,-7.143797268187723239e-03,-1.253352150658489095e-01,-2.108570583288288391e-01,-2.169670039068926637e-01,4.943248467338991481e-01,-1.800326146754207823e-01,4.256746677434895820e-02,-4.270637763389676517e-02,0.000000000000000000e+00,0.000000000000000000e+00,-3.075958054636157221e-02,1.902701976369842451e-01,-4.147914410900331861e-01,1.278285023327455638e+00,0.000000000000000000e+00,0.000000000000000000e+00,0.000000000000000000e+00,2.297649706694306418e-02,-2.403795579544698857e-01,4.153393475312433525e-01,1.294121222916826630e+00,0.000000000000000000e+00,0.000000000000000000e+00,0.000000000000000000e+00
3.404738079642902898e-02,1.484131677304732430e-02,9.010351773519451601e-01,1.958150728885566308e-02,-1.406982418247618334e-02,5.674286460642121721e-01,8.230694601584397363e-01,-8.582146946605756499e-02,1.153612790589340076e-01,1.396924244676288063e-01,3.335576264913295286e-01,-1.676079764673846784e-01,-7.112368868606055126e-03,-1.247804698854717148e-01,-2.110708518208463946e-01,-2.171629546043235270e-01,4.941275784066866961e-01,-1.793907504940218112e-01,4.276568908000516478e-02,-4.199873552905745988e-02,0.000000000000000000e+00,0.000000000000000000e+00,-3.098908078595968493e-02,1.903035478804619984e-01,-4.147788338789220597e-01,1.278283446515729116e+00,0.000000000000000000e+00,0.000000000000000000e+00,0.000000000000000000e+00,2.286124300880099797e-02,-2.398251884931068278e-01,4.150012078584071062e-01,1.295886121703126781e+00,0.000000000000000000e+00,0.000000000000000000e+00,0.000000000000000000e+00
3.401091267459233763e-02,1.486887374075773240e-02,9.010335708812460265e-01,1.951308220603103355e-02,-1.405216770469119164e-02,5.675735801363636090e-01,8.229714498916780308e-01,-8.614170719186510505e-02,1.154804142884406637e-01,1.399819616563076075e-01,3.339517912576964176e-01,-1.680134456592805303e-01,-6.549621500382877756e-03,-1.248463522508304613e-01,-2.107252450414480449e-01,-2.165056051572152862e-01,4.939849690386106662e-01,-1.791018878371111456e-01,4.266710043815333253e-02,-4.179637183617281038e-02,0.000000000000000000e+00,0.000000000000000000e+00,-3.132914114677393808e-02,1.903998087075966794e-01,-4.151341331999067186e-01,1.278335339767990408e+00,0.000000000000000000e+00,0.000000000000000000e+00,0.000000000000000000e+00,2.266288094032021389e-02,-2.397914892989484181e-01,4.151396569064115805e-01,1.296882453038494809e+00,0.000000000000000000e+00,0.000000000000000000e+00,0.000000000000000000e+00
3.397310076845159316e-02,1.491061360005531758e-02,9.010348353125218201e-01,1.953547561627955870e-02,-1.385162583343061034e-02,5.677543320559041984e-01,8.228496315159720131e-01,-8.611951530255508580e-02,1.147546593191194203e-01,1.392523638021811172e-01,3.330035717723695554e-01,-1.677892205579028795e-01,-6.136397765144660336e-03,-1.253569462538111912e-01,-2.109134755701789210e-01,-2.158831831593283623e-01,4.942999838880028918e-01,-1.787493325936825583e-01,4.223211512120521316e-02,-4.160972157076974626e-02,0.000000000000000000e+00,0.000000000000000000e+00,-3.149028516616045326e-02,1.906459301526686745e-01,-4.152928529126528878e-01,1.277706188087681438e+00,0.000000000000000000e+00,0.000000000000000000e+00,0.000000000000000000e+00,2.244488251554066852e-02,-2.402248143242168843e-01,4.145572014915295811e-01,1.297723269650105760e+00,0.000000000000000000e+00,0.000000000000000000e+00,0.000000000000000000e+00
3.393853318844630013e-02,1.496478882443840266e-02,9.010022906129848685e-01,1.953800389544561866e-02,-1.357059019464639492e-02,5.681658741660473577e-01,8.225701458955839707e-01,-8.653818947114098881e-02,1.138447648734671191e-01,1.378951276712923057e-01,3.325764541852500589e-01,-1.686979583847180719e-01,-6.307609952173899234e-03,-1.257932454516745568e-01,-2.115803351225985507e-01,-2.162608410667468672e-01,4.949080507314199684e-01,-1.794608791705362416e-01,4.279732908786385015e-02,-4.174915468080515890e-02,0.000000000000000000e+00,0.000000000000000000e+00,-3.188506896642488708e-02,1.905624288445224024e-01,-4.154438146130890464e-01,1.277575627295927774e+00,0.000000000000000000e+00,0.000000000000000000e+00,0.000000000000000000e+00,2.255629175206342457e-02,-2.404713086633301911e-01,4.135984663969988762e-01,1.297858625835963453e+00,0.000000000000000000e+00,0.000000000000000000e+00,0.000000000000000000e+00
3.389466755997477126e-02,1.500777340280072016e-02,9.009885045169895301e-01,1.950326645104796808e-02,-1.338413612556941905e-02,5.685800612368625551e-01,8.222877850617734685e-01,-8.648528746492788188e-02,1.132606605365409080e-01,1.371050008437767753e-01,3.313886269181517408e-01,-1.692116895543687993e-01,-6.552274520196630855e-03,-1.260046619937671697e-01,-2.118273873720155909e-01,-2.163243451464659795e-01,4.950480018995838671e-01,-1.797444762240419658e-01,4.258313624690482357e-02,-4.124727432809607852e-02,0.000000000000000000e+00,0.000000000000000000e+00,-3.232688281404851038e-02,1.907167898642982973e-01,-4.158429900472747631e-01,1.276378031743973906e+00,0.000000000000000000e+00,0.000000000000000000e+00,0.000000000000000000e+00,2.276880485413206034e-02,-2.409372012334062285e-01,4.140311383491482866e-01,1.298112340904348239e+00,0.000000000000000000e+00,0.000000000000000000e+00,0.000000000000000000e+00
3.384966374357975538e-02,1.503383428814173209e-02,9.009716475059317276e-01,1.945994438944516000e-02,-1.320726573301423193e-02,5.691761654948805926e-01,8.218791707597669083e-01,-8.669652810471481508e-02,1.127604195852101032e-01,1.363777431079711278e-01,3.305394549218149680e-01,-1.696814259813161085e-01,-6.689110826659394431e-03,-1.261123724948177427e-01,-2.122158102265510882e-01,-2.169711484877827057e-01,4.952132811001951351e-01,-1.799162288932417697e-01,4.184041921300762912e-02,-4.153806002575981260e-02,0.000000000000000000e+00,0.000000000000000000e+00,-3.338482740818950190e-02,1.905129032607770223e-01,-4.155088396836419951e-01,1.277038944723561720e+00,0.000000000000000000e+00,0.000000000000000000e+00,0.000000000000000000e+00,2.284659663990874778e-02,-2.412415139253221152e-01,4.143757661800937520e-01,1.298632240351917932e+00,0.000000000000000000e+00,0.000000000000000000e+00,0.000000000000000000e+00
3.379433700433320115e-02,1.501152714706404170e-02,9.009279210759528755e-01,1.965094127764303172e-02,-1.310611992320241843e-02,5.699196454890678165e-01,8.213608633317497354e-01,-8.685319280847780821e-02,1.116805588792899734e-01,1.345850067237965020e-01,3.300226357395084076e-01,-1.696783359556867932e-01,-7.393459864223909245e-03,-1.263008100146811585e-01,-2.129270792949531921e-01,-2.171186587402515467e-01,4.963889167275293279e-01,-1.798847700598725230e-01,4.139105450571745753e-02,-4.171805388301556144e-02,0.000000000000000000e+00,0.000000000000000000e+00,-3.364475864060618299e-02,1.904618527714133647e-01,-4.155988071995688760e-01,1.275816821491649877e+00,0.000000000000000000e+00,0.000000000000000000e+00,0.000000000000000000e+00,2.356645965147139560e-02,-2.417526152246260995e-01,4.137543086181748597e-01,1.297805727440887180e+00,0.000000000000000000e+00,0.000000000000000000e+00,0.000000000000000000e+00
3.372651133888666941e-02,1.491381903285826996e-02,9.005480416312562353e-01,2.044296640409561452e-02,-1.310693754015498404e-02,5.708099504965481463e-01,8.207230310689767050e-01,-8.880327427657389028e-02,1.095905598144751025e-01,1.315908729318706616e-01,3.345952099051493489e-01,-1.715042206371522326e-01,-6.849525307966633503e-03,-1.281509961394895203e-01,-2.155637333089550634e-01,-2.167979217501864175e-01,5.029309359454176009e-01,-1.815080008878774964e-01,4.278015807377946733e-02,-4.229604704358903150e-02,0.000000000000000000e+00,0.000000000000000000e+00,-3.200178480774595879e-02,1.901833045232589892e-01,-4.161300560837157270e-01,1.269950300161275303e+00,0.000000000000000000e+00,0.000000000000000000e+00,0.000000000000000000e+00,2.597950692527540781e-02,-2.422932525768716483e-01,4.079980680738687915e-01,1.294411547908810300e+00,0.000000000000000000e+00,0.000000000000000000e+00,0.000000000000000000e+00
3.372651133888666941e-02,1.491381903285826996e-02,9.005480416312562353e-01,2.044296640409561452e-02,-1.310693754015498404e-02,5.708099504965481463e-01,8.207230310689767050e-01,-8.491301641020758406e-02,1.088691786857107768e-01,1.356753874509377122e-01,3.258600336142196130e-01,-1.682875308338049047e-01,-8.360229496935529456e-03,-1.269781523569025183e-01,-2.135065017266035148e-01,-2.128611071755667217e-01,4.929240165930785511e-01,-1.796364950894505652e-01,4.604952578868582586e-02,-4.336819523121917402e-02,0.000000000000000000e+00,0.000000000000000000e+00,-3.156506844760682134e-02,1.905434670719257928e-01,-4.156861036399982501e-01,1.266283850002869915e+00,0.000000000000000000e+00,0.000000000000000000e+00,0.000000000000000000e+00,2.144154020705031291e-02,-2.429409205022143026e-01,4.158195400859541757e-01,1.282661772087671181e+00,0.000000000000000000e+00,0.000000000000000000e+00,0.000000000000000000e+00
3.372651133888666941e-02,1.491381903285826996e-02,9.005480416312562353e-01,2.044296640409561452e-02,-1.310693754015498404e-02,5.708099504965481463e-01,8.207230310689767050e-01,-8.102275854384129172e-02,1.081477975569464650e-01,1.397599019700048184e-01,3.171248573232899326e-01,-1.650708410304575768e-01,-9.870933685904425409e-03,-1.258053085743155441e-01,-2.114492701442520217e-01,-2.089242926009469981e-01,4.829170972407395568e-01,-1.777649892910236340e-01,4.931889350359219132e-02,-4.444034341884932349e-02,0.000000000000000000e+00,0.000000000000000000e+00,-3.112835208746768736e-02,1.909036296205926242e-01,-4.152421511962807177e-01,1.262617399844464527e+00,0.000000000000000000e+00,0.000000000000000000e+00,0.000000000000000000e+00,1.690357348882522148e-02,-2.435885884275569846e-01,4.236410120980396155e-01,1.270911996266532729e+00,0.000000000000000000e+00,0.000000000000000000e+00,0.000000000000000000e+00
3.372651133888666941e-02,1.491381903285826996e-02,9.005480416312562353e-01,2.044296640409561452e-02,-1.310693754015498404e-02,5.708099504965481463e-01,8.207230310689767050e-01,-7.713250067747498551e-02,1.074264164281821254e-01,1.438444164890718968e-01,3.083896810323601967e-01,-1.618541512271102767e-01,-1.138163787487332310e-02,-1.246324647917285422e-01,-2.093920385619004731e-01,-2.049874780263273022e-01,4.729101778884005625e-01,-1.758934834925967028e-01,5.258826121849854984e-02,-4.551249160647946601e-02,0.000000000000000000e+00,0.000000000000000000e+00,-3.069163572732854645e-02,1.912637921692594278e-01,-4.147981987525631853e-01,1.258950949686059362e+00,0.000000000000000000e+00,0.000000000000000000e+00,0.000000000000000000e+00,1.236560677060012658e-02,-2.442362563528996389e-01,4.314624841101249997e-01,1.259162220445393610e+00,0.000000000000000000e+00,0.000000000000000000e+00,0.000000000000000000e+00
3.372651133888666941e-02,1.491381903285826996e-02,9.005480416312562353e-01,2.044296640409561452e-02,-1.310693754015498404e-02,5.708099504965481463e-01,8.207230310689767050e-01,-7.324224281110869317e-02,1.067050352994178136e-01,1.479289310081389752e-01,2.996545047414304608e-01,-1.586374614237629488e-01,-1.289234206384222078e-02,-1.234596210091415541e-01,-2.073348069795489523e-01,-2.010506634517076063e-01,4.629032585360615681e-01,-1.740219776941697716e-01,5.585762893340491531e-02,-4.658463979410960853e-02,0.000000000000000000e+00,0.000000000000000000e+00,-3.025491936718941247e-02,1.916239547179262592e-01,-4.143542463088457639e-01,1.255284499527653974e+00,0.000000000000000000e+00,0.000000000000000000e+00,0.000000000000000000e+00,7.827640052375036891e-03,-2.448839242782423486e-01,4.392839561222104949e-01,1.247412444624254935e+00,0.000000000000000000e+00,0.000000000000000000e+00,0.000000000000000000e+00
3.372651133888666941e-02,1.491381903285826996e-02,9.005480416312562353e-01,2.044296640409561452e-02,-1.310693754015498404e-02,5.708099504965481463e-01,8.207230310689767050e-01,-6.935198494474238695e-02,1.059836541706534879e-01,1.520134455272060814e-01,2.909193284505007249e-01,-1.554207716204156209e-01,-1.440304625281111500e-02,-1.222867772265545522e-01,-2.052775753971974038e-01,-1.971138488770878827e-01,4.528963391837225183e-01,-1.721504718957428404e-01,5.912699664831126689e-02,-4.765678798173975106e-02,0.000000000000000000e+00,0.000000000000000000e+00,-2.981820300705027502e-02,1.919841172665930906e-01,-4.139102938651282315e-01,1.251618049369248808e+00,0.000000000000000000e+00,0.000000000000000000e+00,0.000000000000000000e+00,3.289673334149943729e-03,-2.455315922035850029e-01,4.471054281342958792e-01,1.235662668803116038e+00,0.000000000000000000e+00,0.000000000000000000e+00,0.000000000000000000e+00
3.372651133888666941e-02,1.491381903285826996e-02,9.005480416312562353e-01,2.044296640409561452e-02,-1.310693754015498404e-02,5.708099504965481463e-01,8.207230310689767050e-01,-6.546172707837608074e-02,1.052622730418891622e-01,1.560979600462731598e-01,2.821841521595710445e-01,-1.522040818170682930e-01,-1.591375044178001269e-02,-1.211139334439675641e-01,-2.032203438148458552e-01,-1.931770343024681869e-01,4.428894198313835240e-01,-1.702789660973159369e-01,6.239636436321762542e-02,-4.872893616936989358e-02,0.000000000000000000e+00,0.000000000000000000e+00,-2.938148664691113757e-02,1.923442798152599220e-01,-4.134663414214106991e-01,1.247951599210843199e+00,0.000000000000000000e+00,0.000000000000000000e+00,0.000000000000000000e+00,-1.248293384075154638e-03,-2.461792601289276849e-01,4.549269001463812634e-01,1.223912892981976919e+00,0.000000000000000000e+00,0.000000000000000000e+00,0.000000000000000000e+00
3.372651133888666941e-02,1.491381903285826996e-02,9.005480416312562353e-01,2.044296640409561452e-02,-1.310693754015498404e-02,5.708099504965481463e-01,8.207230310689767050e-01,-6.157146921200978146e-02,1.045408919131248227e-01,1.601824745653402382e-01,2.734489758686413086e-01,-1.489873920137209651e-01,-1.742445463074891038e-02,-1.199410896613805622e-01,-2.011631122324943344e-01,-1.892402197278484632e-01,4.328825004790444742e-01,-1.684074602988889779e-01,6.566573207812398394e-02,-4.980108435700003611e-02,0.000000000000000000e+00,0.000000000000000000e+00,-2.894477028677200012e-02,1.927044423639267257e-01,-4.130223889776931667e-01,1.244285149052438033e+00,0.000000000000000000e+00,0.000000000000000000e+00,0.000000000000000000e+00,-5.786260102300246067e-03,-2.468269280542703115e-01,4.627483721584666476e-01,1.212163117160838022e+00,0.000000000000000000e+00,0.000000000000000000e+00,0.000000000000000000e+00
3.372651133888666941e-02,1.491381903285826996e-02,9.005480416312562353e-01,2.044296640409561452e-02,-1.310693754015498404e-02,5.708099504965481463e-01,8.207230310689767050e-01,-5.768121134564348218e-02,1.038195107843605108e-01,1.642669890844072889e-01,2.647137995777116282e-01,-1.457707022103736649e-01,-1.893515881971780460e-02,-1.187682458787935741e-01,-1.991058806501427858e-01,-1.853034051532287674e-01,4.228755811267054798e-01,-1.665359545004620745e-01,6.893509979303034940e-02,-5.087323254463017863e-02,0.000000000000000000e+00,0.000000000000000000e+00,-2.850805392663286614e-02,1.930646049125935571e-01,-4.125784365339757453e-01,1.240618698894032645e+00,0.000000000000000000e+00,0.000000000000000000e+00,0.000000000000000000e+00,-1.032422682052533576e-02,-2.474745959796130212e-01,4.705698441705521429e-01,1.200413341339699347e+00,0.000000000000000000e+00,0.000000000000000000e+00,0.000000000000000000e+00
3.372651133888666941e-02,1.491381903285826996e-02,9.005480416312562353e-01,2.044296640409561452e-02,-1.310693754015498404e-02,5.708099504965481463e-01,8.207230310689767050e-01,-5.379095347927718984e-02,1.030981296555961990e-01,1.683515036034743950e-01,2.559786232867819478e-01,-1.425540124070263370e-01,-2.044586300868670228e-02,-1.175954020962065999e-01,-1.970486490677912927e-01,-1.813665905786090993e-01,4.128686617743665410e-01,-1.646644487020351710e-01,7.220446750793671487e-02,-5.194538073226032809e-02,0.000000000000000000e+00,0.000000000000000000e+00,-2.807133756649372869e-02,1.934247674612603884e-01,-4.121344840902582130e-01,1.236952248735627258e+00,0.000000000000000000e+00,0.000000000000000000e+00,0.000000000000000000e+00,-1.486219353875042372e-02,-2.481222639049556755e-01,4.783913161826375271e-01,1.188663565518560450e+00,0.000000000000000000e+00,0.000000000000000000e+00,0.000000000000000000e+00
3.372651133888666941e-02,1.491381903285826996e-02,9.005480416312562353e-01,2.044296640409561452e-02,-1.310693754015498404e-02,5.708099504965481463e-01,8.207230310689767050e-01,-4.990069561291088363e-02,1.023767485268318733e-01,1.724360181225414734e-01,2.472434469958522119e-01,-1.393373226036790091e-01,-2.195656719765559650e-02,-1.164225583136195979e-01,-1.949914174854397442e-01,-1.774297760039893479e-01,4.028617424220274357e-01,-1.627929429036082121e-01,7.547383522284306645e-02,-5.301752891989046368e-02,0.000000000000000000e+00,0.000000000000000000e+00,-2.763462120635459124e-02,1.937849300099271921e-01,-4.116905316465406806e-01,1.233285798577222092e+00,0.000000000000000000e+00,0.000000000000000000e+00,0.000000000000000000e+00,-1.940016025697551688e-02,-2.487699318302983298e-01,4.862127881947229113e-01,1.176913789697421553e+00,0.000000000000000000e+00,0.000000000000000000e+00,0.000000000000000000e+00
3.372651133888666941e-02,1.491381903285826996e-02,9.005480416312562353e-01,2.044296640409561452e-02,-1.310693754015498404e-02,5.708099504965481463e-01,8.207230310689767050e-01,-4.601043774654457741e-02,1.016553673980675476e-01,1.765205326416085518e-01,2.385082707049224759e-01,-1.361206328003317090e-01,-2.346727138662449419e-02,-1.152497145310326099e-01,-1.929341859030881956e-01,-1.734929614293696520e-01,3.928548230696884414e-01,-1.609214371051812809e-01,7.874320293774941804e-02,-5.408967710752061314e-02,0.000000000000000000e+00,0.000000000000000000e+00,-2.719790484621545379e-02,1.941450925585940235e-01,-4.112465792028232037e-01,1.229619348418816704e+00,0.000000000000000000e+00,0.000000000000000000e+00,0.000000000000000000e+00,-2.393812697520061872e-02,-2.494175997556410396e-01,4.940342602068084066e-01,1.165164013876282656e+00,0.000000000000000000e+00,0.000000000000000000e+00,0.000000000000000000e+00
3.372651133888666941e-02,1.491381903285826996e-02,9.005480416312562353e-01,2.044296640409561452e-02,-1.310693754015498404e-02,5.708099504965481463e-01,8.207230310689767050e-01,-4.212017988017827813e-02,1.009339862693032219e-01,1.806050471606756580e-01,2.297730944139927678e-01,-1.329039429969843811e-01,-2.497797557559339188e-02,-1.140768707484456079e-01,-1.908769543207366748e-01,-1.695561468547499562e-01,3.828479037173494470e-01,-1.590499313067543496e-01,8.201257065265578350e-02,-5.516182529515075567e-02,0.000000000000000000e+00,0.000000000000000000e+00,-2.676118848607631634e-02,1.945052551072608549e-01,-4.108026267591057268e-01,1.225952898260411317e+00,0.000000000000000000e+00,0.000000000000000000e+00,0.000000000000000000e+00,-2.847609369342571362e-02,-2.500652676809836938e-01,5.018557322188937908e-01,1.153414238055143759e+00,0.000000000000000000e+00,0.000000000000000000e+00,0.000000000000000000e+00
3.372651133888666941e-02,1.491381903285826996e-02,9.005480416312562353e-01,2.044296640409561452e-02,-1.310693754015498404e-02,5.708099504965481463e-01,8.207230310689767050e-01,-3.822992201381197885e-02,1.002126051405388962e-01,1.846895616797427364e-01,2.210379181230630596e-01,-1.296872531936370532e-01,-2.648867976456228610e-02,-1.129040269658586199e-01,-1.888197227383851540e-01,-1.656193322801302603e-01,3.728409843650104527e-01,-1.571784255083274462e-01,8.528193836756214896e-02,-5.623397348278089819e-02,0.000000000000000000e+00,0.000000000000000000e+00,-2.632447212593717889e-02,1.948654176559276308e-01,-4.103586743153881944e-01,1.222286448102005929e+00,0.000000000000000000e+00,0.000000000000000000e+00,0.000000000000000000e+00,-3.301406041165079464e-02,-2.507129356063263481e-01,5.096772042309791750e-01,1.141664462234004862e+00,0.000000000000000000e+00,0.000000000000000000e+00,0.000000000000000000e+00
3.372651133888666941e-02,1.491381903285826996e-02,9.005480416312562353e-01,2.044296640409561452e-02,-1.310693754015498404e-02,5.708099504965481463e-01,8.207230310689767050e-01,-3.433966414744567264e-02,9.949122401177457053e-02,1.887740761988098148e-01,2.123027418321333237e-01,-1.264705633902897253e-01,-2.799938395353118725e-02,-1.117311831832716318e-01,-1.867624911560336054e-01,-1.616825177055105367e-01,3.628340650126714029e-01,-1.553069197099004872e-01,8.855130608246851442e-02,-5.730612167041104071e-02,0.000000000000000000e+00,0.000000000000000000e+00,-2.588775576579804491e-02,1.952255802045944622e-01,-4.099147218716706620e-01,1.218619997943600541e+00,0.000000000000000000e+00,0.000000000000000000e+00,0.000000000000000000e+00,-3.755202712987589647e-02,-2.513606035316690024e-01,5.174986762430645593e-01,1.129914686412865965e+00,0.000000000000000000e+00,0.000000000000000000e+00,0.000000000000000000e+00
3.372651133888666941e-02,1.491381903285826996e-02,9.005480416312562353e-01,2.044296640409561452e-02,-1.310693754015498404e-02,5.708099504965481463e-01,8.207230310689767050e-01,-3.044940628107938030e-02,9.876984288301024484e-02,1.928585907178768655e-01,2.035675655412036433e-01,-1.232538735869423974e-01,-2.951008814250007800e-02,-1.105583394006846298e-01,-1.847052595736820846e-01,-1.577457031308908408e-01,3.528271456603323530e-01,-1.534354139114735838e-01,9.182067379737485213e-02,-5.837826985804118324e-02,0.000000000000000000e+00,0.000000000000000000e+00,-2.545103940565890746e-02,1.955857427532612935e-01,-4.094707694279532406e-01,1.214953547785195376e+00,0.000000000000000000e+00,0.000000000000000000e+00,0.000000000000000000e+00,-4.208999384810098443e-02,-2.520082714570117122e-01,5.253201482551500545e-01,1.118164910591727068e+00,0.000000000000000000e+00,0.000000000000000000e+00,0.000000000000000000e+00
3.372651133888666941e-02,1.491381903285826996e-02,9.005480416312562353e-01,2.044296640409561452e-02,-1.310693754015498404e-02,5.708099504965481463e-01,8.207230310689767050e-01,-2.655914841471307408e-02,9.804846175424593302e-02,1.969431052369439439e-01,1.948323892502739074e-01,-1.200371837835950833e-01,-3.102079233146897569e-02,-1.093854956180976418e-01,-1.826480279913305638e-01,-1.538088885562711172e-01,3.428202263079933587e-01,-1.515639081130466526e-01,9.509004151228123147e-02,-5.945041804567133270e-02,0.000000000000000000e+00,0.000000000000000000e+00,-2.501432304551977001e-02,1.959459053019281249e-01,-4.090268169842357082e-01,1.211287097626789988e+00,0.000000000000000000e+00,0.000000000000000000e+00,0.000000000000000000e+00,-4.662796056632607933e-02,-2.526559393823543664e-01,5.331416202672354387e-01,1.106415134770588393e+00,0.000000000000000000e+00,0.000000000000000000e+00,0.000000000000000000e+00
3.372651133888666941e-02,1.491381903285826996e-02,9.005480416312562353e-01,2.044296640409561452e-02,-1.310693754015498404e-02,5.708099504965481463e-01,8.207230310689767050e-01,-2.266889054834676787e-02,9.732708062548159345e-02,2.010276197560110500e-01,1.860972129593441993e-01,-1.168204939802477693e-01,-3.253149652043787338e-02,-1.082126518355106537e-01,-1.805907964089790152e-01,-1.498720739816514214e-01,3.328133069556543644e-01,-1.496924023146196936e-01,9.835940922718759694e-02,-6.052256623330147522e-02,0.000000000000000000e+00,0.000000000000000000e+00,-2.457760668538063256e-02,1.963060678505949286e-01,-4.085828645405182313e-01,1.207620647468384600e+00,0.000000000000000000e+00,0.000000000000000000e+00,0.000000000000000000e+00,-5.116592728455117423e-02,-2.533036073076970207e-01,5.409630922793209340e-01,1.094665358949449496e+00,0.000000000000000000e+00,0.000000000000000000e+00,0.000000000000000000e+00
3.372651133888666941e-02,1.491381903285826996e-02,9.005480416312562353e-01,2.044296640409561452e-02,-1.310693754015498404e-02,5.708099504965481463e-01,8.207230310689767050e-01,-1.877863268198047553e-02,9.660569949671726775e-02,2.051121342750781285e-01,1.773620366684144911e-01,-1.136038041769004414e-01,-3.404220070940677106e-02,-1.070398080529236517e-01,-1.785335648266274944e-01,-1.459352594070317255e-01,3.228063876033153701e-01,-1.478208965161927901e-01,1.016287769420939485e-01,-6.159471442093161775e-02,0.000000000000000000e+00,0.000000000000000000e+00,-2.414089032524149858e-02,1.966662303992617600e-01,-4.081389120968006989e-01,1.203954197309979435e+00,0.000000000000000000e+00,0.000000000000000000e+00,0.000000000000000000e+00,-5.570389400277626218e-02,-2.539512752330396750e-01,5.487845642914062072e-01,1.082915583128310599e+00,0.000000000000000000e+00,0.000000000000000000e+00,0.000000000000000000e+00
3.372651133888666941e-02,1.491381903285826996e-02,9.005480416312562353e-01,2.044296640409561452e-02,-1.310693754015498404e-02,5.708099504965481463e-01,8.207230310689767050e-01,-1.488837481561416931e-02,9.588431836795295593e-02,2.091966487941452069e-01,1.686268603774847830e-01,-1.103871143735531135e-01,-3.555290489837566181e-02,-1.058669642703366776e-01,-1.764763332442759736e-01,-1.419984448324120296e-01,3.127994682509763202e-01,-1.459493907177658589e-01,1.048981446570003140e-01,-6.266686260856176027e-02,0.000000000000000000e+00,0.000000000000000000e+00,-2.370417396510236113e-02,1.970263929479285636e-01,-4.076949596530832221e-01,1.200287747151574047e+00,0.000000000000000000e+00,0.000000000000000000e+00,0.000000000000000000e+00,-6.024186072100135708e-02,-2.545989431583823848e-01,5.566060363034917025e-01,1.071165807307171702e+00,0.000000000000000000e+00,0.000000000000000000e+00,0.000000000000000000e+00
3.372651133888666941e-02,1.491381903285826996e-02,9.005480416312562353e-01,2.044296640409561452e-02,-1.310693754015498404e-02,5.708099504965481463e-01,8.207230310689767050e-01,-1.099811694924787524e-02,9.516293723918863023e-02,2.132811633132122853e-01,1.598916840865550748e-01,-1.071704245702057995e-01,-3.706360908734455950e-02,-1.046941204877496756e-01,-1.744191016619244250e-01,-1.380616302577923060e-01,3.027925488986373259e-01,-1.440778849193389277e-01,1.081675123719066656e-01,-6.373901079619190280e-02,0.000000000000000000e+00,0.000000000000000000e+00,-2.326745760496322368e-02,1.973865554965953950e-01,-4.072510072093656897e-01,1.196621296993168659e+00,0.000000000000000000e+00,0.000000000000000000e+00,0.000000000000000000e+00,-6.477982743922644504e-02,-2.552466110837250390e-01,5.644275083155770867e-01,1.059416031486032805e+00,0.000000000000000000e+00,0.000000000000000000e+00,0.000000000000000000e+00
